model,SC_mean,beta_1,p_1,beta_2,p_2,beta_3,p_3,beta_4,p_4
TRUE,23.285827288472525,1.5017361111111112,,1.5333333333333334,,1.5,,0.0,
OLS_cs,3.1791627171164762,5.4763145759370335,1.3058352878136419e-17,5.691087890222231,3.3899149450034245e-20,6.08658981638831,2.5733952713047155e-20,4.822828839427064,5.565811205619541e-14
OLS_pool,2.849623841156252,6.1438361175786325,8.435754153888141e-63,6.3448091539115,1.2229481585553658e-71,5.7878602707445985,1.01652036946261e-58,4.159591771166902,7.5475680269055176e-34
FE,23.2344190331813,1.5653081006977272,7.604726627621887e-171,1.5365350187160176,4.171834156882849e-163,1.55309883036339,1.279354607871031e-178,0.017239636961505475,0.6643957273618349
