metric,pooled_mgwr,mgwrfer
RMSE_beta_1,0.3944966084815983,0.17926988430298949
Corr_beta_1,0.45862365089647156,0.8178884645778296
RMSE_beta_2,0.0888480729368443,0.1050030451724121
Corr_beta_2,0.9504479966707561,0.9407055892837256
RMSE_beta_3,0.05778813548624579,0.07237491425460112
Corr_beta_3,,
RMSE_beta_4,0.2531315773571335,0.1399212238444648
Corr_beta_4,,
R_squared,0.9771074829174449,0.8899632445486648
AICc,-561.7716580105491,496.0921695897995
