Comparison,NTL Effect,NTL SE,NTL 90% CI,NTL Ground Truth,Conflict Effect,Conflict SE
1-0,0.23938905565845608,0.06964181074176912,"[0.125, 0.354]",0.25,0.06083899527054721,0.10439289824795865
2-0,0.26822506973300114,0.07817886612306067,"[0.140, 0.397]",0.3,0.07348119522413377,0.10547224369422162
3-0,0.46168719772104905,0.07996383845935628,"[0.330, 0.593]",0.55,0.14265111360024585,0.12160927397163135
2-1,0.028836014074545033,0.10118276598268913,"[-0.138, 0.195]",0.05,0.012642199953586555,0.14569030763592616
3-1,0.222298142062593,0.10235807670196752,"[0.054, 0.391]",0.3,0.08181211832969863,0.15709904121118742
3-2,0.193462127988048,0.10973239098872604,"[0.013, 0.374]",0.25,0.06916991837611207,0.15927718162274124
