Comparison,NTL Effect,NTL SE,NTL 90% CI,NTL Ground Truth,Conflict Effect,Conflict SE
1-0,0.23980074667985682,0.07017076544192782,"[0.124, 0.355]",0.25,0.062340249944576875,0.10444138488614202
2-0,0.2684190908348444,0.07909418980095781,"[0.138, 0.399]",0.3,0.07304163981008312,0.102502838830874
3-0,0.45978387772992985,0.08112650009604391,"[0.326, 0.593]",0.55,0.14286703243758567,0.11946500690185057
2-1,0.028618344154987596,0.10079991149917931,"[-0.137, 0.194]",0.05,0.010701389865506238,0.14413920799097743
3-1,0.21998313105007297,0.1013878934085127,"[0.053, 0.387]",0.3,0.08052678249300879,0.1616920347299505
3-2,0.19136478689508538,0.10920969285290841,"[0.012, 0.371]",0.25,0.06982539262750254,0.15648373755772785
