Comparison,NTL Effect,NTL SE,NTL 90% CI Lo,NTL 90% CI Hi,NTL Ground Truth
1-0,0.23980410447796596,0.07014910515204843,0.12441909444121885,0.355189114514713,0.25
2-0,0.26842176383918814,0.07909217421337142,0.13832671422084641,0.3985168134575298,0.3
3-0,0.4597920033161651,0.08109759300690272,0.32639833332172674,0.5931856733106033,0.55
2-1,0.02861765936122221,0.10077365717401747,-0.13714025614262473,0.1943755748650691,0.05
3-1,0.2199878988381991,0.10134983163734951,0.05328226067858363,0.3866935369978145,0.3
3-2,0.19137023947697693,0.10925827623368603,0.011656367539532558,0.3710841114144212,0.25
