term,estimate,se_naive,se_clustered,se_conley,se_hac,t_hac
treatment,0.215211,0.032929,0.079204,0.034574,0.079902,2.693448
t_urb,0.076375,0.003792,0.008091,0.004069,0.008225,9.286246
t_emp,-0.0084,0.005828,0.010834,0.005663,0.010746,-0.78169
t_popdens,0.000462,0.000404,0.000684,0.000395,0.000679,0.680175
t_christian,-0.012327,0.003079,0.005735,0.003023,0.005704,-2.160988
t_amharic,-0.002195,0.003055,0.005975,0.00303,0.005963,-0.368117
