year,Control (never-treated),Treated (park)
2005,0.06304,0.00054
2006,0.02712,0.01408
2007,-0.09016,-0.01462
2008,-0.00298,-0.00177
2009,-0.08436,0.03181
2010,-0.05039,0.01588
2011,-0.0043,0.0222
2012,-0.02637,0.00964
2013,-0.10107,0.02578
2014,-0.03581,0.08285
2015,-0.02162,0.14019
2016,-0.00749,0.18583
2017,-0.06209,0.24439
2018,-0.02176,0.22533
2019,-0.05795,0.23544
2020,-0.00233,0.2372
