sample,estimate,se,t,stars,n_obs
Full sample,0.0911,0.05801,1.57028,,17219
Women,0.14045,0.04683,2.9993,***,11055
Men,0.01762,0.09336,0.18868,,6164
