event_phase,estimate,se,p_value
-3,-0.076557,0.061486,0.215198
-2,-0.054297,0.046042,0.240312
-1,0.0,0.0,
0,0.131145,0.051942,0.012706
1,0.041881,0.081498,0.608149
