event_phase,estimate,se,p_value
-3,-0.019664,0.048207,0.683975
-2,0.023555,0.032932,0.475659
-1,0.0,0.0,
0,0.260567,0.039849,0.0
1,0.151251,0.038653,0.000143
