estimator,estimate,se,true_te
first_differences,0.3096663229907998,0.02581017393393918,0.3
two_way_FE,0.30966632299080127,0.025810173933939248,0.3
