cutoff_km,recovery_se_hac
0,0.02445
25,0.02445
50,0.02443
100,0.0244
150,0.02416
200,0.02383
300,0.02337
