coefficient,estimate,SE_naive,SE_clustered,SE_Conley,SE_ConleyHAC,morans_i,morans_p
Pre-tsunami (2003-04),0.0172,0.01437,0.01587,0.0144,0.0159,0.0655,0.0033
Tsunami (2005),-0.07917,0.02361,0.02583,0.02157,0.02397,0.0655,0.0033
Recovery (2006-08),0.06283,0.01455,0.02445,0.01447,0.0244,0.0655,0.0033
Post-recovery (2009-12),0.01141,0.0109,0.01478,0.01059,0.01455,0.0655,0.0033
