period,effect,se,p_value
baseline,0.0,0.0,
pre,0.017196,0.016006,0.2829
tsunami,-0.079175,0.026038,0.002412
recovery,0.062823,0.02465,0.010942
postrec,0.011407,0.014902,0.444159
