method,estimand,estimate,std_error,principled_inference,ci_low,ci_high
Naive pre-post,Descriptive (biased),-27.019999694824218,5.295057947686953,"HAC 95% CI: [-37.4, -16.6]",-37.39831327229064,-16.641686117357793
DiD (CA vs Nevada),"ATT (CA, 1989-1993)",-5.679998779296874,5.392882085386058,"HAC 95% CI: [-16.3, 4.9]",-16.25004766665355,4.890050108059802
ITS (growth curve),Mean post-period gap,-28.27868468635946,1.724257124244341,Linear-trend 95% prediction interval (no closed-form ATT SE),-31.658228649878367,-24.89914072284055
ITS (ARIMA),Mean post-period gap,4.548926512170031,2.343885615252731,"ARIMA 95% forecast-band average: [-29.1, 38.2]",-0.04508929372532222,9.142942318065383
RDD on time,Level jump at 1989,-20.05809661412209,5.585379153473603,"HAC 95% CI: [-31, -9.1]",-31.00543975493035,-9.110753473313826
Synthetic Control,"ATT (CA, 1989-2000)",-18.719475821017078,1.8153792386798122,Fisher exact p = 0.026 (MSPE-ratio rank 1/39),-22.27761912882951,-15.161332513204645
CausalImpact,"ATT (CA, 1989-2000)",-12.822791071917358,9.597295686430545,"Posterior 95% CrI: [-31.9, 5.7]; P(effect ≠ 0) = 92%",-31.633490617321225,5.98790847348651
