variable,California,synthetic_California,donor_sample
age15to24,0.1735323816537857,0.1738544022706035,0.17251011402460567
lnincome,10.07655864291721,9.859120611246325,9.829196815602263
retprice,89.42222340901692,89.31844220026696,87.26608191596137
beer,24.280000305175783,24.09549633474535,23.65526318299143
cigsale_1975,127.0999984741211,126.89683671369701,136.93157898752312
cigsale_1980,120.19999694824219,120.2482841107727,138.08947372436523
cigsale_1988,90.0999984741211,91.43177703998887,113.82368368851512
