variable,weight
age15to24,0.003366973309681333
lnincome,5.834245432348653e-4
retprice,0.031174117063093667
beer,0.012432306853984844
cigsale_1975,0.4925227702448089
cigsale_1980,0.39174514137400523
cigsale_1988,0.06817526661119123
