prepost,n,mean_cigsale,sd_cigsale
Pre,19,116.21052631578948,11.683030910431663
Post,12,60.350000063578285,12.082783337009511
