variable,label,feols_TWFE,manual_OLS,difference
ln_y_initial,Log Initial Income,-0.05528600981900757,-0.055286009819007526,-4.163336342344337e-17
log_s_k,Log Investment Share,0.01972489941636428,0.019724899416364277,3.469446951953614e-18
log_n_gd,Log(n + g + d),-0.049613972524140036,-0.04961397252413976,-2.7755575615628914e-16
log_hcap,Log Human Capital,0.00908115062146889,0.009081150621468855,3.469446951953614e-17
gov_cons,Gov. Consumption Share,-0.10279531742607471,-0.10279531742607441,-3.0531133177191805e-16
