time,growth,ln_y_initial,log_s_k,log_n_gd,log_hcap,gov_cons
1,-0.1894973123610187,7.955222026600339,-1.587301660901756,-2.6569087724873204,0.6575546804581787,0.14641515238503686
2,-0.16560734681842815,7.007735464795245,-1.573986020889009,-2.6597271319484275,0.6621838940185174,0.14635269927180422
3,-0.1397660044795017,6.179698730703104,-1.5654540437881574,-2.6556843180091994,0.6626069506694148,0.14745175613583578
4,-0.12671016280263556,5.4808687083055965,-1.5620238772962043,-2.6554973629484437,0.6680519023653625,0.1470750098073333
5,-0.11043831649883658,4.847317894292418,-1.5710491678042613,-2.658458660806997,0.668386931483972,0.14708140595190716
6,-0.10121172214842511,4.295126311798235,-1.5698621821970895,-2.6546367377623965,0.66906252219821,0.14598489216805383
7,-0.08592055480289082,3.7890677010561102,-1.5644856091185493,-2.6566438690093803,0.666190530432137,0.14447692011214197
8,-0.07575801286356496,3.359464927041656,-1.5651312682762248,-2.657660162543485,0.6624883502959013,0.1442302065800128
