variable,label,coefficient,std_error,t_value,p_value
ln_y_initial,Log Initial Income,-0.05528600981900757,0.0037443566130163,-14.765156082307938,5.749936246013499e-31
log_s_k,Log Investment Share,0.01972489941636428,0.007582677453346835,2.6013106238164094,0.010223271516737242
log_n_gd,Log(n + g + d),-0.049613972524140036,0.02216773289117336,-2.2381166701938695,0.02669627727234315
log_hcap,Log Human Capital,0.00908115062146889,0.014563653533040323,0.6235489330247134,0.533877237989266
gov_cons,Gov. Consumption Share,-0.10279531742607471,0.04639822282702499,-2.215501180062457,0.028242633874463834
