geocode,year,div,dist,pop,emp,pop_agr,pop_ind,pop_serv,density,pop91,rainm,rainsd,surban,prop_elec,jamuna_m,padma_m,treat,smp1,treatd,mdist,lmdist,lpop91,lrainm,lrainsd,p,ipw1,ipw2,ipw3,ipw4,ldensity,sind,sserv,sagr,lagr,lpop91_t,lmdist_t,post,sr,lr,treat_post,treat_sr,treat_lr,band,dm_near,sr_near,lr_near,tsr_near,tlr_near,dm_mid,sr_mid,lr_mid,tsr_mid,tlr_mid,dm_far,sr_far,lr_far,tsr_far,tlr_far
10409,1,1.0,4.0,244420.0,56040.0,46840.0,140.0,9060.0,455.4297,244420.0,66.505486,56.547085,0.049832255,0.019743979,260636.16,148376.4,0,0.0,0.0,148.3764,5.0064692,12.406643335991992,4.197284,4.0350738,0.5979981426716464,1.5117385122192928,1.5159218998939592,1.5117385122192928,1.5159218998939592,6.1212416,0.0024982155603140615,0.16167023554603854,0.8358315488936474,10.754492817711654,12.406643335991992,5.0064692,0,0,0,0.0,0.0,0.0,far,0.0,0.0,0.0,0.0,0.0,0.0,0.0,0.0,0.0,0.0,1.0,0.0,0.0,0.0,0.0
10409,2,1.0,4.0,258360.0,62110.0,51870.0,150.0,10090.0,481.4042,244420.0,57.439983,56.115414,0.06645766,0.0984779,260636.16,148376.4,0,0.0,0.0,148.3764,5.0064692,12.406643335991992,4.0507407,4.0274105,0.5979981426716464,1.5117385122192928,1.5159218998939592,1.5117385122192928,1.5159218998939592,6.1767073,0.002415070037031074,0.16245371115762358,0.8351312188053454,10.856495867345446,24.813286671983985,10.0129385,1,1,0,0.0,0.0,0.0,far,0.0,0.0,0.0,0.0,0.0,0.0,0.0,0.0,0.0,0.0,1.0,1.0,0.0,0.0,0.0
10409,3,1.0,4.0,269300.0,73480.0,53000.0,3640.0,16840.0,501.7888,244420.0,54.52502,57.833355,0.081099145,0.22303069,260636.16,148376.4,0,0.0,0.0,148.3764,5.0064692,12.406643335991992,3.9986596,4.0575657,0.5979981426716464,1.5117385122192928,1.5159218998939592,1.5117385122192928,1.5159218998939592,6.218179,0.04953728905824714,0.2291780076211214,0.7212847033206314,10.87804719253426,37.219930007975975,15.019407,1,0,1,0.0,0.0,0.0,far,0.0,0.0,0.0,0.0,0.0,0.0,0.0,0.0,0.0,0.0,1.0,0.0,1.0,0.0,0.0
10419,1,1.0,4.0,65850.0,14190.0,11490.0,130.0,2570.0,774.2504,65850.0,66.314476,55.478577,0.09172361,0.013953488,237144.56,128130.87,0,0.0,0.0,128.13087,4.8608265,11.095134707171427,4.1944084,4.015997,0.46612882647588905,0.8873079882937307,1.0340857781992394,0.8873079882937307,1.0340857781992394,6.6518955,0.009161381254404511,0.18111346018322763,0.8097251585623678,9.3492323708428,11.095134707171427,4.8608265,0,0,0,0.0,0.0,0.0,mid,0.0,0.0,0.0,0.0,0.0,1.0,0.0,0.0,0.0,0.0,0.0,0.0,0.0,0.0,0.0
10419,2,1.0,4.0,69770.0,15730.0,12780.0,80.0,2870.0,820.34094,65850.0,57.215725,55.70329,0.10204959,0.06851972,237144.56,128130.87,0,0.0,0.0,128.13087,4.8608265,11.095134707171427,4.0468287,4.020039,0.46612882647588905,0.8873079882937307,1.0340857781992394,0.8873079882937307,1.0340857781992394,6.70972,0.0050858232676414495,0.182453909726637,0.8124602670057216,9.455636727931525,22.190269414342854,9.721653,1,1,0,0.0,0.0,0.0,mid,0.0,0.0,0.0,0.0,0.0,1.0,1.0,0.0,0.0,0.0,0.0,0.0,0.0,0.0,0.0
10419,3,1.0,4.0,77140.0,22120.0,13160.0,3100.0,5860.0,906.99585,65850.0,54.23165,57.499096,0.09800363,0.29068577,237144.56,128130.87,0,0.0,0.0,128.13087,4.8608265,11.095134707171427,3.9932647,4.0517693,0.46612882647588905,0.8873079882937307,1.0340857781992394,0.8873079882937307,1.0340857781992394,6.8101377,0.14014466546112117,0.26491862567811936,0.5949367088607594,9.484937204879309,33.28540412151428,14.5824795,1,0,1,0.0,0.0,0.0,mid,0.0,0.0,0.0,0.0,0.0,1.0,0.0,1.0,0.0,0.0,0.0,0.0,0.0,0.0,0.0
10428,1,1.0,4.0,220400.0,49590.0,34790.0,280.0,14520.0,697.04926,220400.0,66.314476,55.478577,0.10181488,0.056235295,253781.38,143560.8,0,0.0,0.0,143.56079,4.9737,12.303199356260896,4.1944084,4.015997,0.5839947831112922,1.426642285118163,1.4608640412898577,1.426642285118163,1.4608640412898577,6.546856,0.0056462996571889496,0.2928009679370841,0.7015527324057269,10.457085268145988,12.303199356260896,4.9737,0,0,0,0.0,0.0,0.0,far,0.0,0.0,0.0,0.0,0.0,0.0,0.0,0.0,0.0,0.0,1.0,0.0,0.0,0.0,0.0
10428,2,1.0,4.0,238850.0,53120.0,37360.0,490.0,15270.0,755.4002,220400.0,57.215725,55.70329,0.11542809,0.17385419,253781.38,143560.8,0,0.0,0.0,143.56079,4.9737,12.303199356260896,4.0468287,4.020039,0.5839947831112922,1.426642285118163,1.4608640412898577,1.426642285118163,1.4608640412898577,6.627248,0.009224397590361446,0.28746234939759036,0.7033132530120482,10.528355892342779,24.60639871252179,9.9474,1,1,0,0.0,0.0,0.0,far,0.0,0.0,0.0,0.0,0.0,0.0,0.0,0.0,0.0,0.0,1.0,1.0,0.0,0.0,0.0
10428,3,1.0,4.0,263080.0,68420.0,38480.0,4260.0,25680.0,832.0314,220400.0,54.23165,57.499096,0.124448836,0.32869512,253781.38,143560.8,0,0.0,0.0,143.56079,4.9737,12.303199356260896,3.9932647,4.0517693,0.5839947831112922,1.426642285118163,1.4608640412898577,1.426642285118163,1.4608640412898577,6.7238703,0.06226249634609763,0.37532885121309556,0.5624086524408067,10.557893904779643,36.909598068782685,14.921101,1,0,1,0.0,0.0,0.0,far,0.0,0.0,0.0,0.0,0.0,0.0,0.0,0.0,0.0,0.0,1.0,0.0,1.0,0.0,0.0
10447,1,1.0,4.0,108350.0,22870.0,16910.0,190.0,5770.0,724.60376,108350.0,66.314476,55.478577,0.086479,0.021621622,230616.36,119056.375,0,0.0,0.0,119.05637,4.7879615,11.593122006964505,4.1944084,4.015997,0.49270136096861133,0.9870177577610694,1.1143394649400618,0.9870177577610694,1.1143394649400618,6.585625,0.008307826847398338,0.25229558373414956,0.7393965894184521,9.735660441892627,11.593122006964505,4.7879615,0,0,0,0.0,0.0,0.0,mid,0.0,0.0,0.0,0.0,0.0,1.0,0.0,0.0,0.0,0.0,0.0,0.0,0.0,0.0,0.0
10447,2,1.0,4.0,119570.0,26660.0,20460.0,240.0,5960.0,799.63885,108350.0,57.215725,55.70329,0.09233085,0.18809524,230616.36,119056.375,0,0.0,0.0,119.05637,4.7879615,11.593122006964505,4.0468287,4.020039,0.49270136096861133,0.9870177577610694,1.1143394649400618,0.9870177577610694,1.1143394649400618,6.68416,0.00900225056264066,0.22355588897224307,0.7674418604651163,9.926227039505617,23.18624401392901,9.575923,1,1,0,0.0,0.0,0.0,mid,0.0,0.0,0.0,0.0,0.0,1.0,1.0,0.0,0.0,0.0,0.0,0.0,0.0,0.0,0.0
10447,3,1.0,4.0,118260.0,28200.0,17620.0,2140.0,8440.0,790.8781,108350.0,54.23165,57.499096,0.10722138,0.33954155,230616.36,119056.375,0,0.0,0.0,119.05637,4.7879615,11.593122006964505,3.9932647,4.0517693,0.49270136096861133,0.9870177577610694,1.1143394649400618,0.9870177577610694,1.1143394649400618,6.673144,0.07588652482269503,0.29929078014184396,0.624822695035461,9.77678989949017,34.77936602089351,14.363884,1,0,1,0.0,0.0,0.0,mid,0.0,0.0,0.0,0.0,0.0,1.0,0.0,1.0,0.0,0.0,0.0,0.0,0.0,0.0,0.0
10485,1,1.0,4.0,135050.0,28960.0,20870.0,230.0,7860.0,567.41315,135050.0,58.199287,48.30112,0.11766013,0.014274691,256797.34,150101.73,0,0.0,0.0,150.10173,5.0179534,11.813400359220761,4.0638733,3.8774548,0.553285494879776,1.258705505522628,1.35996293198774,1.258705505522628,1.35996293198774,6.341088,0.007941988950276244,0.27140883977900554,0.7206491712707183,9.946068000071246,11.813400359220761,5.0179534,0,0,0,0.0,0.0,0.0,far,0.0,0.0,0.0,0.0,0.0,0.0,0.0,0.0,0.0,0.0,1.0,0.0,0.0,0.0,0.0
10485,2,1.0,4.0,162590.0,33470.0,24040.0,170.0,9260.0,683.12256,135050.0,48.913654,47.27513,0.15179285,0.06706793,256797.34,150101.73,0,0.0,0.0,150.10173,5.0179534,11.813400359220761,3.8900566,3.8559844,0.553285494879776,1.258705505522628,1.35996293198774,1.258705505522628,1.35996293198774,6.5266743,0.005079175380938153,0.2766656707499253,0.7182551538691365,10.087474388649143,23.626800718441523,10.035907,1,1,0,0.0,0.0,0.0,far,0.0,0.0,0.0,0.0,0.0,0.0,0.0,0.0,0.0,0.0,1.0,1.0,0.0,0.0,0.0
10485,3,1.0,4.0,162560.0,46080.0,30180.0,4040.0,11860.0,682.9965,135050.0,46.31549,50.137775,0.17310531,0.312761,256797.34,150101.73,0,0.0,0.0,150.10173,5.0179534,11.813400359220761,3.8354764,3.9147747,0.553285494879776,1.258705505522628,1.35996293198774,1.258705505522628,1.35996293198774,6.5264897,0.0876736111111111,0.2573784722222222,0.6549479166666666,10.31493473232184,35.44020107766228,15.05386,1,0,1,0.0,0.0,0.0,far,0.0,0.0,0.0,0.0,0.0,0.0,0.0,0.0,0.0,0.0,1.0,0.0,1.0,0.0,0.0
10602,1,1.0,6.0,147780.0,34430.0,24600.0,820.0,9010.0,952.98895,147780.0,62.817764,48.3937,0.053322505,0.06217448,163707.16,51718.42,0,0.0,0.0,51.718422,3.9649649,11.903479960342638,4.140238,3.8793697,0.3672187874101266,0.5897612273859716,0.5412612171023978,0.5897612273859716,0.5412612171023978,6.8596034,0.02381643915190241,0.26169038629102526,0.7144931745570723,10.110501721920453,11.903479960342638,3.9649649,0,0,0,0.0,0.0,0.0,near,1.0,0.0,0.0,0.0,0.0,0.0,0.0,0.0,0.0,0.0,0.0,0.0,0.0,0.0,0.0
10602,2,1.0,6.0,155000.0,35100.0,25530.0,610.0,8960.0,999.5485,147780.0,56.302826,53.837715,0.06696774,0.26420453,163707.16,51718.42,0,0.0,0.0,51.718422,3.9649649,11.903479960342638,4.0307446,3.9859743,0.3672187874101266,0.5897612273859716,0.5412612171023978,0.5897612273859716,0.5412612171023978,6.907304,0.017378917378917377,0.2552706552706553,0.7273504273504273,10.14760951023553,23.806959920685276,7.9299297,1,1,0,0.0,0.0,0.0,near,1.0,1.0,0.0,0.0,0.0,0.0,0.0,0.0,0.0,0.0,0.0,0.0,0.0,0.0,0.0
10602,3,1.0,6.0,148820.0,38580.0,24700.0,2960.0,10920.0,959.69556,147780.0,52.439507,55.0378,0.066254534,0.47990257,163707.16,51718.42,0,0.0,0.0,51.718422,3.9649649,11.903479960342638,3.9596603,4.0080204,0.3672187874101266,0.5897612273859716,0.5412612171023978,0.5897612273859716,0.5412612171023978,6.8666162,0.0767236910316226,0.28304821150855364,0.6402280974598238,10.114558522616068,35.710439881027916,11.894895,1,0,1,0.0,0.0,0.0,near,1.0,0.0,1.0,0.0,0.0,0.0,0.0,0.0,0.0,0.0,0.0,0.0,0.0,0.0,0.0
10603,1,1.0,6.0,134660.0,26060.0,19770.0,380.0,5910.0,793.5647,134660.0,63.743793,49.487793,0.035422545,0.0977918,185040.22,68386.05,0,0.0,0.0,68.38605,4.239686,11.810508362099272,4.154872,3.901726,0.4088234201652193,0.7027865609435551,0.7355169360186293,0.7027865609435551,0.7355169360186293,6.676535,0.014581734458940905,0.22678434382194934,0.7586339217191097,9.891920916164663,11.810508362099272,4.239686,0,0,0,0.0,0.0,0.0,near,1.0,0.0,0.0,0.0,0.0,0.0,0.0,0.0,0.0,0.0,0.0,0.0,0.0,0.0,0.0
10603,2,1.0,6.0,146260.0,27600.0,19330.0,360.0,7910.0,861.9247,134660.0,56.435066,54.0984,0.05893614,0.4035433,185040.22,68386.05,0,0.0,0.0,68.38605,4.239686,11.810508362099272,4.0330906,3.9908047,0.4088234201652193,0.7027865609435551,0.7355169360186293,0.7027865609435551,0.7355169360186293,6.7591677,0.013043478260869565,0.2865942028985507,0.7003623188405798,9.869413572202376,23.621016724198544,8.479372,1,1,0,0.0,0.0,0.0,near,1.0,1.0,0.0,0.0,0.0,0.0,0.0,0.0,0.0,0.0,0.0,0.0,0.0,0.0,0.0
10603,3,1.0,6.0,139000.0,34280.0,17720.0,3440.0,13120.0,819.14075,134660.0,52.85891,55.742012,0.0676259,0.62752527,185040.22,68386.05,0,0.0,0.0,68.38605,4.239686,11.810508362099272,3.9676263,4.0207343,0.4088234201652193,0.7027865609435551,0.7355169360186293,0.7027865609435551,0.7355169360186293,6.708256,0.10035005834305717,0.38273045507584597,0.5169194865810969,9.782449224159071,35.43152508629782,12.719058,1,0,1,0.0,0.0,0.0,near,1.0,0.0,1.0,0.0,0.0,0.0,0.0,0.0,0.0,0.0,0.0,0.0,0.0,0.0,0.0
10607,1,1.0,6.0,335790.0,59680.0,37130.0,1900.0,20650.0,920.0734,335790.0,64.82352,51.378002,0.04607046,0.015099088,214123.53,97637.04,0,0.0,0.0,97.63704,4.591447,12.724241243551424,4.1716685,3.9392102,0.5472367338802661,1.228312749223059,1.2717770143258265,1.228312749223059,1.2717770143258265,6.8244534,0.03183646112600536,0.34601206434316356,0.6221514745308311,10.522180547171125,12.724241243551424,4.591447,0,0,0,0.0,0.0,0.0,mid,0.0,0.0,0.0,0.0,0.0,1.0,0.0,0.0,0.0,0.0,0.0,0.0,0.0,0.0,0.0
10607,2,1.0,6.0,355160.0,62530.0,40570.0,1170.0,20790.0,973.14777,335790.0,57.20367,55.08892,0.057269964,0.25267342,214123.53,97637.04,0,0.0,0.0,97.63704,4.591447,12.724241243551424,4.046618,4.008949,0.5472367338802661,1.228312749223059,1.2717770143258265,1.228312749223059,1.2717770143258265,6.880536,0.018711018711018712,0.33248040940348633,0.648808571885495,10.610784156200493,25.448482487102847,9.182894,1,1,0,0.0,0.0,0.0,mid,0.0,0.0,0.0,0.0,0.0,1.0,1.0,0.0,0.0,0.0,0.0,0.0,0.0,0.0,0.0
10607,3,1.0,6.0,312060.0,72360.0,36540.0,8160.0,27660.0,855.0526,335790.0,53.822357,56.91952,0.064410694,0.45848477,214123.53,97637.04,0,0.0,0.0,97.63704,4.591447,12.724241243551424,3.985689,4.0416384,0.5472367338802661,1.228312749223059,1.2717770143258265,1.228312749223059,1.2717770143258265,6.751163,0.11276948590381426,0.38225538971807627,0.5049751243781094,10.506162829931998,38.17272373065427,13.774341,1,0,1,0.0,0.0,0.0,mid,0.0,0.0,0.0,0.0,0.0,1.0,0.0,1.0,0.0,0.0,0.0,0.0,0.0,0.0,0.0
10610,1,1.0,6.0,143760.0,28630.0,15990.0,440.0,12200.0,1119.8005,143760.0,63.743793,49.487793,0.09752365,0.06422704,179855.48,68563.28,0,0.0,0.0,68.56328,4.2422366,11.87590052145744,4.154872,3.901726,0.4144044574242226,0.7191699913430989,0.7557662462377697,0.7191699913430989,0.7557662462377697,7.020906,0.015368494586098498,0.42612644079636747,0.558505064617534,9.679718805828,11.87590052145744,4.2422366,0,0,0,0.0,0.0,0.0,near,1.0,0.0,0.0,0.0,0.0,0.0,0.0,0.0,0.0,0.0,0.0,0.0,0.0,0.0,0.0
10610,2,1.0,6.0,152500.0,29800.0,18140.0,500.0,11160.0,1187.8796,143760.0,56.435066,54.0984,0.09895082,0.25510836,179855.48,68563.28,0,0.0,0.0,68.56328,4.2422366,11.87590052145744,4.0330906,3.9908047,0.4144044574242226,0.7191699913430989,0.7557662462377697,0.7191699913430989,0.7557662462377697,7.079925,0.016778523489932886,0.374496644295302,0.6087248322147651,9.805874723669127,23.75180104291488,8.484473,1,1,0,0.0,0.0,0.0,near,1.0,1.0,0.0,0.0,0.0,0.0,0.0,0.0,0.0,0.0,0.0,0.0,0.0,0.0,0.0
10610,3,1.0,6.0,148520.0,40660.0,21220.0,3320.0,16120.0,1156.8779,143760.0,52.85891,55.742012,0.10853757,0.45918366,179855.48,68563.28,0,0.0,0.0,68.56328,4.2422366,11.87590052145744,3.9676263,4.0207343,0.4144044574242226,0.7191699913430989,0.7557662462377697,0.7191699913430989,0.7557662462377697,7.05348,0.08165272995573045,0.396458435809149,0.5218888342351206,9.962699412167973,35.62770156437232,12.726709,1,0,1,0.0,0.0,0.0,near,1.0,0.0,1.0,0.0,0.0,0.0,0.0,0.0,0.0,0.0,0.0,0.0,0.0,0.0,0.0
10632,1,1.0,6.0,171150.0,36770.0,25990.0,960.0,9820.0,1183.6919,171150.0,62.35475,47.86212,0.17020158,0.10918817,165449.67,49988.82,0,0.0,0.0,49.98882,3.9316063,12.050295643958332,4.1328397,3.8683245,0.3724666647708067,0.6031919135665004,0.5554044686558903,0.6031919135665004,0.5554044686558903,7.0763936,0.026108240413380474,0.2670655425618711,0.7068262170247485,10.165467127635536,12.050295643958332,3.9316063,0,0,0,0.0,0.0,0.0,near,1.0,0.0,0.0,0.0,0.0,0.0,0.0,0.0,0.0,0.0,0.0,0.0,0.0,0.0,0.0
10632,2,1.0,6.0,180550.0,38070.0,25430.0,700.0,11940.0,1248.7032,171150.0,56.236702,53.716114,0.2113542,0.33866242,165449.67,49988.82,0,0.0,0.0,49.98882,3.9316063,12.050295643958332,4.0295696,3.9837132,0.3724666647708067,0.6031919135665004,0.5554044686558903,0.6031919135665004,0.5554044686558903,7.129861,0.018387181507748884,0.3136327817178881,0.667980036774363,10.143684858416165,24.100591287916664,7.8632126,1,1,0,0.0,0.0,0.0,near,1.0,1.0,0.0,0.0,0.0,0.0,0.0,0.0,0.0,0.0,0.0,0.0,0.0,0.0,0.0
10632,3,1.0,6.0,189180.0,48200.0,28580.0,5880.0,13740.0,1308.3893,171150.0,52.229805,54.68747,0.21619621,0.5919153,165449.67,49988.82,0,0.0,0.0,49.98882,3.9316063,12.050295643958332,3.9556534,4.0016346,0.3724666647708067,0.6031919135665004,0.5554044686558903,0.6031919135665004,0.5554044686558903,7.1765523,0.12199170124481327,0.2850622406639004,0.5929460580912863,10.260462451483859,36.15088693187499,11.794819,1,0,1,0.0,0.0,0.0,near,1.0,0.0,1.0,0.0,0.0,0.0,0.0,0.0,0.0,0.0,0.0,0.0,0.0,0.0,0.0
10636,1,1.0,6.0,167340.0,39550.0,33900.0,140.0,5510.0,6116.228,167340.0,63.13578,49.42469,0.060356162,0.014214876,166062.22,47966.0,0,0.0,0.0,47.966,3.8911262,12.02778294984959,4.1452875,3.9004502,0.36373484061644795,0.580967263124833,0.5166993120768888,0.580967263124833,0.5166993120768888,8.7187,0.0035398230088495575,0.1393173198482933,0.8571428571428571,10.431170293368542,12.02778294984959,3.8911262,0,0,0,0.0,0.0,0.0,near,1.0,0.0,0.0,0.0,0.0,0.0,0.0,0.0,0.0,0.0,0.0,0.0,0.0,0.0,0.0
10636,2,1.0,6.0,175280.0,37500.0,31490.0,370.0,5640.0,6406.4326,167340.0,58.732224,56.440853,0.07673437,0.1704049,176495.69,58444.78,0,0.0,0.0,58.444782,4.0850477,12.02778294984959,4.0729885,4.033193,0.36373484061644795,0.580967263124833,0.5166993120768888,0.580967263124833,0.5166993120768888,8.765058,0.009866666666666666,0.1504,0.8397333333333333,10.357425314095071,24.05556589969918,8.170095,1,1,0,0.0,0.0,0.0,near,1.0,1.0,0.0,0.0,0.0,0.0,0.0,0.0,0.0,0.0,0.0,0.0,0.0,0.0,0.0
10636,3,1.0,6.0,145540.0,37520.0,29420.0,3120.0,4980.0,5319.4443,167340.0,54.56846,57.18166,0.09523155,0.41322854,166062.22,47966.0,0,0.0,0.0,47.966,3.8911262,12.02778294984959,3.999456,4.046233,0.36373484061644795,0.580967263124833,0.5166993120768888,0.580967263124833,0.5166993120768888,8.579124,0.08315565031982942,0.13272921108742003,0.7841151385927505,10.289429994155428,36.08334884954877,11.673378,1,0,1,0.0,0.0,0.0,near,1.0,0.0,1.0,0.0,0.0,0.0,0.0,0.0,0.0,0.0,0.0,0.0,0.0,0.0,0.0
10651,1,1.0,6.0,413890.0,67330.0,25380.0,3170.0,38780.0,1763.4102,413890.0,64.68644,50.73572,0.49353692,0.35806933,201149.45,83417.125,0,0.0,0.0,83.41712,4.43577,12.933355517019733,4.1695514,3.9266303,0.5351219090136256,1.1698186875445138,1.2052484492101803,1.1698186875445138,1.2052484492101803,7.4750047,0.04708153869003416,0.5759691073815535,0.3769493539284123,10.141716741268379,12.933355517019733,4.43577,0,0,0,0.0,0.0,0.0,near,1.0,0.0,0.0,0.0,0.0,0.0,0.0,0.0,0.0,0.0,0.0,0.0,0.0,0.0,0.0
10651,2,1.0,6.0,464900.0,78800.0,30060.0,3610.0,45130.0,1980.7422,413890.0,57.455856,55.238537,0.5079372,0.63222784,201149.45,83417.125,0,0.0,0.0,83.41712,4.43577,12.933355517019733,4.051017,4.011661,0.5351219090136256,1.1698186875445138,1.2052484492101803,1.1698186875445138,1.2052484492101803,7.591227,0.04581218274111675,0.5727157360406091,0.38147208121827414,10.310950663306965,25.866711034039465,8.87154,1,1,0,0.0,0.0,0.0,near,1.0,1.0,0.0,0.0,0.0,0.0,0.0,0.0,0.0,0.0,0.0,0.0,0.0,0.0,0.0
10651,3,1.0,6.0,515940.0,150360.0,26700.0,20760.0,102900.0,2198.202,413890.0,54.007072,57.13152,0.64104354,0.8084232,201149.45,83417.125,0,0.0,0.0,83.41712,4.43577,12.933355517019733,3.989115,4.045356,0.5351219090136256,1.1698186875445138,1.2052484492101803,1.1698186875445138,1.2052484492101803,7.695395,0.1380686352753392,0.6843575418994413,0.17757382282521947,10.19241884438834,38.800066551059196,13.30731,1,0,1,0.0,0.0,0.0,near,1.0,0.0,1.0,0.0,0.0,0.0,0.0,0.0,0.0,0.0,0.0,0.0,0.0,0.0,0.0
10662,1,1.0,6.0,293300.0,57300.0,44150.0,330.0,12820.0,1234.7914,293300.0,68.457016,55.880264,0.09682918,0.009023642,183819.02,65592.875,0,0.0,0.0,65.59287,4.1985974,12.588951254965542,4.226206,4.0232115,0.4630865085079683,0.8765217821722617,0.9193137584625535,0.8765217821722617,0.9193137584625535,7.118657,0.005759162303664921,0.2237347294938918,0.7705061082024433,10.695348206032106,12.588951254965542,4.1985974,0,0,0,0.0,0.0,0.0,near,1.0,0.0,0.0,0.0,0.0,0.0,0.0,0.0,0.0,0.0,0.0,0.0,0.0,0.0,0.0
10662,2,1.0,6.0,302630.0,55160.0,41380.0,680.0,13100.0,1274.0707,293300.0,61.53902,59.860214,0.108746655,0.052676294,183819.02,65592.875,0,0.0,0.0,65.59287,4.1985974,12.588951254965542,4.1196713,4.092012,0.4630865085079683,0.8765217821722617,0.9193137584625535,0.8765217821722617,0.9193137584625535,7.1499724,0.012327773749093546,0.2374909354604786,0.7501812907904278,10.630552951299533,25.177902509931084,8.397195,1,1,0,0.0,0.0,0.0,near,1.0,1.0,0.0,0.0,0.0,0.0,0.0,0.0,0.0,0.0,0.0,0.0,0.0,0.0,0.0
10662,3,1.0,6.0,300460.0,75820.0,56560.0,5420.0,13840.0,1264.9349,293300.0,58.599735,62.743423,0.10909938,0.26425505,183819.02,65592.875,0,0.0,0.0,65.59287,4.1985974,12.588951254965542,4.07073,4.139054,0.4630865085079683,0.8765217821722617,0.9193137584625535,0.8765217821722617,0.9193137584625535,7.142776,0.07148509628066473,0.18253758902664205,0.7459773146926932,10.943057300570455,37.766853764896624,12.595793,1,0,1,0.0,0.0,0.0,near,1.0,0.0,1.0,0.0,0.0,0.0,0.0,0.0,0.0,0.0,0.0,0.0,0.0,0.0,0.0
10669,1,1.0,6.0,170130.0,34240.0,28720.0,480.0,5040.0,1154.5979,170130.0,67.291176,54.542416,0.0578969,0.017463235,192162.38,73981.68,0,0.0,0.0,73.98168,4.317244,12.044318129676183,4.209029,3.9989786,0.4414524186540945,0.803209111892039,0.862759369933977,0.803209111892039,0.862759369933977,7.0515075,0.014018691588785047,0.14719626168224298,0.8387850467289719,10.26534902316216,12.044318129676183,4.317244,0,0,0,0.0,0.0,0.0,near,1.0,0.0,0.0,0.0,0.0,0.0,0.0,0.0,0.0,0.0,0.0,0.0,0.0,0.0,0.0
10669,2,1.0,6.0,184120.0,37820.0,30690.0,300.0,6830.0,1249.5419,170130.0,60.929443,59.13999,0.058603086,0.23793676,176798.17,58753.047,0,0.0,0.0,58.753048,4.0902205,12.044318129676183,4.1097164,4.0799074,0.4414524186540945,0.803209111892039,0.862759369933977,0.803209111892039,0.862759369933977,7.1305323,0.007932310946589107,0.18059227921734533,0.8114754098360656,10.331692147613781,24.088636259352366,8.180441,1,1,0,0.0,0.0,0.0,near,1.0,1.0,0.0,0.0,0.0,0.0,0.0,0.0,0.0,0.0,0.0,0.0,0.0,0.0,0.0
10669,3,1.0,6.0,175820.0,42020.0,28320.0,3740.0,9960.0,1193.2134,170130.0,57.711098,61.556515,0.112956434,0.4945341,176798.17,58753.047,0,0.0,0.0,58.753048,4.0902205,12.044318129676183,4.0554495,4.1199555,0.4414524186540945,0.803209111892039,0.862759369933977,0.803209111892039,0.862759369933977,7.0844054,0.08900523560209424,0.2370299857210852,0.6739647786768206,10.251323547807656,36.13295438902855,12.270661,1,0,1,0.0,0.0,0.0,near,1.0,0.0,1.0,0.0,0.0,0.0,0.0,0.0,0.0,0.0,0.0,0.0,0.0,0.0,0.0
10694,1,1.0,6.0,227520.0,48880.0,35820.0,860.0,12200.0,914.24896,227520.0,63.743793,49.487793,0.03160162,0.061927117,175085.97,62374.19,0,0.0,0.0,62.37419,4.149057,12.334993425597013,4.154872,3.901726,0.433631176367842,0.7780832408440073,0.8089130026415567,0.7780832408440073,0.8089130026415567,6.818103,0.017594108019639936,0.24959083469721768,0.7328150572831423,10.486261675614703,12.334993425597013,4.149057,0,0,0,0.0,0.0,0.0,near,1.0,0.0,0.0,0.0,0.0,0.0,0.0,0.0,0.0,0.0,0.0,0.0,0.0,0.0,0.0
10694,2,1.0,6.0,239470.0,52420.0,39810.0,610.0,12000.0,962.26794,227520.0,56.435066,54.0984,0.04188416,0.2971592,175085.97,62374.19,0,0.0,0.0,62.37419,4.149057,12.334993425597013,4.0330906,3.9908047,0.433631176367842,0.7780832408440073,0.8089130026415567,0.7780832408440073,0.8089130026415567,6.8692927,0.01163677985501717,0.2289202594429607,0.7594429607020221,10.591873415994362,24.669986851194025,8.298114,1,1,0,0.0,0.0,0.0,near,1.0,1.0,0.0,0.0,0.0,0.0,0.0,0.0,0.0,0.0,0.0,0.0,0.0,0.0,0.0
10694,3,1.0,6.0,233200.0,59200.0,36760.0,5220.0,17220.0,937.07306,227520.0,52.85891,55.742012,0.05137221,0.5132175,175085.97,62374.19,0,0.0,0.0,62.37419,4.149057,12.334993425597013,3.9676263,4.0207343,0.433631176367842,0.7780832408440073,0.8089130026415567,0.7780832408440073,0.8089130026415567,6.842761,0.08817567567567568,0.2908783783783784,0.620945945945946,10.512165576469624,37.00498027679104,12.44717,1,0,1,0.0,0.0,0.0,near,1.0,0.0,1.0,0.0,0.0,0.0,0.0,0.0,0.0,0.0,0.0,0.0,0.0,0.0,0.0
10918,1,1.0,9.0,350770.0,66910.0,46660.0,560.0,19690.0,1168.8438,350770.0,72.2276,61.22271,0.18385267,0.08610536,210132.36,91775.49,0,0.0,0.0,91.77549,4.5301824,12.767886017009083,4.2798223,4.114518,0.5393726200162915,1.1899920203180459,1.234835457982952,1.1899920203180459,1.234835457982952,7.0637703,0.008369451502017636,0.2942758929905844,0.697354655507398,10.75064254557542,12.767886017009083,4.5301824,0,0,0,0.0,0.0,0.0,mid,0.0,0.0,0.0,0.0,0.0,1.0,0.0,0.0,0.0,0.0,0.0,0.0,0.0,0.0,0.0
10918,2,1.0,9.0,408100.0,73320.0,50680.0,680.0,21960.0,1359.88,350770.0,65.622185,64.563866,0.18488115,0.19547477,210132.36,91775.49,0,0.0,0.0,91.77549,4.5301824,12.767886017009083,4.1839137,4.167655,0.5393726200162915,1.1899920203180459,1.234835457982952,1.1899920203180459,1.234835457982952,7.215152,0.009274413529732678,0.2995090016366612,0.6912165848336062,10.833286634435076,25.535772034018166,9.060365,1,1,0,0.0,0.0,0.0,mid,0.0,0.0,0.0,0.0,0.0,1.0,1.0,0.0,0.0,0.0,0.0,0.0,0.0,0.0,0.0
10918,3,1.0,9.0,430680.0,108560.0,56760.0,4860.0,46940.0,1435.1216,350770.0,63.192394,68.42556,0.20414229,0.4451514,210132.36,91775.49,0,0.0,0.0,91.77549,4.5301824,12.767886017009083,4.146184,4.2257466,0.5393726200162915,1.1899920203180459,1.234835457982952,1.1899920203180459,1.234835457982952,7.269005,0.04476787030213707,0.4323876197494473,0.5228445099484156,10.94658713127398,38.30365805102725,13.590548,1,0,1,0.0,0.0,0.0,mid,0.0,0.0,0.0,0.0,0.0,1.0,0.0,1.0,0.0,0.0,0.0,0.0,0.0,0.0,0.0
10921,1,1.0,9.0,209290.0,46860.0,38990.0,90.0,7780.0,679.84406,209290.0,72.26848,64.53991,0.14616083,0.025013305,236047.97,117733.586,0,0.0,0.0,117.73359,4.776882,12.251476128984024,4.280388,4.167284,0.5437203928550944,1.2110148387088784,1.2887500623423045,1.2110148387088784,1.2887500623423045,6.5218635,0.0019206145966709346,0.1660264618011097,0.8320529236022194,10.571060481976643,12.251476128984024,4.776882,0,0,0,0.0,0.0,0.0,mid,0.0,0.0,0.0,0.0,0.0,1.0,0.0,0.0,0.0,0.0,0.0,0.0,0.0,0.0,0.0
10921,2,1.0,9.0,244510.0,49170.0,38300.0,280.0,10590.0,794.2504,209290.0,65.15827,64.71921,0.14567912,0.08627946,236047.97,117733.586,0,0.0,0.0,117.73359,4.776882,12.251476128984024,4.1768193,4.1700583,0.5437203928550944,1.2110148387088784,1.2887500623423045,1.2110148387088784,1.2887500623423045,6.6773987,0.00569452918446207,0.2153752287980476,0.7789302420174904,10.553205175168737,24.502952257968047,9.553764,1,1,0,0.0,0.0,0.0,mid,0.0,0.0,0.0,0.0,0.0,1.0,1.0,0.0,0.0,0.0,0.0,0.0,0.0,0.0,0.0
10921,3,1.0,9.0,234480.0,59380.0,40340.0,3260.0,15780.0,761.6696,209290.0,62.653027,67.76537,0.16615489,0.24969098,236047.97,117733.586,0,0.0,0.0,117.73359,4.776882,12.251476128984024,4.137612,4.2160516,0.5437203928550944,1.2110148387088784,1.2887500623423045,1.2110148387088784,1.2887500623423045,6.635513,0.0549006399461098,0.2657460424385315,0.6793533176153587,10.605098811508203,36.75442838695207,14.3306465,1,0,1,0.0,0.0,0.0,mid,0.0,0.0,0.0,0.0,0.0,1.0,0.0,1.0,0.0,0.0,0.0,0.0,0.0,0.0,0.0
10925,1,1.0,9.0,342960.0,75130.0,62600.0,460.0,12070.0,586.6174,342960.0,72.8346,68.73334,0.09289713,0.016991427,269103.7,150931.08,0,0.0,0.0,150.93108,5.023427,12.745369101271859,4.2881913,4.230234,0.6269840877693474,1.7081816890189734,1.623813217982458,1.7081816890189734,1.623813217982458,6.374373,0.006122720617596167,0.16065486490083855,0.8332224144815653,11.04452055708819,12.745369101271859,5.023427,0,0,0,0.0,0.0,0.0,far,0.0,0.0,0.0,0.0,0.0,0.0,0.0,0.0,0.0,0.0,1.0,0.0,0.0,0.0,0.0
10925,2,1.0,9.0,413600.0,82250.0,65980.0,380.0,15890.0,707.4439,342960.0,65.39905,65.64383,0.09422147,0.038036212,269103.7,150931.08,0,0.0,0.0,150.93108,5.023427,12.745369101271859,4.1805077,4.1842437,0.6269840877693474,1.7081816890189734,1.623813217982458,1.7081816890189734,1.623813217982458,6.5616584,0.004620060790273556,0.19319148936170213,0.8021884498480243,11.097106944782572,25.490738202543717,10.046854,1,1,0,0.0,0.0,0.0,far,0.0,0.0,0.0,0.0,0.0,0.0,0.0,0.0,0.0,0.0,1.0,1.0,0.0,0.0,0.0
10925,3,1.0,9.0,454840.0,118360.0,86240.0,11080.0,21040.0,777.98303,342960.0,62.76958,68.09655,0.09638554,0.20012534,269103.7,150931.08,0,0.0,0.0,150.93108,5.023427,12.745369101271859,4.1394706,4.220927,0.6269840877693474,1.7081816890189734,1.623813217982458,1.7081816890189734,1.623813217982458,6.656705,0.09361270699560663,0.17776275768840824,0.7286245353159851,11.364889386142824,38.23610730381557,15.070281,1,0,1,0.0,0.0,0.0,far,0.0,0.0,0.0,0.0,0.0,0.0,0.0,0.0,0.0,0.0,1.0,0.0,1.0,0.0,0.0
10929,1,1.0,9.0,152610.0,32830.0,21650.0,290.0,10890.0,726.36835,152610.0,72.2276,61.22271,0.10438372,0.021435862,235772.36,118659.06,0,0.0,0.0,118.659065,4.7846465,11.93564092648492,4.2798223,4.114518,0.5197502824578507,1.0998476152492451,1.2070418779207044,1.0998476152492451,1.2070418779207044,6.5880575,0.008833384099908621,0.3317088029241547,0.6594578129759366,9.982760733430636,11.93564092648492,4.7846465,0,0,0,0.0,0.0,0.0,mid,0.0,0.0,0.0,0.0,0.0,1.0,0.0,0.0,0.0,0.0,0.0,0.0,0.0,0.0,0.0
10929,2,1.0,9.0,173580.0,29010.0,18350.0,340.0,10320.0,826.178,152610.0,65.622185,64.563866,0.17807351,0.1644778,235772.36,118659.06,0,0.0,0.0,118.659065,4.7846465,11.93564092648492,4.1839137,4.167655,0.5197502824578507,1.0998476152492451,1.2070418779207044,1.0998476152492451,1.2070418779207044,6.71681,0.011720096518441917,0.3557394002068252,0.6325405032747329,9.817384853482716,23.87128185296984,9.569293,1,1,0,0.0,0.0,0.0,mid,0.0,0.0,0.0,0.0,0.0,1.0,1.0,0.0,0.0,0.0,0.0,0.0,0.0,0.0,0.0
10929,3,1.0,9.0,171020.0,43780.0,28900.0,2620.0,12260.0,813.9933,152610.0,63.192394,68.42556,0.10115776,0.39674523,235772.36,118659.06,0,0.0,0.0,118.659065,4.7846465,11.93564092648492,4.146184,4.2257466,0.5197502824578507,1.0998476152492451,1.2070418779207044,1.0998476152492451,1.2070418779207044,6.701952,0.059844677935130194,0.2800365463682047,0.6601187756966651,10.271596874100524,35.80692277945476,14.353939,1,0,1,0.0,0.0,0.0,mid,0.0,0.0,0.0,0.0,0.0,1.0,0.0,1.0,0.0,0.0,0.0,0.0,0.0,0.0,0.0
10954,1,1.0,9.0,253980.0,53680.0,45000.0,530.0,8150.0,953.4858,253980.0,72.29573,67.09665,0.11237105,0.0031049014,252545.33,134156.55,0,0.0,0.0,134.15654,4.9064336,12.445010802743024,4.280765,4.2061343,0.5829132094956151,1.420307443321971,1.4464430367294856,1.420307443321971,1.4464430367294856,6.8601246,0.009873323397913561,0.15182563338301044,0.8383010432190761,10.714417768752456,12.445010802743024,4.9064336,0,0,0,0.0,0.0,0.0,far,0.0,0.0,0.0,0.0,0.0,0.0,0.0,0.0,0.0,0.0,1.0,0.0,0.0,0.0,0.0
10954,2,1.0,9.0,274350.0,53970.0,43320.0,320.0,10330.0,1029.9584,253980.0,64.849,64.918625,0.11685803,0.04830734,252545.33,134156.55,0,0.0,0.0,134.15654,4.9064336,12.445010802743024,4.1720614,4.173135,0.5829132094956151,1.420307443321971,1.4464430367294856,1.420307443321971,1.4464430367294856,6.9372735,0.005929219937002038,0.19140263109134703,0.802668148971651,10.676369701114927,24.890021605486048,9.812867,1,1,0,0.0,0.0,0.0,far,0.0,0.0,0.0,0.0,0.0,0.0,0.0,0.0,0.0,0.0,1.0,1.0,0.0,0.0,0.0
10954,3,1.0,9.0,284780.0,73200.0,54280.0,4040.0,14880.0,1069.1144,253980.0,62.29345,67.34378,0.12620269,0.17868853,252545.33,134156.55,0,0.0,0.0,134.15654,4.9064336,12.445010802743024,4.1318564,4.2098107,0.5829132094956151,1.420307443321971,1.4464430367294856,1.420307443321971,1.4464430367294856,6.974586,0.055191256830601096,0.20327868852459016,0.7415300546448087,10.901911113948806,37.33503240822907,14.719301,1,0,1,0.0,0.0,0.0,far,0.0,0.0,0.0,0.0,0.0,0.0,0.0,0.0,0.0,0.0,1.0,0.0,1.0,0.0,0.0
10965,1,1.0,9.0,52040.0,10330.0,9080.0,20.0,1230.0,218.95906,52040.0,73.60518,71.29137,0.04554189,0.016703786,272223.03,154119.55,0,0.0,0.0,154.11955,5.044196,10.859767932626442,4.2987156,4.266775,0.4813381765631549,0.9431286273183844,1.1154963094547035,0.9431286273183844,1.1154963094547035,5.388885,0.001936108422071636,0.11907066795740562,0.8789932236205228,9.11382947159534,10.859767932626442,5.044196,0,0,0,0.0,0.0,0.0,far,0.0,0.0,0.0,0.0,0.0,0.0,0.0,0.0,0.0,0.0,1.0,0.0,0.0,0.0,0.0
10965,2,1.0,9.0,68680.0,13870.0,9700.0,60.0,4110.0,288.9721,52040.0,66.23954,66.815865,0.035818286,0.041237112,272223.03,154119.55,0,0.0,0.0,154.11955,5.044196,10.859767932626442,4.1932774,4.2019405,0.4813381765631549,0.9431286273183844,1.1154963094547035,0.9431286273183844,1.1154963094547035,5.6663303,0.004325883201153569,0.29632299927901945,0.6993511175198269,9.179881164491475,21.719535865252883,10.088392,1,1,0,0.0,0.0,0.0,far,0.0,0.0,0.0,0.0,0.0,0.0,0.0,0.0,0.0,0.0,1.0,1.0,0.0,0.0,0.0
10965,3,1.0,9.0,76840.0,20180.0,16120.0,700.0,3360.0,323.30542,52040.0,63.66747,69.47354,0.010931807,0.18576196,272223.03,154119.55,0,0.0,0.0,154.11955,5.044196,10.859767932626442,4.1536736,4.240946,0.4813381765631549,0.9431286273183844,1.1154963094547035,0.9431286273183844,1.1154963094547035,5.7785974,0.03468780971258672,0.16650148662041625,0.798810703666997,9.68781601606062,32.57930379787933,15.132588,1,0,1,0.0,0.0,0.0,far,0.0,0.0,0.0,0.0,0.0,0.0,0.0,0.0,0.0,0.0,1.0,0.0,1.0,0.0,0.0
10991,1,1.0,9.0,117700.0,25800.0,21910.0,90.0,3800.0,1188.6488,117700.0,72.29573,67.09665,0.13670348,0.0063414634,245229.1,127125.0,0,0.0,0.0,127.125,4.8530064,11.675894293248367,4.280765,4.2061343,0.5115449758496096,1.0643002009022402,1.189505363704047,1.0643002009022402,1.189505363704047,7.0805726,0.0034883720930232558,0.14728682170542637,0.8492248062015504,9.994698432589512,11.675894293248367,4.8530064,0,0,0,0.0,0.0,0.0,mid,0.0,0.0,0.0,0.0,0.0,1.0,0.0,0.0,0.0,0.0,0.0,0.0,0.0,0.0,0.0
10991,2,1.0,9.0,120620.0,27940.0,23130.0,200.0,4610.0,1218.1378,117700.0,64.849,64.918625,0.15088709,0.051149882,245229.1,127125.0,0,0.0,0.0,127.125,4.8530064,11.675894293248367,4.1720614,4.173135,0.5115449758496096,1.0643002009022402,1.189505363704047,1.0643002009022402,1.189505363704047,7.1050787,0.0071581961345740875,0.1649964209019327,0.8278453829634932,10.048885755225484,23.351788586496735,9.706013,1,1,0,0.0,0.0,0.0,mid,0.0,0.0,0.0,0.0,0.0,1.0,1.0,0.0,0.0,0.0,0.0,0.0,0.0,0.0,0.0
10991,3,1.0,9.0,125420.0,36700.0,27580.0,3980.0,5140.0,1266.6128,117700.0,62.29345,67.34378,0.1616967,0.14822547,245229.1,127125.0,0,0.0,0.0,127.125,4.8530064,11.675894293248367,4.1318564,4.2098107,0.5115449758496096,1.0643002009022402,1.189505363704047,1.0643002009022402,1.189505363704047,7.1441016,0.10844686648501363,0.14005449591280653,0.7514986376021798,10.224846151347293,35.0276828797451,14.559019,1,0,1,0.0,0.0,0.0,mid,0.0,0.0,0.0,0.0,0.0,1.0,0.0,1.0,0.0,0.0,0.0,0.0,0.0,0.0,0.0
14240,1,1.0,42.0,196890.0,37560.0,22090.0,1180.0,14290.0,1051.9875,196890.0,63.743793,49.487793,0.18497638,0.110274345,194454.81,81404.21,0,0.0,0.0,81.40421,4.4116364,12.190400476135878,4.154872,3.901726,0.4706638834200591,0.9036166996984915,0.9790677267374654,0.9036166996984915,0.9790677267374654,6.9584365,0.03141640042598509,0.380457933972311,0.588125665601704,10.002880296414164,12.190400476135878,4.4116364,0,0,0,0.0,0.0,0.0,near,1.0,0.0,0.0,0.0,0.0,0.0,0.0,0.0,0.0,0.0,0.0,0.0,0.0,0.0,0.0
14240,2,1.0,42.0,199770.0,36470.0,21890.0,930.0,13650.0,1067.3755,196890.0,56.435066,54.0984,0.22616008,0.27808857,194454.81,81404.21,0,0.0,0.0,81.40421,4.4116364,12.190400476135878,4.0330906,3.9908047,0.4706638834200591,0.9036166996984915,0.9790677267374654,0.9036166996984915,0.9790677267374654,6.972958,0.0255004112969564,0.3742802303262956,0.600219358376748,9.993785190516908,24.380800952271755,8.823273,1,1,0,0.0,0.0,0.0,near,1.0,1.0,0.0,0.0,0.0,0.0,0.0,0.0,0.0,0.0,0.0,0.0,0.0,0.0,0.0
14240,3,1.0,42.0,214160.0,55080.0,23900.0,6240.0,24940.0,1144.2616,196890.0,52.85891,55.742012,0.2514942,0.55947137,194454.81,81404.21,0,0.0,0.0,81.40421,4.4116364,12.190400476135878,3.9676263,4.0207343,0.4706638834200591,0.9036166996984915,0.9790677267374654,0.9036166996984915,0.9790677267374654,7.042515,0.11328976034858387,0.45279593318809,0.43391430646332607,10.081633737919603,36.57120142840763,13.234909,1,0,1,0.0,0.0,0.0,near,1.0,0.0,1.0,0.0,0.0,0.0,0.0,0.0,0.0,0.0,0.0,0.0,0.0,0.0,0.0
14243,1,1.0,42.0,123350.0,27240.0,19340.0,280.0,7620.0,821.5665,123350.0,66.314476,55.478577,0.06826104,0.031276062,222007.36,111763.695,0,0.0,0.0,111.763695,4.7252946,11.722781121957503,4.1944084,4.015997,0.4914667472347636,0.9821542126148182,1.1002209244009222,0.9821542126148182,1.1002209244009222,6.711213,0.010279001468428781,0.27973568281938327,0.7099853157121879,9.869930769007285,11.722781121957503,4.7252946,0,0,0,0.0,0.0,0.0,mid,0.0,0.0,0.0,0.0,0.0,1.0,0.0,0.0,0.0,0.0,0.0,0.0,0.0,0.0,0.0
14243,2,1.0,42.0,128380.0,26270.0,19770.0,240.0,6260.0,855.0686,123350.0,57.215725,55.70329,0.06644337,0.1506067,222007.36,111763.695,0,0.0,0.0,111.763695,4.7252946,11.722781121957503,4.0468287,4.020039,0.4914667472347636,0.9821542126148182,1.1002209244009222,0.9821542126148182,1.1002209244009222,6.7511816,0.009135896459840122,0.23829463266082984,0.75256947087933,9.891920916164663,23.445562243915006,9.450589,1,1,0,0.0,0.0,0.0,mid,0.0,0.0,0.0,0.0,0.0,1.0,1.0,0.0,0.0,0.0,0.0,0.0,0.0,0.0,0.0
14243,3,1.0,42.0,120480.0,30220.0,18020.0,3360.0,8840.0,802.45105,123350.0,54.23165,57.499096,0.083499335,0.39107952,222007.36,111763.695,0,0.0,0.0,111.763695,4.7252946,11.722781121957503,3.9932647,4.0517693,0.4914667472347636,0.9821542126148182,1.1002209244009222,0.9821542126148182,1.1002209244009222,6.6876707,0.11118464592984778,0.2925215089344805,0.5962938451356717,9.799237531162328,35.16834336587251,14.175884,1,0,1,0.0,0.0,0.0,mid,0.0,0.0,0.0,0.0,0.0,1.0,0.0,1.0,0.0,0.0,0.0,0.0,0.0,0.0,0.0
14284,1,1.0,42.0,143190.0,26140.0,18980.0,310.0,6850.0,909.9517,143190.0,63.743793,49.487793,0.08457295,0.028178936,208362.12,97232.97,0,0.0,0.0,97.23297,4.587342,11.871927698668053,4.154872,3.901726,0.4777491222939399,0.9296631588975299,1.0311997073983368,0.9296631588975299,1.0311997073983368,6.8133917,0.011859219586840091,0.2620504973221117,0.7260902830910482,9.85114107216392,11.871927698668053,4.587342,0,0,0,0.0,0.0,0.0,mid,0.0,0.0,0.0,0.0,0.0,1.0,0.0,0.0,0.0,0.0,0.0,0.0,0.0,0.0,0.0
14284,2,1.0,42.0,149460.0,28520.0,19860.0,410.0,8250.0,949.79663,143190.0,56.435066,54.0984,0.09393818,0.1879962,208362.12,97232.97,0,0.0,0.0,97.23297,4.587342,11.871927698668053,4.0330906,3.9908047,0.4777491222939399,0.9296631588975299,1.0311997073983368,0.9296631588975299,1.0311997073983368,6.856248,0.014375876577840112,0.28927068723702665,0.6963534361851332,9.896462937599164,23.743855397336105,9.174684,1,1,0,0.0,0.0,0.0,mid,0.0,0.0,0.0,0.0,0.0,1.0,1.0,0.0,0.0,0.0,0.0,0.0,0.0,0.0,0.0
14284,3,1.0,42.0,147620.0,34480.0,15740.0,2520.0,16220.0,938.1037,143190.0,52.85891,55.742012,0.10879285,0.48385203,208362.12,97232.97,0,0.0,0.0,97.23297,4.587342,11.871927698668053,3.9676263,4.0207343,0.4777491222939399,0.9296631588975299,1.0311997073983368,0.9296631588975299,1.0311997073983368,6.8438606,0.07308584686774942,0.47041763341067283,0.45649651972157773,9.663960521971394,35.61578309600416,13.762026,1,0,1,0.0,0.0,0.0,mid,0.0,0.0,0.0,0.0,0.0,1.0,0.0,1.0,0.0,0.0,0.0,0.0,0.0,0.0,0.0
17838,1,1.0,78.0,286790.0,54020.0,37430.0,1190.0,15400.0,711.7967,286790.0,70.515724,62.181202,0.04194707,0.012712693,230946.89,113139.78,0,0.0,0.0,113.13978,4.737424,12.56650551959623,4.2558355,4.1300526,0.5616006624850198,1.3018550251680183,1.3448369359072538,1.3018550251680183,1.3448369359072538,6.5677924,0.022028878193261756,0.2850796001480933,0.692891521658645,10.530227800898475,12.56650551959623,4.737424,0,0,0,0.0,0.0,0.0,mid,0.0,0.0,0.0,0.0,0.0,1.0,0.0,0.0,0.0,0.0,0.0,0.0,0.0,0.0,0.0
17838,2,1.0,78.0,306500.0,57380.0,40590.0,950.0,15840.0,760.71576,286790.0,62.916054,62.20684,0.048091356,0.22377977,230946.89,113139.78,0,0.0,0.0,113.13978,4.737424,12.56650551959623,4.1418014,4.130465,0.5616006624850198,1.3018550251680183,1.3448369359072538,1.3018550251680183,1.3448369359072538,6.6342597,0.016556291390728478,0.2760543743464622,0.7073893342628094,10.611277009832943,25.13301103919246,9.474848,1,1,0,0.0,0.0,0.0,mid,0.0,0.0,0.0,0.0,0.0,1.0,1.0,0.0,0.0,0.0,0.0,0.0,0.0,0.0,0.0
17838,3,1.0,78.0,301220.0,74680.0,37960.0,8860.0,27860.0,747.61115,286790.0,60.231907,64.778404,0.054246064,0.38944575,230946.89,113139.78,0,0.0,0.0,113.13978,4.737424,12.56650551959623,4.098202,4.1709723,0.5616006624850198,1.3018550251680183,1.3448369359072538,1.3018550251680183,1.3448369359072538,6.616883,0.11863952865559721,0.37305838243170863,0.5083020889126941,10.544288252723865,37.69951655878869,14.212272,1,0,1,0.0,0.0,0.0,mid,0.0,0.0,0.0,0.0,0.0,1.0,0.0,1.0,0.0,0.0,0.0,0.0,0.0,0.0,0.0
17852,1,1.0,78.0,106380.0,24380.0,20520.0,300.0,3560.0,441.53906,106380.0,72.29573,67.09665,0.13367175,0.015888778,248039.16,130548.49,0,0.0,0.0,130.5485,4.8793755,11.574772868296309,4.280765,4.2061343,0.508303076753961,1.0505824686122818,1.1824827874862045,1.0505824686122818,1.1824827874862045,6.0902667,0.012305168170631665,0.14602132895816242,0.8416735028712059,9.929155299284705,11.574772868296309,4.8793755,0,0,0,0.0,0.0,0.0,far,0.0,0.0,0.0,0.0,0.0,0.0,0.0,0.0,0.0,0.0,1.0,0.0,0.0,0.0,0.0
17852,2,1.0,78.0,119290.0,25210.0,20110.0,140.0,4960.0,495.12308,106380.0,64.849,64.918625,0.14385112,0.047658864,248039.16,130548.49,0,0.0,0.0,130.5485,4.8793755,11.574772868296309,4.1720614,4.173135,0.508303076753961,1.0505824686122818,1.1824827874862045,1.0505824686122818,1.1824827874862045,6.2048063,0.005553351844506148,0.19674732249107496,0.7976993256644189,9.908972482766698,23.149545736592618,9.758751,1,1,0,0.0,0.0,0.0,far,0.0,0.0,0.0,0.0,0.0,0.0,0.0,0.0,0.0,0.0,1.0,1.0,0.0,0.0,0.0
17852,3,1.0,78.0,123200.0,33140.0,22220.0,1880.0,9040.0,511.35187,106380.0,62.29345,67.34378,0.1637987,0.13754386,248039.16,130548.49,0,0.0,0.0,130.5485,4.8793755,11.574772868296309,4.1318564,4.2098107,0.508303076753961,1.0505824686122818,1.1824827874862045,1.0505824686122818,1.1824827874862045,6.237058,0.056729028364514184,0.2727821363910682,0.6704888352444176,10.008748063193622,34.72431860488893,14.638126,1,0,1,0.0,0.0,0.0,far,0.0,0.0,0.0,0.0,0.0,0.0,0.0,0.0,0.0,0.0,1.0,0.0,1.0,0.0,0.0
17866,1,1.0,78.0,177690.0,38950.0,29040.0,120.0,9790.0,402.07727,177690.0,67.14709,60.326015,0.114131354,0.038740158,281563.25,169744.38,0,0.0,0.0,169.74437,5.1401677,12.087795737939121,4.2068853,4.0997634,0.5972504031740836,1.5070450637991148,1.5342885239927233,1.5070450637991148,1.5342885239927233,5.9966445,0.0030808729139922978,0.2513478818998716,0.745571245186136,10.276429468938732,12.087795737939121,5.1401677,0,0,0,0.0,0.0,0.0,far,0.0,0.0,0.0,0.0,0.0,0.0,0.0,0.0,0.0,0.0,1.0,0.0,0.0,0.0,0.0
17866,2,1.0,78.0,203100.0,47620.0,35350.0,280.0,11990.0,459.57504,177690.0,58.193268,57.564896,0.11486952,0.07175646,281563.25,169744.38,0,0.0,0.0,169.74437,5.1401677,12.087795737939121,4.06377,4.0529127,0.5972504031740836,1.5070450637991148,1.5342885239927233,1.5070450637991148,1.5342885239927233,6.1303024,0.005879882402351953,0.251784964300714,0.7423351532969341,10.473053671324719,24.175591475878242,10.280335,1,1,0,0.0,0.0,0.0,far,0.0,0.0,0.0,0.0,0.0,0.0,0.0,0.0,0.0,0.0,1.0,1.0,0.0,0.0,0.0
17866,3,1.0,78.0,238700.0,68640.0,45640.0,6100.0,16900.0,540.1308,177690.0,55.510437,58.964073,0.1535819,0.30384874,281563.25,169744.38,0,0.0,0.0,169.74437,5.1401677,12.087795737939121,4.016571,4.076928,0.5972504031740836,1.5070450637991148,1.5342885239927233,1.5070450637991148,1.5342885239927233,6.2918115,0.08886946386946387,0.24621212121212122,0.664918414918415,10.728539803976012,36.26338721381737,15.420504,1,0,1,0.0,0.0,0.0,far,0.0,0.0,0.0,0.0,0.0,0.0,0.0,0.0,0.0,0.0,1.0,0.0,1.0,0.0,0.0
17876,1,1.0,78.0,109420.0,22070.0,17480.0,230.0,4360.0,698.1433,109420.0,66.314476,55.478577,0.16231036,0.03497469,230980.28,117956.6,0,0.0,0.0,117.956604,4.778759,11.602948967617817,4.1944084,4.015997,0.49177571342610626,0.9833691141741226,1.1097012065802394,0.9833691141741226,1.1097012065802394,6.5484242,0.01042138649750793,0.19755323969188945,0.7920253738106027,9.768812649209526,11.602948967617817,4.778759,0,0,0,0.0,0.0,0.0,mid,0.0,0.0,0.0,0.0,0.0,1.0,0.0,0.0,0.0,0.0,0.0,0.0,0.0,0.0,0.0
17876,2,1.0,78.0,118500.0,25600.0,20640.0,270.0,4690.0,756.07733,109420.0,57.215725,55.70329,0.17232068,0.21167283,230980.28,117956.6,0,0.0,0.0,117.956604,4.778759,11.602948967617817,4.0468287,4.020039,0.49177571342610626,0.9833691141741226,1.1097012065802394,0.9833691141741226,1.1097012065802394,6.628144,0.010546875,0.183203125,0.80625,9.9349862195955,23.205897935235633,9.557518,1,1,0,0.0,0.0,0.0,mid,0.0,0.0,0.0,0.0,0.0,1.0,1.0,0.0,0.0,0.0,0.0,0.0,0.0,0.0,0.0
17876,3,1.0,78.0,121820.0,31600.0,19300.0,3620.0,8680.0,777.26025,109420.0,54.23165,57.499096,0.18190773,0.34372786,230980.28,117956.6,0,0.0,0.0,117.956604,4.778759,11.602948967617817,3.9932647,4.0517693,0.49177571342610626,0.9833691141741226,1.1097012065802394,0.9833691141741226,1.1097012065802394,6.655775,0.11455696202531646,0.2746835443037975,0.6107594936708861,9.867860374892977,34.808846902853446,14.336277,1,0,1,0.0,0.0,0.0,mid,0.0,0.0,0.0,0.0,0.0,1.0,0.0,1.0,0.0,0.0,0.0,0.0,0.0,0.0,0.0
17895,1,1.0,78.0,165990.0,31980.0,18310.0,720.0,12950.0,459.92075,165990.0,66.314476,55.478577,0.29405385,0.16451614,232138.47,116895.41,0,0.0,0.0,116.89541,4.769798,12.019682824560265,4.1944084,4.015997,0.5237588597276004,1.11765914143067,1.218540949231547,1.11765914143067,1.218540949231547,6.1310544,0.0225140712945591,0.40494058786741716,0.5725453408380238,9.815202637668557,12.019682824560265,4.769798,0,0,0,0.0,0.0,0.0,mid,0.0,0.0,0.0,0.0,0.0,1.0,0.0,0.0,0.0,0.0,0.0,0.0,0.0,0.0,0.0
17895,2,1.0,78.0,459600.0,86280.0,57020.0,1680.0,27580.0,1273.4476,165990.0,57.215725,55.70329,0.17245488,0.27638733,232138.47,116895.41,0,0.0,0.0,116.89541,4.769798,12.019682824560265,4.0468287,4.020039,0.5237588597276004,1.11765914143067,1.218540949231547,1.11765914143067,1.218540949231547,7.149483,0.019471488178025034,0.31965693092257763,0.6608715808993973,10.951157362466663,24.03936564912053,9.539596,1,1,0,0.0,0.0,0.0,mid,0.0,0.0,0.0,0.0,0.0,1.0,1.0,0.0,0.0,0.0,0.0,0.0,0.0,0.0,0.0
17895,3,1.0,78.0,452760.0,114700.0,57020.0,10780.0,46900.0,1254.4956,165990.0,54.23165,57.499096,0.18048559,0.4066232,232138.47,116895.41,0,0.0,0.0,116.89541,4.769798,12.019682824560265,3.9932647,4.0517693,0.5237588597276004,1.11765914143067,1.218540949231547,1.11765914143067,1.218540949231547,7.134489,0.09398430688753269,0.40889276373147343,0.4971229293809939,10.951157362466663,36.0590484736808,14.309393,1,0,1,0.0,0.0,0.0,mid,0.0,0.0,0.0,0.0,0.0,1.0,0.0,1.0,0.0,0.0,0.0,0.0,0.0,0.0,0.0
17914,1,1.0,79.0,145190.0,25990.0,16380.0,370.0,9240.0,995.40656,145190.0,62.81841,51.956398,0.14691095,0.07430998,217712.11,109811.945,0,0.0,0.0,109.81194,4.7078347,11.885798508477734,4.1402483,3.950405,0.501376166894221,1.021869776498246,1.131614743263698,1.021869776498246,1.131614743263698,6.903151,0.014236244709503656,0.3555213543670643,0.6302424009234321,9.70381635740706,11.885798508477734,4.7078347,0,0,0,0.0,0.0,0.0,mid,0.0,0.0,0.0,0.0,0.0,1.0,0.0,0.0,0.0,0.0,0.0,0.0,0.0,0.0,0.0
17914,2,1.0,79.0,155630.0,29890.0,20260.0,410.0,9220.0,1066.982,145190.0,53.6576,52.012737,0.14393112,0.2683766,217712.11,109811.945,0,0.0,0.0,109.81194,4.7078347,11.885798508477734,3.982623,3.9514887,0.501376166894221,1.021869776498246,1.131614743263698,1.021869776498246,1.131614743263698,6.9725895,0.01371696219471395,0.3084643693542991,0.6778186684509869,9.916403777802675,23.771597016955468,9.415669,1,1,0,0.0,0.0,0.0,mid,0.0,0.0,0.0,0.0,0.0,1.0,1.0,0.0,0.0,0.0,0.0,0.0,0.0,0.0,0.0
17914,3,1.0,79.0,146300.0,34740.0,17340.0,3840.0,13560.0,1003.0166,145190.0,50.797104,54.256466,0.16431989,0.46100116,217712.11,109811.945,0,0.0,0.0,109.81194,4.7078347,11.885798508477734,3.9278393,3.9937222,0.501376166894221,1.021869776498246,1.131614743263698,1.021869776498246,1.131614743263698,6.9107676,0.11053540587219343,0.3903281519861831,0.4991364421416235,9.760771250334534,35.6573955254332,14.123505,1,0,1,0.0,0.0,0.0,mid,0.0,0.0,0.0,0.0,0.0,1.0,0.0,1.0,0.0,0.0,0.0,0.0,0.0,0.0,0.0
17947,1,1.0,79.0,70140.0,12750.0,6370.0,320.0,6060.0,990.5381,70140.0,63.743793,49.487793,0.11377245,0.058399424,202311.75,93190.18,0,0.0,0.0,93.19018,4.5453157,11.15824852369417,4.154872,3.901726,0.4130976089227379,0.7153057298737405,0.7988320159967053,0.7153057298737405,0.7988320159967053,6.898248,0.025098039215686273,0.4752941176470588,0.4996078431372549,8.759354748566208,11.15824852369417,4.5453157,0,0,0,0.0,0.0,0.0,mid,0.0,0.0,0.0,0.0,0.0,1.0,0.0,0.0,0.0,0.0,0.0,0.0,0.0,0.0,0.0
17947,2,1.0,79.0,75610.0,13870.0,8260.0,320.0,5290.0,1067.7871,70140.0,56.435066,54.0984,0.13318343,0.2112251,202311.75,93190.18,0,0.0,0.0,93.19018,4.5453157,11.15824852369417,4.0330906,3.9908047,0.4130976089227379,0.7153057298737405,0.7988320159967053,0.7153057298737405,0.7988320159967053,6.973344,0.023071377072819033,0.38139870223503963,0.5955299206921413,9.019179866515024,22.31649704738834,9.0906315,1,1,0,0.0,0.0,0.0,mid,0.0,0.0,0.0,0.0,0.0,1.0,1.0,0.0,0.0,0.0,0.0,0.0,0.0,0.0,0.0
17947,3,1.0,79.0,69720.0,20100.0,9560.0,1940.0,8600.0,984.60675,70140.0,52.85891,55.742012,0.13253012,0.44512948,202311.75,93190.18,0,0.0,0.0,93.19018,4.5453157,11.15824852369417,3.9676263,4.0207343,0.4130976089227379,0.7153057298737405,0.7988320159967053,0.7153057298737405,0.7988320159967053,6.8922424,0.09651741293532339,0.42786069651741293,0.47562189054726367,9.165343006045447,33.47474557108251,13.635947,1,0,1,0.0,0.0,0.0,mid,0.0,0.0,0.0,0.0,0.0,1.0,0.0,1.0,0.0,0.0,0.0,0.0,0.0,0.0,0.0
17958,1,1.0,79.0,253050.0,50590.0,38660.0,570.0,11360.0,775.656,253050.0,59.06338,48.629932,0.08452875,0.01840364,235445.12,129386.695,0,0.0,0.0,129.38669,4.8705044,12.441342376642224,4.0786114,3.8842392,0.5760787490317741,1.3810250885635666,1.416630958900745,1.3810250885635666,1.416630958900745,6.653709,0.011267048823878236,0.224550306384661,0.7641826447914608,10.562560752762321,12.441342376642224,4.8705044,0,0,0,0.0,0.0,0.0,far,0.0,0.0,0.0,0.0,0.0,0.0,0.0,0.0,0.0,0.0,1.0,0.0,0.0,0.0,0.0
17958,2,1.0,79.0,265910.0,52430.0,40570.0,310.0,11550.0,815.0748,253050.0,49.83591,48.13625,0.09608514,0.11426531,235445.12,129386.695,0,0.0,0.0,129.38669,4.8705044,12.441342376642224,3.9087358,3.8740356,0.5760787490317741,1.3810250885635666,1.416630958900745,1.3810250885635666,1.416630958900745,6.70328,0.005912645432004577,0.22029372496662217,0.7737936296013732,10.610784156200493,24.882684753284448,9.741009,1,1,0,0.0,0.0,0.0,far,0.0,0.0,0.0,0.0,0.0,0.0,0.0,0.0,0.0,0.0,1.0,1.0,0.0,0.0,0.0
17958,3,1.0,79.0,262280.0,64960.0,38600.0,4940.0,21420.0,803.94806,253050.0,47.108147,50.807377,0.11095013,0.348153,235445.12,129386.695,0,0.0,0.0,129.38669,4.8705044,12.441342376642224,3.852446,3.9280415,0.5760787490317741,1.3810250885635666,1.416630958900745,1.3810250885635666,1.416630958900745,6.6895347,0.07604679802955665,0.3297413793103448,0.5942118226600985,10.561007555452923,37.32402712992667,14.611513,1,0,1,0.0,0.0,0.0,far,0.0,0.0,0.0,0.0,0.0,0.0,0.0,0.0,0.0,0.0,1.0,0.0,1.0,0.0,0.0
17976,1,1.0,79.0,164140.0,37810.0,29470.0,430.0,7910.0,752.2801,164140.0,59.77,46.63653,0.01742415,0.029813664,182122.75,77258.98,0,0.0,0.0,77.25898,4.3600235,12.008475001183703,4.0905037,3.842384,0.44648755034396903,0.819760261569791,0.8870604913851574,0.819760261569791,0.8870604913851574,6.623109,0.011372652737371066,0.20920391430838403,0.7794234329542449,10.29112807573174,12.008475001183703,4.3600235,0,0,0,0.0,0.0,0.0,near,1.0,0.0,0.0,0.0,0.0,0.0,0.0,0.0,0.0,0.0,0.0,0.0,0.0,0.0,0.0
17976,2,1.0,79.0,181060.0,43260.0,35180.0,320.0,7760.0,829.8272,164140.0,52.611385,50.180637,0.02640009,0.14009021,182122.75,77258.98,0,0.0,0.0,77.25898,4.3600235,12.008475001183703,3.9629326,3.9156291,0.44648755034396903,0.819760261569791,0.8870604913851574,0.819760261569791,0.8870604913851574,6.7212176,0.007397133610725843,0.1793804900601017,0.8132223763291725,10.46823301829155,24.016950002367405,8.720047,1,1,0,0.0,0.0,0.0,near,1.0,1.0,0.0,0.0,0.0,0.0,0.0,0.0,0.0,0.0,0.0,0.0,0.0,0.0,0.0
17976,3,1.0,79.0,179780.0,49940.0,36040.0,3120.0,10780.0,823.96075,164140.0,49.123634,52.169853,0.024029369,0.29571217,182122.75,77258.98,0,0.0,0.0,77.25898,4.3600235,12.008475001183703,3.8943403,3.9545047,0.44648755034396903,0.819760261569791,0.8870604913851574,0.819760261569791,0.8870604913851574,6.714123,0.062474969963956746,0.21585903083700442,0.7216659991990388,10.492384711722273,36.025425003551106,13.0800705,1,0,1,0.0,0.0,0.0,near,1.0,0.0,1.0,0.0,0.0,0.0,0.0,0.0,0.0,0.0,0.0,0.0,0.0,0.0,0.0
17980,1,1.0,79.0,224580.0,40910.0,22000.0,1380.0,17530.0,1269.9615,224580.0,58.066948,45.51195,0.1743254,0.1228645,200627.9,94874.414,0,0.0,0.0,94.87441,4.5630393,12.32198727012653,4.061597,3.817975,0.509560754699438,1.0558826610804763,1.13702420593218,1.0558826610804763,1.13702420593218,7.146742,0.03373258372036177,0.42850158885358103,0.5377658274260572,9.998797732340453,12.32198727012653,4.5630393,0,0,0,0.0,0.0,0.0,mid,0.0,0.0,0.0,0.0,0.0,1.0,0.0,0.0,0.0,0.0,0.0,0.0,0.0,0.0,0.0
17980,2,1.0,79.0,227210.0,44680.0,27500.0,670.0,16510.0,1284.8337,224580.0,50.972664,48.53657,0.24730426,0.3043569,200627.9,94874.414,0,0.0,0.0,94.87441,4.5630393,12.32198727012653,3.9312894,3.8823175,0.509560754699438,1.0558826610804763,1.13702420593218,1.0558826610804763,1.13702420593218,7.158385,0.014995523724261415,0.36951656222023277,0.6154879140555058,10.221941283654663,24.64397454025306,9.126079,1,1,0,0.0,0.0,0.0,mid,0.0,0.0,0.0,0.0,0.0,1.0,1.0,0.0,0.0,0.0,0.0,0.0,0.0,0.0,0.0
17980,3,1.0,79.0,235960.0,62700.0,27060.0,6840.0,28800.0,1334.3135,224580.0,47.5228,50.650417,0.22022495,0.43554458,200627.9,94874.414,0,0.0,0.0,94.87441,4.5630393,12.32198727012653,3.8612096,3.9249475,0.509560754699438,1.0558826610804763,1.13702420593218,1.0558826610804763,1.13702420593218,7.196172,0.10909090909090909,0.45933014354066987,0.43157894736842106,10.205811901724779,36.96596181037959,13.689117,1,0,1,0.0,0.0,0.0,mid,0.0,0.0,0.0,0.0,0.0,1.0,0.0,1.0,0.0,0.0,0.0,0.0,0.0,0.0,0.0
17987,1,1.0,79.0,204250.0,37580.0,18690.0,1280.0,17610.0,1187.7761,204250.0,63.743793,49.487793,0.18139535,0.067148015,187524.62,78979.555,0,0.0,0.0,78.97955,4.381771,12.22710001272225,4.154872,3.901726,0.4680574473668924,0.8942096006672712,0.9653534182526178,0.8942096006672712,0.9653534182526178,7.0798383,0.034060670569451834,0.4686003193187866,0.49733901011176157,9.835743900449609,12.22710001272225,4.381771,0,0,0,0.0,0.0,0.0,near,1.0,0.0,0.0,0.0,0.0,0.0,0.0,0.0,0.0,0.0,0.0,0.0,0.0,0.0,0.0
17987,2,1.0,79.0,214660.0,42750.0,23930.0,840.0,17980.0,1248.3135,204250.0,56.435066,54.0984,0.21680798,0.28946254,187524.62,78979.555,0,0.0,0.0,78.97955,4.381771,12.22710001272225,4.0330906,3.9908047,0.4680574473668924,0.8942096006672712,0.9653534182526178,0.8942096006672712,0.9653534182526178,7.1295485,0.019649122807017545,0.42058479532163745,0.559766081871345,10.082888180902419,24.4542000254445,8.763542,1,1,0,0.0,0.0,0.0,near,1.0,1.0,0.0,0.0,0.0,0.0,0.0,0.0,0.0,0.0,0.0,0.0,0.0,0.0,0.0
17987,3,1.0,79.0,210720.0,60380.0,21200.0,8820.0,30360.0,1225.4012,204250.0,52.85891,55.742012,0.22323462,0.5338005,187524.62,78979.555,0,0.0,0.0,78.97955,4.381771,12.22710001272225,3.9676263,4.0207343,0.4680574473668924,0.8942096006672712,0.9653534182526178,0.8942096006672712,0.9653534182526178,7.1110234,0.1460748592249089,0.5028155018217952,0.3511096389532958,9.961756460660103,36.68130003816675,13.145313,1,0,1,0.0,0.0,0.0,near,1.0,0.0,1.0,0.0,0.0,0.0,0.0,0.0,0.0,0.0,0.0,0.0,0.0,0.0,0.0
32903,1,3.0,29.0,90320.0,18320.0,14670.0,370.0,3280.0,878.6847,90320.0,52.764908,42.139927,0.054915857,0.022182254,125572.52,59015.605,0,0.0,0.0,59.015606,4.0946045,11.411114198823544,3.9658463,3.7409956,0.35288093035057594,0.5541775053103761,0.5080671998008093,0.5541775053103761,0.5080671998008093,6.778426,0.02019650655021834,0.17903930131004367,0.800764192139738,9.593559871137028,11.411114198823544,4.0946045,0,0,0,0.0,0.0,0.0,near,1.0,0.0,0.0,0.0,0.0,0.0,0.0,0.0,0.0,0.0,0.0,0.0,0.0,0.0,0.0
32903,2,3.0,29.0,100060.0,19930.0,15570.0,360.0,4000.0,973.441,90320.0,49.581257,45.7661,0.056666,0.1788339,125572.52,59015.605,0,0.0,0.0,59.015606,4.0946045,11.411114198823544,3.9036129,3.8235438,0.35288093035057594,0.5541775053103761,0.5080671998008093,0.5541775053103761,0.5080671998008093,6.8808374,0.01806322127446061,0.2007024586051179,0.7812343201204215,9.653101264828043,22.822228397647088,8.189209,1,1,0,0.0,0.0,0.0,near,1.0,1.0,0.0,0.0,0.0,0.0,0.0,0.0,0.0,0.0,0.0,0.0,0.0,0.0,0.0
32903,3,3.0,29.0,110480.0,26800.0,15480.0,1880.0,9440.0,1074.8127,90320.0,44.95821,46.67749,0.06553222,0.43209878,125572.52,59015.605,0,0.0,0.0,59.015606,4.0946045,11.411114198823544,3.8057334,3.843262,0.35288093035057594,0.5541775053103761,0.5080671998008093,0.5541775053103761,0.5080671998008093,6.979902,0.07014925373134329,0.3522388059701492,0.5776119402985075,9.647304147143718,34.233342596470635,12.283813,1,0,1,0.0,0.0,0.0,near,1.0,0.0,1.0,0.0,0.0,0.0,0.0,0.0,0.0,0.0,0.0,0.0,0.0,0.0,0.0
32910,1,3.0,29.0,216880.0,47980.0,35790.0,960.0,11230.0,1070.3252,216880.0,55.86361,42.86351,0.12878089,0.042496998,115113.54,23337.018,0,0.0,0.0,23.337017,3.1919985,12.287099484172547,4.022913,3.7580209,0.269324588641122,0.3745902024211001,0.028669512182427415,,,6.975718,0.020008336807002917,0.23405585660691955,0.7459358065860775,10.48542380376007,12.287099484172547,3.1919985,0,0,0,0.0,0.0,0.0,near,1.0,0.0,0.0,0.0,0.0,0.0,0.0,0.0,0.0,0.0,0.0,0.0,0.0,0.0,0.0
32910,2,3.0,29.0,234040.0,52400.0,37170.0,860.0,14370.0,1155.0116,216880.0,53.04432,49.737038,0.16971458,0.19124329,115113.54,23337.018,0,0.0,0.0,23.337017,3.1919985,12.287099484172547,3.9711277,3.9067497,0.269324588641122,0.3745902024211001,0.028669512182427415,,,7.0518656,0.016412213740458016,0.27423664122137403,0.709351145038168,10.523257263291297,24.574198968345094,6.383997,1,1,0,0.0,0.0,0.0,near,1.0,1.0,0.0,0.0,0.0,0.0,0.0,0.0,0.0,0.0,0.0,0.0,0.0,0.0,0.0
32910,3,3.0,29.0,257420.0,65620.0,39900.0,7780.0,17940.0,1270.3943,216880.0,48.034943,49.4451,0.1824256,0.54074854,115113.54,23337.018,0,0.0,0.0,23.337017,3.1919985,12.287099484172547,3.8719287,3.900863,0.269324588641122,0.3745902024211001,0.028669512182427415,,,7.147083,0.1185614142029869,0.27339225845778725,0.6080463273392258,10.594131602877955,36.861298452517644,9.575995,1,0,1,0.0,0.0,0.0,near,1.0,0.0,1.0,0.0,0.0,0.0,0.0,0.0,0.0,0.0,0.0,0.0,0.0,0.0,0.0
32918,1,3.0,29.0,190810.0,44130.0,35210.0,880.0,8040.0,546.8746,190810.0,52.716858,42.299763,0.059221216,0.023196606,111072.65,56087.383,0,0.0,0.0,56.087383,4.0445833,12.159033447524388,3.9649353,3.7447815,0.40082324293291793,0.6798339375369221,0.6762082470795052,0.6798339375369221,0.6762082470795052,6.3042197,0.01994108316338092,0.18218898708361658,0.7978699297530025,10.469085412149099,12.159033447524388,4.0445833,0,0,0,0.0,0.0,0.0,near,1.0,0.0,0.0,0.0,0.0,0.0,0.0,0.0,0.0,0.0,0.0,0.0,0.0,0.0,0.0
32918,2,3.0,29.0,231960.0,52020.0,39520.0,1050.0,11450.0,664.8133,190810.0,49.60626,45.697453,0.101569235,0.18181819,111072.65,56087.383,0,0.0,0.0,56.087383,4.0445833,12.159033447524388,3.904117,3.8220425,0.40082324293291793,0.6798339375369221,0.6762082470795052,0.6798339375369221,0.6762082470795052,6.4995065,0.020184544405997693,0.22010765090349865,0.7597078046905037,10.584562151861805,24.318066895048776,8.089167,1,1,0,0.0,0.0,0.0,near,1.0,1.0,0.0,0.0,0.0,0.0,0.0,0.0,0.0,0.0,0.0,0.0,0.0,0.0,0.0
32918,3,3.0,29.0,254220.0,68340.0,44760.0,5180.0,18400.0,728.61194,190810.0,44.927517,46.56935,0.11265833,0.31875437,111072.65,56087.383,0,0.0,0.0,56.087383,4.0445833,12.159033447524388,3.8050504,3.8409426,0.40082324293291793,0.6798339375369221,0.6762082470795052,0.6798339375369221,0.6762082470795052,6.591141,0.07579748317237343,0.2692420251682763,0.6549604916593503,10.709070162425862,36.477100342573166,12.13375,1,0,1,0.0,0.0,0.0,near,1.0,0.0,1.0,0.0,0.0,0.0,0.0,0.0,0.0,0.0,0.0,0.0,0.0,0.0,0.0
32921,1,3.0,29.0,69400.0,14930.0,12690.0,120.0,2120.0,507.82965,69400.0,53.30769,44.020363,0.3036023,0.044479746,92059.81,32197.834,0,0.0,0.0,32.197834,3.5024846,11.147642146494896,3.9760807,3.7846522,,,,,,6.230146,0.008037508372404554,0.1419959812458138,0.8499665103817816,9.448569560708433,11.147642146494896,3.5024846,0,0,0,0.0,0.0,0.0,near,1.0,0.0,0.0,0.0,0.0,0.0,0.0,0.0,0.0,0.0,0.0,0.0,0.0,0.0,0.0
32921,2,3.0,29.0,76860.0,15190.0,11380.0,260.0,3550.0,562.41766,69400.0,51.654396,47.347942,0.33554515,0.20526315,92059.81,32197.834,0,0.0,0.0,32.197834,3.5024846,11.147642146494896,3.9445753,3.8575234,,,,,,6.332245,0.017116524028966424,0.2337063857801185,0.749177090190915,9.339612707680322,22.29528429298979,7.004969,1,1,0,0.0,0.0,0.0,near,1.0,1.0,0.0,0.0,0.0,0.0,0.0,0.0,0.0,0.0,0.0,0.0,0.0,0.0,0.0
32921,3,3.0,29.0,61600.0,16160.0,11160.0,1040.0,3960.0,450.7537,69400.0,45.887665,46.291798,0.3590909,0.47338936,92059.81,32197.834,0,0.0,0.0,32.197834,3.5024846,11.147642146494896,3.8261964,3.8349648,,,,,,6.110921,0.06435643564356436,0.24504950495049505,0.6905940594059405,9.320091235935301,33.44292643948469,10.507454,1,0,1,0.0,0.0,0.0,near,1.0,0.0,1.0,0.0,0.0,0.0,0.0,0.0,0.0,0.0,0.0,0.0,0.0,0.0,0.0
32947,1,3.0,29.0,338190.0,72140.0,42570.0,1090.0,28480.0,919.5443,338190.0,52.18829,44.395298,0.210089,0.15942729,88355.33,47331.727,0,0.0,0.0,47.331726,3.8780882,12.731363146706686,3.954858,3.7931335,0.4154428424685052,0.722252743293076,0.7021315751078196,0.722252743293076,0.7021315751078196,6.8238783,0.015109509287496534,0.39478791239257,0.5901025783199335,10.658905058822198,12.731363146706686,3.8780882,0,0,0,0.0,0.0,0.0,near,1.0,0.0,0.0,0.0,0.0,0.0,0.0,0.0,0.0,0.0,0.0,0.0,0.0,0.0,0.0
32947,2,3.0,29.0,413330.0,88670.0,48830.0,2860.0,36980.0,1123.8512,338190.0,49.881268,45.075512,0.24689715,0.39185724,88355.33,47331.727,0,0.0,0.0,47.331726,3.8780882,12.731363146706686,3.9096456,3.808339,0.4154428424685052,0.722252743293076,0.7021315751078196,0.722252743293076,0.7021315751078196,7.0245166,0.0322544265253186,0.4170519905266719,0.5506935829480095,10.796100157055706,25.462726293413372,7.7561765,1,1,0,0.0,0.0,0.0,near,1.0,1.0,0.0,0.0,0.0,0.0,0.0,0.0,0.0,0.0,0.0,0.0,0.0,0.0,0.0
32947,3,3.0,29.0,470360.0,140520.0,50520.0,20980.0,69020.0,1278.9167,338190.0,44.589924,45.447422,0.25618675,0.6930374,88355.33,47331.727,0,0.0,0.0,47.331726,3.8780882,12.731363146706686,3.797508,3.816556,0.4154428424685052,0.722252743293076,0.7021315751078196,0.722252743293076,0.7021315751078196,7.1537685,0.1493025903785938,0.49117563336179904,0.3595217762596072,10.830124576464428,38.19408944012006,11.634265,1,0,1,0.0,0.0,0.0,near,1.0,0.0,1.0,0.0,0.0,0.0,0.0,0.0,0.0,0.0,0.0,0.0,0.0,0.0,0.0
32956,1,3.0,29.0,166970.0,37790.0,29840.0,710.0,7240.0,762.629,166970.0,52.26037,44.074753,0.056537103,0.038292103,96709.85,65739.836,0,0.0,0.0,65.73984,4.200802,12.025569434543003,3.9562383,3.7858872,0.41863365135103753,0.7317945106062634,0.7642322398431394,0.7317945106062634,0.7642322398431394,6.6367717,0.01878803916379995,0.1915850754167769,0.7896268854194232,10.303605054317698,12.025569434543003,4.200802,0,0,0,0.0,0.0,0.0,near,1.0,0.0,0.0,0.0,0.0,0.0,0.0,0.0,0.0,0.0,0.0,0.0,0.0,0.0,0.0
32956,2,3.0,29.0,187840.0,41490.0,31240.0,740.0,9510.0,857.95197,166970.0,49.843765,45.145744,0.06457624,0.18016087,96709.85,65739.836,0,0.0,0.0,65.73984,4.200802,12.025569434543003,3.9088936,3.809896,0.41863365135103753,0.7317945106062634,0.7642322398431394,0.7317945106062634,0.7642322398431394,6.754548,0.017835623041696794,0.2292118582791034,0.7529525186791998,10.349454603953623,24.051138869086007,8.401604,1,1,0,0.0,0.0,0.0,near,1.0,1.0,0.0,0.0,0.0,0.0,0.0,0.0,0.0,0.0,0.0,0.0,0.0,0.0,0.0
32956,3,3.0,29.0,203820.0,57120.0,35860.0,5580.0,15680.0,930.94,166970.0,44.63596,45.592945,0.066431165,0.41601393,96709.85,65739.836,0,0.0,0.0,65.73984,4.200802,12.025569434543003,3.7985399,3.819753,0.41863365135103753,0.7317945106062634,0.7642322398431394,0.7317945106062634,0.7642322398431394,6.836195,0.0976890756302521,0.27450980392156865,0.6278011204481793,10.487377747159124,36.07670830362901,12.602406,1,0,1,0.0,0.0,0.0,near,1.0,0.0,1.0,0.0,0.0,0.0,0.0,0.0,0.0,0.0,0.0,0.0,0.0,0.0,0.0
32962,1,3.0,29.0,268230.0,64650.0,55970.0,870.0,7810.0,677.1604,268230.0,52.688026,42.398228,0.031838346,0.012326355,108224.766,39500.55,0,0.0,0.0,39.50055,3.7013156,12.499600100397473,3.9643881,3.7471066,0.3661927780836902,0.5871613943963735,0.4959563980386985,0.5871613943963735,0.4959563980386985,6.517908,0.01345707656612529,0.12080433101314772,0.865738592420727,10.932571111885405,12.499600100397473,3.7013156,0,0,0,0.0,0.0,0.0,near,1.0,0.0,0.0,0.0,0.0,0.0,0.0,0.0,0.0,0.0,0.0,0.0,0.0,0.0,0.0
32962,2,3.0,29.0,323900.0,79470.0,67010.0,820.0,11640.0,817.7022,268230.0,49.62126,45.657215,0.039086137,0.16425425,108224.766,39500.55,0,0.0,0.0,39.50055,3.7013156,12.499600100397473,3.9044194,3.8211617,0.3661927780836902,0.5871613943963735,0.4959563980386985,0.5871613943963735,0.4959563980386985,6.706498,0.010318359129231156,0.14647036617591544,0.8432112746948534,11.112597140967216,24.999200200794945,7.4026313,1,1,0,0.0,0.0,0.0,near,1.0,1.0,0.0,0.0,0.0,0.0,0.0,0.0,0.0,0.0,0.0,0.0,0.0,0.0,0.0
32962,3,3.0,29.0,363120.0,96720.0,73780.0,3840.0,19100.0,916.7151,268230.0,44.909103,46.50495,0.06494435,0.39324206,108224.766,39500.55,0,0.0,0.0,39.50055,3.7013156,12.499600100397473,3.8046405,3.8395588,0.3661927780836902,0.5871613943963735,0.4959563980386985,0.5871613943963735,0.4959563980386985,6.820797,0.03970223325062035,0.19747725392886684,0.7628205128205128,11.208842971150666,37.49880030119242,11.103947,1,0,1,0.0,0.0,0.0,near,1.0,0.0,1.0,0.0,0.0,0.0,0.0,0.0,0.0,0.0,0.0,0.0,0.0,0.0,0.0
32984,1,3.0,29.0,170790.0,42480.0,34650.0,660.0,7170.0,584.5169,170790.0,55.98897,43.314106,0.02564553,0.013818387,104096.49,20747.48,0,0.0,0.0,20.74748,3.0794978,12.048190010613236,4.0251546,3.7684784,,,,,,6.3707857,0.015536723163841809,0.1687853107344633,0.815677966101695,10.453053004618049,12.048190010613236,3.0794978,0,0,0,0.0,0.0,0.0,near,1.0,0.0,0.0,0.0,0.0,0.0,0.0,0.0,0.0,0.0,0.0,0.0,0.0,0.0,0.0
32984,2,3.0,29.0,189720.0,43040.0,34520.0,510.0,8010.0,649.3035,170790.0,54.28316,51.010643,0.028462999,0.11601916,104096.49,20747.48,0,0.0,0.0,20.74748,3.0794978,12.048190010613236,3.994214,3.9320343,,,,,,6.4759,0.011849442379182156,0.18610594795539034,0.8020446096654275,10.449294145197364,24.096380021226473,6.1589956,1,1,0,0.0,0.0,0.0,near,1.0,1.0,0.0,0.0,0.0,0.0,0.0,0.0,0.0,0.0,0.0,0.0,0.0,0.0,0.0
32984,3,3.0,29.0,191740.0,51920.0,33060.0,6460.0,12400.0,656.21686,170790.0,48.48507,49.05255,0.03004068,0.3999126,104096.49,20747.48,0,0.0,0.0,20.74748,3.0794978,12.048190010613236,3.8812559,3.8928924,,,,,,6.486491,0.12442218798151002,0.23882896764252695,0.636748844375963,10.406079371375014,36.144570031839706,9.238493,1,0,1,0.0,0.0,0.0,near,1.0,0.0,1.0,0.0,0.0,0.0,0.0,0.0,0.0,0.0,0.0,0.0,0.0,0.0,0.0
33532,1,3.0,35.0,291980.0,59150.0,45560.0,530.0,13060.0,760.78064,291980.0,53.197952,42.37403,0.08380711,0.066077605,149954.62,57721.855,0,0.0,0.0,57.721855,4.072812,12.58444058575397,3.97402,3.7465358,0.4394434114480987,0.7966882236209929,0.817263710684974,0.7966882236209929,0.817263710684974,6.634345,0.008960270498732038,0.22079459002535926,0.7702451394759087,10.726785417561118,12.58444058575397,4.072812,0,0,0,0.0,0.0,0.0,near,1.0,0.0,0.0,0.0,0.0,0.0,0.0,0.0,0.0,0.0,0.0,0.0,0.0,0.0,0.0
33532,2,3.0,35.0,322300.0,65270.0,47400.0,620.0,17250.0,839.78217,291980.0,49.46789,45.818024,0.13180266,0.25725338,149954.62,57721.855,0,0.0,0.0,57.721855,4.072812,12.58444058575397,3.9013238,3.8246775,0.4394434114480987,0.7966882236209929,0.817263710684974,0.7966882236209929,0.817263710684974,6.7331424,0.009499004136663092,0.26428680864102955,0.7262141872223074,10.766377507683169,25.16888117150794,8.145624,1,1,0,0.0,0.0,0.0,near,1.0,1.0,0.0,0.0,0.0,0.0,0.0,0.0,0.0,0.0,0.0,0.0,0.0,0.0,0.0
33532,3,3.0,35.0,343880.0,89660.0,51600.0,6600.0,31460.0,896.0108,291980.0,45.019657,46.951767,0.15487961,0.5986878,149954.62,57721.855,0,0.0,0.0,57.721855,4.072812,12.58444058575397,3.8070993,3.8491209,0.4394434114480987,0.7966882236209929,0.817263710684974,0.7966882236209929,0.817263710684974,6.7979527,0.07361142092348874,0.35088110640196296,0.5755074726745483,10.851276951469654,37.753321757261915,12.218436,1,0,1,0.0,0.0,0.0,near,1.0,0.0,1.0,0.0,0.0,0.0,0.0,0.0,0.0,0.0,0.0,0.0,0.0,0.0,0.0
33543,1,3.0,35.0,205840.0,43360.0,35280.0,560.0,7520.0,693.78815,205840.0,52.764908,42.139927,0.018995335,0.015608181,134406.22,51973.453,0,0.0,0.0,51.973454,3.969791,12.234854446955627,3.9658463,3.7409956,0.39330424691247795,0.6588136407500518,0.6373845461982932,0.6588136407500518,0.6373845461982932,6.5421667,0.012915129151291513,0.17343173431734318,0.8136531365313653,10.471071510120728,12.234854446955627,3.969791,0,0,0,0.0,0.0,0.0,near,1.0,0.0,0.0,0.0,0.0,0.0,0.0,0.0,0.0,0.0,0.0,0.0,0.0,0.0,0.0
33543,2,3.0,35.0,229060.0,45750.0,35960.0,660.0,9130.0,772.05164,205840.0,49.581257,45.7661,0.024578713,0.102609076,134406.22,51973.453,0,0.0,0.0,51.973454,3.969791,12.234854446955627,3.9036129,3.8235438,0.39330424691247795,0.6588136407500518,0.6373845461982932,0.6588136407500518,0.6373845461982932,6.6490517,0.014426229508196721,0.19956284153005466,0.7860109289617486,10.490162488585556,24.469708893911253,7.939582,1,1,0,0.0,0.0,0.0,near,1.0,1.0,0.0,0.0,0.0,0.0,0.0,0.0,0.0,0.0,0.0,0.0,0.0,0.0,0.0
33543,3,3.0,35.0,209360.0,52520.0,33780.0,1760.0,16980.0,705.65234,205840.0,44.95821,46.67749,0.027130302,0.45576176,134406.22,51973.453,0,0.0,0.0,51.973454,3.969791,12.234854446955627,3.8057334,3.843262,0.39330424691247795,0.6588136407500518,0.6373845461982932,0.6588136407500518,0.6373845461982932,6.5591226,0.03351104341203351,0.3233054074638233,0.6431835491241432,10.427624190361792,36.70456334086688,11.909372,1,0,1,0.0,0.0,0.0,near,1.0,0.0,1.0,0.0,0.0,0.0,0.0,0.0,0.0,0.0,0.0,0.0,0.0,0.0,0.0
33551,1,3.0,35.0,208760.0,46200.0,37410.0,400.0,8390.0,575.50867,208760.0,58.075027,44.68745,0.038321517,0.0047556143,156417.3,50866.547,0,0.0,0.0,50.866547,3.948674,12.24894054575735,4.0617356,3.7996926,0.39062680122184923,0.6514537516947707,0.6243847357095884,0.6514537516947707,0.6243847357095884,6.355254,0.008658008658008658,0.1816017316017316,0.8097402597402598,10.529693327342192,12.24894054575735,3.948674,0,0,0,0.0,0.0,0.0,near,1.0,0.0,0.0,0.0,0.0,0.0,0.0,0.0,0.0,0.0,0.0,0.0,0.0,0.0,0.0
33551,2,3.0,35.0,223640.0,52990.0,43990.0,220.0,8780.0,616.5298,208760.0,53.11644,50.19688,0.046771597,0.06170262,156417.3,50866.547,0,0.0,0.0,50.866547,3.948674,12.24894054575735,3.9724865,3.915953,0.39062680122184923,0.6514537516947707,0.6243847357095884,0.6514537516947707,0.6243847357095884,6.4241066,0.004151726740894509,0.16569163993206265,0.8301566333270428,10.691717614342766,24.4978810915147,7.897348,1,1,0,0.0,0.0,0.0,near,1.0,1.0,0.0,0.0,0.0,0.0,0.0,0.0,0.0,0.0,0.0,0.0,0.0,0.0,0.0
33551,3,3.0,35.0,232840.0,61800.0,44080.0,1840.0,15880.0,641.8923,208760.0,48.835682,51.02112,0.05127985,0.377602,156417.3,50866.547,0,0.0,0.0,50.866547,3.948674,12.24894054575735,3.888461,3.9322395,0.39062680122184923,0.6514537516947707,0.6243847357095884,0.6514537516947707,0.6243847357095884,6.4644203,0.02977346278317152,0.256957928802589,0.7132686084142394,10.693761443826796,36.74682163727205,11.846022,1,0,1,0.0,0.0,0.0,near,1.0,0.0,1.0,0.0,0.0,0.0,0.0,0.0,0.0,0.0,0.0,0.0,0.0,0.0,0.0
33558,1,3.0,35.0,269080.0,59540.0,46110.0,1570.0,11860.0,802.64886,269080.0,53.599174,42.30371,0.022558346,0.022772674,127452.52,37122.066,0,0.0,0.0,37.122066,3.6407933,12.502764012139542,3.9815338,3.744875,0.3559903408947643,0.561759900037779,0.44833952978689146,0.561759900037779,0.44833952978689146,6.687917,0.026368827678871345,0.19919381928115554,0.7744373530399731,10.738785125200751,12.502764012139542,3.6407933,0,0,0,0.0,0.0,0.0,near,1.0,0.0,0.0,0.0,0.0,0.0,0.0,0.0,0.0,0.0,0.0,0.0,0.0,0.0,0.0
33558,2,3.0,35.0,288360.0,62490.0,48650.0,690.0,13150.0,860.1599,269080.0,50.513622,46.805534,0.062560685,0.15929204,127452.52,37122.066,0,0.0,0.0,37.122066,3.6407933,12.502764012139542,3.922243,3.8460014,0.3559903408947643,0.561759900037779,0.44833952978689146,0.561759900037779,0.44833952978689146,6.757118,0.011041766682669226,0.21043366938710192,0.7785245639302288,10.792407087614151,25.005528024279084,7.2815866,1,1,0,0.0,0.0,0.0,near,1.0,1.0,0.0,0.0,0.0,0.0,0.0,0.0,0.0,0.0,0.0,0.0,0.0,0.0,0.0
33558,3,3.0,35.0,287620.0,75980.0,51280.0,6500.0,18200.0,857.9525,269080.0,45.78656,47.410976,0.06981434,0.4260757,127452.52,37122.066,0,0.0,0.0,37.122066,3.6407933,12.502764012139542,3.8239906,3.8588538,0.3559903408947643,0.561759900037779,0.44833952978689146,0.561759900037779,0.44833952978689146,6.7545485,0.08554882863911556,0.23953672018952357,0.6749144511713608,10.845056091594552,37.508292036418624,10.92238,1,0,1,0.0,0.0,0.0,near,1.0,0.0,1.0,0.0,0.0,0.0,0.0,0.0,0.0,0.0,0.0,0.0,0.0,0.0,0.0
33591,1,3.0,35.0,87850.0,21010.0,17950.0,90.0,2970.0,530.46313,87850.0,55.796207,44.114357,0.3430848,0.03496082,166628.69,67106.43,0,0.0,0.0,67.10643,4.2210717,11.383386093615243,4.021706,3.7867854,0.3726622201296204,0.6036967333653369,0.6016882332934954,0.6036967333653369,0.6016882332934954,6.2737503,0.004283674440742504,0.14136125654450263,0.8543550690147549,9.795345393916424,11.383386093615243,4.2210717,0,0,0,0.0,0.0,0.0,near,1.0,0.0,0.0,0.0,0.0,0.0,0.0,0.0,0.0,0.0,0.0,0.0,0.0,0.0,0.0
33591,2,3.0,35.0,99430.0,22610.0,19230.0,50.0,3330.0,600.3865,87850.0,48.7877,46.382538,0.36387408,0.3340112,166628.69,67106.43,0,0.0,0.0,67.10643,4.2210717,11.383386093615243,3.8874784,3.8369231,0.3726622201296204,0.6036967333653369,0.6016882332934954,0.6036967333653369,0.6016882332934954,6.3975735,0.0022114108801415304,0.14727996461742593,0.8505086245024326,9.864226838582825,22.766772187230487,8.442143,1,1,0,0.0,0.0,0.0,near,1.0,1.0,0.0,0.0,0.0,0.0,0.0,0.0,0.0,0.0,0.0,0.0,0.0,0.0,0.0
33591,3,3.0,35.0,97960.0,25860.0,18580.0,740.0,6540.0,591.5102,87850.0,45.38836,48.6368,0.37362188,0.5784133,166628.69,67106.43,0,0.0,0.0,67.10643,4.2210717,11.383386093615243,3.8152556,3.8843803,0.3726622201296204,0.6036967333653369,0.6016882332934954,0.6036967333653369,0.6016882332934954,6.382679,0.028615622583139984,0.2529002320185615,0.7184841453982985,9.82984101236783,34.15015828084573,12.663216,1,0,1,0.0,0.0,0.0,near,1.0,0.0,1.0,0.0,0.0,0.0,0.0,0.0,0.0,0.0,0.0,0.0,0.0,0.0,0.0
35440,1,3.0,54.0,250660.0,55170.0,46430.0,400.0,8340.0,841.6776,250660.0,58.692738,44.067547,0.022580387,0.04951561,155012.44,38697.062,0,0.0,0.0,38.697063,3.6812773,12.431852718165514,4.072316,3.7857237,0.35767606190870005,0.5659012708045422,0.46103809641830784,0.5659012708045422,0.46103809641830784,6.735397,0.0072503172013775605,0.15116911364872213,0.8415805691499003,10.745701081013967,12.431852718165514,3.6812773,0,0,0,0.0,0.0,0.0,near,1.0,0.0,0.0,0.0,0.0,0.0,0.0,0.0,0.0,0.0,0.0,0.0,0.0,0.0,0.0
35440,2,3.0,54.0,272290.0,58240.0,48480.0,680.0,9080.0,914.3078,250660.0,55.71375,52.964573,0.14161372,0.3479618,155012.44,38697.062,0,0.0,0.0,38.697063,3.6812773,12.431852718165514,4.020227,3.9696233,0.35767606190870005,0.5659012708045422,0.46103809641830784,0.5659012708045422,0.46103809641830784,6.818167,0.011675824175824176,0.1559065934065934,0.8324175824175825,10.788906620743196,24.863705436331028,7.3625546,1,1,0,0.0,0.0,0.0,near,1.0,1.0,0.0,0.0,0.0,0.0,0.0,0.0,0.0,0.0,0.0,0.0,0.0,0.0,0.0
35440,3,3.0,54.0,276180.0,69340.0,46940.0,8580.0,13820.0,927.3698,250660.0,50.571255,51.961544,0.15620248,0.573438,155012.44,38697.062,0,0.0,0.0,38.697063,3.6812773,12.431852718165514,3.9233832,3.9505038,0.35767606190870005,0.5659012708045422,0.46103809641830784,0.5659012708045422,0.46103809641830784,6.8323526,0.12373810210556677,0.1993077588693395,0.6769541390250937,10.756625469405014,37.29555815449654,11.043832,1,0,1,0.0,0.0,0.0,near,1.0,0.0,1.0,0.0,0.0,0.0,0.0,0.0,0.0,0.0,0.0,0.0,0.0,0.0,0.0
35454,1,3.0,54.0,307370.0,73830.0,51150.0,2340.0,20340.0,1039.6766,307370.0,58.187634,43.607525,0.15365846,0.15621622,139418.1,25405.527,0,0.0,0.0,25.405527,3.2735734,12.635807512611077,4.063673,3.7752297,0.3048417211056165,0.4456517407104369,0.19111892561687904,0.4456517407104369,0.19111892561687904,6.946665,0.03169443315725315,0.2754977651361235,0.6928078017066234,10.842517771379773,12.635807512611077,3.2735734,0,0,0,0.0,0.0,0.0,near,1.0,0.0,0.0,0.0,0.0,0.0,0.0,0.0,0.0,0.0,0.0,0.0,0.0,0.0,0.0
35454,2,3.0,54.0,333330.0,70990.0,50590.0,1400.0,19000.0,1127.4861,307370.0,55.641617,52.890724,0.1600216,0.45658836,139418.1,25405.527,0,0.0,0.0,25.405527,3.2735734,12.635807512611077,4.0189314,3.9682279,0.3048417211056165,0.4456517407104369,0.19111892561687904,0.4456517407104369,0.19111892561687904,7.0277457,0.01972108747710945,0.26764333004648544,0.7126355824764051,10.831509207285983,25.271615025222154,6.547147,1,1,0,0.0,0.0,0.0,near,1.0,1.0,0.0,0.0,0.0,0.0,0.0,0.0,0.0,0.0,0.0,0.0,0.0,0.0,0.0
35454,3,3.0,54.0,345820.0,94420.0,46020.0,11520.0,36880.0,1169.7334,307370.0,50.34249,51.592216,0.18396854,0.6837086,139418.1,25405.527,0,0.0,0.0,25.405527,3.2735734,12.635807512611077,3.9188495,3.9433708,0.3048417211056165,0.4456517407104369,0.19111892561687904,0.4456517407104369,0.19111892561687904,7.0645313,0.1220080491421309,0.3905952128786274,0.4873967379792417,10.736831363589356,37.90742253783323,9.820721,1,0,1,0.0,0.0,0.0,near,1.0,0.0,1.0,0.0,0.0,0.0,0.0,0.0,0.0,0.0,0.0,0.0,0.0,0.0,0.0
35480,1,3.0,54.0,204840.0,45960.0,35230.0,470.0,10260.0,894.53687,204840.0,56.982582,43.200798,0.084407344,0.10804416,135938.14,31993.625,0,0.0,0.0,31.993626,3.4963143,12.229984465576486,4.0427456,3.765859,0.31238333187505274,0.46168563148863695,0.2566226384233765,0.46168563148863695,0.2566226384233765,6.796306,0.010226283724978242,0.22323759791122716,0.7665361183637946,10.469653271335284,12.229984465576486,3.4963143,0,0,0,0.0,0.0,0.0,near,1.0,0.0,0.0,0.0,0.0,0.0,0.0,0.0,0.0,0.0,0.0,0.0,0.0,0.0,0.0
35480,2,3.0,54.0,218480.0,49510.0,36370.0,440.0,12700.0,954.1028,204840.0,54.294872,51.238754,0.09579824,0.387883,135938.14,31993.625,0,0.0,0.0,31.993626,3.4963143,12.229984465576486,3.9944298,3.9364963,0.31238333187505274,0.46168563148863695,0.2566226384233765,0.46168563148863695,0.2566226384233765,6.8607717,0.00888709351646132,0.25651383558876995,0.7345990708947687,10.501499537981035,24.45996893115297,6.9926286,1,1,0,0.0,0.0,0.0,near,1.0,1.0,0.0,0.0,0.0,0.0,0.0,0.0,0.0,0.0,0.0,0.0,0.0,0.0,0.0
35480,3,3.0,54.0,227200.0,61660.0,36680.0,4960.0,20020.0,992.18304,204840.0,49.145985,50.47184,0.09066901,0.68470687,135938.14,31993.625,0,0.0,0.0,31.993626,3.4963143,12.229984465576486,3.8947952,3.9214156,0.31238333187505274,0.46168563148863695,0.2566226384233765,0.46168563148863695,0.2566226384233765,6.8999076,0.08044112877067791,0.32468374959455076,0.5948751216347713,10.5099869263704,36.68995339672946,10.488943,1,0,1,0.0,0.0,0.0,near,1.0,0.0,1.0,0.0,0.0,0.0,0.0,0.0,0.0,0.0,0.0,0.0,0.0,0.0,0.0
35487,1,3.0,54.0,308990.0,75210.0,60820.0,1200.0,13190.0,1047.8143,308990.0,58.187634,43.607525,0.049451437,0.012157534,120386.336,8626.4795,0,0.0,0.0,8.626479,2.2645175,12.64106419289666,4.063673,3.7752297,,,,,,6.9544616,0.015955325089748704,0.17537561494482118,0.8086690599654301,11.015673961231355,12.64106419289666,2.2645175,0,0,0,0.0,0.0,0.0,near,1.0,0.0,0.0,0.0,0.0,0.0,0.0,0.0,0.0,0.0,0.0,0.0,0.0,0.0,0.0
35487,2,3.0,54.0,329120.0,72330.0,55850.0,960.0,15520.0,1116.0771,308990.0,55.641617,52.890724,0.087263,0.13412687,120386.336,8626.4795,0,0.0,0.0,8.626479,2.2645175,12.64106419289666,4.0189314,3.9682279,,,,,,7.0175753,0.013272501036914143,0.21457210009677866,0.7721553988663072,10.930424804497347,25.28212838579332,4.529035,1,1,0,0.0,0.0,0.0,near,1.0,1.0,0.0,0.0,0.0,0.0,0.0,0.0,0.0,0.0,0.0,0.0,0.0,0.0,0.0
35487,3,3.0,54.0,316360.0,93480.0,58980.0,8780.0,25720.0,1072.8068,308990.0,50.34249,51.592216,0.099759765,0.4468989,120386.336,8626.4795,0,0.0,0.0,8.626479,2.2645175,12.64106419289666,3.9188495,3.9433708,,,,,,6.9780335,0.09392383397518185,0.27513906718014547,0.6309370988446726,10.984953682369268,37.92319257868998,6.7935524,1,0,1,0.0,0.0,0.0,near,1.0,0.0,1.0,0.0,0.0,0.0,0.0,0.0,0.0,0.0,0.0,0.0,0.0,0.0,0.0
38207,1,3.0,82.0,161960.0,40790.0,33940.0,340.0,6510.0,660.5759,161960.0,51.49359,44.33954,0.04309706,0.014623956,85904.14,74510.19,0,0.0,0.0,74.510185,4.3242674,11.995104670146098,3.9414573,3.7918768,0.4388263247062122,0.794694640418294,0.85468606271463,0.794694640418294,0.85468606271463,6.493112,0.008335376317724933,0.15959794067173327,0.8320666830105418,10.432349538788218,11.995104670146098,4.3242674,0,0,0,0.0,0.0,0.0,near,1.0,0.0,0.0,0.0,0.0,0.0,0.0,0.0,0.0,0.0,0.0,0.0,0.0,0.0,0.0
38207,2,3.0,82.0,186680.0,46790.0,37480.0,740.0,8570.0,761.3998,161960.0,48.923203,43.907883,0.040711377,0.118729986,85904.14,74510.19,0,0.0,0.0,74.510185,4.3242674,11.995104670146098,3.8902516,3.7820938,0.4388263247062122,0.794694640418294,0.85468606271463,0.794694640418294,0.85468606271463,6.6351585,0.015815345159222057,0.18315879461423382,0.8010258602265441,10.531562736352358,23.990209340292196,8.648535,1,1,0,0.0,0.0,0.0,near,1.0,1.0,0.0,0.0,0.0,0.0,0.0,0.0,0.0,0.0,0.0,0.0,0.0,0.0,0.0
38207,3,3.0,82.0,208360.0,60660.0,46520.0,4380.0,9760.0,849.82465,161960.0,43.931206,44.991516,0.050297562,0.39083442,85904.14,74510.19,0,0.0,0.0,74.510185,4.3242674,11.995104670146098,3.782625,3.806474,0.4388263247062122,0.794694640418294,0.85468606271463,0.794694640418294,0.85468606271463,6.74503,0.0722057368941642,0.16089680184635674,0.7668974612594791,10.747637606632601,35.985314010438294,12.972802,1,0,1,0.0,0.0,0.0,near,1.0,0.0,1.0,0.0,0.0,0.0,0.0,0.0,0.0,0.0,0.0,0.0,0.0,0.0,0.0
38229,1,3.0,82.0,91650.0,21650.0,14420.0,260.0,6970.0,619.5079,91650.0,52.18829,44.395298,0.12602292,0.05674653,71819.805,60327.29,0,0.0,0.0,60.32729,4.116225,11.425732253267851,3.954858,3.7931335,0.3576655946380804,0.5658754884211774,0.5294616774661716,0.5658754884211774,0.5294616774661716,6.4289255,0.012009237875288684,0.32193995381062357,0.6660508083140878,9.57637141083894,11.425732253267851,4.116225,0,0,0,0.0,0.0,0.0,near,1.0,0.0,0.0,0.0,0.0,0.0,0.0,0.0,0.0,0.0,0.0,0.0,0.0,0.0,0.0
38229,2,3.0,82.0,116440.0,24570.0,15060.0,330.0,9180.0,787.0758,91650.0,49.881268,45.075512,0.2723291,0.13148789,71819.805,60327.29,0,0.0,0.0,60.32729,4.116225,11.425732253267851,3.9096456,3.808339,0.3576655946380804,0.5658754884211774,0.5294616774661716,0.5658754884211774,0.5294616774661716,6.6683245,0.013431013431013432,0.37362637362637363,0.612942612942613,9.619797501353885,22.851464506535702,8.23245,1,1,0,0.0,0.0,0.0,near,1.0,1.0,0.0,0.0,0.0,0.0,0.0,0.0,0.0,0.0,0.0,0.0,0.0,0.0,0.0
38229,3,3.0,82.0,110760.0,32200.0,16460.0,3480.0,12260.0,748.6819,91650.0,44.589924,45.447422,0.26760563,0.4516653,71819.805,60327.29,0,0.0,0.0,60.32729,4.116225,11.425732253267851,3.797508,3.816556,0.3576655946380804,0.5658754884211774,0.5294616774661716,0.5658754884211774,0.5294616774661716,6.6183143,0.10807453416149068,0.3807453416149068,0.5111801242236025,9.70868847423106,34.27719675980355,12.348675,1,0,1,0.0,0.0,0.0,near,1.0,0.0,1.0,0.0,0.0,0.0,0.0,0.0,0.0,0.0,0.0,0.0,0.0,0.0,0.0
38273,1,3.0,82.0,317300.0,80120.0,67010.0,1960.0,11150.0,694.3563,317300.0,47.37171,44.317253,0.080743775,0.024474885,78299.6,90592.875,0,0.0,0.0,78.2996,4.373233,12.667602977571287,3.8580253,3.791374,0.502015527296416,1.0244865239050753,1.0811495062126855,1.0244865239050753,1.0811495062126855,6.5429854,0.024463305042436344,0.1391662506240639,0.8363704443334997,11.112597140967216,12.667602977571287,4.373233,0,0,0,0.0,0.0,0.0,near,1.0,0.0,0.0,0.0,0.0,0.0,0.0,0.0,0.0,0.0,0.0,0.0,0.0,0.0,0.0
38273,2,3.0,82.0,352940.0,85420.0,68590.0,1930.0,14900.0,772.34827,317300.0,43.238697,37.65062,0.08378194,0.12623522,78299.6,90592.875,0,0.0,0.0,78.2996,4.373233,12.667602977571287,3.7667358,3.6283493,0.502015527296416,1.0244865239050753,1.0811495062126855,1.0244865239050753,1.0811495062126855,6.6494355,0.022594240224771717,0.17443221727932567,0.8029735424959026,11.135902030493368,25.335205955142573,8.746466,1,1,0,0.0,0.0,0.0,near,1.0,1.0,0.0,0.0,0.0,0.0,0.0,0.0,0.0,0.0,0.0,0.0,0.0,0.0,0.0
38273,3,3.0,82.0,400860.0,113660.0,77940.0,5960.0,29760.0,877.21295,317300.0,40.022816,42.439068,0.084260985,0.4262101,78299.6,90592.875,0,0.0,0.0,78.2996,4.373233,12.667602977571287,3.6894498,3.7480693,0.502015527296416,1.0244865239050753,1.0811495062126855,1.0244865239050753,1.0811495062126855,6.7767496,0.0524370930846384,0.2618335386239662,0.6857293682913954,11.2636945788927,38.00280893271386,13.119699,1,0,1,0.0,0.0,0.0,near,1.0,0.0,1.0,0.0,0.0,0.0,0.0,0.0,0.0,0.0,0.0,0.0,0.0,0.0,0.0
38276,1,3.0,82.0,263950.0,59400.0,41810.0,1530.0,16060.0,973.33875,263950.0,52.18829,44.395298,0.15995453,0.09422059,78011.516,65525.492,0,0.0,0.0,65.52549,4.197585,12.483514970251763,3.954858,3.7931335,0.45443635355105383,0.8465108801839888,0.8891486398032455,0.8465108801839888,0.8891486398032455,6.880732,0.025757575757575757,0.27037037037037037,0.7038720538720539,10.640890824350612,12.483514970251763,4.197585,0,0,0,0.0,0.0,0.0,near,1.0,0.0,0.0,0.0,0.0,0.0,0.0,0.0,0.0,0.0,0.0,0.0,0.0,0.0,0.0
38276,2,3.0,82.0,292120.0,66250.0,41680.0,1750.0,22820.0,1077.2181,263950.0,49.881268,45.075512,0.16462412,0.21045773,78011.516,65525.492,0,0.0,0.0,65.52549,4.197585,12.483514970251763,3.9096456,3.808339,0.45443635355105383,0.8465108801839888,0.8891486398032455,0.8465108801839888,0.8891486398032455,6.982137,0.026415094339622643,0.3444528301886792,0.6291320754716981,10.637776676427249,24.967029940503526,8.39517,1,1,0,0.0,0.0,0.0,near,1.0,1.0,0.0,0.0,0.0,0.0,0.0,0.0,0.0,0.0,0.0,0.0,0.0,0.0,0.0
38276,3,3.0,82.0,329460.0,92900.0,42360.0,9020.0,41520.0,1214.9126,263950.0,44.589924,45.447422,0.17750257,0.5654464,78011.516,65525.492,0,0.0,0.0,65.52549,4.197585,12.483514970251763,3.797508,3.816556,0.45443635355105383,0.8465108801839888,0.8891486398032455,0.8465108801839888,0.8891486398032455,7.1024275,0.09709364908503768,0.4469321851453176,0.4559741657696448,10.653959799715343,37.45054491075529,12.592755,1,0,1,0.0,0.0,0.0,near,1.0,0.0,1.0,0.0,0.0,0.0,0.0,0.0,0.0,0.0,0.0,0.0,0.0,0.0,0.0
38614,1,3.0,86.0,206160.0,47370.0,39320.0,400.0,7650.0,714.98926,206160.0,62.79996,48.58072,0.021633683,0.015300547,149896.56,35577.176,0,0.0,0.0,35.577175,3.5994244,12.236407845326246,4.1399546,3.8832269,0.3296349443260411,0.49972005444581197,0.3410350519070411,0.49972005444581197,0.3410350519070411,6.5722675,0.008444162972345366,0.16149461684610514,0.8300612201815495,10.579488574261102,12.236407845326246,3.5994244,0,0,0,0.0,0.0,0.0,near,1.0,0.0,0.0,0.0,0.0,0.0,0.0,0.0,0.0,0.0,0.0,0.0,0.0,0.0,0.0
38614,2,3.0,86.0,237370.0,50040.0,41360.0,600.0,8080.0,823.22955,206160.0,60.83952,58.063046,0.034039684,0.0726123,149896.56,35577.176,0,0.0,0.0,35.577175,3.5994244,12.236407845326246,4.1082397,4.0615296,0.3296349443260411,0.49972005444581197,0.3410350519070411,0.49972005444581197,0.3410350519070411,6.713235,0.011990407673860911,0.16147082334132695,0.8265387689848122,10.630069509182311,24.472815690652492,7.1988487,1,1,0,0.0,0.0,0.0,near,1.0,1.0,0.0,0.0,0.0,0.0,0.0,0.0,0.0,0.0,0.0,0.0,0.0,0.0,0.0
38614,3,3.0,86.0,253620.0,63400.0,42580.0,4100.0,16720.0,879.5866,206160.0,56.645454,58.94209,0.034776438,0.38957632,149896.56,35577.176,0,0.0,0.0,35.577175,3.5994244,12.236407845326246,4.036812,4.0765553,0.3296349443260411,0.49972005444581197,0.3410350519070411,0.49972005444581197,0.3410350519070411,6.779452,0.06466876971608833,0.2637223974763407,0.671608832807571,10.65913993844747,36.70922353597874,10.798273,1,0,1,0.0,0.0,0.0,near,1.0,0.0,1.0,0.0,0.0,0.0,0.0,0.0,0.0,0.0,0.0,0.0,0.0,0.0,0.0
38625,1,3.0,86.0,96530.0,19160.0,15060.0,210.0,3890.0,1072.6748,96530.0,58.187634,43.607525,0.13519113,0.06859009,154734.0,36595.3,0,0.0,0.0,36.595303,3.6268792,11.477609119842661,4.063673,3.7752297,0.2819948433956393,0.3991337983662776,0.15178227906042752,,,6.9779105,0.010960334029227558,0.20302713987473903,0.7860125260960334,9.619797501353885,11.477609119842661,3.6268792,0,0,0,0.0,0.0,0.0,near,1.0,0.0,0.0,0.0,0.0,0.0,0.0,0.0,0.0,0.0,0.0,0.0,0.0,0.0,0.0
38625,2,3.0,86.0,117130.0,23780.0,17000.0,500.0,6280.0,1301.5891,96530.0,55.641617,52.890724,0.16460343,0.16989248,154734.0,36595.3,0,0.0,0.0,36.595303,3.6268792,11.477609119842661,4.0189314,3.9682279,0.2819948433956393,0.3991337983662776,0.15178227906042752,,,7.1713414,0.021026072329688814,0.2640874684608915,0.7148864592094197,9.740968623038354,22.955218239685323,7.2537584,1,1,0,0.0,0.0,0.0,near,1.0,1.0,0.0,0.0,0.0,0.0,0.0,0.0,0.0,0.0,0.0,0.0,0.0,0.0,0.0
38625,3,3.0,86.0,111720.0,28240.0,15400.0,2700.0,10140.0,1241.4713,96530.0,50.34249,51.592216,0.1641604,0.4355372,154734.0,36595.3,0,0.0,0.0,36.595303,3.6268792,11.477609119842661,3.9188495,3.9433708,0.2819948433956393,0.3991337983662776,0.15178227906042752,,,7.1240525,0.09560906515580736,0.3590651558073654,0.5453257790368272,9.642122788401721,34.432827359527984,10.880638,1,0,1,0.0,0.0,0.0,near,1.0,0.0,1.0,0.0,0.0,0.0,0.0,0.0,0.0,0.0,0.0,0.0,0.0,0.0,0.0
38636,1,3.0,86.0,117230.0,26590.0,23020.0,340.0,3230.0,717.5736,117230.0,60.301617,45.828518,0.07148341,0.019991308,160913.52,42783.215,0,0.0,0.0,42.783215,3.7792506,11.671893096065874,4.099359,3.8249066,0.3191088143664794,0.47628399723511583,0.3279699708239092,0.47628399723511583,0.3279699708239092,6.5758758,0.012786761940579166,0.12147423843550206,0.8657389996239188,10.044118682275874,11.671893096065874,3.7792506,0,0,0,0.0,0.0,0.0,near,1.0,0.0,0.0,0.0,0.0,0.0,0.0,0.0,0.0,0.0,0.0,0.0,0.0,0.0,0.0
38636,2,3.0,86.0,122480.0,25120.0,21140.0,420.0,3560.0,749.7093,117230.0,58.023987,55.217457,0.07446114,0.08630245,160913.52,42783.215,0,0.0,0.0,42.783215,3.7792506,11.671893096065874,4.0608563,4.011279,0.3191088143664794,0.47628399723511583,0.3279699708239092,0.47628399723511583,0.3279699708239092,6.6196856,0.016719745222929936,0.14171974522292993,0.8415605095541401,9.958922259424229,23.34378619213175,7.5585012,1,1,0,0.0,0.0,0.0,near,1.0,1.0,0.0,0.0,0.0,0.0,0.0,0.0,0.0,0.0,0.0,0.0,0.0,0.0,0.0
38636,3,3.0,86.0,155320.0,40540.0,31320.0,2000.0,7220.0,950.7254,117230.0,53.23135,54.935513,0.065155804,0.29174203,160913.52,42783.215,0,0.0,0.0,42.783215,3.7792506,11.671893096065874,3.9746475,4.00616,0.3191088143664794,0.47628399723511583,0.3279699708239092,0.47628399723511583,0.3279699708239092,6.8572254,0.0493339911198816,0.17809570794277257,0.7725703009373458,10.35201215010474,35.015679288197624,11.337751,1,0,1,0.0,0.0,0.0,near,1.0,0.0,1.0,0.0,0.0,0.0,0.0,0.0,0.0,0.0,0.0,0.0,0.0,0.0,0.0
38665,1,3.0,86.0,214170.0,40690.0,29580.0,830.0,10280.0,793.89856,214170.0,58.892296,44.335842,0.036653128,0.03331688,137490.25,22988.63,0,0.0,0.0,22.98863,3.1775799,12.274525371164616,4.0757103,3.7917933,0.26641343826002417,0.3690707793818035,0.013614916826285572,,,6.6769557,0.02039813221921848,0.2526419267633325,0.726959941017449,10.294853736264791,12.274525371164616,3.1775799,0,0,0,0.0,0.0,0.0,near,1.0,0.0,0.0,0.0,0.0,0.0,0.0,0.0,0.0,0.0,0.0,0.0,0.0,0.0,0.0
38665,2,3.0,86.0,225030.0,42300.0,29040.0,890.0,12370.0,834.155,214170.0,56.43574,53.657375,0.09096565,0.19261745,137490.25,22988.63,0,0.0,0.0,22.98863,3.1775799,12.274525371164616,4.0331025,3.9826188,0.26641343826002417,0.3690707793818035,0.013614916826285572,,,6.7264194,0.021040189125295507,0.292434988179669,0.6865248226950355,10.276429468938732,24.549050742329232,6.3551598,1,1,0,0.0,0.0,0.0,near,1.0,1.0,0.0,0.0,0.0,0.0,0.0,0.0,0.0,0.0,0.0,0.0,0.0,0.0,0.0
38665,3,3.0,86.0,231820.0,58780.0,30280.0,6160.0,22340.0,859.32465,214170.0,51.305447,52.701313,0.10309723,0.52116084,137490.25,22988.63,0,0.0,0.0,22.98863,3.1775799,12.274525371164616,3.9377968,3.9646404,0.26641343826002417,0.3690707793818035,0.013614916826285572,,,6.756147,0.10479755018713849,0.38006124532153795,0.5151412044913236,10.318242707551384,36.82357611349385,9.53274,1,0,1,0.0,0.0,0.0,near,1.0,0.0,1.0,0.0,0.0,0.0,0.0,0.0,0.0,0.0,0.0,0.0,0.0,0.0,0.0
38669,1,3.0,86.0,163420.0,33740.0,26330.0,770.0,6640.0,916.4938,163420.0,58.187634,43.607525,0.20640069,0.06803385,142140.39,23762.21,0,0.0,0.0,23.76221,3.2093186,12.004078852938699,4.063673,3.7752297,,,,,,6.820555,0.022821576763485476,0.1967990515708358,0.7803793716656787,10.178464252490356,12.004078852938699,3.2093186,0,0,0,0.0,0.0,0.0,near,1.0,0.0,0.0,0.0,0.0,0.0,0.0,0.0,0.0,0.0,0.0,0.0,0.0,0.0,0.0
38669,2,3.0,86.0,199740.0,43250.0,32390.0,1040.0,9820.0,1120.184,163420.0,55.641617,52.890724,0.20291379,0.20283505,142140.39,23762.21,0,0.0,0.0,23.76221,3.2093186,12.004078852938699,4.0189314,3.9682279,,,,,,7.0212483,0.024046242774566472,0.22705202312138728,0.7489017341040463,10.385605012165374,24.008157705877398,6.4186373,1,1,0,0.0,0.0,0.0,near,1.0,1.0,0.0,0.0,0.0,0.0,0.0,0.0,0.0,0.0,0.0,0.0,0.0,0.0,0.0
38669,3,3.0,86.0,208500.0,59580.0,30320.0,7540.0,21720.0,1169.3119,163420.0,50.34249,51.592216,0.2326139,0.49825633,142140.39,23762.21,0,0.0,0.0,23.76221,3.2093186,12.004078852938699,3.9188495,3.9433708,,,,,,7.064171,0.1265525344075193,0.364551863041289,0.5088956025511917,10.319562839756308,36.0122365588161,9.627956,1,0,1,0.0,0.0,0.0,near,1.0,0.0,1.0,0.0,0.0,0.0,0.0,0.0,0.0,0.0,0.0,0.0,0.0,0.0,0.0
38694,1,3.0,86.0,156390.0,37200.0,32500.0,280.0,4420.0,595.3858,156390.0,58.187634,43.607525,0.012596713,0.014211439,126017.9,8438.517,0,0.0,0.0,8.438517,2.244799,11.960108166430262,4.063673,3.7752297,,,,,,6.3892097,0.007526881720430108,0.11881720430107527,0.8736559139784946,10.388995368317829,11.960108166430262,2.244799,0,0,0,0.0,0.0,0.0,near,1.0,0.0,0.0,0.0,0.0,0.0,0.0,0.0,0.0,0.0,0.0,0.0,0.0,0.0,0.0
38694,2,3.0,86.0,179800.0,42800.0,35630.0,490.0,6680.0,684.50903,156390.0,55.641617,52.890724,0.0977753,0.121751025,126017.9,8438.517,0,0.0,0.0,8.438517,2.244799,11.960108166430262,4.0189314,3.9682279,,,,,,6.528702,0.011448598130841122,0.1560747663551402,0.8324766355140187,10.480943258599881,23.920216332860523,4.489598,1,1,0,0.0,0.0,0.0,near,1.0,1.0,0.0,0.0,0.0,0.0,0.0,0.0,0.0,0.0,0.0,0.0,0.0,0.0,0.0
38694,3,3.0,86.0,196140.0,52040.0,35640.0,5660.0,10740.0,746.7164,156390.0,50.34249,51.592216,0.111858875,0.4525035,126017.9,8438.517,0,0.0,0.0,8.438517,2.244799,11.960108166430262,3.9188495,3.9433708,,,,,,6.6156855,0.10876249039200615,0.20637970791698693,0.684857801691007,10.481223881584746,35.880324499290786,6.734397,1,0,1,0.0,0.0,0.0,near,1.0,0.0,1.0,0.0,0.0,0.0,0.0,0.0,0.0,0.0,0.0,0.0,0.0,0.0,0.0
40108,1,4.0,1.0,237070.0,42870.0,23340.0,600.0,18930.0,876.3816,237070.0,55.796207,44.114357,0.19036572,0.17902814,189642.61,94310.25,0,0.0,0.0,94.31025,4.5571375,12.376110735157278,4.021706,3.7867854,0.5128297929816049,1.0697872761803868,1.147363176823419,1.0697872761803868,1.147363176823419,6.7758017,0.013995801259622114,0.44156752974107766,0.5444366689993002,10.057923905840546,12.376110735157278,4.5571375,0,0,0,0.0,0.0,0.0,mid,0.0,0.0,0.0,0.0,0.0,1.0,0.0,0.0,0.0,0.0,0.0,0.0,0.0,0.0,0.0
40108,2,4.0,1.0,258190.0,54580.0,33430.0,730.0,20420.0,954.45636,237070.0,48.7877,46.382538,0.18327588,0.4188124,189642.61,94310.25,0,0.0,0.0,94.31025,4.5571375,12.376110735157278,3.8874784,3.8369231,0.5128297929816049,1.0697872761803868,1.147363176823419,1.0697872761803868,1.147363176823419,6.861142,0.013374862587028215,0.3741297178453646,0.6124954195676072,10.417208979414145,24.752221470314556,9.114275,1,1,0,0.0,0.0,0.0,mid,0.0,0.0,0.0,0.0,0.0,1.0,1.0,0.0,0.0,0.0,0.0,0.0,0.0,0.0,0.0
40108,3,4.0,1.0,263940.0,78620.0,35740.0,5240.0,37640.0,975.7125,237070.0,45.38836,48.6368,0.18125331,0.59618986,189642.61,94310.25,0,0.0,0.0,94.31025,4.5571375,12.376110735157278,3.8152556,3.8843803,0.5128297929816049,1.0697872761803868,1.147363176823419,1.0697872761803868,1.147363176823419,6.883168,0.06664970745357415,0.4787585856016281,0.4545917069447978,10.484025788713419,37.128332205471835,13.671412,1,0,1,0.0,0.0,0.0,mid,0.0,0.0,0.0,0.0,0.0,1.0,0.0,1.0,0.0,0.0,0.0,0.0,0.0,0.0,0.0
40114,1,4.0,1.0,126820.0,31230.0,26800.0,310.0,4120.0,904.11346,126820.0,55.796207,44.114357,0.0081217475,0.020961776,178501.14,79514.37,0,0.0,0.0,79.514366,4.388436,11.750524037254023,4.021706,3.7867854,0.43118644355217123,0.7703712407496701,0.8380131797425817,0.7703712407496701,0.8380131797425817,6.806955,0.009926352865834135,0.1319244316362472,0.8581492154979187,10.196157166498947,11.750524037254023,4.388436,0,0,0,0.0,0.0,0.0,near,1.0,0.0,0.0,0.0,0.0,0.0,0.0,0.0,0.0,0.0,0.0,0.0,0.0,0.0,0.0
40114,2,4.0,1.0,141110.0,33900.0,28980.0,240.0,4680.0,1005.9884,126820.0,48.7877,46.382538,0.011409539,0.20674956,178501.14,79514.37,0,0.0,0.0,79.514366,4.388436,11.750524037254023,3.8874784,3.8369231,0.43118644355217123,0.7703712407496701,0.8380131797425817,0.7703712407496701,0.8380131797425817,6.913726,0.007079646017699115,0.13805309734513274,0.8548672566371681,10.274361215874674,23.501048074508045,8.776872,1,1,0,0.0,0.0,0.0,near,1.0,1.0,0.0,0.0,0.0,0.0,0.0,0.0,0.0,0.0,0.0,0.0,0.0,0.0,0.0
40114,3,4.0,1.0,139840.0,36640.0,28920.0,1200.0,6520.0,996.93445,126820.0,45.38836,48.6368,0.00958238,0.36219433,178501.14,79514.37,0,0.0,0.0,79.514366,4.388436,11.750524037254023,3.8152556,3.8843803,0.43118644355217123,0.7703712407496701,0.8380131797425817,0.7703712407496701,0.8380131797425817,6.904685,0.03275109170305677,0.1779475982532751,0.7893013100436681,10.272288676272701,35.251572111762066,13.165308,1,0,1,0.0,0.0,0.0,near,1.0,0.0,1.0,0.0,0.0,0.0,0.0,0.0,0.0,0.0,0.0,0.0,0.0,0.0,0.0
40134,1,4.0,1.0,123160.0,25870.0,18060.0,380.0,7430.0,763.4042,123160.0,55.796207,44.114357,0.18861644,0.0757759,184030.89,95107.25,0,0.0,0.0,95.10725,4.565465,11.721239602038438,4.021706,3.7867854,0.4615443461075973,0.8711007653694285,0.9717171658579535,0.8711007653694285,0.9717171658579535,6.637788,0.014688828759180518,0.2872052570545033,0.6981059141863162,9.801454826970977,11.721239602038438,4.565465,0,0,0,0.0,0.0,0.0,mid,0.0,0.0,0.0,0.0,0.0,1.0,0.0,0.0,0.0,0.0,0.0,0.0,0.0,0.0,0.0
40134,2,4.0,1.0,133310.0,32610.0,22310.0,400.0,9900.0,826.3187,123160.0,48.7877,46.382538,0.20478584,0.31192347,184030.89,95107.25,0,0.0,0.0,95.10725,4.565465,11.721239602038438,3.8874784,3.8369231,0.4615443461075973,0.8711007653694285,0.9717171658579535,0.8711007653694285,0.9717171658579535,6.7169805,0.012266176019625881,0.30358785648574055,0.6841459674946335,10.012790287426578,23.442479204076875,9.13093,1,1,0,0.0,0.0,0.0,mid,0.0,0.0,0.0,0.0,0.0,1.0,1.0,0.0,0.0,0.0,0.0,0.0,0.0,0.0,0.0
40134,3,4.0,1.0,139700.0,41340.0,23720.0,3120.0,14500.0,865.927,123160.0,45.38836,48.6368,0.2004295,0.53832227,184030.89,95107.25,0,0.0,0.0,95.10725,4.565465,11.721239602038438,3.8152556,3.8843803,0.4615443461075973,0.8711007653694285,0.9717171658579535,0.8711007653694285,0.9717171658579535,6.7638006,0.07547169811320754,0.35074987905176586,0.5737784228350266,10.074073853111662,35.16371880611531,13.696395,1,0,1,0.0,0.0,0.0,mid,0.0,0.0,0.0,0.0,0.0,1.0,0.0,1.0,0.0,0.0,0.0,0.0,0.0,0.0,0.0
40138,1,4.0,1.0,91760.0,19680.0,14540.0,120.0,5020.0,788.1807,91760.0,55.796207,44.114357,0.09644725,0.047441363,194154.2,93078.98,0,0.0,0.0,93.07898,4.5441346,11.426931751803252,4.021706,3.7867854,0.4340840548103182,0.7795191774927751,0.872688142366365,0.7795191774927751,0.872688142366365,6.6697273,0.006097560975609756,0.2550813008130081,0.7388211382113821,9.58465875108751,11.426931751803252,4.5441346,0,0,0,0.0,0.0,0.0,mid,0.0,0.0,0.0,0.0,0.0,1.0,0.0,0.0,0.0,0.0,0.0,0.0,0.0,0.0,0.0
40138,2,4.0,1.0,99950.0,24770.0,17220.0,210.0,7340.0,858.5295,91760.0,48.7877,46.382538,0.09514757,0.17501149,194154.2,93078.98,0,0.0,0.0,93.07898,4.5441346,11.426931751803252,3.8874784,3.8369231,0.4340840548103182,0.7795191774927751,0.872688142366365,0.7795191774927751,0.872688142366365,6.755221,0.008477997577714978,0.29632620104965685,0.6951958013726282,9.753826777981722,22.853863503606505,9.088269,1,1,0,0.0,0.0,0.0,mid,0.0,0.0,0.0,0.0,0.0,1.0,1.0,0.0,0.0,0.0,0.0,0.0,0.0,0.0,0.0
40138,3,4.0,1.0,96720.0,27320.0,15000.0,1100.0,11220.0,830.7851,91760.0,45.38836,48.6368,0.10607941,0.36206895,194154.2,93078.98,0,0.0,0.0,93.07898,4.5441346,11.426931751803252,3.8152556,3.8843803,0.4340840548103182,0.7795191774927751,0.872688142366365,0.7795191774927751,0.872688142366365,6.722371,0.04026354319180088,0.410688140556369,0.5490483162518301,9.615805480084347,34.28079525540976,13.632404,1,0,1,0.0,0.0,0.0,mid,0.0,0.0,0.0,0.0,0.0,1.0,0.0,1.0,0.0,0.0,0.0,0.0,0.0,0.0,0.0
40156,1,4.0,1.0,117220.0,25700.0,21840.0,840.0,3020.0,555.17664,117220.0,55.796207,44.114357,0.096229315,0.06295956,168570.94,76945.805,0,0.0,0.0,76.94581,4.356014,11.671807790030421,4.021706,3.7867854,0.4190447054033498,0.733031344083415,0.7901177979981021,0.733031344083415,0.7901177979981021,6.3192863,0.03268482490272374,0.11750972762645914,0.8498054474708171,9.991498429858842,11.671807790030421,4.356014,0,0,0,0.0,0.0,0.0,near,1.0,0.0,0.0,0.0,0.0,0.0,0.0,0.0,0.0,0.0,0.0,0.0,0.0,0.0,0.0
40156,2,4.0,1.0,125580.0,28620.0,22660.0,560.0,5400.0,594.77124,117220.0,48.7877,46.382538,0.09348623,0.33016136,168570.94,76945.805,0,0.0,0.0,76.94581,4.356014,11.671807790030421,3.8874784,3.8369231,0.4190447054033498,0.733031344083415,0.7901177979981021,0.733031344083415,0.7901177979981021,6.388177,0.019566736547868623,0.18867924528301888,0.7917540181691125,10.028356534581997,23.343615580060842,8.712028,1,1,0,0.0,0.0,0.0,near,1.0,1.0,0.0,0.0,0.0,0.0,0.0,0.0,0.0,0.0,0.0,0.0,0.0,0.0,0.0
40156,3,4.0,1.0,131660.0,33800.0,25520.0,2340.0,5940.0,623.5673,117220.0,45.38836,48.6368,0.091599576,0.5317301,168570.94,76945.805,0,0.0,0.0,76.94581,4.356014,11.671807790030421,3.8152556,3.8843803,0.4190447054033498,0.733031344083415,0.7901177979981021,0.733031344083415,0.7901177979981021,6.4354568,0.06923076923076923,0.1757396449704142,0.7550295857988165,10.147217737458726,35.01542337009126,13.068041,1,0,1,0.0,0.0,0.0,near,1.0,0.0,1.0,0.0,0.0,0.0,0.0,0.0,0.0,0.0,0.0,0.0,0.0,0.0,0.0
40158,1,4.0,1.0,139560.0,23950.0,11260.0,210.0,12480.0,108.72969,139560.0,29.105497,24.421663,0.37919176,0.18829057,250961.84,154568.28,0,0.0,0.0,154.56828,5.047085,11.84624989530071,3.370927,3.1954706,0.5612784467023579,1.300152502704936,1.3924519561298236,1.300152502704936,1.3924519561298236,4.6888647,0.008768267223382045,0.5210855949895616,0.4701461377870564,9.329011901693681,11.84624989530071,5.047085,0,0,0,0.0,0.0,0.0,far,0.0,0.0,0.0,0.0,0.0,0.0,0.0,0.0,0.0,0.0,1.0,0.0,0.0,0.0,0.0
40158,2,4.0,1.0,147640.0,25600.0,13410.0,430.0,11760.0,115.024734,139560.0,24.455568,23.67501,0.37496614,0.33158356,257458.19,153184.69,0,0.0,0.0,153.1847,5.0381513,11.84624989530071,3.196858,3.1644201,0.5612784467023579,1.300152502704936,1.3924519561298236,1.300152502704936,1.3924519561298236,4.745147,0.016796875,0.459375,0.523828125,9.503755976275723,23.69249979060142,10.076303,1,1,0,0.0,0.0,0.0,far,0.0,0.0,0.0,0.0,0.0,0.0,0.0,0.0,0.0,0.0,1.0,1.0,0.0,0.0,0.0
40158,3,4.0,1.0,136820.0,46800.0,14180.0,980.0,31640.0,106.594986,139560.0,23.223883,25.175945,0.28563076,0.44391534,257458.19,153184.69,0,0.0,0.0,153.1847,5.0381513,11.84624989530071,3.1451812,3.225889,0.5612784467023579,1.300152502704936,1.3924519561298236,1.300152502704936,1.3924519561298236,4.6690364,0.02094017094017094,0.6760683760683761,0.30299145299145297,9.559587800086119,35.53874968590213,15.114454,1,0,1,0.0,0.0,0.0,far,0.0,0.0,0.0,0.0,0.0,0.0,0.0,0.0,0.0,0.0,1.0,0.0,1.0,0.0,0.0
40160,1,4.0,1.0,322850.0,61310.0,40980.0,850.0,19480.0,637.8418,322850.0,57.41148,46.686813,0.06619173,0.045984454,212962.84,111809.99,0,0.0,0.0,111.80999,4.725705,12.684943098054614,4.0502443,3.8434618,0.5688556721644477,1.3408627240741542,1.3684200123665127,1.3408627240741542,1.3684200123665127,6.4580903,0.013863969988582614,0.317729571032458,0.6684064589789593,10.62083942179289,12.684943098054614,4.725705,0,0,0,0.0,0.0,0.0,mid,0.0,0.0,0.0,0.0,0.0,1.0,0.0,0.0,0.0,0.0,0.0,0.0,0.0,0.0,0.0
40160,2,4.0,1.0,350210.0,70050.0,51460.0,840.0,17750.0,691.8958,322850.0,48.87373,46.9314,0.08015191,0.13562621,212962.84,111809.99,0,0.0,0.0,111.80999,4.725705,12.684943098054614,3.88924,3.848687,0.5688556721644477,1.3408627240741542,1.3684200123665127,1.3408627240741542,1.3684200123665127,6.5394354,0.011991434689507495,0.2533904354032834,0.7346181299072091,10.848560085835736,25.369886196109228,9.45141,1,1,0,0.0,0.0,0.0,mid,0.0,0.0,0.0,0.0,0.0,1.0,1.0,0.0,0.0,0.0,0.0,0.0,0.0,0.0,0.0
40160,3,4.0,1.0,292900.0,75860.0,48140.0,4140.0,23580.0,578.6708,322850.0,45.955807,49.546436,0.0919085,0.2924454,212962.84,111809.99,0,0.0,0.0,111.80999,4.725705,12.684943098054614,3.82768,3.9029102,0.5688556721644477,1.3408627240741542,1.3684200123665127,1.3408627240741542,1.3684200123665127,6.3607335,0.054574215660427104,0.3108357500659109,0.634590034273662,10.781868711337063,38.05482929416384,14.177115,1,0,1,0.0,0.0,0.0,mid,0.0,0.0,0.0,0.0,0.0,1.0,0.0,1.0,0.0,0.0,0.0,0.0,0.0,0.0,0.0
40173,1,4.0,1.0,167050.0,34050.0,21470.0,310.0,12270.0,521.754,167050.0,55.796207,44.114357,0.008081413,0.030257639,200768.28,108928.58,0,0.0,0.0,108.92858,4.699831,12.026048447784902,4.021706,3.7867854,0.511212092799448,1.0628832606104577,1.1642474090798252,1.0628832606104577,1.1642474090798252,6.2571964,0.009104258443465492,0.360352422907489,0.6305433186490456,9.974411890872826,12.026048447784902,4.699831,0,0,0,0.0,0.0,0.0,mid,0.0,0.0,0.0,0.0,0.0,1.0,0.0,0.0,0.0,0.0,0.0,0.0,0.0,0.0,0.0
40173,2,4.0,1.0,179380.0,40240.0,25700.0,380.0,14160.0,560.26483,167050.0,48.7877,46.382538,0.01103802,0.119059786,200768.28,108928.58,0,0.0,0.0,108.92858,4.699831,12.026048447784902,3.8874784,3.8369231,0.511212092799448,1.0628832606104577,1.1642474090798252,1.0628832606104577,1.1642474090798252,6.3284097,0.009443339960238568,0.3518886679920477,0.6386679920477137,10.154246270883311,24.052096895569804,9.399662,1,1,0,0.0,0.0,0.0,mid,0.0,0.0,0.0,0.0,0.0,1.0,1.0,0.0,0.0,0.0,0.0,0.0,0.0,0.0,0.0
40173,3,4.0,1.0,155540.0,46000.0,29800.0,3100.0,13100.0,485.80438,167050.0,45.38836,48.6368,0.010286743,0.30471203,200768.28,108928.58,0,0.0,0.0,108.92858,4.699831,12.026048447784902,3.8152556,3.8843803,0.511212092799448,1.0628832606104577,1.1642474090798252,1.0628832606104577,1.1642474090798252,6.1858063,0.06739130434782609,0.2847826086956522,0.6478260869565218,10.302263672493496,36.078145343354706,14.099493,1,0,1,0.0,0.0,0.0,mid,0.0,0.0,0.0,0.0,0.0,1.0,0.0,1.0,0.0,0.0,0.0,0.0,0.0,0.0,0.0
40177,1,4.0,1.0,107180.0,18360.0,11060.0,220.0,7080.0,168.24953,107180.0,58.234226,48.635212,0.22289607,0.07285429,271253.53,169256.44,0,0.0,0.0,169.25644,5.1373057,11.582264943048841,4.064473,3.884348,0.5568708012428796,1.277111985864355,1.3912531827234293,1.277111985864355,1.3912531827234293,5.125448,0.011982570806100218,0.38562091503267976,0.6023965141612201,9.311090275076326,11.582264943048841,5.1373057,0,0,0,0.0,0.0,0.0,far,0.0,0.0,0.0,0.0,0.0,0.0,0.0,0.0,0.0,0.0,1.0,0.0,0.0,0.0,0.0
40177,2,4.0,1.0,114030.0,19960.0,14030.0,170.0,5760.0,179.00255,107180.0,48.913837,47.3262,0.20433219,0.08260413,271253.53,169256.44,0,0.0,0.0,169.25644,5.1373057,11.582264943048841,3.8900604,3.857064,0.5568708012428796,1.277111985864355,1.3912531827234293,1.277111985864355,1.3912531827234293,5.1874,0.008517034068136272,0.28857715430861725,0.7029058116232465,9.548953173096507,23.164529886097682,10.274611,1,1,0,0.0,0.0,0.0,far,0.0,0.0,0.0,0.0,0.0,0.0,0.0,0.0,0.0,0.0,1.0,1.0,0.0,0.0,0.0
40177,3,4.0,1.0,117620.0,35400.0,14540.0,620.0,20240.0,184.63808,107180.0,46.39627,50.268898,0.22598198,0.23093072,271253.53,169256.44,0,0.0,0.0,169.25644,5.1373057,11.582264943048841,3.837219,3.9173865,0.5568708012428796,1.277111985864355,1.3912531827234293,1.277111985864355,1.3912531827234293,5.2183976,0.01751412429378531,0.5717514124293785,0.41073446327683616,9.58465875108751,34.74679482914652,15.411917,1,0,1,0.0,0.0,0.0,far,0.0,0.0,0.0,0.0,0.0,0.0,0.0,0.0,0.0,0.0,1.0,0.0,1.0,0.0,0.0
41807,1,4.0,18.0,246770.0,67450.0,54760.0,2270.0,10420.0,721.35986,246770.0,43.339733,45.913174,0.22875552,0.20613742,115099.86,139714.8,0,0.0,0.0,115.09986,4.754451,12.41621200770913,3.76907,3.8267522,0.5527551728595278,1.2560079575222889,1.3166385535474157,1.2560079575222889,1.3166385535474157,6.581138,0.03365455893254263,0.15448480355819125,0.8118606375092661,10.910715279402385,12.41621200770913,4.754451,0,0,0,0.0,0.0,0.0,mid,0.0,0.0,0.0,0.0,0.0,1.0,0.0,0.0,0.0,0.0,0.0,0.0,0.0,0.0,0.0
41807,2,4.0,18.0,310850.0,86960.0,70250.0,1720.0,14990.0,908.679,246770.0,34.770126,31.460997,0.22107126,0.2906363,115099.86,139714.8,0,0.0,0.0,115.09986,4.754451,12.41621200770913,3.5487585,3.4487486,0.5527551728595278,1.2560079575222889,1.3166385535474157,1.2560079575222889,1.3166385535474157,6.811992,0.019779208831646734,0.17237810487580496,0.8078426862925483,11.159815587195991,24.83242401541826,9.508902,1,1,0,0.0,0.0,0.0,mid,0.0,0.0,0.0,0.0,0.0,1.0,1.0,0.0,0.0,0.0,0.0,0.0,0.0,0.0,0.0
41807,3,4.0,18.0,346180.0,110240.0,80700.0,5880.0,23660.0,1011.95593,246770.0,34.008427,38.25158,0.23016928,0.6034762,115099.86,139714.8,0,0.0,0.0,115.09986,4.754451,12.41621200770913,3.5266085,3.6441848,0.5527551728595278,1.2560079575222889,1.3166385535474157,1.2560079575222889,1.3166385535474157,6.9196405,0.05333817126269957,0.21462264150943397,0.7320391872278664,11.29849385425804,37.24863602312739,14.263352,1,0,1,0.0,0.0,0.0,mid,0.0,0.0,0.0,0.0,0.0,1.0,0.0,1.0,0.0,0.0,0.0,0.0,0.0,0.0,0.0
41823,1,4.0,18.0,223990.0,55820.0,40710.0,1110.0,14000.0,794.3753,223990.0,43.339733,45.913174,0.39595518,0.14374107,126822.66,138866.28,0,0.0,0.0,126.822655,4.8506436,12.319356686983513,3.76907,3.8267522,0.5627713511744599,1.3080618262054866,1.3667548072086388,1.3080618262054866,1.3667548072086388,6.677556,0.01988534575420996,0.2508061626657112,0.7293084915800788,10.614229041497024,12.319356686983513,4.8506436,0,0,0,0.0,0.0,0.0,mid,0.0,0.0,0.0,0.0,0.0,1.0,0.0,0.0,0.0,0.0,0.0,0.0,0.0,0.0,0.0
41823,2,4.0,18.0,278850.0,70190.0,50640.0,1540.0,18010.0,988.935,223990.0,34.770126,31.460997,0.40372962,0.37471014,126822.66,138866.28,0,0.0,0.0,126.822655,4.8506436,12.319356686983513,3.5487585,3.4487486,0.5627713511744599,1.3080618262054866,1.3667548072086388,1.3080618262054866,1.3667548072086388,6.896629,0.021940447357173386,0.25658925772902125,0.7214702949138054,10.832497056818058,24.638713373967025,9.701287,1,1,0,0.0,0.0,0.0,mid,0.0,0.0,0.0,0.0,0.0,1.0,1.0,0.0,0.0,0.0,0.0,0.0,0.0,0.0,0.0
41823,3,4.0,18.0,315720.0,101560.0,56440.0,6420.0,38700.0,1119.6936,223990.0,34.008427,38.25158,0.40877992,0.6577351,126822.66,138866.28,0,0.0,0.0,126.822655,4.8506436,12.319356686983513,3.5266085,3.6441848,0.5627713511744599,1.3080618262054866,1.3667548072086388,1.3080618262054866,1.3667548072086388,7.0208106,0.06321386372587633,0.3810555336746751,0.5557306025994486,10.940933405966751,36.95807006095054,14.551931,1,0,1,0.0,0.0,0.0,mid,0.0,0.0,0.0,0.0,0.0,1.0,0.0,1.0,0.0,0.0,0.0,0.0,0.0,0.0,0.0
41831,1,4.0,18.0,212420.0,56320.0,43390.0,2840.0,10090.0,659.4232,212420.0,43.339733,45.913174,0.22017701,0.059685584,137470.27,153623.08,0,0.0,0.0,137.47026,4.9306555,12.26632072587553,3.76907,3.8267522,0.5732423562184998,1.3650918234964862,1.416104417219279,1.3650918234964862,1.416104417219279,6.4913654,0.05042613636363636,0.17915482954545456,0.7704190340909091,10.677984278792396,12.26632072587553,4.9306555,0,0,0,0.0,0.0,0.0,far,0.0,0.0,0.0,0.0,0.0,0.0,0.0,0.0,0.0,0.0,1.0,0.0,0.0,0.0,0.0
41831,2,4.0,18.0,255180.0,64900.0,51470.0,910.0,12520.0,792.1646,212420.0,34.770126,31.460997,0.22705542,0.27925673,137470.27,153623.08,0,0.0,0.0,137.47026,4.9306555,12.26632072587553,3.5487585,3.4487486,0.5732423562184998,1.3650918234964862,1.416104417219279,1.3650918234964862,1.416104417219279,6.6747694,0.014021571648690292,0.19291217257318952,0.7930662557781202,10.8487543926468,24.53264145175106,9.861311,1,1,0,0.0,0.0,0.0,far,0.0,0.0,0.0,0.0,0.0,0.0,0.0,0.0,0.0,0.0,1.0,1.0,0.0,0.0,0.0
41831,3,4.0,18.0,289000.0,88260.0,60220.0,6860.0,21180.0,897.1533,212420.0,34.008427,38.25158,0.21024221,0.5979381,137470.27,153623.08,0,0.0,0.0,137.47026,4.9306555,12.26632072587553,3.5266085,3.6441848,0.5732423562184998,1.3650918234964862,1.416104417219279,1.3650918234964862,1.416104417219279,6.7992268,0.07772490369363245,0.2399728076138681,0.6823022886924994,11.005759802035724,36.79896217762659,14.791966,1,0,1,0.0,0.0,0.0,far,0.0,0.0,0.0,0.0,0.0,0.0,0.0,0.0,0.0,0.0,1.0,0.0,1.0,0.0,0.0
41855,1,4.0,18.0,125690.0,31660.0,26190.0,430.0,5040.0,616.5808,125690.0,44.80913,47.252666,0.15219985,0.05903084,141272.52,141466.83,0,0.0,0.0,141.27252,4.9577446,11.741573836918883,3.802412,3.855509,0.5363665219481477,1.1756871637041948,1.291719629077988,1.1756871637041948,1.291719629077988,6.4241896,0.013581806696146557,0.15919140871762477,0.8272267845862287,10.173132937501757,11.741573836918883,4.9577446,0,0,0,0.0,0.0,0.0,far,0.0,0.0,0.0,0.0,0.0,0.0,0.0,0.0,0.0,0.0,1.0,0.0,0.0,0.0,0.0
41855,2,4.0,18.0,163740.0,41240.0,31980.0,440.0,8820.0,803.2377,125690.0,36.806984,34.381958,0.21692927,0.23956344,141272.52,141466.83,0,0.0,0.0,141.27252,4.9577446,11.741573836918883,3.6056876,3.5375319,0.5363665219481477,1.1756871637041948,1.291719629077988,1.1756871637041948,1.291719629077988,6.6886506,0.01066925315227934,0.21387002909796315,0.7754607177497576,10.372865986387945,23.483147673837767,9.915489,1,1,0,0.0,0.0,0.0,far,0.0,0.0,0.0,0.0,0.0,0.0,0.0,0.0,0.0,0.0,1.0,1.0,0.0,0.0,0.0
41855,3,4.0,18.0,179740.0,55820.0,37620.0,2820.0,15380.0,881.72675,125690.0,35.451183,39.810825,0.2121954,0.5659051,141272.52,141466.83,0,0.0,0.0,141.27252,4.9577446,11.741573836918883,3.5681567,3.6841388,0.5363665219481477,1.1756871637041948,1.291719629077988,1.1756871637041948,1.291719629077988,6.7818823,0.050519527051236114,0.2755284844141885,0.6739519885345754,10.535291102855021,35.22472151075665,14.873234,1,0,1,0.0,0.0,0.0,far,0.0,0.0,0.0,0.0,0.0,0.0,0.0,0.0,0.0,0.0,1.0,0.0,1.0,0.0,0.0
44104,1,4.0,41.0,205220.0,40770.0,27920.0,1520.0,11330.0,862.124,205220.0,48.21742,42.941105,0.13926518,0.16200215,157888.19,95476.88,0,0.0,0.0,95.47688,4.5693035,12.2318378534162,3.8757203,3.7598295,0.5034476153212745,1.0303721645377486,1.1169458477688008,1.0303721645377486,1.1169458477688008,6.759399,0.03728231542801079,0.2779004169732647,0.6848172675987245,10.237098556876308,12.2318378534162,4.5693035,0,0,0,0.0,0.0,0.0,mid,0.0,0.0,0.0,0.0,0.0,1.0,0.0,0.0,0.0,0.0,0.0,0.0,0.0,0.0,0.0
44104,2,4.0,41.0,231150.0,50590.0,31080.0,5190.0,14320.0,971.0553,205220.0,43.418785,39.717567,0.3159853,0.4710792,157888.19,95476.88,0,0.0,0.0,95.47688,4.5693035,12.2318378534162,3.7708921,3.6817937,0.5034476153212745,1.0303721645377486,1.1169458477688008,1.0303721645377486,1.1169458477688008,6.8783836,0.10258944455425974,0.28305989325953745,0.6143506621862028,10.344319804481584,24.4636757068324,9.138607,1,1,0,0.0,0.0,0.0,mid,0.0,0.0,0.0,0.0,0.0,1.0,1.0,0.0,0.0,0.0,0.0,0.0,0.0,0.0,0.0
44104,3,4.0,41.0,264140.0,83660.0,35820.0,20320.0,27520.0,1109.6455,205220.0,40.433468,43.769688,0.3229348,0.76978195,157888.19,95476.88,0,0.0,0.0,95.47688,4.5693035,12.2318378534162,3.699658,3.7789416,0.5034476153212745,1.0303721645377486,1.1169458477688008,1.0303721645377486,1.1169458477688008,7.011796,0.24288787951231175,0.3289505139851781,0.4281616065025102,10.486261675614703,36.6955135602486,13.707911,1,0,1,0.0,0.0,0.0,mid,0.0,0.0,0.0,0.0,0.0,1.0,0.0,1.0,0.0,0.0,0.0,0.0,0.0,0.0,0.0
44109,1,4.0,41.0,166620.0,42350.0,35530.0,750.0,6070.0,613.43054,166620.0,46.227825,42.348507,0.050534148,0.05563234,136451.78,94537.44,0,0.0,0.0,94.53744,4.5595183,12.0234710495289,3.833582,3.745933,0.48478512408761276,0.9562375468287243,1.05109456651383,0.9562375468287243,1.05109456651383,6.419067,0.01770956316410862,0.1433293978748524,0.8389610389610389,10.478132689015073,12.0234710495289,4.5595183,0,0,0,0.0,0.0,0.0,mid,0.0,0.0,0.0,0.0,0.0,1.0,0.0,0.0,0.0,0.0,0.0,0.0,0.0,0.0,0.0
44109,2,4.0,41.0,193930.0,49310.0,39230.0,1230.0,8850.0,713.9754,166620.0,42.60839,38.338062,0.055638634,0.30707678,136451.78,94537.44,0,0.0,0.0,94.53744,4.5595183,12.0234710495289,3.752051,3.6464431,0.48478512408761276,0.9562375468287243,1.05109456651383,0.9562375468287243,1.05109456651383,6.5708485,0.02494423037923342,0.179476779557899,0.7955789900628676,10.577197039203599,24.0469420990578,9.119037,1,1,0,0.0,0.0,0.0,mid,0.0,0.0,0.0,0.0,0.0,1.0,1.0,0.0,0.0,0.0,0.0,0.0,0.0,0.0,0.0
44109,3,4.0,41.0,219700.0,63620.0,41800.0,4960.0,16860.0,808.8506,166620.0,39.557068,42.607605,0.039599452,0.5056,136451.78,94537.44,0,0.0,0.0,94.53744,4.5595183,12.0234710495289,3.6777444,3.7520328,0.48478512408761276,0.9562375468287243,1.05109456651383,0.9562375468287243,1.05109456651383,6.6956143,0.07796290474693493,0.26501100282929896,0.6570260924237661,10.640651618512848,36.0704131485867,13.678555,1,0,1,0.0,0.0,0.0,mid,0.0,0.0,0.0,0.0,0.0,1.0,0.0,1.0,0.0,0.0,0.0,0.0,0.0,0.0,0.0
44111,1,4.0,41.0,181490.0,46760.0,38680.0,1020.0,7060.0,693.50397,181490.0,45.582966,44.402863,0.057138134,0.042095967,147175.69,125074.055,0,0.0,0.0,125.07405,4.8368692,12.108955834750446,3.819534,3.793304,0.5434174344254632,1.209536964195854,1.297140598387558,1.209536964195854,1.297140598387558,6.541757,0.021813515825491875,0.15098374679213003,0.8272027373823782,10.56307794956723,12.108955834750446,4.8368692,0,0,0,0.0,0.0,0.0,mid,0.0,0.0,0.0,0.0,0.0,1.0,0.0,0.0,0.0,0.0,0.0,0.0,0.0,0.0,0.0
44111,2,4.0,41.0,212640.0,54630.0,44790.0,1020.0,8820.0,812.5334,181490.0,39.971386,36.29761,0.06682656,0.25032708,147175.69,125074.055,0,0.0,0.0,125.07405,4.8368692,12.108955834750446,3.6881638,3.591752,0.5434174344254632,1.209536964195854,1.297140598387558,1.209536964195854,1.297140598387558,6.700157,0.018671059857221308,0.1614497528830313,0.8198791872597474,10.709740179201345,24.217911669500893,9.6737385,1,1,0,0.0,0.0,0.0,mid,0.0,0.0,0.0,0.0,0.0,1.0,1.0,0.0,0.0,0.0,0.0,0.0,0.0,0.0,0.0
44111,3,4.0,41.0,230960.0,67460.0,48580.0,3000.0,15880.0,882.53723,181490.0,37.690758,41.27395,0.09040526,0.518781,147175.69,125074.055,0,0.0,0.0,125.07405,4.8368692,12.108955834750446,3.629415,3.7202315,0.5434174344254632,1.209536964195854,1.297140598387558,1.209536964195854,1.297140598387558,6.782801,0.04447079750963534,0.23539875481766973,0.720130447672695,10.790967202556164,36.32686750425134,14.510608,1,0,1,0.0,0.0,0.0,mid,0.0,0.0,0.0,0.0,0.0,1.0,0.0,1.0,0.0,0.0,0.0,0.0,0.0,0.0,0.0
44123,1,4.0,41.0,233590.0,57540.0,45780.0,1740.0,10020.0,765.54254,233590.0,46.98582,42.759644,0.11789888,0.10402378,164496.16,127074.73,0,0.0,0.0,127.07473,4.852614,12.361322720800732,3.849846,3.7555947,0.5664681150412672,1.3278815207681267,1.3800171672636292,1.3278815207681267,1.3800171672636292,6.640585,0.03023983315954119,0.17413972888425444,0.7956204379562044,10.731602593506558,12.361322720800732,4.852614,0,0,0,0.0,0.0,0.0,mid,0.0,0.0,0.0,0.0,0.0,1.0,0.0,0.0,0.0,0.0,0.0,0.0,0.0,0.0,0.0
44123,2,4.0,41.0,270550.0,67510.0,50850.0,2970.0,13690.0,886.67126,233590.0,42.709686,38.779594,0.1336167,0.31390134,164496.16,127074.73,0,0.0,0.0,127.07473,4.852614,12.361322720800732,3.7544258,3.6578941,0.5664681150412672,1.3278815207681267,1.3800171672636292,1.3278815207681267,1.3800171672636292,6.787474,0.04399348244704488,0.2027847726262776,0.7532217449266775,10.836635401476705,24.722645441601465,9.705228,1,1,0,0.0,0.0,0.0,mid,0.0,0.0,0.0,0.0,0.0,1.0,1.0,0.0,0.0,0.0,0.0,0.0,0.0,0.0,0.0
44123,3,4.0,41.0,309700.0,89060.0,55980.0,9340.0,23740.0,1014.97723,233590.0,39.744007,43.0278,0.14149177,0.66763496,164496.16,127074.73,0,0.0,0.0,127.07473,4.852614,12.361322720800732,3.682459,3.7618465,0.5664681150412672,1.3278815207681267,1.3800171672636292,1.3278815207681267,1.3800171672636292,6.9226213,0.1048731192454525,0.2665618684033236,0.6285650123512239,10.932749763069445,37.0839681624022,14.557842,1,0,1,0.0,0.0,0.0,mid,0.0,0.0,0.0,0.0,0.0,1.0,0.0,1.0,0.0,0.0,0.0,0.0,0.0,0.0,0.0
44138,1,4.0,41.0,197980.0,50370.0,40930.0,1190.0,8250.0,753.3772,197980.0,50.3968,45.294476,0.10127286,0.07992565,177467.92,119250.9,0,0.0,0.0,119.2509,4.7895803,12.195921294473798,3.9199276,3.8131852,0.5416197269461314,1.200807678976704,1.2834586479200198,1.200807678976704,1.2834586479200198,6.624566,0.023625173714512608,0.16378796902918405,0.8125868572563033,10.619618569486448,12.195921294473798,4.7895803,0,0,0,0.0,0.0,0.0,mid,0.0,0.0,0.0,0.0,0.0,1.0,0.0,0.0,0.0,0.0,0.0,0.0,0.0,0.0,0.0
44138,2,4.0,41.0,225750.0,58610.0,45990.0,1580.0,11040.0,859.0509,197980.0,43.1655,40.938713,0.10516058,0.24010396,177467.92,119250.9,0,0.0,0.0,119.2509,4.7895803,12.195921294473798,3.7650416,3.7120762,0.5416197269461314,1.200807678976704,1.2834586479200198,1.200807678976704,1.2834586479200198,6.7558284,0.02695785702098618,0.18836376045043507,0.7846783825285787,10.73617926053397,24.391842588947597,9.579161,1,1,0,0.0,0.0,0.0,mid,0.0,0.0,0.0,0.0,0.0,1.0,1.0,0.0,0.0,0.0,0.0,0.0,0.0,0.0,0.0
44138,3,4.0,41.0,254540.0,76940.0,54360.0,4860.0,17720.0,968.6061,197980.0,40.585236,44.965614,0.1361672,0.42779204,177467.92,119250.9,0,0.0,0.0,119.2509,4.7895803,12.195921294473798,3.7034044,3.8058982,0.5416197269461314,1.200807678976704,1.2834586479200198,1.200807678976704,1.2834586479200198,6.875858,0.06316610345723941,0.23030933194697167,0.7065245645957889,10.90338386826508,36.587763883421395,14.368741,1,0,1,0.0,0.0,0.0,mid,0.0,0.0,0.0,0.0,0.0,1.0,0.0,1.0,0.0,0.0,0.0,0.0,0.0,0.0,0.0
44147,1,4.0,41.0,531190.0,112760.0,62500.0,5270.0,44990.0,1249.653,531190.0,46.227825,42.348507,0.32135394,0.34923849,146542.02,107600.9,0,0.0,0.0,107.6009,4.68768,13.182875051665958,3.833582,3.745933,0.6010180456248456,1.530872988302883,1.4765759664064437,1.530872988302883,1.4765759664064437,7.130621,0.046736431358637816,0.3989890031926215,0.5542745654487407,11.042921835724492,13.182875051665958,4.68768,0,0,0,0.0,0.0,0.0,mid,0.0,0.0,0.0,0.0,0.0,1.0,0.0,0.0,0.0,0.0,0.0,0.0,0.0,0.0,0.0
44147,2,4.0,41.0,634670.0,130140.0,68130.0,7100.0,54910.0,1493.0952,531190.0,42.60839,38.338062,0.3314951,0.5949836,146542.02,107600.9,0,0.0,0.0,107.6009,4.68768,13.182875051665958,3.752051,3.6464431,0.6010180456248456,1.530872988302883,1.4765759664064437,1.530872988302883,1.4765759664064437,7.3086066,0.054556631320116795,0.4219302289841709,0.5235131396957123,11.129172923767713,26.365750103331916,9.37536,1,1,0,0.0,0.0,0.0,mid,0.0,0.0,0.0,0.0,0.0,1.0,1.0,0.0,0.0,0.0,0.0,0.0,0.0,0.0,0.0
44147,3,4.0,41.0,734660.0,225460.0,65160.0,24840.0,135460.0,1728.327,531190.0,39.557068,42.607605,0.33386874,0.76111555,146542.02,107600.9,0,0.0,0.0,107.6009,4.68768,13.182875051665958,3.6777444,3.7520328,0.6010180456248456,1.530872988302883,1.4765759664064437,1.530872988302883,1.4765759664064437,7.4549093,0.11017475383660073,0.6008161092876785,0.2890091368757208,11.084601062715981,39.54862515499787,14.06304,1,0,1,0.0,0.0,0.0,mid,0.0,0.0,0.0,0.0,0.0,1.0,0.0,1.0,0.0,0.0,0.0,0.0,0.0,0.0,0.0
44161,1,4.0,41.0,327800.0,81270.0,65840.0,2490.0,12940.0,747.6849,327800.0,47.895416,43.328846,0.042159855,0.09530988,164599.56,113953.89,0,0.0,0.0,113.95389,4.744531,12.700158945291866,3.8690197,3.7688186,0.5735076999220806,1.366573390116576,1.3877418184535628,1.366573390116576,1.3877418184535628,6.6169815,0.03063861203396087,0.1592223452688569,0.8101390426971822,11.094982835350951,12.700158945291866,4.744531,0,0,0,0.0,0.0,0.0,mid,0.0,0.0,0.0,0.0,0.0,1.0,0.0,0.0,0.0,0.0,0.0,0.0,0.0,0.0,0.0
44161,2,4.0,41.0,382070.0,95390.0,75480.0,2470.0,17440.0,871.4703,327800.0,42.831234,39.328518,0.05936085,0.25137132,164599.56,113953.89,0,0.0,0.0,113.95389,4.744531,12.700158945291866,3.7572675,3.6719499,0.5735076999220806,1.366573390116576,1.3877418184535628,1.366573390116576,1.3877418184535628,6.7701817,0.025893699549218996,0.1828283887199916,0.7912779117307894,11.231622999482486,25.400317890583732,9.489062,1,1,0,0.0,0.0,0.0,mid,0.0,0.0,0.0,0.0,0.0,1.0,1.0,0.0,0.0,0.0,0.0,0.0,0.0,0.0,0.0
44161,3,4.0,41.0,419700.0,122800.0,81080.0,9580.0,32140.0,957.3012,327800.0,39.968334,43.537205,0.0679533,0.5381503,164599.56,113953.89,0,0.0,0.0,113.95389,4.744531,12.700158945291866,3.6880875,3.7736158,0.5735076999220806,1.366573390116576,1.3877418184535628,1.366573390116576,1.3877418184535628,6.864118,0.07801302931596091,0.2617263843648209,0.6602605863192182,11.303191600565937,38.1004768358756,14.233593,1,0,1,0.0,0.0,0.0,mid,0.0,0.0,0.0,0.0,0.0,1.0,0.0,1.0,0.0,0.0,0.0,0.0,0.0,0.0,0.0
44190,1,4.0,41.0,260720.0,63310.0,52180.0,1170.0,9960.0,779.59515,260720.0,47.62235,50.379337,0.0121969925,0.07751938,172156.45,138838.48,0,0.0,0.0,138.83849,4.940488,12.471202313511442,3.8633022,3.9195812,0.5911375669665402,1.4693195348572965,1.4810232268258923,1.4693195348572965,1.4810232268258923,6.658775,0.018480492813141684,0.15732111830674458,0.8241983888801138,10.86245455869072,12.471202313511442,4.940488,0,0,0,0.0,0.0,0.0,far,0.0,0.0,0.0,0.0,0.0,0.0,0.0,0.0,0.0,0.0,1.0,0.0,0.0,0.0,0.0
44190,2,4.0,41.0,311410.0,73090.0,56010.0,1370.0,15710.0,931.1665,260720.0,38.250957,36.28099,0.013101699,0.30807102,172156.45,138838.48,0,0.0,0.0,138.83849,4.940488,12.471202313511442,3.6441686,3.591294,0.5911375669665402,1.4693195348572965,1.4810232268258923,1.4693195348572965,1.4810232268258923,6.836438,0.0187440142290327,0.21494048433438226,0.766315501436585,10.933285525203878,24.942404627022885,9.880976,1,1,0,0.0,0.0,0.0,far,0.0,0.0,0.0,0.0,0.0,0.0,0.0,0.0,0.0,0.0,1.0,1.0,0.0,0.0,0.0
44190,3,4.0,41.0,344020.0,104540.0,68220.0,8360.0,27960.0,1028.6757,260720.0,36.800873,41.514862,0.123771876,0.57422155,172156.45,138838.48,0,0.0,0.0,138.83849,4.940488,12.471202313511442,3.6055217,3.7260516,0.5911375669665402,1.4693195348572965,1.4810232268258923,1.4693195348572965,1.4810232268258923,6.9360275,0.07996938970728908,0.26745743256169885,0.6525731777310121,11.130493055972638,37.41360694053433,14.821464,1,0,1,0.0,0.0,0.0,far,0.0,0.0,0.0,0.0,0.0,0.0,0.0,0.0,0.0,0.0,1.0,0.0,1.0,0.0,0.0
44414,1,4.0,44.0,162790.0,43080.0,36560.0,1110.0,5410.0,729.9018,162790.0,46.6307,44.369278,0.10393759,0.018142235,109690.13,120556.79,0,0.0,0.0,109.69013,4.7067347,12.000216305602555,3.8422592,3.7925472,0.510415276184585,1.0594993804693709,1.1625876560045905,1.0594993804693709,1.1625876560045905,6.59291,0.02576601671309192,0.1255803156917363,0.8486536675951718,10.506710025568086,12.000216305602555,4.7067347,0,0,0,0.0,0.0,0.0,mid,0.0,0.0,0.0,0.0,0.0,1.0,0.0,0.0,0.0,0.0,0.0,0.0,0.0,0.0,0.0
44414,2,4.0,44.0,173330.0,49950.0,42580.0,300.0,7070.0,777.16003,162790.0,42.216766,36.67545,0.10505971,0.18887106,109690.13,120556.79,0,0.0,0.0,109.69013,4.7067347,12.000216305602555,3.7428174,3.6021075,0.510415276184585,1.0594993804693709,1.1625876560045905,1.0594993804693709,1.1625876560045905,6.6556463,0.006006006006006006,0.14154154154154155,0.8524524524524525,10.65913993844747,24.00043261120511,9.413469,1,1,0,0.0,0.0,0.0,mid,0.0,0.0,0.0,0.0,0.0,1.0,1.0,0.0,0.0,0.0,0.0,0.0,0.0,0.0,0.0
44414,3,4.0,44.0,196340.0,61480.0,50760.0,3500.0,7220.0,880.33,162790.0,39.320183,42.010166,0.14036874,0.5122356,109690.13,120556.79,0,0.0,0.0,109.69013,4.7067347,12.000216305602555,3.671738,3.7379117,0.510415276184585,1.0594993804693709,1.1625876560045905,1.0594993804693709,1.1625876560045905,6.780297,0.05692908262849707,0.11743656473649967,0.8256343526350033,10.834863921828324,36.00064891680766,14.120204,1,0,1,0.0,0.0,0.0,mid,0.0,0.0,0.0,0.0,0.0,1.0,0.0,1.0,0.0,0.0,0.0,0.0,0.0,0.0,0.0
44419,1,4.0,44.0,214790.0,49800.0,36360.0,1120.0,12320.0,466.61017,214790.0,46.486816,43.589073,0.29568416,0.14794244,116427.12,110660.47,0,0.0,0.0,110.66047,4.7154627,12.27741608559831,3.8391688,3.7748065,0.5343944994431802,1.1664034042726392,1.2467552254325347,1.1664034042726392,1.2467552254325347,6.145494,0.02248995983935743,0.24738955823293174,0.7301204819277108,10.501224548291415,12.27741608559831,4.7154627,0,0,0,0.0,0.0,0.0,mid,0.0,0.0,0.0,0.0,0.0,1.0,0.0,0.0,0.0,0.0,0.0,0.0,0.0,0.0,0.0
44419,2,4.0,44.0,393180.0,97210.0,68400.0,2460.0,26350.0,854.14496,214790.0,42.356632,37.241856,0.2211964,0.3332555,116427.12,110660.47,0,0.0,0.0,110.66047,4.7154627,12.27741608559831,3.746125,3.6174333,0.5343944994431802,1.1664034042726392,1.2467552254325347,1.1664034042726392,1.2467552254325347,6.750101,0.025306038473408086,0.271062647875733,0.703631313650859,11.133128103610641,24.55483217119662,9.430925,1,1,0,0.0,0.0,0.0,mid,0.0,0.0,0.0,0.0,0.0,1.0,1.0,0.0,0.0,0.0,0.0,0.0,0.0,0.0,0.0
44419,3,4.0,44.0,454060.0,136380.0,74300.0,11420.0,50660.0,986.40076,214790.0,39.404785,42.19576,0.24498965,0.62887335,116427.12,110660.47,0,0.0,0.0,110.66047,4.7154627,12.27741608559831,3.6738873,3.7423198,0.5343944994431802,1.1664034042726392,1.2467552254325347,1.1664034042726392,1.2467552254325347,6.8940625,0.08373661827247397,0.37146209121572077,0.5448012905118053,11.215866230705851,36.83224825679493,14.146388,1,0,1,0.0,0.0,0.0,mid,0.0,0.0,0.0,0.0,0.0,1.0,0.0,1.0,0.0,0.0,0.0,0.0,0.0,0.0,0.0
44433,1,4.0,44.0,218130.0,54390.0,41450.0,1680.0,11260.0,705.9223,218130.0,46.227825,42.348507,0.13574474,0.06801661,130613.7,110833.62,0,0.0,0.0,110.83362,4.7170124,12.292846494312212,3.833582,3.745933,0.5359234996100588,1.1735946603590526,1.2522929401904026,1.1735946603590526,1.2522929401904026,6.5595055,0.03088803088803089,0.20702334988049273,0.7620886192314764,10.63224316056344,12.292846494312212,4.7170124,0,0,0,0.0,0.0,0.0,mid,0.0,0.0,0.0,0.0,0.0,1.0,0.0,0.0,0.0,0.0,0.0,0.0,0.0,0.0,0.0
44433,2,4.0,44.0,254910.0,66360.0,49010.0,1260.0,16090.0,824.9515,218130.0,42.60839,38.338062,0.14503159,0.23961113,130613.7,110833.62,0,0.0,0.0,110.83362,4.7170124,12.292846494312212,3.752051,3.6464431,0.5359234996100588,1.1735946603590526,1.2522929401904026,1.1735946603590526,1.2522929401904026,6.7153244,0.0189873417721519,0.2424653405666064,0.7385473176612417,10.799779637903594,24.585692988624423,9.434025,1,1,0,0.0,0.0,0.0,mid,0.0,0.0,0.0,0.0,0.0,1.0,1.0,0.0,0.0,0.0,0.0,0.0,0.0,0.0,0.0
44433,3,4.0,44.0,279520.0,85420.0,53600.0,6000.0,25820.0,904.59546,218130.0,39.557068,42.607605,0.1597739,0.5424528,130613.7,110833.62,0,0.0,0.0,110.83362,4.7170124,12.292846494312212,3.6777444,3.7520328,0.5359234996100588,1.1735946603590526,1.2522929401904026,1.1735946603590526,1.2522929401904026,6.807488,0.07024116132053383,0.30227113088269725,0.6274877077967689,10.889304347058893,36.87853948293663,14.151037,1,0,1,0.0,0.0,0.0,mid,0.0,0.0,0.0,0.0,0.0,1.0,0.0,1.0,0.0,0.0,0.0,0.0,0.0,0.0,0.0
44442,1,4.0,44.0,107440.0,23260.0,17670.0,530.0,5060.0,639.10535,107440.0,45.4099,44.074287,0.22570737,0.06794162,131487.58,126159.85,0,0.0,0.0,126.15985,4.845445,11.584687831197119,3.81573,3.7858765,0.5027632771023038,1.0275554202042245,1.1580541432402676,1.0275554202042245,1.1580541432402676,6.460069,0.022785898538263114,0.2175408426483233,0.7596732588134136,9.779623565313742,11.584687831197119,4.845445,0,0,0,0.0,0.0,0.0,mid,0.0,0.0,0.0,0.0,0.0,1.0,0.0,0.0,0.0,0.0,0.0,0.0,0.0,0.0,0.0
44442,2,4.0,44.0,134410.0,33430.0,24680.0,470.0,8280.0,799.536,107440.0,39.831093,35.95208,0.24157429,0.3478261,131487.58,126159.85,0,0.0,0.0,126.15985,4.845445,11.584687831197119,3.6846478,3.582187,0.5027632771023038,1.0275554202042245,1.1580541432402676,1.0275554202042245,1.1580541432402676,6.6840315,0.014059228238109482,0.24768172300329047,0.7382590487586,10.113748478019325,23.169375662394238,9.69089,1,1,0,0.0,0.0,0.0,mid,0.0,0.0,0.0,0.0,0.0,1.0,1.0,0.0,0.0,0.0,0.0,0.0,0.0,0.0,0.0
44442,3,4.0,44.0,140780.0,43400.0,27220.0,2480.0,13700.0,837.42786,107440.0,37.591293,41.1294,0.23639722,0.7332166,131487.58,126159.85,0,0.0,0.0,126.15985,4.845445,11.584687831197119,3.6267724,3.7167232,0.5027632771023038,1.0275554202042245,1.1580541432402676,1.0275554202042245,1.1580541432402676,6.730335,0.05714285714285714,0.315668202764977,0.6271889400921659,10.211707276205457,34.75406349359136,14.536335,1,0,1,0.0,0.0,0.0,mid,0.0,0.0,0.0,0.0,0.0,1.0,0.0,1.0,0.0,0.0,0.0,0.0,0.0,0.0,0.0
44471,1,4.0,44.0,244880.0,62560.0,53470.0,770.0,8320.0,574.75476,244880.0,44.80913,47.252666,0.048554394,0.022090262,151154.47,140778.11,0,0.0,0.0,140.7781,4.954263,12.408523573619295,3.802412,3.855509,0.5887277017463238,1.4547551888256862,1.4746116474725146,1.4547551888256862,1.4746116474725146,6.3539433,0.012308184143222507,0.1329923273657289,0.8546994884910486,10.886876027942778,12.408523573619295,4.954263,0,0,0,0.0,0.0,0.0,far,0.0,0.0,0.0,0.0,0.0,0.0,0.0,0.0,0.0,0.0,1.0,0.0,0.0,0.0,0.0
44471,2,4.0,44.0,293810.0,75430.0,61970.0,1040.0,12420.0,689.5977,244880.0,36.806984,34.381958,0.07964331,0.1374747,151154.47,140778.11,0,0.0,0.0,140.7781,4.954263,12.408523573619295,3.6056876,3.5375319,0.5887277017463238,1.4547551888256862,1.4746116474725146,1.4547551888256862,1.4746116474725146,6.5361085,0.013787617658756463,0.16465597242476468,0.8215564099164788,11.034405675956153,24.81704714723859,9.908526,1,1,0,0.0,0.0,0.0,far,0.0,0.0,0.0,0.0,0.0,0.0,0.0,0.0,0.0,0.0,1.0,1.0,0.0,0.0,0.0
44471,3,4.0,44.0,335000.0,101840.0,75840.0,6940.0,19060.0,786.27423,244880.0,35.451183,39.810825,0.082268655,0.6664995,151154.47,140778.11,0,0.0,0.0,140.7781,4.954263,12.408523573619295,3.5681567,3.6841388,0.5887277017463238,1.4547551888256862,1.4746116474725146,1.4547551888256862,1.4746116474725146,6.6673055,0.06814611154752553,0.18715632364493323,0.7446975648075412,11.236381136928904,37.22557072085789,14.862789,1,0,1,0.0,0.0,0.0,far,0.0,0.0,0.0,0.0,0.0,0.0,0.0,0.0,0.0,0.0,1.0,0.0,1.0,0.0,0.0
44480,1,4.0,44.0,291560.0,73950.0,57770.0,2790.0,13390.0,791.4009,291560.0,46.6307,44.369278,0.085711345,0.055330634,98206.23,104696.82,0,0.0,0.0,98.20623,4.597201,12.583001095496149,3.8422592,3.7925472,0.5369721100280347,1.1785539827474953,1.237065927332813,1.1785539827474953,1.237065927332813,6.6738048,0.03772819472616633,0.18106828938471942,0.7812035158891143,10.96422488877531,12.583001095496149,4.597201,0,0,0,0.0,0.0,0.0,mid,0.0,0.0,0.0,0.0,0.0,1.0,0.0,0.0,0.0,0.0,0.0,0.0,0.0,0.0,0.0
44480,2,4.0,44.0,331820.0,85580.0,64510.0,1970.0,19100.0,900.6813,291560.0,42.216766,36.67545,0.097583026,0.21248916,98206.23,104696.82,0,0.0,0.0,98.20623,4.597201,12.583001095496149,3.7428174,3.6021075,0.5369721100280347,1.1785539827474953,1.237065927332813,1.1785539827474953,1.237065927332813,6.8031516,0.023019397055386772,0.22318298667913064,0.7537976162654826,11.074575529526287,25.166002190992298,9.194402,1,1,0,0.0,0.0,0.0,mid,0.0,0.0,0.0,0.0,0.0,1.0,1.0,0.0,0.0,0.0,0.0,0.0,0.0,0.0,0.0
44480,3,4.0,44.0,362840.0,107380.0,73540.0,8960.0,24880.0,984.881,291560.0,39.320183,42.010166,0.09805975,0.47507122,98206.23,104696.82,0,0.0,0.0,98.20623,4.597201,12.583001095496149,3.671738,3.7379117,0.5369721100280347,1.1785539827474953,1.237065927332813,1.1785539827474953,1.237065927332813,6.892521,0.08344198174706649,0.23170050288694358,0.6848575153659899,11.205584754855263,37.749003286488445,13.791603,1,0,1,0.0,0.0,0.0,mid,0.0,0.0,0.0,0.0,0.0,1.0,0.0,1.0,0.0,0.0,0.0,0.0,0.0,0.0,0.0
44712,1,4.0,47.0,128650.0,28340.0,21630.0,560.0,6150.0,571.0164,128650.0,54.25352,44.221687,0.044073068,0.027196653,188372.95,107140.58,0,0.0,0.0,107.14058,4.683432,11.76485081770989,3.9936678,3.7892153,0.4870441694911353,0.9649243803120812,1.0783880827323267,0.9649243803120812,1.0783880827323267,6.347418,0.019760056457304165,0.21700776287932252,0.7632321806633733,9.981836518947105,11.76485081770989,4.683432,0,0,0,0.0,0.0,0.0,mid,0.0,0.0,0.0,0.0,0.0,1.0,0.0,0.0,0.0,0.0,0.0,0.0,0.0,0.0,0.0
44712,2,4.0,47.0,141600.0,30780.0,22060.0,350.0,8370.0,628.49536,128650.0,47.18136,44.719654,0.053248588,0.10938018,188372.95,107140.58,0,0.0,0.0,107.14058,4.683432,11.76485081770989,3.853999,3.8004131,0.4870441694911353,0.9649243803120812,1.0783880827323267,0.9649243803120812,1.0783880827323267,6.443329,0.011371020142949967,0.2719298245614035,0.7166991552956465,10.001521292807494,23.52970163541978,9.366864,1,1,0,0.0,0.0,0.0,mid,0.0,0.0,0.0,0.0,0.0,1.0,1.0,0.0,0.0,0.0,0.0,0.0,0.0,0.0,0.0
44712,3,4.0,47.0,169920.0,49140.0,30020.0,4140.0,14980.0,754.1944,128650.0,44.016037,47.541096,0.04555085,0.4085336,188372.95,107140.58,0,0.0,0.0,107.14058,4.683432,11.76485081770989,3.784554,3.8615947,0.4870441694911353,0.9649243803120812,1.0783880827323267,0.9649243803120812,1.0783880827323267,6.62565,0.08424908424908426,0.30484330484330485,0.6109076109076109,10.309619105187453,35.29455245312967,14.050297,1,0,1,0.0,0.0,0.0,mid,0.0,0.0,0.0,0.0,0.0,1.0,0.0,1.0,0.0,0.0,0.0,0.0,0.0,0.0,0.0
44717,1,4.0,47.0,141880.0,28480.0,21330.0,280.0,6870.0,184.72516,141880.0,55.81784,46.752537,0.11826896,0.044061303,224938.42,136537.08,0,0.0,0.0,136.53708,4.9238935,11.862736908887559,4.022094,3.8448687,0.5398107393154817,1.192092464076294,1.2983263732033903,1.192092464076294,1.2983263732033903,5.218869,0.009831460674157303,0.24122191011235955,0.7489466292134831,9.967869811465397,11.862736908887559,4.9238935,0,0,0,0.0,0.0,0.0,far,0.0,0.0,0.0,0.0,0.0,0.0,0.0,0.0,0.0,0.0,1.0,0.0,0.0,0.0,0.0
44717,2,4.0,47.0,156930.0,31540.0,24340.0,260.0,6940.0,204.31998,141880.0,47.08274,45.09046,0.1289747,0.12157534,224938.42,136537.08,0,0.0,0.0,136.53708,4.9238935,11.862736908887559,3.8519065,3.8086708,0.5398107393154817,1.192092464076294,1.2983263732033903,1.192092464076294,1.2983263732033903,5.3196874,0.008243500317057704,0.22003804692454026,0.771718452758402,10.099876366541519,23.725473817775118,9.847787,1,1,0,0.0,0.0,0.0,far,0.0,0.0,0.0,0.0,0.0,0.0,0.0,0.0,0.0,0.0,1.0,1.0,0.0,0.0,0.0
44717,3,4.0,47.0,152860.0,46480.0,30000.0,3320.0,13160.0,199.0209,141880.0,44.399334,48.35656,0.097082295,0.3159794,224938.42,136537.08,0,0.0,0.0,136.53708,4.9238935,11.862736908887559,3.7932246,3.8786018,0.5398107393154817,1.192092464076294,1.2983263732033903,1.192092464076294,1.2983263732033903,5.29341,0.07142857142857142,0.28313253012048195,0.6454388984509466,10.308952660644293,35.58821072666268,14.771681,1,0,1,0.0,0.0,0.0,far,0.0,0.0,0.0,0.0,0.0,0.0,0.0,0.0,0.0,0.0,1.0,0.0,1.0,0.0,0.0
44721,1,4.0,47.0,80930.0,12280.0,740.0,2170.0,9370.0,18733.795,80930.0,55.796207,44.114357,1.0,0.669673,170276.45,95018.57,0,0.0,0.0,95.01857,4.564542,11.301339862489748,4.021706,3.7867854,0.4278698816542352,0.7600143770782669,0.8540754990137085,0.7600143770782669,0.8540754990137085,9.838084,0.1767100977198697,0.7630293159609121,0.06026058631921824,6.606650186198215,11.301339862489748,4.564542,0,0,0,0.0,0.0,0.0,mid,0.0,0.0,0.0,0.0,0.0,1.0,0.0,0.0,0.0,0.0,0.0,0.0,0.0,0.0,0.0
44721,2,4.0,47.0,120310.0,21170.0,5240.0,3930.0,12000.0,27849.535,80930.0,48.7877,46.382538,1.0,0.74797344,170276.45,95018.57,0,0.0,0.0,95.01857,4.564542,11.301339862489748,3.8874784,3.8369231,0.4278698816542352,0.7600143770782669,0.8540754990137085,0.7600143770782669,0.8540754990137085,10.234571,0.18564005668398678,0.5668398677373642,0.24752007557864902,8.564076777315087,22.602679724979495,9.129084,1,1,0,0.0,0.0,0.0,mid,0.0,0.0,0.0,0.0,0.0,1.0,1.0,0.0,0.0,0.0,0.0,0.0,0.0,0.0,0.0
44721,3,4.0,47.0,110340.0,32680.0,3220.0,8140.0,21320.0,25541.666,80930.0,45.38836,48.6368,0.89124525,0.9451852,170276.45,95018.57,0,0.0,0.0,95.01857,4.564542,11.301339862489748,3.8152556,3.8843803,0.4278698816542352,0.7600143770782669,0.8540754990137085,0.7600143770782669,0.8540754990137085,10.1480665,0.24908200734394126,0.6523867809057528,0.09853121175030599,8.077136638538454,33.90401958746924,13.693625,1,0,1,0.0,0.0,0.0,mid,0.0,0.0,0.0,0.0,0.0,1.0,0.0,1.0,0.0,0.0,0.0,0.0,0.0,0.0,0.0
44730,1,4.0,47.0,255670.0,63610.0,46990.0,2010.0,14610.0,557.9878,255670.0,50.714413,45.163887,0.056322604,0.07685775,181133.55,109797.79,0,0.0,0.0,109.79779,4.707707,12.45164282940594,3.9262102,3.8102977,0.5469401161314028,1.2268432300977286,1.2890458736121921,1.2268432300977286,1.2890458736121921,6.324337,0.031598805219305144,0.22968086778808364,0.7387203269926113,10.757690092096862,12.45164282940594,4.707707,0,0,0,0.0,0.0,0.0,mid,0.0,0.0,0.0,0.0,0.0,1.0,0.0,0.0,0.0,0.0,0.0,0.0,0.0,0.0,0.0
44730,2,4.0,47.0,279230.0,74440.0,57350.0,1540.0,15550.0,609.4064,255670.0,43.496216,41.227276,0.058983635,0.23033144,181133.55,109797.79,0,0.0,0.0,109.79779,4.707707,12.45164282940594,3.7726738,3.7191,0.5469401161314028,1.2268432300977286,1.2890458736121921,1.2268432300977286,1.2890458736121921,6.412485,0.020687802256851157,0.20889306824288018,0.7704191295002687,10.956928122557517,24.90328565881188,9.415414,1,1,0,0.0,0.0,0.0,mid,0.0,0.0,0.0,0.0,0.0,1.0,1.0,0.0,0.0,0.0,0.0,0.0,0.0,0.0,0.0
44730,3,4.0,47.0,303340.0,93260.0,62120.0,8420.0,22720.0,662.02527,255670.0,40.86777,45.1682,0.063822776,0.5825918,181133.55,109797.79,0,0.0,0.0,109.79779,4.707707,12.45164282940594,3.7103417,3.8103933,0.5469401161314028,1.2268432300977286,1.2890458736121921,1.2268432300977286,1.2890458736121921,6.4953036,0.09028522410465366,0.24361998713274716,0.6660947887625992,11.036823277262624,37.354928488217816,14.123121,1,0,1,0.0,0.0,0.0,mid,0.0,0.0,0.0,0.0,0.0,1.0,0.0,1.0,0.0,0.0,0.0,0.0,0.0,0.0,0.0
44740,1,4.0,47.0,108010.0,24290.0,8600.0,9760.0,5930.0,1401.4532,108010.0,55.796207,44.114357,1.0,0.42870814,164981.45,88413.37,0,0.0,0.0,88.41337,4.4932704,11.58997909441252,4.021706,3.7867854,0.43769291455726383,0.7910444026635741,0.8773227429840169,0.7910444026635741,0.8773227429840169,7.245265,0.40181144503911076,0.24413338822560723,0.35405516673528203,9.0595174822416,11.58997909441252,4.4932704,0,0,0,0.0,0.0,0.0,mid,0.0,0.0,0.0,0.0,0.0,1.0,0.0,0.0,0.0,0.0,0.0,0.0,0.0,0.0,0.0
44740,2,4.0,47.0,120460.0,19740.0,11240.0,2440.0,6060.0,1562.9946,108010.0,48.7877,46.382538,1.0,0.53264886,164981.45,88413.37,0,0.0,0.0,88.41337,4.4932704,11.58997909441252,3.8874784,3.8369231,0.43769291455726383,0.7910444026635741,0.8773227429840169,0.7910444026635741,0.8773227429840169,7.354359,0.12360688956433637,0.3069908814589666,0.569402228976697,9.327234123447681,23.17995818882504,8.986541,1,1,0,0.0,0.0,0.0,mid,0.0,0.0,0.0,0.0,0.0,1.0,1.0,0.0,0.0,0.0,0.0,0.0,0.0,0.0,0.0
44740,3,4.0,47.0,117220.0,34620.0,10480.0,13920.0,10220.0,1520.955,108010.0,45.38836,48.6368,0.0,0.64434844,164981.45,88413.37,0,0.0,0.0,88.41337,4.4932704,11.58997909441252,3.8152556,3.8843803,0.43769291455726383,0.7910444026635741,0.8773227429840169,0.7910444026635741,0.8773227429840169,7.3270936,0.4020797227036395,0.2952050837666089,0.30271519352975157,9.257223957875032,34.76993728323756,13.479811,1,0,1,0.0,0.0,0.0,mid,0.0,0.0,0.0,0.0,0.0,1.0,0.0,1.0,0.0,0.0,0.0,0.0,0.0,0.0,0.0
44751,1,4.0,47.0,191890.0,29420.0,970.0,1850.0,26600.0,16234.349,191890.0,55.796207,44.114357,1.0,0.72610986,178725.33,97113.02,0,0.0,0.0,97.11302,4.58612,12.164677570163787,4.021706,3.7867854,0.5011635002875742,1.0210008701966748,1.11172361409933,1.0210008701966748,1.11172361409933,9.694884,0.0628823929299796,0.9041468388851122,0.032970768184908225,6.877296071497429,12.164677570163787,4.58612,0,0,0,0.0,0.0,0.0,mid,0.0,0.0,0.0,0.0,0.0,1.0,0.0,0.0,0.0,0.0,0.0,0.0,0.0,0.0,0.0
44751,2,4.0,47.0,250340.0,40830.0,10600.0,2890.0,27340.0,21179.357,191890.0,48.7877,46.382538,1.0,0.8681355,178725.33,97113.02,0,0.0,0.0,97.11302,4.58612,12.164677570163787,3.8874784,3.8369231,0.5011635002875742,1.0210008701966748,1.11172361409933,1.0210008701966748,1.11172361409933,9.960782,0.07078128826843008,0.6696056820964976,0.25961302963507227,9.268609280100158,24.329355140327575,9.17224,1,1,0,0.0,0.0,0.0,mid,0.0,0.0,0.0,0.0,0.0,1.0,1.0,0.0,0.0,0.0,0.0,0.0,0.0,0.0,0.0
44751,3,4.0,47.0,228600.0,74220.0,2880.0,9620.0,61720.0,19340.102,191890.0,45.38836,48.6368,1.0,0.954055,178725.33,97113.02,0,0.0,0.0,97.11302,4.58612,12.164677570163787,3.8152556,3.8843803,0.5011635002875742,1.0210008701966748,1.11172361409933,1.0210008701966748,1.11172361409933,9.869936,0.12961465912153058,0.8315817838857451,0.038803556992724336,7.965545573129992,36.49403271049136,13.75836,1,0,1,0.0,0.0,0.0,mid,0.0,0.0,0.0,0.0,0.0,1.0,0.0,1.0,0.0,0.0,0.0,0.0,0.0,0.0,0.0
44753,1,4.0,47.0,163630.0,33660.0,26870.0,310.0,6480.0,131.18106,163630.0,53.64997,48.765602,0.054757684,0.001755618,234055.25,151559.75,0,0.0,0.0,151.55975,5.0275564,12.00536306042294,3.982481,3.887025,0.5703268224478707,1.348933234834336,1.4211012775455203,1.348933234834336,1.4211012775455203,4.8765783,0.00920974450386215,0.1925133689839572,0.7982768865121807,10.198765701609537,12.00536306042294,5.0275564,0,0,0,0.0,0.0,0.0,far,0.0,0.0,0.0,0.0,0.0,0.0,0.0,0.0,0.0,0.0,1.0,0.0,0.0,0.0,0.0
44753,2,4.0,47.0,190640.0,39880.0,31160.0,370.0,8350.0,152.8348,163630.0,43.146896,41.59926,0.061109945,0.05871702,234055.25,151559.75,0,0.0,0.0,151.55975,5.0275564,12.00536306042294,3.7646105,3.7280824,0.5703268224478707,1.348933234834336,1.4211012775455203,1.348933234834336,1.4211012775455203,5.0293574,0.009277833500501504,0.20937813440320963,0.7813440320962889,10.346890499984685,24.01072612084588,10.055113,1,1,0,0.0,0.0,0.0,far,0.0,0.0,0.0,0.0,0.0,0.0,0.0,0.0,0.0,0.0,1.0,1.0,0.0,0.0,0.0
44753,3,4.0,47.0,192580.0,53140.0,43140.0,1840.0,8160.0,154.39008,163630.0,41.258377,46.72925,0.057222974,0.24562937,234055.25,151559.75,0,0.0,0.0,151.55975,5.0275564,12.00536306042294,3.719854,3.8443704,0.5703268224478707,1.348933234834336,1.4211012775455203,1.348933234834336,1.4211012775455203,5.0394826,0.03462551750094091,0.1535566428302597,0.8118178396687994,10.672205919943147,36.016089181268825,15.082669,1,0,1,0.0,0.0,0.0,far,0.0,0.0,0.0,0.0,0.0,0.0,0.0,0.0,0.0,0.0,1.0,0.0,1.0,0.0,0.0
44764,1,4.0,47.0,223420.0,46100.0,30910.0,1170.0,14020.0,579.9803,223420.0,50.661964,45.56382,0.011995345,0.030898204,205634.22,130112.766,0,0.0,0.0,130.11276,4.8760576,12.316808687124839,3.9251754,3.819114,0.5672386294574809,1.3320551718461326,1.3864101593588,1.3320551718461326,1.3864101593588,6.362994,0.025379609544468548,0.30412147505422993,0.6704989154013015,10.338835035126163,12.316808687124839,4.8760576,0,0,0,0.0,0.0,0.0,far,0.0,0.0,0.0,0.0,0.0,0.0,0.0,0.0,0.0,0.0,1.0,0.0,0.0,0.0,0.0
44764,2,4.0,47.0,248250.0,54850.0,35600.0,1320.0,17930.0,644.43695,223420.0,43.18425,40.99886,0.05716012,0.12824456,205634.22,130112.766,0,0.0,0.0,130.11276,4.8760576,12.316808687124839,3.7654757,3.7135444,0.5672386294574809,1.3320551718461326,1.3864101593588,1.3320551718461326,1.3864101593588,6.468377,0.02406563354603464,0.3268915223336372,0.6490428441203282,10.480100916840122,24.633617374249678,9.752115,1,1,0,0.0,0.0,0.0,far,0.0,0.0,0.0,0.0,0.0,0.0,0.0,0.0,0.0,0.0,1.0,1.0,0.0,0.0,0.0
44764,3,4.0,47.0,247520.0,76480.0,50220.0,3500.0,22760.0,642.54193,223420.0,40.644756,45.086754,0.06795411,0.4458918,205634.22,130112.766,0,0.0,0.0,130.11276,4.8760576,12.316808687124839,3.7048697,3.8085885,0.5672386294574809,1.3320551718461326,1.3864101593588,1.3320551718461326,1.3864101593588,6.465432,0.04576359832635983,0.2975941422594142,0.6566422594142259,10.824168632711576,36.950426061374515,14.628173,1,0,1,0.0,0.0,0.0,far,0.0,0.0,0.0,0.0,0.0,0.0,0.0,0.0,0.0,0.0,1.0,0.0,1.0,0.0,0.0
44769,1,4.0,47.0,67260.0,12290.0,4960.0,1620.0,5710.0,1288.0122,67260.0,50.3968,45.294476,0.3962236,0.15195702,163579.81,96203.81,0,0.0,0.0,96.20381,4.57681,11.11632098529426,3.9199276,3.8131852,0.4155224602065666,0.7224895641385899,0.8123960758501374,0.7224895641385899,0.8123960758501374,7.1608553,0.13181448331977216,0.4646053702196908,0.403580146460537,8.509161019718974,11.11632098529426,4.57681,0,0,0,0.0,0.0,0.0,mid,0.0,0.0,0.0,0.0,0.0,1.0,0.0,0.0,0.0,0.0,0.0,0.0,0.0,0.0,0.0
44769,2,4.0,47.0,76890.0,18260.0,7580.0,2790.0,7890.0,1472.4243,67260.0,43.1655,40.938713,0.4027832,0.46321365,163579.81,96203.81,0,0.0,0.0,96.20381,4.57681,11.11632098529426,3.7650416,3.7120762,0.4155224602065666,0.7224895641385899,0.8123960758501374,0.7224895641385899,0.8123960758501374,7.2946653,0.15279299014238773,0.432092004381161,0.41511500547645125,8.933268478636418,22.23264197058852,9.15362,1,1,0,0.0,0.0,0.0,mid,0.0,0.0,0.0,0.0,0.0,1.0,1.0,0.0,0.0,0.0,0.0,0.0,0.0,0.0,0.0
44769,3,4.0,47.0,84720.0,26500.0,8040.0,6520.0,11940.0,1622.3668,67260.0,40.585236,44.965614,0.36425874,0.8335036,163579.81,96203.81,0,0.0,0.0,96.20381,4.57681,11.11632098529426,3.7034044,3.8058982,0.4155224602065666,0.7224895641385899,0.8123960758501374,0.7224895641385899,0.8123960758501374,7.3916416,0.2460377358490566,0.4505660377358491,0.30339622641509434,8.992184362173012,33.34896295588278,13.73043,1,0,1,0.0,0.0,0.0,mid,0.0,0.0,0.0,0.0,0.0,1.0,0.0,1.0,0.0,0.0,0.0,0.0,0.0,0.0,0.0
44775,1,4.0,47.0,150990.0,26860.0,9440.0,3360.0,14060.0,1584.199,150990.0,55.796207,44.114357,1.0,0.29055008,176902.03,92407.74,0,0.0,0.0,92.407745,4.5369744,11.924968888438515,4.021706,3.7867854,0.4726341488807644,0.9107894566424025,1.0056062611911698,0.9107894566424025,1.0056062611911698,7.367834,0.12509307520476545,0.5234549516008935,0.351451973194341,9.152711259139547,11.924968888438515,4.5369744,0,0,0,0.0,0.0,0.0,mid,0.0,0.0,0.0,0.0,0.0,1.0,0.0,0.0,0.0,0.0,0.0,0.0,0.0,0.0,0.0
44775,2,4.0,47.0,168670.0,29770.0,13590.0,1850.0,14330.0,1769.699,150990.0,48.7877,46.382538,1.0,0.47759467,176902.03,92407.74,0,0.0,0.0,92.407745,4.5369744,11.924968888438515,3.8874784,3.8369231,0.4726341488807644,0.9107894566424025,1.0056062611911698,0.9107894566424025,1.0056062611911698,7.4785647,0.0621430970775949,0.4813570708767215,0.45649983204568356,9.51708950714519,23.84993777687703,9.073949,1,1,0,0.0,0.0,0.0,mid,0.0,0.0,0.0,0.0,0.0,1.0,1.0,0.0,0.0,0.0,0.0,0.0,0.0,0.0,0.0
44775,3,4.0,47.0,176960.0,56780.0,14200.0,11620.0,30960.0,1856.6782,150990.0,45.38836,48.6368,0.0,0.7540592,176902.03,92407.74,0,0.0,0.0,92.407745,4.5369744,11.924968888438515,3.8152556,3.8843803,0.4726341488807644,0.9107894566424025,1.0056062611911698,0.9107894566424025,1.0056062611911698,7.526544,0.20464952448045087,0.545262416343783,0.2500880591757661,9.560997243589352,35.77490666531555,13.610924,1,0,1,0.0,0.0,0.0,mid,0.0,0.0,0.0,0.0,0.0,1.0,0.0,1.0,0.0,0.0,0.0,0.0,0.0,0.0,0.0
44794,1,4.0,47.0,105050.0,23700.0,20370.0,270.0,3060.0,565.5755,105050.0,55.796207,44.114357,0.09900048,0.034464188,165400.58,82007.4,0,0.0,0.0,82.0074,4.4189296,11.562191706273147,4.021706,3.7867854,0.4218724211679438,0.7415874125905024,0.8100158617022092,0.7415874125905024,0.8100158617022092,6.337844,0.01139240506329114,0.1291139240506329,0.859493670886076,9.921818509220852,11.562191706273147,4.4189296,0,0,0,0.0,0.0,0.0,near,1.0,0.0,0.0,0.0,0.0,0.0,0.0,0.0,0.0,0.0,0.0,0.0,0.0,0.0,0.0
44794,2,4.0,47.0,111860.0,26200.0,21380.0,850.0,3970.0,602.2397,105050.0,48.7877,46.382538,0.095923476,0.112453535,165400.58,82007.4,0,0.0,0.0,82.0074,4.4189296,11.562191706273147,3.8874784,3.8369231,0.4218724211679438,0.7415874125905024,0.8100158617022092,0.7415874125905024,0.8100158617022092,6.4006557,0.03244274809160305,0.15152671755725192,0.816030534351145,9.970211184579036,23.124383412546294,8.837859,1,1,0,0.0,0.0,0.0,near,1.0,1.0,0.0,0.0,0.0,0.0,0.0,0.0,0.0,0.0,0.0,0.0,0.0,0.0,0.0
44794,3,4.0,47.0,116500.0,31960.0,21200.0,3520.0,7240.0,627.2208,105050.0,45.38836,48.6368,0.10300429,0.44039485,165400.58,82007.4,0,0.0,0.0,82.0074,4.4189296,11.562191706273147,3.8152556,3.8843803,0.4218724211679438,0.7415874125905024,0.8100158617022092,0.7415874125905024,0.8100158617022092,6.4412985,0.11013767209011265,0.2265331664580726,0.6633291614518148,9.961756460660103,34.68657511881944,13.256788,1,0,1,0.0,0.0,0.0,near,1.0,0.0,1.0,0.0,0.0,0.0,0.0,0.0,0.0,0.0,0.0,0.0,0.0,0.0,0.0
45015,1,4.0,50.0,145400.0,33460.0,22540.0,2020.0,8900.0,967.0768,145400.0,46.09533,46.985672,0.17420907,0.20758258,88692.02,145888.78,0,0.0,0.0,88.692024,4.4963818,11.887243844081556,3.8307116,3.8498428,0.4620443250830383,0.8728548890399332,0.9625757444470179,0.8728548890399332,0.9625757444470179,6.874278,0.06037059175134489,0.2659892408846384,0.6736401673640168,10.023046787593767,11.887243844081556,4.4963818,0,0,0,0.0,0.0,0.0,mid,0.0,0.0,0.0,0.0,0.0,1.0,0.0,0.0,0.0,0.0,0.0,0.0,0.0,0.0,0.0
45015,2,4.0,50.0,177710.0,36900.0,23950.0,1440.0,11510.0,1181.9753,145400.0,37.497326,32.8343,0.16307467,0.3277178,88692.02,145888.78,0,0.0,0.0,88.692024,4.4963818,11.887243844081556,3.6242697,3.4914737,0.4620443250830383,0.8728548890399332,0.9625757444470179,0.8728548890399332,0.9625757444470179,7.0749426,0.03902439024390244,0.3119241192411924,0.6490514905149052,10.083723602839061,23.774487688163113,8.9927635,1,1,0,0.0,0.0,0.0,mid,0.0,0.0,0.0,0.0,0.0,1.0,1.0,0.0,0.0,0.0,0.0,0.0,0.0,0.0,0.0
45015,3,4.0,50.0,200740.0,58800.0,33840.0,4720.0,20240.0,1335.1512,145400.0,36.5704,40.910698,0.15891203,0.6647059,88692.02,145888.78,0,0.0,0.0,88.692024,4.4963818,11.887243844081556,3.599239,3.7113917,0.4620443250830383,0.8728548890399332,0.9625757444470179,0.8728548890399332,0.9625757444470179,7.1967998,0.08027210884353742,0.3442176870748299,0.5755102040816327,10.429398813720159,35.66173153224467,13.489145,1,0,1,0.0,0.0,0.0,mid,0.0,0.0,0.0,0.0,0.0,1.0,0.0,1.0,0.0,0.0,0.0,0.0,0.0,0.0,0.0
45039,1,4.0,50.0,362040.0,89830.0,66270.0,4410.0,19150.0,780.6961,362040.0,43.887154,46.402218,0.040299416,0.14178658,103111.336,157602.48,0,0.0,0.0,103.111336,4.645461,12.799509981941107,3.7816217,3.8373473,0.5632160369941542,1.3104281974928234,1.336014798098375,1.3104281974928234,1.336014798098375,6.660186,0.04909273071357008,0.21318045196482244,0.7377268173216075,11.101492585082273,12.799509981941107,4.645461,0,0,0,0.0,0.0,0.0,mid,0.0,0.0,0.0,0.0,0.0,1.0,0.0,0.0,0.0,0.0,0.0,0.0,0.0,0.0,0.0
45039,2,4.0,50.0,444070.0,103480.0,75700.0,5350.0,22430.0,957.584,362040.0,34.302097,31.075373,0.041885287,0.23741738,103111.336,157602.48,0,0.0,0.0,103.111336,4.645461,12.799509981941107,3.5352066,3.4364157,0.5632160369941542,1.3104281974928234,1.336014798098375,1.3104281974928234,1.336014798098375,6.8644133,0.05170081175106301,0.21675686122922302,0.731542327019714,11.23453343942554,25.599019963882213,9.290922,1,1,0,0.0,0.0,0.0,mid,0.0,0.0,0.0,0.0,0.0,1.0,1.0,0.0,0.0,0.0,0.0,0.0,0.0,0.0,0.0
45039,3,4.0,50.0,455020.0,135020.0,100280.0,7180.0,27560.0,981.1964,362040.0,34.085785,38.78228,0.0432948,0.5630833,103111.336,157602.48,0,0.0,0.0,103.111336,4.645461,12.799509981941107,3.5288804,3.6579635,0.5632160369941542,1.3104281974928234,1.336014798098375,1.3104281974928234,1.336014798098375,6.8887725,0.053177307065619905,0.20411790845800623,0.7427047844763739,11.515721552272229,38.39852994582332,13.936383,1,0,1,0.0,0.0,0.0,mid,0.0,0.0,0.0,0.0,0.0,1.0,0.0,1.0,0.0,0.0,0.0,0.0,0.0,0.0,0.0
45063,1,4.0,50.0,93200.0,22790.0,14640.0,3120.0,5030.0,958.0592,93200.0,46.6307,44.369278,0.093454935,0.06088005,82149.12,104474.33,0,0.0,0.0,82.14912,4.4206357,11.442503000673682,3.8422592,3.7925472,0.4127751562770502,0.7143549049739094,0.7780611527319166,0.7143549049739094,0.7780611527319166,6.8649096,0.13690215006581835,0.22071083808688022,0.6423870118473014,9.591512787515303,11.442503000673682,4.4206357,0,0,0,0.0,0.0,0.0,near,1.0,0.0,0.0,0.0,0.0,0.0,0.0,0.0,0.0,0.0,0.0,0.0,0.0,0.0,0.0
45063,2,4.0,50.0,114680.0,25610.0,16090.0,2360.0,7160.0,1178.8651,93200.0,42.216766,36.67545,0.18712941,0.2389937,82149.12,104474.33,0,0.0,0.0,82.14912,4.4206357,11.442503000673682,3.7428174,3.6021075,0.4127751562770502,0.7143549049739094,0.7780611527319166,0.7143549049739094,0.7780611527319166,7.0723076,0.092151503319016,0.27957828973057397,0.62827020695041,9.685953239986429,22.885006001347364,8.841271,1,1,0,0.0,0.0,0.0,near,1.0,1.0,0.0,0.0,0.0,0.0,0.0,0.0,0.0,0.0,0.0,0.0,0.0,0.0,0.0
45063,3,4.0,50.0,129720.0,38540.0,19980.0,5380.0,13180.0,1333.4705,93200.0,39.320183,42.010166,0.16913351,0.5271028,82149.12,104474.33,0,0.0,0.0,82.14912,4.4206357,11.442503000673682,3.671738,3.7379117,0.4127751562770502,0.7143549049739094,0.7780611527319166,0.7143549049739094,0.7780611527319166,7.1955404,0.13959522573949143,0.3419823559937727,0.5184224182667359,9.902487052202545,34.327509002021046,13.261908,1,0,1,0.0,0.0,0.0,near,1.0,0.0,1.0,0.0,0.0,0.0,0.0,0.0,0.0,0.0,0.0,0.0,0.0,0.0,0.0
45071,1,4.0,50.0,267290.0,56720.0,32030.0,8130.0,16560.0,794.0644,267290.0,46.6307,44.369278,0.046728272,0.074020915,80631.6,113207.29,0,0.0,0.0,80.6316,4.4022164,12.496089490278674,3.8422592,3.7925472,0.4935729135934772,0.9904653658702977,1.0566245204902254,0.9904653658702977,1.0566245204902254,6.6771646,0.14333568406205924,0.2919605077574048,0.564703808180536,10.374428242603203,12.496089490278674,4.4022164,0,0,0,0.0,0.0,0.0,near,1.0,0.0,0.0,0.0,0.0,0.0,0.0,0.0,0.0,0.0,0.0,0.0,0.0,0.0,0.0
45071,2,4.0,50.0,299970.0,62900.0,33850.0,7310.0,21740.0,891.15,267290.0,42.216766,36.67545,0.06497316,0.34588563,80631.6,113207.29,0,0.0,0.0,80.6316,4.4022164,12.496089490278674,3.7428174,3.6021075,0.4935729135934772,0.9904653658702977,1.0566245204902254,0.9904653658702977,1.0566245204902254,6.792513,0.11621621621621622,0.34562798092209857,0.5381558028616852,10.42969427834042,24.992178980557348,8.804433,1,1,0,0.0,0.0,0.0,near,1.0,1.0,0.0,0.0,0.0,0.0,0.0,0.0,0.0,0.0,0.0,0.0,0.0,0.0,0.0
45071,3,4.0,50.0,325420.0,95700.0,45460.0,18580.0,31660.0,966.75684,267290.0,39.320183,42.010166,0.06907996,0.62389266,80631.6,113207.29,0,0.0,0.0,80.6316,4.4022164,12.496089490278674,3.671738,3.7379117,0.4935729135934772,0.9904653658702977,1.0566245204902254,0.9904653658702977,1.0566245204902254,6.873947,0.1941483803552769,0.3308254963427377,0.47502612330198535,10.724588097406535,37.48826847083602,13.20665,1,0,1,0.0,0.0,0.0,near,1.0,0.0,1.0,0.0,0.0,0.0,0.0,0.0,0.0,0.0,0.0,0.0,0.0,0.0,0.0
45079,1,4.0,50.0,367380.0,90230.0,47910.0,3660.0,38660.0,1140.5067,367380.0,46.6307,44.369278,0.23468888,0.2700379,94449.0,124988.85,0,0.0,0.0,94.449,4.558592,12.814152013700054,3.8422592,3.7925472,0.5483514375526402,1.2338525292107658,1.270481185643193,1.2338525292107658,1.270481185643193,7.039228,0.0405630056522221,0.4284606006871329,0.530976393660645,10.777079529877168,12.814152013700054,4.558592,0,0,0,0.0,0.0,0.0,mid,0.0,0.0,0.0,0.0,0.0,1.0,0.0,0.0,0.0,0.0,0.0,0.0,0.0,0.0,0.0
45079,2,4.0,50.0,427880.0,94760.0,55530.0,3800.0,35430.0,1328.3248,367380.0,42.216766,36.67545,0.23298588,0.5110256,94449.0,124988.85,0,0.0,0.0,94.449,4.558592,12.814152013700054,3.7428174,3.6021075,0.5483514375526402,1.2338525292107658,1.270481185643193,1.2338525292107658,1.270481185643193,7.1916738,0.04010130856901646,0.37389193752638245,0.5860067539046011,10.924678694235652,25.62830402740011,9.117184,1,1,0,0.0,0.0,0.0,mid,0.0,0.0,0.0,0.0,0.0,1.0,1.0,0.0,0.0,0.0,0.0,0.0,0.0,0.0,0.0
45079,3,4.0,50.0,501200.0,156060.0,62180.0,18240.0,75640.0,1555.9419,367380.0,39.320183,42.010166,0.21292897,0.78708214,94449.0,124988.85,0,0.0,0.0,94.449,4.558592,12.814152013700054,3.671738,3.7379117,0.5483514375526402,1.2338525292107658,1.270481185643193,1.2338525292107658,1.270481185643193,7.3498363,0.11687812379853903,0.4846853774189414,0.3984364987825195,11.037788683612744,38.442456041100165,13.675776,1,0,1,0.0,0.0,0.0,mid,0.0,0.0,0.0,0.0,0.0,1.0,0.0,1.0,0.0,0.0,0.0,0.0,0.0,0.0,0.0
45094,1,4.0,50.0,264680.0,71660.0,56160.0,950.0,14550.0,819.1384,264680.0,44.71097,45.18762,0.078849934,0.17921221,97787.52,137667.36,0,0.0,0.0,97.78752,4.5929713,12.486276828125996,3.800219,3.8108232,0.5284021931382538,1.1386696267549923,1.206748250938881,1.1386696267549923,1.206748250938881,6.708253,0.013257047167178342,0.20304214345520513,0.7837008093776165,10.935960038699692,12.486276828125996,4.5929713,0,0,0,0.0,0.0,0.0,mid,0.0,0.0,0.0,0.0,0.0,1.0,0.0,0.0,0.0,0.0,0.0,0.0,0.0,0.0,0.0
45094,2,4.0,50.0,283830.0,73840.0,57840.0,750.0,15250.0,878.4043,264680.0,37.87289,33.29392,0.096008174,0.29963177,97787.52,137667.36,0,0.0,0.0,97.78752,4.5929713,12.486276828125996,3.6342356,3.5053747,0.5284021931382538,1.1386696267549923,1.206748250938881,1.1386696267549923,1.206748250938881,6.778107,0.010157096424702059,0.2065276273022752,0.7833152762730228,10.965435856832647,24.972553656251993,9.185943,1,1,0,0.0,0.0,0.0,mid,0.0,0.0,0.0,0.0,0.0,1.0,1.0,0.0,0.0,0.0,0.0,0.0,0.0,0.0,0.0
45094,3,4.0,50.0,327580.0,102820.0,73940.0,6360.0,22520.0,1013.8029,264680.0,36.221657,39.757614,0.09866292,0.6066683,97787.52,137667.36,0,0.0,0.0,97.78752,4.5929713,12.486276828125996,3.5896573,3.6828015,0.5284021931382538,1.1386696267549923,1.206748250938881,1.1386696267549923,1.206748250938881,6.921464,0.061855670103092786,0.21902353627698892,0.7191207936199183,11.211009232490623,37.45883048437799,13.7789135,1,0,1,0.0,0.0,0.0,mid,0.0,0.0,0.0,0.0,0.0,1.0,0.0,1.0,0.0,0.0,0.0,0.0,0.0,0.0,0.0
45557,1,4.0,55.0,286380.0,63760.0,46880.0,1700.0,15180.0,718.8975,286380.0,46.314156,42.737766,0.1302116,0.09273084,112097.836,84345.625,0,0.0,0.0,84.34563,4.446709,12.565074879227998,3.8354478,3.755083,0.5074627380777483,1.0470561408906474,1.111483240955987,1.0470561408906474,1.111483240955987,6.5777187,0.026662484316185696,0.23808030112923462,0.7352572145545797,10.755346424250893,12.565074879227998,4.446709,0,0,0,0.0,0.0,0.0,mid,0.0,0.0,0.0,0.0,0.0,1.0,0.0,0.0,0.0,0.0,0.0,0.0,0.0,0.0,0.0
45557,2,4.0,55.0,331680.0,78390.0,56800.0,1730.0,19860.0,832.6138,286380.0,42.52447,37.962086,0.25916547,0.25882354,112097.836,84345.625,0,0.0,0.0,84.34563,4.446709,12.565074879227998,3.7500796,3.6365879,0.5074627380777483,1.0470561408906474,1.111483240955987,1.0470561408906474,1.111483240955987,6.72457,0.022069141472126547,0.2533486414083429,0.7245822171195305,10.947291604709243,25.130149758455996,8.893418,1,1,0,0.0,0.0,0.0,mid,0.0,0.0,0.0,0.0,0.0,1.0,1.0,0.0,0.0,0.0,0.0,0.0,0.0,0.0,0.0
45557,3,4.0,55.0,378440.0,107200.0,63240.0,8660.0,35300.0,949.995,286380.0,39.506306,42.459335,0.2568439,0.4635731,112097.836,84345.625,0,0.0,0.0,84.34563,4.446709,12.565074879227998,3.6764603,3.7485468,0.5074627380777483,1.0470561408906474,1.111483240955987,1.0470561408906474,1.111483240955987,6.8564568,0.08078358208955223,0.3292910447761194,0.5899253731343284,11.05469229132341,37.69522463768399,13.340128,1,0,1,0.0,0.0,0.0,mid,0.0,0.0,0.0,0.0,0.0,1.0,0.0,1.0,0.0,0.0,0.0,0.0,0.0,0.0,0.0
45566,1,4.0,55.0,159540.0,33250.0,27850.0,410.0,4990.0,684.16315,159540.0,52.764908,42.139927,0.041118216,0.015934844,113763.97,70398.48,0,0.0,0.0,70.398476,4.2682767,11.980049953465121,3.9658463,3.7409956,0.42735448500790785,0.7584156813463702,0.8056283257984109,0.7584156813463702,0.8056283257984109,6.5281963,0.012330827067669173,0.1500751879699248,0.837593984962406,10.23458824535543,11.980049953465121,4.2682767,0,0,0,0.0,0.0,0.0,near,1.0,0.0,0.0,0.0,0.0,0.0,0.0,0.0,0.0,0.0,0.0,0.0,0.0,0.0,0.0
45566,2,4.0,55.0,186970.0,42330.0,33640.0,550.0,8140.0,801.79254,159540.0,49.581257,45.7661,0.048136063,0.14527845,113763.97,70398.48,0,0.0,0.0,70.398476,4.2682767,11.980049953465121,3.9036129,3.8235438,0.42735448500790785,0.7584156813463702,0.8056283257984109,0.7584156813463702,0.8056283257984109,6.68685,0.012993149066855657,0.19229860618946373,0.7947082447436806,10.423471114086885,23.960099906930242,8.536553,1,1,0,0.0,0.0,0.0,near,1.0,1.0,0.0,0.0,0.0,0.0,0.0,0.0,0.0,0.0,0.0,0.0,0.0,0.0,0.0
45566,3,4.0,55.0,209540.0,53400.0,37860.0,2000.0,13540.0,898.58057,159540.0,44.95821,46.67749,0.050682448,0.34788418,113763.97,70398.48,0,0.0,0.0,70.398476,4.2682767,11.980049953465121,3.8057334,3.843262,0.42735448500790785,0.7584156813463702,0.8056283257984109,0.7584156813463702,0.8056283257984109,6.8008165,0.03745318352059925,0.25355805243445695,0.7089887640449438,10.541650424763313,35.940149860395366,12.804831,1,0,1,0.0,0.0,0.0,near,1.0,0.0,1.0,0.0,0.0,0.0,0.0,0.0,0.0,0.0,0.0,0.0,0.0,0.0,0.0
45585,1,4.0,55.0,131180.0,32850.0,27920.0,720.0,4210.0,584.11255,131180.0,46.227825,42.348507,0.03216954,0.026292335,124626.78,90141.04,0,0.0,0.0,90.14104,4.5124083,11.784325704847726,3.833582,3.745933,0.45675798583419713,0.8544717323939869,0.946765229416139,0.8544717323939869,0.946765229416139,6.370094,0.021917808219178082,0.12815829528158296,0.8499238964992389,10.237098556876308,11.784325704847726,4.5124083,0,0,0,0.0,0.0,0.0,mid,0.0,0.0,0.0,0.0,0.0,1.0,0.0,0.0,0.0,0.0,0.0,0.0,0.0,0.0,0.0
45585,2,4.0,55.0,146460.0,39200.0,33200.0,480.0,5520.0,652.1507,131180.0,42.60839,38.338062,0.04014748,0.17842466,124626.78,90141.04,0,0.0,0.0,90.14104,4.5124083,11.784325704847726,3.752051,3.6464431,0.45675798583419713,0.8544717323939869,0.946765229416139,0.8544717323939869,0.946765229416139,6.4802756,0.012244897959183673,0.14081632653061224,0.8469387755102041,10.410305154904579,23.568651409695452,9.0248165,1,1,0,0.0,0.0,0.0,mid,0.0,0.0,0.0,0.0,0.0,1.0,1.0,0.0,0.0,0.0,0.0,0.0,0.0,0.0,0.0
45585,3,4.0,55.0,166000.0,48340.0,36480.0,2180.0,9680.0,739.15753,131180.0,39.557068,42.607605,0.04072289,0.4084507,124626.78,90141.04,0,0.0,0.0,90.14104,4.5124083,11.784325704847726,3.6777444,3.7520328,0.45675798583419713,0.8544717323939869,0.946765229416139,0.8544717323939869,0.946765229416139,6.605511,0.04509722796855606,0.20024824162184526,0.7546545304095986,10.504519444188269,35.35297711454318,13.537225,1,0,1,0.0,0.0,0.0,mid,0.0,0.0,0.0,0.0,0.0,1.0,0.0,1.0,0.0,0.0,0.0,0.0,0.0,0.0,0.0
45595,1,4.0,55.0,144530.0,32670.0,25170.0,770.0,6730.0,768.4904,144530.0,47.325397,44.320004,0.027468346,0.026195426,96538.766,84859.16,0,0.0,0.0,84.85915,4.4527082,11.881242377442888,3.857047,3.7914362,0.45345846511689725,0.843177954611166,0.9259084692776249,0.843177954611166,0.9259084692776249,6.6444283,0.02356902356902357,0.20599938781756963,0.7704315886134068,10.133408088129361,11.881242377442888,4.4527082,0,0,0,0.0,0.0,0.0,mid,0.0,0.0,0.0,0.0,0.0,1.0,0.0,0.0,0.0,0.0,0.0,0.0,0.0,0.0,0.0
45595,2,4.0,55.0,158220.0,38440.0,28380.0,1150.0,8910.0,841.2825,144530.0,43.174828,37.588123,0.02540766,0.1768235,96538.766,84859.16,0,0.0,0.0,84.85915,4.4527082,11.881242377442888,3.7652576,3.6266882,0.45345846511689725,0.843177954611166,0.9259084692776249,0.843177954611166,0.9259084692776249,6.7349277,0.02991675338189386,0.231789802289282,0.7382934443288242,10.253439950714034,23.762484754885776,8.9054165,1,1,0,0.0,0.0,0.0,mid,0.0,0.0,0.0,0.0,0.0,1.0,1.0,0.0,0.0,0.0,0.0,0.0,0.0,0.0,0.0
45595,3,4.0,55.0,166380.0,46220.0,30780.0,2220.0,13220.0,884.6706,144530.0,39.9789,42.41198,0.03185479,0.38692674,96538.766,84859.16,0,0.0,0.0,84.85915,4.4527082,11.881242377442888,3.6883519,3.7474308,0.45345846511689725,0.843177954611166,0.9259084692776249,0.843177954611166,0.9259084692776249,6.7852154,0.048031155344006926,0.2860233665080052,0.6659454781479879,10.33462040739287,35.643727132328664,13.358125,1,0,1,0.0,0.0,0.0,mid,0.0,0.0,0.0,0.0,0.0,1.0,0.0,1.0,0.0,0.0,0.0,0.0,0.0,0.0,0.0
45747,1,4.0,57.0,229160.0,61600.0,51120.0,600.0,9880.0,682.34875,229160.0,43.339733,45.913174,0.08422063,0.1260771,117582.2,156768.78,0,0.0,0.0,117.58221,4.7756066,12.342175728522514,3.76907,3.8267522,0.5507481115749598,1.245856455682092,1.3129791127726955,1.245856455682092,1.3129791127726955,6.525541,0.00974025974025974,0.1603896103896104,0.8298701298701299,10.841931089051416,12.342175728522514,4.7756066,0,0,0,0.0,0.0,0.0,mid,0.0,0.0,0.0,0.0,0.0,1.0,0.0,0.0,0.0,0.0,0.0,0.0,0.0,0.0,0.0
45747,2,4.0,57.0,267390.0,71950.0,58630.0,830.0,12490.0,796.18274,229160.0,34.770126,31.460997,0.088559784,0.26200467,117582.2,156768.78,0,0.0,0.0,117.58221,4.7756066,12.342175728522514,3.5487585,3.4487486,0.5507481115749598,1.245856455682092,1.3129791127726955,1.245856455682092,1.3129791127726955,6.6798286,0.011535788742182071,0.17359277275886031,0.8148714384989576,10.97900178995826,24.68435145704503,9.551213,1,1,0,0.0,0.0,0.0,mid,0.0,0.0,0.0,0.0,0.0,1.0,1.0,0.0,0.0,0.0,0.0,0.0,0.0,0.0,0.0
45747,3,4.0,57.0,297260.0,91440.0,68980.0,2080.0,20380.0,885.1239,229160.0,34.008427,38.25158,0.102671064,0.581851,117582.2,156768.78,0,0.0,0.0,117.58221,4.7756066,12.342175728522514,3.5266085,3.6441848,0.5507481115749598,1.245856455682092,1.3129791127726955,1.245856455682092,1.3129791127726955,6.7857275,0.022747156605424323,0.22287839020122485,0.7543744531933508,11.141571886490832,37.026527185567545,14.32682,1,0,1,0.0,0.0,0.0,mid,0.0,0.0,0.0,0.0,0.0,1.0,0.0,1.0,0.0,0.0,0.0,0.0,0.0,0.0,0.0
45787,1,4.0,57.0,263800.0,70750.0,57850.0,500.0,12400.0,679.1617,263800.0,43.339733,45.913174,0.10223654,0.21717171,135510.58,165534.52,0,0.0,0.0,135.51057,4.916402,12.48294651926535,3.76907,3.8267522,0.5876984545384863,1.4485866801723088,1.464992284111956,1.4485866801723088,1.464992284111956,6.5208592,0.007067137809187279,0.17526501766784452,0.8176678445229681,10.965608732621822,12.48294651926535,4.916402,0,0,0,0.0,0.0,0.0,far,0.0,0.0,0.0,0.0,0.0,0.0,0.0,0.0,0.0,0.0,1.0,0.0,0.0,0.0,0.0
45787,2,4.0,57.0,412580.0,110690.0,90060.0,720.0,19910.0,1062.2007,263800.0,34.770126,31.460997,0.122558214,0.28621453,135510.58,165534.52,0,0.0,0.0,135.51057,4.916402,12.48294651926535,3.5487585,3.4487486,0.5876984545384863,1.4485866801723088,1.464992284111956,1.4485866801723088,1.464992284111956,6.968098,0.006504652633480892,0.17987171379528413,0.813623633571235,11.408231393855562,24.9658930385307,9.832804,1,1,0,0.0,0.0,0.0,far,0.0,0.0,0.0,0.0,0.0,0.0,0.0,0.0,0.0,0.0,1.0,1.0,0.0,0.0,0.0
45787,3,4.0,57.0,450560.0,137600.0,97860.0,2480.0,37260.0,1159.9814,263800.0,34.008427,38.25158,0.11672431,0.63128114,135510.58,165534.52,0,0.0,0.0,135.51057,4.916402,12.48294651926535,3.5266085,3.6441848,0.5876984545384863,1.4485866801723088,1.464992284111956,1.4485866801723088,1.464992284111956,7.0561595,0.01802325581395349,0.27078488372093024,0.7111918604651163,11.491293164843114,37.44883955779605,14.749206,1,0,1,0.0,0.0,0.0,far,0.0,0.0,0.0,0.0,0.0,0.0,0.0,0.0,0.0,0.0,1.0,0.0,1.0,0.0,0.0
46528,1,4.0,65.0,199090.0,45520.0,34300.0,1250.0,9970.0,703.5728,199090.0,53.31605,42.440746,0.13541615,0.009575923,153164.6,75900.56,0,0.0,0.0,75.900566,4.342513,12.201512262773843,3.9762375,3.7481089,0.45870285353246826,0.8611932273407936,0.9267714722304229,0.8611932273407936,0.9267714722304229,6.5561714,0.027460456942003515,0.21902460456942002,0.7535149384885764,10.442900633154032,12.201512262773843,4.342513,0,0,0,0.0,0.0,0.0,near,1.0,0.0,0.0,0.0,0.0,0.0,0.0,0.0,0.0,0.0,0.0,0.0,0.0,0.0,0.0
46528,2,4.0,65.0,208570.0,47340.0,36290.0,900.0,10150.0,737.0746,199090.0,49.436974,45.834293,0.16114494,0.20736994,153164.6,75900.56,0,0.0,0.0,75.900566,4.342513,12.201512262773843,3.9006987,3.8250325,0.45870285353246826,0.8611932273407936,0.9267714722304229,0.8611932273407936,0.9267714722304229,6.6026893,0.019011406844106463,0.21440642163075624,0.7665821715251373,10.499297500207115,24.403024525547686,8.685026,1,1,0,0.0,0.0,0.0,near,1.0,1.0,0.0,0.0,0.0,0.0,0.0,0.0,0.0,0.0,0.0,0.0,0.0,0.0,0.0
46528,3,4.0,65.0,222800.0,58280.0,40720.0,3280.0,14280.0,787.3626,199090.0,45.03642,47.026905,0.17001796,0.47719297,153164.6,75900.56,0,0.0,0.0,75.900566,4.342513,12.201512262773843,3.8074715,3.85072,0.45870285353246826,0.8611932273407936,0.9267714722304229,0.8611932273407936,0.9267714722304229,6.668689,0.05628002745367193,0.24502402196293754,0.6986959505833905,10.614474651224404,36.604536788321525,13.027539,1,0,1,0.0,0.0,0.0,near,1.0,0.0,1.0,0.0,0.0,0.0,0.0,0.0,0.0,0.0,0.0,0.0,0.0,0.0,0.0
46552,1,4.0,65.0,209850.0,41960.0,31840.0,1080.0,9040.0,708.9287,209850.0,52.764908,42.139927,0.019490112,0.017264634,134680.42,67693.68,0,0.0,0.0,67.69368,4.229657,12.254148268761737,3.9658463,3.7409956,0.44203054915914514,0.8050943238673577,0.8509919210523047,0.8050943238673577,0.8509919210523047,6.563755,0.025738798856053385,0.21544327931363202,0.7588179218303146,10.368478639958319,12.254148268761737,4.229657,0,0,0,0.0,0.0,0.0,near,1.0,0.0,0.0,0.0,0.0,0.0,0.0,0.0,0.0,0.0,0.0,0.0,0.0,0.0,0.0
46552,2,4.0,65.0,221260.0,46000.0,34150.0,1000.0,10850.0,747.47473,209850.0,49.581257,45.7661,0.023456566,0.17424242,134680.42,67693.68,0,0.0,0.0,67.69368,4.229657,12.254148268761737,3.9036129,3.8235438,0.44203054915914514,0.8050943238673577,0.8509919210523047,0.8050943238673577,0.8509919210523047,6.6167006,0.021739130434782608,0.2358695652173913,0.7423913043478261,10.438517864998936,24.508296537523474,8.459314,1,1,0,0.0,0.0,0.0,near,1.0,1.0,0.0,0.0,0.0,0.0,0.0,0.0,0.0,0.0,0.0,0.0,0.0,0.0,0.0
46552,3,4.0,65.0,227480.0,57840.0,37060.0,4520.0,16260.0,768.48755,209850.0,44.95821,46.67749,0.10743801,0.43854856,134680.42,67693.68,0,0.0,0.0,67.69368,4.229657,12.254148268761737,3.8057334,3.843262,0.44203054915914514,0.8050943238673577,0.8509919210523047,0.8050943238673577,0.8509919210523047,6.6444244,0.07814661134163209,0.28112033195020747,0.6407330567081605,10.520293499839351,36.76244480628521,12.6889715,1,0,1,0.0,0.0,0.0,near,1.0,0.0,1.0,0.0,0.0,0.0,0.0,0.0,0.0,0.0,0.0,0.0,0.0,0.0,0.0
46576,1,4.0,65.0,252050.0,59420.0,47470.0,1320.0,10630.0,655.3392,252050.0,48.95161,42.096592,0.14227335,0.05029521,141689.12,81982.28,0,0.0,0.0,81.982285,4.4186273,12.437382759510777,3.8908322,3.7399669,0.4918963977535717,0.9838440643877819,1.05343062660612,0.9838440643877819,1.05343062660612,6.4851527,0.02221474251093908,0.17889599461460787,0.798889262874453,10.767853211545363,12.437382759510777,4.4186273,0,0,0,0.0,0.0,0.0,near,1.0,0.0,0.0,0.0,0.0,0.0,0.0,0.0,0.0,0.0,0.0,0.0,0.0,0.0,0.0
46576,2,4.0,65.0,266840.0,64810.0,50050.0,1350.0,13410.0,693.79376,252050.0,45.513752,41.212215,0.17632289,0.1966181,141689.12,81982.28,0,0.0,0.0,81.982285,4.4186273,12.437382759510777,3.8180146,3.7187347,0.4918963977535717,0.9838440643877819,1.05343062660612,0.9838440643877819,1.05343062660612,6.542175,0.0208301188088258,0.20691251350100293,0.7722573676901713,10.820777784743367,24.874765519021555,8.837255,1,1,0,0.0,0.0,0.0,near,1.0,1.0,0.0,0.0,0.0,0.0,0.0,0.0,0.0,0.0,0.0,0.0,0.0,0.0,0.0
46576,3,4.0,65.0,272220.0,76520.0,48860.0,4480.0,23180.0,707.7819,252050.0,41.80754,44.232536,0.18565866,0.48503184,141689.12,81982.28,0,0.0,0.0,81.982285,4.4186273,12.437382759510777,3.7330768,3.7894607,0.4918963977535717,0.9838440643877819,1.05343062660612,0.9838440643877819,1.05343062660612,6.562136,0.05854678515420805,0.3029273392577104,0.6385258755880815,10.79671434481173,37.312148278532334,13.255882,1,0,1,0.0,0.0,0.0,near,1.0,0.0,1.0,0.0,0.0,0.0,0.0,0.0,0.0,0.0,0.0,0.0,0.0,0.0,0.0
48704,1,4.0,87.0,218660.0,48400.0,33780.0,2260.0,12360.0,768.8737,218660.0,51.77566,46.733902,0.03448276,0.019160805,214470.94,144548.42,0,0.0,0.0,144.54842,4.980509,12.295273290988476,3.9469202,3.8444698,0.584608898049074,1.4302538764056087,1.4641133806268272,1.4302538764056087,1.4641133806268272,6.6449265,0.046694214876033056,0.2553719008264463,0.6979338842975207,10.427624190361792,12.295273290988476,4.980509,0,0,0,0.0,0.0,0.0,far,0.0,0.0,0.0,0.0,0.0,0.0,0.0,0.0,0.0,0.0,1.0,0.0,0.0,0.0,0.0
48704,2,4.0,87.0,249680.0,56490.0,41540.0,990.0,13960.0,877.9493,218660.0,43.262993,41.269386,0.03232137,0.104118995,214470.94,144548.42,0,0.0,0.0,144.54842,4.980509,12.295273290988476,3.7672977,3.720121,0.584608898049074,1.4302538764056087,1.4641133806268272,1.4302538764056087,1.4641133806268272,6.777589,0.017525225703664365,0.24712338466985306,0.7353513896264826,10.634412097430104,24.59054658197695,9.961018,1,1,0,0.0,0.0,0.0,far,0.0,0.0,0.0,0.0,0.0,0.0,0.0,0.0,0.0,0.0,1.0,1.0,0.0,0.0,0.0
48704,3,4.0,87.0,271320.0,75600.0,58060.0,3900.0,13640.0,954.04193,218660.0,40.894753,45.605785,0.03309745,0.32688588,214470.94,144548.42,0,0.0,0.0,144.54842,4.980509,12.295273290988476,3.7110019,3.8200345,0.584608898049074,1.4302538764056087,1.4641133806268272,1.4302538764056087,1.4641133806268272,6.8607078,0.051587301587301584,0.18042328042328043,0.767989417989418,10.969232237578622,36.88581987296543,14.941526,1,0,1,0.0,0.0,0.0,far,0.0,0.0,0.0,0.0,0.0,0.0,0.0,0.0,0.0,0.0,1.0,0.0,1.0,0.0,0.0
48725,1,4.0,87.0,98260.0,24220.0,15940.0,340.0,7940.0,576.23737,98260.0,51.04431,49.08362,0.021677183,0.059085842,214318.4,154927.39,0,0.0,0.0,154.92738,5.0493903,11.49537230572264,3.9326942,3.8935254,0.5336134013566495,1.162747908294442,1.2966135494343738,1.162747908294442,1.2966135494343738,6.3565197,0.014037985136251032,0.3278282411230388,0.6581337737407101,9.676586952344206,11.49537230572264,5.0493903,0,0,0,0.0,0.0,0.0,far,0.0,0.0,0.0,0.0,0.0,0.0,0.0,0.0,0.0,0.0,1.0,0.0,0.0,0.0,0.0
48725,2,4.0,87.0,119570.0,26180.0,15600.0,450.0,10130.0,701.20807,98260.0,42.18893,40.21208,0.02216275,0.21288982,214318.4,154927.39,0,0.0,0.0,154.92738,5.0493903,11.49537230572264,3.742158,3.6941674,0.5336134013566495,1.162747908294442,1.2966135494343738,1.162747908294442,1.2966135494343738,6.552805,0.017188693659281894,0.38693659281894577,0.5958747135217723,9.655026193237628,22.99074461144528,10.098781,1,1,0,0.0,0.0,0.0,far,0.0,0.0,0.0,0.0,0.0,0.0,0.0,0.0,0.0,0.0,1.0,1.0,0.0,0.0,0.0
48725,3,4.0,87.0,125200.0,39100.0,23900.0,1880.0,13320.0,734.22473,98260.0,39.975914,44.650894,0.020447284,0.45741114,214318.4,154927.39,0,0.0,0.0,154.92738,5.0493903,11.49537230572264,3.6882772,3.7988744,0.5336134013566495,1.162747908294442,1.2966135494343738,1.162747908294442,1.2966135494343738,6.598815,0.04808184143222506,0.34066496163682863,0.6112531969309463,10.081633737919603,34.48611691716792,15.14817,1,0,1,0.0,0.0,0.0,far,0.0,0.0,0.0,0.0,0.0,0.0,0.0,0.0,0.0,0.0,1.0,0.0,1.0,0.0,0.0
48743,1,4.0,87.0,188770.0,47330.0,37960.0,980.0,8390.0,773.3623,188770.0,50.710743,47.0928,0.102134876,0.0287068,184565.83,137343.27,0,0.0,0.0,137.34326,4.929738,12.14828462176278,3.9261377,3.8521202,0.5637147130050348,1.3130876125695177,1.3825074914381763,1.3130876125695177,1.3825074914381763,6.650748,0.020705683498837946,0.17726600464821465,0.8020283118529474,10.544288252723865,12.14828462176278,4.929738,0,0,0,0.0,0.0,0.0,far,0.0,0.0,0.0,0.0,0.0,0.0,0.0,0.0,0.0,0.0,1.0,0.0,0.0,0.0,0.0
48743,2,4.0,87.0,223740.0,54810.0,41910.0,1200.0,11700.0,916.62915,188770.0,42.692013,40.563866,0.11638509,0.15834156,184565.83,137343.27,0,0.0,0.0,137.34326,4.929738,12.14828462176278,3.7540119,3.7028778,0.5637147130050348,1.3130876125695177,1.3825074914381763,1.3130876125695177,1.3825074914381763,6.820703,0.021893814997263273,0.2134646962233169,0.7646414887794198,10.643279740919118,24.29656924352556,9.859476,1,1,0,0.0,0.0,0.0,far,0.0,0.0,0.0,0.0,0.0,0.0,0.0,0.0,0.0,0.0,1.0,1.0,0.0,0.0,0.0
48743,3,4.0,87.0,239140.0,69860.0,51560.0,4960.0,13340.0,979.7206,188770.0,40.289806,44.804207,0.121518776,0.4460189,184565.83,137343.27,0,0.0,0.0,137.34326,4.929738,12.14828462176278,3.6960986,3.8023021,0.5637147130050348,1.3130876125695177,1.3825074914381763,1.3130876125695177,1.3825074914381763,6.8872676,0.0709991411394217,0.1909533352419124,0.7380475236186659,10.850501457053124,36.44485386528834,14.789214,1,0,1,0.0,0.0,0.0,far,0.0,0.0,0.0,0.0,0.0,0.0,0.0,0.0,0.0,0.0,1.0,0.0,1.0,0.0,0.0
48747,1,4.0,87.0,228160.0,51320.0,35070.0,2670.0,13580.0,506.0214,228160.0,53.048454,48.14346,0.057897966,0.021342926,225761.78,158728.55,0,0.0,0.0,158.72855,5.073476,12.337802416208069,3.9712057,3.8741853,0.6046729219500646,1.5544217335503447,1.5504499742051916,1.5544217335503447,1.5504499742051916,6.226579,0.052026500389711614,0.26461418550272797,0.6833593141075605,10.465101343134224,12.337802416208069,5.073476,0,0,0,0.0,0.0,0.0,far,0.0,0.0,0.0,0.0,0.0,0.0,0.0,0.0,0.0,0.0,1.0,0.0,0.0,0.0,0.0
48747,2,4.0,87.0,254170.0,58000.0,37920.0,2050.0,18030.0,563.70734,228160.0,43.35299,41.61342,0.061100837,0.09273278,225761.78,158728.55,0,0.0,0.0,158.72855,5.073476,12.337802416208069,3.7693756,3.7284226,0.6046729219500646,1.5544217335503447,1.5504499742051916,1.5544217335503447,1.5504499742051916,6.334535,0.0353448275862069,0.31086206896551727,0.6537931034482759,10.543233956368958,24.675604832416138,10.146952,1,1,0,0.0,0.0,0.0,far,0.0,0.0,0.0,0.0,0.0,0.0,0.0,0.0,0.0,0.0,1.0,1.0,0.0,0.0,0.0
48747,3,4.0,87.0,277980.0,81540.0,50260.0,6160.0,25120.0,616.514,228160.0,41.180466,46.21868,0.06173106,0.32902032,225761.78,158728.55,0,0.0,0.0,158.72855,5.073476,12.337802416208069,3.717964,3.833384,0.6046729219500646,1.5544217335503447,1.5504499742051916,1.5544217335503447,1.5504499742051916,6.424081,0.0755457444199166,0.30806965906303657,0.6163845965170468,10.824964811097583,37.013407248624205,15.2204275,1,0,1,0.0,0.0,0.0,far,0.0,0.0,0.0,0.0,0.0,0.0,0.0,0.0,0.0,0.0,1.0,0.0,1.0,0.0,0.0
48782,1,4.0,87.0,344500.0,83050.0,60490.0,1980.0,20580.0,929.925,344500.0,50.867718,48.01997,0.20780842,0.16737926,200197.05,145355.62,0,0.0,0.0,145.35562,4.9860396,12.74984936943585,3.9292285,3.8716168,0.6207650237786048,1.6635036416956313,1.5951013137485037,1.6635036416956313,1.5951013137485037,6.835104,0.02384105960264901,0.2478025285972306,0.7283564118001205,11.01023334110096,12.74984936943585,4.9860396,0,0,0,0.0,0.0,0.0,far,0.0,0.0,0.0,0.0,0.0,0.0,0.0,0.0,0.0,0.0,1.0,0.0,0.0,0.0,0.0
48782,2,4.0,87.0,411250.0,91300.0,64600.0,1990.0,24710.0,1110.1063,344500.0,42.45527,40.392277,0.23071125,0.3543657,200197.05,145355.62,0,0.0,0.0,145.35562,4.9860396,12.74984936943585,3.748451,3.6986387,0.6207650237786048,1.6635036416956313,1.5951013137485037,1.6635036416956313,1.5951013137485037,7.0122113,0.021796276013143483,0.2706462212486309,0.7075575027382256,11.075969689770693,25.4996987388717,9.972079,1,1,0,0.0,0.0,0.0,far,0.0,0.0,0.0,0.0,0.0,0.0,0.0,0.0,0.0,0.0,1.0,1.0,0.0,0.0,0.0
48782,3,4.0,87.0,468140.0,147120.0,75540.0,11820.0,59760.0,1263.6722,344500.0,40.14209,44.729713,0.2546247,0.62128013,200197.05,145355.62,0,0.0,0.0,145.35562,4.9860396,12.74984936943585,3.6924255,3.800638,0.6207650237786048,1.6635036416956313,1.5951013137485037,1.6635036416956313,1.5951013137485037,7.141777,0.08034257748776509,0.4061990212071778,0.513458401305057,11.232417596266448,38.24954810830755,14.958118,1,0,1,0.0,0.0,0.0,far,0.0,0.0,0.0,0.0,0.0,0.0,0.0,0.0,0.0,0.0,1.0,0.0,1.0,0.0,0.0
48786,1,4.0,87.0,267290.0,54440.0,41350.0,500.0,12590.0,168.38226,267290.0,53.490513,48.53569,0.042351004,0.015173867,247692.33,171145.34,0,0.0,0.0,171.14534,5.1483393,12.496089490278674,3.9795043,3.8822994,0.6299749283604078,1.7302028219160088,1.654507319027489,1.7302028219160088,1.654507319027489,5.126237,0.009184423218221896,0.23126377663482733,0.7595518001469508,10.629827700451838,12.496089490278674,5.1483393,0,0,0,0.0,0.0,0.0,far,0.0,0.0,0.0,0.0,0.0,0.0,0.0,0.0,0.0,0.0,1.0,0.0,0.0,0.0,0.0
48786,2,4.0,87.0,312980.0,62560.0,47640.0,400.0,14520.0,197.16518,267290.0,42.931248,41.41476,0.0468081,0.08003108,247692.33,171145.34,0,0.0,0.0,171.14534,5.1483393,12.496089490278674,3.7596,3.7236373,0.6299749283604078,1.7302028219160088,1.654507319027489,1.7302028219160088,1.654507319027489,5.284042,0.00639386189258312,0.23209718670076726,0.7615089514066496,10.771428023469236,24.992178980557348,10.296679,1,1,0,0.0,0.0,0.0,far,0.0,0.0,0.0,0.0,0.0,0.0,0.0,0.0,0.0,0.0,1.0,1.0,0.0,0.0,0.0
48786,3,4.0,87.0,318940.0,87200.0,65160.0,1820.0,20220.0,200.91974,267290.0,41.175636,46.83727,0.054493006,0.3072519,247692.33,171145.34,0,0.0,0.0,171.14534,5.1483393,12.496089490278674,3.7178466,3.8466792,0.6299749283604078,1.7302028219160088,1.654507319027489,1.7302028219160088,1.654507319027489,5.3029056,0.020871559633027524,0.23188073394495412,0.7472477064220183,11.084601062715981,37.48826847083602,15.445018,1,0,1,0.0,0.0,0.0,far,0.0,0.0,0.0,0.0,0.0,0.0,0.0,0.0,0.0,0.0,1.0,0.0,1.0,0.0,0.0
48790,1,4.0,87.0,251320.0,64940.0,51170.0,1240.0,12530.0,748.06525,251320.0,50.3968,45.294476,0.018780837,0.04729023,192866.55,129361.56,0,0.0,0.0,129.36156,4.8703117,12.434482306516884,3.9199276,3.8131852,0.5755019386308156,1.3777676436120474,1.4145667174190621,1.3777676436120474,1.4145667174190621,6.6174903,0.019094548814290114,0.1929473360024638,0.7879581151832461,10.842908701799137,12.434482306516884,4.8703117,0,0,0,0.0,0.0,0.0,far,0.0,0.0,0.0,0.0,0.0,0.0,0.0,0.0,0.0,0.0,1.0,0.0,0.0,0.0,0.0
48790,2,4.0,87.0,294280.0,78360.0,60810.0,1550.0,16000.0,875.9376,251320.0,43.1655,40.938713,0.029631643,0.23866606,192866.55,129361.56,0,0.0,0.0,129.36156,4.8703117,12.434482306516884,3.7650416,3.7120762,0.5755019386308156,1.3777676436120474,1.4145667174190621,1.3777676436120474,1.4145667174190621,6.775295,0.019780500255232262,0.20418580908626852,0.7760336906584993,11.015509528114155,24.868964613033768,9.740623,1,1,0,0.0,0.0,0.0,far,0.0,0.0,0.0,0.0,0.0,0.0,0.0,0.0,0.0,0.0,1.0,1.0,0.0,0.0,0.0
48790,3,4.0,87.0,299300.0,90300.0,67520.0,4920.0,17860.0,890.8799,251320.0,40.585236,44.965614,0.032208487,0.43334255,192866.55,129361.56,0,0.0,0.0,129.36156,4.8703117,12.434482306516884,3.7034044,3.8058982,0.5755019386308156,1.3777676436120474,1.4145667174190621,1.3777676436120474,1.4145667174190621,6.7922096,0.05448504983388704,0.19778516057585824,0.7477297895902547,11.12017912926984,37.30344691955065,14.610935,1,0,1,0.0,0.0,0.0,far,0.0,0.0,0.0,0.0,0.0,0.0,0.0,0.0,0.0,0.0,1.0,0.0,1.0,0.0,0.0
51006,1,5.0,10.0,172170.0,39990.0,28760.0,1640.0,9590.0,964.05176,172170.0,49.571415,49.277615,0.1910902,0.18595944,84685.68,194127.58,1,1.0,0.0,84.68568,4.4506855,12.056237639770519,3.9034142,3.89747,0.46713428560351866,1.0,1.0,1.0,1.0,6.871145,0.04101025256314079,0.23980995248812204,0.7191797949487372,10.266740811834984,12.056237639770519,4.4506855,0,0,0,0.0,0.0,0.0,mid,0.0,0.0,0.0,0.0,0.0,1.0,0.0,0.0,0.0,0.0,0.0,0.0,0.0,0.0,0.0
51006,2,5.0,10.0,185810.0,44990.0,30210.0,2010.0,12770.0,1040.4279,172170.0,41.511326,36.719822,0.20542489,0.35989535,84685.68,194127.58,1,1.0,0.0,84.68568,4.4506855,12.056237639770519,3.7259662,3.6033168,0.46713428560351866,1.0,1.0,1.0,1.0,6.947387,0.044676594798844185,0.2838408535230051,0.6714825516781507,10.315928274380717,24.112475279541037,8.901371,1,1,0,1.0,1.0,0.0,mid,0.0,0.0,0.0,0.0,0.0,1.0,1.0,0.0,1.0,0.0,0.0,0.0,0.0,0.0,0.0
51006,3,5.0,10.0,199220.0,62980.0,31420.0,9860.0,21700.0,1115.516,172170.0,40.03201,44.863403,0.22216645,0.7447591,84685.68,194127.58,1,1.0,0.0,84.68568,4.4506855,12.056237639770519,3.6896794,3.8036225,0.46713428560351866,1.0,1.0,1.0,1.0,7.017072,0.15655763734518896,0.34455382661162276,0.49888853604318834,10.355199911809612,36.16871291931156,13.3520565,1,0,1,1.0,0.0,1.0,mid,0.0,0.0,0.0,0.0,0.0,1.0,0.0,1.0,0.0,1.0,0.0,0.0,0.0,0.0,0.0
51020,1,5.0,10.0,584700.0,117120.0,65400.0,5580.0,46140.0,1445.4883,584700.0,49.571415,49.277615,0.27638105,0.33896962,62078.55,178545.4,1,1.0,0.0,62.078552,4.144381,13.278854174163762,3.9034142,3.89747,0.5086367737334095,1.0,1.0,1.0,1.0,7.276202,0.04764344262295082,0.39395491803278687,0.5584016393442623,11.08827753744529,13.278854174163762,4.144381,0,0,0,0.0,0.0,0.0,near,1.0,0.0,0.0,0.0,0.0,0.0,0.0,0.0,0.0,0.0,0.0,0.0,0.0,0.0,0.0
51020,2,5.0,10.0,694140.0,148400.0,79220.0,9930.0,59250.0,1716.0446,584700.0,41.511326,36.719822,0.30215806,0.52110267,62078.55,178545.4,1,1.0,0.0,62.078552,4.144381,13.278854174163762,3.7259662,3.6033168,0.5086367737334095,1.0,1.0,1.0,1.0,7.4477773,0.06691374663072776,0.3992587601078167,0.5338274932614555,11.279984071175909,26.557708348327523,8.288762,1,1,0,1.0,1.0,0.0,near,1.0,1.0,0.0,1.0,0.0,0.0,0.0,0.0,0.0,0.0,0.0,0.0,0.0,0.0,0.0
51020,3,5.0,10.0,843260.0,263180.0,73660.0,40420.0,149100.0,2084.6973,584700.0,40.03201,44.863403,0.41697288,0.76769054,62078.55,178545.4,1,1.0,0.0,62.078552,4.144381,13.278854174163762,3.6896794,3.8036225,0.5086367737334095,1.0,1.0,1.0,1.0,7.642379,0.15358309901968234,0.5665324112774527,0.27988448970286495,11.207215189999056,39.836562522491285,12.433144,1,0,1,1.0,0.0,1.0,near,1.0,0.0,1.0,0.0,1.0,0.0,0.0,0.0,0.0,0.0,0.0,0.0,0.0,0.0,0.0
51027,1,5.0,10.0,249300.0,67760.0,58970.0,830.0,7960.0,1004.63434,249300.0,55.196808,51.46398,0.06855194,0.011206194,38765.527,156537.88,1,1.0,0.0,38.765526,3.6830003,12.42641226951165,4.0109053,3.9408822,0.3575679977038769,1.0,1.0,1.0,1.0,6.912379,0.012249114521841794,0.11747343565525384,0.8702774498229043,10.98478411899455,12.42641226951165,3.6830003,0,0,0,0.0,0.0,0.0,near,1.0,0.0,0.0,0.0,0.0,0.0,0.0,0.0,0.0,0.0,0.0,0.0,0.0,0.0,0.0
51027,2,5.0,10.0,270610.0,70270.0,59100.0,1260.0,9910.0,1090.5098,249300.0,49.513065,43.86219,0.06437308,0.06020696,38765.527,156537.88,1,1.0,0.0,38.765526,3.6830003,12.42641226951165,3.9022365,3.7810526,0.3575679977038769,1.0,1.0,1.0,1.0,6.9944005,0.017930838195531523,0.14102746549025189,0.8410416963142165,10.98698620339419,24.8528245390233,7.3660007,1,1,0,1.0,1.0,0.0,near,1.0,1.0,0.0,1.0,0.0,0.0,0.0,0.0,0.0,0.0,0.0,0.0,0.0,0.0,0.0
51027,3,5.0,10.0,292200.0,83740.0,63940.0,6860.0,12940.0,1177.5137,249300.0,46.27639,49.57259,0.07679672,0.27209613,38765.527,156537.88,1,1.0,0.0,38.765526,3.6830003,12.42641226951165,3.834632,3.903438,0.3575679977038769,1.0,1.0,1.0,1.0,7.0711603,0.08192022928110819,0.15452591354191544,0.7635538571769763,11.065700422613832,37.27923680853495,11.049001,1,0,1,1.0,0.0,1.0,near,1.0,0.0,1.0,0.0,1.0,0.0,0.0,0.0,0.0,0.0,0.0,0.0,0.0,0.0,0.0
51033,1,5.0,10.0,148030.0,38970.0,32200.0,510.0,6260.0,904.60767,148030.0,49.571415,49.277615,0.09957441,0.14851485,83727.3,197020.08,1,1.0,0.0,83.727295,4.439438,11.905170234907537,3.9034142,3.89747,0.4529165802750477,1.0,1.0,1.0,1.0,6.8075013,0.01308698999230177,0.16063638696433152,0.8262766230433667,10.3797217315325,11.905170234907537,4.439438,0,0,0,0.0,0.0,0.0,mid,0.0,0.0,0.0,0.0,0.0,1.0,0.0,0.0,0.0,0.0,0.0,0.0,0.0,0.0,0.0
51033,2,5.0,10.0,161580.0,41950.0,33070.0,510.0,8370.0,987.4114,148030.0,41.511326,36.719822,0.13454635,0.32333598,83727.3,197020.08,1,1.0,0.0,83.727295,4.439438,11.905170234907537,3.7259662,3.6033168,0.4529165802750477,1.0,1.0,1.0,1.0,6.895087,0.012157330154946364,0.199523241954708,0.7883194278903457,10.406381805975839,23.810340469815074,8.878876,1,1,0,1.0,1.0,0.0,mid,0.0,0.0,0.0,0.0,0.0,1.0,1.0,0.0,1.0,0.0,0.0,0.0,0.0,0.0,0.0
51033,3,5.0,10.0,176500.0,54040.0,35180.0,7240.0,11620.0,1078.5872,148030.0,40.03201,44.863403,0.13257791,0.6474882,83727.3,197020.08,1,1.0,0.0,83.727295,4.439438,11.905170234907537,3.6896794,3.8036225,0.4529165802750477,1.0,1.0,1.0,1.0,6.9834075,0.13397483345669875,0.21502590673575128,0.6509992598075499,10.46823301829155,35.71551070472261,13.318314,1,0,1,1.0,0.0,1.0,mid,0.0,0.0,0.0,0.0,0.0,1.0,0.0,1.0,0.0,1.0,0.0,0.0,0.0,0.0,0.0
51040,1,5.0,10.0,267070.0,67030.0,55460.0,880.0,10690.0,1077.373,267070.0,50.27459,49.53518,0.011307897,0.05257186,62618.117,180768.5,1,1.0,0.0,62.61812,4.1528983,12.495266075305883,3.9174998,3.902683,0.44710564587374146,1.0,1.0,1.0,1.0,6.982281,0.013128449947784573,0.15948082947933762,0.8273907205728778,10.923417319169769,12.495266075305883,4.1528983,0,0,0,0.0,0.0,0.0,near,1.0,0.0,0.0,0.0,0.0,0.0,0.0,0.0,0.0,0.0,0.0,0.0,0.0,0.0,0.0
51040,2,5.0,10.0,288950.0,82490.0,63910.0,1290.0,17290.0,1165.638,267070.0,42.511543,37.545483,0.011109188,0.15606852,62618.117,180768.5,1,1.0,0.0,62.61812,4.1528983,12.495266075305883,3.7497756,3.6255531,0.44710564587374146,1.0,1.0,1.0,1.0,7.0610237,0.015638259182931265,0.20960116377742757,0.7747605770396412,11.065231122644327,24.990532150611767,8.305797,1,1,0,1.0,1.0,0.0,near,1.0,1.0,0.0,1.0,0.0,0.0,0.0,0.0,0.0,0.0,0.0,0.0,0.0,0.0,0.0
51040,3,5.0,10.0,319540.0,95900.0,67740.0,9520.0,18640.0,1289.0396,267070.0,40.812553,45.436222,0.06640796,0.45456725,62618.117,180768.5,1,1.0,0.0,62.61812,4.1528983,12.495266075305883,3.7089896,3.8163097,0.44710564587374146,1.0,1.0,1.0,1.0,7.1616526,0.09927007299270073,0.19436913451511992,0.7063607924921793,11.123432126371762,37.48579822591765,12.458694,1,0,1,1.0,0.0,1.0,near,1.0,0.0,1.0,0.0,1.0,0.0,0.0,0.0,0.0,0.0,0.0,0.0,0.0,0.0,0.0
51054,1,5.0,10.0,181160.0,44400.0,36730.0,1040.0,6630.0,751.3583,181160.0,49.571415,49.277615,0.042779863,0.14636141,71465.4,185987.39,1,1.0,0.0,71.4654,4.283109,12.10713589767015,3.9034142,3.89747,0.44016705020146124,1.0,1.0,1.0,1.0,6.6218824,0.023423423423423424,0.14932432432432433,0.8272522522522523,10.511349138813713,12.10713589767015,4.283109,0,0,0,0.0,0.0,0.0,near,1.0,0.0,0.0,0.0,0.0,0.0,0.0,0.0,0.0,0.0,0.0,0.0,0.0,0.0,0.0
51054,2,5.0,10.0,199030.0,51440.0,39990.0,1400.0,10050.0,825.4739,181160.0,41.511326,36.719822,0.048535395,0.35747305,71465.4,185987.39,1,1.0,0.0,71.4654,4.283109,12.10713589767015,3.7259662,3.6033168,0.44016705020146124,1.0,1.0,1.0,1.0,6.7159576,0.027216174183514776,0.1953732503888025,0.7774105754276828,10.596384701840863,24.2142717953403,8.566218,1,1,0,1.0,1.0,0.0,near,1.0,1.0,0.0,1.0,0.0,0.0,0.0,0.0,0.0,0.0,0.0,0.0,0.0,0.0,0.0
51054,3,5.0,10.0,222020.0,69260.0,47660.0,6520.0,15080.0,920.8245,181160.0,40.03201,44.863403,0.062877215,0.6179197,71465.4,185987.39,1,1.0,0.0,71.4654,4.283109,12.10713589767015,3.6896794,3.8036225,0.44016705020146124,1.0,1.0,1.0,1.0,6.8252697,0.09413803060929829,0.2177302916546347,0.688131677736067,10.771847750652734,36.32140769301045,12.849327,1,0,1,1.0,0.0,1.0,near,1.0,0.0,1.0,0.0,1.0,0.0,0.0,0.0,0.0,0.0,0.0,0.0,0.0,0.0,0.0
51067,1,5.0,10.0,146870.0,38120.0,35040.0,140.0,2940.0,541.5361,146870.0,49.571415,49.277615,0.026554095,0.03949731,63333.73,173415.27,1,1.0,0.0,63.33373,4.164084,11.897303120747909,3.9034142,3.89747,0.4019618397916787,1.0,1.0,1.0,1.0,6.2944098,0.0036726128016789086,0.07712486883525708,0.919202518363064,10.464245545050328,11.897303120747909,4.164084,0,0,0,0.0,0.0,0.0,near,1.0,0.0,0.0,0.0,0.0,0.0,0.0,0.0,0.0,0.0,0.0,0.0,0.0,0.0,0.0
51067,2,5.0,10.0,168240.0,45850.0,41200.0,250.0,4400.0,620.3311,146870.0,41.511326,36.719822,0.029660009,0.24698956,63333.73,173415.27,1,1.0,0.0,63.33373,4.164084,11.897303120747909,3.7259662,3.6033168,0.4019618397916787,1.0,1.0,1.0,1.0,6.4302535,0.0054525627044711015,0.09596510359869138,0.8985823336968375,10.626193535337618,23.794606241495817,8.328168,1,1,0,1.0,1.0,0.0,near,1.0,1.0,0.0,1.0,0.0,0.0,0.0,0.0,0.0,0.0,0.0,0.0,0.0,0.0,0.0
51067,3,5.0,10.0,182180.0,55380.0,45940.0,2860.0,6580.0,671.7304,146870.0,40.03201,44.863403,0.09924251,0.45660707,63333.73,173415.27,1,1.0,0.0,63.33373,4.164084,11.897303120747909,3.6896794,3.8036225,0.4019618397916787,1.0,1.0,1.0,1.0,6.509857,0.051643192488262914,0.11881545684362586,0.8295413506681112,10.73509147624309,35.69190936224373,12.492252,1,0,1,1.0,0.0,1.0,near,1.0,0.0,1.0,0.0,1.0,0.0,0.0,0.0,0.0,0.0,0.0,0.0,0.0,0.0,0.0
51081,1,5.0,10.0,231050.0,57580.0,48830.0,470.0,8280.0,546.1788,231050.0,55.98473,52.04558,0.027786193,0.03941417,56111.7,174221.92,1,1.0,0.0,56.1117,4.045009,12.350389416298412,4.025079,3.9521198,0.4158427431784309,1.0,1.0,1.0,1.0,6.3029466,0.008162556443209448,0.14379993053143453,0.848037513025356,10.796100157055706,12.350389416298412,4.045009,0,0,0,0.0,0.0,0.0,near,1.0,0.0,0.0,0.0,0.0,0.0,0.0,0.0,0.0,0.0,0.0,0.0,0.0,0.0,0.0
51081,2,5.0,10.0,242110.0,55740.0,45560.0,500.0,9680.0,572.3235,231050.0,50.30098,44.688183,0.0712073,0.07550546,56111.7,174221.92,1,1.0,0.0,56.1117,4.045009,12.350389416298412,3.9180245,3.799709,0.4158427431784309,1.0,1.0,1.0,1.0,6.3497043,0.00897021887334051,0.17366343738787227,0.8173663437387872,10.726785417561118,24.700778832596825,8.090018,1,1,0,1.0,1.0,0.0,near,1.0,1.0,0.0,1.0,0.0,0.0,0.0,0.0,0.0,0.0,0.0,0.0,0.0,0.0,0.0
51081,3,5.0,10.0,272280.0,77980.0,60480.0,5240.0,12260.0,643.6423,231050.0,46.99788,50.322758,0.075804316,0.28928852,56111.7,174221.92,1,1.0,0.0,56.1117,4.045009,12.350389416298412,3.8501024,3.9184575,0.4158427431784309,1.0,1.0,1.0,1.0,6.467143,0.06719671710695051,0.1572197999487048,0.7755834829443446,11.010068010853415,37.05116824889524,12.135027,1,0,1,1.0,0.0,1.0,near,1.0,0.0,1.0,0.0,1.0,0.0,0.0,0.0,0.0,0.0,0.0,0.0,0.0,0.0,0.0
51088,1,5.0,10.0,231810.0,62190.0,51330.0,640.0,10220.0,813.911,231810.0,50.133957,49.48329,0.12872611,0.114700064,43475.05,157400.58,1,1.0,0.0,43.47505,3.7949283,12.35367334959574,3.9146986,3.9016352,0.371504507083824,1.0,1.0,1.0,1.0,6.701851,0.010291043576137643,0.16433510210644797,0.8253738543174144,10.84603065555435,12.35367334959574,3.7949283,0,0,0,0.0,0.0,0.0,near,1.0,0.0,0.0,0.0,0.0,0.0,0.0,0.0,0.0,0.0,0.0,0.0,0.0,0.0,0.0
51088,2,5.0,10.0,286140.0,71030.0,52930.0,1720.0,16380.0,1004.6698,231810.0,42.3115,37.37856,0.15799958,0.20165987,43475.05,157400.58,1,1.0,0.0,43.47505,3.7949283,12.35367334959574,3.745059,3.6210973,0.371504507083824,1.0,1.0,1.0,1.0,6.912414,0.02421512037167394,0.23060678586512742,0.7451780937631987,10.876725564852034,24.70734669919148,7.5898566,1,1,0,1.0,1.0,0.0,near,1.0,1.0,0.0,1.0,0.0,0.0,0.0,0.0,0.0,0.0,0.0,0.0,0.0,0.0,0.0
51088,3,5.0,10.0,333600.0,101020.0,63980.0,12580.0,24460.0,1171.3073,231810.0,40.65645,45.321266,0.16450839,0.42333087,43475.05,157400.58,1,1.0,0.0,43.47505,3.7949283,12.35367334959574,3.7051575,3.8137765,0.371504507083824,1.0,1.0,1.0,1.0,7.0658755,0.12452979607998416,0.24213027123341913,0.6333399326865967,11.066325813503509,37.06102004878722,11.384785,1,0,1,1.0,0.0,1.0,near,1.0,0.0,1.0,0.0,1.0,0.0,0.0,0.0,0.0,0.0,0.0,0.0,0.0,0.0,0.0
51094,1,5.0,10.0,310600.0,81210.0,65050.0,1050.0,15110.0,1002.22644,310600.0,52.85411,49.99475,0.024500966,0.093298085,83287.67,200782.14,1,1.0,0.0,83.287674,4.4342356,12.646261189696723,3.9675355,3.9119182,0.5116905251324012,1.0,1.0,1.0,1.0,6.9099793,0.012929442186922793,0.18606082994705087,0.8010097278660263,11.082911483940652,12.646261189696723,4.4342356,0,0,0,0.0,0.0,0.0,near,1.0,0.0,0.0,0.0,0.0,0.0,0.0,0.0,0.0,0.0,0.0,0.0,0.0,0.0,0.0
51094,2,5.0,10.0,350720.0,93110.0,73920.0,1390.0,17800.0,1131.6833,310600.0,45.347385,41.349056,0.023922218,0.17847297,83287.67,200782.14,1,1.0,0.0,83.287674,4.4342356,12.646261189696723,3.8143525,3.7220497,0.5116905251324012,1.0,1.0,1.0,1.0,7.0314617,0.01492857909998926,0.1911717323595747,0.793899688540436,11.210738706315565,25.292522379393446,8.868471,1,1,0,1.0,1.0,0.0,near,1.0,1.0,0.0,1.0,0.0,0.0,0.0,0.0,0.0,0.0,0.0,0.0,0.0,0.0,0.0
51094,3,5.0,10.0,381580.0,119920.0,91100.0,7400.0,21420.0,1231.2606,310600.0,43.617184,48.831253,0.057969496,0.47061175,83287.67,200782.14,1,1.0,0.0,83.287674,4.4342356,12.646261189696723,3.7754512,3.8883705,0.5116905251324012,1.0,1.0,1.0,1.0,7.1157937,0.06170780520346898,0.1786190793862575,0.7596731154102735,11.41971308324805,37.93878356909017,13.302707,1,0,1,1.0,0.0,1.0,near,1.0,0.0,1.0,0.0,1.0,0.0,0.0,0.0,0.0,0.0,0.0,0.0,0.0,0.0,0.0
51095,1,5.0,10.0,146290.0,31960.0,26060.0,190.0,5710.0,1088.3053,146290.0,57.910503,53.723537,0.06493951,0.03723987,71525.445,189892.55,1,1.0,0.0,71.525444,4.2839375,11.893346231972131,4.058899,3.9838512,0.423365889601452,1.0,1.0,1.0,1.0,6.992377,0.005944931163954944,0.1786608260325407,0.8153942428035044,10.168156850678836,11.893346231972131,4.2839375,0,0,0,0.0,0.0,0.0,near,1.0,0.0,0.0,0.0,0.0,0.0,0.0,0.0,0.0,0.0,0.0,0.0,0.0,0.0,0.0
51095,2,5.0,10.0,167660.0,38180.0,29110.0,390.0,8680.0,1247.2847,146290.0,51.58832,46.6187,0.06918764,0.099430345,71525.445,189892.55,1,1.0,0.0,71.525444,4.2839375,11.893346231972131,3.9432952,3.8420017,0.423365889601452,1.0,1.0,1.0,1.0,7.128724,0.010214772132006287,0.22734415924567836,0.7624410686223153,10.278837036739668,23.786692463944263,8.567875,1,1,0,1.0,1.0,0.0,near,1.0,1.0,0.0,1.0,0.0,0.0,0.0,0.0,0.0,0.0,0.0,0.0,0.0,0.0,0.0
51095,3,5.0,10.0,187880.0,51140.0,38300.0,3440.0,9400.0,1397.7087,146290.0,48.557755,52.588737,0.12763466,0.29271305,71525.445,189892.55,1,1.0,0.0,71.525444,4.2839375,11.893346231972131,3.8827538,3.962502,0.423365889601452,1.0,1.0,1.0,1.0,7.2425895,0.06726632772780602,0.1838091513492374,0.7489245209229566,10.553205175168737,35.680038695916394,12.851812,1,0,1,1.0,0.0,1.0,near,1.0,0.0,1.0,0.0,1.0,0.0,0.0,0.0,0.0,0.0,0.0,0.0,0.0,0.0,0.0
52710,1,5.0,27.0,135270.0,33710.0,28170.0,570.0,4970.0,717.99365,135270.0,52.791332,49.625477,0.14423005,0.048473284,135733.92,252445.97,1,1.0,0.0,135.73392,4.918037,11.81502806008324,3.966347,3.9045043,0.5348883825207894,1.0,1.0,1.0,1.0,6.576461,0.016908929101156926,0.1474339958469297,0.8356570750519133,10.246012860870419,11.81502806008324,4.918037,0,0,0,0.0,0.0,0.0,far,0.0,0.0,0.0,0.0,0.0,0.0,0.0,0.0,0.0,0.0,1.0,0.0,0.0,0.0,0.0
52710,2,5.0,27.0,152440.0,36940.0,29550.0,470.0,6920.0,809.1295,135270.0,42.388393,39.74028,0.24462083,0.2230047,135733.92,252445.97,1,1.0,0.0,135.73392,4.918037,11.81502806008324,3.7468746,3.6823654,0.5348883825207894,1.0,1.0,1.0,1.0,6.695959,0.012723335138061722,0.1873308067135896,0.7999458581483486,10.293839022834245,23.63005612016648,9.836074,1,1,0,1.0,1.0,0.0,far,0.0,0.0,0.0,0.0,0.0,0.0,0.0,0.0,0.0,0.0,1.0,1.0,0.0,1.0,0.0
52710,3,5.0,27.0,172540.0,51880.0,33820.0,1720.0,16340.0,915.81744,135270.0,41.48815,47.80336,0.29187435,0.4417122,135733.92,252445.97,1,1.0,0.0,135.73392,4.918037,11.81502806008324,3.7254078,3.867096,0.5348883825207894,1.0,1.0,1.0,1.0,6.819817,0.03315343099460293,0.31495759444872784,0.6518889745566693,10.428807622452572,35.44508418024972,14.75411,1,0,1,1.0,0.0,1.0,far,0.0,0.0,0.0,0.0,0.0,0.0,0.0,0.0,0.0,0.0,1.0,0.0,1.0,0.0,1.0
52712,1,5.0,27.0,232020.0,60550.0,54820.0,860.0,4870.0,568.71826,232020.0,68.86157,64.59805,0.045642618,0.11831972,204920.47,322067.4,1,1.0,0.0,204.92047,5.32749,12.354578853829398,4.232098,4.1681843,0.6502876785053405,1.0,1.0,1.0,1.0,6.343385,0.014203137902559868,0.08042939719240297,0.9053674649050372,10.911810369856777,12.354578853829398,5.32749,0,0,0,0.0,0.0,0.0,far,0.0,0.0,0.0,0.0,0.0,0.0,0.0,0.0,0.0,0.0,1.0,0.0,0.0,0.0,0.0
52712,2,5.0,27.0,271300.0,61990.0,51280.0,770.0,9940.0,664.9999,232020.0,52.513763,51.61449,0.050387025,0.16311818,204920.47,322067.4,1,1.0,0.0,204.92047,5.32749,12.354578853829398,3.9610753,3.9438026,0.6502876785053405,1.0,1.0,1.0,1.0,6.499787,0.012421358283594128,0.16034844329730602,0.8272301984190998,10.845056091594552,24.709157707658797,10.65498,1,1,0,1.0,1.0,0.0,far,0.0,0.0,0.0,0.0,0.0,0.0,0.0,0.0,0.0,0.0,1.0,1.0,0.0,1.0,0.0
52712,3,5.0,27.0,313580.0,94620.0,68620.0,3480.0,22520.0,768.63495,232020.0,50.24788,57.587803,0.061674852,0.34235454,204920.47,322067.4,1,1.0,0.0,204.92047,5.32749,12.354578853829398,3.9169683,4.053311,0.6502876785053405,1.0,1.0,1.0,1.0,6.644616,0.03677869372225745,0.23800465017966604,0.7252166560980765,11.13633931641244,37.0637365614882,15.98247,1,0,1,1.0,0.0,1.0,far,0.0,0.0,0.0,0.0,0.0,0.0,0.0,0.0,0.0,0.0,1.0,0.0,1.0,0.0,1.0
52717,1,5.0,27.0,202920.0,55810.0,45960.0,910.0,8940.0,578.5482,202920.0,66.2915,62.239536,0.04578159,0.038351905,185112.42,299960.72,1,1.0,0.0,185.11243,5.226351,12.220567091680627,4.1940618,4.1309905,0.6227815844590254,1.0,1.0,1.0,1.0,6.360522,0.016305321626948574,0.16018634653287941,0.823508331840172,10.735526731962691,12.220567091680627,5.226351,0,0,0,0.0,0.0,0.0,far,0.0,0.0,0.0,0.0,0.0,0.0,0.0,0.0,0.0,0.0,1.0,0.0,0.0,0.0,0.0
52717,2,5.0,27.0,232960.0,57130.0,44990.0,1090.0,11050.0,664.19574,202920.0,50.144665,49.16487,0.032323144,0.16002268,185112.42,299960.72,1,1.0,0.0,185.11243,5.226351,12.220567091680627,3.9149122,3.8951793,0.6227815844590254,1.0,1.0,1.0,1.0,6.498577,0.0190792928408892,0.19341851916681252,0.7875021879922983,10.714195521835219,24.441134183361253,10.452702,1,1,0,1.0,1.0,0.0,far,0.0,0.0,0.0,0.0,0.0,0.0,0.0,0.0,0.0,0.0,1.0,1.0,0.0,1.0,0.0
52717,3,5.0,27.0,256500.0,78180.0,54000.0,3220.0,20960.0,731.311,202920.0,48.239243,55.429623,0.036413256,0.3108724,185112.42,299960.72,1,1.0,0.0,185.11243,5.226351,12.220567091680627,3.8761728,4.0151143,0.6227815844590254,1.0,1.0,1.0,1.0,6.5948386,0.04118700434893835,0.2680992581222819,0.6907137375287797,10.896739325546411,36.66170127504188,15.679052,1,0,1,1.0,0.0,1.0,far,0.0,0.0,0.0,0.0,0.0,0.0,0.0,0.0,0.0,0.0,1.0,0.0,1.0,0.0,1.0
52721,1,5.0,27.0,133240.0,33610.0,28020.0,1610.0,3980.0,591.3892,133240.0,64.54768,66.21869,0.14852896,0.06858316,202856.84,317936.4,1,1.0,0.0,202.85684,5.317418,11.799907292307616,4.167404,4.1929626,0.6067042936497371,1.0,1.0,1.0,1.0,6.3824744,0.04790240999702469,0.11841713775662005,0.8336804522463552,10.240673819890999,11.799907292307616,5.317418,0,0,0,0.0,0.0,0.0,far,0.0,0.0,0.0,0.0,0.0,0.0,0.0,0.0,0.0,0.0,1.0,0.0,0.0,0.0,0.0
52721,2,5.0,27.0,145400.0,36430.0,30850.0,510.0,5070.0,645.36176,133240.0,42.737885,43.898727,0.17503439,0.13222882,202856.84,317936.4,1,1.0,0.0,202.85684,5.317418,11.799907292307616,3.7550857,3.7818854,0.6067042936497371,1.0,1.0,1.0,1.0,6.469811,0.013999451001921494,0.13917101290145484,0.8468295360966237,10.336892029333534,23.59981458461523,10.634836,1,1,0,1.0,1.0,0.0,far,0.0,0.0,0.0,0.0,0.0,0.0,0.0,0.0,0.0,0.0,1.0,1.0,0.0,1.0,0.0
52721,3,5.0,27.0,158020.0,50500.0,34820.0,3840.0,11840.0,701.3759,133240.0,42.074657,50.86999,0.1755474,0.29510704,202856.84,317936.4,1,1.0,0.0,202.85684,5.317418,11.799907292307616,3.7394457,3.9292731,0.6067042936497371,1.0,1.0,1.0,1.0,6.553044,0.07603960396039604,0.23445544554455444,0.6895049504950495,10.45794721332218,35.39972187692285,15.952254,1,0,1,1.0,0.0,1.0,far,0.0,0.0,0.0,0.0,0.0,0.0,0.0,0.0,0.0,0.0,1.0,0.0,1.0,0.0,1.0
52730,1,5.0,27.0,231890.0,59090.0,50310.0,1530.0,7250.0,731.9298,231890.0,66.45003,61.983776,0.026089957,0.09810711,171888.0,288832.88,1,1.0,0.0,171.888,5.152644,12.35401840027848,4.19645,4.1268725,0.6199660300304817,1.0,1.0,1.0,1.0,6.5956845,0.025892706041631408,0.12269419529531224,0.8514130986630564,10.825959143485365,12.35401840027848,5.152644,0,0,0,0.0,0.0,0.0,far,0.0,0.0,0.0,0.0,0.0,0.0,0.0,0.0,0.0,0.0,1.0,0.0,0.0,0.0,0.0
52730,2,5.0,27.0,264010.0,64920.0,52830.0,980.0,11110.0,833.31226,231890.0,50.81801,49.718914,0.025264194,0.16322277,171888.0,288832.88,1,1.0,0.0,171.888,5.152644,12.35401840027848,3.9282508,3.9063854,0.6199660300304817,1.0,1.0,1.0,1.0,6.7254086,0.015095502156500308,0.17113370301910044,0.8137707948243993,10.874834490158362,24.70803680055696,10.305288,1,1,0,1.0,1.0,0.0,far,0.0,0.0,0.0,0.0,0.0,0.0,0.0,0.0,0.0,0.0,1.0,1.0,0.0,1.0,0.0
52730,3,5.0,27.0,288580.0,86000.0,59900.0,4240.0,21860.0,910.8642,231890.0,48.799656,55.872066,0.027514035,0.34073642,171888.0,288832.88,1,1.0,0.0,171.888,5.152644,12.35401840027848,3.8877232,4.0230646,0.6199660300304817,1.0,1.0,1.0,1.0,6.814394,0.04930232558139535,0.2541860465116279,0.6965116279069767,11.00043178410354,37.062055200835445,15.457932,1,0,1,1.0,0.0,1.0,far,0.0,0.0,0.0,0.0,0.0,0.0,0.0,0.0,0.0,0.0,1.0,0.0,1.0,0.0,1.0
52738,1,5.0,27.0,130180.0,35590.0,29630.0,900.0,5060.0,662.5948,130180.0,54.317368,51.358864,0.1796743,0.08,146371.03,263008.44,1,1.0,0.0,146.37103,4.9929533,11.776673387126378,3.994844,3.9388375,0.5457199303752756,1.0,1.0,1.0,1.0,6.496164,0.025288002247822423,0.14217476819331273,0.8325372295588649,10.29654264056761,11.776673387126378,4.9929533,0,0,0,0.0,0.0,0.0,far,0.0,0.0,0.0,0.0,0.0,0.0,0.0,0.0,0.0,0.0,1.0,0.0,0.0,0.0,0.0
52738,2,5.0,27.0,152260.0,37500.0,29400.0,510.0,7590.0,774.9784,130180.0,41.954544,39.887283,0.18363325,0.23389436,146371.03,263008.44,1,1.0,0.0,146.37103,4.9929533,11.776673387126378,3.7365868,3.6860576,0.5457199303752756,1.0,1.0,1.0,1.0,6.6528354,0.0136,0.2024,0.784,10.288749953326773,23.553346774252756,9.985907,1,1,0,1.0,1.0,0.0,far,0.0,0.0,0.0,0.0,0.0,0.0,0.0,0.0,0.0,0.0,1.0,1.0,0.0,1.0,0.0
52738,3,5.0,27.0,179660.0,56680.0,35680.0,3140.0,17860.0,914.4399,130180.0,41.20035,47.929333,0.1999332,0.40230393,146371.03,263008.44,1,1.0,0.0,146.37103,4.9929533,11.776673387126378,3.7184467,3.8697276,0.5457199303752756,1.0,1.0,1.0,1.0,6.8183117,0.05539872971065632,0.31510232886379674,0.629498941425547,10.482345586693945,35.33002016137913,14.97886,1,0,1,1.0,0.0,1.0,far,0.0,0.0,0.0,0.0,0.0,0.0,0.0,0.0,0.0,0.0,1.0,0.0,1.0,0.0,1.0
52743,1,5.0,27.0,84490.0,22020.0,17840.0,190.0,3990.0,580.56757,84490.0,55.042576,50.858925,0.039886378,0.05982906,113197.09,231264.81,1,1.0,0.0,113.19709,4.737926,11.34438846314689,4.008107,3.9290557,0.4633145441236441,1.0,1.0,1.0,1.0,6.364006,0.00862851952770209,0.18119891008174388,0.810172570390554,9.789198406134,11.34438846314689,4.737926,0,0,0,0.0,0.0,0.0,mid,0.0,0.0,0.0,0.0,0.0,1.0,0.0,0.0,0.0,0.0,0.0,0.0,0.0,0.0,0.0
52743,2,5.0,27.0,102170.0,24820.0,20170.0,180.0,4470.0,702.05457,84490.0,47.90476,44.545982,0.044142116,0.2276948,113197.09,231264.81,1,1.0,0.0,113.19709,4.737926,11.34438846314689,3.8692148,3.796522,0.4633145441236441,1.0,1.0,1.0,1.0,6.5540113,0.007252215954875101,0.18009669621273167,0.8126510878323933,9.911951630948257,22.68877692629378,9.475852,1,1,0,1.0,1.0,0.0,mid,0.0,0.0,0.0,0.0,0.0,1.0,1.0,0.0,1.0,0.0,0.0,0.0,0.0,0.0,0.0
52743,3,5.0,27.0,118660.0,36740.0,26360.0,1640.0,8740.0,815.36456,84490.0,46.0073,51.526325,0.19265127,0.40026596,113197.09,231264.81,1,1.0,0.0,113.19709,4.737926,11.34438846314689,3.8288002,3.942093,0.4633145441236441,1.0,1.0,1.0,1.0,6.703635,0.04463799673380512,0.23788786064235165,0.7174741426238432,10.179602988616443,34.03316538944067,14.213778,1,0,1,1.0,0.0,1.0,mid,0.0,0.0,0.0,0.0,0.0,1.0,0.0,1.0,0.0,1.0,0.0,0.0,0.0,0.0,0.0
52747,1,5.0,27.0,65190.0,17580.0,13490.0,370.0,3720.0,617.03735,65190.0,54.412228,50.41759,0.1716521,0.06277056,122612.82,239536.27,1,1.0,0.0,122.61282,4.8171544,11.085061361918585,3.996589,3.92034,0.45720522442266476,1.0,1.0,1.0,1.0,6.4249296,0.02104664391353811,0.21160409556313994,0.767349260523322,9.509703949201802,11.085061361918585,4.8171544,0,0,0,0.0,0.0,0.0,mid,0.0,0.0,0.0,0.0,0.0,1.0,0.0,0.0,0.0,0.0,0.0,0.0,0.0,0.0,0.0
52747,2,5.0,27.0,82440.0,20780.0,13790.0,140.0,6850.0,780.3123,65190.0,46.360176,43.154404,0.30215916,0.3697997,122612.82,239536.27,1,1.0,0.0,122.61282,4.8171544,11.085061361918585,3.8364408,3.7647843,0.45720522442266476,1.0,1.0,1.0,1.0,6.659694,0.006737247353224254,0.32964388835418673,0.663618864292589,9.531698970787348,22.17012272383717,9.634309,1,1,0,1.0,1.0,0.0,mid,0.0,0.0,0.0,0.0,0.0,1.0,1.0,0.0,1.0,0.0,0.0,0.0,0.0,0.0,0.0
52747,3,5.0,27.0,90760.0,28620.0,16740.0,1240.0,10640.0,859.0629,65190.0,44.74194,50.46475,0.30850595,0.59816206,122612.82,239536.27,1,1.0,0.0,122.61282,4.8171544,11.085061361918585,3.8009114,3.9212751,0.45720522442266476,1.0,1.0,1.0,1.0,6.755842,0.04332634521313766,0.37176799440950387,0.5849056603773585,9.725556344043467,33.25518408575576,14.451464,1,0,1,1.0,0.0,1.0,mid,0.0,0.0,0.0,0.0,0.0,1.0,0.0,1.0,0.0,1.0,0.0,0.0,0.0,0.0,0.0
52756,1,5.0,27.0,119130.0,33270.0,29950.0,420.0,2900.0,571.2025,119130.0,66.45003,61.983776,0.048854195,0.043975376,195091.22,311458.72,1,1.0,0.0,195.09122,5.2785797,11.687970612793407,4.19645,4.1268725,0.5910385579508942,1.0,1.0,1.0,1.0,6.347744,0.012623985572587917,0.08716561466786896,0.9002103997595431,10.307284603543595,11.687970612793407,5.2785797,0,0,0,0.0,0.0,0.0,far,0.0,0.0,0.0,0.0,0.0,0.0,0.0,0.0,0.0,0.0,1.0,0.0,0.0,0.0,0.0
52756,2,5.0,27.0,137920.0,35380.0,29330.0,380.0,5670.0,661.2965,119130.0,50.81801,49.718914,0.044953596,0.1261944,195091.22,311458.72,1,1.0,0.0,195.09122,5.2785797,11.687970612793407,3.9282508,3.9063854,0.5910385579508942,1.0,1.0,1.0,1.0,6.494202,0.010740531373657434,0.1602600339174675,0.828999434708875,10.286366161971497,23.375941225586814,10.557159,1,1,0,1.0,1.0,0.0,far,0.0,0.0,0.0,0.0,0.0,0.0,0.0,0.0,0.0,0.0,1.0,1.0,0.0,1.0,0.0
52756,3,5.0,27.0,152600.0,47880.0,35160.0,2420.0,10300.0,731.68396,119130.0,48.799656,55.872066,0.047313236,0.26822633,195091.22,311458.72,1,1.0,0.0,195.09122,5.2785797,11.687970612793407,3.8877232,4.0230646,0.5910385579508942,1.0,1.0,1.0,1.0,6.595349,0.05054302422723475,0.21512113617376774,0.7343358395989975,10.467664351799113,35.06391183838022,15.835739,1,0,1,1.0,0.0,1.0,far,0.0,0.0,0.0,0.0,0.0,0.0,0.0,0.0,0.0,0.0,1.0,0.0,1.0,0.0,1.0
52760,1,5.0,27.0,124480.0,32750.0,29550.0,220.0,2980.0,684.1816,124480.0,66.45003,61.983776,0.050128534,0.056737587,191910.14,309568.4,1,1.0,0.0,191.91014,5.2622247,11.731900339412219,4.19645,4.1268725,0.5915152770028735,1.0,1.0,1.0,1.0,6.5282235,0.006717557251908397,0.09099236641221374,0.9022900763358779,10.293839022834245,11.731900339412219,5.2622247,0,0,0,0.0,0.0,0.0,far,0.0,0.0,0.0,0.0,0.0,0.0,0.0,0.0,0.0,0.0,1.0,0.0,0.0,0.0,0.0
52760,2,5.0,27.0,149670.0,34450.0,29490.0,160.0,4800.0,822.63385,124480.0,50.81801,49.718914,0.056323912,0.10242086,191910.14,309568.4,1,1.0,0.0,191.91014,5.2622247,11.731900339412219,3.9282508,3.9063854,0.5915152770028735,1.0,1.0,1.0,1.0,6.712511,0.0046444121915820025,0.13933236574746008,0.8560232220609579,10.291806501809322,23.463800678824438,10.524449,1,1,0,1.0,1.0,0.0,far,0.0,0.0,0.0,0.0,0.0,0.0,0.0,0.0,0.0,0.0,1.0,1.0,0.0,1.0,0.0
52760,3,5.0,27.0,174240.0,51320.0,38020.0,2600.0,10700.0,957.67834,124480.0,48.799656,55.872066,0.05073462,0.20892495,191910.14,309568.4,1,1.0,0.0,191.91014,5.2622247,11.731900339412219,3.8877232,4.0230646,0.5915152770028735,1.0,1.0,1.0,1.0,6.864512,0.05066250974279034,0.20849571317225254,0.7408417770849571,10.54586761604242,35.195701018236655,15.7866745,1,0,1,1.0,0.0,1.0,far,0.0,0.0,0.0,0.0,0.0,0.0,0.0,0.0,0.0,0.0,1.0,0.0,1.0,0.0,1.0
52764,1,5.0,27.0,356470.0,82230.0,51060.0,4350.0,26820.0,1010.0589,356470.0,65.41009,61.027893,0.37933066,0.34099886,173484.48,289229.7,1,1.0,0.0,173.48448,5.1618357,12.784005363822903,4.1806765,4.111331,0.6536826881343218,1.0,1.0,1.0,1.0,6.9177637,0.05290040131338927,0.32615833637358627,0.6209412623130245,10.840756690795475,12.784005363822903,5.1618357,0,0,0,0.0,0.0,0.0,far,0.0,0.0,0.0,0.0,0.0,0.0,0.0,0.0,0.0,0.0,1.0,0.0,0.0,0.0,0.0
52764,2,5.0,27.0,424100.0,84320.0,51600.0,1860.0,30860.0,1201.6887,356470.0,50.058285,48.86541,0.39368072,0.4388087,173484.48,289229.7,1,1.0,0.0,173.48448,5.1618357,12.784005363822903,3.913188,3.8890698,0.6536826881343218,1.0,1.0,1.0,1.0,7.091483,0.022058823529411766,0.36598671726755216,0.611954459203036,10.851276951469654,25.568010727645806,10.323671,1,1,0,1.0,1.0,0.0,far,0.0,0.0,0.0,0.0,0.0,0.0,0.0,0.0,0.0,0.0,1.0,1.0,0.0,1.0,0.0
52764,3,5.0,27.0,485740.0,150340.0,52760.0,13180.0,84400.0,1376.3458,356470.0,48.14829,55.18267,0.39424384,0.67136,173484.48,289229.7,1,1.0,0.0,173.48448,5.1618357,12.784005363822903,3.8742857,4.010649,0.6536826881343218,1.0,1.0,1.0,1.0,7.227187,0.08766795264068113,0.5613941732073966,0.3509378741519223,10.873508606831251,38.35201609146871,15.485507,1,0,1,1.0,0.0,1.0,far,0.0,0.0,0.0,0.0,0.0,0.0,0.0,0.0,0.0,0.0,1.0,0.0,1.0,0.0,1.0
52769,1,5.0,27.0,170930.0,48350.0,42380.0,640.0,5330.0,513.3033,170930.0,57.712475,52.752934,0.025683029,0.023375142,132189.52,250017.22,1,1.0,0.0,132.18951,4.891773,12.049009394950314,4.0554733,3.9656193,0.548788864687422,1.0,1.0,1.0,1.0,6.2408667,0.013236814891416752,0.11023784901758014,0.8765253360910031,10.65443183182229,12.049009394950314,4.891773,0,0,0,0.0,0.0,0.0,far,0.0,0.0,0.0,0.0,0.0,0.0,0.0,0.0,0.0,0.0,1.0,0.0,0.0,0.0,0.0
52769,2,5.0,27.0,202730.0,52080.0,45330.0,410.0,6340.0,608.7988,170930.0,50.28511,47.26363,0.028412174,0.17909169,132189.52,250017.22,1,1.0,0.0,132.18951,4.891773,12.049009394950314,3.917709,3.855741,0.548788864687422,1.0,1.0,1.0,1.0,6.411488,0.007872503840245775,0.1217357910906298,0.8703917050691244,10.721724343934895,24.098018789900628,9.783546,1,1,0,1.0,1.0,0.0,far,0.0,0.0,0.0,0.0,0.0,0.0,0.0,0.0,0.0,0.0,1.0,1.0,0.0,1.0,0.0
52769,3,5.0,27.0,232120.0,67960.0,51840.0,4340.0,11780.0,697.05707,170930.0,48.079033,53.66973,0.03144925,0.32617587,132189.52,250017.22,1,1.0,0.0,132.18951,4.891773,12.049009394950314,3.8728461,3.9828491,0.548788864687422,1.0,1.0,1.0,1.0,6.5468674,0.06386109476162448,0.1733372572101236,0.7628016480282519,10.855917331026156,36.14702818485094,14.67532,1,0,1,1.0,0.0,1.0,far,0.0,0.0,0.0,0.0,0.0,0.0,0.0,0.0,0.0,0.0,1.0,0.0,1.0,0.0,1.0
52777,1,5.0,27.0,271540.0,67710.0,55120.0,750.0,11840.0,627.56244,271540.0,66.85965,61.85429,0.11939309,0.08107096,159131.47,276714.72,1,1.0,0.0,159.13147,5.075995,12.511864737154273,4.2025957,4.1247816,0.6184848671575878,1.0,1.0,1.0,1.0,6.441843,0.011076650420912717,0.17486338797814208,0.8140599616009452,10.91726790568754,12.511864737154273,5.075995,0,0,0,0.0,0.0,0.0,far,0.0,0.0,0.0,0.0,0.0,0.0,0.0,0.0,0.0,0.0,1.0,0.0,0.0,0.0,0.0
52777,2,5.0,27.0,325030.0,73930.0,58530.0,690.0,14710.0,751.18445,271540.0,52.090343,50.931652,0.11358952,0.21699148,159131.47,276714.72,1,1.0,0.0,159.13147,5.075995,12.511864737154273,3.9529796,3.9304845,0.6184848671575878,1.0,1.0,1.0,1.0,6.621651,0.009333152982551062,0.19897200054105235,0.7916948464763965,10.977294722285267,25.023729474308546,10.15199,1,1,0,1.0,1.0,0.0,far,0.0,0.0,0.0,0.0,0.0,0.0,0.0,0.0,0.0,0.0,1.0,1.0,0.0,1.0,0.0
52777,3,5.0,27.0,363280.0,109020.0,69680.0,5400.0,33940.0,839.5849,271540.0,49.874928,56.79832,0.108181015,0.39612675,159131.47,276714.72,1,1.0,0.0,159.13147,5.075995,12.511864737154273,3.9095185,4.039507,0.6184848671575878,1.0,1.0,1.0,1.0,6.732908,0.04953219592735278,0.3113190240322877,0.6391487800403596,11.151668611526384,37.53559421146282,15.227985,1,0,1,1.0,0.0,1.0,far,0.0,0.0,0.0,0.0,0.0,0.0,0.0,0.0,0.0,0.0,1.0,0.0,1.0,0.0,1.0
53221,1,5.0,32.0,129100.0,29580.0,26030.0,330.0,3220.0,404.1068,129100.0,66.22771,60.324326,0.044926412,0.01170117,95085.945,211296.48,1,1.0,0.0,95.085945,4.5652432,11.768342576834733,4.193099,4.0997353,0.4652891706193249,1.0,1.0,1.0,1.0,6.0016794,0.011156186612576065,0.10885733603786342,0.8799864773495605,10.167004997988611,11.768342576834733,4.5652432,0,0,0,0.0,0.0,0.0,mid,0.0,0.0,0.0,0.0,0.0,1.0,0.0,0.0,0.0,0.0,0.0,0.0,0.0,0.0,0.0
53221,2,5.0,32.0,136080.0,32980.0,28170.0,230.0,4580.0,425.95547,129100.0,60.543858,55.983192,0.04622281,0.052030884,95085.945,211296.48,1,1.0,0.0,95.085945,4.5652432,11.768342576834733,4.103368,4.0250516,0.4652891706193249,1.0,1.0,1.0,1.0,6.0543346,0.006973923590054579,0.13887204366282596,0.8541540327471194,10.246012860870419,23.536685153669467,9.1304865,1,1,0,1.0,1.0,0.0,mid,0.0,0.0,0.0,0.0,0.0,1.0,1.0,0.0,1.0,0.0,0.0,0.0,0.0,0.0,0.0
53221,3,5.0,32.0,164700.0,45060.0,35600.0,1420.0,8040.0,515.5414,129100.0,56.377224,60.20274,0.037401337,0.23604938,95085.945,211296.48,1,1.0,0.0,95.085945,4.5652432,11.768342576834733,4.0320654,4.097718,0.4652891706193249,1.0,1.0,1.0,1.0,6.245218,0.03151353750554816,0.17842876165113183,0.79005770084332,10.480100916840122,35.3050277305042,13.69573,1,0,1,1.0,0.0,1.0,mid,0.0,0.0,0.0,0.0,0.0,1.0,0.0,1.0,0.0,1.0,0.0,0.0,0.0,0.0,0.0
53224,1,5.0,32.0,357800.0,77030.0,54890.0,1470.0,20670.0,1105.4127,357800.0,64.62984,58.948345,0.18678032,0.0975469,106927.586,223981.72,1,1.0,0.0,106.92759,4.6814604,12.787729450056755,4.1686764,4.0766616,0.5688916407647152,1.0,1.0,1.0,1.0,7.007974,0.01908347397118006,0.26833701155394,0.7125795144748799,10.913086461543935,12.787729450056755,4.6814604,0,0,0,0.0,0.0,0.0,mid,0.0,0.0,0.0,0.0,0.0,1.0,0.0,0.0,0.0,0.0,0.0,0.0,0.0,0.0,0.0
53224,2,5.0,32.0,395560.0,85450.0,59070.0,1350.0,25030.0,1222.0712,357800.0,58.738274,54.308334,0.20029831,0.1590704,106927.586,223981.72,1,1.0,0.0,106.92759,4.6814604,12.787729450056755,4.0730915,3.9946778,0.5688916407647152,1.0,1.0,1.0,1.0,7.1083026,0.01579871269748391,0.29291983616149797,0.6912814511410181,10.986478460301282,25.57545890011351,9.362921,1,1,0,1.0,1.0,0.0,mid,0.0,0.0,0.0,0.0,0.0,1.0,1.0,0.0,1.0,0.0,0.0,0.0,0.0,0.0,0.0
53224,3,5.0,32.0,445680.0,128820.0,70160.0,7040.0,51620.0,1376.9155,357800.0,54.895805,58.940823,0.20875965,0.4414324,106927.586,223981.72,1,1.0,0.0,106.92759,4.6814604,12.787729450056755,4.005437,4.076534,0.5688916407647152,1.0,1.0,1.0,1.0,7.227601,0.05464989908399317,0.40071417481757493,0.5446359260984319,11.158533627046065,38.36318835017026,14.044381,1,0,1,1.0,0.0,1.0,mid,0.0,0.0,0.0,0.0,0.0,1.0,0.0,1.0,0.0,1.0,0.0,0.0,0.0,0.0,0.0
53230,1,5.0,32.0,414900.0,105210.0,88100.0,2260.0,14850.0,885.2144,414900.0,55.042576,50.858925,0.031067727,0.031590823,93227.56,211579.27,1,1.0,0.0,93.22756,4.5457125,12.93579280632096,4.008107,3.9290557,0.5556936332075477,1.0,1.0,1.0,1.0,6.78583,0.021480847828153217,0.14114627887082976,0.8373728733010171,11.386227811924272,12.93579280632096,4.5457125,0,0,0,0.0,0.0,0.0,mid,0.0,0.0,0.0,0.0,0.0,1.0,0.0,0.0,0.0,0.0,0.0,0.0,0.0,0.0,0.0
53230,2,5.0,32.0,459740.0,114200.0,89930.0,1950.0,22320.0,980.88324,414900.0,47.90476,44.545982,0.068364725,0.12270165,93227.56,211579.27,1,1.0,0.0,93.22756,4.5457125,12.93579280632096,3.8692148,3.796522,0.5556936332075477,1.0,1.0,1.0,1.0,6.8884535,0.017075306479859893,0.19544658493870404,0.7874781085814361,11.406786868908561,25.87158561264192,9.091425,1,1,0,1.0,1.0,0.0,mid,0.0,0.0,0.0,0.0,0.0,1.0,1.0,0.0,1.0,0.0,0.0,0.0,0.0,0.0,0.0
53230,3,5.0,32.0,513620.0,149980.0,107520.0,8960.0,33500.0,1095.8395,414900.0,46.0073,51.526325,0.076671466,0.33127168,93227.56,211579.27,1,1.0,0.0,93.22756,4.5457125,12.93579280632096,3.8288002,3.942093,0.5556936332075477,1.0,1.0,1.0,1.0,6.999276,0.05974129883984531,0.22336311508201093,0.7168955860781437,11.585432155756976,38.80737841896288,13.637137,1,0,1,1.0,0.0,1.0,mid,0.0,0.0,0.0,0.0,0.0,1.0,0.0,1.0,0.0,1.0,0.0,0.0,0.0,0.0,0.0
53267,1,5.0,32.0,209970.0,48580.0,40480.0,860.0,7240.0,1129.539,209970.0,55.042576,50.858925,0.069295615,0.023758098,102847.27,221203.88,1,1.0,0.0,102.847275,4.6429214,12.254719942351695,4.008107,3.9290557,0.5190471995207501,1.0,1.0,1.0,1.0,7.029565,0.0177027583367641,0.14903252367229314,0.8332647179909428,10.608563303961347,12.254719942351695,4.6429214,0,0,0,0.0,0.0,0.0,mid,0.0,0.0,0.0,0.0,0.0,1.0,0.0,0.0,0.0,0.0,0.0,0.0,0.0,0.0,0.0
53267,2,5.0,32.0,231780.0,54270.0,41120.0,790.0,12360.0,1246.8665,209970.0,47.90476,44.545982,0.08710846,0.1123242,102847.27,221203.88,1,1.0,0.0,102.847275,4.6429214,12.254719942351695,3.8692148,3.796522,0.5190471995207501,1.0,1.0,1.0,1.0,7.128389,0.014556845402616547,0.22775013819789938,0.757693016399484,10.624249900129048,24.50943988470339,9.285843,1,1,0,1.0,1.0,0.0,mid,0.0,0.0,0.0,0.0,0.0,1.0,1.0,0.0,1.0,0.0,0.0,0.0,0.0,0.0,0.0
53267,3,5.0,32.0,245140.0,68260.0,45640.0,4560.0,18060.0,1318.7369,209970.0,46.0073,51.526325,0.09333442,0.30805686,102847.27,221203.88,1,1.0,0.0,102.847275,4.6429214,12.254719942351695,3.8288002,3.942093,0.5190471995207501,1.0,1.0,1.0,1.0,7.1844296,0.06680339876941108,0.2645766188104307,0.6686199824201582,10.728539803976012,36.76415982705508,13.928764,1,0,1,1.0,0.0,1.0,mid,0.0,0.0,0.0,0.0,0.0,1.0,0.0,1.0,0.0,1.0,0.0,0.0,0.0,0.0,0.0
53282,1,5.0,32.0,245360.0,58570.0,49990.0,420.0,8160.0,1069.2,245360.0,55.042576,50.858925,0.041367788,0.046944387,115448.53,233500.77,1,1.0,0.0,115.44853,4.7574496,12.410481798788133,4.008107,3.9290557,0.5528515208512316,1.0,1.0,1.0,1.0,6.974666,0.007170906607478231,0.13932047123100563,0.8535086221615161,10.819578264407616,12.410481798788133,4.7574496,0,0,0,0.0,0.0,0.0,mid,0.0,0.0,0.0,0.0,0.0,1.0,0.0,0.0,0.0,0.0,0.0,0.0,0.0,0.0,0.0
53282,2,5.0,32.0,265560.0,62640.0,50500.0,350.0,11790.0,1157.2251,245360.0,47.90476,44.545982,0.04032987,0.11855422,115448.53,233500.77,1,1.0,0.0,115.44853,4.7574496,12.410481798788133,3.8692148,3.796522,0.5528515208512316,1.0,1.0,1.0,1.0,7.05378,0.005587484035759898,0.1882183908045977,0.8061941251596424,10.829728615263452,24.820963597576267,9.514899,1,1,0,1.0,1.0,0.0,mid,0.0,0.0,0.0,0.0,0.0,1.0,1.0,0.0,1.0,0.0,0.0,0.0,0.0,0.0,0.0
53282,3,5.0,32.0,285020.0,79720.0,60900.0,4180.0,14640.0,1242.0255,245360.0,46.0073,51.526325,0.042874184,0.21796916,115448.53,233500.77,1,1.0,0.0,115.44853,4.7574496,12.410481798788133,3.8288002,3.942093,0.5528515208512316,1.0,1.0,1.0,1.0,7.124499,0.052433517310587055,0.18364274962368288,0.76392373306573,11.016988453697989,37.2314453963644,14.272348,1,0,1,1.0,0.0,1.0,mid,0.0,0.0,0.0,0.0,0.0,1.0,0.0,1.0,0.0,1.0,0.0,0.0,0.0,0.0,0.0
53288,1,5.0,32.0,230910.0,49630.0,40630.0,530.0,8470.0,1017.8524,230910.0,66.22771,60.324326,0.06664935,0.040835053,82474.195,200267.02,1,1.0,0.0,82.4742,4.4245377,12.349783303196473,4.193099,4.0997353,0.485925092531571,1.0,1.0,1.0,1.0,6.9254503,0.01067902478339714,0.17066290550070523,0.8186580697158976,10.612261988981773,12.349783303196473,4.4245377,0,0,0,0.0,0.0,0.0,near,1.0,0.0,0.0,0.0,0.0,0.0,0.0,0.0,0.0,0.0,0.0,0.0,0.0,0.0,0.0
53288,2,5.0,32.0,251050.0,58070.0,45770.0,500.0,11800.0,1106.6296,230910.0,60.543858,55.983192,0.060505874,0.086904556,82474.195,200267.02,1,1.0,0.0,82.4742,4.4245377,12.349783303196473,4.103368,4.0250516,0.485925092531571,1.0,1.0,1.0,1.0,7.009074,0.008610297916307904,0.20320303082486654,0.7881866712588256,10.731384133647687,24.699566606392946,8.849075,1,1,0,1.0,1.0,0.0,near,1.0,1.0,0.0,1.0,0.0,0.0,0.0,0.0,0.0,0.0,0.0,0.0,0.0,0.0,0.0
53288,3,5.0,32.0,264420.0,70920.0,50680.0,2860.0,17380.0,1165.5647,230910.0,56.377224,60.20274,0.056652296,0.31090486,82474.195,200267.02,1,1.0,0.0,82.4742,4.4245377,12.349783303196473,4.0320654,4.097718,0.485925092531571,1.0,1.0,1.0,1.0,7.060961,0.04032712915961647,0.24506486181613085,0.7146080090242527,10.833286634435076,37.04934990958942,13.273613,1,0,1,1.0,0.0,1.0,near,1.0,0.0,1.0,0.0,1.0,0.0,0.0,0.0,0.0,0.0,0.0,0.0,0.0,0.0,0.0
53291,1,5.0,32.0,361560.0,85180.0,75410.0,730.0,9040.0,862.02704,361560.0,71.19119,63.715767,0.026496293,0.005238567,124532.47,241108.16,1,1.0,0.0,124.53247,4.8325644,12.798183281912348,4.265369,4.1544323,0.5971679179188834,1.0,1.0,1.0,1.0,6.759287,0.008570086874853252,0.10612819910777178,0.885301714017375,11.230695171196693,12.798183281912348,4.8325644,0,0,0,0.0,0.0,0.0,mid,0.0,0.0,0.0,0.0,0.0,1.0,0.0,0.0,0.0,0.0,0.0,0.0,0.0,0.0,0.0
53291,2,5.0,32.0,400220.0,97900.0,84900.0,680.0,12320.0,954.19977,361560.0,64.64175,61.477444,0.08125531,0.10378652,124532.47,241108.16,1,1.0,0.0,124.53247,4.8325644,12.798183281912348,4.1688604,4.1186705,0.5971679179188834,1.0,1.0,1.0,1.0,6.860873,0.006945863125638407,0.1258426966292135,0.8672114402451481,11.349229372299439,25.596366563824695,9.665129,1,1,0,1.0,1.0,0.0,mid,0.0,0.0,0.0,0.0,0.0,1.0,1.0,0.0,1.0,0.0,0.0,0.0,0.0,0.0,0.0
53291,3,5.0,32.0,463800.0,130760.0,102800.0,5800.0,22160.0,1105.7865,361560.0,59.8405,63.7384,0.045450624,0.20712025,124532.47,241108.16,1,1.0,0.0,124.53247,4.8325644,12.798183281912348,4.091683,4.154787,0.5971679179188834,1.0,1.0,1.0,1.0,7.008312,0.04435607219333129,0.16947078617314162,0.786173141633527,11.540540632003202,38.394549845737046,14.497693,1,0,1,1.0,0.0,1.0,mid,0.0,0.0,0.0,0.0,0.0,1.0,0.0,1.0,0.0,1.0,0.0,0.0,0.0,0.0,0.0
53813,1,5.0,38.0,126440.0,34270.0,25800.0,500.0,7970.0,908.5944,126440.0,50.353012,49.38373,0.035590004,0.031936128,94866.38,207265.44,1,1.0,0.0,94.86639,4.5629554,11.747523166329554,3.9190586,3.899621,0.4631899136492716,1.0,1.0,1.0,1.0,6.8118987,0.014590020426028597,0.23256492559089584,0.7528450539830756,10.158129770909708,11.747523166329554,4.5629554,0,0,0,0.0,0.0,0.0,mid,0.0,0.0,0.0,0.0,0.0,1.0,0.0,0.0,0.0,0.0,0.0,0.0,0.0,0.0,0.0
53813,2,5.0,38.0,128270.0,33170.0,25100.0,730.0,7340.0,921.74475,126440.0,42.42467,37.80074,0.17143525,0.26940346,94866.38,207265.44,1,1.0,0.0,94.86639,4.5629554,11.747523166329554,3.74773,3.6323287,0.4631899136492716,1.0,1.0,1.0,1.0,6.826268,0.02200783840820018,0.2212842930358758,0.756707868555924,10.130623125119875,23.495046332659108,9.125911,1,1,0,1.0,1.0,0.0,mid,0.0,0.0,0.0,0.0,0.0,1.0,1.0,0.0,1.0,0.0,0.0,0.0,0.0,0.0,0.0
53813,3,5.0,38.0,138580.0,41240.0,29160.0,2260.0,9820.0,995.8321,126440.0,40.88562,45.79898,0.1754943,0.5540393,94866.38,207265.44,1,1.0,0.0,94.86639,4.5629554,11.747523166329554,3.7107785,3.824262,0.4631899136492716,1.0,1.0,1.0,1.0,6.9035788,0.0548011639185257,0.23811833171677982,0.7070805043646945,10.280553186122594,35.24256949898866,13.688866,1,0,1,1.0,0.0,1.0,mid,0.0,0.0,0.0,0.0,0.0,1.0,0.0,1.0,0.0,1.0,0.0,0.0,0.0,0.0,0.0
53847,1,5.0,38.0,225530.0,58320.0,45670.0,1610.0,11040.0,937.98865,225530.0,54.14208,50.250942,0.19296768,0.107288755,109471.79,224300.42,1,1.0,0.0,109.47179,4.70476,12.326208466770154,3.9916117,3.9170294,0.5363273630873736,1.0,1.0,1.0,1.0,6.843738,0.02760631001371742,0.18930041152263374,0.7830932784636488,10.729196906179045,12.326208466770154,4.70476,0,0,0,0.0,0.0,0.0,mid,0.0,0.0,0.0,0.0,0.0,1.0,0.0,0.0,0.0,0.0,0.0,0.0,0.0,0.0,0.0
53847,2,5.0,38.0,256810.0,66660.0,48870.0,1750.0,16040.0,1068.0835,225530.0,45.69821,42.568214,0.23231183,0.30603516,109471.79,224300.42,1,1.0,0.0,109.47179,4.70476,12.326208466770154,3.8220592,3.751108,0.5363273630873736,1.0,1.0,1.0,1.0,6.9736214,0.026252625262526252,0.24062406240624062,0.7331233123312331,10.796918990264201,24.65241693354031,9.40952,1,1,0,1.0,1.0,0.0,mid,0.0,0.0,0.0,0.0,0.0,1.0,1.0,0.0,1.0,0.0,0.0,0.0,0.0,0.0,0.0
53847,3,5.0,38.0,291280.0,93720.0,53140.0,4820.0,35760.0,1211.4457,225530.0,44.199642,50.01414,0.24361439,0.55101526,109471.79,224300.42,1,1.0,0.0,109.47179,4.70476,12.326208466770154,3.7887168,3.9123058,0.5363273630873736,1.0,1.0,1.0,1.0,7.09957,0.051429790866410585,0.38156209987195905,0.5670081092616304,10.880685219313804,36.97862540031046,14.114281,1,0,1,1.0,0.0,1.0,mid,0.0,0.0,0.0,0.0,0.0,1.0,0.0,1.0,0.0,1.0,0.0,0.0,0.0,0.0,0.0
53858,1,5.0,38.0,114830.0,32560.0,28670.0,300.0,3590.0,731.91406,114830.0,55.042576,50.858925,0.049638595,0.13375528,95368.03,212244.69,1,1.0,0.0,95.368034,4.5681744,11.651208052770235,4.008107,3.9290557,0.45642614403273646,1.0,1.0,1.0,1.0,6.595663,0.009213759213759214,0.11025798525798526,0.8805282555282555,10.263606558877415,11.651208052770235,4.5681744,0,0,0,0.0,0.0,0.0,mid,0.0,0.0,0.0,0.0,0.0,1.0,0.0,0.0,0.0,0.0,0.0,0.0,0.0,0.0,0.0
53858,2,5.0,38.0,130240.0,34400.0,29260.0,380.0,4760.0,830.13574,114830.0,47.90476,44.545982,0.057125308,0.27928504,95368.03,212244.69,1,1.0,0.0,95.368034,4.5681744,11.651208052770235,3.8692148,3.796522,0.45642614403273646,1.0,1.0,1.0,1.0,6.721589,0.011046511627906977,0.13837209302325582,0.8505813953488373,10.283976674574115,23.30241610554047,9.136349,1,1,0,1.0,1.0,0.0,mid,0.0,0.0,0.0,0.0,0.0,1.0,1.0,0.0,1.0,0.0,0.0,0.0,0.0,0.0,0.0
53858,3,5.0,38.0,143920.0,43680.0,35540.0,1160.0,6980.0,917.3306,114830.0,46.0073,51.526325,0.11200667,0.56427467,95368.03,212244.69,1,1.0,0.0,95.368034,4.5681744,11.651208052770235,3.8288002,3.942093,0.45642614403273646,1.0,1.0,1.0,1.0,6.821468,0.026556776556776556,0.15979853479853479,0.8136446886446886,10.478414101708642,34.9536241583107,13.704523,1,0,1,1.0,0.0,1.0,mid,0.0,0.0,0.0,0.0,0.0,1.0,0.0,1.0,0.0,1.0,0.0,0.0,0.0,0.0,0.0
53861,1,5.0,38.0,106500.0,29200.0,25960.0,340.0,2900.0,695.8056,106500.0,52.85411,49.99475,0.097652584,0.13095239,96076.734,211320.1,1,1.0,0.0,96.07674,4.575502,11.575900264131617,3.9675355,3.9119182,0.45174980735710335,1.0,1.0,1.0,1.0,6.54507,0.011643835616438357,0.09931506849315068,0.8890410958904109,10.164312170818027,11.575900264131617,4.575502,0,0,0,0.0,0.0,0.0,mid,0.0,0.0,0.0,0.0,0.0,1.0,0.0,0.0,0.0,0.0,0.0,0.0,0.0,0.0,0.0
53861,2,5.0,38.0,115850.0,33460.0,28170.0,350.0,4940.0,756.89276,106500.0,45.347385,41.349056,0.10539491,0.2963599,96076.734,211320.1,1,1.0,0.0,96.07674,4.575502,11.575900264131617,3.8143525,3.7220497,0.45174980735710335,1.0,1.0,1.0,1.0,6.6292214,0.010460251046025104,0.14763897190675435,0.8419007770472205,10.246012860870419,23.151800528263234,9.151004,1,1,0,1.0,1.0,0.0,mid,0.0,0.0,0.0,0.0,0.0,1.0,1.0,0.0,1.0,0.0,0.0,0.0,0.0,0.0,0.0
53861,3,5.0,38.0,109200.0,33940.0,26740.0,640.0,6560.0,713.44574,106500.0,43.617184,48.831253,0.10732601,0.6036217,96076.734,211320.1,1,1.0,0.0,96.07674,4.575502,11.575900264131617,3.7754512,3.8883705,0.45174980735710335,1.0,1.0,1.0,1.0,6.5701065,0.01885680612846199,0.1932822628167354,0.7878609310548026,10.193915850655934,34.72770079239485,13.726505,1,0,1,1.0,0.0,1.0,mid,0.0,0.0,0.0,0.0,0.0,1.0,0.0,1.0,0.0,1.0,0.0,0.0,0.0,0.0,0.0
53874,1,5.0,38.0,193520.0,51890.0,45110.0,500.0,6280.0,665.818,193520.0,54.18301,50.275314,0.07265399,0.09832258,115109.3,231487.22,1,1.0,0.0,115.1093,4.754532,12.173136145283909,3.9923675,3.917514,0.5332749390784012,1.0,1.0,1.0,1.0,6.5010166,0.009635767970707265,0.12102524571208326,0.8693389863172095,10.716859230402441,12.173136145283909,4.754532,0,0,0,0.0,0.0,0.0,mid,0.0,0.0,0.0,0.0,0.0,1.0,0.0,0.0,0.0,0.0,0.0,0.0,0.0,0.0,0.0
53874,2,5.0,38.0,214800.0,55140.0,44780.0,600.0,9760.0,739.0332,193520.0,45.79851,42.65662,0.096182495,0.22376426,115109.3,231487.22,1,1.0,0.0,115.1093,4.754532,12.173136145283909,3.8242517,3.7531824,0.5332749390784012,1.0,1.0,1.0,1.0,6.605343,0.01088139281828074,0.17700398984403337,0.8121146173376859,10.709516890152745,24.346272290567818,9.509064,1,1,0,1.0,1.0,0.0,mid,0.0,0.0,0.0,0.0,0.0,1.0,1.0,0.0,1.0,0.0,0.0,0.0,0.0,0.0,0.0
53874,3,5.0,38.0,233400.0,72040.0,53020.0,3120.0,15900.0,803.0277,193520.0,44.281807,50.08224,0.09640103,0.41751394,115109.3,231487.22,1,1.0,0.0,115.1093,4.754532,12.173136145283909,3.7905738,3.9136665,0.5332749390784012,1.0,1.0,1.0,1.0,6.6883893,0.043309272626318715,0.2207107162687396,0.7359800111049417,10.878424479843016,36.51940843585173,14.263596,1,0,1,1.0,0.0,1.0,mid,0.0,0.0,0.0,0.0,0.0,1.0,0.0,1.0,0.0,1.0,0.0,0.0,0.0,0.0,0.0
54906,1,5.0,49.0,176190.0,43670.0,39520.0,190.0,3960.0,767.9801,176190.0,91.77979,83.97938,0.11181112,0.017862372,190105.14,303480.66,1,1.0,0.0,190.10513,5.252824,12.079318237184674,4.519392,4.430571,0.6166860052304641,1.0,1.0,1.0,1.0,6.643764,0.004350812915044653,0.0906801007556675,0.9049690863292879,10.584562151861805,12.079318237184674,5.252824,0,0,0,0.0,0.0,0.0,far,0.0,0.0,0.0,0.0,0.0,0.0,0.0,0.0,0.0,0.0,1.0,0.0,0.0,0.0,0.0
54906,2,5.0,49.0,196630.0,46770.0,40860.0,170.0,5740.0,857.07434,176190.0,82.41194,81.19104,0.116004676,0.049297344,190105.14,303480.66,1,1.0,0.0,190.10513,5.252824,12.079318237184674,4.4117303,4.396805,0.6166860052304641,1.0,1.0,1.0,1.0,6.753525,0.0036348086380158223,0.12272824460124011,0.8736369467607441,10.617906868371612,24.15863647436935,10.505648,1,1,0,1.0,1.0,0.0,far,0.0,0.0,0.0,0.0,0.0,0.0,0.0,0.0,0.0,0.0,1.0,1.0,0.0,1.0,0.0
54906,3,5.0,49.0,230380.0,65060.0,52200.0,2620.0,10240.0,1004.18445,176190.0,74.4975,79.58003,0.12778887,0.19677307,190105.14,303480.66,1,1.0,0.0,190.10513,5.252824,12.079318237184674,4.3107657,4.3767633,0.6166860052304641,1.0,1.0,1.0,1.0,6.911931,0.040270519520442666,0.15739317553027973,0.8023363049492775,10.86283777387073,36.237954711554025,15.7584715,1,0,1,1.0,0.0,1.0,far,0.0,0.0,0.0,0.0,0.0,0.0,0.0,0.0,0.0,0.0,1.0,0.0,1.0,0.0,1.0
54908,1,5.0,49.0,58380.0,14000.0,12830.0,40.0,1130.0,294.3282,58380.0,72.791306,65.24974,0.1459404,0.0017699115,122859.38,236673.56,1,1.0,0.0,122.85938,4.819147,10.974728644408106,4.2875967,4.178222,0.44873736628529076,1.0,1.0,1.0,1.0,5.6846952,0.002857142857142857,0.08071428571428571,0.9164285714285715,9.459541457609681,10.974728644408106,4.819147,0,0,0,0.0,0.0,0.0,mid,0.0,0.0,0.0,0.0,0.0,1.0,0.0,0.0,0.0,0.0,0.0,0.0,0.0,0.0,0.0
54908,2,5.0,49.0,63490.0,13110.0,11320.0,120.0,1670.0,320.09073,58380.0,66.658875,63.39557,0.17987084,0.022889843,122859.38,236673.56,1,1.0,0.0,122.85938,4.819147,10.974728644408106,4.1995883,4.149394,0.44873736628529076,1.0,1.0,1.0,1.0,5.7686043,0.009153318077803204,0.12738367658276126,0.8634630053394355,9.334326351757174,21.949457288816212,9.638294,1,1,0,1.0,1.0,0.0,mid,0.0,0.0,0.0,0.0,0.0,1.0,1.0,0.0,1.0,0.0,0.0,0.0,0.0,0.0,0.0
54908,3,5.0,49.0,76500.0,19280.0,15060.0,560.0,3660.0,385.68185,58380.0,61.36185,64.69438,0.20261438,0.17572254,122859.38,236673.56,1,1.0,0.0,122.85938,4.819147,10.974728644408106,4.1167884,4.1696744,0.44873736628529076,1.0,1.0,1.0,1.0,5.955013,0.029045643153526972,0.18983402489626555,0.7811203319502075,9.619797501353885,32.92418593322432,14.457441,1,0,1,1.0,0.0,1.0,mid,0.0,0.0,0.0,0.0,0.0,1.0,0.0,1.0,0.0,1.0,0.0,0.0,0.0,0.0,0.0
54909,1,5.0,49.0,101990.0,22980.0,19250.0,200.0,3530.0,1060.8488,101990.0,76.0731,67.92432,0.39650947,0.04121688,132038.16,246649.78,1,1.0,0.0,132.03816,4.890636,11.532630048244563,4.3316946,4.2183943,0.5070024327879781,1.0,1.0,1.0,1.0,6.9668245,0.008703220191470844,0.1536118363794604,0.8376849434290687,9.86526633971593,11.532630048244563,4.890636,0,0,0,0.0,0.0,0.0,far,0.0,0.0,0.0,0.0,0.0,0.0,0.0,0.0,0.0,0.0,1.0,0.0,0.0,0.0,0.0
54909,2,5.0,49.0,113860.0,22580.0,18850.0,120.0,3610.0,1184.3146,101990.0,69.716385,67.2309,0.3925874,0.08423407,132038.16,246649.78,1,1.0,0.0,132.03816,4.890636,11.532630048244563,4.2444353,4.208133,0.5070024327879781,1.0,1.0,1.0,1.0,7.0769196,0.005314437555358724,0.15987599645704162,0.8348095659875997,9.844268192876157,23.065260096489126,9.781272,1,1,0,1.0,1.0,0.0,far,0.0,0.0,0.0,0.0,0.0,0.0,0.0,0.0,0.0,0.0,1.0,1.0,0.0,1.0,0.0
54909,3,5.0,49.0,122980.0,32680.0,22800.0,920.0,8960.0,1279.1763,101990.0,63.854168,67.02198,0.37502033,0.22853453,132038.16,246649.78,1,1.0,0.0,132.03816,4.890636,11.532630048244563,4.156602,4.2050204,0.5070024327879781,1.0,1.0,1.0,1.0,7.1539717,0.028151774785801713,0.2741738066095471,0.6976744186046512,10.034515814942532,34.59789014473369,14.671907,1,0,1,1.0,0.0,1.0,far,0.0,0.0,0.0,0.0,0.0,0.0,0.0,0.0,0.0,0.0,1.0,0.0,1.0,0.0,1.0
54918,1,5.0,49.0,129870.0,32090.0,28490.0,180.0,3420.0,805.6452,129870.0,76.0731,67.92432,0.077077076,0.00747149,172609.58,287909.1,1,1.0,0.0,172.60957,5.156809,11.774289229104136,4.3316946,4.2183943,0.5756945438777753,1.0,1.0,1.0,1.0,6.6916437,0.005609224057338735,0.10657525708943597,0.8878155188532253,10.257308427491955,11.774289229104136,5.156809,0,0,0,0.0,0.0,0.0,far,0.0,0.0,0.0,0.0,0.0,0.0,0.0,0.0,0.0,0.0,1.0,0.0,0.0,0.0,0.0
54918,2,5.0,49.0,140020.0,33910.0,28760.0,170.0,4980.0,868.6104,129870.0,69.716385,67.2309,0.0762034,0.045784656,172609.58,287909.1,1,1.0,0.0,172.60957,5.156809,11.774289229104136,4.2444353,4.208133,0.5756945438777753,1.0,1.0,1.0,1.0,6.766895,0.005013270421704512,0.14685933352993216,0.8481273960483633,10.266740811834984,23.548578458208272,10.313618,1,1,0,1.0,1.0,0.0,far,0.0,0.0,0.0,0.0,0.0,0.0,0.0,0.0,0.0,0.0,1.0,1.0,0.0,1.0,0.0
54918,3,5.0,49.0,161900.0,46800.0,35060.0,1800.0,9940.0,1004.34247,129870.0,63.854168,67.02198,0.07967881,0.14783047,172609.58,287909.1,1,1.0,0.0,172.60957,5.156809,11.774289229104136,4.156602,4.2050204,0.5756945438777753,1.0,1.0,1.0,1.0,6.9120884,0.038461538461538464,0.2123931623931624,0.7491452991452991,10.464816158475225,35.32286768731241,15.470427,1,0,1,1.0,0.0,1.0,far,0.0,0.0,0.0,0.0,0.0,0.0,0.0,0.0,0.0,0.0,1.0,0.0,1.0,0.0,1.0
54952,1,5.0,49.0,217310.0,49400.0,37740.0,730.0,10930.0,784.541,217310.0,76.0731,67.92432,0.27900234,0.095796674,157849.84,271818.84,1,1.0,0.0,157.84984,5.0679593,12.289080184513782,4.3316946,4.2183943,0.5999125521530787,1.0,1.0,1.0,1.0,6.6650987,0.014777327935222672,0.22125506072874493,0.7639676113360324,10.53847581892254,12.289080184513782,5.0679593,0,0,0,0.0,0.0,0.0,far,0.0,0.0,0.0,0.0,0.0,0.0,0.0,0.0,0.0,0.0,1.0,0.0,0.0,0.0,0.0
54952,2,5.0,49.0,259080.0,52170.0,38100.0,590.0,13480.0,935.34064,217310.0,69.716385,67.2309,0.27130616,0.18788539,157849.84,271818.84,1,1.0,0.0,157.84984,5.0679593,12.289080184513782,4.2444353,4.208133,0.5999125521530787,1.0,1.0,1.0,1.0,6.840911,0.01130918152194748,0.25838604562008816,0.7303047728579644,10.547969561114792,24.578160369027565,10.135919,1,1,0,1.0,1.0,0.0,far,0.0,0.0,0.0,0.0,0.0,0.0,0.0,0.0,0.0,0.0,1.0,1.0,0.0,1.0,0.0
54952,3,5.0,49.0,313520.0,84760.0,44520.0,4660.0,35580.0,1131.8821,217310.0,63.854168,67.02198,0.2554861,0.3321399,157849.84,271818.84,1,1.0,0.0,157.84984,5.0679593,12.289080184513782,4.156602,4.2050204,0.5999125521530787,1.0,1.0,1.0,1.0,7.031637,0.05497876356772062,0.41977347805568666,0.5252477583765928,10.70369380538948,36.86724055354135,15.203878,1,0,1,1.0,0.0,1.0,far,0.0,0.0,0.0,0.0,0.0,0.0,0.0,0.0,0.0,0.0,1.0,0.0,1.0,0.0,1.0
54961,1,5.0,49.0,279680.0,68970.0,62250.0,260.0,6460.0,663.2046,279680.0,79.76879,71.59914,0.14226973,0.015541059,172530.3,285477.9,1,1.0,0.0,172.5303,5.156352,12.541401371449307,4.3791323,4.271083,0.6347725870448552,1.0,1.0,1.0,1.0,6.4970837,0.0037697549659272147,0.09366391184573003,0.9025663331883428,11.038913814326953,12.541401371449307,5.156352,0,0,0,0.0,0.0,0.0,far,0.0,0.0,0.0,0.0,0.0,0.0,0.0,0.0,0.0,0.0,1.0,0.0,0.0,0.0,0.0
54961,2,5.0,49.0,322590.0,73930.0,64870.0,230.0,8830.0,764.957,279680.0,72.703575,70.45418,0.1445488,0.062342662,172530.3,285477.9,1,1.0,0.0,172.5303,5.156352,12.541401371449307,4.286391,4.2549624,0.6347725870448552,1.0,1.0,1.0,1.0,6.6398196,0.0031110509941836874,0.11943730555931287,0.8774516434465035,11.080140546207101,25.082802742898615,10.312704,1,1,0,1.0,1.0,0.0,far,0.0,0.0,0.0,0.0,0.0,0.0,0.0,0.0,0.0,0.0,1.0,1.0,0.0,1.0,0.0
54961,3,5.0,49.0,388900.0,103800.0,81620.0,3500.0,18680.0,922.19775,279680.0,66.35848,69.95923,0.1605554,0.17768331,172530.3,285477.9,1,1.0,0.0,172.5303,5.156352,12.541401371449307,4.1950717,4.2479124,0.6347725870448552,1.0,1.0,1.0,1.0,6.82676,0.03371868978805395,0.17996146435452795,0.7863198458574181,11.309829608959797,37.62420411434792,15.469056,1,0,1,1.0,0.0,1.0,far,0.0,0.0,0.0,0.0,0.0,0.0,0.0,0.0,0.0,0.0,1.0,0.0,1.0,0.0,1.0
54977,1,5.0,49.0,157290.0,37290.0,32180.0,280.0,4830.0,899.8799,157290.0,75.16652,66.99595,0.036175217,0.011244106,154998.33,271035.0,1,1.0,0.0,154.99832,5.049845,11.965846514234688,4.319706,4.2046323,0.5712798552292999,1.0,1.0,1.0,1.0,6.8022614,0.007508715473317243,0.12952534191472245,0.8629659426119604,10.379100420546374,11.965846514234688,5.049845,0,0,0,0.0,0.0,0.0,far,0.0,0.0,0.0,0.0,0.0,0.0,0.0,0.0,0.0,0.0,1.0,0.0,0.0,0.0,0.0
54977,2,5.0,49.0,169790.0,38910.0,32660.0,340.0,5910.0,971.3943,157290.0,68.47071,66.121124,0.050002944,0.10197628,154998.33,271035.0,1,1.0,0.0,154.99832,5.049845,11.965846514234688,4.226406,4.1914883,0.5712798552292999,1.0,1.0,1.0,1.0,6.8787327,0.008738113595476741,0.15188897455666925,0.839372911847854,10.393906366524456,23.931693028469375,10.09969,1,1,0,1.0,1.0,0.0,far,0.0,0.0,0.0,0.0,0.0,0.0,0.0,0.0,0.0,0.0,1.0,1.0,0.0,1.0,0.0
54977,3,5.0,49.0,183600.0,52600.0,33340.0,2120.0,17140.0,1050.4034,157290.0,62.932404,66.48603,0.05272331,0.22451612,154998.33,271035.0,1,1.0,0.0,154.99832,5.049845,11.965846514234688,4.142061,4.196992,0.5712798552292999,1.0,1.0,1.0,1.0,6.9569297,0.0403041825095057,0.3258555133079848,0.6338403041825095,10.414513156304785,35.89753954270407,15.149536,1,0,1,1.0,0.0,1.0,far,0.0,0.0,0.0,0.0,0.0,0.0,0.0,0.0,0.0,0.0,1.0,0.0,1.0,0.0,1.0
54979,1,5.0,49.0,137090.0,35710.0,33060.0,240.0,2410.0,563.345,137090.0,72.791306,65.24974,0.12407907,0.0072769052,128326.234,240466.83,1,1.0,0.0,128.32623,4.862338,11.828392923429947,4.2875967,4.178222,0.52559236633842,1.0,1.0,1.0,1.0,6.3338923,0.006720806496779613,0.06748809857182862,0.9257910949313918,10.406079371375014,11.828392923429947,4.862338,0,0,0,0.0,0.0,0.0,far,0.0,0.0,0.0,0.0,0.0,0.0,0.0,0.0,0.0,0.0,1.0,0.0,0.0,0.0,0.0
54979,2,5.0,49.0,165720.0,37400.0,34020.0,190.0,3190.0,680.99445,137090.0,66.658875,63.39557,0.12690079,0.052244898,128326.234,240466.83,1,1.0,0.0,128.32623,4.862338,11.828392923429947,4.1995883,4.149394,0.52559236633842,1.0,1.0,1.0,1.0,6.5235543,0.0050802139037433155,0.08529411764705883,0.9096256684491979,10.434703865949853,23.656785846859893,9.724676,1,1,0,1.0,1.0,0.0,far,0.0,0.0,0.0,0.0,0.0,0.0,0.0,0.0,0.0,0.0,1.0,1.0,0.0,1.0,0.0
54979,3,5.0,49.0,196820.0,51320.0,41420.0,2000.0,7900.0,808.7939,137090.0,61.36185,64.69438,0.13189717,0.17832765,128326.234,240466.83,1,1.0,0.0,128.32623,4.862338,11.828392923429947,4.1167884,4.1696744,0.52559236633842,1.0,1.0,1.0,1.0,6.6955442,0.03897116134060795,0.1539360872954014,0.8070927513639906,10.631519134949576,35.48517877028984,14.587014,1,0,1,1.0,0.0,1.0,far,0.0,0.0,0.0,0.0,0.0,0.0,0.0,0.0,0.0,0.0,1.0,0.0,1.0,0.0,1.0
54994,1,5.0,49.0,345830.0,76860.0,66660.0,310.0,9890.0,758.51556,345830.0,76.0731,67.92432,0.07003441,0.0132764345,142745.62,257320.19,1,1.0,0.0,142.74562,4.968045,12.753702603818212,4.3316946,4.2183943,0.6178869769313049,1.0,1.0,1.0,1.0,6.6313634,0.004033307311995837,0.12867551392141557,0.8672911787665886,11.10736035186173,12.753702603818212,4.968045,0,0,0,0.0,0.0,0.0,far,0.0,0.0,0.0,0.0,0.0,0.0,0.0,0.0,0.0,0.0,1.0,0.0,0.0,0.0,0.0
54994,2,5.0,49.0,360560.0,85420.0,70780.0,450.0,14190.0,790.8232,345830.0,69.716385,67.2309,0.118981585,0.06230126,142745.62,257320.19,1,1.0,0.0,142.74562,4.968045,12.753702603818212,4.2444353,4.208133,0.6178869769313049,1.0,1.0,1.0,1.0,6.6730742,0.005268087099040038,0.1661203465230625,0.8286115663778975,11.167331753899454,25.507405207636424,9.93609,1,1,0,1.0,1.0,0.0,far,0.0,0.0,0.0,0.0,0.0,0.0,0.0,0.0,0.0,0.0,1.0,1.0,0.0,1.0,0.0
54994,3,5.0,49.0,395380.0,107420.0,80860.0,5260.0,21300.0,867.1945,345830.0,63.854168,67.02198,0.115180336,0.19328547,142745.62,257320.19,1,1.0,0.0,142.74562,4.968045,12.753702603818212,4.156602,4.2050204,0.6178869769313049,1.0,1.0,1.0,1.0,6.7652636,0.0489666728728356,0.19828709737479056,0.7527462297523738,11.300474543194762,38.261107811454636,14.904136,1,0,1,1.0,0.0,1.0,far,0.0,0.0,0.0,0.0,0.0,0.0,0.0,0.0,0.0,0.0,1.0,0.0,1.0,0.0,1.0
55202,1,5.0,52.0,178440.0,45870.0,41640.0,260.0,3970.0,942.0833,178440.0,72.72561,65.27676,0.08815288,0.016383676,175272.84,292514.2,1,1.0,0.0,175.27284,5.1720333,12.092007689242202,4.2866936,4.178636,0.6032933327960887,1.0,1.0,1.0,1.0,6.8480935,0.005668192718552431,0.08654894266405058,0.907782864617397,10.636816522728905,12.092007689242202,5.1720333,0,0,0,0.0,0.0,0.0,far,0.0,0.0,0.0,0.0,0.0,0.0,0.0,0.0,0.0,0.0,1.0,0.0,0.0,0.0,0.0
55202,2,5.0,52.0,203770.0,50230.0,43000.0,380.0,6850.0,1075.8143,178440.0,63.329174,62.283787,0.09118123,0.07167158,175272.84,292514.2,1,1.0,0.0,175.27284,5.1720333,12.092007689242202,4.148346,4.131701,0.6032933327960887,1.0,1.0,1.0,1.0,6.980833,0.007565200079633685,0.13637268564602828,0.8560621142743381,10.668955394675699,24.184015378484403,10.344067,1,1,0,1.0,1.0,0.0,far,0.0,0.0,0.0,0.0,0.0,0.0,0.0,0.0,0.0,0.0,1.0,1.0,0.0,1.0,0.0
55202,3,5.0,52.0,226740.0,64740.0,51740.0,2920.0,10080.0,1197.0857,178440.0,59.367054,65.8238,0.08970627,0.20291522,175272.84,292514.2,1,1.0,0.0,175.27284,5.1720333,12.092007689242202,4.0837393,4.1869817,0.6032933327960887,1.0,1.0,1.0,1.0,7.0876455,0.04510349088662342,0.1556997219647822,0.7991967871485943,10.85398645574002,36.276023067726605,15.5161,1,0,1,1.0,0.0,1.0,far,0.0,0.0,0.0,0.0,0.0,0.0,0.0,0.0,0.0,0.0,1.0,0.0,1.0,0.0,1.0
55233,1,5.0,52.0,172840.0,43350.0,38490.0,140.0,4720.0,616.2074,172840.0,93.71566,87.9057,0.10564684,0.027196653,200367.02,318424.75,1,1.0,0.0,200.36702,5.305129,12.060121590045869,4.540265,4.4762645,0.6244324757124626,1.0,1.0,1.0,1.0,6.4235835,0.003229527104959631,0.10888119953863898,0.8878892733564013,10.558153746277792,12.060121590045869,5.305129,0,0,0,0.0,0.0,0.0,far,0.0,0.0,0.0,0.0,0.0,0.0,0.0,0.0,0.0,0.0,1.0,0.0,0.0,0.0,0.0
55233,2,5.0,52.0,206060.0,47660.0,41270.0,230.0,6160.0,734.64294,172840.0,79.65654,80.37047,0.11947976,0.04189636,200367.02,318424.75,1,1.0,0.0,200.36702,5.305129,12.060121590045869,4.377724,4.3866467,0.6244324757124626,1.0,1.0,1.0,1.0,6.599385,0.004825849769198489,0.1292488459924465,0.865925304238355,10.627891122746627,24.120243180091737,10.610258,1,1,0,1.0,1.0,0.0,far,0.0,0.0,0.0,0.0,0.0,0.0,0.0,0.0,0.0,0.0,1.0,1.0,0.0,1.0,0.0
55233,3,5.0,52.0,237520.0,64300.0,51600.0,3580.0,9120.0,846.80383,172840.0,73.123665,82.21123,0.0,0.123071134,200367.02,318424.75,1,1.0,0.0,200.36702,5.305129,12.060121590045869,4.292152,4.4092917,0.6244324757124626,1.0,1.0,1.0,1.0,6.741469,0.05567651632970451,0.14183514774494557,0.80248833592535,10.851276951469654,36.18036477013761,15.915387,1,0,1,1.0,0.0,1.0,far,0.0,0.0,0.0,0.0,0.0,0.0,0.0,0.0,0.0,0.0,1.0,0.0,1.0,0.0,1.0
55239,1,5.0,52.0,188320.0,45960.0,40710.0,160.0,5090.0,801.22534,188320.0,77.72324,70.54163,0.07524426,0.021592822,183425.22,301290.4,1,1.0,0.0,183.42522,5.217244,12.145897922494104,4.353154,4.256203,0.6154847671821332,1.0,1.0,1.0,1.0,6.6861424,0.0034812880765883376,0.11074847693646649,0.8857702349869452,10.614229041497024,12.145897922494104,5.217244,0,0,0,0.0,0.0,0.0,far,0.0,0.0,0.0,0.0,0.0,0.0,0.0,0.0,0.0,0.0,1.0,0.0,0.0,0.0,0.0
55239,2,5.0,52.0,217420.0,51330.0,44170.0,310.0,6850.0,925.03406,188320.0,67.216644,66.54214,0.07621194,0.03384486,183425.22,301290.4,1,1.0,0.0,183.42522,5.217244,12.145897922494104,4.207921,4.1978354,0.6154847671821332,1.0,1.0,1.0,1.0,6.8298306,0.006039353204753555,0.13345022404052212,0.8605104227547243,10.695801104590572,24.291795844988208,10.434488,1,1,0,1.0,1.0,0.0,far,0.0,0.0,0.0,0.0,0.0,0.0,0.0,0.0,0.0,0.0,1.0,1.0,0.0,1.0,0.0
55239,3,5.0,52.0,240340.0,69840.0,54960.0,3680.0,11200.0,1022.5494,188320.0,62.642437,69.70902,0.08113506,0.15789473,183425.22,301290.4,1,1.0,0.0,183.42522,5.217244,12.145897922494104,4.137443,4.24433,0.6154847671821332,1.0,1.0,1.0,1.0,6.930054,0.052691867124856816,0.16036655211912945,0.7869415807560137,10.914360926896231,36.437693767482315,15.651732,1,0,1,1.0,0.0,1.0,far,0.0,0.0,0.0,0.0,0.0,0.0,0.0,0.0,0.0,0.0,1.0,0.0,1.0,0.0,1.0
55255,1,5.0,52.0,262350.0,63740.0,50820.0,570.0,12350.0,1021.85095,262350.0,71.13727,63.28986,0.18334286,0.09324886,166822.83,283527.34,1,1.0,0.0,166.82283,5.1229086,12.477434769114858,4.2646112,4.147725,0.6241185781105478,1.0,1.0,1.0,1.0,6.929371,0.008942579228114214,0.19375588327580798,0.7973015374960778,10.836045256874154,12.477434769114858,5.1229086,0,0,0,0.0,0.0,0.0,far,0.0,0.0,0.0,0.0,0.0,0.0,0.0,0.0,0.0,0.0,1.0,0.0,0.0,0.0,0.0
55255,2,5.0,52.0,288650.0,65590.0,51410.0,730.0,13450.0,1124.2892,262350.0,62.9344,61.348896,0.19875282,0.15386936,166822.83,283527.34,1,1.0,0.0,166.82283,5.1229086,12.477434769114858,4.1420927,4.116577,0.6241185781105478,1.0,1.0,1.0,1.0,7.024906,0.011129745388016466,0.20506174721756365,0.7838085073944199,10.84758798504955,24.954869538229715,10.245817,1,1,0,1.0,1.0,0.0,far,0.0,0.0,0.0,0.0,0.0,0.0,0.0,0.0,0.0,0.0,1.0,1.0,0.0,1.0,0.0
55255,3,5.0,52.0,332840.0,100040.0,60740.0,5080.0,34220.0,1296.4088,262350.0,58.83568,64.234215,0.18585506,0.31153184,166822.83,283527.34,1,1.0,0.0,166.82283,5.1229086,12.477434769114858,4.0747485,4.162536,0.6241185781105478,1.0,1.0,1.0,1.0,7.167353,0.0507796881247501,0.34206317473010794,0.607157137145142,11.01435773859974,37.43230430734457,15.368726,1,0,1,1.0,0.0,1.0,far,0.0,0.0,0.0,0.0,0.0,0.0,0.0,0.0,0.0,0.0,1.0,0.0,1.0,0.0,1.0
55270,1,5.0,52.0,156460.0,41430.0,37180.0,60.0,4190.0,599.4636,156460.0,94.273285,89.71649,0.06416976,0.039895356,228079.0,346218.94,1,1.0,0.0,228.079,5.434067,11.960555665239072,4.546198,4.4966545,0.639366974914507,1.0,1.0,1.0,1.0,6.396035,0.001448225923244026,0.10113444363987449,0.8974173304368814,10.523526261275435,11.960555665239072,5.434067,0,0,0,0.0,0.0,0.0,far,0.0,0.0,0.0,0.0,0.0,0.0,0.0,0.0,0.0,0.0,1.0,0.0,0.0,0.0,0.0
55270,2,5.0,52.0,196040.0,47280.0,40790.0,190.0,6300.0,751.1111,156460.0,76.82672,77.74979,0.12987146,0.056542058,228079.0,346218.94,1,1.0,0.0,228.079,5.434067,11.960555665239072,4.3415527,4.3534956,0.639366974914507,1.0,1.0,1.0,1.0,6.6215534,0.004018612521150592,0.13324873096446702,0.8627326565143824,10.616192232311604,23.921111330478144,10.868134,1,1,0,1.0,1.0,0.0,far,0.0,0.0,0.0,0.0,0.0,0.0,0.0,0.0,0.0,0.0,1.0,1.0,0.0,1.0,0.0
55270,3,5.0,52.0,216400.0,62700.0,43740.0,2000.0,16960.0,829.1188,156460.0,70.80855,80.323975,0.1378928,0.19407345,228079.0,346218.94,1,1.0,0.0,228.079,5.434067,11.960555665239072,4.2599797,4.3860683,0.639366974914507,1.0,1.0,1.0,1.0,6.7203636,0.03189792663476874,0.2704944178628389,0.6976076555023923,10.68601829423076,35.88166699571722,16.3022,1,0,1,1.0,0.0,1.0,far,0.0,0.0,0.0,0.0,0.0,0.0,0.0,0.0,0.0,0.0,1.0,0.0,1.0,0.0,1.0
56403,1,5.0,64.0,168480.0,43970.0,37740.0,960.0,5270.0,682.8794,168480.0,48.084015,48.29932,0.06220323,0.030214425,83070.84,183821.64,1,1.0,0.0,83.07085,4.4316597,12.034572327367803,3.8729498,3.8774176,0.46185426527657003,1.0,1.0,1.0,1.0,6.526318,0.02183306800090971,0.11985444621332726,0.858312485785763,10.53847581892254,12.034572327367803,4.4316597,0,0,0,0.0,0.0,0.0,near,1.0,0.0,0.0,0.0,0.0,0.0,0.0,0.0,0.0,0.0,0.0,0.0,0.0,0.0,0.0
56403,2,5.0,64.0,180660.0,46920.0,39340.0,720.0,6860.0,732.2471,168480.0,38.40964,34.453114,0.06631241,0.1729927,83070.84,183821.64,1,1.0,0.0,83.07085,4.4316597,12.034572327367803,3.6483085,3.5395994,0.46185426527657003,1.0,1.0,1.0,1.0,6.596118,0.015345268542199489,0.14620630861040068,0.8384484228473998,10.57999709194305,24.069144654735606,8.863319,1,1,0,1.0,1.0,0.0,near,1.0,1.0,0.0,1.0,0.0,0.0,0.0,0.0,0.0,0.0,0.0,0.0,0.0,0.0,0.0
56403,3,5.0,64.0,191300.0,60340.0,44700.0,1080.0,14560.0,775.37286,168480.0,37.707054,43.034176,0.07046524,0.43730754,83070.84,183821.64,1,1.0,0.0,83.07085,4.4316597,12.034572327367803,3.6298473,3.7619946,0.46185426527657003,1.0,1.0,1.0,1.0,6.653344,0.017898574743122307,0.24129930394431554,0.7408021213125622,10.707728780601661,36.10371698210341,13.294979,1,0,1,1.0,0.0,1.0,near,1.0,0.0,1.0,0.0,1.0,0.0,0.0,0.0,0.0,0.0,0.0,0.0,0.0,0.0,0.0
56406,1,5.0,64.0,177080.0,49350.0,41980.0,950.0,6420.0,803.15674,177080.0,47.352932,47.64267,0.033261802,0.021939328,104871.37,215848.44,1,1.0,0.0,104.87137,4.662225,12.084356886846077,3.8576288,3.8637288,0.5088961715157102,1.0,1.0,1.0,1.0,6.68855,0.019250253292806486,0.13009118541033435,0.8506585612968591,10.644948593374624,12.084356886846077,4.662225,0,0,0,0.0,0.0,0.0,mid,0.0,0.0,0.0,0.0,0.0,1.0,0.0,0.0,0.0,0.0,0.0,0.0,0.0,0.0,0.0
56406,2,5.0,64.0,185500.0,50540.0,40860.0,1140.0,8540.0,841.3462,177080.0,36.00423,33.32109,0.0341779,0.103027664,104871.37,215848.44,1,1.0,0.0,104.87137,4.662225,12.084356886846077,3.5836365,3.5061905,0.5088961715157102,1.0,1.0,1.0,1.0,6.7350035,0.022556390977443608,0.16897506925207756,0.8084685397704788,10.617906868371612,24.168713773692154,9.32445,1,1,0,1.0,1.0,0.0,mid,0.0,0.0,0.0,0.0,0.0,1.0,1.0,0.0,1.0,0.0,0.0,0.0,0.0,0.0,0.0
56406,3,5.0,64.0,201400.0,63580.0,45880.0,2280.0,15420.0,913.46155,177080.0,35.996155,41.994987,0.029890765,0.2972973,104871.37,215848.44,1,1.0,0.0,104.87137,4.662225,12.084356886846077,3.5834122,3.7375503,0.5088961715157102,1.0,1.0,1.0,1.0,6.817241,0.03586033343818811,0.24252909720037746,0.7216105693614344,10.733784571243307,36.25307066053823,13.986674,1,0,1,1.0,0.0,1.0,mid,0.0,0.0,0.0,0.0,0.0,1.0,0.0,1.0,0.0,1.0,0.0,0.0,0.0,0.0,0.0
56428,1,5.0,64.0,150190.0,43930.0,39970.0,670.0,3290.0,478.44922,150190.0,51.890835,49.405148,0.0342899,0.02787919,125425.516,237473.03,1,1.0,0.0,125.425514,4.8396535,11.919656438199626,3.9491422,3.9000547,0.5287183269958137,1.0,1.0,1.0,1.0,6.17055,0.015251536535397223,0.07489187343501025,0.9098565900295925,10.59588445170537,11.919656438199626,4.8396535,0,0,0,0.0,0.0,0.0,mid,0.0,0.0,0.0,0.0,0.0,1.0,0.0,0.0,0.0,0.0,0.0,0.0,0.0,0.0,0.0
56428,2,5.0,64.0,168340.0,47090.0,42130.0,420.0,4540.0,536.2684,150190.0,40.18185,37.963543,0.03985981,0.07248157,125425.516,237473.03,1,1.0,0.0,125.425514,4.8396535,11.919656438199626,3.6934154,3.6366262,0.5287183269958137,1.0,1.0,1.0,1.0,6.2846346,0.00891909110214483,0.09641112762794649,0.8946697812699087,10.648515354973062,23.83931287639925,9.679307,1,1,0,1.0,1.0,0.0,mid,0.0,0.0,0.0,0.0,0.0,1.0,1.0,0.0,1.0,0.0,0.0,0.0,0.0,0.0,0.0
56428,3,5.0,64.0,184820.0,59520.0,50480.0,1360.0,7680.0,588.76746,150190.0,39.680492,46.372105,0.09154853,0.28181076,125425.516,237473.03,1,1.0,0.0,125.425514,4.8396535,11.919656438199626,3.6808598,3.836698,0.5287183269958137,1.0,1.0,1.0,1.0,6.3780313,0.0228494623655914,0.12903225806451613,0.8481182795698925,10.829332497215095,35.75896931459888,14.518961,1,0,1,1.0,0.0,1.0,mid,0.0,0.0,0.0,0.0,0.0,1.0,0.0,1.0,0.0,1.0,0.0,0.0,0.0,0.0,0.0
56447,1,5.0,64.0,331250.0,83390.0,71930.0,1000.0,10460.0,816.06757,331250.0,46.596615,47.553524,0.027713208,0.033814784,114062.56,213428.27,1,1.0,0.0,114.06256,4.745476,12.71062865628257,3.841528,3.861856,0.5745079175192805,1.0,1.0,1.0,1.0,6.7044973,0.01199184554502938,0.12543470440100732,0.8625734500539634,11.183448702861401,12.71062865628257,4.745476,0,0,0,0.0,0.0,0.0,mid,0.0,0.0,0.0,0.0,0.0,1.0,0.0,0.0,0.0,0.0,0.0,0.0,0.0,0.0,0.0
56447,2,5.0,64.0,351130.0,93650.0,80920.0,910.0,11820.0,865.04395,331250.0,35.307957,32.587776,0.03354883,0.16325323,114062.56,213428.27,1,1.0,0.0,114.06256,4.745476,12.71062865628257,3.5641084,3.4839373,0.5745079175192805,1.0,1.0,1.0,1.0,6.76278,0.009717031500266952,0.12621462893753338,0.8640683395621996,11.301216291281682,25.42125731256514,9.490952,1,1,0,1.0,1.0,0.0,mid,0.0,0.0,0.0,0.0,0.0,1.0,1.0,0.0,1.0,0.0,0.0,0.0,0.0,0.0,0.0
56447,3,5.0,64.0,362020.0,109900.0,91820.0,3900.0,14180.0,891.87256,331250.0,35.3821,41.29214,0.031710956,0.32558617,114062.56,213428.27,1,1.0,0.0,114.06256,4.745476,12.71062865628257,3.566206,3.7206721,0.5745079175192805,1.0,1.0,1.0,1.0,6.793323,0.03548680618744313,0.12902638762511373,0.8354868061874431,11.427585417803213,38.13188596884771,14.236427,1,0,1,1.0,0.0,1.0,mid,0.0,0.0,0.0,0.0,0.0,1.0,0.0,1.0,0.0,1.0,0.0,0.0,0.0,0.0,0.0
56450,1,5.0,64.0,232130.0,67180.0,59600.0,700.0,6880.0,596.9501,232130.0,46.596615,47.553524,0.036402017,0.04416471,117238.445,223530.31,1,1.0,0.0,117.23845,4.772703,12.355052838541493,3.841528,3.861856,0.5512408706723008,1.0,1.0,1.0,1.0,6.3918333,0.010419767788032152,0.10241143197380173,0.8871688002381661,10.995410853053441,12.355052838541493,4.772703,0,0,0,0.0,0.0,0.0,mid,0.0,0.0,0.0,0.0,0.0,1.0,0.0,0.0,0.0,0.0,0.0,0.0,0.0,0.0,0.0
56450,2,5.0,64.0,268170.0,74060.0,63840.0,840.0,9380.0,689.6312,232130.0,35.307957,32.587776,0.04236119,0.21845907,117238.445,223530.31,1,1.0,0.0,117.23845,4.772703,12.355052838541493,3.5641084,3.4839373,0.5512408706723008,1.0,1.0,1.0,1.0,6.536157,0.011342155009451797,0.1266540642722117,0.8620037807183365,11.064135232123691,24.710105677082986,9.545406,1,1,0,1.0,1.0,0.0,mid,0.0,0.0,0.0,0.0,0.0,1.0,1.0,0.0,1.0,0.0,0.0,0.0,0.0,0.0,0.0
56450,3,5.0,64.0,289380.0,96460.0,75540.0,4860.0,16060.0,744.1753,232130.0,35.3821,41.29214,0.053286336,0.3892247,117238.445,223530.31,1,1.0,0.0,117.23845,4.772703,12.355052838541493,3.566206,3.7206721,0.5512408706723008,1.0,1.0,1.0,1.0,6.6122766,0.05038357868546548,0.16649388347501556,0.783122537839519,11.232417596266448,37.065158515624475,14.3181095,1,0,1,1.0,0.0,1.0,mid,0.0,0.0,0.0,0.0,0.0,1.0,0.0,1.0,0.0,1.0,0.0,0.0,0.0,0.0,0.0
56460,1,5.0,64.0,327210.0,77790.0,49350.0,2470.0,25970.0,1159.949,327210.0,46.596615,47.553524,0.30735612,0.15595296,99413.83,205243.8,1,1.0,0.0,99.413826,4.6093,12.698357445590899,3.841528,3.861856,0.5484705104242819,1.0,1.0,1.0,1.0,7.0561314,0.03175215323306337,0.3338475382439902,0.6344003085229464,10.806693044861628,12.698357445590899,4.6093,0,0,0,0.0,0.0,0.0,mid,0.0,0.0,0.0,0.0,0.0,1.0,0.0,0.0,0.0,0.0,0.0,0.0,0.0,0.0,0.0
56460,2,5.0,64.0,357010.0,83470.0,50880.0,4400.0,28190.0,1265.589,327210.0,35.307957,32.587776,0.34693706,0.34649017,99413.83,205243.8,1,1.0,0.0,99.413826,4.6093,12.698357445590899,3.5641084,3.4839373,0.5484705104242819,1.0,1.0,1.0,1.0,7.143293,0.05271354977836348,0.33772612914819694,0.6095603210734396,10.837225198014004,25.396714891181798,9.2186,1,1,0,1.0,1.0,0.0,mid,0.0,0.0,0.0,0.0,0.0,1.0,1.0,0.0,1.0,0.0,0.0,0.0,0.0,0.0,0.0
56460,3,5.0,64.0,405760.0,129620.0,54500.0,15660.0,59460.0,1438.4062,327210.0,35.3821,41.29214,0.3744085,0.6539996,99413.83,205243.8,1,1.0,0.0,99.413826,4.6093,12.698357445590899,3.566206,3.7206721,0.5484705104242819,1.0,1.0,1.0,1.0,7.2712913,0.12081468909118963,0.45872550532325257,0.4204598055855578,10.905955980651335,38.095072336772695,13.8279,1,0,1,1.0,0.0,1.0,mid,0.0,0.0,0.0,0.0,0.0,1.0,0.0,1.0,0.0,1.0,0.0,0.0,0.0,0.0,0.0
56469,1,5.0,64.0,193190.0,52490.0,47870.0,510.0,4110.0,434.89713,193190.0,46.322697,47.590393,0.020083856,0.04049587,132429.33,231667.94,1,1.0,0.0,132.42932,4.893572,12.1714294395866,3.835632,3.8626308,0.5588989421632902,1.0,1.0,1.0,1.0,6.0751095,0.009716136406934655,0.07830062869117928,0.911983234901886,10.776244282386555,12.1714294395866,4.893572,0,0,0,0.0,0.0,0.0,far,0.0,0.0,0.0,0.0,0.0,0.0,0.0,0.0,0.0,0.0,1.0,0.0,0.0,0.0,0.0
56469,2,5.0,64.0,228550.0,57100.0,51450.0,410.0,5240.0,514.4973,193190.0,34.20312,32.1003,0.024764821,0.22548231,132429.33,231667.94,1,1.0,0.0,132.42932,4.893572,12.1714294395866,3.532317,3.4688654,0.5588989421632902,1.0,1.0,1.0,1.0,6.2431903,0.007180385288966725,0.09176882661996498,0.9010507880910683,10.848365741262196,24.3428588791732,9.787144,1,1,0,1.0,1.0,0.0,far,0.0,0.0,0.0,0.0,0.0,0.0,0.0,0.0,0.0,0.0,1.0,1.0,0.0,1.0,0.0
56469,3,5.0,64.0,248300.0,79420.0,63540.0,1540.0,14340.0,558.9573,193190.0,34.572502,40.64689,0.025050342,0.33950815,132429.33,231667.94,1,1.0,0.0,132.42932,4.893572,12.1714294395866,3.5430586,3.7049222,0.5588989421632902,1.0,1.0,1.0,1.0,6.326073,0.019390581717451522,0.1805590531352304,0.8000503651473181,11.059424907823507,36.514288318759796,14.680716,1,0,1,1.0,0.0,1.0,far,0.0,0.0,0.0,0.0,0.0,0.0,0.0,0.0,0.0,0.0,1.0,0.0,1.0,0.0,1.0
56475,1,5.0,64.0,198120.0,52290.0,46180.0,760.0,5350.0,531.1101,198120.0,51.890835,49.405148,0.045679387,0.021708878,130740.164,239905.03,1,1.0,0.0,130.74016,4.8808317,12.196628186702174,3.9491422,3.9000547,0.5585588306819221,1.0,1.0,1.0,1.0,6.2749696,0.014534327787339835,0.10231401797666857,0.8831516542359916,10.740302082908487,12.196628186702174,4.8808317,0,0,0,0.0,0.0,0.0,far,0.0,0.0,0.0,0.0,0.0,0.0,0.0,0.0,0.0,0.0,1.0,0.0,0.0,0.0,0.0
56475,2,5.0,64.0,209490.0,58530.0,51160.0,720.0,6650.0,561.5902,198120.0,40.18185,37.963543,0.08124493,0.09152196,130740.164,239905.03,1,1.0,0.0,130.74016,4.8808317,12.196628186702174,3.6934154,3.6366262,0.5585588306819221,1.0,1.0,1.0,1.0,6.3307724,0.01230138390568939,0.11361694857338117,0.8740816675209294,10.842713255692779,24.39325637340435,9.761663,1,1,0,1.0,1.0,0.0,far,0.0,0.0,0.0,0.0,0.0,0.0,0.0,0.0,0.0,0.0,1.0,1.0,0.0,1.0,0.0
56475,3,5.0,64.0,230920.0,75300.0,59260.0,2080.0,13960.0,619.0387,198120.0,39.680492,46.372105,0.09856227,0.3643048,130740.164,239905.03,1,1.0,0.0,130.74016,4.8808317,12.196628186702174,3.6808598,3.836698,0.5585588306819221,1.0,1.0,1.0,1.0,6.428168,0.027622841965471448,0.1853917662682603,0.7869853917662682,10.989689821127556,36.589884560106526,14.642495,1,0,1,1.0,0.0,1.0,far,0.0,0.0,0.0,0.0,0.0,0.0,0.0,0.0,0.0,0.0,1.0,0.0,1.0,0.0,1.0
56479,1,5.0,64.0,97930.0,23500.0,20410.0,140.0,2950.0,379.75027,97930.0,48.23036,48.032005,0.08138466,0.0,142742.55,246433.4,1,1.0,0.0,142.74255,4.968024,11.49200821671484,3.8759887,3.8718677,0.5181764226907469,1.0,1.0,1.0,1.0,5.939514,0.005957446808510639,0.125531914893617,0.8685106382978723,9.92378025580389,11.49200821671484,4.968024,0,0,0,0.0,0.0,0.0,far,0.0,0.0,0.0,0.0,0.0,0.0,0.0,0.0,0.0,0.0,1.0,0.0,0.0,0.0,0.0
56479,2,5.0,64.0,122180.0,29290.0,26980.0,80.0,2230.0,473.78625,97930.0,35.62955,33.773552,0.08389262,0.12470024,142742.55,246433.4,1,1.0,0.0,142.74255,4.968024,11.49200821671484,3.5731754,3.519678,0.5181764226907469,1.0,1.0,1.0,1.0,6.160756,0.0027313076135199728,0.07613519972686923,0.9211334926596108,10.202851129761747,22.98401643342968,9.936048,1,1,0,1.0,1.0,0.0,far,0.0,0.0,0.0,0.0,0.0,0.0,0.0,0.0,0.0,0.0,1.0,1.0,0.0,1.0,0.0
56479,3,5.0,64.0,130360.0,40580.0,32980.0,1980.0,5620.0,505.50644,97930.0,35.857693,42.222893,0.08729672,0.3323371,142742.55,246433.4,1,1.0,0.0,142.74255,4.968024,11.49200821671484,3.5795581,3.7429626,0.5181764226907469,1.0,1.0,1.0,1.0,6.2255607,0.04879250862493839,0.1384918679152292,0.8127156234598324,10.40365659611359,34.476024650144524,14.904072,1,0,1,1.0,0.0,1.0,far,0.0,0.0,0.0,0.0,0.0,0.0,0.0,0.0,0.0,0.0,1.0,0.0,1.0,0.0,1.0
56485,1,5.0,64.0,156670.0,40680.0,34520.0,1180.0,4980.0,597.2021,156670.0,48.91035,48.814934,0.03044616,0.022773623,83080.08,188437.88,1,1.0,0.0,83.08008,4.43177,11.961896961387533,3.889989,3.8880363,0.45604140041682634,1.0,1.0,1.0,1.0,6.392256,0.029006882989183875,0.1224188790560472,0.8485742379547689,10.449294145197364,11.961896961387533,4.43177,0,0,0,0.0,0.0,0.0,near,1.0,0.0,0.0,0.0,0.0,0.0,0.0,0.0,0.0,0.0,0.0,0.0,0.0,0.0,0.0
56485,2,5.0,64.0,179590.0,48150.0,40480.0,540.0,7130.0,684.56964,156670.0,40.132797,35.667427,0.032295786,0.27441162,83080.08,188437.88,1,1.0,0.0,83.08008,4.43177,11.961896961387533,3.692194,3.5742378,0.45604140041682634,1.0,1.0,1.0,1.0,6.5287905,0.011214953271028037,0.14807892004153686,0.840706126687435,10.608563303961347,23.923793922775065,8.86354,1,1,0,1.0,1.0,0.0,near,1.0,1.0,0.0,1.0,0.0,0.0,0.0,0.0,0.0,0.0,0.0,0.0,0.0,0.0,0.0
56485,3,5.0,64.0,186840.0,56880.0,44680.0,2320.0,9880.0,712.20557,156670.0,38.998695,44.040337,0.034575038,0.52979845,83080.08,188437.88,1,1.0,0.0,83.08008,4.43177,11.961896961387533,3.6635282,3.785106,0.45604140041682634,1.0,1.0,1.0,1.0,6.5683665,0.040787623066104076,0.17369901547116737,0.7855133614627285,10.707281253183137,35.8856908841626,13.295309,1,0,1,1.0,0.0,1.0,near,1.0,0.0,1.0,0.0,1.0,0.0,0.0,0.0,0.0,0.0,0.0,0.0,0.0,0.0,0.0
56486,1,5.0,64.0,116700.0,28290.0,25950.0,100.0,2240.0,485.40054,116700.0,50.8978,49.55956,0.053384747,0.018971542,148810.0,255802.5,1,1.0,0.0,148.81,5.009368,11.667361818274648,3.9298198,3.903175,0.5399967690195375,1.0,1.0,1.0,1.0,6.1849747,0.003534817956875221,0.07917992223400495,0.9172852598091198,10.163926888594034,11.667361818274648,5.009368,0,0,0,0.0,0.0,0.0,far,0.0,0.0,0.0,0.0,0.0,0.0,0.0,0.0,0.0,0.0,1.0,0.0,0.0,0.0,0.0
56486,2,5.0,64.0,143850.0,33560.0,29440.0,140.0,3980.0,598.32794,116700.0,37.3915,36.092636,0.07674661,0.07934858,148810.0,255802.5,1,1.0,0.0,148.81,5.009368,11.667361818274648,3.6214433,3.586089,0.5399967690195375,1.0,1.0,1.0,1.0,6.394139,0.004171632896305125,0.11859356376638856,0.8772348033373063,10.290109572842812,23.334723636549295,10.018736,1,1,0,1.0,1.0,0.0,far,0.0,0.0,0.0,0.0,0.0,0.0,0.0,0.0,0.0,0.0,1.0,1.0,0.0,1.0,0.0
56486,3,5.0,64.0,161060.0,47760.0,40000.0,1600.0,6160.0,669.911,116700.0,37.44517,44.365887,0.07698994,0.27403846,148810.0,255802.5,1,1.0,0.0,148.81,5.009368,11.667361818274648,3.6228778,3.792471,0.5399967690195375,1.0,1.0,1.0,1.0,6.507145,0.03350083752093802,0.12897822445561138,0.8375209380234506,10.596634733096073,35.00208545482394,15.028104,1,0,1,1.0,0.0,1.0,far,0.0,0.0,0.0,0.0,0.0,0.0,0.0,0.0,0.0,0.0,1.0,0.0,1.0,0.0,1.0
56909,1,5.0,69.0,106080.0,24830.0,21210.0,280.0,3340.0,765.5889,106080.0,44.9675,46.827827,0.07145551,0.14194812,84435.52,164473.31,1,1.0,0.0,84.435524,4.447762,11.571948805419689,3.80594,3.8464775,0.42791037752199995,1.0,1.0,1.0,1.0,6.6406455,0.011276681433749497,0.13451469995972615,0.8542086186065244,9.962228047558728,11.571948805419689,4.447762,0,0,0,0.0,0.0,0.0,mid,0.0,0.0,0.0,0.0,0.0,1.0,0.0,0.0,0.0,0.0,0.0,0.0,0.0,0.0,0.0
56909,2,5.0,69.0,118300.0,29370.0,24330.0,380.0,4660.0,853.7818,106080.0,35.4117,31.562489,0.06813187,0.30481482,84435.52,164473.31,1,1.0,0.0,84.435524,4.447762,11.571948805419689,3.5670424,3.4519694,0.42791037752199995,1.0,1.0,1.0,1.0,6.7496758,0.012938372488934287,0.15866530473272047,0.8283963227783453,10.099465435777569,23.143897610839378,8.895524,1,1,0,1.0,1.0,0.0,mid,0.0,0.0,0.0,0.0,0.0,1.0,1.0,0.0,1.0,0.0,0.0,0.0,0.0,0.0,0.0
56909,3,5.0,69.0,131420.0,40800.0,27400.0,1680.0,11720.0,948.47,106080.0,35.10748,39.849865,0.07426571,0.534413,84435.52,164473.31,1,1.0,0.0,84.435524,4.447762,11.571948805419689,3.5584142,3.685119,0.42791037752199995,1.0,1.0,1.0,1.0,6.8548503,0.041176470588235294,0.2872549019607843,0.6715686274509803,10.218298292376161,34.71584641625907,13.3432865,1,0,1,1.0,0.0,1.0,mid,0.0,0.0,0.0,0.0,0.0,1.0,0.0,1.0,0.0,1.0,0.0,0.0,0.0,0.0,0.0
56915,1,5.0,69.0,230200.0,55230.0,48320.0,630.0,6280.0,581.8862,230200.0,47.97505,47.384396,0.07202432,0.10197609,67444.59,146460.1,1,1.0,0.0,67.444595,4.2260246,12.34670377526992,3.870681,3.858293,0.44874988094969787,1.0,1.0,1.0,1.0,6.366275,0.011406844106463879,0.11370631902951295,0.8748868368640231,10.785600832608697,12.34670377526992,4.2260246,0,0,0,0.0,0.0,0.0,near,1.0,0.0,0.0,0.0,0.0,0.0,0.0,0.0,0.0,0.0,0.0,0.0,0.0,0.0,0.0
56915,2,5.0,69.0,244980.0,65410.0,54380.0,940.0,10090.0,619.2463,230200.0,40.973366,35.478764,0.07429178,0.22228202,67444.59,146460.1,1,1.0,0.0,67.444595,4.2260246,12.34670377526992,3.7129223,3.5689342,0.44874988094969787,1.0,1.0,1.0,1.0,6.428503,0.014370891301024308,0.15425775875248432,0.8313713499464913,10.903751718186461,24.69340755053984,8.452049,1,1,0,1.0,1.0,0.0,near,1.0,1.0,0.0,1.0,0.0,0.0,0.0,0.0,0.0,0.0,0.0,0.0,0.0,0.0,0.0
56915,3,5.0,69.0,278460.0,82440.0,62860.0,3740.0,15840.0,703.87506,230200.0,39.0086,42.774143,0.14106156,0.44637764,67444.59,146460.1,1,1.0,0.0,67.444595,4.2260246,12.34670377526992,3.6637821,3.7559338,0.44874988094969787,1.0,1.0,1.0,1.0,6.556601,0.04536632702571567,0.19213973799126638,0.762493934983018,11.04866531035156,37.04011132580976,12.678074,1,0,1,1.0,0.0,1.0,near,1.0,0.0,1.0,0.0,1.0,0.0,0.0,0.0,0.0,0.0,0.0,0.0,0.0,0.0,0.0
56941,1,5.0,69.0,173020.0,44240.0,35180.0,1720.0,7340.0,831.8269,173020.0,47.97505,47.384396,0.2282395,0.11543098,57814.32,148895.22,1,1.0,0.0,57.81432,4.074385,12.061162473734365,3.870681,3.858293,0.39857845024399086,1.0,1.0,1.0,1.0,6.723624,0.03887884267631103,0.1659132007233273,0.7952079566003617,10.46823301829155,12.061162473734365,4.074385,0,0,0,0.0,0.0,0.0,near,1.0,0.0,0.0,0.0,0.0,0.0,0.0,0.0,0.0,0.0,0.0,0.0,0.0,0.0,0.0
56941,2,5.0,69.0,193960.0,50320.0,41580.0,930.0,7810.0,932.5,173020.0,40.973366,35.478764,0.15121675,0.22425984,57814.32,148895.22,1,1.0,0.0,57.81432,4.074385,12.061162473734365,3.7129223,3.5689342,0.39857845024399086,1.0,1.0,1.0,1.0,6.837869,0.018481717011128777,0.1552066772655008,0.8263116057233705,10.635374561412004,24.12232494746873,8.14877,1,1,0,1.0,1.0,0.0,near,1.0,1.0,0.0,1.0,0.0,0.0,0.0,0.0,0.0,0.0,0.0,0.0,0.0,0.0,0.0
56941,3,5.0,69.0,212360.0,63000.0,47120.0,3000.0,12880.0,1020.96155,173020.0,39.0086,42.774143,0.14710869,0.50363636,57814.32,148895.22,1,1.0,0.0,57.81432,4.074385,12.061162473734365,3.6637821,3.7559338,0.39857845024399086,1.0,1.0,1.0,1.0,6.9285,0.047619047619047616,0.20444444444444446,0.7479365079365079,10.760452818325469,36.1834874212031,12.223156,1,0,1,1.0,0.0,1.0,near,1.0,0.0,1.0,0.0,1.0,0.0,0.0,0.0,0.0,0.0,0.0,0.0,0.0,0.0,0.0
56944,1,5.0,69.0,218310.0,52400.0,40470.0,1970.0,9960.0,935.30695,218310.0,44.557377,46.785736,0.07072511,0.12032153,86356.23,156065.08,1,1.0,0.0,86.356224,4.469994,12.293671350009241,3.7967777,3.8455784,0.4898843591179216,1.0,1.0,1.0,1.0,6.8408747,0.03759541984732825,0.1900763358778626,0.7723282442748092,10.60831623786991,12.293671350009241,4.469994,0,0,0,0.0,0.0,0.0,mid,0.0,0.0,0.0,0.0,0.0,1.0,0.0,0.0,0.0,0.0,0.0,0.0,0.0,0.0,0.0
56944,2,5.0,69.0,240720.0,60450.0,47330.0,1270.0,11850.0,1031.3182,218310.0,34.65329,31.166237,0.10975407,0.26294744,86356.23,156065.08,1,1.0,0.0,86.356224,4.469994,12.293671350009241,3.5453928,3.4393353,0.4898843591179216,1.0,1.0,1.0,1.0,6.938593,0.021009098428453266,0.19602977667493796,0.7829611248966087,10.764899622900293,24.587342700018482,8.939988,1,1,0,1.0,1.0,0.0,mid,0.0,0.0,0.0,0.0,0.0,1.0,1.0,0.0,1.0,0.0,0.0,0.0,0.0,0.0,0.0
56944,3,5.0,69.0,274700.0,82160.0,56820.0,4080.0,21260.0,1176.899,218310.0,34.57551,39.47563,0.07666545,0.4989461,86356.23,156065.08,1,1.0,0.0,86.356224,4.469994,12.293671350009241,3.5431457,3.6756835,0.4898843591179216,1.0,1.0,1.0,1.0,7.070638,0.04965920155793573,0.25876338851022396,0.6915774099318404,10.947643655408179,36.88101405002772,13.409983,1,0,1,1.0,0.0,1.0,mid,0.0,0.0,0.0,0.0,0.0,1.0,0.0,1.0,0.0,1.0,0.0,0.0,0.0,0.0,0.0
56963,1,5.0,69.0,368480.0,86090.0,65050.0,2070.0,18970.0,922.16833,368480.0,46.182507,47.10532,0.1840534,0.19286755,80351.66,170825.53,1,1.0,0.0,80.351654,4.3987813,12.817141715054513,3.832601,3.852386,0.5188661151732874,1.0,1.0,1.0,1.0,6.826728,0.02404460448367987,0.22035079567894064,0.7556045998373795,11.082911483940652,12.817141715054513,4.3987813,0,0,0,0.0,0.0,0.0,near,1.0,0.0,0.0,0.0,0.0,0.0,0.0,0.0,0.0,0.0,0.0,0.0,0.0,0.0,0.0
56963,2,5.0,69.0,401070.0,95160.0,71270.0,1480.0,22410.0,1003.72894,368480.0,36.818314,32.669582,0.21991174,0.32185963,80351.66,170825.53,1,1.0,0.0,80.351654,4.3987813,12.817141715054513,3.6059954,3.4864445,0.5188661151732874,1.0,1.0,1.0,1.0,6.911477,0.015552753257671291,0.23549810844892813,0.7489491382934006,11.174230760495917,25.634283430109026,8.797563,1,1,0,1.0,1.0,0.0,near,1.0,1.0,0.0,1.0,0.0,0.0,0.0,0.0,0.0,0.0,0.0,0.0,0.0,0.0,0.0
56963,3,5.0,69.0,443320.0,136280.0,77080.0,9420.0,49780.0,1109.465,368480.0,36.214706,40.974445,0.20427682,0.57125133,80351.66,170825.53,1,1.0,0.0,80.351654,4.3987813,12.817141715054513,3.5894654,3.7129486,0.5188661151732874,1.0,1.0,1.0,1.0,7.0116334,0.06912239506897563,0.36527737012034045,0.5656002348106839,11.252599122528302,38.45142514516354,13.196344,1,0,1,1.0,0.0,1.0,near,1.0,0.0,1.0,0.0,1.0,0.0,0.0,0.0,0.0,0.0,0.0,0.0,0.0,0.0,0.0
56991,1,5.0,69.0,291470.0,73940.0,64940.0,790.0,8210.0,542.896,291470.0,48.963276,48.489334,0.04528768,0.1109434,61150.67,162447.81,1,1.0,0.0,61.150673,4.1295614,12.582692363524501,3.8910706,3.8813438,0.44978010451331,1.0,1.0,1.0,1.0,6.296918,0.010684338652961861,0.11103597511495808,0.8782796862320801,11.081219045656837,12.582692363524501,4.1295614,0,0,0,0.0,0.0,0.0,near,1.0,0.0,0.0,0.0,0.0,0.0,0.0,0.0,0.0,0.0,0.0,0.0,0.0,0.0,0.0
56991,2,5.0,69.0,320250.0,86330.0,76250.0,750.0,9330.0,596.502,291470.0,41.30639,36.21921,0.067384854,0.21957785,61150.67,162447.81,1,1.0,0.0,61.150673,4.1295614,12.582692363524501,3.7210171,3.5895896,0.44978010451331,1.0,1.0,1.0,1.0,6.391083,0.00868759411560292,0.10807367079810032,0.8832387350862968,11.241772694469658,25.165384727049002,8.259123,1,1,0,1.0,1.0,0.0,near,1.0,1.0,0.0,1.0,0.0,0.0,0.0,0.0,0.0,0.0,0.0,0.0,0.0,0.0,0.0
56991,3,5.0,69.0,364000.0,108340.0,89340.0,3340.0,15660.0,677.99133,291470.0,39.64214,44.03119,0.0960989,0.439751,61150.67,162447.81,1,1.0,0.0,61.150673,4.1295614,12.582692363524501,3.6798928,3.7848983,0.44978010451331,1.0,1.0,1.0,1.0,6.5191345,0.030828872069411112,0.14454495107993354,0.8246261768506553,11.400204594906109,37.7480770905735,12.388684,1,0,1,1.0,0.0,1.0,near,1.0,0.0,1.0,0.0,1.0,0.0,0.0,0.0,0.0,0.0,0.0,0.0,0.0,0.0,0.0
57018,1,5.0,70.0,71480.0,16030.0,13610.0,50.0,2370.0,578.13007,71480.0,45.500942,48.15187,0.14087857,0.047582503,167332.8,262814.03,1,1.0,0.0,167.3328,5.125943,11.177172969273364,3.817733,3.87436,0.5222436487401411,1.0,1.0,1.0,1.0,6.359799,0.0031191515907673115,0.14784778540237056,0.8490330630068621,9.518560095645512,11.177172969273364,5.125943,0,0,0,0.0,0.0,0.0,far,0.0,0.0,0.0,0.0,0.0,0.0,0.0,0.0,0.0,0.0,1.0,0.0,0.0,0.0,0.0
57018,2,5.0,70.0,90820.0,18890.0,15470.0,100.0,3320.0,734.55194,71480.0,30.888609,30.95348,0.13818543,0.16113989,167332.8,262814.03,1,1.0,0.0,167.3328,5.125943,11.177172969273364,3.4303875,3.4324853,0.5222436487401411,1.0,1.0,1.0,1.0,6.599261,0.005293806246691371,0.17575436739015352,0.8189518263631551,9.646657943567112,22.35434593854673,10.251886,1,1,0,1.0,1.0,0.0,far,0.0,0.0,0.0,0.0,0.0,0.0,0.0,0.0,0.0,0.0,1.0,1.0,0.0,1.0,0.0
57018,3,5.0,70.0,103420.0,30000.0,22280.0,1460.0,6260.0,836.4607,71480.0,32.143715,38.84279,0.13188939,0.42075163,167332.8,262814.03,1,1.0,0.0,167.3328,5.125943,11.177172969273364,3.470217,3.6595225,0.5222436487401411,1.0,1.0,1.0,1.0,6.7291794,0.048666666666666664,0.20866666666666667,0.7426666666666667,10.01144469404122,33.53151890782009,15.37783,1,0,1,1.0,0.0,1.0,far,0.0,0.0,0.0,0.0,0.0,0.0,0.0,0.0,0.0,0.0,1.0,0.0,1.0,0.0,1.0
57037,1,5.0,70.0,193100.0,46680.0,35800.0,960.0,9920.0,605.13947,193100.0,45.500942,48.15187,0.18731228,0.06907607,152118.25,248726.39,1,1.0,0.0,152.11826,5.0312104,12.170963468416605,3.817733,3.87436,0.5840559152887242,1.0,1.0,1.0,1.0,6.405459,0.02056555269922879,0.2125107112253642,0.766923736075407,10.485703172388792,12.170963468416605,5.0312104,0,0,0,0.0,0.0,0.0,far,0.0,0.0,0.0,0.0,0.0,0.0,0.0,0.0,0.0,0.0,1.0,0.0,0.0,0.0,0.0
57037,2,5.0,70.0,238250.0,51070.0,38440.0,1070.0,11560.0,746.63116,193100.0,30.888609,30.95348,0.21040924,0.16256554,152118.25,248726.39,1,1.0,0.0,152.11826,5.0312104,12.170963468416605,3.4303875,3.4324853,0.5840559152887242,1.0,1.0,1.0,1.0,6.6155715,0.02095163501076953,0.22635598198551007,0.7526923830037204,10.556853863084228,24.34192693683321,10.062421,1,1,0,1.0,1.0,0.0,far,0.0,0.0,0.0,0.0,0.0,0.0,0.0,0.0,0.0,0.0,1.0,1.0,0.0,1.0,0.0
57037,3,5.0,70.0,276700.0,82020.0,55380.0,6360.0,20280.0,867.1263,193100.0,32.143715,38.84279,0.21402241,0.4380863,152118.25,248726.39,1,1.0,0.0,152.11826,5.0312104,12.170963468416605,3.470217,3.6595225,0.5840559152887242,1.0,1.0,1.0,1.0,6.7651844,0.07754206291148501,0.24725676664228238,0.6752011704462326,10.921973796724952,36.51289040524982,15.093632,1,0,1,1.0,0.0,1.0,far,0.0,0.0,0.0,0.0,0.0,0.0,0.0,0.0,0.0,0.0,1.0,0.0,1.0,0.0,1.0
57056,1,5.0,70.0,97700.0,24460.0,21290.0,110.0,3060.0,340.41812,97700.0,45.500942,48.15187,0.08433981,0.032107413,144040.53,236524.42,1,1.0,0.0,144.04053,4.977013,11.489656838030873,3.817733,3.87436,0.519664429968098,1.0,1.0,1.0,1.0,5.8301744,0.004497138184791497,0.12510220768601799,0.8704006541291905,9.965992757887525,11.489656838030873,4.977013,0,0,0,0.0,0.0,0.0,far,0.0,0.0,0.0,0.0,0.0,0.0,0.0,0.0,0.0,0.0,1.0,0.0,0.0,0.0,0.0
57056,2,5.0,70.0,134790.0,28870.0,24580.0,110.0,4180.0,469.65158,97700.0,30.888609,30.95348,0.07789896,0.18491577,144040.53,236524.42,1,1.0,0.0,144.04053,4.977013,11.489656838030873,3.4303875,3.4324853,0.519664429968098,1.0,1.0,1.0,1.0,6.151991,0.0038101835815725666,0.14478697609975755,0.8514028403186699,10.109688383120027,22.979313676061746,9.954026,1,1,0,1.0,1.0,0.0,far,0.0,0.0,0.0,0.0,0.0,0.0,0.0,0.0,0.0,0.0,1.0,1.0,0.0,1.0,0.0
57056,3,5.0,70.0,146860.0,41900.0,34680.0,2080.0,5140.0,511.7073,97700.0,32.143715,38.84279,0.11807163,0.48602673,144040.53,236524.42,1,1.0,0.0,144.04053,4.977013,11.489656838030873,3.470217,3.6595225,0.519664429968098,1.0,1.0,1.0,1.0,6.237753,0.04964200477326969,0.12267303102625299,0.8276849642004773,10.453918430894479,34.46897051409262,14.93104,1,0,1,1.0,0.0,1.0,far,0.0,0.0,0.0,0.0,0.0,0.0,0.0,0.0,0.0,0.0,1.0,0.0,1.0,0.0,1.0
57066,1,5.0,70.0,392270.0,80830.0,49560.0,1690.0,29580.0,844.11786,392270.0,45.105907,48.040123,0.33663037,0.12445382,153355.28,236097.19,1,1.0,0.0,153.35529,5.039257,12.879705657185816,3.8090131,3.8720365,0.6398143585422177,1.0,1.0,1.0,1.0,6.738292,0.020908078683657058,0.3659532351849561,0.6131386861313869,10.810939335743079,12.879705657185816,5.039257,0,0,0,0.0,0.0,0.0,far,0.0,0.0,0.0,0.0,0.0,0.0,0.0,0.0,0.0,0.0,1.0,0.0,0.0,0.0,0.0
57066,2,5.0,70.0,452890.0,87940.0,54800.0,1440.0,31700.0,974.5648,392270.0,30.758379,30.763887,0.33562234,0.2590526,153355.28,236097.19,1,1.0,0.0,153.35529,5.039257,12.879705657185816,3.4261625,3.4263415,0.6398143585422177,1.0,1.0,1.0,1.0,6.881991,0.016374801000682282,0.3604730498066864,0.6231521491926313,10.911445472936107,25.759411314371633,10.078514,1,1,0,1.0,1.0,0.0,far,0.0,0.0,0.0,0.0,0.0,0.0,0.0,0.0,0.0,0.0,1.0,1.0,0.0,1.0,0.0
57066,3,5.0,70.0,529920.0,143180.0,66620.0,13660.0,62900.0,1140.3241,392270.0,31.98946,38.520622,0.33737168,0.5613693,153355.28,236097.19,1,1.0,0.0,153.35529,5.039257,12.879705657185816,3.4654064,3.6511936,0.6398143585422177,1.0,1.0,1.0,1.0,7.0390677,0.09540438608744238,0.43930716580528006,0.46528844810727754,11.10676011174767,38.63911697155745,15.117771,1,0,1,1.0,0.0,1.0,far,0.0,0.0,0.0,0.0,0.0,0.0,0.0,0.0,0.0,0.0,1.0,0.0,1.0,0.0,1.0
57088,1,5.0,70.0,423690.0,94930.0,67870.0,2600.0,24460.0,809.04736,423690.0,45.500942,48.15187,0.08010574,0.055637546,167143.94,254786.81,1,1.0,0.0,167.14394,5.12482,12.956757334731218,3.817733,3.87436,0.660031379234096,1.0,1.0,1.0,1.0,6.6958575,0.027388602127883705,0.2576635415569367,0.7149478563151797,11.125349389697805,12.956757334731218,5.12482,0,0,0,0.0,0.0,0.0,far,0.0,0.0,0.0,0.0,0.0,0.0,0.0,0.0,0.0,0.0,1.0,0.0,0.0,0.0,0.0
57088,2,5.0,70.0,511060.0,111030.0,83140.0,1550.0,26340.0,975.8827,423690.0,30.888609,30.95348,0.08188862,0.19571187,167143.94,254786.81,1,1.0,0.0,167.14394,5.12482,12.956757334731218,3.4303875,3.4324853,0.660031379234096,1.0,1.0,1.0,1.0,6.8833423,0.013960190939385752,0.23723318022156173,0.7488066288390525,11.328281212806628,25.913514669462437,10.24964,1,1,0,1.0,1.0,0.0,far,0.0,0.0,0.0,0.0,0.0,0.0,0.0,0.0,0.0,0.0,1.0,1.0,0.0,1.0,0.0
57088,3,5.0,70.0,592780.0,167260.0,119820.0,8340.0,39100.0,1131.9292,423690.0,32.143715,38.84279,0.08603529,0.46573806,167143.94,254786.81,1,1.0,0.0,167.14394,5.12482,12.956757334731218,3.470217,3.6595225,0.660031379234096,1.0,1.0,1.0,1.0,7.0316787,0.0498624895372474,0.23376778667942125,0.7163697237833313,11.693745895637916,38.87027200419365,15.37446,1,0,1,1.0,0.0,1.0,far,0.0,0.0,0.0,0.0,0.0,0.0,0.0,0.0,0.0,0.0,1.0,0.0,1.0,0.0,1.0
57312,1,5.0,73.0,187800.0,49100.0,45250.0,130.0,3720.0,587.2237,187800.0,94.74513,91.50397,0.0414803,0.015599343,211925.69,330283.12,1,1.0,0.0,211.92569,5.3609433,12.1431328457563,4.5511904,4.516382,0.6403689574810039,1.0,1.0,1.0,1.0,6.375406,0.0026476578411405295,0.07576374745417515,0.9215885947046843,10.719957949128073,12.1431328457563,5.3609433,0,0,0,0.0,0.0,0.0,far,0.0,0.0,0.0,0.0,0.0,0.0,0.0,0.0,0.0,0.0,1.0,0.0,0.0,0.0,0.0
57312,2,5.0,73.0,223610.0,50940.0,44630.0,210.0,6100.0,699.1964,187800.0,74.43225,75.582504,0.06958544,0.0700309,211925.69,330283.12,1,1.0,0.0,211.92569,5.3609433,12.1431328457563,4.3098893,4.325225,0.6403689574810039,1.0,1.0,1.0,1.0,6.5499315,0.004122497055359246,0.11974872398900667,0.8761287789556341,10.706161557623316,24.2862656915126,10.721887,1,1,0,1.0,1.0,0.0,far,0.0,0.0,0.0,0.0,0.0,0.0,0.0,0.0,0.0,0.0,1.0,1.0,0.0,1.0,0.0
57312,3,5.0,73.0,281760.0,76700.0,62980.0,2840.0,10880.0,881.02313,187800.0,68.84961,78.76226,0.07155026,0.2540132,211925.69,330283.12,1,1.0,0.0,211.92569,5.3609433,12.1431328457563,4.2319245,4.366434,0.6403689574810039,1.0,1.0,1.0,1.0,6.781084,0.037027379400260754,0.14185136897001305,0.8211212516297262,11.050572494655016,36.4293985372689,16.08283,1,0,1,1.0,0.0,1.0,far,0.0,0.0,0.0,0.0,0.0,0.0,0.0,0.0,0.0,0.0,1.0,0.0,1.0,0.0,1.0
57315,1,5.0,73.0,175590.0,42340.0,36930.0,130.0,5280.0,657.71436,175590.0,95.38855,94.29302,0.12620309,0.045589104,216925.8,335260.6,1,1.0,0.0,216.9258,5.384155,12.075907010953376,4.5579586,4.546407,0.6393603523446649,1.0,1.0,1.0,1.0,6.488771,0.0030703826169107226,0.12470477090222012,0.8722248464808692,10.516779507846609,12.075907010953376,5.384155,0,0,0,0.0,0.0,0.0,far,0.0,0.0,0.0,0.0,0.0,0.0,0.0,0.0,0.0,0.0,1.0,0.0,0.0,0.0,0.0
57315,2,5.0,73.0,218100.0,48780.0,39500.0,330.0,8950.0,816.94574,175590.0,71.16707,72.70914,0.17033471,0.09413815,216925.8,335260.6,1,1.0,0.0,216.9258,5.384155,12.075907010953376,4.2650304,4.286467,0.6393603523446649,1.0,1.0,1.0,1.0,6.7055726,0.006765067650676507,0.1834768347683477,0.8097580975809758,10.584055950889214,24.151814021906752,10.76831,1,1,0,1.0,1.0,0.0,far,0.0,0.0,0.0,0.0,0.0,0.0,0.0,0.0,0.0,0.0,1.0,1.0,0.0,1.0,0.0
57315,3,5.0,73.0,247180.0,70140.0,51200.0,4440.0,14500.0,925.8718,175590.0,66.178314,76.688385,0.16295817,0.33505687,216925.8,335260.6,1,1.0,0.0,216.9258,5.384155,12.075907010953376,4.192353,4.3397503,0.6393603523446649,1.0,1.0,1.0,1.0,6.8307357,0.06330196749358426,0.2067293983461648,0.7299686341602509,10.843494811027599,36.22772103286013,16.152464,1,0,1,1.0,0.0,1.0,far,0.0,0.0,0.0,0.0,0.0,0.0,0.0,0.0,0.0,0.0,1.0,0.0,1.0,0.0,1.0
57336,1,5.0,73.0,235300.0,63060.0,57460.0,290.0,5310.0,726.79535,235300.0,86.1434,81.35728,0.06281343,0.018177835,197167.52,315556.34,1,1.0,0.0,197.16751,5.2891126,12.368616574715453,4.456013,4.3988504,0.6447749520201981,1.0,1.0,1.0,1.0,6.588645,0.0045987947986045035,0.08420551855375832,0.9111956866476372,10.95884433253328,12.368616574715453,5.2891126,0,0,0,0.0,0.0,0.0,far,0.0,0.0,0.0,0.0,0.0,0.0,0.0,0.0,0.0,0.0,1.0,0.0,0.0,0.0,0.0
57336,2,5.0,73.0,275650.0,72800.0,64120.0,340.0,8340.0,851.4286,235300.0,69.05109,69.30066,0.054054055,0.083333336,197167.52,315556.34,1,1.0,0.0,197.16751,5.2891126,12.368616574715453,4.2348466,4.2384543,0.6447749520201981,1.0,1.0,1.0,1.0,6.746916,0.00467032967032967,0.11456043956043956,0.8807692307692307,11.06851160672349,24.737233149430907,10.578225,1,1,0,1.0,1.0,0.0,far,0.0,0.0,0.0,0.0,0.0,0.0,0.0,0.0,0.0,0.0,1.0,1.0,0.0,1.0,0.0
57336,3,5.0,73.0,342940.0,98060.0,78100.0,4460.0,15500.0,1059.2742,235300.0,64.27231,72.96321,0.13839155,0.26759493,197167.52,315556.34,1,1.0,0.0,197.16751,5.2891126,12.368616574715453,4.163129,4.289955,0.6447749520201981,1.0,1.0,1.0,1.0,6.965339,0.04548235774015909,0.15806648990414032,0.7964511523557006,11.265745335827777,37.10584972414636,15.867338,1,0,1,1.0,0.0,1.0,far,0.0,0.0,0.0,0.0,0.0,0.0,0.0,0.0,0.0,0.0,1.0,0.0,1.0,0.0,1.0
57364,1,5.0,73.0,305610.0,74720.0,63160.0,860.0,10700.0,827.4266,305610.0,70.90211,66.82572,0.10464317,0.05115651,193867.75,312019.78,1,1.0,0.0,193.86775,5.272321,12.630065058252221,4.2613,4.202088,0.6610793585159281,1.0,1.0,1.0,1.0,6.7183204,0.011509635974304069,0.14320128479657387,0.8452890792291221,11.053426468369578,12.630065058252221,5.272321,0,0,0,0.0,0.0,0.0,far,0.0,0.0,0.0,0.0,0.0,0.0,0.0,0.0,0.0,0.0,1.0,0.0,0.0,0.0,0.0
57364,2,5.0,73.0,374200.0,85930.0,69030.0,770.0,16130.0,1013.13116,305610.0,53.948635,53.22237,0.10424907,0.13605957,193867.75,312019.78,1,1.0,0.0,193.86775,5.272321,12.630065058252221,3.9880323,3.9744787,0.6610793585159281,1.0,1.0,1.0,1.0,6.920801,0.00896078203188642,0.18771092749912718,0.8033282904689864,11.142296471697522,25.260130116504442,10.544642,1,1,0,1.0,1.0,0.0,far,0.0,0.0,0.0,0.0,0.0,0.0,0.0,0.0,0.0,0.0,1.0,1.0,0.0,1.0,0.0
57364,3,5.0,73.0,435600.0,126920.0,82620.0,7400.0,36900.0,1179.3691,305610.0,51.473297,59.04307,0.10560147,0.36857885,193867.75,312019.78,1,1.0,0.0,193.86775,5.272321,12.630065058252221,3.9410632,4.078267,0.6610793585159281,1.0,1.0,1.0,1.0,7.072735,0.058304443744090766,0.29073432083202017,0.6509612354238891,11.322007060950755,37.89019517475666,15.816963,1,0,1,1.0,0.0,1.0,far,0.0,0.0,0.0,0.0,0.0,0.0,0.0,0.0,0.0,0.0,1.0,0.0,1.0,0.0,1.0
57385,1,5.0,73.0,128830.0,28740.0,19890.0,2730.0,6120.0,1069.5725,128830.0,66.45003,61.983776,0.24520686,0.21099797,177560.48,295668.34,1,1.0,0.0,177.56049,5.1849275,11.76624898478557,4.19645,4.1268725,0.5801883848469788,1.0,1.0,1.0,1.0,6.975014,0.09498956158663883,0.21294363256784968,0.6920668058455115,9.897972371848018,11.76624898478557,5.1849275,0,0,0,0.0,0.0,0.0,far,0.0,0.0,0.0,0.0,0.0,0.0,0.0,0.0,0.0,0.0,1.0,0.0,0.0,0.0,0.0
57385,2,5.0,73.0,232290.0,40940.0,21860.0,1860.0,17220.0,1928.5181,128830.0,50.81801,49.718914,0.5150889,0.4509196,177560.48,295668.34,1,1.0,0.0,177.56049,5.1849275,11.76624898478557,3.9282508,3.9063854,0.5801883848469788,1.0,1.0,1.0,1.0,7.564507,0.045432340009770394,0.42061553492916465,0.5339521250610649,9.99241376173053,23.53249796957114,10.369855,1,1,0,1.0,1.0,0.0,far,0.0,0.0,0.0,0.0,0.0,0.0,0.0,0.0,0.0,0.0,1.0,1.0,0.0,1.0,0.0
57385,3,5.0,73.0,261160.0,79980.0,25060.0,13200.0,41720.0,2168.2026,128830.0,48.799656,55.872066,0.4880533,0.63807946,177560.48,295668.34,1,1.0,0.0,177.56049,5.1849275,11.76624898478557,3.8877232,4.0230646,0.5801883848469788,1.0,1.0,1.0,1.0,7.681654,0.16504126031507876,0.5216304076019005,0.31332833208302074,10.129028228450059,35.29874695435671,15.554783,1,0,1,1.0,0.0,1.0,far,0.0,0.0,0.0,0.0,0.0,0.0,0.0,0.0,0.0,0.0,1.0,0.0,1.0,0.0,1.0
57605,1,5.0,76.0,123520.0,32780.0,28380.0,790.0,3610.0,663.3371,123520.0,47.97505,47.384396,0.05804728,0.081478186,58752.05,123431.74,1,1.0,0.0,58.752052,4.090204,11.724158365258603,3.870681,3.858293,0.3755452234811528,1.0,1.0,1.0,1.0,6.4972835,0.02410006101281269,0.1101281269066504,0.8657718120805369,10.253439950714034,11.724158365258603,4.090204,0,0,0,0.0,0.0,0.0,near,1.0,0.0,0.0,0.0,0.0,0.0,0.0,0.0,0.0,0.0,0.0,0.0,0.0,0.0,0.0
57605,2,5.0,76.0,136980.0,34620.0,29550.0,570.0,4500.0,735.62103,123520.0,40.973366,35.478764,0.06022777,0.26561978,58752.05,123431.74,1,1.0,0.0,58.752052,4.090204,11.724158365258603,3.7129223,3.5689342,0.3755452234811528,1.0,1.0,1.0,1.0,6.600715,0.016464471403812825,0.12998266897746968,0.8535528596187175,10.293839022834245,23.448316730517206,8.180408,1,1,0,1.0,1.0,0.0,near,1.0,1.0,0.0,1.0,0.0,0.0,0.0,0.0,0.0,0.0,0.0,0.0,0.0,0.0,0.0
57605,3,5.0,76.0,155980.0,46820.0,33120.0,3980.0,9720.0,837.6564,123520.0,39.0086,42.774143,0.091165535,0.47190428,58752.05,123431.74,1,1.0,0.0,58.752052,4.090204,11.724158365258603,3.6637821,3.7559338,0.3755452234811528,1.0,1.0,1.0,1.0,6.730608,0.08500640751815464,0.20760358821016658,0.7073900042716788,10.407892608499196,35.17247509577581,12.270611,1,0,1,1.0,0.0,1.0,near,1.0,0.0,1.0,0.0,1.0,0.0,0.0,0.0,0.0,0.0,0.0,0.0,0.0,0.0,0.0
57616,1,5.0,76.0,209800.0,44840.0,23490.0,4460.0,16890.0,770.47375,209800.0,52.28651,45.272083,0.18870352,0.09295853,51541.242,82700.59,1,1.0,0.0,51.54124,3.9615984,12.253909974944333,3.9567385,3.8126905,0.3933125156020824,1.0,1.0,1.0,1.0,6.6470056,0.09946476360392506,0.37667261373773414,0.5238626226583407,10.064330077652958,12.253909974944333,3.9615984,0,0,0,0.0,0.0,0.0,near,1.0,0.0,0.0,0.0,0.0,0.0,0.0,0.0,0.0,0.0,0.0,0.0,0.0,0.0,0.0
57616,2,5.0,76.0,232670.0,47190.0,27320.0,3770.0,16100.0,854.46204,209800.0,49.364117,44.331974,0.20140113,0.31613466,51541.242,82700.59,1,1.0,0.0,51.54124,3.9615984,12.253909974944333,3.8992238,3.791706,0.3933125156020824,1.0,1.0,1.0,1.0,6.750472,0.07988980716253444,0.3411739775376139,0.5789362152998516,10.215374313684727,24.507819949888667,7.923197,1,1,0,1.0,1.0,0.0,near,1.0,1.0,0.0,1.0,0.0,0.0,0.0,0.0,0.0,0.0,0.0,0.0,0.0,0.0,0.0
57616,3,5.0,76.0,255920.0,72360.0,32020.0,10320.0,30020.0,939.8458,209800.0,44.399815,45.546734,0.1900594,0.5215877,51541.242,82700.59,1,1.0,0.0,51.54124,3.9615984,12.253909974944333,3.7932353,3.818739,0.3933125156020824,1.0,1.0,1.0,1.0,6.845716,0.14262023217247097,0.4148700939745716,0.4425096738529574,10.374115986550706,36.761729924833,11.884795,1,0,1,1.0,0.0,1.0,near,1.0,0.0,1.0,0.0,1.0,0.0,0.0,0.0,0.0,0.0,0.0,0.0,0.0,0.0,0.0
57619,1,5.0,76.0,80590.0,20390.0,16630.0,270.0,3490.0,703.3514,80590.0,47.97505,47.384396,0.25052735,0.077405855,41408.402,125296.875,1,1.0,0.0,41.4084,3.7473464,11.297129851318557,3.870681,3.858293,0.2884625616597189,1.0,1.0,1.0,1.0,6.5558567,0.013241785188818049,0.17116233447768514,0.8155958803334968,9.718963572186974,11.297129851318557,3.7473464,0,0,0,0.0,0.0,0.0,near,1.0,0.0,0.0,0.0,0.0,0.0,0.0,0.0,0.0,0.0,0.0,0.0,0.0,0.0,0.0
57619,2,5.0,76.0,99410.0,23850.0,20010.0,330.0,3510.0,867.6034,80590.0,40.973366,35.478764,0.23408107,0.23517978,41408.402,125296.875,1,1.0,0.0,41.4084,3.7473464,11.297129851318557,3.7129223,3.5689342,0.2884625616597189,1.0,1.0,1.0,1.0,6.7657347,0.013836477987421384,0.1471698113207547,0.8389937106918239,9.903987427577778,22.594259702637114,7.494693,1,1,0,1.0,1.0,0.0,near,1.0,1.0,0.0,1.0,0.0,0.0,0.0,0.0,0.0,0.0,0.0,0.0,0.0,0.0,0.0
57619,3,5.0,76.0,124900.0,35360.0,24940.0,1820.0,8600.0,1090.0681,80590.0,39.0086,42.774143,0.16285028,0.4837145,41408.402,125296.875,1,1.0,0.0,41.4084,3.7473464,11.297129851318557,3.6637821,3.7559338,0.2884625616597189,1.0,1.0,1.0,1.0,6.9939957,0.051470588235294115,0.24321266968325791,0.705316742081448,10.124228219234027,33.89138955395567,11.242039,1,0,1,1.0,0.0,1.0,near,1.0,0.0,1.0,0.0,1.0,0.0,0.0,0.0,0.0,0.0,0.0,0.0,0.0,0.0,0.0
57622,1,5.0,76.0,228410.0,56380.0,47470.0,1420.0,7490.0,722.74786,228410.0,47.97505,47.384396,0.07188827,0.08582935,50826.21,130241.195,1,1.0,0.0,50.82621,3.947896,12.33889753864268,3.870681,3.858293,0.3974307710660995,1.0,1.0,1.0,1.0,6.5830603,0.025186236253990777,0.13284852784675416,0.8419652358992551,10.767853211545363,12.33889753864268,3.947896,0,0,0,0.0,0.0,0.0,near,1.0,0.0,0.0,0.0,0.0,0.0,0.0,0.0,0.0,0.0,0.0,0.0,0.0,0.0,0.0
57622,2,5.0,76.0,238750.0,59540.0,49470.0,1070.0,9000.0,755.46625,228410.0,40.973366,35.478764,0.09348691,0.19599618,50826.21,130241.195,1,1.0,0.0,50.82621,3.947896,12.33889753864268,3.7129223,3.5689342,0.3974307710660995,1.0,1.0,1.0,1.0,6.627335,0.01797111185757474,0.15115888478333894,0.8308700033590863,10.809121704221754,24.67779507728536,7.895792,1,1,0,1.0,1.0,0.0,near,1.0,1.0,0.0,1.0,0.0,0.0,0.0,0.0,0.0,0.0,0.0,0.0,0.0,0.0,0.0
57622,3,5.0,76.0,289840.0,86300.0,65060.0,5080.0,16160.0,917.1281,228410.0,39.0086,42.774143,0.05133867,0.43153998,50826.21,130241.195,1,1.0,0.0,50.82621,3.947896,12.33889753864268,3.6637821,3.7559338,0.3974307710660995,1.0,1.0,1.0,1.0,6.821247,0.05886442641946697,0.18725376593279258,0.7538818076477405,11.083065200027342,37.01669261592804,11.843688,1,0,1,1.0,0.0,1.0,near,1.0,0.0,1.0,0.0,1.0,0.0,0.0,0.0,0.0,0.0,0.0,0.0,0.0,0.0,0.0
57633,1,5.0,76.0,110300.0,28180.0,21970.0,1300.0,4910.0,749.2189,110300.0,49.11021,47.386017,0.14070717,0.12633263,41428.832,114981.9,1,1.0,0.0,41.428833,3.7478282,11.610959205241594,3.894067,3.8583272,0.3097990372858797,1.0,1.0,1.0,1.0,6.6190314,0.046132008516678494,0.17423704755145494,0.7796309439318666,9.997433165378656,11.610959205241594,3.7478282,0,0,0,0.0,0.0,0.0,near,1.0,0.0,0.0,0.0,0.0,0.0,0.0,0.0,0.0,0.0,0.0,0.0,0.0,0.0,0.0
57633,2,5.0,76.0,123180.0,32410.0,25630.0,1640.0,5140.0,836.707,110300.0,42.769382,37.098053,0.18509498,0.3272059,41428.832,114981.9,1,1.0,0.0,41.428833,3.7478282,11.610959205241594,3.7558224,3.6135645,0.3097990372858797,1.0,1.0,1.0,1.0,6.729474,0.05060166615242209,0.1585930268435668,0.7908053070040111,10.151518819358117,23.221918410483188,7.4956565,1,1,0,1.0,1.0,0.0,near,1.0,1.0,0.0,1.0,0.0,0.0,0.0,0.0,0.0,0.0,0.0,0.0,0.0,0.0,0.0
57633,3,5.0,76.0,131400.0,39120.0,29360.0,2180.0,7580.0,892.54175,110300.0,40.245506,43.538185,0.111719936,0.5612443,41428.832,114981.9,1,1.0,0.0,41.428833,3.7478282,11.610959205241594,3.6949983,3.7736382,0.3097990372858797,1.0,1.0,1.0,1.0,6.794073,0.05572597137014315,0.19376278118609408,0.7505112474437627,10.287388482728453,34.83287761572478,11.2434845,1,0,1,1.0,0.0,1.0,near,1.0,0.0,1.0,0.0,1.0,0.0,0.0,0.0,0.0,0.0,0.0,0.0,0.0,0.0,0.0
57639,1,5.0,76.0,238540.0,41790.0,23380.0,1460.0,16950.0,830.1953,238540.0,47.82568,47.030483,0.34711158,0.26167756,77105.15,136660.23,1,1.0,0.0,77.10515,4.358056,12.38229229013266,3.8675628,3.850796,0.4761407913606385,1.0,1.0,1.0,1.0,6.721661,0.03493658770040679,0.40559942569992824,0.559463986599665,10.05963623502606,12.38229229013266,4.358056,0,0,0,0.0,0.0,0.0,near,1.0,0.0,0.0,0.0,0.0,0.0,0.0,0.0,0.0,0.0,0.0,0.0,0.0,0.0,0.0
57639,2,5.0,76.0,292980.0,57760.0,30970.0,2810.0,23980.0,1019.6638,238540.0,41.111523,35.605614,0.33053452,0.3793982,77105.15,136660.23,1,1.0,0.0,77.10515,4.358056,12.38229229013266,3.7162886,3.5725033,0.4761407913606385,1.0,1.0,1.0,1.0,6.9272285,0.048649584487534626,0.4151662049861496,0.5361842105263158,10.340774272967248,24.76458458026532,8.716112,1,1,0,1.0,1.0,0.0,near,1.0,1.0,0.0,1.0,0.0,0.0,0.0,0.0,0.0,0.0,0.0,0.0,0.0,0.0,0.0
57639,3,5.0,76.0,314040.0,97700.0,40580.0,21220.0,35900.0,1092.9594,238540.0,39.04322,42.672188,0.20825373,0.7744966,77105.15,136660.23,1,1.0,0.0,77.10515,4.358056,12.38229229013266,3.6646693,3.7535474,0.4761407913606385,1.0,1.0,1.0,1.0,6.9966445,0.2171954964176049,0.36745138178096215,0.41535312180143297,10.611030613379805,37.14687687039798,13.074168,1,0,1,1.0,0.0,1.0,near,1.0,0.0,1.0,0.0,1.0,0.0,0.0,0.0,0.0,0.0,0.0,0.0,0.0,0.0,0.0
57655,1,5.0,76.0,429850.0,98870.0,57770.0,7910.0,33190.0,1116.2036,429850.0,47.3989,46.044346,0.31811097,0.26145586,66253.51,117110.89,1,1.0,0.0,66.25351,4.2084694,12.97119158960259,3.858599,3.8296049,0.4957536913870589,1.0,1.0,1.0,1.0,7.0176888,0.08000404571659755,0.33569333468190554,0.5843026196014969,10.96422488877531,12.97119158960259,4.2084694,0,0,0,0.0,0.0,0.0,near,1.0,0.0,0.0,0.0,0.0,0.0,0.0,0.0,0.0,0.0,0.0,0.0,0.0,0.0,0.0
57655,2,5.0,76.0,478270.0,100430.0,55230.0,8650.0,36550.0,1241.9371,429850.0,41.506252,35.976624,0.33468542,0.39553413,66253.51,117110.89,1,1.0,0.0,66.25351,4.2084694,12.97119158960259,3.7258441,3.5828693,0.4957536913870589,1.0,1.0,1.0,1.0,7.124428,0.08612964253709052,0.36393507915961365,0.5499352783032958,10.919261562895233,25.94238317920518,8.416939,1,1,0,1.0,1.0,0.0,near,1.0,1.0,0.0,1.0,0.0,0.0,0.0,0.0,0.0,0.0,0.0,0.0,0.0,0.0,0.0
57655,3,5.0,76.0,588780.0,174840.0,68360.0,31880.0,74600.0,1528.9016,429850.0,39.142136,42.40415,0.2388668,0.7374589,66253.51,117110.89,1,1.0,0.0,66.25351,4.2084694,12.97119158960259,3.6671996,3.7472463,0.4957536913870589,1.0,1.0,1.0,1.0,7.332305,0.18233813772592083,0.42667581789064285,0.39098604438343626,11.132543137229527,38.91357476880777,12.625408,1,0,1,1.0,0.0,1.0,near,1.0,0.0,1.0,0.0,1.0,0.0,0.0,0.0,0.0,0.0,0.0,0.0,0.0,0.0,0.0
57672,1,5.0,76.0,282000.0,74040.0,57100.0,6480.0,10460.0,859.99207,282000.0,50.45716,46.59017,0.035425533,0.071670905,46552.707,100968.18,1,1.0,0.0,46.552708,3.8618388,12.54966234992025,3.9211247,3.8413897,0.3983387772976071,1.0,1.0,1.0,1.0,6.756923,0.08752025931928688,0.14127498649378714,0.771204754186926,10.952559395644101,12.54966234992025,3.8618388,0,0,0,0.0,0.0,0.0,near,1.0,0.0,0.0,0.0,0.0,0.0,0.0,0.0,0.0,0.0,0.0,0.0,0.0,0.0,0.0
57672,2,5.0,76.0,326500.0,77920.0,60090.0,4800.0,13030.0,995.7,282000.0,45.554993,39.916794,0.12735069,0.27459708,46552.707,100968.18,1,1.0,0.0,46.552708,3.8618388,12.54966234992025,3.8189204,3.6867971,0.3983387772976071,1.0,1.0,1.0,1.0,6.903446,0.061601642710472276,0.16722279260780287,0.7711755646817249,11.003598717327973,25.0993246998405,7.7236776,1,1,0,1.0,1.0,0.0,near,1.0,1.0,0.0,1.0,0.0,0.0,0.0,0.0,0.0,0.0,0.0,0.0,0.0,0.0,0.0
57672,3,5.0,76.0,380020.0,112340.0,75660.0,13300.0,23380.0,1158.9155,282000.0,42.026295,44.394993,0.10173149,0.5513137,46552.707,100968.18,1,1.0,0.0,46.552708,3.8618388,12.54966234992025,3.7382956,3.7931266,0.3983387772976071,1.0,1.0,1.0,1.0,7.05524,0.1183905999643938,0.208118212568987,0.6734911874666192,11.23400489818702,37.64898704976075,11.585516,1,0,1,1.0,0.0,1.0,near,1.0,0.0,1.0,0.0,1.0,0.0,0.0,0.0,0.0,0.0,0.0,0.0,0.0,0.0,0.0
57683,1,5.0,76.0,212880.0,50530.0,38110.0,3630.0,8790.0,569.9751,212880.0,50.050755,44.271576,0.046223223,0.16873108,61578.797,90139.055,1,1.0,0.0,61.578796,4.1364264,12.268483905651571,3.9130375,3.7903428,0.4260482345260589,1.0,1.0,1.0,1.0,6.3455925,0.07183851177518306,0.17395606570354244,0.7542054225212745,10.548231993867907,12.268483905651571,4.1364264,0,0,0,0.0,0.0,0.0,near,1.0,0.0,0.0,0.0,0.0,0.0,0.0,0.0,0.0,0.0,0.0,0.0,0.0,0.0,0.0
57683,2,5.0,76.0,252600.0,58470.0,43090.0,3290.0,12090.0,676.32336,212880.0,46.93338,41.57642,0.11207443,0.32377297,61578.797,90139.055,1,1.0,0.0,61.578796,4.1364264,12.268483905651571,3.8487291,3.727533,0.4260482345260589,1.0,1.0,1.0,1.0,6.516671,0.05626817171198906,0.20677270395074396,0.736959124337267,10.671046230609884,24.536967811303143,8.272853,1,1,0,1.0,1.0,0.0,near,1.0,1.0,0.0,1.0,0.0,0.0,0.0,0.0,0.0,0.0,0.0,0.0,0.0,0.0,0.0
57683,3,5.0,76.0,280340.0,76300.0,52700.0,8100.0,15500.0,750.59576,212880.0,42.5631,44.06743,0.09424271,0.5794598,61578.797,90139.055,1,1.0,0.0,61.578796,4.1364264,12.268483905651571,3.7509878,3.7857208,0.4260482345260589,1.0,1.0,1.0,1.0,6.6208673,0.10615989515072084,0.20314547837483618,0.690694626474443,10.872370734529454,36.805451716954714,12.409279,1,0,1,1.0,0.0,1.0,near,1.0,0.0,1.0,0.0,1.0,0.0,0.0,0.0,0.0,0.0,0.0,0.0,0.0,0.0,0.0
57704,1,5.0,77.0,105450.0,27130.0,25020.0,210.0,1900.0,481.6388,105450.0,95.45316,100.29034,0.08392603,0.021769995,245528.9,362836.7,1,1.0,0.0,245.5289,5.507479,11.565992185906921,4.5586357,4.6080694,0.6224504507900682,1.0,1.0,1.0,1.0,6.1771946,0.007740508661997788,0.07003317360855142,0.9222263177294507,10.127430784020902,11.565992185906921,5.507479,0,0,0,0.0,0.0,0.0,far,0.0,0.0,0.0,0.0,0.0,0.0,0.0,0.0,0.0,0.0,1.0,0.0,0.0,0.0,0.0
57704,2,5.0,77.0,114450.0,28920.0,26190.0,20.0,2710.0,522.746,105450.0,62.93537,66.64587,0.08221931,0.11600307,245528.9,362836.7,1,1.0,0.0,245.5289,5.507479,11.565992185906921,4.1421084,4.1993933,0.6224504507900682,1.0,1.0,1.0,1.0,6.2590957,0.0006915629322268327,0.09370677731673582,0.9056016597510373,10.173132937501757,23.131984371813843,11.014958,1,1,0,1.0,1.0,0.0,far,0.0,0.0,0.0,0.0,0.0,0.0,0.0,0.0,0.0,0.0,1.0,1.0,0.0,1.0,0.0
57704,3,5.0,77.0,135000.0,39300.0,25780.0,860.0,12660.0,616.6073,105450.0,59.613373,70.86511,0.08222222,0.38514358,245528.9,362836.7,1,1.0,0.0,245.5289,5.507479,11.565992185906921,4.08788,4.2607784,0.6224504507900682,1.0,1.0,1.0,1.0,6.4242325,0.02188295165394402,0.32213740458015266,0.6559796437659033,10.157354276493178,34.697976557720764,16.522438,1,0,1,1.0,0.0,1.0,far,0.0,0.0,0.0,0.0,0.0,0.0,0.0,0.0,0.0,0.0,1.0,0.0,1.0,0.0,1.0
57725,1,5.0,77.0,168750.0,45980.0,41900.0,320.0,3760.0,390.27264,168750.0,95.39382,94.72333,0.034607407,0.015990524,236316.06,354299.88,1,1.0,0.0,236.31606,5.469393,12.036173608734776,4.558014,4.5509605,0.651007630711996,1.0,1.0,1.0,1.0,5.9668455,0.006959547629404089,0.08177468464549804,0.9112657677250978,10.643041105910228,12.036173608734776,5.469393,0,0,0,0.0,0.0,0.0,far,0.0,0.0,0.0,0.0,0.0,0.0,0.0,0.0,0.0,0.0,1.0,0.0,0.0,0.0,0.0
57725,2,5.0,77.0,200710.0,49930.0,41740.0,290.0,7900.0,464.1874,168750.0,70.495094,72.15925,0.034776542,0.07326335,236316.06,354299.88,1,1.0,0.0,236.31606,5.469393,12.036173608734776,4.255543,4.2788754,0.651007630711996,1.0,1.0,1.0,1.0,6.1402884,0.005808131383937512,0.15822151011415983,0.8359703585019027,10.639215180631192,24.072347217469552,10.938786,1,1,0,1.0,1.0,0.0,far,0.0,0.0,0.0,0.0,0.0,0.0,0.0,0.0,0.0,0.0,1.0,1.0,0.0,1.0,0.0
57725,3,5.0,77.0,231020.0,69520.0,50280.0,2600.0,16640.0,534.28613,168750.0,65.6424,76.17976,0.07375985,0.22986458,236316.06,354299.88,1,1.0,0.0,236.31606,5.469393,12.036173608734776,4.1842217,4.333096,0.651007630711996,1.0,1.0,1.0,1.0,6.2809315,0.037399309551208286,0.23935558112773303,0.7232451093210587,10.825362662704183,36.10852082620433,16.408178,1,0,1,1.0,0.0,1.0,far,0.0,0.0,0.0,0.0,0.0,0.0,0.0,0.0,0.0,0.0,1.0,0.0,1.0,0.0,1.0
57734,1,5.0,77.0,159720.0,40800.0,37040.0,200.0,3560.0,529.69855,159720.0,95.38855,94.29302,0.058602553,0.015442799,218810.42,336883.25,1,1.0,0.0,218.81042,5.3927655,11.981177561177157,4.5579586,4.546407,0.6337656486050172,1.0,1.0,1.0,1.0,6.272308,0.004901960784313725,0.08725490196078431,0.907843137254902,10.519753688760115,11.981177561177157,5.3927655,0,0,0,0.0,0.0,0.0,far,0.0,0.0,0.0,0.0,0.0,0.0,0.0,0.0,0.0,0.0,1.0,0.0,0.0,0.0,0.0
57734,2,5.0,77.0,186210.0,45350.0,39100.0,230.0,6020.0,617.5505,159720.0,71.16707,72.70914,0.06320821,0.062912226,218810.42,336883.25,1,1.0,0.0,218.81042,5.3927655,11.981177561177157,4.2650304,4.286467,0.6337656486050172,1.0,1.0,1.0,1.0,6.4257607,0.005071664829106946,0.13274531422271224,0.8621830209481808,10.573877745973457,23.962355122354314,10.785531,1,1,0,1.0,1.0,0.0,far,0.0,0.0,0.0,0.0,0.0,0.0,0.0,0.0,0.0,0.0,1.0,1.0,0.0,1.0,0.0
57734,3,5.0,77.0,226860.0,64480.0,48460.0,2800.0,13220.0,752.363,159720.0,66.178314,76.688385,0.066913515,0.22510493,218810.42,336883.25,1,1.0,0.0,218.81042,5.3927655,11.981177561177157,4.192353,4.3397503,0.6337656486050172,1.0,1.0,1.0,1.0,6.623219,0.043424317617866005,0.20502481389578164,0.7515508684863523,10.788493994370517,35.94353268353147,16.178297,1,0,1,1.0,0.0,1.0,far,0.0,0.0,0.0,0.0,0.0,0.0,0.0,0.0,0.0,0.0,1.0,0.0,1.0,0.0,1.0
57773,1,5.0,77.0,192340.0,42040.0,34600.0,650.0,6790.0,809.8867,192340.0,95.38855,94.29302,0.15841739,0.05598507,249379.1,367544.56,1,1.0,0.0,249.37909,5.522976,12.167019918266472,4.5579586,4.546407,0.6694783433231087,1.0,1.0,1.0,1.0,6.696894,0.015461465271170314,0.1615128449096099,0.8230256898192198,10.451608961045816,12.167019918266472,5.522976,0,0,0,0.0,0.0,0.0,far,0.0,0.0,0.0,0.0,0.0,0.0,0.0,0.0,0.0,0.0,1.0,0.0,0.0,0.0,0.0
57773,2,5.0,77.0,227740.0,48810.0,38270.0,800.0,9740.0,958.9456,192340.0,71.16707,72.70914,0.171687,0.13047086,249379.1,367544.56,1,1.0,0.0,249.37909,5.522976,12.167019918266472,4.2650304,4.286467,0.6694783433231087,1.0,1.0,1.0,1.0,6.865834,0.016390083999180495,0.19954927269002254,0.784060643310797,10.552421578419748,24.334039836532945,11.045952,1,1,0,1.0,1.0,0.0,far,0.0,0.0,0.0,0.0,0.0,0.0,0.0,0.0,0.0,0.0,1.0,1.0,0.0,1.0,0.0
57773,3,5.0,77.0,270300.0,77720.0,42120.0,6700.0,28900.0,1138.1532,192340.0,66.178314,76.688385,0.16581576,0.3097139,249379.1,367544.56,1,1.0,0.0,249.37909,5.522976,12.167019918266472,4.192353,4.3397503,0.6694783433231087,1.0,1.0,1.0,1.0,7.0371623,0.08620689655172414,0.37184765826042204,0.5419454451878538,10.648277966247912,36.501059754799414,16.568928,1,0,1,1.0,0.0,1.0,far,0.0,0.0,0.0,0.0,0.0,0.0,0.0,0.0,0.0,0.0,1.0,0.0,1.0,0.0,1.0
57790,1,5.0,77.0,87560.0,21370.0,18820.0,100.0,2450.0,445.07703,87560.0,97.92765,103.91868,0.041000456,0.023072252,269474.78,387406.8,1,1.0,0.0,269.4748,5.6001787,11.380079551636799,4.584229,4.6436086,0.624612209288428,1.0,1.0,1.0,1.0,6.0982475,0.004679457182966776,0.114646700982686,0.8806738418343473,9.842675413139371,11.380079551636799,5.6001787,0,0,0,0.0,0.0,0.0,far,0.0,0.0,0.0,0.0,0.0,0.0,0.0,0.0,0.0,0.0,1.0,0.0,0.0,0.0,0.0
57790,2,5.0,77.0,105640.0,21300.0,18210.0,140.0,2950.0,536.9796,87560.0,69.29625,74.38551,0.049034458,0.04738489,269474.78,387406.8,1,1.0,0.0,269.4748,5.6001787,11.380079551636799,4.238391,4.3092613,0.624612209288428,1.0,1.0,1.0,1.0,6.28596,0.006572769953051643,0.13849765258215962,0.8549295774647887,9.809726172721653,22.760159103273597,11.200357,1,1,0,1.0,1.0,0.0,far,0.0,0.0,0.0,0.0,0.0,0.0,0.0,0.0,0.0,0.0,1.0,1.0,0.0,1.0,0.0
57790,3,5.0,77.0,126180.0,37540.0,21680.0,8580.0,7280.0,641.38666,87560.0,64.787544,76.85336,0.044698052,0.23567335,269474.78,387406.8,1,1.0,0.0,269.4748,5.6001787,11.380079551636799,4.1711135,4.3418994,0.624612209288428,1.0,1.0,1.0,1.0,6.4636326,0.22855620671283963,0.19392647842301544,0.5775173148641449,9.984145455553582,34.1402386549104,16.800537,1,0,1,1.0,0.0,1.0,far,0.0,0.0,0.0,0.0,0.0,0.0,0.0,0.0,0.0,0.0,1.0,0.0,1.0,0.0,1.0
58110,1,5.0,81.0,151500.0,37560.0,29240.0,700.0,7620.0,773.5117,151500.0,44.215607,46.756927,0.031815182,0.020926243,98338.07,167792.58,1,1.0,0.0,98.33807,4.598529,11.928340903931561,3.7890778,3.8449624,0.4843892317813326,1.0,1.0,1.0,1.0,6.650941,0.01863684771033014,0.20287539936102236,0.7784877529286475,10.283292913863715,11.928340903931561,4.598529,0,0,0,0.0,0.0,0.0,mid,0.0,0.0,0.0,0.0,0.0,1.0,0.0,0.0,0.0,0.0,0.0,0.0,0.0,0.0,0.0
58110,2,5.0,81.0,172060.0,42030.0,33050.0,580.0,8400.0,878.4846,151500.0,34.021282,30.864664,0.13082646,0.25026095,98338.07,167792.58,1,1.0,0.0,98.33807,4.598529,11.928340903931561,3.5269864,3.429612,0.4843892317813326,1.0,1.0,1.0,1.0,6.7781982,0.013799666904591957,0.1998572448251249,0.7863430882702831,10.405776845279833,23.856681807863122,9.197058,1,1,0,1.0,1.0,0.0,mid,0.0,0.0,0.0,0.0,0.0,1.0,1.0,0.0,1.0,0.0,0.0,0.0,0.0,0.0,0.0
58110,3,5.0,81.0,182060.0,52080.0,36800.0,2740.0,12540.0,929.5415,151500.0,34.132202,39.168667,0.23937164,0.5205479,98338.07,167792.58,1,1.0,0.0,98.33807,4.598529,11.928340903931561,3.5302413,3.6678772,0.4843892317813326,1.0,1.0,1.0,1.0,6.8346915,0.05261136712749616,0.24078341013824886,0.706605222734255,10.513253124157023,35.78502271179468,13.795587,1,0,1,1.0,0.0,1.0,mid,0.0,0.0,0.0,0.0,0.0,1.0,0.0,1.0,0.0,1.0,0.0,0.0,0.0,0.0,0.0
58112,1,5.0,81.0,283320.0,74290.0,66430.0,620.0,7240.0,778.8866,283320.0,46.596615,47.553524,0.030742623,0.02295478,99974.695,194824.5,1,1.0,0.0,99.97469,4.61487,12.554332279867559,3.841528,3.861856,0.5379522972096854,1.0,1.0,1.0,1.0,6.6578655,0.008345672365055862,0.09745591600484588,0.8941984116300983,11.103904040659287,12.554332279867559,4.61487,0,0,0,0.0,0.0,0.0,mid,0.0,0.0,0.0,0.0,0.0,1.0,0.0,0.0,0.0,0.0,0.0,0.0,0.0,0.0,0.0
58112,2,5.0,81.0,318530.0,84340.0,72560.0,630.0,11150.0,875.68384,283320.0,35.307957,32.587776,0.10843562,0.1608,99974.695,194824.5,1,1.0,0.0,99.97469,4.61487,12.554332279867559,3.5641084,3.4839373,0.5379522972096854,1.0,1.0,1.0,1.0,6.7750053,0.007469765235949727,0.1322029879060944,0.8603272468579559,11.192169084789018,25.108664559735118,9.22974,1,1,0,1.0,1.0,0.0,mid,0.0,0.0,0.0,0.0,0.0,1.0,1.0,0.0,1.0,0.0,0.0,0.0,0.0,0.0,0.0
58112,3,5.0,81.0,355960.0,105620.0,86160.0,4960.0,14500.0,978.58417,283320.0,35.3821,41.29214,0.111248456,0.41016373,99974.695,194824.5,1,1.0,0.0,99.97469,4.61487,12.554332279867559,3.566206,3.7206721,0.5379522972096854,1.0,1.0,1.0,1.0,6.886107,0.04696080287824276,0.1372846051884113,0.815754591933346,11.36396131183027,37.66299683960268,13.84461,1,0,1,1.0,0.0,1.0,mid,0.0,0.0,0.0,0.0,0.0,1.0,0.0,1.0,0.0,1.0,0.0,0.0,0.0,0.0,0.0
58122,1,5.0,81.0,293450.0,41080.0,4000.0,1930.0,35150.0,18409.662,293450.0,22.107803,23.378464,1.0,0.6475608,117324.72,195992.05,1,1.0,0.0,117.32472,4.7734327,12.58946254598648,3.0959306,3.1518152,0.5700371160624083,1.0,1.0,1.0,1.0,9.820631,0.046981499513145085,0.8556475170399221,0.09737098344693282,8.294049640102028,12.58946254598648,4.7734327,0,0,0,0.0,0.0,0.0,mid,0.0,0.0,0.0,0.0,0.0,1.0,0.0,0.0,0.0,0.0,0.0,0.0,0.0,0.0,0.0
58122,2,5.0,81.0,393470.0,56480.0,13850.0,3140.0,39490.0,24684.441,293450.0,17.010641,15.432332,1.0,0.6616567,117324.72,195992.05,1,1.0,0.0,117.32472,4.7734327,12.58946254598648,2.8338392,2.7364647,0.5700371160624083,1.0,1.0,1.0,1.0,10.113929,0.05559490084985836,0.699185552407932,0.24521954674220964,9.536040511615484,25.17892509197296,9.546865,1,1,0,1.0,1.0,0.0,mid,0.0,0.0,0.0,0.0,0.0,1.0,1.0,0.0,1.0,0.0,0.0,0.0,0.0,0.0,0.0
58122,3,5.0,81.0,442460.0,134260.0,8800.0,16240.0,109220.0,27757.842,293450.0,17.066101,19.584333,1.0,0.8877113,117324.72,195992.05,1,1.0,0.0,117.32472,4.7734327,12.58946254598648,2.837094,2.97473,0.5700371160624083,1.0,1.0,1.0,1.0,10.231274,0.12095933263816476,0.8134962014002681,0.06554446596156711,9.082507000466299,37.76838763795944,14.320298,1,0,1,1.0,0.0,1.0,mid,0.0,0.0,0.0,0.0,0.0,1.0,0.0,1.0,0.0,1.0,0.0,0.0,0.0,0.0,0.0
58125,1,5.0,81.0,164110.0,37890.0,27190.0,900.0,9800.0,974.8723,164110.0,44.215607,46.756927,0.08701481,0.16067521,101926.195,178165.78,1,1.0,0.0,101.92619,4.634012,12.008292213673673,3.7890778,3.8449624,0.4974771753110099,1.0,1.0,1.0,1.0,6.8823066,0.023752969121140142,0.25864344154130375,0.7176035893375561,10.210604537626516,12.008292213673673,4.634012,0,0,0,0.0,0.0,0.0,mid,0.0,0.0,0.0,0.0,0.0,1.0,0.0,0.0,0.0,0.0,0.0,0.0,0.0,0.0,0.0
58125,2,5.0,81.0,186340.0,43300.0,29330.0,610.0,13360.0,1106.9265,164110.0,34.021282,30.864664,0.18874101,0.35939324,101926.195,178165.78,1,1.0,0.0,101.92619,4.634012,12.008292213673673,3.5269864,3.429612,0.4974771753110099,1.0,1.0,1.0,1.0,7.0093427,0.014087759815242495,0.3085450346420323,0.6773672055427252,10.286366161971497,24.016584427347347,9.268024,1,1,0,1.0,1.0,0.0,mid,0.0,0.0,0.0,0.0,0.0,1.0,1.0,0.0,1.0,0.0,0.0,0.0,0.0,0.0,0.0
58125,3,5.0,81.0,204880.0,62100.0,36700.0,3480.0,21920.0,1217.0608,164110.0,34.132202,39.168667,0.18283874,0.5986547,101926.195,178165.78,1,1.0,0.0,101.92619,4.634012,12.008292213673673,3.5302413,3.6678772,0.4974771753110099,1.0,1.0,1.0,1.0,7.104194,0.05603864734299517,0.3529790660225443,0.5909822866344605,10.510532034042662,36.024876641021024,13.902037,1,0,1,1.0,0.0,1.0,mid,0.0,0.0,0.0,0.0,0.0,1.0,0.0,1.0,0.0,1.0,0.0,0.0,0.0,0.0,0.0
58131,1,5.0,81.0,137070.0,36690.0,33700.0,230.0,2760.0,699.47943,137070.0,44.55575,46.806763,0.03348654,0.015810277,102973.34,189847.58,1,1.0,0.0,102.97334,4.6441345,11.828247023225426,3.7967412,3.8460276,0.48482409527865494,1.0,1.0,1.0,1.0,6.5503364,0.006268738075769964,0.07522485690923958,0.9185064050149905,10.425253116340453,11.828247023225426,4.6441345,0,0,0,0.0,0.0,0.0,mid,0.0,0.0,0.0,0.0,0.0,1.0,0.0,0.0,0.0,0.0,0.0,0.0,0.0,0.0,0.0
58131,2,5.0,81.0,167090.0,44800.0,39700.0,220.0,4880.0,852.674,137070.0,34.205093,31.103266,0.040337544,0.2864715,102973.34,189847.58,1,1.0,0.0,102.97334,4.6441345,11.828247023225426,3.5323746,3.4373128,0.48482409527865494,1.0,1.0,1.0,1.0,6.7483773,0.004910714285714286,0.10892857142857143,0.8861607142857143,10.589106466675283,23.656494046450852,9.288269,1,1,0,1.0,1.0,0.0,mid,0.0,0.0,0.0,0.0,0.0,1.0,1.0,0.0,1.0,0.0,0.0,0.0,0.0,0.0,0.0
58131,3,5.0,81.0,185980.0,56780.0,47740.0,1160.0,7880.0,949.0712,137070.0,34.310757,39.44861,0.14840305,0.67408323,102973.34,189847.58,1,1.0,0.0,102.97334,4.6441345,11.828247023225426,3.535459,3.6749988,0.48482409527865494,1.0,1.0,1.0,1.0,6.855484,0.020429728777738642,0.13878126100739696,0.8407890102148644,10.773524899892822,35.484741069676275,13.932404,1,0,1,1.0,0.0,1.0,mid,0.0,0.0,0.0,0.0,0.0,1.0,0.0,1.0,0.0,1.0,0.0,0.0,0.0,0.0,0.0
58134,1,5.0,81.0,216030.0,49820.0,39630.0,540.0,9650.0,483.92734,216030.0,44.678574,47.95715,0.04869694,0.058199752,137422.05,219527.12,1,1.0,0.0,137.42204,4.9303074,12.283172565911022,3.799494,3.870308,0.5745108004262527,1.0,1.0,1.0,1.0,6.181935,0.010839020473705338,0.1936973103171417,0.7954636692091529,10.58734168618448,12.283172565911022,4.9303074,0,0,0,0.0,0.0,0.0,far,0.0,0.0,0.0,0.0,0.0,0.0,0.0,0.0,0.0,0.0,1.0,0.0,0.0,0.0,0.0
58134,2,5.0,81.0,277640.0,58700.0,48010.0,410.0,10280.0,621.93945,216030.0,30.888046,30.617496,0.13560726,0.22467738,137422.05,219527.12,1,1.0,0.0,137.42204,4.9303074,12.283172565911022,3.4303694,3.4215717,0.5745108004262527,1.0,1.0,1.0,1.0,6.4328427,0.006984667802385008,0.17512776831345825,0.8178875638841567,10.779164601524986,24.566345131822043,9.860615,1,1,0,1.0,1.0,0.0,far,0.0,0.0,0.0,0.0,0.0,0.0,0.0,0.0,0.0,0.0,1.0,1.0,0.0,1.0,0.0
58134,3,5.0,81.0,326660.0,89000.0,66340.0,4960.0,17700.0,731.74884,216030.0,32.00996,38.28555,0.17926897,0.45789474,137422.05,219527.12,1,1.0,0.0,137.42204,4.9303074,12.283172565911022,3.466047,3.6450725,0.5745108004262527,1.0,1.0,1.0,1.0,6.5954375,0.05573033707865169,0.19887640449438201,0.7453932584269662,11.102548312501044,36.84951769773306,14.790922,1,0,1,1.0,0.0,1.0,far,0.0,0.0,0.0,0.0,0.0,0.0,0.0,0.0,0.0,0.0,1.0,0.0,1.0,0.0,1.0
58153,1,5.0,81.0,124220.0,31720.0,27260.0,550.0,3910.0,764.9486,124220.0,46.596615,47.553524,0.072613105,0.012419872,115961.51,205203.62,1,1.0,0.0,115.96151,4.761845,11.729809466113293,3.841528,3.861856,0.4988653962564442,1.0,1.0,1.0,1.0,6.6398087,0.01733921815889029,0.12326607818411098,0.8593947036569988,10.213175705250524,11.729809466113293,4.761845,0,0,0,0.0,0.0,0.0,mid,0.0,0.0,0.0,0.0,0.0,1.0,0.0,0.0,0.0,0.0,0.0,0.0,0.0,0.0,0.0
58153,2,5.0,81.0,153230.0,38000.0,31540.0,490.0,5970.0,943.5926,124220.0,35.307957,32.587776,0.077922076,0.21070234,115961.51,205203.62,1,1.0,0.0,115.96151,4.761845,11.729809466113293,3.5641084,3.4839373,0.4988653962564442,1.0,1.0,1.0,1.0,6.8496947,0.012894736842105263,0.15710526315789475,0.83,10.359011860517029,23.459618932226586,9.52369,1,1,0,1.0,1.0,0.0,mid,0.0,0.0,0.0,0.0,0.0,1.0,1.0,0.0,1.0,0.0,0.0,0.0,0.0,0.0,0.0
58153,3,5.0,81.0,170580.0,50100.0,41360.0,1360.0,7380.0,1050.4342,124220.0,35.3821,41.29214,0.17493258,0.7318182,115961.51,205203.62,1,1.0,0.0,115.96151,4.761845,11.729809466113293,3.566206,3.7206721,0.4988653962564442,1.0,1.0,1.0,1.0,6.956959,0.02714570858283433,0.1473053892215569,0.8255489021956088,10.630069509182311,35.18942839833988,14.285536,1,0,1,1.0,0.0,1.0,mid,0.0,0.0,0.0,0.0,0.0,1.0,0.0,1.0,0.0,1.0,0.0,0.0,0.0,0.0,0.0
58172,1,5.0,81.0,213870.0,49920.0,38330.0,890.0,10700.0,709.07104,213870.0,44.215607,46.756927,1.0,0.091557965,118886.56,198853.77,1,1.0,0.0,118.886566,4.786546,12.273123632779784,3.7890778,3.8449624,0.5472465816177704,1.0,1.0,1.0,1.0,6.563956,0.01782852564102564,0.2143429487179487,0.7678285256410257,10.553988158374601,12.273123632779784,4.786546,0,0,0,0.0,0.0,0.0,mid,0.0,0.0,0.0,0.0,0.0,1.0,0.0,0.0,0.0,0.0,0.0,0.0,0.0,0.0,0.0
58172,2,5.0,81.0,260530.0,61400.0,43200.0,1290.0,16910.0,863.769,213870.0,34.021282,30.864664,1.0,0.3164813,118886.56,198853.77,1,1.0,0.0,118.886566,4.786546,12.273123632779784,3.5269864,3.429612,0.5472465816177704,1.0,1.0,1.0,1.0,6.7613053,0.021009771986970686,0.2754071661237785,0.7035830618892508,10.673595774232203,24.54624726555957,9.573092,1,1,0,1.0,1.0,0.0,mid,0.0,0.0,0.0,0.0,0.0,1.0,1.0,0.0,1.0,0.0,0.0,0.0,0.0,0.0,0.0
58172,3,5.0,81.0,314340.0,96580.0,60860.0,9380.0,26340.0,1042.1722,213870.0,34.132202,39.168667,0.27123496,0.67493474,118886.56,198853.77,1,1.0,0.0,118.886566,4.786546,12.273123632779784,3.5302413,3.6678772,0.5472465816177704,1.0,1.0,1.0,1.0,6.9490623,0.09712155725823152,0.2727272727272727,0.6301511700144957,11.016331423450962,36.81937089833935,14.359638,1,0,1,1.0,0.0,1.0,mid,0.0,0.0,0.0,0.0,0.0,1.0,0.0,1.0,0.0,1.0,0.0,0.0,0.0,0.0,0.0
58182,1,5.0,81.0,159010.0,40450.0,33010.0,670.0,6770.0,810.7791,159010.0,44.215607,46.756927,0.05188353,0.07513705,95846.96,180626.86,1,1.0,0.0,95.84696,4.573132,11.976722372306442,3.7890778,3.8449624,0.48355303286801243,1.0,1.0,1.0,1.0,6.6979957,0.016563658838071694,0.16736711990111247,0.8160692212608158,10.40456582484724,11.976722372306442,4.573132,0,0,0,0.0,0.0,0.0,mid,0.0,0.0,0.0,0.0,0.0,1.0,0.0,0.0,0.0,0.0,0.0,0.0,0.0,0.0,0.0
58182,2,5.0,81.0,189890.0,48350.0,37990.0,600.0,9760.0,968.23376,159010.0,34.021282,30.864664,0.0702512,0.29377204,95846.96,180626.86,1,1.0,0.0,95.84696,4.573132,11.976722372306442,3.5269864,3.429612,0.48355303286801243,1.0,1.0,1.0,1.0,6.8754735,0.012409513960703205,0.20186142709410548,0.7857290589451913,10.54507824618167,23.953444744612884,9.146264,1,1,0,1.0,1.0,0.0,mid,0.0,0.0,0.0,0.0,0.0,1.0,1.0,0.0,1.0,0.0,0.0,0.0,0.0,0.0,0.0
58182,3,5.0,81.0,204660.0,62700.0,45540.0,2020.0,15140.0,1043.5448,159010.0,34.132202,39.168667,0.12645362,0.584813,95846.96,180626.86,1,1.0,0.0,95.84696,4.573132,11.976722372306442,3.5302413,3.6678772,0.48355303286801243,1.0,1.0,1.0,1.0,6.950379,0.03221690590111643,0.24146730462519936,0.7263157894736842,10.72634633961773,35.93016711691933,13.719397,1,0,1,1.0,0.0,1.0,mid,0.0,0.0,0.0,0.0,0.0,1.0,0.0,1.0,0.0,1.0,0.0,0.0,0.0,0.0,0.0
58194,1,5.0,81.0,138330.0,36580.0,32630.0,550.0,3400.0,463.2464,138330.0,46.19819,47.632153,0.06650763,0.009018759,128152.16,218458.55,1,1.0,0.0,128.15216,4.8609915,11.83739741386886,3.8329406,3.863508,0.5260670730262553,1.0,1.0,1.0,1.0,6.138259,0.015035538545653362,0.09294696555494805,0.8920174958993986,10.392987389587367,11.83739741386886,4.8609915,0,0,0,0.0,0.0,0.0,mid,0.0,0.0,0.0,0.0,0.0,1.0,0.0,0.0,0.0,0.0,0.0,0.0,0.0,0.0,0.0
58194,2,5.0,81.0,172700.0,39680.0,34410.0,350.0,4920.0,578.3464,138330.0,33.700924,31.895512,0.18239722,0.23504487,128152.16,218458.55,1,1.0,0.0,128.15216,4.8609915,11.83739741386886,3.5175252,3.4624653,0.5260670730262553,1.0,1.0,1.0,1.0,6.3601727,0.008820564516129033,0.12399193548387097,0.8671875,10.446102498791525,23.67479482773772,9.721983,1,1,0,1.0,1.0,0.0,mid,0.0,0.0,0.0,0.0,0.0,1.0,1.0,0.0,1.0,0.0,0.0,0.0,0.0,0.0,0.0
58194,3,5.0,81.0,191840.0,58840.0,51120.0,1740.0,5980.0,642.44336,138330.0,34.204506,40.36056,0.27606338,0.6035428,128152.16,218458.55,1,1.0,0.0,128.15216,4.8609915,11.83739741386886,3.5323575,3.697853,0.5260670730262553,1.0,1.0,1.0,1.0,6.4652786,0.02957171991842284,0.10163154316791298,0.8687967369136642,10.841931089051416,35.512192241606584,14.582974,1,0,1,1.0,0.0,1.0,mid,0.0,0.0,0.0,0.0,0.0,1.0,0.0,1.0,0.0,1.0,0.0,0.0,0.0,0.0,0.0
58503,1,5.0,85.0,211530.0,57230.0,49340.0,600.0,7290.0,697.0376,211530.0,69.18086,61.94523,0.10967711,0.10729614,158015.44,276272.94,1,1.0,0.0,158.01544,5.069001,12.262122111381196,4.2367244,4.1262507,0.5980064886161574,1.0,1.0,1.0,1.0,6.546839,0.010484011881880133,0.12738074436484362,0.8621352437532762,10.806490390083347,12.262122111381196,5.069001,0,0,0,0.0,0.0,0.0,far,0.0,0.0,0.0,0.0,0.0,0.0,0.0,0.0,0.0,0.0,1.0,0.0,0.0,0.0,0.0
58503,2,5.0,85.0,261300.0,66820.0,53620.0,1000.0,12200.0,861.04065,211530.0,59.300243,58.030994,0.12736319,0.12774587,158015.44,276272.94,1,1.0,0.0,158.01544,5.069001,12.262122111381196,4.0826135,4.0609775,0.5980064886161574,1.0,1.0,1.0,1.0,6.7581415,0.014965579167913799,0.18258006584854833,0.8024543549835379,10.88967741178995,24.52424422276239,10.138002,1,1,0,1.0,1.0,0.0,far,0.0,0.0,0.0,0.0,0.0,0.0,0.0,0.0,0.0,0.0,1.0,1.0,0.0,1.0,0.0
58503,3,5.0,85.0,285780.0,85780.0,67920.0,4400.0,13460.0,941.7076,211530.0,55.968132,62.19647,0.08789978,0.2861906,158015.44,276272.94,1,1.0,0.0,158.01544,5.069001,12.262122111381196,4.0247827,4.130298,0.5980064886161574,1.0,1.0,1.0,1.0,6.847695,0.05129400792725577,0.15691303334110515,0.7917929587316391,11.12608582098523,36.78636633414359,15.207004,1,0,1,1.0,0.0,1.0,far,0.0,0.0,0.0,0.0,0.0,0.0,0.0,0.0,0.0,0.0,1.0,0.0,1.0,0.0,1.0
58527,1,5.0,85.0,191300.0,51220.0,45430.0,1090.0,4700.0,976.0204,191300.0,69.727036,62.169857,0.06539467,0.10406634,171816.48,290000.2,1,1.0,0.0,171.81648,5.1522303,12.161598155428344,4.244588,4.1298704,0.6051321917120207,1.0,1.0,1.0,1.0,6.8834834,0.021280749707145646,0.09176103084732526,0.8869582194455291,10.72392795875345,12.161598155428344,5.1522303,0,0,0,0.0,0.0,0.0,far,0.0,0.0,0.0,0.0,0.0,0.0,0.0,0.0,0.0,0.0,1.0,0.0,0.0,0.0,0.0
58527,2,5.0,85.0,261840.0,66960.0,58530.0,300.0,8130.0,1335.9183,191300.0,60.996693,59.748127,0.056981362,0.1315401,171816.48,290000.2,1,1.0,0.0,171.81648,5.1522303,12.161598155428344,4.11082,4.090138,0.6051321917120207,1.0,1.0,1.0,1.0,7.1973743,0.004480286738351254,0.12141577060931899,0.8741039426523297,10.977294722285267,24.323196310856687,10.304461,1,1,0,1.0,1.0,0.0,far,0.0,0.0,0.0,0.0,0.0,0.0,0.0,0.0,0.0,0.0,1.0,1.0,0.0,1.0,0.0
58527,3,5.0,85.0,296920.0,82540.0,59280.0,4080.0,19180.0,1514.898,191300.0,57.401825,63.499092,0.042368315,0.31872618,171816.48,290000.2,1,1.0,0.0,171.81648,5.1522303,12.161598155428344,4.050076,4.151026,0.6051321917120207,1.0,1.0,1.0,1.0,7.3231034,0.04943057911315726,0.23237218318391084,0.7181972377029319,10.990027259969969,36.48479446628503,15.456691,1,0,1,1.0,0.0,1.0,far,0.0,0.0,0.0,0.0,0.0,0.0,0.0,0.0,0.0,0.0,1.0,0.0,1.0,0.0,1.0
58542,1,5.0,85.0,185230.0,49210.0,27130.0,14280.0,7800.0,1224.2565,185230.0,69.727036,62.169857,0.37380555,0.15333334,156408.97,273865.2,1,1.0,0.0,156.40897,5.0588474,12.129353575116768,4.244588,4.1298704,0.5858068715623724,1.0,1.0,1.0,1.0,7.110089,0.2901849217638691,0.15850436903068482,0.551310709205446,10.208395405652977,12.129353575116768,5.0588474,0,0,0,0.0,0.0,0.0,far,0.0,0.0,0.0,0.0,0.0,0.0,0.0,0.0,0.0,0.0,1.0,0.0,0.0,0.0,0.0
58542,2,5.0,85.0,214120.0,42770.0,29320.0,3160.0,10290.0,1415.2015,185230.0,60.996693,59.748127,0.38707268,0.23587833,156408.97,273865.2,1,1.0,0.0,156.40897,5.0588474,12.129353575116768,4.11082,4.090138,0.5858068715623724,1.0,1.0,1.0,1.0,7.2550273,0.07388356324526538,0.24058919803600654,0.6855272387187281,10.286025156000587,24.258707150233537,10.117695,1,1,0,1.0,1.0,0.0,far,0.0,0.0,0.0,0.0,0.0,0.0,0.0,0.0,0.0,0.0,1.0,1.0,0.0,1.0,0.0
58542,3,5.0,85.0,224660.0,65120.0,38500.0,9840.0,16780.0,1484.8645,185230.0,57.401825,63.499092,0.27098727,0.49484536,156408.97,273865.2,1,1.0,0.0,156.40897,5.0588474,12.129353575116768,4.050076,4.151026,0.5858068715623724,1.0,1.0,1.0,1.0,7.3030787,0.1511056511056511,0.25767813267813267,0.5912162162162162,10.558413520275876,36.38806072535031,15.176542,1,0,1,1.0,0.0,1.0,far,0.0,0.0,0.0,0.0,0.0,0.0,0.0,0.0,0.0,0.0,1.0,0.0,1.0,0.0,1.0
58549,1,5.0,85.0,493660.0,98860.0,56820.0,3260.0,38780.0,1514.6198,493660.0,69.727036,62.169857,0.42324677,0.32073703,159684.95,277977.88,1,1.0,0.0,159.68495,5.079446,13.109602300101715,4.244588,4.1298704,0.6634970142870827,1.0,1.0,1.0,1.0,7.32292,0.032975925551284646,0.3922718996560793,0.5747521747926361,10.947643655408179,13.109602300101715,5.079446,0,0,0,0.0,0.0,0.0,far,0.0,0.0,0.0,0.0,0.0,0.0,0.0,0.0,0.0,0.0,1.0,0.0,0.0,0.0,0.0
58549,2,5.0,85.0,595400.0,116100.0,61600.0,5240.0,49260.0,1826.7727,493660.0,60.996693,59.748127,0.4404434,0.42155436,159684.95,277977.88,1,1.0,0.0,159.68495,5.079446,13.109602300101715,4.11082,4.090138,0.6634970142870827,1.0,1.0,1.0,1.0,7.5103064,0.04513350559862188,0.42428940568475454,0.5305770887166236,11.02841714952161,26.21920460020343,10.158892,1,1,0,1.0,1.0,0.0,far,0.0,0.0,0.0,0.0,0.0,0.0,0.0,0.0,0.0,0.0,1.0,1.0,0.0,1.0,0.0
58549,3,5.0,85.0,706600.0,219040.0,69560.0,24400.0,125080.0,2167.9502,493660.0,57.401825,63.499092,0.40987828,0.64533174,159684.95,277977.88,1,1.0,0.0,159.68495,5.079446,13.109602300101715,4.050076,4.151026,0.6634970142870827,1.0,1.0,1.0,1.0,7.6815376,0.11139517896274653,0.5710372534696859,0.31756756756756754,11.149944968468219,39.328806900305146,15.2383375,1,0,1,1.0,0.0,1.0,far,0.0,0.0,0.0,0.0,0.0,0.0,0.0,0.0,0.0,0.0,1.0,0.0,1.0,0.0,1.0
58558,1,5.0,85.0,409530.0,104100.0,90510.0,910.0,12680.0,800.3166,409530.0,68.25859,60.953594,0.022611286,0.05135331,139892.56,258240.58,1,1.0,0.0,139.89256,4.9479976,12.922765439665133,4.2233033,4.1101127,0.6272061258303636,1.0,1.0,1.0,1.0,6.6850076,0.008741594620557156,0.1218059558117195,0.8694524495677234,11.413215620821216,12.922765439665133,4.9479976,0,0,0,0.0,0.0,0.0,far,0.0,0.0,0.0,0.0,0.0,0.0,0.0,0.0,0.0,0.0,1.0,0.0,0.0,0.0,0.0
58558,2,5.0,85.0,450440.0,108630.0,88670.0,1050.0,18910.0,880.2642,409530.0,59.687496,58.20512,0.02544179,0.12180548,139892.56,258240.58,1,1.0,0.0,139.89256,4.9479976,12.922765439665133,4.089123,4.0639734,0.6272061258303636,1.0,1.0,1.0,1.0,6.780222,0.009665838166252416,0.17407714259412685,0.8162570192396207,11.392676892374054,25.845530879330266,9.895995,1,1,0,1.0,1.0,0.0,far,0.0,0.0,0.0,0.0,0.0,0.0,0.0,0.0,0.0,0.0,1.0,1.0,0.0,1.0,0.0
58558,3,5.0,85.0,511620.0,151700.0,112180.0,7000.0,32520.0,999.82416,409530.0,56.262375,62.28437,0.013564755,0.2516877,139892.56,258240.58,1,1.0,0.0,139.89256,4.9479976,12.922765439665133,4.030026,4.1317105,0.6272061258303636,1.0,1.0,1.0,1.0,6.9075794,0.04614370468029005,0.2143704680290046,0.7394858272907053,11.627860003062327,38.7682963189954,14.843992,1,0,1,1.0,0.0,1.0,far,0.0,0.0,0.0,0.0,0.0,0.0,0.0,0.0,0.0,0.0,1.0,0.0,1.0,0.0,1.0
58573,1,5.0,85.0,255750.0,59790.0,51850.0,440.0,7500.0,936.33295,255750.0,69.727036,62.169857,0.078553274,0.023719165,144595.28,262078.55,1,1.0,0.0,144.59528,4.9808307,12.451955683813873,4.244588,4.1298704,0.596910817475222,1.0,1.0,1.0,1.0,6.841971,0.007359090148854323,0.1254390366281987,0.867201873222947,10.856110213657674,12.451955683813873,4.9808307,0,0,0,0.0,0.0,0.0,far,0.0,0.0,0.0,0.0,0.0,0.0,0.0,0.0,0.0,0.0,1.0,0.0,0.0,0.0,0.0
58573,2,5.0,85.0,296110.0,68030.0,55360.0,520.0,12150.0,1084.0961,255750.0,60.996693,59.748127,0.080915876,0.1336195,144595.28,262078.55,1,1.0,0.0,144.59528,4.9808307,12.451955683813873,4.11082,4.090138,0.596910817475222,1.0,1.0,1.0,1.0,6.988502,0.007643686608849037,0.1785976774952227,0.8137586358959282,10.92161259029155,24.903911367627746,9.961661,1,1,0,1.0,1.0,0.0,far,0.0,0.0,0.0,0.0,0.0,0.0,0.0,0.0,0.0,0.0,1.0,1.0,0.0,1.0,0.0
58573,3,5.0,85.0,311840.0,88560.0,65840.0,5080.0,17640.0,1141.6855,255750.0,57.401825,63.499092,0.041752182,0.28993225,144595.28,262078.55,1,1.0,0.0,144.59528,4.9808307,12.451955683813873,4.050076,4.151026,0.596910817475222,1.0,1.0,1.0,1.0,7.040261,0.057362240289069555,0.1991869918699187,0.7434507678410117,11.094982835350951,37.35586705144162,14.942492,1,0,1,1.0,0.0,1.0,far,0.0,0.0,0.0,0.0,0.0,0.0,0.0,0.0,0.0,0.0,1.0,0.0,1.0,0.0,1.0
58576,1,5.0,85.0,302390.0,76140.0,66640.0,470.0,9030.0,709.2197,302390.0,55.042576,50.858925,0.020536393,0.06204147,124323.12,242712.4,1,1.0,0.0,124.32312,4.8308954,12.619472853957662,4.008107,3.9290557,0.5828936937295927,1.0,1.0,1.0,1.0,6.5641656,0.006172839506172839,0.1185973207249803,0.8752298397688468,11.107060276840725,12.619472853957662,4.8308954,0,0,0,0.0,0.0,0.0,mid,0.0,0.0,0.0,0.0,0.0,1.0,0.0,0.0,0.0,0.0,0.0,0.0,0.0,0.0,0.0
58576,2,5.0,85.0,346000.0,88550.0,73830.0,980.0,13740.0,811.5018,302390.0,47.90476,44.545982,0.036040463,0.13348083,124323.12,242712.4,1,1.0,0.0,124.32312,4.8308954,12.619472853957662,3.8692148,3.796522,0.5828936937295927,1.0,1.0,1.0,1.0,6.6988864,0.011067193675889328,0.15516657255787691,0.8337662337662337,11.20952043205321,25.238945707915324,9.661791,1,1,0,1.0,1.0,0.0,mid,0.0,0.0,0.0,0.0,0.0,1.0,1.0,0.0,1.0,0.0,0.0,0.0,0.0,0.0,0.0
58576,3,5.0,85.0,381120.0,110100.0,83520.0,4000.0,22580.0,893.8715,302390.0,46.0073,51.526325,0.039305206,0.30395436,124323.12,242712.4,1,1.0,0.0,124.32312,4.8308954,12.619472853957662,3.8288002,3.942093,0.5828936937295927,1.0,1.0,1.0,1.0,6.7955623,0.03633060853769301,0.20508628519527702,0.75858310626703,11.332841403116465,37.85841856187299,14.492686,1,0,1,1.0,0.0,1.0,mid,0.0,0.0,0.0,0.0,0.0,1.0,0.0,1.0,0.0,1.0,0.0,0.0,0.0,0.0,0.0
58592,1,5.0,85.0,104840.0,28400.0,25300.0,110.0,2990.0,772.7005,104840.0,68.90778,61.861748,0.10558947,0.07937999,170305.53,288647.06,1,1.0,0.0,170.30553,5.143449,11.560190657437342,4.232769,4.1249022,0.5562432689063,1.0,1.0,1.0,1.0,6.6498914,0.0038732394366197184,0.10528169014084507,0.8908450704225352,10.138559674715612,11.560190657437342,5.143449,0,0,0,0.0,0.0,0.0,far,0.0,0.0,0.0,0.0,0.0,0.0,0.0,0.0,0.0,0.0,1.0,0.0,0.0,0.0,0.0
58592,2,5.0,85.0,120940.0,31660.0,28250.0,220.0,3190.0,891.36206,104840.0,58.452023,57.17836,0.112204395,0.11373708,170305.53,288647.06,1,1.0,0.0,170.30553,5.143449,11.560190657437342,4.0682063,4.0461755,0.5562432689063,1.0,1.0,1.0,1.0,6.792751,0.006948831332912192,0.10075805432722679,0.892293114339861,10.248848736574587,23.120381314874685,10.286898,1,1,0,1.0,1.0,0.0,far,0.0,0.0,0.0,0.0,0.0,0.0,0.0,0.0,0.0,0.0,1.0,1.0,0.0,1.0,0.0
58592,3,5.0,85.0,139360.0,41860.0,33340.0,1620.0,6900.0,1027.1227,104840.0,55.25128,61.54943,0.057548795,0.3007034,170305.53,288647.06,1,1.0,0.0,170.30553,5.143449,11.560190657437342,4.0118914,4.1198406,0.5562432689063,1.0,1.0,1.0,1.0,6.934517,0.03870043000477783,0.16483516483516483,0.7964644051600573,10.414513156304785,34.68057197231202,15.4303465,1,0,1,1.0,0.0,1.0,far,0.0,0.0,0.0,0.0,0.0,0.0,0.0,0.0,0.0,0.0,1.0,0.0,1.0,0.0,1.0
58811,1,5.0,88.0,246100.0,54680.0,19110.0,22730.0,12840.0,1652.5652,246100.0,52.515694,47.56472,0.04546932,0.11282051,13403.387,111693.42,1,1.0,0.0,13.403387,2.6674633,12.413493236379146,3.961112,3.8620913,0.20597652043679263,1.0,1.0,1.0,1.0,7.4100842,0.41569129480614486,0.23482077542062912,0.34948792977322607,9.857967037234319,12.413493236379146,2.6674633,0,0,0,0.0,0.0,0.0,near,1.0,0.0,0.0,0.0,0.0,0.0,0.0,0.0,0.0,0.0,0.0,0.0,0.0,0.0,0.0
58811,2,5.0,88.0,303360.0,53690.0,22160.0,14900.0,16630.0,2037.0669,246100.0,48.157433,42.711624,0.06421413,0.32393888,13403.387,111693.42,1,1.0,0.0,13.403387,2.6674633,12.413493236379146,3.8744755,3.754471,0.20597652043679263,1.0,1.0,1.0,1.0,7.6192665,0.2775190910784131,0.30974110635127583,0.41273980257031107,10.00604414086122,24.826986472758293,5.3349266,1,1,0,1.0,1.0,0.0,near,1.0,1.0,0.0,1.0,0.0,0.0,0.0,0.0,0.0,0.0,0.0,0.0,0.0,0.0,0.0
58811,3,5.0,88.0,354380.0,106480.0,24780.0,58960.0,22740.0,2379.667,246100.0,43.956226,45.92741,0.2203849,0.5679077,13403.387,111693.42,1,1.0,0.0,13.403387,2.6674633,12.413493236379146,3.7831943,3.8270621,0.20597652043679263,1.0,1.0,1.0,1.0,7.774716,0.5537190082644629,0.21356123215627348,0.23271975957926372,10.117792155183134,37.24047970913744,8.00239,1,0,1,1.0,0.0,1.0,near,1.0,0.0,1.0,0.0,1.0,0.0,0.0,0.0,0.0,0.0,0.0,0.0,0.0,0.0,0.0
58827,1,5.0,88.0,107190.0,22640.0,17210.0,1460.0,3970.0,487.62622,107190.0,52.515694,47.56472,0.16736636,0.04208417,28949.914,93581.414,1,1.0,0.0,28.949915,3.3995266,11.582358239685565,3.961112,3.8620913,0.2552694915802905,1.0,1.0,1.0,1.0,6.189549,0.06448763250883392,0.17535335689045936,0.7601590106007067,9.753245889205585,11.582358239685565,3.3995266,0,0,0,0.0,0.0,0.0,near,1.0,0.0,0.0,0.0,0.0,0.0,0.0,0.0,0.0,0.0,0.0,0.0,0.0,0.0,0.0
58827,2,5.0,88.0,153940.0,32590.0,25570.0,1310.0,5710.0,700.30023,107190.0,48.157433,42.711624,0.13531245,0.08986784,28949.914,93581.414,1,1.0,0.0,28.949915,3.3995266,11.582358239685565,3.8744755,3.754471,0.2552694915802905,1.0,1.0,1.0,1.0,6.551509,0.040196379257440934,0.17520711874808223,0.7845965019944768,10.149175068285233,23.16471647937113,6.799053,1,1,0,1.0,1.0,0.0,near,1.0,1.0,0.0,1.0,0.0,0.0,0.0,0.0,0.0,0.0,0.0,0.0,0.0,0.0,0.0
58827,3,5.0,88.0,161380.0,44060.0,28220.0,7920.0,7920.0,734.1461,107190.0,43.956226,45.92741,0.13582848,0.20481928,28949.914,93581.414,1,1.0,0.0,28.949915,3.3995266,11.582358239685565,3.7831943,3.8270621,0.2552694915802905,1.0,1.0,1.0,1.0,6.598708,0.17975487970948706,0.17975487970948706,0.6404902405810259,10.247786225406806,34.7470747190567,10.19858,1,0,1,1.0,0.0,1.0,near,1.0,0.0,1.0,0.0,1.0,0.0,0.0,0.0,0.0,0.0,0.0,0.0,0.0,0.0,0.0
58844,1,5.0,88.0,105280.0,24710.0,16130.0,3840.0,4740.0,1094.5005,105280.0,52.515694,47.56472,0.07285334,0.01710731,13144.57,122506.54,1,1.0,0.0,13.14457,2.6493309,11.564378746559145,3.961112,3.8620913,0.16282210157265734,1.0,1.0,1.0,1.0,6.9980536,0.15540267098340751,0.19182517199514368,0.6527721570214488,9.688436171119255,11.564378746559145,2.6493309,0,0,0,0.0,0.0,0.0,near,1.0,0.0,0.0,0.0,0.0,0.0,0.0,0.0,0.0,0.0,0.0,0.0,0.0,0.0,0.0
58844,2,5.0,88.0,128260.0,27830.0,17060.0,4070.0,6700.0,1333.4026,105280.0,48.157433,42.711624,0.06673943,0.1769468,13144.57,122506.54,1,1.0,0.0,13.14457,2.6493309,11.564378746559145,3.8744755,3.754471,0.16282210157265734,1.0,1.0,1.0,1.0,7.1954894,0.14624505928853754,0.24074739489759253,0.61300754581387,9.74449182104567,23.12875749311829,5.2986617,1,1,0,1.0,1.0,0.0,near,1.0,1.0,0.0,1.0,0.0,0.0,0.0,0.0,0.0,0.0,0.0,0.0,0.0,0.0,0.0
58844,3,5.0,88.0,139120.0,36900.0,16640.0,9240.0,11020.0,1446.3042,105280.0,43.956226,45.92741,0.06958022,0.5694618,13144.57,122506.54,1,1.0,0.0,13.14457,2.6493309,11.564378746559145,3.7831943,3.8270621,0.16282210157265734,1.0,1.0,1.0,1.0,7.276767,0.25040650406504067,0.2986449864498645,0.45094850948509485,9.719564714375199,34.693136239677436,7.9479923,1,0,1,1.0,0.0,1.0,near,1.0,0.0,1.0,0.0,1.0,0.0,0.0,0.0,0.0,0.0,0.0,0.0,0.0,0.0,0.0
58850,1,5.0,88.0,235570.0,58060.0,49230.0,610.0,8220.0,651.1596,235570.0,55.196808,51.46398,0.086046614,0.015364639,31833.48,149966.97,1,1.0,0.0,31.83348,3.4914489,12.369763388186652,4.0109053,3.9408822,0.32137604675556125,1.0,1.0,1.0,1.0,6.478755,0.010506372717878057,0.14157767826386497,0.847915949018257,10.804258472752247,12.369763388186652,3.4914489,0,0,0,0.0,0.0,0.0,near,1.0,0.0,0.0,0.0,0.0,0.0,0.0,0.0,0.0,0.0,0.0,0.0,0.0,0.0,0.0
58850,2,5.0,88.0,265770.0,66430.0,53910.0,1140.0,11380.0,734.63806,235570.0,49.513065,43.86219,0.10603153,0.10425917,31833.48,149966.97,1,1.0,0.0,31.83348,3.4914489,12.369763388186652,3.9022365,3.7810526,0.32137604675556125,1.0,1.0,1.0,1.0,6.599378,0.01716092127051031,0.17130814391088364,0.811530934818606,10.895071268445715,24.739526776373303,6.9828978,1,1,0,1.0,1.0,0.0,near,1.0,1.0,0.0,1.0,0.0,0.0,0.0,0.0,0.0,0.0,0.0,0.0,0.0,0.0,0.0
58850,3,5.0,88.0,273160.0,78420.0,52440.0,11660.0,14320.0,755.06537,235570.0,46.27639,49.57259,0.05981842,0.282721,31833.48,149966.97,1,1.0,0.0,31.83348,3.4914489,12.369763388186652,3.834632,3.903438,0.32137604675556125,1.0,1.0,1.0,1.0,6.6268044,0.1486865595511349,0.1826064779393012,0.6687069625095639,10.867424937877637,37.10929016455995,10.474346,1,0,1,1.0,0.0,1.0,near,1.0,0.0,1.0,0.0,1.0,0.0,0.0,0.0,0.0,0.0,0.0,0.0,0.0,0.0,0.0
58861,1,5.0,88.0,224200.0,58980.0,47770.0,1960.0,9250.0,877.3921,224200.0,51.79184,49.004074,0.023416592,0.07798712,28315.334,140070.17,1,1.0,0.0,28.315334,3.3781106,12.320293789620196,3.9472327,3.8919034,0.29981471635469387,1.0,1.0,1.0,1.0,6.776954,0.033231603933536795,0.15683282468633436,0.8099355713801288,10.774153106384007,12.320293789620196,3.3781106,0,0,0,0.0,0.0,0.0,near,1.0,0.0,0.0,0.0,0.0,0.0,0.0,0.0,0.0,0.0,0.0,0.0,0.0,0.0,0.0
58861,2,5.0,88.0,267940.0,68040.0,53210.0,3300.0,11530.0,1048.5657,224200.0,45.61957,40.023468,0.02567739,0.17536108,28315.334,140070.17,1,1.0,0.0,28.315334,3.3781106,12.320293789620196,3.8203368,3.689466,0.29981471635469387,1.0,1.0,1.0,1.0,6.9551787,0.048500881834215165,0.16945914168136392,0.7820399764844209,10.882001627590414,24.640587579240393,6.7562213,1,1,0,1.0,1.0,0.0,near,1.0,1.0,0.0,1.0,0.0,0.0,0.0,0.0,0.0,0.0,0.0,0.0,0.0,0.0,0.0
58861,3,5.0,88.0,324640.0,93360.0,62980.0,11620.0,18760.0,1270.4575,224200.0,42.791122,46.135414,0.057294235,0.37319285,28315.334,140070.17,1,1.0,0.0,28.315334,3.3781106,12.320293789620196,3.7563307,3.8315809,0.29981471635469387,1.0,1.0,1.0,1.0,7.1471324,0.12446443873179092,0.200942587832048,0.6745929734361611,11.050572494655016,36.96088136886059,10.134332,1,0,1,1.0,0.0,1.0,near,1.0,0.0,1.0,0.0,1.0,0.0,0.0,0.0,0.0,0.0,0.0,0.0,0.0,0.0,0.0
58867,1,5.0,88.0,420120.0,95220.0,56820.0,16750.0,21650.0,1302.4957,420120.0,52.515694,47.56472,0.15171856,0.13270143,29375.152,103192.92,1,1.0,0.0,29.375153,3.413625,12.948295663736712,3.961112,3.8620913,0.35009286921534566,1.0,1.0,1.0,1.0,7.1720376,0.17590842260029405,0.227368199957992,0.5967233774417139,10.947643655408179,12.948295663736712,3.413625,0,0,0,0.0,0.0,0.0,near,1.0,0.0,0.0,0.0,0.0,0.0,0.0,0.0,0.0,0.0,0.0,0.0,0.0,0.0,0.0
58867,2,5.0,88.0,473510.0,100990.0,62560.0,14040.0,24390.0,1468.0205,420120.0,48.157433,42.711624,0.12141243,0.30867428,29375.152,103192.92,1,1.0,0.0,29.375153,3.413625,12.948295663736712,3.8744755,3.754471,0.35009286921534566,1.0,1.0,1.0,1.0,7.2916703,0.1390236657094762,0.2415090603030003,0.6194672739875235,11.043881375219193,25.896591327473423,6.82725,1,1,0,1.0,1.0,0.0,near,1.0,1.0,0.0,1.0,0.0,0.0,0.0,0.0,0.0,0.0,0.0,0.0,0.0,0.0,0.0
58867,3,5.0,88.0,568700.0,164220.0,80640.0,47620.0,35960.0,1763.1376,420120.0,43.956226,45.92741,0.12794092,0.5408642,29375.152,103192.92,1,1.0,0.0,29.375153,3.413625,12.948295663736712,3.7831943,3.8270621,0.35009286921534566,1.0,1.0,1.0,1.0,7.47485,0.2899768603093411,0.21897454634027524,0.49104859335038364,11.297750083305196,38.84488699121013,10.240875,1,0,1,1.0,0.0,1.0,near,1.0,0.0,1.0,0.0,1.0,0.0,0.0,0.0,0.0,0.0,0.0,0.0,0.0,0.0,0.0
58878,1,5.0,88.0,390600.0,85480.0,47930.0,9950.0,27600.0,1244.3849,390600.0,53.97812,49.563473,0.27258065,0.17381084,14746.269,132806.52,1,1.0,0.0,14.746268,2.7566035,12.875439297424716,3.9885788,3.903254,0.24353673339799908,1.0,1.0,1.0,1.0,7.1263967,0.11640149742629854,0.32288254562470753,0.5607159569489939,10.777496892153676,12.875439297424716,2.7566035,0,0,0,0.0,0.0,0.0,near,1.0,0.0,0.0,0.0,0.0,0.0,0.0,0.0,0.0,0.0,0.0,0.0,0.0,0.0,0.0
58878,2,5.0,88.0,485020.0,98320.0,54270.0,10280.0,33770.0,1545.1909,390600.0,48.89687,43.230717,0.28009155,0.29806066,14746.269,132806.52,1,1.0,0.0,14.746268,2.7566035,12.875439297424716,3.8897133,3.7665513,0.24353673339799908,1.0,1.0,1.0,1.0,7.3429027,0.10455655004068348,0.34347030105777054,0.5519731489015459,10.90172686705745,25.750878594849432,5.513207,1,1,0,1.0,1.0,0.0,near,1.0,1.0,0.0,1.0,0.0,0.0,0.0,0.0,0.0,0.0,0.0,0.0,0.0,0.0,0.0
58878,3,5.0,88.0,558540.0,157780.0,51340.0,38360.0,68080.0,1779.4131,390600.0,45.221767,47.863472,0.30572563,0.6723476,14746.269,132806.52,1,1.0,0.0,14.746268,2.7566035,12.875439297424716,3.8115785,3.8683527,0.24353673339799908,1.0,1.0,1.0,1.0,7.484039,0.24312333629103816,0.4314868804664723,0.3253897832424895,10.84622545442513,38.626317892274145,8.269811,1,0,1,1.0,0.0,1.0,near,1.0,0.0,1.0,0.0,1.0,0.0,0.0,0.0,0.0,0.0,0.0,0.0,0.0,0.0,0.0
58889,1,5.0,88.0,135060.0,37660.0,35300.0,180.0,2180.0,454.02896,135060.0,48.2653,47.685596,0.038353324,0.015495087,42460.867,144964.3,1,1.0,0.0,42.46087,3.771861,11.813474403128833,3.8767128,3.8646295,0.32791517006420456,1.0,1.0,1.0,1.0,6.118161,0.004779607010090282,0.057886351566648966,0.9373340414232607,10.471638242921388,11.813474403128833,3.771861,0,0,0,0.0,0.0,0.0,near,1.0,0.0,0.0,0.0,0.0,0.0,0.0,0.0,0.0,0.0,0.0,0.0,0.0,0.0,0.0
58889,2,5.0,88.0,166140.0,44380.0,41150.0,150.0,3080.0,558.5101,135060.0,41.07118,35.686592,0.037077162,0.20471625,42460.867,144964.3,1,1.0,0.0,42.46087,3.771861,11.813474403128833,3.7153065,3.574775,0.32791517006420456,1.0,1.0,1.0,1.0,6.3252726,0.0033799008562415502,0.0694006309148265,0.927219468228932,10.624979206105216,23.626948806257666,7.543722,1,1,0,1.0,1.0,0.0,near,1.0,1.0,0.0,1.0,0.0,0.0,0.0,0.0,0.0,0.0,0.0,0.0,0.0,0.0,0.0
58889,3,5.0,88.0,196440.0,57200.0,47260.0,2180.0,7760.0,660.36914,135060.0,39.19467,43.130627,0.040419467,0.40727124,42460.867,144964.3,1,1.0,0.0,42.46087,3.771861,11.813474403128833,3.6685407,3.7642334,0.32791517006420456,1.0,1.0,1.0,1.0,6.492799,0.03811188811188811,0.13566433566433567,0.8262237762237762,10.763419550740899,35.440423209386495,11.315583,1,0,1,1.0,0.0,1.0,near,1.0,0.0,1.0,0.0,1.0,0.0,0.0,0.0,0.0,0.0,0.0,0.0,0.0,0.0,0.0
58894,1,5.0,88.0,398680.0,99670.0,76170.0,6650.0,16850.0,959.8883,398680.0,50.812954,47.442844,0.03943012,0.054712117,26590.863,124753.16,1,1.0,0.0,26.590864,3.3174846,12.895914369081392,3.9281514,3.8595257,0.33016480139708504,1.0,1.0,1.0,1.0,6.866817,0.06672017658272299,0.16905789104043342,0.7642219323768435,11.240722963366833,12.895914369081392,3.3174846,0,0,0,0.0,0.0,0.0,near,1.0,0.0,0.0,0.0,0.0,0.0,0.0,0.0,0.0,0.0,0.0,0.0,0.0,0.0,0.0
58894,2,5.0,88.0,450430.0,104200.0,76560.0,7380.0,20260.0,1084.485,398680.0,45.46341,39.77911,0.08232134,0.2651198,26590.863,124753.16,1,1.0,0.0,26.590864,3.3174846,12.895914369081392,3.816908,3.683342,0.33016480139708504,1.0,1.0,1.0,1.0,6.9888606,0.0708253358925144,0.1944337811900192,0.7347408829174664,11.245830026126836,25.791828738162785,6.634969,1,1,0,1.0,1.0,0.0,near,1.0,1.0,0.0,1.0,0.0,0.0,0.0,0.0,0.0,0.0,0.0,0.0,0.0,0.0,0.0
58894,3,5.0,88.0,539260.0,152200.0,92460.0,24300.0,35440.0,1298.358,398680.0,42.100864,44.715393,0.08682268,0.44543105,26590.863,124753.16,1,1.0,0.0,26.590864,3.3174846,12.895914369081392,3.7400682,3.8003178,0.33016480139708504,1.0,1.0,1.0,1.0,7.1688557,0.15965834428383704,0.2328515111695138,0.6074901445466492,11.434531397542216,38.687743107244174,9.952454,1,0,1,1.0,0.0,1.0,near,1.0,0.0,1.0,0.0,1.0,0.0,0.0,0.0,0.0,0.0,0.0,0.0,0.0,0.0,0.0
59408,1,5.0,94.0,146990.0,38690.0,36030.0,210.0,2450.0,526.92145,146990.0,95.462395,101.26795,0.08279475,0.020709021,242489.22,358234.12,1,1.0,0.0,242.48921,5.495073,11.898119836236033,4.5587325,4.61777,0.6452089638141447,1.0,1.0,1.0,1.0,6.2670517,0.005427759110881365,0.06332385629361592,0.9312483845955027,10.492107203742139,11.898119836236033,5.495073,0,0,0,0.0,0.0,0.0,far,0.0,0.0,0.0,0.0,0.0,0.0,0.0,0.0,0.0,0.0,1.0,0.0,0.0,0.0,0.0
59408,2,5.0,94.0,168350.0,41950.0,36740.0,370.0,4840.0,603.4916,146990.0,61.759415,65.91083,0.08601128,0.10484964,242489.22,358234.12,1,1.0,0.0,242.48921,5.495073,11.898119836236033,4.1232467,4.1883025,0.6452089638141447,1.0,1.0,1.0,1.0,6.402732,0.008820023837902265,0.11537544696066745,0.8758045292014303,10.511621358769117,23.796239672472066,10.990146,1,1,0,1.0,1.0,0.0,far,0.0,0.0,0.0,0.0,0.0,0.0,0.0,0.0,0.0,0.0,1.0,1.0,0.0,1.0,0.0
59408,3,5.0,94.0,195980.0,56460.0,47240.0,1660.0,7560.0,702.538,146990.0,58.675526,70.11195,0.08092663,0.24165203,242489.22,358234.12,1,1.0,0.0,242.48921,5.495073,11.898119836236033,4.072023,4.2500935,0.6452089638141447,1.0,1.0,1.0,1.0,6.5546994,0.029401346085724405,0.1339001062699256,0.83669854764435,10.762996270311298,35.6943595087081,16.485218,1,0,1,1.0,0.0,1.0,far,0.0,0.0,0.0,0.0,0.0,0.0,0.0,0.0,0.0,0.0,1.0,0.0,1.0,0.0,1.0
59451,1,5.0,94.0,101620.0,24810.0,22790.0,400.0,1620.0,522.8173,101620.0,64.54768,66.21869,0.046939578,0.016853932,231047.6,344230.16,1,1.0,0.0,231.04759,5.4469423,11.528995645147722,4.167404,4.1929626,0.608912798323103,1.0,1.0,1.0,1.0,6.259232,0.016122531237404272,0.06529625151148731,0.9185812172511084,10.03407712223973,11.528995645147722,5.4469423,0,0,0,0.0,0.0,0.0,far,0.0,0.0,0.0,0.0,0.0,0.0,0.0,0.0,0.0,0.0,1.0,0.0,0.0,0.0,0.0
59451,2,5.0,94.0,128150.0,28630.0,26220.0,80.0,2330.0,659.3096,101620.0,42.737885,43.898727,0.0467421,0.08078101,231047.6,344230.16,1,1.0,0.0,231.04759,5.4469423,11.528995645147722,3.7550857,3.7818854,0.608912798323103,1.0,1.0,1.0,1.0,6.4911933,0.0027942717429269995,0.08138316451274887,0.9158225637443241,10.174277757317691,23.057991290295444,10.893885,1,1,0,1.0,1.0,0.0,far,0.0,0.0,0.0,0.0,0.0,0.0,0.0,0.0,0.0,0.0,1.0,1.0,0.0,1.0,0.0
59451,3,5.0,94.0,145860.0,39220.0,34020.0,660.0,4540.0,750.42444,101620.0,42.074657,50.86999,0.047305636,0.22944786,231047.6,344230.16,1,1.0,0.0,231.04759,5.4469423,11.528995645147722,3.7394457,3.9292731,0.608912798323103,1.0,1.0,1.0,1.0,6.620639,0.016828148903620603,0.11575726670066293,0.8674145843957165,10.434703865949853,34.586986935443164,16.340828,1,0,1,1.0,0.0,1.0,far,0.0,0.0,0.0,0.0,0.0,0.0,0.0,0.0,0.0,0.0,1.0,0.0,1.0,0.0,1.0
59482,1,5.0,94.0,180710.0,51050.0,45130.0,540.0,5380.0,483.44037,180710.0,64.54768,66.21869,0.117259696,0.0364395,213186.84,328142.12,1,1.0,0.0,213.18684,5.366849,12.10464881539221,4.167404,4.1929626,0.6385188570185052,1.0,1.0,1.0,1.0,6.180928,0.010577864838393732,0.10538687561214495,0.8840352595494613,10.717302492821046,12.10464881539221,5.366849,0,0,0,0.0,0.0,0.0,far,0.0,0.0,0.0,0.0,0.0,0.0,0.0,0.0,0.0,0.0,1.0,0.0,0.0,0.0,0.0
59482,2,5.0,94.0,216100.0,57440.0,48760.0,350.0,8330.0,578.11664,180710.0,42.737885,43.898727,0.12582138,0.095596135,213186.84,328142.12,1,1.0,0.0,213.18684,5.366849,12.10464881539221,3.7550857,3.7818854,0.6385188570185052,1.0,1.0,1.0,1.0,6.3597755,0.006093314763231198,0.1450208913649025,0.8488857938718662,10.794665583595208,24.20929763078442,10.733698,1,1,0,1.0,1.0,0.0,far,0.0,0.0,0.0,0.0,0.0,0.0,0.0,0.0,0.0,0.0,1.0,1.0,0.0,1.0,0.0
59482,3,5.0,94.0,244320.0,73720.0,51480.0,2120.0,20120.0,653.6116,180710.0,42.074657,50.86999,0.11190242,0.26174957,213186.84,328142.12,1,1.0,0.0,213.18684,5.366849,12.10464881539221,3.7394457,3.9292731,0.6385188570185052,1.0,1.0,1.0,1.0,6.4825134,0.02875746066196419,0.272924579489962,0.6983179598480738,10.848948661710063,36.31394644617663,16.100548,1,0,1,1.0,0.0,1.0,far,0.0,0.0,0.0,0.0,0.0,0.0,0.0,0.0,0.0,0.0,1.0,0.0,1.0,0.0,1.0
59486,1,5.0,94.0,156030.0,41370.0,37100.0,380.0,3890.0,499.4878,156030.0,70.73063,73.12036,0.084470935,0.058842976,229290.61,343781.8,1,1.0,0.0,229.2906,5.439342,11.957803575435229,4.2588787,4.292107,0.6400709264815756,1.0,1.0,1.0,1.0,6.213583,0.00918540004834421,0.09402948996857627,0.8967851099830795,10.521372248595526,11.957803575435229,5.439342,0,0,0,0.0,0.0,0.0,far,0.0,0.0,0.0,0.0,0.0,0.0,0.0,0.0,0.0,0.0,1.0,0.0,0.0,0.0,0.0
59486,2,5.0,94.0,196830.0,49460.0,43100.0,280.0,6080.0,630.09796,156030.0,46.54219,48.27729,0.09475182,0.107845515,229290.61,343781.8,1,1.0,0.0,229.2906,5.439342,11.957803575435229,3.8403592,3.8769612,0.6400709264815756,1.0,1.0,1.0,1.0,6.445875,0.005661140315406389,0.12292761827739587,0.8714112414071977,10.671278276091838,23.915607150870457,10.878684,1,1,0,1.0,1.0,0.0,far,0.0,0.0,0.0,0.0,0.0,0.0,0.0,0.0,0.0,0.0,1.0,1.0,0.0,1.0,0.0
59486,3,5.0,94.0,221940.0,63680.0,47900.0,2420.0,13360.0,710.48083,156030.0,45.394833,54.63491,0.08344597,0.28084606,229290.61,343781.8,1,1.0,0.0,229.2906,5.439342,11.957803575435229,3.8153982,4.0006733,0.6400709264815756,1.0,1.0,1.0,1.0,6.565942,0.03800251256281407,0.20979899497487436,0.7521984924623115,10.776870783399007,35.873410726305686,16.318026,1,0,1,1.0,0.0,1.0,far,0.0,0.0,0.0,0.0,0.0,0.0,0.0,0.0,0.0,0.0,1.0,0.0,1.0,0.0,1.0
59494,1,5.0,94.0,421180.0,100220.0,81710.0,1390.0,17120.0,646.15,421180.0,90.568504,92.960495,0.10434969,0.15739268,227798.92,344634.53,1,1.0,0.0,227.79892,5.4328437,12.950815574733769,4.5061064,4.5321746,0.7092612857381125,1.0,1.0,1.0,1.0,6.4710317,0.013869487128317702,0.17082418678906405,0.8153063260826182,11.310931672378754,12.950815574733769,5.4328437,0,0,0,0.0,0.0,0.0,far,0.0,0.0,0.0,0.0,0.0,0.0,0.0,0.0,0.0,0.0,1.0,0.0,0.0,0.0,0.0
59494,2,5.0,94.0,503980.0,118910.0,93280.0,860.0,24770.0,773.17706,421180.0,62.049625,64.55287,0.101293705,0.2530898,227798.92,344634.53,1,1.0,0.0,227.79892,5.4328437,12.950815574733769,4.1279345,4.1674848,0.7092612857381125,1.0,1.0,1.0,1.0,6.650508,0.007232360608863847,0.20830880497855522,0.7844588344125809,11.44336100158432,25.901631149467537,10.865687,1,1,0,1.0,1.0,0.0,far,0.0,0.0,0.0,0.0,0.0,0.0,0.0,0.0,0.0,0.0,1.0,1.0,0.0,1.0,0.0
59494,3,5.0,94.0,582020.0,168500.0,99620.0,7700.0,61180.0,892.9015,421180.0,58.689278,69.16213,0.15810454,0.47502625,227798.92,344634.53,1,1.0,0.0,227.79892,5.4328437,12.950815574733769,4.072257,4.2364535,0.7092612857381125,1.0,1.0,1.0,1.0,6.7944765,0.0456973293768546,0.3630860534124629,0.5912166172106825,11.509118226627274,38.85244672420131,16.29853,1,0,1,1.0,0.0,1.0,far,0.0,0.0,0.0,0.0,0.0,0.0,0.0,0.0,0.0,0.0,1.0,0.0,1.0,0.0,1.0
