geocode,year,mn,div,dist,pop91,rainm,rainsd,jamuna_m,padma_m,treat,smp1,treatd,mdist,lmdist,lpop91,lrainm,lrainsd,p,ipw1,ipw2,ipw3,ipw4,lmn,D_lmn,lpop91_t,lmdist_t,post,sr,lr,treat_post,treat_sr,treat_lr,band,dm_near,sr_near,lr_near,tsr_near,tlr_near,dm_mid,sr_mid,lr_mid,tsr_mid,tlr_mid,dm_far,sr_far,lr_far,tsr_far,tlr_far
10409,1,1.0166667,1.0,4.0,244420.0,64.28601,63.832626,260636.16,148376.4,0,0.0,0.0,148.3764,5.0064692,12.406643335991992,4.1787777,4.1562643,0.5974945461847948,1.49640966322419,1.5166836286623067,1.49640966322419,1.5166836286623067,0.701446,,12.406643335991992,5.0064692,0,0,0,0.0,0.0,0.0,far,0.0,0.0,0.0,0.0,0.0,0.0,0.0,0.0,0.0,0.0,1.0,0.0,0.0,0.0,0.0
10409,2,1.0533333,1.0,4.0,244420.0,56.351475,55.748596,260636.16,148376.4,0,0.0,0.0,148.3764,5.0064692,12.406643335991992,4.0491986,4.020852,0.5974945461847948,1.49640966322419,1.5166836286623067,1.49640966322419,1.5166836286623067,0.7194645,0.018018484,24.813286671983985,10.0129385,0,0,0,0.0,0.0,0.0,far,0.0,0.0,0.0,0.0,0.0,0.0,0.0,0.0,0.0,0.0,1.0,0.0,0.0,0.0,0.0
10409,3,1.045,1.0,4.0,244420.0,60.045456,62.52816,260636.16,148376.4,0,0.0,0.0,148.3764,5.0064692,12.406643335991992,4.111619,4.1356173,0.5974945461847948,1.49640966322419,1.5166836286623067,1.49640966322419,1.5166836286623067,0.71539783,-0.004066646,37.219930007975975,15.019407,1,1,0,0.0,0.0,0.0,far,0.0,0.0,0.0,0.0,0.0,0.0,0.0,0.0,0.0,0.0,1.0,1.0,0.0,0.0,0.0
10409,4,1.0833334,1.0,4.0,244420.0,57.72656,53.80264,260636.16,148376.4,0,0.0,0.0,148.3764,5.0064692,12.406643335991992,4.072892,3.9853225,0.5974945461847948,1.49640966322419,1.5166836286623067,1.49640966322419,1.5166836286623067,0.7339693,0.018571436,49.62657334396797,20.025877,1,1,0,0.0,0.0,0.0,far,0.0,0.0,0.0,0.0,0.0,0.0,0.0,0.0,0.0,0.0,1.0,1.0,0.0,0.0,0.0
10409,5,1.0566667,1.0,4.0,244420.0,61.818478,61.330963,260636.16,148376.4,0,0.0,0.0,148.3764,5.0064692,12.406643335991992,4.1402493,4.116285,0.5974945461847948,1.49640966322419,1.5166836286623067,1.49640966322419,1.5166836286623067,0.7210866,-0.01288265,62.03321667995996,25.032347,1,0,1,0.0,0.0,0.0,far,0.0,0.0,0.0,0.0,0.0,0.0,0.0,0.0,0.0,0.0,1.0,0.0,1.0,0.0,0.0
10409,6,1.0733333,1.0,4.0,244420.0,54.745113,54.827724,260636.16,148376.4,0,0.0,0.0,148.3764,5.0064692,12.406643335991992,4.0207896,4.004196,0.5974945461847948,1.49640966322419,1.5166836286623067,1.49640966322419,1.5166836286623067,0.72915757,0.008070946,74.43986001595195,30.038815,1,0,1,0.0,0.0,0.0,far,0.0,0.0,0.0,0.0,0.0,0.0,0.0,0.0,0.0,0.0,1.0,0.0,1.0,0.0,0.0
10409,7,1.035,1.0,4.0,244420.0,59.64119,62.2691,260636.16,148376.4,0,0.0,0.0,148.3764,5.0064692,12.406643335991992,4.1049743,4.1314654,0.5974945461847948,1.49640966322419,1.5166836286623067,1.49640966322419,1.5166836286623067,0.71049577,-0.018661797,86.84650335194395,35.045284,1,0,1,0.0,0.0,0.0,far,0.0,0.0,0.0,0.0,0.0,0.0,0.0,0.0,0.0,0.0,1.0,0.0,1.0,0.0,0.0
10419,1,1.0966667,1.0,4.0,65850.0,63.399235,62.62426,237144.56,128130.87,0,0.0,0.0,128.13087,4.8608265,11.095134707171427,4.1651015,4.1371527,0.4690143042682806,0.8904132097913984,1.0510411012204988,0.8904132097913984,1.0510411012204988,0.7403489,,11.095134707171427,4.8608265,0,0,0,0.0,0.0,0.0,mid,0.0,0.0,0.0,0.0,0.0,1.0,0.0,0.0,0.0,0.0,0.0,0.0,0.0,0.0,0.0
10419,2,1.38,1.0,4.0,65850.0,55.90219,55.130154,237144.56,128130.87,0,0.0,0.0,128.13087,4.8608265,11.095134707171427,4.0413337,4.009697,0.4690143042682806,0.8904132097913984,1.0510411012204988,0.8904132097913984,1.0510411012204988,0.86710054,0.12675166,22.190269414342854,9.721653,0,0,0,0.0,0.0,0.0,mid,0.0,0.0,0.0,0.0,0.0,1.0,0.0,0.0,0.0,0.0,0.0,0.0,0.0,0.0,0.0
10419,3,1.2475,1.0,4.0,65850.0,59.75582,61.99453,237144.56,128130.87,0,0.0,0.0,128.13087,4.8608265,11.095134707171427,4.106863,4.127046,0.4690143042682806,0.8904132097913984,1.0510411012204988,0.8904132097913984,1.0510411012204988,0.80981845,-0.05728209,33.28540412151428,14.5824795,1,1,0,0.0,0.0,0.0,mid,0.0,0.0,0.0,0.0,0.0,1.0,1.0,0.0,0.0,0.0,0.0,0.0,0.0,0.0,0.0
10419,4,1.0,1.0,4.0,65850.0,57.461597,53.454224,237144.56,128130.87,0,0.0,0.0,128.13087,4.8608265,11.095134707171427,4.06837,3.9788256,0.4690143042682806,0.8904132097913984,1.0510411012204988,0.8904132097913984,1.0510411012204988,0.6931472,-0.116671264,44.38053882868571,19.443306,1,1,0,0.0,0.0,0.0,mid,0.0,0.0,0.0,0.0,0.0,1.0,1.0,0.0,0.0,0.0,0.0,0.0,0.0,0.0,0.0
10419,5,1.0233333,1.0,4.0,65850.0,61.612953,61.23772,237144.56,128130.87,0,0.0,0.0,128.13087,4.8608265,11.095134707171427,4.136972,4.1147633,0.4690143042682806,0.8904132097913984,1.0510411012204988,0.8904132097913984,1.0510411012204988,0.7047463,0.0115991235,55.47567353585713,24.304132,1,0,1,0.0,0.0,0.0,mid,0.0,0.0,0.0,0.0,0.0,1.0,0.0,1.0,0.0,0.0,0.0,0.0,0.0,0.0,0.0
10419,6,1.0,1.0,4.0,65850.0,54.44788,54.332905,237144.56,128130.87,0,0.0,0.0,128.13087,4.8608265,11.095134707171427,4.0154433,3.99513,0.4690143042682806,0.8904132097913984,1.0510411012204988,0.8904132097913984,1.0510411012204988,0.6931472,-0.0115991235,66.57080824302857,29.164959,1,0,1,0.0,0.0,0.0,mid,0.0,0.0,0.0,0.0,0.0,1.0,0.0,1.0,0.0,0.0,0.0,0.0,0.0,0.0,0.0
10419,7,1.0,1.0,4.0,65850.0,59.28074,61.789078,237144.56,128130.87,0,0.0,0.0,128.13087,4.8608265,11.095134707171427,4.099013,4.123727,0.4690143042682806,0.8904132097913984,1.0510411012204988,0.8904132097913984,1.0510411012204988,0.6931472,0.0,77.66594295019999,34.025787,1,0,1,0.0,0.0,0.0,mid,0.0,0.0,0.0,0.0,0.0,1.0,0.0,1.0,0.0,0.0,0.0,0.0,0.0,0.0,0.0
10428,1,1.61,1.0,4.0,220400.0,63.399235,62.62426,253781.38,143560.8,0,0.0,0.0,143.56079,4.9737,12.303199356260896,4.1651015,4.1371527,0.5837804601146792,1.4138893316090633,1.4627974249615092,1.4138893316090633,1.4627974249615092,0.9593502,,12.303199356260896,4.9737,0,0,0,0.0,0.0,0.0,far,0.0,0.0,0.0,0.0,0.0,0.0,0.0,0.0,0.0,0.0,1.0,0.0,0.0,0.0,0.0
10428,2,1.72,1.0,4.0,220400.0,55.90219,55.130154,253781.38,143560.8,0,0.0,0.0,143.56079,4.9737,12.303199356260896,4.0413337,4.009697,0.5837804601146792,1.4138893316090633,1.4627974249615092,1.4138893316090633,1.4627974249615092,1.0006319,0.0412817,24.60639871252179,9.9474,0,0,0,0.0,0.0,0.0,far,0.0,0.0,0.0,0.0,0.0,0.0,0.0,0.0,0.0,0.0,1.0,0.0,0.0,0.0,0.0
10428,3,1.7075,1.0,4.0,220400.0,59.75582,61.99453,253781.38,143560.8,0,0.0,0.0,143.56079,4.9737,12.303199356260896,4.106863,4.127046,0.5837804601146792,1.4138893316090633,1.4627974249615092,1.4138893316090633,1.4627974249615092,0.9960257,-0.004606247,36.909598068782685,14.921101,1,1,0,0.0,0.0,0.0,far,0.0,0.0,0.0,0.0,0.0,0.0,0.0,0.0,0.0,0.0,1.0,1.0,0.0,0.0,0.0
10428,4,1.8,1.0,4.0,220400.0,57.461597,53.454224,253781.38,143560.8,0,0.0,0.0,143.56079,4.9737,12.303199356260896,4.06837,3.9788256,0.5837804601146792,1.4138893316090633,1.4627974249615092,1.4138893316090633,1.4627974249615092,1.0296195,0.033593774,49.21279742504358,19.8948,1,1,0,0.0,0.0,0.0,far,0.0,0.0,0.0,0.0,0.0,0.0,0.0,0.0,0.0,0.0,1.0,1.0,0.0,0.0,0.0
10428,5,1.5666667,1.0,4.0,220400.0,61.612953,61.23772,253781.38,143560.8,0,0.0,0.0,143.56079,4.9737,12.303199356260896,4.136972,4.1147633,0.5837804601146792,1.4138893316090633,1.4627974249615092,1.4138893316090633,1.4627974249615092,0.942608,-0.08701146,61.51599678130448,24.8685,1,0,1,0.0,0.0,0.0,far,0.0,0.0,0.0,0.0,0.0,0.0,0.0,0.0,0.0,0.0,1.0,0.0,1.0,0.0,0.0
10428,6,1.9866667,1.0,4.0,220400.0,54.44788,54.332905,253781.38,143560.8,0,0.0,0.0,143.56079,4.9737,12.303199356260896,4.0154433,3.99513,0.5837804601146792,1.4138893316090633,1.4627974249615092,1.4138893316090633,1.4627974249615092,1.0941579,0.15154994,73.81919613756537,29.842201,1,0,1,0.0,0.0,0.0,far,0.0,0.0,0.0,0.0,0.0,0.0,0.0,0.0,0.0,0.0,1.0,0.0,1.0,0.0,0.0
10428,7,2.04,1.0,4.0,220400.0,59.28074,61.789078,253781.38,143560.8,0,0.0,0.0,143.56079,4.9737,12.303199356260896,4.099013,4.123727,0.5837804601146792,1.4138893316090633,1.4627974249615092,1.4138893316090633,1.4627974249615092,1.1118575,0.0176996,86.12239549382628,34.8159,1,0,1,0.0,0.0,0.0,far,0.0,0.0,0.0,0.0,0.0,0.0,0.0,0.0,0.0,0.0,1.0,0.0,1.0,0.0,0.0
10447,1,1.0333333,1.0,4.0,108350.0,63.399235,62.62426,230616.36,119056.375,0,0.0,0.0,119.05637,4.7879615,11.593122006964505,4.1651015,4.1371527,0.4944997605776621,0.9861274495978315,1.1245100317395136,0.9861274495978315,1.1245100317395136,0.70967644,,11.593122006964505,4.7879615,0,0,0,0.0,0.0,0.0,mid,0.0,0.0,0.0,0.0,0.0,1.0,0.0,0.0,0.0,0.0,0.0,0.0,0.0,0.0,0.0
10447,2,1.0766666,1.0,4.0,108350.0,55.90219,55.130154,230616.36,119056.375,0,0.0,0.0,119.05637,4.7879615,11.593122006964505,4.0413337,4.009697,0.4944997605776621,0.9861274495978315,1.1245100317395136,0.9861274495978315,1.1245100317395136,0.73076403,0.021087587,23.18624401392901,9.575923,0,0,0,0.0,0.0,0.0,mid,0.0,0.0,0.0,0.0,0.0,1.0,0.0,0.0,0.0,0.0,0.0,0.0,0.0,0.0,0.0
10447,3,1.0274999,1.0,4.0,108350.0,59.75582,61.99453,230616.36,119056.375,0,0.0,0.0,119.05637,4.7879615,11.593122006964505,4.106863,4.127046,0.4944997605776621,0.9861274495978315,1.1245100317395136,0.9861274495978315,1.1245100317395136,0.70680344,-0.02396059,34.77936602089351,14.363884,1,1,0,0.0,0.0,0.0,mid,0.0,0.0,0.0,0.0,0.0,1.0,1.0,0.0,0.0,0.0,0.0,0.0,0.0,0.0,0.0
10447,4,1.0699999,1.0,4.0,108350.0,57.461597,53.454224,230616.36,119056.375,0,0.0,0.0,119.05637,4.7879615,11.593122006964505,4.06837,3.9788256,0.4944997605776621,0.9861274495978315,1.1245100317395136,0.9861274495978315,1.1245100317395136,0.7275486,0.020745158,46.37248802785802,19.151846,1,1,0,0.0,0.0,0.0,mid,0.0,0.0,0.0,0.0,0.0,1.0,1.0,0.0,0.0,0.0,0.0,0.0,0.0,0.0,0.0
10447,5,1.0233333,1.0,4.0,108350.0,61.612953,61.23772,230616.36,119056.375,0,0.0,0.0,119.05637,4.7879615,11.593122006964505,4.136972,4.1147633,0.4944997605776621,0.9861274495978315,1.1245100317395136,0.9861274495978315,1.1245100317395136,0.7047463,-0.022802293,57.965610034822525,23.939808,1,0,1,0.0,0.0,0.0,mid,0.0,0.0,0.0,0.0,0.0,1.0,0.0,1.0,0.0,0.0,0.0,0.0,0.0,0.0,0.0
10447,6,1.0133333,1.0,4.0,108350.0,54.44788,54.332905,230616.36,119056.375,0,0.0,0.0,119.05637,4.7879615,11.593122006964505,4.0154433,3.99513,0.4944997605776621,0.9861274495978315,1.1245100317395136,0.9861274495978315,1.1245100317395136,0.6997917,-0.0049545765,69.55873204178702,28.727768,1,0,1,0.0,0.0,0.0,mid,0.0,0.0,0.0,0.0,0.0,1.0,0.0,1.0,0.0,0.0,0.0,0.0,0.0,0.0,0.0
10447,7,1.02,1.0,4.0,108350.0,59.28074,61.789078,230616.36,119056.375,0,0.0,0.0,119.05637,4.7879615,11.593122006964505,4.099013,4.123727,0.4944997605776621,0.9861274495978315,1.1245100317395136,0.9861274495978315,1.1245100317395136,0.7030975,0.0033057928,81.15185404875153,33.51573,1,0,1,0.0,0.0,0.0,mid,0.0,0.0,0.0,0.0,0.0,1.0,0.0,1.0,0.0,0.0,0.0,0.0,0.0,0.0,0.0
10485,1,1.0866667,1.0,4.0,135050.0,55.28227,54.21879,256797.34,150101.73,0,0.0,0.0,150.10173,5.0179534,11.813400359220761,4.03038,3.9930274,0.5541782418621861,1.2530734784356388,1.3684334866306709,1.2530734784356388,1.3684334866306709,0.73556787,,11.813400359220761,5.0179534,0,0,0,0.0,0.0,0.0,far,0.0,0.0,0.0,0.0,0.0,0.0,0.0,0.0,0.0,0.0,1.0,0.0,0.0,0.0,0.0
10485,2,1.15,1.0,4.0,135050.0,49.44906,49.11148,256797.34,150101.73,0,0.0,0.0,150.10173,5.0179534,11.813400359220761,3.920964,3.8940928,0.5541782418621861,1.2530734784356388,1.3684334866306709,1.2530734784356388,1.3684334866306709,0.7654679,0.029900014,23.626800718441523,10.035907,0,0,0,0.0,0.0,0.0,far,0.0,0.0,0.0,0.0,0.0,0.0,0.0,0.0,0.0,0.0,1.0,0.0,0.0,0.0,0.0
10485,3,1.1925,1.0,4.0,135050.0,52.5954,53.444427,256797.34,150101.73,0,0.0,0.0,150.10173,5.0179534,11.813400359220761,3.9814632,3.9786425,0.5541782418621861,1.2530734784356388,1.3684334866306709,1.2530734784356388,1.3684334866306709,0.7850425,0.019574642,35.44020107766228,15.05386,1,1,0,0.0,0.0,0.0,far,0.0,0.0,0.0,0.0,0.0,0.0,0.0,0.0,0.0,0.0,1.0,1.0,0.0,0.0,0.0
10485,4,1.26,1.0,4.0,135050.0,49.50017,46.45316,256797.34,150101.73,0,0.0,0.0,150.10173,5.0179534,11.813400359220761,3.9219768,3.8384445,0.5541782418621861,1.2530734784356388,1.3684334866306709,1.2530734784356388,1.3684334866306709,0.81536484,0.030322313,47.253601436883045,20.071814,1,1,0,0.0,0.0,0.0,far,0.0,0.0,0.0,0.0,0.0,0.0,0.0,0.0,0.0,0.0,1.0,1.0,0.0,0.0,0.0
10485,5,1.1966666,1.0,4.0,135050.0,53.591682,53.857365,256797.34,150101.73,0,0.0,0.0,150.10173,5.0179534,11.813400359220761,3.9998815,3.986339,0.5541782418621861,1.2530734784356388,1.3684334866306709,1.2530734784356388,1.3684334866306709,0.78694105,-0.028423786,59.06700179610381,25.089767,1,0,1,0.0,0.0,0.0,far,0.0,0.0,0.0,0.0,0.0,0.0,0.0,0.0,0.0,0.0,1.0,0.0,1.0,0.0,0.0
10485,6,1.35,1.0,4.0,135050.0,46.63412,46.70402,256797.34,150101.73,0,0.0,0.0,150.10173,5.0179534,11.813400359220761,3.8635492,3.8438303,0.5541782418621861,1.2530734784356388,1.3684334866306709,1.2530734784356388,1.3684334866306709,0.8544153,0.067474246,70.88040215532456,30.10772,1,0,1,0.0,0.0,0.0,far,0.0,0.0,0.0,0.0,0.0,0.0,0.0,0.0,0.0,0.0,1.0,0.0,1.0,0.0,0.0
10485,7,1.285,1.0,4.0,135050.0,50.679985,52.40394,256797.34,150101.73,0,0.0,0.0,150.10173,5.0179534,11.813400359220761,3.9450705,3.9589818,0.5541782418621861,1.2530734784356388,1.3684334866306709,1.2530734784356388,1.3684334866306709,0.82636595,-0.02804935,82.69380251454533,35.125675,1,0,1,0.0,0.0,0.0,far,0.0,0.0,0.0,0.0,0.0,0.0,0.0,0.0,0.0,0.0,1.0,0.0,1.0,0.0,0.0
10602,1,1.3933333,1.0,6.0,147780.0,57.450626,55.123608,163707.16,51718.42,0,0.0,0.0,51.718422,3.9649649,11.903479960342638,4.0681825,4.009578,0.36938508833481437,0.5904776329412504,0.5433450111941691,0.5904776329412504,0.5433450111941691,0.87268716,,11.903479960342638,3.9649649,0,0,0,0.0,0.0,0.0,near,1.0,0.0,0.0,0.0,0.0,0.0,0.0,0.0,0.0,0.0,0.0,0.0,0.0,0.0,0.0
10602,2,1.63,1.0,6.0,147780.0,52.61929,50.86611,163707.16,51718.42,0,0.0,0.0,51.718422,3.9649649,11.903479960342638,3.9819088,3.9291968,0.36938508833481437,0.5904776329412504,0.5433450111941691,0.5904776329412504,0.5433450111941691,0.9669839,0.09429675,23.806959920685276,7.9299297,0,0,0,0.0,0.0,0.0,near,1.0,0.0,0.0,0.0,0.0,0.0,0.0,0.0,0.0,0.0,0.0,0.0,0.0,0.0,0.0
10602,3,1.895,1.0,6.0,147780.0,57.24029,57.71557,163707.16,51718.42,0,0.0,0.0,51.718422,3.9649649,11.903479960342638,4.0645776,4.0555267,0.36938508833481437,0.5904776329412504,0.5433450111941691,0.5904776329412504,0.5433450111941691,1.0629852,0.09600127,35.710439881027916,11.894895,1,1,0,0.0,0.0,0.0,near,1.0,1.0,0.0,0.0,0.0,0.0,0.0,0.0,0.0,0.0,0.0,0.0,0.0,0.0,0.0
10602,4,1.8566667,1.0,6.0,147780.0,56.23343,51.493294,163707.16,51718.42,0,0.0,0.0,51.718422,3.9649649,11.903479960342638,4.047138,3.9414515,0.36938508833481437,0.5904776329412504,0.5433450111941691,0.5904776329412504,0.5433450111941691,1.0496554,-0.013329744,47.61391984137055,15.859859,1,1,0,0.0,0.0,0.0,near,1.0,1.0,0.0,0.0,0.0,0.0,0.0,0.0,0.0,0.0,0.0,0.0,0.0,0.0,0.0
10602,5,1.1766666,1.0,6.0,147780.0,60.48773,59.642776,163707.16,51718.42,0,0.0,0.0,51.718422,3.9649649,11.903479960342638,4.118838,4.088373,0.36938508833481437,0.5904776329412504,0.5433450111941691,0.5904776329412504,0.5433450111941691,0.7777947,-0.27186072,59.51739980171319,19.824825,1,0,1,0.0,0.0,0.0,near,1.0,0.0,1.0,0.0,0.0,0.0,0.0,0.0,0.0,0.0,0.0,0.0,0.0,0.0,0.0
10602,6,1.7766666,1.0,6.0,147780.0,52.64656,51.182568,163707.16,51718.42,0,0.0,0.0,51.718422,3.9649649,11.903479960342638,3.9824173,3.935399,0.36938508833481437,0.5904776329412504,0.5433450111941691,0.5904776329412504,0.5433450111941691,1.0212512,0.24345648,71.42087976205583,23.78979,1,0,1,0.0,0.0,0.0,near,1.0,0.0,1.0,0.0,0.0,0.0,0.0,0.0,0.0,0.0,0.0,0.0,0.0,0.0,0.0
10602,7,1.615,1.0,6.0,147780.0,56.433174,57.8404,163707.16,51718.42,0,0.0,0.0,51.718422,3.9649649,11.903479960342638,4.050622,4.0576878,0.36938508833481437,0.5904776329412504,0.5433450111941691,0.5904776329412504,0.5433450111941691,0.96126413,-0.05998707,83.32435972239847,27.754753,1,0,1,0.0,0.0,0.0,near,1.0,0.0,1.0,0.0,0.0,0.0,0.0,0.0,0.0,0.0,0.0,0.0,0.0,0.0,0.0
10603,1,2.7,1.0,6.0,134660.0,58.486,56.496067,185040.22,68386.05,0,0.0,0.0,68.38605,4.239686,11.810508362099272,4.085741,4.034171,0.41087963196795324,0.7030705435812034,0.7401630628680205,0.7030705435812034,0.7401630628680205,1.3083328,,11.810508362099272,4.239686,0,0,0,0.0,0.0,0.0,near,1.0,0.0,0.0,0.0,0.0,0.0,0.0,0.0,0.0,0.0,0.0,0.0,0.0,0.0,0.0
10603,2,3.7033334,1.0,6.0,134660.0,53.283184,51.787785,185040.22,68386.05,0,0.0,0.0,68.38605,4.239686,11.810508362099272,3.9942145,3.9471543,0.41087963196795324,0.7030705435812034,0.7401630628680205,0.7030705435812034,0.7401630628680205,1.5482715,0.23993874,23.621016724198544,8.479372,0,0,0,0.0,0.0,0.0,near,1.0,0.0,0.0,0.0,0.0,0.0,0.0,0.0,0.0,0.0,0.0,0.0,0.0,0.0,0.0
10603,3,3.805,1.0,6.0,134660.0,57.75365,58.557186,185040.22,68386.05,0,0.0,0.0,68.38605,4.239686,11.810508362099272,4.0733533,4.070004,0.41087963196795324,0.7030705435812034,0.7401630628680205,0.7030705435812034,0.7401630628680205,1.5696571,0.02138555,35.43152508629782,12.719058,1,1,0,0.0,0.0,0.0,near,1.0,1.0,0.0,0.0,0.0,0.0,0.0,0.0,0.0,0.0,0.0,0.0,0.0,0.0,0.0
10603,4,3.7133334,1.0,6.0,134660.0,56.53681,52.058174,185040.22,68386.05,0,0.0,0.0,68.38605,4.239686,11.810508362099272,4.052425,3.9523618,0.41087963196795324,0.7030705435812034,0.7401630628680205,0.7030705435812034,0.7401630628680205,1.5503954,-0.019261718,47.24203344839709,16.958744,1,1,0,0.0,0.0,0.0,near,1.0,1.0,0.0,0.0,0.0,0.0,0.0,0.0,0.0,0.0,0.0,0.0,0.0,0.0,0.0
10603,5,2.4133334,1.0,6.0,134660.0,60.79795,60.264606,185040.22,68386.05,0,0.0,0.0,68.38605,4.239686,11.810508362099272,4.1238704,4.098745,0.41087963196795324,0.7030705435812034,0.7401630628680205,0.7030705435812034,0.7401630628680205,1.2276894,-0.32270598,59.05254181049636,21.19843,1,0,1,0.0,0.0,0.0,near,1.0,0.0,1.0,0.0,0.0,0.0,0.0,0.0,0.0,0.0,0.0,0.0,0.0,0.0,0.0
10603,6,3.8466666,1.0,6.0,134660.0,53.039227,51.982544,185040.22,68386.05,0,0.0,0.0,68.38605,4.239686,11.810508362099272,3.9897103,3.950908,0.41087963196795324,0.7030705435812034,0.7401630628680205,0.7030705435812034,0.7401630628680205,1.5782912,0.3506018,70.86305017259563,25.438116,1,0,1,0.0,0.0,0.0,near,1.0,0.0,1.0,0.0,0.0,0.0,0.0,0.0,0.0,0.0,0.0,0.0,0.0,0.0,0.0
10603,7,4.13,1.0,6.0,134660.0,56.99997,58.734093,185040.22,68386.05,0,0.0,0.0,68.38605,4.239686,11.810508362099272,4.0604424,4.0730205,0.41087963196795324,0.7030705435812034,0.7401630628680205,0.7030705435812034,0.7401630628680205,1.6351057,0.05681455,82.6735585346949,29.677803,1,0,1,0.0,0.0,0.0,near,1.0,0.0,1.0,0.0,0.0,0.0,0.0,0.0,0.0,0.0,0.0,0.0,0.0,0.0,0.0
10607,1,1.23,1.0,6.0,335790.0,60.215034,58.547474,214123.53,97637.04,0,0.0,0.0,97.63704,4.591447,12.724241243551424,4.1143928,4.069838,0.5465933603438046,1.2152476896503477,1.2663829379639528,1.2152476896503477,1.2663829379639528,0.8020016,,12.724241243551424,4.591447,0,0,0,0.0,0.0,0.0,mid,0.0,0.0,0.0,0.0,0.0,1.0,0.0,0.0,0.0,0.0,0.0,0.0,0.0,0.0,0.0
10607,2,1.56,1.0,6.0,335790.0,54.469414,53.20054,214123.53,97637.04,0,0.0,0.0,97.63704,4.591447,12.724241243551424,4.015832,3.9740686,0.5465933603438046,1.2152476896503477,1.2663829379639528,1.2152476896503477,1.2663829379639528,0.9400072,0.13800561,25.448482487102847,9.182894,0,0,0,0.0,0.0,0.0,mid,0.0,0.0,0.0,0.0,0.0,1.0,0.0,0.0,0.0,0.0,0.0,0.0,0.0,0.0,0.0
10607,3,1.44,1.0,6.0,335790.0,58.77555,60.01799,214123.53,97637.04,0,0.0,0.0,97.63704,4.591447,12.724241243551424,4.0905967,4.0946445,0.5465933603438046,1.2152476896503477,1.2663829379639528,1.2152476896503477,1.2663829379639528,0.89199805,-0.048009157,38.17272373065427,13.774341,1,1,0,0.0,0.0,0.0,mid,0.0,0.0,0.0,0.0,0.0,1.0,1.0,0.0,0.0,0.0,0.0,0.0,0.0,0.0,0.0
10607,4,1.39,1.0,6.0,335790.0,57.4863,53.00832,214123.53,97637.04,0,0.0,0.0,97.63704,4.591447,12.724241243551424,4.0687923,3.970449,0.5465933603438046,1.2152476896503477,1.2663829379639528,1.2152476896503477,1.2663829379639528,0.8712933,-0.020704746,50.896964974205694,18.365788,1,1,0,0.0,0.0,0.0,mid,0.0,0.0,0.0,0.0,0.0,1.0,1.0,0.0,0.0,0.0,0.0,0.0,0.0,0.0,0.0
10607,5,1.2166667,1.0,6.0,335790.0,61.620193,61.189007,214123.53,97637.04,0,0.0,0.0,97.63704,4.591447,12.724241243551424,4.137088,4.1139674,0.5465933603438046,1.2152476896503477,1.2663829379639528,1.2152476896503477,1.2663829379639528,0.7960046,-0.07528871,63.62120621775712,22.957233,1,0,1,0.0,0.0,0.0,mid,0.0,0.0,0.0,0.0,0.0,1.0,0.0,1.0,0.0,0.0,0.0,0.0,0.0,0.0,0.0
10607,6,1.3266667,1.0,6.0,335790.0,53.98807,53.185104,214123.53,97637.04,0,0.0,0.0,97.63704,4.591447,12.724241243551424,4.0071163,3.9737785,0.5465933603438046,1.2152476896503477,1.2663829379639528,1.2152476896503477,1.2663829379639528,0.8444367,0.04843211,76.34544746130854,27.548681,1,0,1,0.0,0.0,0.0,mid,0.0,0.0,0.0,0.0,0.0,1.0,0.0,1.0,0.0,0.0,0.0,0.0,0.0,0.0,0.0
10607,7,1.2049999,1.0,6.0,335790.0,58.17536,60.228294,214123.53,97637.04,0,0.0,0.0,97.63704,4.591447,12.724241243551424,4.0805054,4.098142,0.5465933603438046,1.2152476896503477,1.2663829379639528,1.2152476896503477,1.2663829379639528,0.7907275,-0.05370921,89.06968870485997,32.14013,1,0,1,0.0,0.0,0.0,mid,0.0,0.0,0.0,0.0,0.0,1.0,0.0,1.0,0.0,0.0,0.0,0.0,0.0,0.0,0.0
10610,1,1.9433334,1.0,6.0,143760.0,58.486,56.496067,179855.48,68563.28,0,0.0,0.0,68.56328,4.2422366,11.87590052145744,4.085741,4.034171,0.4163102984824228,0.7189909955719488,0.7595815795974761,0.7189909955719488,0.7595815795974761,1.0795428,,11.87590052145744,4.2422366,0,0,0,0.0,0.0,0.0,near,1.0,0.0,0.0,0.0,0.0,0.0,0.0,0.0,0.0,0.0,0.0,0.0,0.0,0.0,0.0
10610,2,2.4666667,1.0,6.0,143760.0,53.283184,51.787785,179855.48,68563.28,0,0.0,0.0,68.56328,4.2422366,11.87590052145744,3.9942145,3.9471543,0.4163102984824228,0.7189909955719488,0.7595815795974761,0.7189909955719488,0.7595815795974761,1.2431935,0.16365075,23.75180104291488,8.484473,0,0,0,0.0,0.0,0.0,near,1.0,0.0,0.0,0.0,0.0,0.0,0.0,0.0,0.0,0.0,0.0,0.0,0.0,0.0,0.0
10610,3,2.295,1.0,6.0,143760.0,57.75365,58.557186,179855.48,68563.28,0,0.0,0.0,68.56328,4.2422366,11.87590052145744,4.0733533,4.070004,0.4163102984824228,0.7189909955719488,0.7595815795974761,0.7189909955719488,0.7595815795974761,1.1924062,-0.05078733,35.62770156437232,12.726709,1,1,0,0.0,0.0,0.0,near,1.0,1.0,0.0,0.0,0.0,0.0,0.0,0.0,0.0,0.0,0.0,0.0,0.0,0.0,0.0
10610,4,2.3133333,1.0,6.0,143760.0,56.53681,52.058174,179855.48,68563.28,0,0.0,0.0,68.56328,4.2422366,11.87590052145744,4.052425,3.9523618,0.4163102984824228,0.7189909955719488,0.7595815795974761,0.7189909955719488,0.7595815795974761,1.1979548,0.0055485964,47.50360208582976,16.968946,1,1,0,0.0,0.0,0.0,near,1.0,1.0,0.0,0.0,0.0,0.0,0.0,0.0,0.0,0.0,0.0,0.0,0.0,0.0,0.0
10610,5,1.5066667,1.0,6.0,143760.0,60.79795,60.264606,179855.48,68563.28,0,0.0,0.0,68.56328,4.2422366,11.87590052145744,4.1238704,4.098745,0.4163102984824228,0.7189909955719488,0.7595815795974761,0.7189909955719488,0.7595815795974761,0.9189539,-0.27900088,59.3795026072872,21.211184,1,0,1,0.0,0.0,0.0,near,1.0,0.0,1.0,0.0,0.0,0.0,0.0,0.0,0.0,0.0,0.0,0.0,0.0,0.0,0.0
10610,6,2.19,1.0,6.0,143760.0,53.039227,51.982544,179855.48,68563.28,0,0.0,0.0,68.56328,4.2422366,11.87590052145744,3.9897103,3.950908,0.4163102984824228,0.7189909955719488,0.7595815795974761,0.7189909955719488,0.7595815795974761,1.160021,0.24106705,71.25540312874465,25.453419,1,0,1,0.0,0.0,0.0,near,1.0,0.0,1.0,0.0,0.0,0.0,0.0,0.0,0.0,0.0,0.0,0.0,0.0,0.0,0.0
10610,7,2.135,1.0,6.0,143760.0,56.99997,58.734093,179855.48,68563.28,0,0.0,0.0,68.56328,4.2422366,11.87590052145744,4.0604424,4.0730205,0.4163102984824228,0.7189909955719488,0.7595815795974761,0.7189909955719488,0.7595815795974761,1.1426291,-0.0173918,83.13130365020209,29.695656,1,0,1,0.0,0.0,0.0,near,1.0,0.0,1.0,0.0,0.0,0.0,0.0,0.0,0.0,0.0,0.0,0.0,0.0,0.0,0.0
10632,1,2.3233333,1.0,6.0,171150.0,56.932938,54.449318,165449.67,49988.82,0,0.0,0.0,49.98882,3.9316063,12.050295643958332,4.059286,3.9972703,0.3743593818653845,0.6031871943731347,0.5554290621932783,0.6031871943731347,0.5554290621932783,1.2009683,,12.050295643958332,3.9316063,0,0,0,0.0,0.0,0.0,near,1.0,0.0,0.0,0.0,0.0,0.0,0.0,0.0,0.0,0.0,0.0,0.0,0.0,0.0,0.0
10632,2,2.3933334,1.0,6.0,171150.0,52.287342,50.41305,165449.67,49988.82,0,0.0,0.0,49.98882,3.9316063,12.050295643958332,3.975699,3.9202502,0.3743593818653845,0.6031871943731347,0.5554290621932783,0.6031871943731347,0.5554290621932783,1.2218127,0.02084446,24.100591287916664,7.8632126,0,0,0,0.0,0.0,0.0,near,1.0,0.0,0.0,0.0,0.0,0.0,0.0,0.0,0.0,0.0,0.0,0.0,0.0,0.0,0.0
10632,3,2.4725,1.0,6.0,171150.0,56.983612,57.303444,165449.67,49988.82,0,0.0,0.0,49.98882,3.9316063,12.050295643958332,4.0601606,4.048361,0.3743593818653845,0.6031871943731347,0.5554290621932783,0.6031871943731347,0.5554290621932783,1.2448748,0.02306211,36.15088693187499,11.794819,1,1,0,0.0,0.0,0.0,near,1.0,1.0,0.0,0.0,0.0,0.0,0.0,0.0,0.0,0.0,0.0,0.0,0.0,0.0,0.0
10632,4,2.4933333,1.0,6.0,171150.0,56.081738,51.223587,165449.67,49988.82,0,0.0,0.0,49.98882,3.9316063,12.050295643958332,4.044484,3.9362001,0.3743593818653845,0.6031871943731347,0.5554290621932783,0.6031871943731347,0.5554290621932783,1.2508564,0.0059815645,48.20118257583333,15.726425,1,1,0,0.0,0.0,0.0,near,1.0,1.0,0.0,0.0,0.0,0.0,0.0,0.0,0.0,0.0,0.0,0.0,0.0,0.0,0.0
10632,5,1.5966667,1.0,6.0,171150.0,60.33262,59.33619,165449.67,49988.82,0,0.0,0.0,49.98882,3.9316063,12.050295643958332,4.116312,4.0832195,0.3743593818653845,0.6031871943731347,0.5554290621932783,0.6031871943731347,0.5554290621932783,0.95422864,-0.29662776,60.251478219791665,19.658031,1,0,1,0.0,0.0,0.0,near,1.0,0.0,1.0,0.0,0.0,0.0,0.0,0.0,0.0,0.0,0.0,0.0,0.0,0.0,0.0
10632,6,2.36,1.0,6.0,171150.0,52.45023,50.786507,165449.67,49988.82,0,0.0,0.0,49.98882,3.9316063,12.050295643958332,3.978751,3.9276307,0.3743593818653845,0.6031871943731347,0.5554290621932783,0.6031871943731347,0.5554290621932783,1.211941,0.25771236,72.30177386374999,23.589638,1,0,1,0.0,0.0,0.0,near,1.0,0.0,1.0,0.0,0.0,0.0,0.0,0.0,0.0,0.0,0.0,0.0,0.0,0.0,0.0
10632,7,2.48,1.0,6.0,171150.0,56.149773,57.397446,165449.67,49988.82,0,0.0,0.0,49.98882,3.9316063,12.050295643958332,4.0456753,4.0499997,0.3743593818653845,0.6031871943731347,0.5554290621932783,0.6031871943731347,0.5554290621932783,1.2470323,0.03509128,84.35206950770832,27.521244,1,0,1,0.0,0.0,0.0,near,1.0,0.0,1.0,0.0,0.0,0.0,0.0,0.0,0.0,0.0,0.0,0.0,0.0,0.0,0.0
10651,1,8.1,1.0,6.0,413890.0,59.729977,57.957226,201149.45,83417.125,0,0.0,0.0,83.41712,4.43577,12.933355517019733,4.106437,4.0597053,0.5342110212098347,1.156144089122571,1.1963846866449783,1.156144089122571,1.1963846866449783,2.2082744,,12.933355517019733,4.43577,0,0,0,0.0,0.0,0.0,near,1.0,0.0,0.0,0.0,0.0,0.0,0.0,0.0,0.0,0.0,0.0,0.0,0.0,0.0,0.0
10651,2,8.68,1.0,6.0,413890.0,54.38723,53.118633,201149.45,83417.125,0,0.0,0.0,83.41712,4.43577,12.933355517019733,4.014349,3.9725277,0.5342110212098347,1.156144089122571,1.1963846866449783,1.156144089122571,1.1963846866449783,2.270062,0.061787605,25.866711034039465,8.87154,0,0,0,0.0,0.0,0.0,near,1.0,0.0,0.0,0.0,0.0,0.0,0.0,0.0,0.0,0.0,0.0,0.0,0.0,0.0,0.0
10651,3,7.9900002,1.0,6.0,413890.0,58.78943,59.906662,201149.45,83417.125,0,0.0,0.0,83.41712,4.43577,12.933355517019733,4.090829,4.0927877,0.5342110212098347,1.156144089122571,1.1963846866449783,1.156144089122571,1.1963846866449783,2.1961129,-0.0739491,38.800066551059196,13.30731,1,1,0,0.0,0.0,0.0,near,1.0,1.0,0.0,0.0,0.0,0.0,0.0,0.0,0.0,0.0,0.0,0.0,0.0,0.0,0.0
10651,4,7.793333,1.0,6.0,413890.0,57.81103,53.282158,201149.45,83417.125,0,0.0,0.0,83.41712,4.43577,12.933355517019733,4.0743294,3.9756017,0.5342110212098347,1.156144089122571,1.1963846866449783,1.156144089122571,1.1963846866449783,2.1739938,-0.022119045,51.73342206807893,17.74308,1,1,0,0.0,0.0,0.0,near,1.0,1.0,0.0,0.0,0.0,0.0,0.0,0.0,0.0,0.0,0.0,0.0,0.0,0.0,0.0
10651,5,5.93,1.0,6.0,413890.0,61.896687,61.495445,201149.45,83417.125,0,0.0,0.0,83.41712,4.43577,12.933355517019733,4.1414933,4.1189632,0.5342110212098347,1.156144089122571,1.1963846866449783,1.156144089122571,1.1963846866449783,1.9358598,-0.23813403,64.66677758509866,22.17885,1,0,1,0.0,0.0,0.0,near,1.0,0.0,1.0,0.0,0.0,0.0,0.0,0.0,0.0,0.0,0.0,0.0,0.0,0.0,0.0
10651,6,7.7033334,1.0,6.0,413890.0,54.15108,53.22174,201149.45,83417.125,0,0.0,0.0,83.41712,4.43577,12.933355517019733,4.0100765,3.974467,0.5342110212098347,1.156144089122571,1.1963846866449783,1.156144089122571,1.1963846866449783,2.163706,0.22784626,77.60013310211839,26.61462,1,0,1,0.0,0.0,0.0,near,1.0,0.0,1.0,0.0,0.0,0.0,0.0,0.0,0.0,0.0,0.0,0.0,0.0,0.0,0.0
10651,7,9.225,1.0,6.0,413890.0,58.1987,60.222004,201149.45,83417.125,0,0.0,0.0,83.41712,4.43577,12.933355517019733,4.0808997,4.0980377,0.5342110212098347,1.156144089122571,1.1963846866449783,1.156144089122571,1.1963846866449783,2.3248358,0.16112971,90.53348861913813,31.05039,1,0,1,0.0,0.0,0.0,near,1.0,0.0,1.0,0.0,0.0,0.0,0.0,0.0,0.0,0.0,0.0,0.0,0.0,0.0,0.0
10662,1,1.0,1.0,6.0,293300.0,64.70589,63.872883,183819.02,65592.875,0,0.0,0.0,65.59287,4.1985974,12.588951254965542,4.185189,4.1568947,0.46337864371863846,0.8704751735967778,0.9137153943708616,0.8704751735967778,0.9137153943708616,0.6931472,,12.588951254965542,4.1985974,0,0,0,0.0,0.0,0.0,near,1.0,0.0,0.0,0.0,0.0,0.0,0.0,0.0,0.0,0.0,0.0,0.0,0.0,0.0,0.0
10662,2,1.0600001,1.0,6.0,293300.0,58.803413,58.508335,183819.02,65592.875,0,0.0,0.0,65.59287,4.1985974,12.588951254965542,4.0910625,4.069169,0.46337864371863846,0.8704751735967778,0.9137153943708616,0.8704751735967778,0.9137153943708616,0.72270596,0.029558778,25.177902509931084,8.397195,0,0,0,0.0,0.0,0.0,near,1.0,0.0,0.0,0.0,0.0,0.0,0.0,0.0,0.0,0.0,0.0,0.0,0.0,0.0,0.0
10662,3,1.035,1.0,6.0,293300.0,62.93253,65.397606,183819.02,65592.875,0,0.0,0.0,65.59287,4.1985974,12.588951254965542,4.1578283,4.1804857,0.46337864371863846,0.8704751735967778,0.9137153943708616,0.8704751735967778,0.9137153943708616,0.71049577,-0.01221019,37.766853764896624,12.595793,1,1,0,0.0,0.0,0.0,near,1.0,1.0,0.0,0.0,0.0,0.0,0.0,0.0,0.0,0.0,0.0,0.0,0.0,0.0,0.0
10662,4,1.0166667,1.0,6.0,293300.0,62.90792,58.323063,183819.02,65592.875,0,0.0,0.0,65.59287,4.1985974,12.588951254965542,4.1574435,4.0659976,0.46337864371863846,0.8704751735967778,0.9137153943708616,0.8704751735967778,0.9137153943708616,0.701446,-0.009049773,50.35580501986217,16.79439,1,1,0,0.0,0.0,0.0,near,1.0,1.0,0.0,0.0,0.0,0.0,0.0,0.0,0.0,0.0,0.0,0.0,0.0,0.0,0.0
10662,5,1.0033333,1.0,6.0,293300.0,66.29163,66.48049,183819.02,65592.875,0,0.0,0.0,65.59287,4.1985974,12.588951254965542,4.209036,4.1969085,0.46337864371863846,0.8704751735967778,0.9137153943708616,0.8704751735967778,0.9137153943708616,0.6948125,-0.00663352,62.94475627482771,20.992987,1,0,1,0.0,0.0,0.0,near,1.0,0.0,1.0,0.0,0.0,0.0,0.0,0.0,0.0,0.0,0.0,0.0,0.0,0.0,0.0
10662,6,1.0033333,1.0,6.0,293300.0,58.598515,58.231297,183819.02,65592.875,0,0.0,0.0,65.59287,4.1985974,12.588951254965542,4.0876307,4.064423,0.46337864371863846,0.8704751735967778,0.9137153943708616,0.8704751735967778,0.9137153943708616,0.6948125,0.0,75.53370752979325,25.191586,1,0,1,0.0,0.0,0.0,near,1.0,0.0,1.0,0.0,0.0,0.0,0.0,0.0,0.0,0.0,0.0,0.0,0.0,0.0,0.0
10662,7,1.0,1.0,6.0,293300.0,62.993607,66.22036,183819.02,65592.875,0,0.0,0.0,65.59287,4.1985974,12.588951254965542,4.158783,4.192988,0.46337864371863846,0.8704751735967778,0.9137153943708616,0.8704751735967778,0.9137153943708616,0.6931472,-0.0016652942,88.1226587847588,29.390182,1,0,1,0.0,0.0,0.0,near,1.0,0.0,1.0,0.0,0.0,0.0,0.0,0.0,0.0,0.0,0.0,0.0,0.0,0.0,0.0
10694,1,1.37,1.0,6.0,227520.0,58.486,56.496067,175085.97,62374.19,0,0.0,0.0,62.37419,4.149057,12.334993425597013,4.085741,4.034171,0.4346035244322979,0.7748693359379744,0.8063444517746907,0.7748693359379744,0.8063444517746907,0.8628899,,12.334993425597013,4.149057,0,0,0,0.0,0.0,0.0,near,1.0,0.0,0.0,0.0,0.0,0.0,0.0,0.0,0.0,0.0,0.0,0.0,0.0,0.0,0.0
10694,2,1.8133333,1.0,6.0,227520.0,53.283184,51.787785,175085.97,62374.19,0,0.0,0.0,62.37419,4.149057,12.334993425597013,3.9942145,3.9471543,0.4346035244322979,0.7748693359379744,0.8063444517746907,0.7748693359379744,0.8063444517746907,1.03437,0.17148006,24.669986851194025,8.298114,0,0,0,0.0,0.0,0.0,near,1.0,0.0,0.0,0.0,0.0,0.0,0.0,0.0,0.0,0.0,0.0,0.0,0.0,0.0,0.0
10694,3,1.8125,1.0,6.0,227520.0,57.75365,58.557186,175085.97,62374.19,0,0.0,0.0,62.37419,4.149057,12.334993425597013,4.0733533,4.070004,0.4346035244322979,0.7748693359379744,0.8063444517746907,0.7748693359379744,0.8063444517746907,1.0340738,-0.00029611588,37.00498027679104,12.44717,1,1,0,0.0,0.0,0.0,near,1.0,1.0,0.0,0.0,0.0,0.0,0.0,0.0,0.0,0.0,0.0,0.0,0.0,0.0,0.0
10694,4,1.6866666,1.0,6.0,227520.0,56.53681,52.058174,175085.97,62374.19,0,0.0,0.0,62.37419,4.149057,12.334993425597013,4.052425,3.9523618,0.4346035244322979,0.7748693359379744,0.8063444517746907,0.7748693359379744,0.8063444517746907,0.98830116,-0.04577267,49.33997370238805,16.596228,1,1,0,0.0,0.0,0.0,near,1.0,1.0,0.0,0.0,0.0,0.0,0.0,0.0,0.0,0.0,0.0,0.0,0.0,0.0,0.0
10694,5,1.4766667,1.0,6.0,227520.0,60.79795,60.264606,175085.97,62374.19,0,0.0,0.0,62.37419,4.149057,12.334993425597013,4.1238704,4.098745,0.4346035244322979,0.7748693359379744,0.8063444517746907,0.7748693359379744,0.8063444517746907,0.9069136,-0.08138758,61.67496712798506,20.745285,1,0,1,0.0,0.0,0.0,near,1.0,0.0,1.0,0.0,0.0,0.0,0.0,0.0,0.0,0.0,0.0,0.0,0.0,0.0,0.0
10694,6,1.98,1.0,6.0,227520.0,53.039227,51.982544,175085.97,62374.19,0,0.0,0.0,62.37419,4.149057,12.334993425597013,3.9897103,3.950908,0.4346035244322979,0.7748693359379744,0.8063444517746907,0.7748693359379744,0.8063444517746907,1.0919234,0.18500978,74.00996055358208,24.89434,1,0,1,0.0,0.0,0.0,near,1.0,0.0,1.0,0.0,0.0,0.0,0.0,0.0,0.0,0.0,0.0,0.0,0.0,0.0,0.0
10694,7,1.78,1.0,6.0,227520.0,56.99997,58.734093,175085.97,62374.19,0,0.0,0.0,62.37419,4.149057,12.334993425597013,4.0604424,4.0730205,0.4346035244322979,0.7748693359379744,0.8063444517746907,0.7748693359379744,0.8063444517746907,1.0224509,-0.06947243,86.34495397917908,29.043398,1,0,1,0.0,0.0,0.0,near,1.0,0.0,1.0,0.0,0.0,0.0,0.0,0.0,0.0,0.0,0.0,0.0,0.0,0.0,0.0
10918,1,2.8533335,1.0,9.0,350770.0,69.6818,69.88063,210132.36,91775.49,0,0.0,0.0,91.77549,4.5301824,12.767886017009083,4.2581882,4.2467885,0.5387169176245787,1.1772844694394562,1.2285744451297624,1.1772844694394562,1.2285744451297624,1.3489386,,12.767886017009083,4.5301824,0,0,0,0.0,0.0,0.0,mid,0.0,0.0,0.0,0.0,0.0,1.0,0.0,0.0,0.0,0.0,0.0,0.0,0.0,0.0,0.0
10918,2,3.41,1.0,9.0,350770.0,63.2196,63.984493,210132.36,91775.49,0,0.0,0.0,91.77549,4.5301824,12.767886017009083,4.1623087,4.158641,0.5387169176245787,1.1772844694394562,1.2285744451297624,1.1772844694394562,1.2285744451297624,1.4838747,0.1349361,25.535772034018166,9.060365,0,0,0,0.0,0.0,0.0,mid,0.0,0.0,0.0,0.0,0.0,1.0,0.0,0.0,0.0,0.0,0.0,0.0,0.0,0.0,0.0
10918,3,3.5075002,1.0,9.0,350770.0,67.07563,71.01341,210132.36,91775.49,0,0.0,0.0,91.77549,4.5301824,12.767886017009083,4.220619,4.262869,0.5387169176245787,1.1772844694394562,1.2285744451297624,1.1772844694394562,1.2285744451297624,1.5057427,0.02186799,38.30365805102725,13.590548,1,1,0,0.0,0.0,0.0,mid,0.0,0.0,0.0,0.0,0.0,1.0,1.0,0.0,0.0,0.0,0.0,0.0,0.0,0.0,0.0
10918,4,2.7233334,1.0,9.0,350770.0,68.00481,63.554073,210132.36,91775.49,0,0.0,0.0,91.77549,4.5301824,12.767886017009083,4.234176,4.151891,0.5387169176245787,1.1772844694394562,1.2285744451297624,1.1772844694394562,1.2285744451297624,1.3146193,-0.19112337,51.07154406803633,18.12073,1,1,0,0.0,0.0,0.0,mid,0.0,0.0,0.0,0.0,0.0,1.0,1.0,0.0,0.0,0.0,0.0,0.0,0.0,0.0,0.0
10918,5,2.4233332,1.0,9.0,350770.0,70.686584,71.547,210132.36,91775.49,0,0.0,0.0,91.77549,4.5301824,12.767886017009083,4.2723036,4.2703547,0.5387169176245787,1.1772844694394562,1.2285744451297624,1.1772844694394562,1.2285744451297624,1.2306147,-0.08400464,63.839430085045414,22.650911,1,0,1,0.0,0.0,0.0,mid,0.0,0.0,0.0,0.0,0.0,1.0,0.0,1.0,0.0,0.0,0.0,0.0,0.0,0.0,0.0
10918,6,3.5266666,1.0,9.0,350770.0,63.045944,63.31033,210132.36,91775.49,0,0.0,0.0,91.77549,4.5301824,12.767886017009083,4.1596007,4.1480484,0.5387169176245787,1.1772844694394562,1.2285744451297624,1.1772844694394562,1.2285744451297624,1.5099858,0.27937114,76.6073161020545,27.181095,1,0,1,0.0,0.0,0.0,mid,0.0,0.0,0.0,0.0,0.0,1.0,0.0,1.0,0.0,0.0,0.0,0.0,0.0,0.0,0.0
10918,7,3.33,1.0,9.0,350770.0,67.78851,72.279465,210132.36,91775.49,0,0.0,0.0,91.77549,4.5301824,12.767886017009083,4.2310367,4.28054,0.5387169176245787,1.1772844694394562,1.2285744451297624,1.1772844694394562,1.2285744451297624,1.4655676,-0.044418216,89.37520211906357,31.711277,1,0,1,0.0,0.0,0.0,mid,0.0,0.0,0.0,0.0,0.0,1.0,0.0,1.0,0.0,0.0,0.0,0.0,0.0,0.0,0.0
10921,1,1.1133333,1.0,9.0,209290.0,71.141556,72.02367,236047.97,117733.586,0,0.0,0.0,117.73359,4.776882,12.251476128984024,4.2786303,4.2769947,0.5439314736554144,1.202271119633262,1.2903739871836128,1.202271119633262,1.2903739871836128,0.74826646,,12.251476128984024,4.776882,0,0,0,0.0,0.0,0.0,mid,0.0,0.0,0.0,0.0,0.0,1.0,0.0,0.0,0.0,0.0,0.0,0.0,0.0,0.0,0.0
10921,2,1.4333334,1.0,9.0,209290.0,62.683235,63.76624,236047.97,117733.586,0,0.0,0.0,117.73359,4.776882,12.251476128984024,4.153921,4.155224,0.5439314736554144,1.202271119633262,1.2903739871836128,1.202271119633262,1.2903739871836128,0.8892621,0.14099562,24.502952257968047,9.553764,0,0,0,0.0,0.0,0.0,mid,0.0,0.0,0.0,0.0,0.0,1.0,0.0,0.0,0.0,0.0,0.0,0.0,0.0,0.0,0.0
10921,3,1.3299999,1.0,9.0,209290.0,66.9866,71.82929,236047.97,117733.586,0,0.0,0.0,117.73359,4.776882,12.251476128984024,4.2193108,4.2742925,0.5439314736554144,1.202271119633262,1.2903739871836128,1.202271119633262,1.2903739871836128,0.84586823,-0.04339385,36.75442838695207,14.3306465,1,1,0,0.0,0.0,0.0,mid,0.0,0.0,0.0,0.0,0.0,1.0,1.0,0.0,0.0,0.0,0.0,0.0,0.0,0.0,0.0
10921,4,1.2533333,1.0,9.0,209290.0,66.79836,62.642014,236047.97,117733.586,0,0.0,0.0,117.73359,4.776882,12.251476128984024,4.216538,4.1374364,0.5439314736554144,1.202271119633262,1.2903739871836128,1.202271119633262,1.2903739871836128,0.8124106,-0.033457637,49.005904515936095,19.107529,1,1,0,0.0,0.0,0.0,mid,0.0,0.0,0.0,0.0,0.0,1.0,1.0,0.0,0.0,0.0,0.0,0.0,0.0,0.0,0.0
10921,5,1.1666666,1.0,9.0,209290.0,69.59908,70.04913,236047.97,117733.586,0,0.0,0.0,117.73359,4.776882,12.251476128984024,4.257017,4.249197,0.5439314736554144,1.202271119633262,1.2903739871836128,1.202271119633262,1.2903739871836128,0.77318984,-0.03922075,61.25738064492012,23.88441,1,0,1,0.0,0.0,0.0,mid,0.0,0.0,0.0,0.0,0.0,1.0,0.0,1.0,0.0,0.0,0.0,0.0,0.0,0.0,0.0
10921,6,1.6833333,1.0,9.0,209290.0,62.439114,63.135376,236047.97,117733.586,0,0.0,0.0,117.73359,4.776882,12.251476128984024,4.1500807,4.1452813,0.5439314736554144,1.202271119633262,1.2903739871836128,1.202271119633262,1.2903739871836128,0.98705983,0.21386999,73.50885677390414,28.661293,1,0,1,0.0,0.0,0.0,mid,0.0,0.0,0.0,0.0,0.0,1.0,0.0,1.0,0.0,0.0,0.0,0.0,0.0,0.0,0.0
10921,7,1.395,1.0,9.0,209290.0,67.72847,72.243126,236047.97,117733.586,0,0.0,0.0,117.73359,4.776882,12.251476128984024,4.2301636,4.2800374,0.5439314736554144,1.202271119633262,1.2903739871836128,1.202271119633262,1.2903739871836128,0.8733832,-0.11367661,85.76033290288817,33.438175,1,0,1,0.0,0.0,0.0,mid,0.0,0.0,0.0,0.0,0.0,1.0,0.0,1.0,0.0,0.0,0.0,0.0,0.0,0.0,0.0
10925,1,1.05,1.0,9.0,342960.0,73.0255,75.08105,269103.7,150931.08,0,0.0,0.0,150.93108,5.023427,12.745369101271859,4.3044095,4.318568,0.6256969015269339,1.685112538085415,1.620290094680505,1.685112538085415,1.620290094680505,0.7178398,,12.745369101271859,5.023427,0,0,0,0.0,0.0,0.0,far,0.0,0.0,0.0,0.0,0.0,0.0,0.0,0.0,0.0,0.0,1.0,0.0,0.0,0.0,0.0
10925,2,1.16,1.0,9.0,342960.0,62.85036,64.59167,269103.7,150931.08,0,0.0,0.0,150.93108,5.023427,12.745369101271859,4.1565423,4.1680856,0.6256969015269339,1.685112538085415,1.620290094680505,1.685112538085415,1.620290094680505,0.77010816,0.052268386,25.490738202543717,10.046854,0,0,0,0.0,0.0,0.0,far,0.0,0.0,0.0,0.0,0.0,0.0,0.0,0.0,0.0,0.0,1.0,0.0,0.0,0.0,0.0
10925,3,1.29,1.0,9.0,342960.0,67.462326,73.40402,269103.7,150931.08,0,0.0,0.0,150.93108,5.023427,12.745369101271859,4.2262836,4.2959785,0.6256969015269339,1.685112538085415,1.620290094680505,1.685112538085415,1.620290094680505,0.82855177,0.058443606,38.23610730381557,15.070281,1,1,0,0.0,0.0,0.0,far,0.0,0.0,0.0,0.0,0.0,0.0,0.0,0.0,0.0,0.0,1.0,1.0,0.0,0.0,0.0
10925,4,1.26,1.0,9.0,342960.0,66.42992,63.004597,269103.7,150931.08,0,0.0,0.0,150.93108,5.023427,12.745369101271859,4.2110887,4.1432076,0.6256969015269339,1.685112538085415,1.620290094680505,1.685112538085415,1.620290094680505,0.81536484,-0.013186932,50.981476405087435,20.093708,1,1,0,0.0,0.0,0.0,far,0.0,0.0,0.0,0.0,0.0,0.0,0.0,0.0,0.0,0.0,1.0,1.0,0.0,0.0,0.0
10925,5,1.1566666,1.0,9.0,342960.0,69.3506,69.79835,269103.7,150931.08,0,0.0,0.0,150.93108,5.023427,12.745369101271859,4.2534914,4.24561,0.6256969015269339,1.685112538085415,1.620290094680505,1.685112538085415,1.620290094680505,0.76856387,-0.04680097,63.7268455063593,25.117134,1,0,1,0.0,0.0,0.0,far,0.0,0.0,0.0,0.0,0.0,0.0,0.0,0.0,0.0,0.0,1.0,0.0,1.0,0.0,0.0
10925,6,1.36,1.0,9.0,342960.0,62.506577,63.852844,269103.7,150931.08,0,0.0,0.0,150.93108,5.023427,12.745369101271859,4.1511436,4.156581,0.6256969015269339,1.685112538085415,1.620290094680505,1.685112538085415,1.620290094680505,0.85866165,0.090097785,76.47221460763114,30.140562,1,0,1,0.0,0.0,0.0,far,0.0,0.0,0.0,0.0,0.0,0.0,0.0,0.0,0.0,0.0,1.0,0.0,1.0,0.0,0.0
10925,7,1.315,1.0,9.0,342960.0,68.2622,73.05516,269103.7,150931.08,0,0.0,0.0,150.93108,5.023427,12.745369101271859,4.2378993,4.291215,0.6256969015269339,1.685112538085415,1.620290094680505,1.685112538085415,1.620290094680505,0.8394097,-0.019251943,89.217583708903,35.16399,1,0,1,0.0,0.0,0.0,far,0.0,0.0,0.0,0.0,0.0,0.0,0.0,0.0,0.0,0.0,1.0,0.0,1.0,0.0,0.0
10929,1,1.2033334,1.0,9.0,152610.0,69.6818,69.88063,235772.36,118659.06,0,0.0,0.0,118.659065,4.7846465,11.93564092648492,4.2581882,4.2467885,0.5207184350912225,1.0952179590083098,1.2127780748708163,1.0952179590083098,1.2127780748708163,0.78997135,,11.93564092648492,4.7846465,0,0,0,0.0,0.0,0.0,mid,0.0,0.0,0.0,0.0,0.0,1.0,0.0,0.0,0.0,0.0,0.0,0.0,0.0,0.0,0.0
10929,2,1.47,1.0,9.0,152610.0,63.2196,63.984493,235772.36,118659.06,0,0.0,0.0,118.659065,4.7846465,11.93564092648492,4.1623087,4.158641,0.5207184350912225,1.0952179590083098,1.2127780748708163,1.0952179590083098,1.2127780748708163,0.9042182,0.114246845,23.87128185296984,9.569293,0,0,0,0.0,0.0,0.0,mid,0.0,0.0,0.0,0.0,0.0,1.0,0.0,0.0,0.0,0.0,0.0,0.0,0.0,0.0,0.0
10929,3,1.4975,1.0,9.0,152610.0,67.07563,71.01341,235772.36,118659.06,0,0.0,0.0,118.659065,4.7846465,11.93564092648492,4.220619,4.262869,0.5207184350912225,1.0952179590083098,1.2127780748708163,1.0952179590083098,1.2127780748708163,0.91529024,0.01107204,35.80692277945476,14.353939,1,1,0,0.0,0.0,0.0,mid,0.0,0.0,0.0,0.0,0.0,1.0,1.0,0.0,0.0,0.0,0.0,0.0,0.0,0.0,0.0
10929,4,1.3466667,1.0,9.0,152610.0,68.00481,63.554073,235772.36,118659.06,0,0.0,0.0,118.659065,4.7846465,11.93564092648492,4.234176,4.151891,0.5207184350912225,1.0952179590083098,1.2127780748708163,1.0952179590083098,1.2127780748708163,0.852996,-0.062294245,47.74256370593968,19.138586,1,1,0,0.0,0.0,0.0,mid,0.0,0.0,0.0,0.0,0.0,1.0,1.0,0.0,0.0,0.0,0.0,0.0,0.0,0.0,0.0
10929,5,1.3133334,1.0,9.0,152610.0,70.686584,71.547,235772.36,118659.06,0,0.0,0.0,118.659065,4.7846465,11.93564092648492,4.2723036,4.2703547,0.5207184350912225,1.0952179590083098,1.2127780748708163,1.0952179590083098,1.2127780748708163,0.83868957,-0.014306426,59.6782046324246,23.923233,1,0,1,0.0,0.0,0.0,mid,0.0,0.0,0.0,0.0,0.0,1.0,0.0,1.0,0.0,0.0,0.0,0.0,0.0,0.0,0.0
10929,6,1.6933333,1.0,9.0,152610.0,63.045944,63.31033,235772.36,118659.06,0,0.0,0.0,118.659065,4.7846465,11.93564092648492,4.1596007,4.1480484,0.5207184350912225,1.0952179590083098,1.2127780748708163,1.0952179590083098,1.2127780748708163,0.9907795,0.15208995,71.61384555890952,28.707878,1,0,1,0.0,0.0,0.0,mid,0.0,0.0,0.0,0.0,0.0,1.0,0.0,1.0,0.0,0.0,0.0,0.0,0.0,0.0,0.0
10929,7,1.69,1.0,9.0,152610.0,67.78851,72.279465,235772.36,118659.06,0,0.0,0.0,118.659065,4.7846465,11.93564092648492,4.2310367,4.28054,0.5207184350912225,1.0952179590083098,1.2127780748708163,1.0952179590083098,1.2127780748708163,0.9895412,-0.0012383461,83.54948648539444,33.492527,1,0,1,0.0,0.0,0.0,mid,0.0,0.0,0.0,0.0,0.0,1.0,0.0,1.0,0.0,0.0,0.0,0.0,0.0,0.0,0.0
10954,1,1.09,1.0,9.0,253980.0,72.11472,73.60875,252545.33,134156.55,0,0.0,0.0,134.15654,4.9064336,12.445010802743024,4.29203,4.2987638,0.5824649531764916,1.4062586018897052,1.4462135166224095,1.4062586018897052,1.4462135166224095,0.73716414,,12.445010802743024,4.9064336,0,0,0,0.0,0.0,0.0,far,0.0,0.0,0.0,0.0,0.0,0.0,0.0,0.0,0.0,0.0,1.0,0.0,0.0,0.0,0.0
10954,2,1.2666667,1.0,9.0,253980.0,62.325657,63.783154,252545.33,134156.55,0,0.0,0.0,134.15654,4.9064336,12.445010802743024,4.1482906,4.155489,0.5824649531764916,1.4062586018897052,1.4462135166224095,1.4062586018897052,1.4462135166224095,0.8183103,0.08114618,24.890021605486048,9.812867,0,0,0,0.0,0.0,0.0,far,0.0,0.0,0.0,0.0,0.0,0.0,0.0,0.0,0.0,0.0,1.0,0.0,0.0,0.0,0.0
10954,3,1.355,1.0,9.0,253980.0,66.927246,72.5082,252545.33,134156.55,0,0.0,0.0,134.15654,4.9064336,12.445010802743024,4.218437,4.2836995,0.5824649531764916,1.4062586018897052,1.4462135166224095,1.4062586018897052,1.4462135166224095,0.85654074,0.03823042,37.33503240822907,14.719301,1,1,0,0.0,0.0,0.0,far,0.0,0.0,0.0,0.0,0.0,0.0,0.0,0.0,0.0,0.0,1.0,1.0,0.0,0.0,0.0
10954,4,1.2933333,1.0,9.0,253980.0,65.99407,62.22714,252545.33,134156.55,0,0.0,0.0,134.15654,4.9064336,12.445010802743024,4.204604,4.130791,0.5824649531764916,1.4062586018897052,1.4462135166224095,1.4062586018897052,1.4462135166224095,0.83000636,-0.026534379,49.780043210972096,19.625734,1,1,0,0.0,0.0,0.0,far,0.0,0.0,0.0,0.0,0.0,0.0,0.0,0.0,0.0,0.0,1.0,1.0,0.0,0.0,0.0
10954,5,1.0833333,1.0,9.0,253980.0,68.874084,69.124306,252545.33,134156.55,0,0.0,0.0,134.15654,4.9064336,12.445010802743024,4.246695,4.2359066,0.5824649531764916,1.4062586018897052,1.4462135166224095,1.4062586018897052,1.4462135166224095,0.73396915,-0.09603721,62.22505401371512,24.532167,1,0,1,0.0,0.0,0.0,far,0.0,0.0,0.0,0.0,0.0,0.0,0.0,0.0,0.0,0.0,1.0,0.0,1.0,0.0,0.0
10954,6,1.36,1.0,9.0,253980.0,62.034557,63.04993,252545.33,134156.55,0,0.0,0.0,134.15654,4.9064336,12.445010802743024,4.143683,4.143927,0.5824649531764916,1.4062586018897052,1.4462135166224095,1.4062586018897052,1.4462135166224095,0.85866165,0.1246925,74.67006481645814,29.438602,1,0,1,0.0,0.0,0.0,far,0.0,0.0,0.0,0.0,0.0,0.0,0.0,0.0,0.0,0.0,1.0,0.0,1.0,0.0,0.0
10954,7,1.365,1.0,9.0,253980.0,67.688446,72.248276,252545.33,134156.55,0,0.0,0.0,134.15654,4.9064336,12.445010802743024,4.229581,4.2801085,0.5824649531764916,1.4062586018897052,1.4462135166224095,1.4062586018897052,1.4462135166224095,0.860778,0.0021163225,87.11507561920116,34.345036,1,0,1,0.0,0.0,0.0,far,0.0,0.0,0.0,0.0,0.0,0.0,0.0,0.0,0.0,0.0,1.0,0.0,1.0,0.0,0.0
10965,1,1.0,1.0,9.0,52040.0,74.30407,77.134415,272223.03,154119.55,0,0.0,0.0,154.11955,5.044196,10.859767932626442,4.321534,4.3455496,0.4845190243277992,0.9475159295207604,1.1363973425004397,0.9475159295207604,1.1363973425004397,0.6931472,,10.859767932626442,5.044196,0,0,0,0.0,0.0,0.0,far,0.0,0.0,0.0,0.0,0.0,0.0,0.0,0.0,0.0,0.0,1.0,0.0,0.0,0.0,0.0
10965,2,1.0133333,1.0,9.0,52040.0,63.646748,65.881226,272223.03,154119.55,0,0.0,0.0,154.11955,5.044196,10.859767932626442,4.1689377,4.1878533,0.4845190243277992,0.9475159295207604,1.1363973425004397,0.9475159295207604,1.1363973425004397,0.6997917,0.006644547,21.719535865252883,10.088392,0,0,0,0.0,0.0,0.0,far,0.0,0.0,0.0,0.0,0.0,0.0,0.0,0.0,0.0,0.0,1.0,0.0,0.0,0.0,0.0
10965,3,1.0725,1.0,9.0,52040.0,68.32872,74.907555,272223.03,154119.55,0,0.0,0.0,154.11955,5.044196,10.859767932626442,4.238859,4.3162546,0.4845190243277992,0.9475159295207604,1.1363973425004397,0.9475159295207604,1.1363973425004397,0.7287556,0.028963864,32.57930379787933,15.132588,1,1,0,0.0,0.0,0.0,far,0.0,0.0,0.0,0.0,0.0,0.0,0.0,0.0,0.0,0.0,1.0,1.0,0.0,0.0,0.0
10965,4,1.13,1.0,9.0,52040.0,67.340065,64.39126,272223.03,154119.55,0,0.0,0.0,154.11955,5.044196,10.859767932626442,4.2244964,4.164978,0.4845190243277992,0.9475159295207604,1.1363973425004397,0.9475159295207604,1.1363973425004397,0.75612205,0.02736646,43.439071730505766,20.176785,1,1,0,0.0,0.0,0.0,far,0.0,0.0,0.0,0.0,0.0,0.0,0.0,0.0,0.0,0.0,1.0,1.0,0.0,0.0,0.0
10965,5,1.0466666,1.0,9.0,52040.0,70.152794,70.98195,272223.03,154119.55,0,0.0,0.0,154.11955,5.044196,10.859767932626442,4.2648296,4.2624254,0.4845190243277992,0.9475159295207604,1.1363973425004397,0.9475159295207604,1.1363973425004397,0.71621245,-0.0399096,54.298839663132206,25.220982,1,0,1,0.0,0.0,0.0,far,0.0,0.0,0.0,0.0,0.0,0.0,0.0,0.0,0.0,0.0,1.0,0.0,1.0,0.0,0.0
10965,6,1.0166667,1.0,9.0,52040.0,63.378788,65.15821,272223.03,154119.55,0,0.0,0.0,154.11955,5.044196,10.859767932626442,4.164784,4.1768184,0.4845190243277992,0.9475159295207604,1.1363973425004397,0.9475159295207604,1.1363973425004397,0.701446,-0.014766455,65.15860759575865,30.265177,1,0,1,0.0,0.0,0.0,far,0.0,0.0,0.0,0.0,0.0,0.0,0.0,0.0,0.0,0.0,1.0,0.0,1.0,0.0,0.0
10965,7,1.0,1.0,9.0,52040.0,69.23059,74.481895,272223.03,154119.55,0,0.0,0.0,154.11955,5.044196,10.859767932626442,4.251784,4.310556,0.4845190243277992,0.9475159295207604,1.1363973425004397,0.9475159295207604,1.1363973425004397,0.6931472,-0.008298814,76.01837552838509,35.309372,1,0,1,0.0,0.0,0.0,far,0.0,0.0,0.0,0.0,0.0,0.0,0.0,0.0,0.0,0.0,1.0,0.0,1.0,0.0,0.0
10991,1,1.0,1.0,9.0,117700.0,72.11472,73.60875,245229.1,127125.0,0,0.0,0.0,127.125,4.8530064,11.675894293248367,4.29203,4.2987638,0.5130396406984595,1.0620516583680555,1.1989310564040192,1.0620516583680555,1.1989310564040192,0.6931472,,11.675894293248367,4.8530064,0,0,0,0.0,0.0,0.0,mid,0.0,0.0,0.0,0.0,0.0,1.0,0.0,0.0,0.0,0.0,0.0,0.0,0.0,0.0,0.0
10991,2,1.34,1.0,9.0,117700.0,62.325657,63.783154,245229.1,127125.0,0,0.0,0.0,127.125,4.8530064,11.675894293248367,4.1482906,4.155489,0.5130396406984595,1.0620516583680555,1.1989310564040192,1.0620516583680555,1.1989310564040192,0.850151,0.15700382,23.351788586496735,9.706013,0,0,0,0.0,0.0,0.0,mid,0.0,0.0,0.0,0.0,0.0,1.0,0.0,0.0,0.0,0.0,0.0,0.0,0.0,0.0,0.0
10991,3,1.23,1.0,9.0,117700.0,66.927246,72.5082,245229.1,127125.0,0,0.0,0.0,127.125,4.8530064,11.675894293248367,4.218437,4.2836995,0.5130396406984595,1.0620516583680555,1.1989310564040192,1.0620516583680555,1.1989310564040192,0.8020016,-0.048149407,35.0276828797451,14.559019,1,1,0,0.0,0.0,0.0,mid,0.0,0.0,0.0,0.0,0.0,1.0,1.0,0.0,0.0,0.0,0.0,0.0,0.0,0.0,0.0
10991,4,1.0833334,1.0,9.0,117700.0,65.99407,62.22714,245229.1,127125.0,0,0.0,0.0,127.125,4.8530064,11.675894293248367,4.204604,4.130791,0.5130396406984595,1.0620516583680555,1.1989310564040192,1.0620516583680555,1.1989310564040192,0.7339693,-0.068032324,46.70357717299347,19.412025,1,1,0,0.0,0.0,0.0,mid,0.0,0.0,0.0,0.0,0.0,1.0,1.0,0.0,0.0,0.0,0.0,0.0,0.0,0.0,0.0
10991,5,1.0,1.0,9.0,117700.0,68.874084,69.124306,245229.1,127125.0,0,0.0,0.0,127.125,4.8530064,11.675894293248367,4.246695,4.2359066,0.5130396406984595,1.0620516583680555,1.1989310564040192,1.0620516583680555,1.1989310564040192,0.6931472,-0.04082209,58.37947146624184,24.265032,1,0,1,0.0,0.0,0.0,mid,0.0,0.0,0.0,0.0,0.0,1.0,0.0,1.0,0.0,0.0,0.0,0.0,0.0,0.0,0.0
10991,6,1.0,1.0,9.0,117700.0,62.034557,63.04993,245229.1,127125.0,0,0.0,0.0,127.125,4.8530064,11.675894293248367,4.143683,4.143927,0.5130396406984595,1.0620516583680555,1.1989310564040192,1.0620516583680555,1.1989310564040192,0.6931472,0.0,70.0553657594902,29.118038,1,0,1,0.0,0.0,0.0,mid,0.0,0.0,0.0,0.0,0.0,1.0,0.0,1.0,0.0,0.0,0.0,0.0,0.0,0.0,0.0
10991,7,1.14,1.0,9.0,117700.0,67.688446,72.248276,245229.1,127125.0,0,0.0,0.0,127.125,4.8530064,11.675894293248367,4.229581,4.2801085,0.5130396406984595,1.0620516583680555,1.1989310564040192,1.0620516583680555,1.1989310564040192,0.7608058,0.0676586,81.73126005273858,33.971046,1,0,1,0.0,0.0,0.0,mid,0.0,0.0,0.0,0.0,0.0,1.0,0.0,1.0,0.0,0.0,0.0,0.0,0.0,0.0,0.0
14240,1,2.31,1.0,42.0,196890.0,58.486,56.496067,194454.81,81404.21,0,0.0,0.0,81.40421,4.4116364,12.190400476135878,4.085741,4.034171,0.4715924738449471,0.8996761314431062,0.979667091084626,0.8996761314431062,0.979667091084626,1.1969482,,12.190400476135878,4.4116364,0,0,0,0.0,0.0,0.0,near,1.0,0.0,0.0,0.0,0.0,0.0,0.0,0.0,0.0,0.0,0.0,0.0,0.0,0.0,0.0
14240,2,2.63,1.0,42.0,196890.0,53.283184,51.787785,194454.81,81404.21,0,0.0,0.0,81.40421,4.4116364,12.190400476135878,3.9942145,3.9471543,0.4715924738449471,0.8996761314431062,0.979667091084626,0.8996761314431062,0.979667091084626,1.2892327,0.09228456,24.380800952271755,8.823273,0,0,0,0.0,0.0,0.0,near,1.0,0.0,0.0,0.0,0.0,0.0,0.0,0.0,0.0,0.0,0.0,0.0,0.0,0.0,0.0
14240,3,3.425,1.0,42.0,196890.0,57.75365,58.557186,194454.81,81404.21,0,0.0,0.0,81.40421,4.4116364,12.190400476135878,4.0733533,4.070004,0.4715924738449471,0.8996761314431062,0.979667091084626,0.8996761314431062,0.979667091084626,1.4872704,0.19803762,36.57120142840763,13.234909,1,1,0,0.0,0.0,0.0,near,1.0,1.0,0.0,0.0,0.0,0.0,0.0,0.0,0.0,0.0,0.0,0.0,0.0,0.0,0.0
14240,4,2.99,1.0,42.0,196890.0,56.53681,52.058174,194454.81,81404.21,0,0.0,0.0,81.40421,4.4116364,12.190400476135878,4.052425,3.9523618,0.4715924738449471,0.8996761314431062,0.979667091084626,0.8996761314431062,0.979667091084626,1.3837912,-0.10347915,48.76160190454351,17.646545,1,1,0,0.0,0.0,0.0,near,1.0,1.0,0.0,0.0,0.0,0.0,0.0,0.0,0.0,0.0,0.0,0.0,0.0,0.0,0.0
14240,5,2.1599998,1.0,42.0,196890.0,60.79795,60.264606,194454.81,81404.21,0,0.0,0.0,81.40421,4.4116364,12.190400476135878,4.1238704,4.098745,0.4715924738449471,0.8996761314431062,0.979667091084626,0.8996761314431062,0.979667091084626,1.150572,-0.23321927,60.95200238067939,22.058182,1,0,1,0.0,0.0,0.0,near,1.0,0.0,1.0,0.0,0.0,0.0,0.0,0.0,0.0,0.0,0.0,0.0,0.0,0.0,0.0
14240,6,2.7633333,1.0,42.0,196890.0,53.039227,51.982544,194454.81,81404.21,0,0.0,0.0,81.40421,4.4116364,12.190400476135878,3.9897103,3.950908,0.4715924738449471,0.8996761314431062,0.979667091084626,0.8996761314431062,0.979667091084626,1.3253051,0.17473316,73.14240285681527,26.469818,1,0,1,0.0,0.0,0.0,near,1.0,0.0,1.0,0.0,0.0,0.0,0.0,0.0,0.0,0.0,0.0,0.0,0.0,0.0,0.0
14240,7,2.895,1.0,42.0,196890.0,56.99997,58.734093,194454.81,81404.21,0,0.0,0.0,81.40421,4.4116364,12.190400476135878,4.0604424,4.0730205,0.4715924738449471,0.8996761314431062,0.979667091084626,0.8996761314431062,0.979667091084626,1.3596936,0.034388542,85.33280333295114,30.881454,1,0,1,0.0,0.0,0.0,near,1.0,0.0,1.0,0.0,0.0,0.0,0.0,0.0,0.0,0.0,0.0,0.0,0.0,0.0,0.0
14243,1,1.05,1.0,42.0,123350.0,63.399235,62.62426,222007.36,111763.695,0,0.0,0.0,111.763695,4.7252946,11.722781121957503,4.1651015,4.1371527,0.4930471459759658,0.9804133238265561,1.1084081550467246,0.9804133238265561,1.1084081550467246,0.7178398,,11.722781121957503,4.7252946,0,0,0,0.0,0.0,0.0,mid,0.0,0.0,0.0,0.0,0.0,1.0,0.0,0.0,0.0,0.0,0.0,0.0,0.0,0.0,0.0
14243,2,1.3066667,1.0,42.0,123350.0,55.90219,55.130154,222007.36,111763.695,0,0.0,0.0,111.763695,4.7252946,11.722781121957503,4.0413337,4.009697,0.4930471459759658,0.9804133238265561,1.1084081550467246,0.9804133238265561,1.1084081550467246,0.83580357,0.11796379,23.445562243915006,9.450589,0,0,0,0.0,0.0,0.0,mid,0.0,0.0,0.0,0.0,0.0,1.0,0.0,0.0,0.0,0.0,0.0,0.0,0.0,0.0,0.0
14243,3,1.4025,1.0,42.0,123350.0,59.75582,61.99453,222007.36,111763.695,0,0.0,0.0,111.763695,4.7252946,11.722781121957503,4.106863,4.127046,0.4930471459759658,0.9804133238265561,1.1084081550467246,0.9804133238265561,1.1084081550467246,0.8765099,0.040706336,35.16834336587251,14.175884,1,1,0,0.0,0.0,0.0,mid,0.0,0.0,0.0,0.0,0.0,1.0,1.0,0.0,0.0,0.0,0.0,0.0,0.0,0.0,0.0
14243,4,1.1933333,1.0,42.0,123350.0,57.461597,53.454224,222007.36,111763.695,0,0.0,0.0,111.763695,4.7252946,11.722781121957503,4.06837,3.9788256,0.4930471459759658,0.9804133238265561,1.1084081550467246,0.9804133238265561,1.1084081550467246,0.7854224,-0.09108752,46.89112448783001,18.901178,1,1,0,0.0,0.0,0.0,mid,0.0,0.0,0.0,0.0,0.0,1.0,1.0,0.0,0.0,0.0,0.0,0.0,0.0,0.0,0.0
14243,5,1.0833333,1.0,42.0,123350.0,61.612953,61.23772,222007.36,111763.695,0,0.0,0.0,111.763695,4.7252946,11.722781121957503,4.136972,4.1147633,0.4930471459759658,0.9804133238265561,1.1084081550467246,0.9804133238265561,1.1084081550467246,0.73396915,-0.051453233,58.613905609787516,23.626472,1,0,1,0.0,0.0,0.0,mid,0.0,0.0,0.0,0.0,0.0,1.0,0.0,1.0,0.0,0.0,0.0,0.0,0.0,0.0,0.0
14243,6,1.4033333,1.0,42.0,123350.0,54.44788,54.332905,222007.36,111763.695,0,0.0,0.0,111.763695,4.7252946,11.722781121957503,4.0154433,3.99513,0.4930471459759658,0.9804133238265561,1.1084081550467246,0.9804133238265561,1.1084081550467246,0.87685657,0.14288741,70.33668673174502,28.351768,1,0,1,0.0,0.0,0.0,mid,0.0,0.0,0.0,0.0,0.0,1.0,0.0,1.0,0.0,0.0,0.0,0.0,0.0,0.0,0.0
14243,7,1.165,1.0,42.0,123350.0,59.28074,61.789078,222007.36,111763.695,0,0.0,0.0,111.763695,4.7252946,11.722781121957503,4.099013,4.123727,0.4930471459759658,0.9804133238265561,1.1084081550467246,0.9804133238265561,1.1084081550467246,0.77242035,-0.10443622,82.05946785370253,33.07706,1,0,1,0.0,0.0,0.0,mid,0.0,0.0,0.0,0.0,0.0,1.0,0.0,1.0,0.0,0.0,0.0,0.0,0.0,0.0,0.0
14273,1,1.9166666,1.0,42.0,200900.0,58.486,56.496067,207336.45,92404.32,0,0.0,0.0,92.40432,4.5369377,12.210562550803026,4.085741,4.034171,0.4963660643362682,0.9935172772036961,1.0860484111586275,0.9935172772036961,1.0860484111586275,1.0704414,,12.210562550803026,4.5369377,0,0,0,0.0,0.0,0.0,mid,0.0,0.0,0.0,0.0,0.0,1.0,0.0,0.0,0.0,0.0,0.0,0.0,0.0,0.0,0.0
14273,2,2.3166666,1.0,42.0,200900.0,53.283184,51.787785,207336.45,92404.32,0,0.0,0.0,92.40432,4.5369377,12.210562550803026,3.9942145,3.9471543,0.4963660643362682,0.9935172772036961,1.0860484111586275,0.9935172772036961,1.0860484111586275,1.1989603,0.12851894,24.42112510160605,9.073875,0,0,0,0.0,0.0,0.0,mid,0.0,0.0,0.0,0.0,0.0,1.0,0.0,0.0,0.0,0.0,0.0,0.0,0.0,0.0,0.0
14273,3,2.14,1.0,42.0,200900.0,57.75365,58.557186,207336.45,92404.32,0,0.0,0.0,92.40432,4.5369377,12.210562550803026,4.0733533,4.070004,0.4963660643362682,0.9935172772036961,1.0860484111586275,0.9935172772036961,1.0860484111586275,1.1442229,-0.05473745,36.63168765240908,13.610813,1,1,0,0.0,0.0,0.0,mid,0.0,0.0,0.0,0.0,0.0,1.0,1.0,0.0,0.0,0.0,0.0,0.0,0.0,0.0,0.0
14273,4,2.3566666,1.0,42.0,200900.0,56.53681,52.058174,207336.45,92404.32,0,0.0,0.0,92.40432,4.5369377,12.210562550803026,4.052425,3.9523618,0.4963660643362682,0.9935172772036961,1.0860484111586275,0.9935172772036961,1.0860484111586275,1.2109483,0.06672549,48.8422502032121,18.14775,1,1,0,0.0,0.0,0.0,mid,0.0,0.0,0.0,0.0,0.0,1.0,1.0,0.0,0.0,0.0,0.0,0.0,0.0,0.0,0.0
14273,5,1.8366667,1.0,42.0,200900.0,60.79795,60.264606,207336.45,92404.32,0,0.0,0.0,92.40432,4.5369377,12.210562550803026,4.1238704,4.098745,0.4963660643362682,0.9935172772036961,1.0860484111586275,0.9935172772036961,1.0860484111586275,1.0426296,-0.16831875,61.05281275401513,22.684689,1,0,1,0.0,0.0,0.0,mid,0.0,0.0,0.0,0.0,0.0,1.0,0.0,1.0,0.0,0.0,0.0,0.0,0.0,0.0,0.0
14273,6,2.3799999,1.0,42.0,200900.0,53.039227,51.982544,207336.45,92404.32,0,0.0,0.0,92.40432,4.5369377,12.210562550803026,3.9897103,3.950908,0.4963660643362682,0.9935172772036961,1.0860484111586275,0.9935172772036961,1.0860484111586275,1.2178757,0.17524612,73.26337530481815,27.221626,1,0,1,0.0,0.0,0.0,mid,0.0,0.0,0.0,0.0,0.0,1.0,0.0,1.0,0.0,0.0,0.0,0.0,0.0,0.0,0.0
14273,7,2.125,1.0,42.0,200900.0,56.99997,58.734093,207336.45,92404.32,0,0.0,0.0,92.40432,4.5369377,12.210562550803026,4.0604424,4.0730205,0.4963660643362682,0.9935172772036961,1.0860484111586275,0.9935172772036961,1.0860484111586275,1.1394343,-0.07844138,85.47393785562119,31.758564,1,0,1,0.0,0.0,0.0,mid,0.0,0.0,0.0,0.0,0.0,1.0,0.0,1.0,0.0,0.0,0.0,0.0,0.0,0.0,0.0
14284,1,1.1533333,1.0,42.0,143190.0,58.486,56.496067,208362.12,97232.97,0,0.0,0.0,97.23297,4.587342,11.871927698668053,4.085741,4.034171,0.47917940890551847,0.9274667078009378,1.0367786807356136,0.9274667078009378,1.0367786807356136,0.76701695,,11.871927698668053,4.587342,0,0,0,0.0,0.0,0.0,mid,0.0,0.0,0.0,0.0,0.0,1.0,0.0,0.0,0.0,0.0,0.0,0.0,0.0,0.0,0.0
14284,2,1.6600001,1.0,42.0,143190.0,53.283184,51.787785,208362.12,97232.97,0,0.0,0.0,97.23297,4.587342,11.871927698668053,3.9942145,3.9471543,0.47917940890551847,0.9274667078009378,1.0367786807356136,0.9274667078009378,1.0367786807356136,0.97832614,0.2113092,23.743855397336105,9.174684,0,0,0,0.0,0.0,0.0,mid,0.0,0.0,0.0,0.0,0.0,1.0,0.0,0.0,0.0,0.0,0.0,0.0,0.0,0.0,0.0
14284,3,1.45,1.0,42.0,143190.0,57.75365,58.557186,208362.12,97232.97,0,0.0,0.0,97.23297,4.587342,11.871927698668053,4.0733533,4.070004,0.47917940890551847,0.9274667078009378,1.0367786807356136,0.9274667078009378,1.0367786807356136,0.89608806,-0.08223808,35.61578309600416,13.762026,1,1,0,0.0,0.0,0.0,mid,0.0,0.0,0.0,0.0,0.0,1.0,1.0,0.0,0.0,0.0,0.0,0.0,0.0,0.0,0.0
14284,4,1.37,1.0,42.0,143190.0,56.53681,52.058174,208362.12,97232.97,0,0.0,0.0,97.23297,4.587342,11.871927698668053,4.052425,3.9523618,0.47917940890551847,0.9274667078009378,1.0367786807356136,0.9274667078009378,1.0367786807356136,0.8628899,-0.033198178,47.48771079467221,18.349367,1,1,0,0.0,0.0,0.0,mid,0.0,0.0,0.0,0.0,0.0,1.0,1.0,0.0,0.0,0.0,0.0,0.0,0.0,0.0,0.0
14284,5,1.2933333,1.0,42.0,143190.0,60.79795,60.264606,208362.12,97232.97,0,0.0,0.0,97.23297,4.587342,11.871927698668053,4.1238704,4.098745,0.47917940890551847,0.9274667078009378,1.0367786807356136,0.9274667078009378,1.0367786807356136,0.83000636,-0.032883525,59.35963849334026,22.936708,1,0,1,0.0,0.0,0.0,mid,0.0,0.0,0.0,0.0,0.0,1.0,0.0,1.0,0.0,0.0,0.0,0.0,0.0,0.0,0.0
14284,6,1.64,1.0,42.0,143190.0,53.039227,51.982544,208362.12,97232.97,0,0.0,0.0,97.23297,4.587342,11.871927698668053,3.9897103,3.950908,0.47917940890551847,0.9274667078009378,1.0367786807356136,0.9274667078009378,1.0367786807356136,0.9707789,0.14077252,71.23156619200832,27.524052,1,0,1,0.0,0.0,0.0,mid,0.0,0.0,0.0,0.0,0.0,1.0,0.0,1.0,0.0,0.0,0.0,0.0,0.0,0.0,0.0
14284,7,1.605,1.0,42.0,143190.0,56.99997,58.734093,208362.12,97232.97,0,0.0,0.0,97.23297,4.587342,11.871927698668053,4.0604424,4.0730205,0.47917940890551847,0.9274667078009378,1.0367786807356136,0.9274667078009378,1.0367786807356136,0.9574327,-0.013346195,83.10349389067636,32.111393,1,0,1,0.0,0.0,0.0,mid,0.0,0.0,0.0,0.0,0.0,1.0,0.0,1.0,0.0,0.0,0.0,0.0,0.0,0.0,0.0
17838,1,1.2133332,1.0,78.0,286790.0,68.976456,69.42302,230946.89,113139.78,0,0.0,0.0,113.13978,4.737424,12.56650551959623,4.248159,4.2402186,0.5611152187378114,1.2888128402239039,1.3422017183031718,1.2888128402239039,1.3422017183031718,0.7944996,,12.56650551959623,4.737424,0,0,0,0.0,0.0,0.0,mid,0.0,0.0,0.0,0.0,0.0,1.0,0.0,0.0,0.0,0.0,0.0,0.0,0.0,0.0,0.0
17838,2,1.27,1.0,78.0,286790.0,60.616917,61.17774,230946.89,113139.78,0,0.0,0.0,113.13978,4.737424,12.56650551959623,4.1209364,4.1137834,0.5611152187378114,1.2888128402239039,1.3422017183031718,1.2888128402239039,1.3422017183031718,0.8197798,0.025280237,25.13301103919246,9.474848,0,0,0,0.0,0.0,0.0,mid,0.0,0.0,0.0,0.0,0.0,1.0,0.0,0.0,0.0,0.0,0.0,0.0,0.0,0.0,0.0
17838,3,1.3825,1.0,78.0,286790.0,64.911064,69.05922,230946.89,113139.78,0,0.0,0.0,113.13978,4.737424,12.56650551959623,4.1883063,4.2349644,0.5611152187378114,1.2888128402239039,1.3422017183031718,1.2888128402239039,1.3422017183031718,0.8681505,0.04837066,37.69951655878869,14.212272,1,1,0,0.0,0.0,0.0,mid,0.0,0.0,0.0,0.0,0.0,1.0,1.0,0.0,0.0,0.0,0.0,0.0,0.0,0.0,0.0
17838,4,1.2633333,1.0,78.0,286790.0,64.05924,59.89715,230946.89,113139.78,0,0.0,0.0,113.13978,4.737424,12.56650551959623,4.175298,4.092629,0.5611152187378114,1.2888128402239039,1.3422017183031718,1.2888128402239039,1.3422017183031718,0.8168386,-0.05131185,50.26602207838492,18.949696,1,1,0,0.0,0.0,0.0,mid,0.0,0.0,0.0,0.0,0.0,1.0,1.0,0.0,0.0,0.0,0.0,0.0,0.0,0.0,0.0
17838,5,1.1033334,1.0,78.0,286790.0,67.24595,67.38229,230946.89,113139.78,0,0.0,0.0,113.13978,4.737424,12.56650551959623,4.2231183,4.2103825,0.5611152187378114,1.2888128402239039,1.3422017183031718,1.2888128402239039,1.3422017183031718,0.7435235,-0.07331514,62.832527597981155,23.687119,1,0,1,0.0,0.0,0.0,mid,0.0,0.0,0.0,0.0,0.0,1.0,0.0,1.0,0.0,0.0,0.0,0.0,0.0,0.0,0.0
17838,6,1.35,1.0,78.0,286790.0,60.119812,60.576416,230946.89,113139.78,0,0.0,0.0,113.13978,4.737424,12.56650551959623,4.112836,4.1039057,0.5611152187378114,1.2888128402239039,1.3422017183031718,1.2888128402239039,1.3422017183031718,0.8544153,0.11089182,75.39903311757737,28.424543,1,0,1,0.0,0.0,0.0,mid,0.0,0.0,0.0,0.0,0.0,1.0,0.0,1.0,0.0,0.0,0.0,0.0,0.0,0.0,0.0
17838,7,1.255,1.0,78.0,286790.0,65.314354,69.22906,230946.89,113139.78,0,0.0,0.0,113.13978,4.737424,12.56650551959623,4.1944065,4.2374206,0.5611152187378114,1.2888128402239039,1.3422017183031718,1.2888128402239039,1.3422017183031718,0.81315005,-0.04126525,87.96553863717361,33.16197,1,0,1,0.0,0.0,0.0,mid,0.0,0.0,0.0,0.0,0.0,1.0,0.0,1.0,0.0,0.0,0.0,0.0,0.0,0.0,0.0
17852,1,1.04,1.0,78.0,106380.0,72.11472,73.60875,248039.16,130548.49,0,0.0,0.0,130.5485,4.8793755,11.574772868296309,4.29203,4.2987638,0.5100031652556067,1.0492232960563037,1.1933436197423193,1.0492232960563037,1.1933436197423193,0.7129498,,11.574772868296309,4.8793755,0,0,0,0.0,0.0,0.0,far,0.0,0.0,0.0,0.0,0.0,0.0,0.0,0.0,0.0,0.0,1.0,0.0,0.0,0.0,0.0
17852,2,1.0166667,1.0,78.0,106380.0,62.325657,63.783154,248039.16,130548.49,0,0.0,0.0,130.5485,4.8793755,11.574772868296309,4.1482906,4.155489,0.5100031652556067,1.0492232960563037,1.1933436197423193,1.0492232960563037,1.1933436197423193,0.701446,-0.011503816,23.149545736592618,9.758751,0,0,0,0.0,0.0,0.0,far,0.0,0.0,0.0,0.0,0.0,0.0,0.0,0.0,0.0,0.0,1.0,0.0,0.0,0.0,0.0
17852,3,1.085,1.0,78.0,106380.0,66.927246,72.5082,248039.16,130548.49,0,0.0,0.0,130.5485,4.8793755,11.574772868296309,4.218437,4.2836995,0.5100031652556067,1.0492232960563037,1.1933436197423193,1.0492232960563037,1.1933436197423193,0.73476887,0.03332287,34.72431860488893,14.638126,1,1,0,0.0,0.0,0.0,far,0.0,0.0,0.0,0.0,0.0,0.0,0.0,0.0,0.0,0.0,1.0,1.0,0.0,0.0,0.0
17852,4,1.0366666,1.0,78.0,106380.0,65.99407,62.22714,248039.16,130548.49,0,0.0,0.0,130.5485,4.8793755,11.574772868296309,4.204604,4.130791,0.5100031652556067,1.0492232960563037,1.1933436197423193,1.0492232960563037,1.1933436197423193,0.71131444,-0.023454428,46.299091473185236,19.517502,1,1,0,0.0,0.0,0.0,far,0.0,0.0,0.0,0.0,0.0,0.0,0.0,0.0,0.0,0.0,1.0,1.0,0.0,0.0,0.0
17852,5,1.0366666,1.0,78.0,106380.0,68.874084,69.124306,248039.16,130548.49,0,0.0,0.0,130.5485,4.8793755,11.574772868296309,4.246695,4.2359066,0.5100031652556067,1.0492232960563037,1.1933436197423193,1.0492232960563037,1.1933436197423193,0.71131444,0.0,57.87386434148154,24.396877,1,0,1,0.0,0.0,0.0,far,0.0,0.0,0.0,0.0,0.0,0.0,0.0,0.0,0.0,0.0,1.0,0.0,1.0,0.0,0.0
17852,6,1.0333333,1.0,78.0,106380.0,62.034557,63.04993,248039.16,130548.49,0,0.0,0.0,130.5485,4.8793755,11.574772868296309,4.143683,4.143927,0.5100031652556067,1.0492232960563037,1.1933436197423193,1.0492232960563037,1.1933436197423193,0.70967644,-0.0016379952,69.44863720977786,29.276253,1,0,1,0.0,0.0,0.0,far,0.0,0.0,0.0,0.0,0.0,0.0,0.0,0.0,0.0,0.0,1.0,0.0,1.0,0.0,0.0
17852,7,1.005,1.0,78.0,106380.0,67.688446,72.248276,248039.16,130548.49,0,0.0,0.0,130.5485,4.8793755,11.574772868296309,4.229581,4.2801085,0.5100031652556067,1.0492232960563037,1.1933436197423193,1.0492232960563037,1.1933436197423193,0.69564414,-0.014032304,81.02341007807416,34.15563,1,0,1,0.0,0.0,0.0,far,0.0,0.0,0.0,0.0,0.0,0.0,0.0,0.0,0.0,0.0,1.0,0.0,1.0,0.0,0.0
17857,1,1.0233333,1.0,78.0,286690.0,68.3481,69.51477,253335.45,136926.2,0,0.0,0.0,136.92621,4.9267187,12.566156771597996,4.2391386,4.2415395,0.5952999252924999,1.4828283181695976,1.494734028020725,1.4828283181695976,1.494734028020725,0.7047463,,12.566156771597996,4.9267187,0,0,0,0.0,0.0,0.0,far,0.0,0.0,0.0,0.0,0.0,0.0,0.0,0.0,0.0,0.0,1.0,0.0,0.0,0.0,0.0
17857,2,1.0633333,1.0,78.0,286690.0,59.052635,59.529984,253335.45,136926.2,0,0.0,0.0,136.92621,4.9267187,12.566156771597996,4.0952215,4.08648,0.5952999252924999,1.4828283181695976,1.494734028020725,1.4828283181695976,1.494734028020725,0.7243228,0.01957649,25.13231354319599,9.853437,0,0,0,0.0,0.0,0.0,far,0.0,0.0,0.0,0.0,0.0,0.0,0.0,0.0,0.0,0.0,1.0,0.0,0.0,0.0,0.0
17857,3,1.105,1.0,78.0,286690.0,62.936314,66.90034,253335.45,136926.2,0,0.0,0.0,136.92621,4.9267187,12.566156771597996,4.1578875,4.203204,0.5952999252924999,1.4828283181695976,1.494734028020725,1.4828283181695976,1.494734028020725,0.7443155,0.01999271,37.69847031479399,14.780156,1,1,0,0.0,0.0,0.0,far,0.0,0.0,0.0,0.0,0.0,0.0,0.0,0.0,0.0,0.0,1.0,1.0,0.0,0.0,0.0
17857,4,1.0933334,1.0,78.0,286690.0,60.79846,57.447803,253335.45,136926.2,0,0.0,0.0,136.92621,4.9267187,12.566156771597996,4.1238785,4.0508766,0.5952999252924999,1.4828283181695976,1.494734028020725,1.4828283181695976,1.494734028020725,0.73875767,-0.005557835,50.26462708639198,19.706875,1,1,0,0.0,0.0,0.0,far,0.0,0.0,0.0,0.0,0.0,0.0,0.0,0.0,0.0,0.0,1.0,1.0,0.0,0.0,0.0
17857,5,1.0466666,1.0,78.0,286690.0,64.61571,64.57898,253335.45,136926.2,0,0.0,0.0,136.92621,4.9267187,12.566156771597996,4.183815,4.167889,0.5952999252924999,1.4828283181695976,1.494734028020725,1.4828283181695976,1.494734028020725,0.71621245,-0.022545218,62.83078385798998,24.633595,1,0,1,0.0,0.0,0.0,far,0.0,0.0,0.0,0.0,0.0,0.0,0.0,0.0,0.0,0.0,1.0,0.0,1.0,0.0,0.0
17857,6,1.0533333,1.0,78.0,286690.0,57.635868,58.582558,253335.45,136926.2,0,0.0,0.0,136.92621,4.9267187,12.566156771597996,4.0713468,4.070437,0.5952999252924999,1.4828283181695976,1.494734028020725,1.4828283181695976,1.494734028020725,0.7194645,0.0032520294,75.39694062958797,29.560312,1,0,1,0.0,0.0,0.0,far,0.0,0.0,0.0,0.0,0.0,0.0,0.0,0.0,0.0,0.0,1.0,0.0,1.0,0.0,0.0
17857,7,1.0799999,1.0,78.0,286690.0,62.93934,66.50614,253335.45,136926.2,0,0.0,0.0,136.92621,4.9267187,12.566156771597996,4.1579347,4.197294,0.5952999252924999,1.4828283181695976,1.494734028020725,1.4828283181695976,1.494734028020725,0.7323679,0.012903392,87.96309740118596,34.48703,1,0,1,0.0,0.0,0.0,far,0.0,0.0,0.0,0.0,0.0,0.0,0.0,0.0,0.0,0.0,1.0,0.0,1.0,0.0,0.0
17866,1,1.1866666,1.0,78.0,177690.0,67.26465,67.993286,281563.25,169744.38,0,0.0,0.0,169.74437,5.1401677,12.087795737939121,4.223392,4.219409,0.5972928707026132,1.4951554240985658,1.539826259510575,1.4951554240985658,1.539826259510575,0.78237826,,12.087795737939121,5.1401677,0,0,0,0.0,0.0,0.0,far,0.0,0.0,0.0,0.0,0.0,0.0,0.0,0.0,0.0,0.0,1.0,0.0,0.0,0.0,0.0
17866,2,1.2666667,1.0,78.0,177690.0,57.86062,57.899475,281563.25,169744.38,0,0.0,0.0,169.74437,5.1401677,12.087795737939121,4.0751724,4.058708,0.5972928707026132,1.4951554240985658,1.539826259510575,1.4951554240985658,1.539826259510575,0.8183103,0.035932064,24.175591475878242,10.280335,0,0,0,0.0,0.0,0.0,far,0.0,0.0,0.0,0.0,0.0,0.0,0.0,0.0,0.0,0.0,1.0,0.0,0.0,0.0,0.0
17866,3,1.4025,1.0,78.0,177690.0,61.018333,64.40118,281563.25,169744.38,0,0.0,0.0,169.74437,5.1401677,12.087795737939121,4.12743,4.165132,0.5972928707026132,1.4951554240985658,1.539826259510575,1.4951554240985658,1.539826259510575,0.8765099,0.058199584,36.26338721381737,15.420504,1,1,0,0.0,0.0,0.0,far,0.0,0.0,0.0,0.0,0.0,0.0,0.0,0.0,0.0,0.0,1.0,1.0,0.0,0.0,0.0
17866,4,1.49,1.0,78.0,177690.0,58.616558,55.08728,281563.25,169744.38,0,0.0,0.0,169.74437,5.1401677,12.087795737939121,4.0879335,4.008919,0.5972928707026132,1.4951554240985658,1.539826259510575,1.4951554240985658,1.539826259510575,0.9122827,0.0357728,48.351182951756485,20.56067,1,1,0,0.0,0.0,0.0,far,0.0,0.0,0.0,0.0,0.0,0.0,0.0,0.0,0.0,0.0,1.0,1.0,0.0,0.0,0.0
17866,5,1.2866666,1.0,78.0,177690.0,62.50883,61.71733,281563.25,169744.38,0,0.0,0.0,169.74437,5.1401677,12.087795737939121,4.151179,4.122565,0.5972928707026132,1.4951554240985658,1.539826259510575,1.4951554240985658,1.539826259510575,0.82709515,-0.085187554,60.4389786896956,25.700838,1,0,1,0.0,0.0,0.0,far,0.0,0.0,0.0,0.0,0.0,0.0,0.0,0.0,0.0,0.0,1.0,0.0,1.0,0.0,0.0
17866,6,1.3933333,1.0,78.0,177690.0,55.74351,56.505127,281563.25,169744.38,0,0.0,0.0,169.74437,5.1401677,12.087795737939121,4.0385413,4.0343313,0.5972928707026132,1.4951554240985658,1.539826259510575,1.4951554240985658,1.539826259510575,0.87268716,0.04559201,72.52677442763473,30.841007,1,0,1,0.0,0.0,0.0,far,0.0,0.0,0.0,0.0,0.0,0.0,0.0,0.0,0.0,0.0,1.0,0.0,1.0,0.0,0.0
17866,7,1.52,1.0,78.0,177690.0,60.85195,63.896267,281563.25,169744.38,0,0.0,0.0,169.74437,5.1401677,12.087795737939121,4.1247435,4.157261,0.5972928707026132,1.4951554240985658,1.539826259510575,1.4951554240985658,1.539826259510575,0.9242589,0.051571727,84.61457016557385,35.981174,1,0,1,0.0,0.0,0.0,far,0.0,0.0,0.0,0.0,0.0,0.0,0.0,0.0,0.0,0.0,1.0,0.0,1.0,0.0,0.0
17876,1,1.1133333,1.0,78.0,109420.0,63.399235,62.62426,230980.28,117956.6,0,0.0,0.0,117.956604,4.778759,11.602948967617817,4.1651015,4.1371527,0.4935644592896984,0.9824445123549689,1.1196993597090414,0.9824445123549689,1.1196993597090414,0.74826646,,11.602948967617817,4.778759,0,0,0,0.0,0.0,0.0,mid,0.0,0.0,0.0,0.0,0.0,1.0,0.0,0.0,0.0,0.0,0.0,0.0,0.0,0.0,0.0
17876,2,1.1233333,1.0,78.0,109420.0,55.90219,55.130154,230980.28,117956.6,0,0.0,0.0,117.956604,4.778759,11.602948967617817,4.0413337,4.009697,0.4935644592896984,0.9824445123549689,1.1196993597090414,0.9824445123549689,1.1196993597090414,0.75298727,0.004720807,23.205897935235633,9.557518,0,0,0,0.0,0.0,0.0,mid,0.0,0.0,0.0,0.0,0.0,1.0,0.0,0.0,0.0,0.0,0.0,0.0,0.0,0.0,0.0
17876,3,1.1424999,1.0,78.0,109420.0,59.75582,61.99453,230980.28,117956.6,0,0.0,0.0,117.956604,4.778759,11.602948967617817,4.106863,4.127046,0.4935644592896984,0.9824445123549689,1.1196993597090414,0.9824445123549689,1.1196993597090414,0.7619733,0.008986056,34.808846902853446,14.336277,1,1,0,0.0,0.0,0.0,mid,0.0,0.0,0.0,0.0,0.0,1.0,1.0,0.0,0.0,0.0,0.0,0.0,0.0,0.0,0.0
17876,4,1.07,1.0,78.0,109420.0,57.461597,53.454224,230980.28,117956.6,0,0.0,0.0,117.956604,4.778759,11.602948967617817,4.06837,3.9788256,0.4935644592896984,0.9824445123549689,1.1196993597090414,0.9824445123549689,1.1196993597090414,0.7275487,-0.034424603,46.411795870471266,19.115036,1,1,0,0.0,0.0,0.0,mid,0.0,0.0,0.0,0.0,0.0,1.0,1.0,0.0,0.0,0.0,0.0,0.0,0.0,0.0,0.0
17876,5,1.0533333,1.0,78.0,109420.0,61.612953,61.23772,230980.28,117956.6,0,0.0,0.0,117.956604,4.778759,11.602948967617817,4.136972,4.1147633,0.4935644592896984,0.9824445123549689,1.1196993597090414,0.9824445123549689,1.1196993597090414,0.7194645,-0.008084238,58.014744838089086,23.893795,1,0,1,0.0,0.0,0.0,mid,0.0,0.0,0.0,0.0,0.0,1.0,0.0,1.0,0.0,0.0,0.0,0.0,0.0,0.0,0.0
17876,6,1.16,1.0,78.0,109420.0,54.44788,54.332905,230980.28,117956.6,0,0.0,0.0,117.956604,4.778759,11.602948967617817,4.0154433,3.99513,0.4935644592896984,0.9824445123549689,1.1196993597090414,0.9824445123549689,1.1196993597090414,0.77010816,0.050643682,69.61769380570689,28.672554,1,0,1,0.0,0.0,0.0,mid,0.0,0.0,0.0,0.0,0.0,1.0,0.0,1.0,0.0,0.0,0.0,0.0,0.0,0.0,0.0
17876,7,1.15,1.0,78.0,109420.0,59.28074,61.789078,230980.28,117956.6,0,0.0,0.0,117.956604,4.778759,11.602948967617817,4.099013,4.123727,0.4935644592896984,0.9824445123549689,1.1196993597090414,0.9824445123549689,1.1196993597090414,0.7654679,-0.004640281,81.22064277332471,33.451313,1,0,1,0.0,0.0,0.0,mid,0.0,0.0,0.0,0.0,0.0,1.0,0.0,1.0,0.0,0.0,0.0,0.0,0.0,0.0,0.0
17895,1,2.2666667,1.0,78.0,165990.0,63.399235,62.62426,232138.47,116895.41,0,0.0,0.0,116.89541,4.769798,12.019682824560265,4.1651015,4.1371527,0.5245452783648596,1.112146873637356,1.223119467616749,1.112146873637356,1.223119467616749,1.1837701,,12.019682824560265,4.769798,0,0,0,0.0,0.0,0.0,mid,0.0,0.0,0.0,0.0,0.0,1.0,0.0,0.0,0.0,0.0,0.0,0.0,0.0,0.0,0.0
17895,2,3.3266666,1.0,78.0,165990.0,55.90219,55.130154,232138.47,116895.41,0,0.0,0.0,116.89541,4.769798,12.019682824560265,4.0413337,4.009697,0.5245452783648596,1.112146873637356,1.223119467616749,1.112146873637356,1.223119467616749,1.4647975,0.28102744,24.03936564912053,9.539596,0,0,0,0.0,0.0,0.0,mid,0.0,0.0,0.0,0.0,0.0,1.0,0.0,0.0,0.0,0.0,0.0,0.0,0.0,0.0,0.0
17895,3,3.045,1.0,78.0,165990.0,59.75582,61.99453,232138.47,116895.41,0,0.0,0.0,116.89541,4.769798,12.019682824560265,4.106863,4.127046,0.5245452783648596,1.112146873637356,1.223119467616749,1.112146873637356,1.223119467616749,1.3974816,-0.067315936,36.0590484736808,14.309393,1,1,0,0.0,0.0,0.0,mid,0.0,0.0,0.0,0.0,0.0,1.0,1.0,0.0,0.0,0.0,0.0,0.0,0.0,0.0,0.0
17895,4,2.9766667,1.0,78.0,165990.0,57.461597,53.454224,232138.47,116895.41,0,0.0,0.0,116.89541,4.769798,12.019682824560265,4.06837,3.9788256,0.5245452783648596,1.112146873637356,1.223119467616749,1.112146873637356,1.223119467616749,1.3804439,-0.01703763,48.07873129824106,19.079191,1,1,0,0.0,0.0,0.0,mid,0.0,0.0,0.0,0.0,0.0,1.0,1.0,0.0,0.0,0.0,0.0,0.0,0.0,0.0,0.0
17895,5,2.4066668,1.0,78.0,165990.0,61.612953,61.23772,232138.47,116895.41,0,0.0,0.0,116.89541,4.769798,12.019682824560265,4.136972,4.1147633,0.5245452783648596,1.112146873637356,1.223119467616749,1.112146873637356,1.223119467616749,1.2257344,-0.15470958,60.09841412280132,23.84899,1,0,1,0.0,0.0,0.0,mid,0.0,0.0,0.0,0.0,0.0,1.0,0.0,1.0,0.0,0.0,0.0,0.0,0.0,0.0,0.0
17895,6,2.77,1.0,78.0,165990.0,54.44788,54.332905,232138.47,116895.41,0,0.0,0.0,116.89541,4.769798,12.019682824560265,4.0154433,3.99513,0.5245452783648596,1.112146873637356,1.223119467616749,1.112146873637356,1.223119467616749,1.327075,0.10134065,72.1180969473616,28.618786,1,0,1,0.0,0.0,0.0,mid,0.0,0.0,0.0,0.0,0.0,1.0,0.0,1.0,0.0,0.0,0.0,0.0,0.0,0.0,0.0
17895,7,3.01,1.0,78.0,165990.0,59.28074,61.789078,232138.47,116895.41,0,0.0,0.0,116.89541,4.769798,12.019682824560265,4.099013,4.123727,0.5245452783648596,1.112146873637356,1.223119467616749,1.112146873637356,1.223119467616749,1.3887913,0.061716318,84.13777977192186,33.388584,1,0,1,0.0,0.0,0.0,mid,0.0,0.0,0.0,0.0,0.0,1.0,0.0,1.0,0.0,0.0,0.0,0.0,0.0,0.0,0.0
17914,1,1.6033334,1.0,79.0,145190.0,59.70372,58.702835,217712.11,109811.945,0,0.0,0.0,109.81194,4.7078347,11.885798508477734,4.106005,4.072488,0.5025871923911954,1.018551004639454,1.137612687186654,1.018551004639454,1.137612687186654,0.9567927,,11.885798508477734,4.7078347,0,0,0,0.0,0.0,0.0,mid,0.0,0.0,0.0,0.0,0.0,1.0,0.0,0.0,0.0,0.0,0.0,0.0,0.0,0.0,0.0
17914,2,1.9966667,1.0,79.0,145190.0,53.00691,52.24197,217712.11,109811.945,0,0.0,0.0,109.81194,4.7078347,11.885798508477734,3.989112,3.9558861,0.5025871923911954,1.018551004639454,1.137612687186654,1.018551004639454,1.137612687186654,1.0975006,0.14070785,23.771597016955468,9.415669,0,0,0,0.0,0.0,0.0,mid,0.0,0.0,0.0,0.0,0.0,1.0,0.0,0.0,0.0,0.0,0.0,0.0,0.0,0.0,0.0
17914,3,1.8775,1.0,79.0,145190.0,56.6542,58.138435,217712.11,109811.945,0,0.0,0.0,109.81194,4.7078347,11.885798508477734,4.054463,4.062827,0.5025871923911954,1.018551004639454,1.137612687186654,1.018551004639454,1.137612687186654,1.056922,-0.040578604,35.6573955254332,14.123505,1,1,0,0.0,0.0,0.0,mid,0.0,0.0,0.0,0.0,0.0,1.0,1.0,0.0,0.0,0.0,0.0,0.0,0.0,0.0,0.0
17914,4,1.8266666,1.0,79.0,145190.0,54.035656,50.34313,217712.11,109811.945,0,0.0,0.0,109.81194,4.7078347,11.885798508477734,4.0079813,3.918862,0.5025871923911954,1.018551004639454,1.137612687186654,1.018551004639454,1.137612687186654,1.0390981,-0.017823815,47.543194033910936,18.831339,1,1,0,0.0,0.0,0.0,mid,0.0,0.0,0.0,0.0,0.0,1.0,1.0,0.0,0.0,0.0,0.0,0.0,0.0,0.0,0.0
17914,5,1.6833333,1.0,79.0,145190.0,58.181366,58.04768,217712.11,109811.945,0,0.0,0.0,109.81194,4.7078347,11.885798508477734,4.080607,4.061265,0.5025871923911954,1.018551004639454,1.137612687186654,1.018551004639454,1.137612687186654,0.98705983,-0.052038312,59.42899254238867,23.539173,1,0,1,0.0,0.0,0.0,mid,0.0,0.0,0.0,0.0,0.0,1.0,0.0,1.0,0.0,0.0,0.0,0.0,0.0,0.0,0.0
17914,6,2.19,1.0,79.0,145190.0,51.057953,50.95858,217712.11,109811.945,0,0.0,0.0,109.81194,4.7078347,11.885798508477734,3.9523575,3.931013,0.5025871923911954,1.018551004639454,1.137612687186654,1.018551004639454,1.137612687186654,1.160021,0.17296112,71.3147910508664,28.24701,1,0,1,0.0,0.0,0.0,mid,0.0,0.0,0.0,0.0,0.0,1.0,0.0,1.0,0.0,0.0,0.0,0.0,0.0,0.0,0.0
17914,7,2.15,1.0,79.0,145190.0,55.53677,57.681007,217712.11,109811.945,0,0.0,0.0,109.81194,4.7078347,11.885798508477734,4.034891,4.054928,0.5025871923911954,1.018551004639454,1.137612687186654,1.018551004639454,1.137612687186654,1.1474025,-0.0126184225,83.20058955934414,32.95484,1,0,1,0.0,0.0,0.0,mid,0.0,0.0,0.0,0.0,0.0,1.0,0.0,1.0,0.0,0.0,0.0,0.0,0.0,0.0,0.0
17947,1,1.9533333,1.0,79.0,70140.0,58.486,56.496067,202311.75,93190.18,0,0.0,0.0,93.19018,4.5453157,11.15824852369417,4.085741,4.034171,0.4162399004519248,0.7187827228471112,0.8134077254143266,0.7187827228471112,0.8134077254143266,1.0829345,,11.15824852369417,4.5453157,0,0,0,0.0,0.0,0.0,mid,0.0,0.0,0.0,0.0,0.0,1.0,0.0,0.0,0.0,0.0,0.0,0.0,0.0,0.0,0.0
17947,2,2.1966667,1.0,79.0,70140.0,53.283184,51.787785,202311.75,93190.18,0,0.0,0.0,93.19018,4.5453157,11.15824852369417,3.9942145,3.9471543,0.4162399004519248,0.7187827228471112,0.8134077254143266,0.7187827228471112,0.8134077254143266,1.1621087,0.07917416,22.31649704738834,9.0906315,0,0,0,0.0,0.0,0.0,mid,0.0,0.0,0.0,0.0,0.0,1.0,0.0,0.0,0.0,0.0,0.0,0.0,0.0,0.0,0.0
17947,3,1.885,1.0,79.0,70140.0,57.75365,58.557186,202311.75,93190.18,0,0.0,0.0,93.19018,4.5453157,11.15824852369417,4.0733533,4.070004,0.4162399004519248,0.7187827228471112,0.8134077254143266,0.7187827228471112,0.8134077254143266,1.059525,-0.10258365,33.47474557108251,13.635947,1,1,0,0.0,0.0,0.0,mid,0.0,0.0,0.0,0.0,0.0,1.0,1.0,0.0,0.0,0.0,0.0,0.0,0.0,0.0,0.0
17947,4,1.3833333,1.0,79.0,70140.0,56.53681,52.058174,202311.75,93190.18,0,0.0,0.0,93.19018,4.5453157,11.15824852369417,4.052425,3.9523618,0.4162399004519248,0.7187827228471112,0.8134077254143266,0.7187827228471112,0.8134077254143266,0.8685,-0.19102502,44.63299409477668,18.181263,1,1,0,0.0,0.0,0.0,mid,0.0,0.0,0.0,0.0,0.0,1.0,1.0,0.0,0.0,0.0,0.0,0.0,0.0,0.0,0.0
17947,5,1.3366667,1.0,79.0,70140.0,60.79795,60.264606,202311.75,93190.18,0,0.0,0.0,93.19018,4.5453157,11.15824852369417,4.1238704,4.098745,0.4162399004519248,0.7187827228471112,0.8134077254143266,0.7187827228471112,0.8134077254143266,0.8487254,-0.019774616,55.79124261847085,22.726578,1,0,1,0.0,0.0,0.0,mid,0.0,0.0,0.0,0.0,0.0,1.0,0.0,1.0,0.0,0.0,0.0,0.0,0.0,0.0,0.0
17947,6,1.7166667,1.0,79.0,70140.0,53.039227,51.982544,202311.75,93190.18,0,0.0,0.0,93.19018,4.5453157,11.15824852369417,3.9897103,3.950908,0.4162399004519248,0.7187827228471112,0.8134077254143266,0.7187827228471112,0.8134077254143266,0.9994056,0.15068024,66.94949114216502,27.271894,1,0,1,0.0,0.0,0.0,mid,0.0,0.0,0.0,0.0,0.0,1.0,0.0,1.0,0.0,0.0,0.0,0.0,0.0,0.0,0.0
17947,7,1.45,1.0,79.0,70140.0,56.99997,58.734093,202311.75,93190.18,0,0.0,0.0,93.19018,4.5453157,11.15824852369417,4.0604424,4.0730205,0.4162399004519248,0.7187827228471112,0.8134077254143266,0.7187827228471112,0.8134077254143266,0.89608806,-0.10331756,78.10773966585919,31.817211,1,0,1,0.0,0.0,0.0,mid,0.0,0.0,0.0,0.0,0.0,1.0,0.0,1.0,0.0,0.0,0.0,0.0,0.0,0.0,0.0
17958,1,1.2066667,1.0,79.0,253050.0,55.73446,54.605206,235445.12,129386.695,0,0.0,0.0,129.38669,4.8705044,12.441342376642224,4.0383816,4.000129,0.5756920346118882,1.367720522945033,1.416270476173656,1.367720522945033,1.416270476173656,0.7914831,,12.441342376642224,4.8705044,0,0,0,0.0,0.0,0.0,far,0.0,0.0,0.0,0.0,0.0,0.0,0.0,0.0,0.0,0.0,1.0,0.0,0.0,0.0,0.0
17958,2,1.3833333,1.0,79.0,253050.0,49.897163,49.336807,235445.12,129386.695,0,0.0,0.0,129.38669,4.8705044,12.441342376642224,3.9298072,3.8986704,0.5756920346118882,1.367720522945033,1.416270476173656,1.367720522945033,1.416270476173656,0.8685,0.07701689,24.882684753284448,9.741009,0,0,0,0.0,0.0,0.0,far,0.0,0.0,0.0,0.0,0.0,0.0,0.0,0.0,0.0,0.0,1.0,0.0,0.0,0.0,0.0
17958,3,1.335,1.0,79.0,253050.0,53.32283,54.143997,235445.12,129386.695,0,0.0,0.0,129.38669,4.8705044,12.441342376642224,3.9949446,3.991647,0.5756920346118882,1.367720522945033,1.416270476173656,1.367720522945033,1.416270476173656,0.8480119,-0.020488083,37.32402712992667,14.611513,1,1,0,0.0,0.0,0.0,far,0.0,0.0,0.0,0.0,0.0,0.0,0.0,0.0,0.0,0.0,1.0,1.0,0.0,0.0,0.0
17958,4,1.4066666,1.0,79.0,253050.0,50.35594,47.167934,235445.12,129386.695,0,0.0,0.0,129.38669,4.8705044,12.441342376642224,3.9387808,3.8537142,0.5756920346118882,1.367720522945033,1.416270476173656,1.367720522945033,1.416270476173656,0.8782427,0.03023076,49.765369506568895,19.482018,1,1,0,0.0,0.0,0.0,far,0.0,0.0,0.0,0.0,0.0,0.0,0.0,0.0,0.0,0.0,1.0,1.0,0.0,0.0,0.0
17958,5,1.2466667,1.0,79.0,253050.0,54.495583,54.727974,235445.12,129386.695,0,0.0,0.0,129.38669,4.8705044,12.441342376642224,4.0163035,4.002375,0.5756920346118882,1.367720522945033,1.416270476173656,1.367720522945033,1.416270476173656,0.80944765,-0.068795025,62.20671188321112,24.352522,1,0,1,0.0,0.0,0.0,far,0.0,0.0,0.0,0.0,0.0,0.0,0.0,0.0,0.0,0.0,1.0,0.0,1.0,0.0,0.0
17958,6,1.37,1.0,79.0,253050.0,47.416916,47.394814,235445.12,129386.695,0,0.0,0.0,129.38669,4.8705044,12.441342376642224,3.8798492,3.8585129,0.5756920346118882,1.367720522945033,1.416270476173656,1.367720522945033,1.416270476173656,0.8628899,0.05344224,74.64805425985334,29.223026,1,0,1,0.0,0.0,0.0,far,0.0,0.0,0.0,0.0,0.0,0.0,0.0,0.0,0.0,0.0,1.0,0.0,1.0,0.0,0.0
17958,7,1.655,1.0,79.0,253050.0,51.515472,53.292755,235445.12,129386.695,0,0.0,0.0,129.38669,4.8705044,12.441342376642224,3.9611077,3.9758005,0.5756920346118882,1.367720522945033,1.416270476173656,1.367720522945033,1.416270476173656,0.9764446,0.113554716,87.08939663649556,34.09353,1,0,1,0.0,0.0,0.0,far,0.0,0.0,0.0,0.0,0.0,0.0,0.0,0.0,0.0,0.0,1.0,0.0,1.0,0.0,0.0
17976,1,1.1966667,1.0,79.0,164140.0,54.643818,52.801907,182122.75,77258.98,0,0.0,0.0,77.25898,4.3600235,12.008475001183703,4.018971,3.9665473,0.4479266436158818,0.8178966618048062,0.8897502892454487,0.8178966618048062,0.8897502892454487,0.78694105,,12.008475001183703,4.3600235,0,0,0,0.0,0.0,0.0,near,1.0,0.0,0.0,0.0,0.0,0.0,0.0,0.0,0.0,0.0,0.0,0.0,0.0,0.0,0.0
17976,2,1.1800001,1.0,79.0,164140.0,49.733505,48.148544,182122.75,77258.98,0,0.0,0.0,77.25898,4.3600235,12.008475001183703,3.9265866,3.874291,0.4479266436158818,0.8178966618048062,0.8897502892454487,0.8178966618048062,0.8897502892454487,0.7793249,-0.0076161623,24.016950002367405,8.720047,0,0,0,0.0,0.0,0.0,near,1.0,0.0,0.0,0.0,0.0,0.0,0.0,0.0,0.0,0.0,0.0,0.0,0.0,0.0,0.0
17976,3,1.1600001,1.0,79.0,164140.0,54.42002,54.658936,182122.75,77258.98,0,0.0,0.0,77.25898,4.3600235,12.008475001183703,4.0149407,4.001113,0.4479266436158818,0.8178966618048062,0.8897502892454487,0.8178966618048062,0.8897502892454487,0.7701083,-0.009216607,36.025425003551106,13.0800705,1,1,0,0.0,0.0,0.0,near,1.0,1.0,0.0,0.0,0.0,0.0,0.0,0.0,0.0,0.0,0.0,0.0,0.0,0.0,0.0
17976,4,1.0,1.0,79.0,164140.0,52.629635,48.8752,182122.75,77258.98,0,0.0,0.0,77.25898,4.3600235,12.008475001183703,3.982102,3.88927,0.4479266436158818,0.8178966618048062,0.8897502892454487,0.8178966618048062,0.8897502892454487,0.6931472,-0.0769611,48.03390000473481,17.440094,1,1,0,0.0,0.0,0.0,near,1.0,1.0,0.0,0.0,0.0,0.0,0.0,0.0,0.0,0.0,0.0,0.0,0.0,0.0,0.0
17976,5,1.02,1.0,79.0,164140.0,57.16942,57.08853,182122.75,77258.98,0,0.0,0.0,77.25898,4.3600235,12.008475001183703,4.0633597,4.0446033,0.4479266436158818,0.8178966618048062,0.8897502892454487,0.8178966618048062,0.8897502892454487,0.7030975,0.00995034,60.042375005918515,21.800117,1,0,1,0.0,0.0,0.0,near,1.0,0.0,1.0,0.0,0.0,0.0,0.0,0.0,0.0,0.0,0.0,0.0,0.0,0.0,0.0
17976,6,1.02,1.0,79.0,164140.0,49.378216,48.507996,182122.75,77258.98,0,0.0,0.0,77.25898,4.3600235,12.008475001183703,3.919559,3.8817286,0.4479266436158818,0.8178966618048062,0.8897502892454487,0.8178966618048062,0.8897502892454487,0.7030975,0.0,72.05085000710221,26.160141,1,0,1,0.0,0.0,0.0,near,1.0,0.0,1.0,0.0,0.0,0.0,0.0,0.0,0.0,0.0,0.0,0.0,0.0,0.0,0.0
17976,7,1.0,1.0,79.0,164140.0,53.14376,54.58898,182122.75,77258.98,0,0.0,0.0,77.25898,4.3600235,12.008475001183703,3.9916427,3.9998322,0.4479266436158818,0.8178966618048062,0.8897502892454487,0.8178966618048062,0.8897502892454487,0.6931472,-0.00995034,84.05932500828592,30.520164,1,0,1,0.0,0.0,0.0,near,1.0,0.0,1.0,0.0,0.0,0.0,0.0,0.0,0.0,0.0,0.0,0.0,0.0,0.0,0.0
17980,1,2.8966668,1.0,79.0,224580.0,52.997166,51.258144,200627.9,94874.414,0,0.0,0.0,94.87441,4.5630393,12.32198727012653,3.9889317,3.9368746,0.5099354781345734,1.0489391459435515,1.1366775757660599,1.0489391459435515,1.1366775757660599,1.3601215,,12.32198727012653,4.5630393,0,0,0,0.0,0.0,0.0,mid,0.0,0.0,0.0,0.0,0.0,1.0,0.0,0.0,0.0,0.0,0.0,0.0,0.0,0.0,0.0
17980,2,3.27,1.0,79.0,224580.0,48.212215,46.646233,200627.9,94874.414,0,0.0,0.0,94.87441,4.5630393,12.32198727012653,3.896142,3.8425922,0.5099354781345734,1.0489391459435515,1.1366775757660599,1.0489391459435515,1.1366775757660599,1.4516138,0.091492295,24.64397454025306,9.126079,0,0,0,0.0,0.0,0.0,mid,0.0,0.0,0.0,0.0,0.0,1.0,0.0,0.0,0.0,0.0,0.0,0.0,0.0,0.0,0.0
17980,3,2.8825,1.0,79.0,224580.0,52.991325,53.029907,200627.9,94874.414,0,0.0,0.0,94.87441,4.5630393,12.32198727012653,3.9888234,3.9708562,0.5099354781345734,1.0489391459435515,1.1366775757660599,1.0489391459435515,1.1366775757660599,1.3564793,-0.0951345,36.96596181037959,13.689117,1,1,0,0.0,0.0,0.0,mid,0.0,0.0,0.0,0.0,0.0,1.0,1.0,0.0,0.0,0.0,0.0,0.0,0.0,0.0,0.0
17980,4,2.6166666,1.0,79.0,224580.0,50.95513,47.549885,200627.9,94874.414,0,0.0,0.0,94.87441,4.5630393,12.32198727012653,3.9503806,3.8617795,0.5099354781345734,1.0489391459435515,1.1366775757660599,1.0489391459435515,1.1366775757660599,1.2855527,-0.07092655,49.28794908050612,18.252157,1,1,0,0.0,0.0,0.0,mid,0.0,0.0,0.0,0.0,0.0,1.0,1.0,0.0,0.0,0.0,0.0,0.0,0.0,0.0,0.0
17980,5,2.1733334,1.0,79.0,224580.0,55.614334,55.748096,200627.9,94874.414,0,0.0,0.0,94.87441,4.5630393,12.32198727012653,4.036262,4.0208435,0.5099354781345734,1.0489391459435515,1.1366775757660599,1.0489391459435515,1.1366775757660599,1.1547825,-0.1307702,61.609936350632644,22.815197,1,0,1,0.0,0.0,0.0,mid,0.0,0.0,0.0,0.0,0.0,1.0,0.0,1.0,0.0,0.0,0.0,0.0,0.0,0.0,0.0
17980,6,3.2266667,1.0,79.0,224580.0,47.80921,47.033123,200627.9,94874.414,0,0.0,0.0,94.87441,4.5630393,12.32198727012653,3.887919,3.850852,0.5099354781345734,1.0489391459435515,1.1366775757660599,1.0489391459435515,1.1366775757660599,1.4414136,0.2866311,73.93192362075918,27.378235,1,0,1,0.0,0.0,0.0,mid,0.0,0.0,0.0,0.0,0.0,1.0,0.0,1.0,0.0,0.0,0.0,0.0,0.0,0.0,0.0
17980,7,2.9850001,1.0,79.0,224580.0,51.491096,52.819695,200627.9,94874.414,0,0.0,0.0,94.87441,4.5630393,12.32198727012653,3.9606435,3.9668841,0.5099354781345734,1.0489391459435515,1.1366775757660599,1.0489391459435515,1.1366775757660599,1.3825374,-0.058876276,86.2539108908857,31.941275,1,0,1,0.0,0.0,0.0,mid,0.0,0.0,0.0,0.0,0.0,1.0,0.0,1.0,0.0,0.0,0.0,0.0,0.0,0.0,0.0
17987,1,1.8366666,1.0,79.0,204250.0,58.486,56.496067,187524.62,78979.555,0,0.0,0.0,78.97955,4.381771,12.22710001272225,4.085741,4.034171,0.468942870034711,0.8901578393356643,0.9653312297918824,0.8901578393356643,0.9653312297918824,1.0426296,,12.22710001272225,4.381771,0,0,0,0.0,0.0,0.0,near,1.0,0.0,0.0,0.0,0.0,0.0,0.0,0.0,0.0,0.0,0.0,0.0,0.0,0.0,0.0
17987,2,2.0866666,1.0,79.0,204250.0,53.283184,51.787785,187524.62,78979.555,0,0.0,0.0,78.97955,4.381771,12.22710001272225,3.9942145,3.9471543,0.468942870034711,0.8901578393356643,0.9653312297918824,0.8901578393356643,0.9653312297918824,1.1270918,0.084462166,24.4542000254445,8.763542,0,0,0,0.0,0.0,0.0,near,1.0,0.0,0.0,0.0,0.0,0.0,0.0,0.0,0.0,0.0,0.0,0.0,0.0,0.0,0.0
17987,3,1.8774999,1.0,79.0,204250.0,57.75365,58.557186,187524.62,78979.555,0,0.0,0.0,78.97955,4.381771,12.22710001272225,4.0733533,4.070004,0.468942870034711,0.8901578393356643,0.9653312297918824,0.8901578393356643,0.9653312297918824,1.056922,-0.07016981,36.68130003816675,13.145313,1,1,0,0.0,0.0,0.0,near,1.0,1.0,0.0,0.0,0.0,0.0,0.0,0.0,0.0,0.0,0.0,0.0,0.0,0.0,0.0
17987,4,1.7133334,1.0,79.0,204250.0,56.53681,52.058174,187524.62,78979.555,0,0.0,0.0,78.97955,4.381771,12.22710001272225,4.052425,3.9523618,0.468942870034711,0.8901578393356643,0.9653312297918824,0.8901578393356643,0.9653312297918824,0.9981779,-0.058744073,48.908400050889,17.527084,1,1,0,0.0,0.0,0.0,near,1.0,1.0,0.0,0.0,0.0,0.0,0.0,0.0,0.0,0.0,0.0,0.0,0.0,0.0,0.0
17987,5,1.34,1.0,79.0,204250.0,60.79795,60.264606,187524.62,78979.555,0,0.0,0.0,78.97955,4.381771,12.22710001272225,4.1238704,4.098745,0.468942870034711,0.8901578393356643,0.9653312297918824,0.8901578393356643,0.9653312297918824,0.850151,-0.14802688,61.135500063611246,21.908855,1,0,1,0.0,0.0,0.0,near,1.0,0.0,1.0,0.0,0.0,0.0,0.0,0.0,0.0,0.0,0.0,0.0,0.0,0.0,0.0
17987,6,1.5966667,1.0,79.0,204250.0,53.039227,51.982544,187524.62,78979.555,0,0.0,0.0,78.97955,4.381771,12.22710001272225,3.9897103,3.950908,0.468942870034711,0.8901578393356643,0.9653312297918824,0.8901578393356643,0.9653312297918824,0.95422864,0.10407764,73.3626000763335,26.290627,1,0,1,0.0,0.0,0.0,near,1.0,0.0,1.0,0.0,0.0,0.0,0.0,0.0,0.0,0.0,0.0,0.0,0.0,0.0,0.0
17987,7,1.6,1.0,79.0,204250.0,56.99997,58.734093,187524.62,78979.555,0,0.0,0.0,78.97955,4.381771,12.22710001272225,4.0604424,4.0730205,0.468942870034711,0.8901578393356643,0.9653312297918824,0.8901578393356643,0.9653312297918824,0.9555114,0.0012827516,85.58970008905575,30.672398,1,0,1,0.0,0.0,0.0,near,1.0,0.0,1.0,0.0,0.0,0.0,0.0,0.0,0.0,0.0,0.0,0.0,0.0,0.0,0.0
32903,1,1.5166667,3.0,29.0,90320.0,47.043427,44.54065,125572.52,59015.605,0,0.0,0.0,59.015606,4.0946045,11.411114198823544,3.8721054,3.7964022,0.3559234710059403,0.557067064901348,0.5171449549099343,0.557067064901348,0.5171449549099343,0.92293525,,11.411114198823544,4.0946045,0,0,0,0.0,0.0,0.0,near,1.0,0.0,0.0,0.0,0.0,0.0,0.0,0.0,0.0,0.0,0.0,0.0,0.0,0.0,0.0
32903,2,1.6133333,3.0,29.0,90320.0,43.81031,40.980965,125572.52,59015.605,0,0.0,0.0,59.015606,4.0946045,11.411114198823544,3.8024383,3.7131076,0.3559234710059403,0.557067064901348,0.5171449549099343,0.557067064901348,0.5171449549099343,0.9606265,0.037691236,22.822228397647088,8.189209,0,0,0,0.0,0.0,0.0,near,1.0,0.0,0.0,0.0,0.0,0.0,0.0,0.0,0.0,0.0,0.0,0.0,0.0,0.0,0.0
32903,3,2.0875,3.0,29.0,90320.0,49.901978,48.32612,125572.52,59015.605,0,0.0,0.0,59.015606,4.0946045,11.411114198823544,3.9299018,3.8779721,0.3559234710059403,0.557067064901348,0.5171449549099343,0.557067064901348,0.5171449549099343,1.1273618,0.16673529,34.233342596470635,12.283813,1,1,0,0.0,0.0,0.0,near,1.0,1.0,0.0,0.0,0.0,0.0,0.0,0.0,0.0,0.0,0.0,0.0,0.0,0.0,0.0
32903,4,2.7733333,3.0,29.0,90320.0,48.88492,45.092167,125572.52,59015.605,0,0.0,0.0,59.015606,4.0946045,11.411114198823544,3.9097188,3.8087087,0.3559234710059403,0.557067064901348,0.5171449549099343,0.557067064901348,0.5171449549099343,1.3279588,0.20059705,45.644456795294175,16.378418,1,1,0,0.0,0.0,0.0,near,1.0,1.0,0.0,0.0,0.0,0.0,0.0,0.0,0.0,0.0,0.0,0.0,0.0,0.0,0.0
32903,5,1.5166667,3.0,29.0,90320.0,54.08067,52.848675,125572.52,59015.605,0,0.0,0.0,59.015606,4.0946045,11.411114198823544,4.0087986,3.9674327,0.3559234710059403,0.557067064901348,0.5171449549099343,0.557067064901348,0.5171449549099343,0.92293525,-0.40502357,57.055570994117716,20.473022,1,0,1,0.0,0.0,0.0,near,1.0,0.0,1.0,0.0,0.0,0.0,0.0,0.0,0.0,0.0,0.0,0.0,0.0,0.0,0.0
32903,6,2.4033334,3.0,29.0,90320.0,45.402786,42.82003,125572.52,59015.605,0,0.0,0.0,59.015606,4.0946045,11.411114198823544,3.8373594,3.757006,0.3559234710059403,0.557067064901348,0.5171449549099343,0.557067064901348,0.5171449549099343,1.2247554,0.30182016,68.46668519294127,24.567627,1,0,1,0.0,0.0,0.0,near,1.0,0.0,1.0,0.0,0.0,0.0,0.0,0.0,0.0,0.0,0.0,0.0,0.0,0.0,0.0
32903,7,3.075,3.0,29.0,90320.0,48.53972,48.35952,125572.52,59015.605,0,0.0,0.0,59.015606,4.0946045,11.411114198823544,3.9027748,3.878663,0.3559234710059403,0.557067064901348,0.5171449549099343,0.557067064901348,0.5171449549099343,1.4048707,0.18011534,79.87779939176481,28.662231,1,0,1,0.0,0.0,0.0,near,1.0,0.0,1.0,0.0,0.0,0.0,0.0,0.0,0.0,0.0,0.0,0.0,0.0,0.0,0.0
32910,1,2.04,3.0,29.0,216880.0,50.032185,46.883472,115113.54,23337.018,0,0.0,0.0,23.337017,3.1919985,12.287099484172547,3.9324565,3.8476653,0.27137640139797053,0.375454379035976,0.02196982974368389,,,1.1118575,,12.287099484172547,3.1919985,0,0,0,0.0,0.0,0.0,near,1.0,0.0,0.0,0.0,0.0,0.0,0.0,0.0,0.0,0.0,0.0,0.0,0.0,0.0,0.0
32910,2,2.0,3.0,29.0,216880.0,46.947174,44.111572,115113.54,23337.018,0,0.0,0.0,23.337017,3.1919985,12.287099484172547,3.8700998,3.7867222,0.27137640139797053,0.375454379035976,0.02196982974368389,,,1.0986123,-0.013245225,24.574198968345094,6.383997,0,0,0,0.0,0.0,0.0,near,1.0,0.0,0.0,0.0,0.0,0.0,0.0,0.0,0.0,0.0,0.0,0.0,0.0,0.0,0.0
32910,3,2.635,3.0,29.0,216880.0,52.628555,51.419075,115113.54,23337.018,0,0.0,0.0,23.337017,3.1919985,12.287099484172547,3.9820817,3.940009,0.27137640139797053,0.375454379035976,0.02196982974368389,,,1.2906091,0.19199681,36.861298452517644,9.575995,1,1,0,0.0,0.0,0.0,near,1.0,1.0,0.0,0.0,0.0,0.0,0.0,0.0,0.0,0.0,0.0,0.0,0.0,0.0,0.0
32910,4,3.1833332,3.0,29.0,216880.0,52.21726,47.345436,115113.54,23337.018,0,0.0,0.0,23.337017,3.1919985,12.287099484172547,3.9743829,3.8574705,0.27137640139797053,0.375454379035976,0.02196982974368389,,,1.4311084,0.14049923,49.14839793669019,12.767994,1,1,0,0.0,0.0,0.0,near,1.0,1.0,0.0,0.0,0.0,0.0,0.0,0.0,0.0,0.0,0.0,0.0,0.0,0.0,0.0
32910,5,2.1133332,3.0,29.0,216880.0,56.8555,55.01399,115113.54,23337.018,0,0.0,0.0,23.337017,3.1919985,12.287099484172547,4.0579486,4.0075874,0.27137640139797053,0.375454379035976,0.02196982974368389,,,1.1356939,-0.29541445,61.43549742086273,15.959992,1,0,1,0.0,0.0,0.0,near,1.0,0.0,1.0,0.0,0.0,0.0,0.0,0.0,0.0,0.0,0.0,0.0,0.0,0.0,0.0
32910,6,3.46,3.0,29.0,216880.0,48.420185,45.371967,115113.54,23337.018,0,0.0,0.0,23.337017,3.1919985,12.287099484172547,3.900359,3.8148944,0.27137640139797053,0.375454379035976,0.02196982974368389,,,1.4951488,0.35945487,73.72259690503529,19.15199,1,0,1,0.0,0.0,0.0,near,1.0,0.0,1.0,0.0,0.0,0.0,0.0,0.0,0.0,0.0,0.0,0.0,0.0,0.0,0.0
32910,7,3.995,3.0,29.0,216880.0,51.430836,51.301743,115113.54,23337.018,0,0.0,0.0,23.337017,3.1919985,12.287099484172547,3.9594948,3.9377248,0.27137640139797053,0.375454379035976,0.02196982974368389,,,1.6084374,0.11328864,86.00969638920783,22.34399,1,0,1,0.0,0.0,0.0,near,1.0,0.0,1.0,0.0,0.0,0.0,0.0,0.0,0.0,0.0,0.0,0.0,0.0,0.0,0.0
32918,1,1.4366666,3.0,29.0,190810.0,46.786144,44.28841,111072.65,56087.383,0,0.0,0.0,56.087383,4.0445833,12.159033447524388,3.8667357,3.790723,0.40234313431055624,0.6786299301334587,0.6753908920628331,0.6786299301334587,0.6753908920628331,0.8906309,,12.159033447524388,4.0445833,0,0,0,0.0,0.0,0.0,near,1.0,0.0,0.0,0.0,0.0,0.0,0.0,0.0,0.0,0.0,0.0,0.0,0.0,0.0,0.0
32918,2,1.3933333,3.0,29.0,190810.0,43.72182,40.82768,111072.65,56087.383,0,0.0,0.0,56.087383,4.0445833,12.159033447524388,3.8004615,3.7093604,0.40234313431055624,0.6786299301334587,0.6753908920628331,0.6786299301334587,0.6753908920628331,0.87268716,-0.01794374,24.318066895048776,8.089167,0,0,0,0.0,0.0,0.0,near,1.0,0.0,0.0,0.0,0.0,0.0,0.0,0.0,0.0,0.0,0.0,0.0,0.0,0.0,0.0
32918,3,1.625,3.0,29.0,190810.0,49.838615,48.188915,111072.65,56087.383,0,0.0,0.0,56.087383,4.0445833,12.159033447524388,3.9286563,3.875129,0.40234313431055624,0.6786299301334587,0.6753908920628331,0.6786299301334587,0.6753908920628331,0.96508086,0.0923937,36.477100342573166,12.13375,1,1,0,0.0,0.0,0.0,near,1.0,1.0,0.0,0.0,0.0,0.0,0.0,0.0,0.0,0.0,0.0,0.0,0.0,0.0,0.0
32918,4,1.8266667,3.0,29.0,190810.0,48.969944,45.042763,111072.65,56087.383,0,0.0,0.0,56.087383,4.0445833,12.159033447524388,3.9114218,3.8076124,0.40234313431055624,0.6786299301334587,0.6753908920628331,0.6786299301334587,0.6753908920628331,1.0390983,0.074017406,48.63613379009755,16.178333,1,1,0,0.0,0.0,0.0,near,1.0,1.0,0.0,0.0,0.0,0.0,0.0,0.0,0.0,0.0,0.0,0.0,0.0,0.0,0.0
32918,5,1.3133334,3.0,29.0,190810.0,54.084152,52.74177,111072.65,56087.383,0,0.0,0.0,56.087383,4.0445833,12.159033447524388,4.008862,3.9654078,0.40234313431055624,0.6786299301334587,0.6753908920628331,0.6786299301334587,0.6753908920628331,0.83868957,-0.2004087,60.79516723762194,20.222916,1,0,1,0.0,0.0,0.0,near,1.0,0.0,1.0,0.0,0.0,0.0,0.0,0.0,0.0,0.0,0.0,0.0,0.0,0.0,0.0
32918,6,1.7466667,3.0,29.0,190810.0,45.3878,42.702164,111072.65,56087.383,0,0.0,0.0,56.087383,4.0445833,12.159033447524388,3.8370366,3.7542496,0.40234313431055624,0.6786299301334587,0.6753908920628331,0.6786299301334587,0.6753908920628331,1.0103881,0.17169857,72.95420068514633,24.2675,1,0,1,0.0,0.0,0.0,near,1.0,0.0,1.0,0.0,0.0,0.0,0.0,0.0,0.0,0.0,0.0,0.0,0.0,0.0,0.0
32918,7,1.86,3.0,29.0,190810.0,48.50535,48.29158,111072.65,56087.383,0,0.0,0.0,56.087383,4.0445833,12.159033447524388,3.9020808,3.877257,0.40234313431055624,0.6786299301334587,0.6753908920628331,0.6786299301334587,0.6753908920628331,1.0508217,0.040433526,85.11323413267071,28.312084,1,0,1,0.0,0.0,0.0,near,1.0,0.0,1.0,0.0,0.0,0.0,0.0,0.0,0.0,0.0,0.0,0.0,0.0,0.0,0.0
32921,1,1.6,3.0,29.0,69400.0,45.130615,42.496407,92059.81,32197.834,0,0.0,0.0,32.197834,3.5024846,11.147642146494896,3.8314767,3.7494195,,,,,,0.9555114,,11.147642146494896,3.5024846,0,0,0,0.0,0.0,0.0,near,1.0,0.0,0.0,0.0,0.0,0.0,0.0,0.0,0.0,0.0,0.0,0.0,0.0,0.0,0.0
32921,2,1.4133333,3.0,29.0,69400.0,43.990612,40.648495,92059.81,32197.834,0,0.0,0.0,32.197834,3.5024846,11.147642146494896,3.806454,3.7049618,,,,,,0.881009,-0.07450241,22.29528429298979,7.004969,0,0,0,0.0,0.0,0.0,near,1.0,0.0,0.0,0.0,0.0,0.0,0.0,0.0,0.0,0.0,0.0,0.0,0.0,0.0,0.0
32921,3,1.685,3.0,29.0,69400.0,50.300385,48.109406,92059.81,32197.834,0,0.0,0.0,32.197834,3.5024846,11.147642146494896,3.9376984,3.8734777,,,,,,0.9876807,0.10667169,33.44292643948469,10.507454,1,1,0,0.0,0.0,0.0,near,1.0,1.0,0.0,0.0,0.0,0.0,0.0,0.0,0.0,0.0,0.0,0.0,0.0,0.0,0.0
32921,4,1.7133332,3.0,29.0,69400.0,51.18079,45.434135,92059.81,32197.834,0,0.0,0.0,32.197834,3.5024846,11.147642146494896,3.9547145,3.8162637,,,,,,0.99817777,0.010497093,44.59056858597958,14.009938,1,1,0,0.0,0.0,0.0,near,1.0,1.0,0.0,0.0,0.0,0.0,0.0,0.0,0.0,0.0,0.0,0.0,0.0,0.0,0.0
32921,5,1.3433334,3.0,29.0,69400.0,55.211628,52.330326,92059.81,32197.834,0,0.0,0.0,32.197834,3.5024846,11.147642146494896,4.029124,3.957576,,,,,,0.85157436,-0.1466034,55.73821073247448,17.512423,1,0,1,0.0,0.0,0.0,near,1.0,0.0,1.0,0.0,0.0,0.0,0.0,0.0,0.0,0.0,0.0,0.0,0.0,0.0,0.0
32921,6,1.6366667,3.0,29.0,69400.0,46.574955,42.37799,92059.81,32197.834,0,0.0,0.0,32.197834,3.5024846,11.147642146494896,3.8623066,3.7466292,,,,,,0.96951556,0.1179412,66.88585287896937,21.014908,1,0,1,0.0,0.0,0.0,near,1.0,0.0,1.0,0.0,0.0,0.0,0.0,0.0,0.0,0.0,0.0,0.0,0.0,0.0,0.0
32921,7,1.8399999,3.0,29.0,69400.0,49.14882,48.376587,92059.81,32197.834,0,0.0,0.0,32.197834,3.5024846,11.147642146494896,3.914995,3.879016,,,,,,1.043804,0.07428849,78.03349502546428,24.517391,1,0,1,0.0,0.0,0.0,near,1.0,0.0,1.0,0.0,0.0,0.0,0.0,0.0,0.0,0.0,0.0,0.0,0.0,0.0,0.0
32947,1,5.3233333,3.0,29.0,338190.0,43.956085,41.870747,88355.33,47331.727,0,0.0,0.0,47.331726,3.8780882,12.731363146706686,3.8056862,3.7345874,0.41587742530813193,0.7177111340601406,0.6931059828168151,0.7177111340601406,0.6931059828168151,1.8442465,,12.731363146706686,3.8780882,0,0,0,0.0,0.0,0.0,near,1.0,0.0,0.0,0.0,0.0,0.0,0.0,0.0,0.0,0.0,0.0,0.0,0.0,0.0,0.0
32947,2,5.7833333,3.0,29.0,338190.0,42.748444,39.565414,88355.33,47331.727,0,0.0,0.0,47.331726,3.8780882,12.731363146706686,3.778456,3.6779554,0.41587742530813193,0.7177111340601406,0.6931059828168151,0.7177111340601406,0.6931059828168151,1.9144686,0.07022214,25.462726293413372,7.7561765,0,0,0,0.0,0.0,0.0,near,1.0,0.0,0.0,0.0,0.0,0.0,0.0,0.0,0.0,0.0,0.0,0.0,0.0,0.0,0.0
32947,3,5.48,3.0,29.0,338190.0,49.141644,46.900616,88355.33,47331.727,0,0.0,0.0,47.331726,3.8780882,12.731363146706686,3.914852,3.8480308,0.41587742530813193,0.7177111340601406,0.6931059828168151,0.7177111340601406,0.6931059828168151,1.8687205,-0.045748115,38.19408944012006,11.634265,1,1,0,0.0,0.0,0.0,near,1.0,1.0,0.0,0.0,0.0,0.0,0.0,0.0,0.0,0.0,0.0,0.0,0.0,0.0,0.0
32947,4,5.5666666,3.0,29.0,338190.0,49.90519,44.70004,88355.33,47331.727,0,0.0,0.0,47.331726,3.8780882,12.731363146706686,3.9299648,3.7999744,0.41587742530813193,0.7177111340601406,0.6931059828168151,0.7177111340601406,0.6931059828168151,1.8820064,0.013285875,50.925452586826744,15.512353,1,1,0,0.0,0.0,0.0,near,1.0,1.0,0.0,0.0,0.0,0.0,0.0,0.0,0.0,0.0,0.0,0.0,0.0,0.0,0.0
32947,5,4.2966666,3.0,29.0,338190.0,54.12243,51.69001,88355.33,47331.727,0,0.0,0.0,47.331726,3.8780882,12.731363146706686,4.009557,3.9452646,0.41587742530813193,0.7177111340601406,0.6931059828168151,0.7177111340601406,0.6931059828168151,1.6670777,-0.21492875,63.65681573353343,19.390442,1,0,1,0.0,0.0,0.0,near,1.0,0.0,1.0,0.0,0.0,0.0,0.0,0.0,0.0,0.0,0.0,0.0,0.0,0.0,0.0
32947,6,6.5733333,3.0,29.0,338190.0,45.222923,41.489338,88355.33,47331.727,0,0.0,0.0,47.331726,3.8780882,12.731363146706686,3.8334758,3.7254364,0.41587742530813193,0.7177111340601406,0.6931059828168151,0.7177111340601406,0.6931059828168151,2.0246334,0.35755575,76.38817888024012,23.26853,1,0,1,0.0,0.0,0.0,near,1.0,0.0,1.0,0.0,0.0,0.0,0.0,0.0,0.0,0.0,0.0,0.0,0.0,0.0,0.0
32947,7,7.725,3.0,29.0,338190.0,48.127262,47.62575,88355.33,47331.727,0,0.0,0.0,47.331726,3.8780882,12.731363146706686,3.8944142,3.8633738,0.41587742530813193,0.7177111340601406,0.6931059828168151,0.7177111340601406,0.6931059828168151,2.1661925,0.14155912,89.1195420269468,27.146618,1,0,1,0.0,0.0,0.0,near,1.0,0.0,1.0,0.0,0.0,0.0,0.0,0.0,0.0,0.0,0.0,0.0,0.0,0.0,0.0
32956,1,2.34,3.0,29.0,166970.0,44.342,42.16051,96709.85,65739.836,0,0.0,0.0,65.73984,4.200802,12.025569434543003,3.8142338,3.7414842,0.42025277729015564,0.7307355619759645,0.7659114970445162,0.7307355619759645,0.7659114970445162,1.2059708,,12.025569434543003,4.200802,0,0,0,0.0,0.0,0.0,near,1.0,0.0,0.0,0.0,0.0,0.0,0.0,0.0,0.0,0.0,0.0,0.0,0.0,0.0,0.0
32956,2,2.4666667,3.0,29.0,166970.0,42.88118,39.69068,96709.85,65739.836,0,0.0,0.0,65.73984,4.200802,12.025569434543003,3.7814856,3.6811163,0.42025277729015564,0.7307355619759645,0.7659114970445162,0.7307355619759645,0.7659114970445162,1.2431935,0.037222743,24.051138869086007,8.401604,0,0,0,0.0,0.0,0.0,near,1.0,0.0,0.0,0.0,0.0,0.0,0.0,0.0,0.0,0.0,0.0,0.0,0.0,0.0,0.0
32956,3,2.5375,3.0,29.0,166970.0,49.236687,47.051777,96709.85,65739.836,0,0.0,0.0,65.73984,4.200802,12.025569434543003,3.9167457,3.8512487,0.42025277729015564,0.7307355619759645,0.7659114970445162,0.7307355619759645,0.7659114970445162,1.2634202,0.020226717,36.07670830362901,12.602406,1,1,0,0.0,0.0,0.0,near,1.0,1.0,0.0,0.0,0.0,0.0,0.0,0.0,0.0,0.0,0.0,0.0,0.0,0.0,0.0
32956,4,2.68,3.0,29.0,166970.0,49.777657,44.72478,96709.85,65739.836,0,0.0,0.0,65.73984,4.200802,12.025569434543003,3.9274564,3.8005278,0.42025277729015564,0.7307355619759645,0.7659114970445162,0.7307355619759645,0.7659114970445162,1.3029127,0.039492488,48.10227773817201,16.803207,1,1,0,0.0,0.0,0.0,near,1.0,1.0,0.0,0.0,0.0,0.0,0.0,0.0,0.0,0.0,0.0,0.0,0.0,0.0,0.0
32956,5,2.0233333,3.0,29.0,166970.0,54.11721,51.820007,96709.85,65739.836,0,0.0,0.0,65.73984,4.200802,12.025569434543003,4.009462,3.9477763,0.42025277729015564,0.7307355619759645,0.7659114970445162,0.7307355619759645,0.7659114970445162,1.10636,-0.19655275,60.127847172715015,21.00401,1,0,1,0.0,0.0,0.0,near,1.0,0.0,1.0,0.0,0.0,0.0,0.0,0.0,0.0,0.0,0.0,0.0,0.0,0.0,0.0
32956,6,2.7333333,3.0,29.0,166970.0,45.245403,41.64544,96709.85,65739.836,0,0.0,0.0,65.73984,4.200802,12.025569434543003,3.833962,3.7291918,0.42025277729015564,0.7307355619759645,0.7659114970445162,0.7307355619759645,0.7659114970445162,1.3173015,0.21094155,72.15341660725802,25.204811,1,0,1,0.0,0.0,0.0,near,1.0,0.0,1.0,0.0,0.0,0.0,0.0,0.0,0.0,0.0,0.0,0.0,0.0,0.0,0.0
32956,7,2.9850001,3.0,29.0,166970.0,48.178818,47.70763,96709.85,65739.836,0,0.0,0.0,65.73984,4.200802,12.025569434543003,3.895463,3.8650913,0.42025277729015564,0.7307355619759645,0.7659114970445162,0.7307355619759645,0.7659114970445162,1.3825374,0.06523585,84.17898604180102,29.405613,1,0,1,0.0,0.0,0.0,near,1.0,0.0,1.0,0.0,0.0,0.0,0.0,0.0,0.0,0.0,0.0,0.0,0.0,0.0,0.0
32962,1,1.26,3.0,29.0,268230.0,46.63178,44.139565,108224.766,39500.55,0,0.0,0.0,39.50055,3.7013156,12.499600100397473,3.8635,3.7873566,0.36738908533327747,0.5854339404382394,0.48904302324462107,0.5854339404382394,0.48904302324462107,0.81536484,,12.499600100397473,3.7013156,0,0,0,0.0,0.0,0.0,near,1.0,0.0,0.0,0.0,0.0,0.0,0.0,0.0,0.0,0.0,0.0,0.0,0.0,0.0,0.0
32962,2,1.2366667,3.0,29.0,268230.0,43.668728,40.738712,108224.766,39500.55,0,0.0,0.0,39.50055,3.7013156,12.499600100397473,3.7992737,3.7071788,0.36738908533327747,0.5854339404382394,0.48904302324462107,0.5854339404382394,0.48904302324462107,0.80498666,-0.010378182,24.999200200794945,7.4026313,0,0,0,0.0,0.0,0.0,near,1.0,0.0,0.0,0.0,0.0,0.0,0.0,0.0,0.0,0.0,0.0,0.0,0.0,0.0,0.0
32962,3,1.7,3.0,29.0,268230.0,49.8006,48.108154,108224.766,39500.55,0,0.0,0.0,39.50055,3.7013156,12.499600100397473,3.9279082,3.8734517,0.36738908533327747,0.5854339404382394,0.48904302324462107,0.5854339404382394,0.48904302324462107,0.9932518,0.18826514,37.49880030119242,11.103947,1,1,0,0.0,0.0,0.0,near,1.0,1.0,0.0,0.0,0.0,0.0,0.0,0.0,0.0,0.0,0.0,0.0,0.0,0.0,0.0
32962,4,2.0566666,3.0,29.0,268230.0,49.020954,45.014557,108224.766,39500.55,0,0.0,0.0,39.50055,3.7013156,12.499600100397473,3.912442,3.8069859,0.36738908533327747,0.5854339404382394,0.48904302324462107,0.5854339404382394,0.48904302324462107,1.1173251,0.12407327,49.99840040158989,14.805263,1,1,0,0.0,0.0,0.0,near,1.0,1.0,0.0,0.0,0.0,0.0,0.0,0.0,0.0,0.0,0.0,0.0,0.0,0.0,0.0
32962,5,1.33,3.0,29.0,268230.0,54.08624,52.678535,108224.766,39500.55,0,0.0,0.0,39.50055,3.7013156,12.499600100397473,4.0089,3.9642081,0.36738908533327747,0.5854339404382394,0.48904302324462107,0.5854339404382394,0.48904302324462107,0.84586823,-0.27145684,62.49800050198736,18.506578,1,0,1,0.0,0.0,0.0,near,1.0,0.0,1.0,0.0,0.0,0.0,0.0,0.0,0.0,0.0,0.0,0.0,0.0,0.0,0.0
32962,6,2.3866668,3.0,29.0,268230.0,45.378803,42.63204,108224.766,39500.55,0,0.0,0.0,39.50055,3.7013156,12.499600100397473,3.8368425,3.7526062,0.36738908533327747,0.5854339404382394,0.48904302324462107,0.5854339404382394,0.48904302324462107,1.2198462,0.37397802,74.99760060238484,22.207893,1,0,1,0.0,0.0,0.0,near,1.0,0.0,1.0,0.0,0.0,0.0,0.0,0.0,0.0,0.0,0.0,0.0,0.0,0.0,0.0
32962,7,2.79,3.0,29.0,268230.0,48.484726,48.2514,108224.766,39500.55,0,0.0,0.0,39.50055,3.7013156,12.499600100397473,3.901664,3.8764248,0.36738908533327747,0.5854339404382394,0.48904302324462107,0.5854339404382394,0.48904302324462107,1.332366,0.11251974,87.49720070278231,25.90921,1,0,1,0.0,0.0,0.0,near,1.0,0.0,1.0,0.0,0.0,0.0,0.0,0.0,0.0,0.0,0.0,0.0,0.0,0.0,0.0
32984,1,1.68,3.0,29.0,170790.0,49.001324,45.591766,104096.49,20747.48,0,0.0,0.0,20.74748,3.0794978,12.048190010613236,3.9120495,3.8197272,,,,,,0.9858167,,12.048190010613236,3.0794978,0,0,0,0.0,0.0,0.0,near,1.0,0.0,0.0,0.0,0.0,0.0,0.0,0.0,0.0,0.0,0.0,0.0,0.0,0.0,0.0
32984,2,1.6899999,3.0,29.0,170790.0,46.965782,43.72269,104096.49,20747.48,0,0.0,0.0,20.74748,3.0794978,12.048190010613236,3.870488,3.7778673,,,,,,0.9895412,0.0037244558,24.096380021226473,6.1589956,0,0,0,0.0,0.0,0.0,near,1.0,0.0,0.0,0.0,0.0,0.0,0.0,0.0,0.0,0.0,0.0,0.0,0.0,0.0,0.0
32984,3,1.9425,3.0,29.0,170790.0,52.820904,51.270172,104096.49,20747.48,0,0.0,0.0,20.74748,3.0794978,12.048190010613236,3.985662,3.9371092,,,,,,1.0792596,0.08971846,36.144570031839706,9.238493,1,1,0,0.0,0.0,0.0,near,1.0,1.0,0.0,0.0,0.0,0.0,0.0,0.0,0.0,0.0,0.0,0.0,0.0,0.0,0.0
32984,4,2.27,3.0,29.0,170790.0,53.25841,47.403122,104096.49,20747.48,0,0.0,0.0,20.74748,3.0794978,12.048190010613236,3.993758,3.858688,,,,,,1.18479,0.10553038,48.192760042452946,12.317991,1,1,0,0.0,0.0,0.0,near,1.0,1.0,0.0,0.0,0.0,0.0,0.0,0.0,0.0,0.0,0.0,0.0,0.0,0.0,0.0
32984,5,1.7433333,3.0,29.0,170790.0,57.35097,54.57833,104096.49,20747.48,0,0.0,0.0,20.74748,3.0794978,12.048190010613236,4.066476,3.999637,,,,,,1.0091738,-0.17561626,60.240950053066186,15.39749,1,0,1,0.0,0.0,0.0,near,1.0,0.0,1.0,0.0,0.0,0.0,0.0,0.0,0.0,0.0,0.0,0.0,0.0,0.0,0.0
32984,6,2.3966665,3.0,29.0,170790.0,49.04747,45.03235,104096.49,20747.48,0,0.0,0.0,20.74748,3.0794978,12.048190010613236,3.912972,3.8073812,,,,,,1.2227945,0.21362078,72.28914006367941,18.476986,1,0,1,0.0,0.0,0.0,near,1.0,0.0,1.0,0.0,0.0,0.0,0.0,0.0,0.0,0.0,0.0,0.0,0.0,0.0,0.0
32984,7,2.8600001,3.0,29.0,170790.0,51.583138,50.96441,104096.49,20747.48,0,0.0,0.0,20.74748,3.0794978,12.048190010613236,3.9623954,3.9311275,,,,,,1.3506672,0.1278727,84.33733007429265,21.556484,1,0,1,0.0,0.0,0.0,near,1.0,0.0,1.0,0.0,0.0,0.0,0.0,0.0,0.0,0.0,0.0,0.0,0.0,0.0,0.0
33532,1,1.7566667,3.0,35.0,291980.0,47.58031,45.154865,149954.62,57721.855,0,0.0,0.0,57.721855,4.072812,12.58444058575397,3.8832183,3.8100982,0.43993721357002186,0.7918488874283841,0.8110993851098129,0.7918488874283841,0.8110993851098129,1.0140222,,12.58444058575397,4.072812,0,0,0,0.0,0.0,0.0,near,1.0,0.0,0.0,0.0,0.0,0.0,0.0,0.0,0.0,0.0,0.0,0.0,0.0,0.0,0.0
33532,2,2.0366666,3.0,35.0,291980.0,44.149384,41.442078,149954.62,57721.855,0,0.0,0.0,57.721855,4.072812,12.58444058575397,3.8099766,3.7242968,0.43993721357002186,0.7918488874283841,0.8110993851098129,0.7918488874283841,0.8110993851098129,1.1107605,0.09673822,25.16888117150794,8.145624,0,0,0,0.0,0.0,0.0,near,1.0,0.0,0.0,0.0,0.0,0.0,0.0,0.0,0.0,0.0,0.0,0.0,0.0,0.0,0.0
33532,3,2.42,3.0,35.0,291980.0,50.07118,48.646904,149954.62,57721.855,0,0.0,0.0,57.721855,4.072812,12.58444058575397,3.9332204,3.8845882,0.43993721357002186,0.7918488874283841,0.8110993851098129,0.7918488874283841,0.8110993851098129,1.2296406,0.11888015,37.753321757261915,12.218436,1,1,0,0.0,0.0,0.0,near,1.0,1.0,0.0,0.0,0.0,0.0,0.0,0.0,0.0,0.0,0.0,0.0,0.0,0.0,0.0
33532,4,2.47,3.0,35.0,291980.0,48.861713,45.150265,149954.62,57721.855,0,0.0,0.0,57.721855,4.072812,12.58444058575397,3.9092536,3.8099961,0.43993721357002186,0.7918488874283841,0.8110993851098129,0.7918488874283841,0.8110993851098129,1.2441546,0.014513969,50.33776234301588,16.291248,1,1,0,0.0,0.0,0.0,near,1.0,1.0,0.0,0.0,0.0,0.0,0.0,0.0,0.0,0.0,0.0,0.0,0.0,0.0,0.0
33532,5,2.15,3.0,35.0,291980.0,54.00356,52.991398,149954.62,57721.855,0,0.0,0.0,57.721855,4.072812,12.58444058575397,4.007398,3.9701295,0.43993721357002186,0.7918488874283841,0.8110993851098129,0.7918488874283841,0.8110993851098129,1.1474025,-0.09675205,62.92220292876985,20.36406,1,0,1,0.0,0.0,0.0,near,1.0,0.0,1.0,0.0,0.0,0.0,0.0,0.0,0.0,0.0,0.0,0.0,0.0,0.0,0.0
33532,6,3.7866666,3.0,35.0,291980.0,45.447704,43.129093,149954.62,57721.855,0,0.0,0.0,57.721855,4.072812,12.58444058575397,3.838327,3.7641978,0.43993721357002186,0.7918488874283841,0.8110993851098129,0.7918488874283841,0.8110993851098129,1.5658343,0.41843176,75.50664351452383,24.436872,1,0,1,0.0,0.0,0.0,near,1.0,0.0,1.0,0.0,0.0,0.0,0.0,0.0,0.0,0.0,0.0,0.0,0.0,0.0,0.0
33532,7,4.835,3.0,35.0,291980.0,48.646553,48.64602,149954.62,57721.855,0,0.0,0.0,57.721855,4.072812,12.58444058575397,3.904929,3.88457,0.43993721357002186,0.7918488874283841,0.8110993851098129,0.7918488874283841,0.8110993851098129,1.7638743,0.19804001,88.0910841002778,28.509686,1,0,1,0.0,0.0,0.0,near,1.0,0.0,1.0,0.0,0.0,0.0,0.0,0.0,0.0,0.0,0.0,0.0,0.0,0.0,0.0
33543,1,1.1833334,3.0,35.0,205840.0,47.043427,44.54065,134406.22,51973.453,0,0.0,0.0,51.973454,3.969791,12.234854446955627,3.8721054,3.7964022,0.39474954470305285,0.6574683344566928,0.6352181104817882,0.6574683344566928,0.6352181104817882,0.7808528,,12.234854446955627,3.969791,0,0,0,0.0,0.0,0.0,near,1.0,0.0,0.0,0.0,0.0,0.0,0.0,0.0,0.0,0.0,0.0,0.0,0.0,0.0,0.0
33543,2,1.14,3.0,35.0,205840.0,43.81031,40.980965,134406.22,51973.453,0,0.0,0.0,51.973454,3.969791,12.234854446955627,3.8024383,3.7131076,0.39474954470305285,0.6574683344566928,0.6352181104817882,0.6574683344566928,0.6352181104817882,0.7608058,-0.020047009,24.469708893911253,7.939582,0,0,0,0.0,0.0,0.0,near,1.0,0.0,0.0,0.0,0.0,0.0,0.0,0.0,0.0,0.0,0.0,0.0,0.0,0.0,0.0
33543,3,1.1225,3.0,35.0,205840.0,49.901978,48.32612,134406.22,51973.453,0,0.0,0.0,51.973454,3.969791,12.234854446955627,3.9299018,3.8779721,0.39474954470305285,0.6574683344566928,0.6352181104817882,0.6574683344566928,0.6352181104817882,0.7525946,-0.0082111955,36.70456334086688,11.909372,1,1,0,0.0,0.0,0.0,near,1.0,1.0,0.0,0.0,0.0,0.0,0.0,0.0,0.0,0.0,0.0,0.0,0.0,0.0,0.0
33543,4,1.5033333,3.0,35.0,205840.0,48.88492,45.092167,134406.22,51973.453,0,0.0,0.0,51.973454,3.969791,12.234854446955627,3.9097188,3.8087087,0.39474954470305285,0.6574683344566928,0.6352181104817882,0.6574683344566928,0.6352181104817882,0.91762316,0.16502857,48.93941778782251,15.879164,1,1,0,0.0,0.0,0.0,near,1.0,1.0,0.0,0.0,0.0,0.0,0.0,0.0,0.0,0.0,0.0,0.0,0.0,0.0,0.0
33543,5,1.1933333,3.0,35.0,205840.0,54.08067,52.848675,134406.22,51973.453,0,0.0,0.0,51.973454,3.969791,12.234854446955627,4.0087986,3.9674327,0.39474954470305285,0.6574683344566928,0.6352181104817882,0.6574683344566928,0.6352181104817882,0.7854224,-0.13220078,61.17427223477813,19.848955,1,0,1,0.0,0.0,0.0,near,1.0,0.0,1.0,0.0,0.0,0.0,0.0,0.0,0.0,0.0,0.0,0.0,0.0,0.0,0.0
33543,6,2.0833333,3.0,35.0,205840.0,45.402786,42.82003,134406.22,51973.453,0,0.0,0.0,51.973454,3.969791,12.234854446955627,3.8373594,3.757006,0.39474954470305285,0.6574683344566928,0.6352181104817882,0.6574683344566928,0.6352181104817882,1.1260113,0.34058887,73.40912668173377,23.818745,1,0,1,0.0,0.0,0.0,near,1.0,0.0,1.0,0.0,0.0,0.0,0.0,0.0,0.0,0.0,0.0,0.0,0.0,0.0,0.0
33543,7,2.825,3.0,35.0,205840.0,48.53972,48.35952,134406.22,51973.453,0,0.0,0.0,51.973454,3.969791,12.234854446955627,3.9027748,3.878663,0.39474954470305285,0.6574683344566928,0.6352181104817882,0.6574683344566928,0.6352181104817882,1.3415585,0.2155472,85.64398112868939,27.788536,1,0,1,0.0,0.0,0.0,near,1.0,0.0,1.0,0.0,0.0,0.0,0.0,0.0,0.0,0.0,0.0,0.0,0.0,0.0,0.0
33551,1,1.01,3.0,35.0,208760.0,52.587067,49.898914,156417.3,50866.547,0,0.0,0.0,50.866547,3.948674,12.24894054575735,3.9813077,3.9099994,0.39206734607902693,0.650120004191328,0.6219318313631685,0.650120004191328,0.6219318313631685,0.6981347,,12.24894054575735,3.948674,0,0,0,0.0,0.0,0.0,near,1.0,0.0,0.0,0.0,0.0,0.0,0.0,0.0,0.0,0.0,0.0,0.0,0.0,0.0,0.0
33551,2,1.0266666,3.0,35.0,208760.0,48.60174,46.27824,156417.3,50866.547,0,0.0,0.0,50.866547,3.948674,12.24894054575735,3.904026,3.834672,0.39206734607902693,0.650120004191328,0.6219318313631685,0.650120004191328,0.6219318313631685,0.7063924,0.008257687,24.4978810915147,7.897348,0,0,0,0.0,0.0,0.0,near,1.0,0.0,0.0,0.0,0.0,0.0,0.0,0.0,0.0,0.0,0.0,0.0,0.0,0.0,0.0
33551,3,1.1025,3.0,35.0,208760.0,53.751503,53.20183,156417.3,50866.547,0,0.0,0.0,50.866547,3.948674,12.24894054575735,4.0028048,3.974093,0.39206734607902693,0.650120004191328,0.6219318313631685,0.650120004191328,0.6219318313631685,0.7431271,0.0367347,36.74682163727205,11.846022,1,1,0,0.0,0.0,0.0,near,1.0,1.0,0.0,0.0,0.0,0.0,0.0,0.0,0.0,0.0,0.0,0.0,0.0,0.0,0.0
33551,4,1.24,3.0,35.0,208760.0,52.70114,48.193275,156417.3,50866.547,0,0.0,0.0,50.866547,3.948674,12.24894054575735,3.9834342,3.8752196,0.39206734607902693,0.650120004191328,0.6219318313631685,0.650120004191328,0.6219318313631685,0.8064759,0.06334877,48.9957621830294,15.794696,1,1,0,0.0,0.0,0.0,near,1.0,1.0,0.0,0.0,0.0,0.0,0.0,0.0,0.0,0.0,0.0,0.0,0.0,0.0,0.0
33551,5,1.0733334,3.0,35.0,208760.0,57.2437,56.18575,156417.3,50866.547,0,0.0,0.0,50.866547,3.948674,12.24894054575735,4.0646358,4.028663,0.39206734607902693,0.650120004191328,0.6219318313631685,0.650120004191328,0.6219318313631685,0.72915757,-0.07731831,61.24470272878675,19.74337,1,0,1,0.0,0.0,0.0,near,1.0,0.0,1.0,0.0,0.0,0.0,0.0,0.0,0.0,0.0,0.0,0.0,0.0,0.0,0.0
33551,6,1.34,3.0,35.0,208760.0,49.15065,47.108658,156417.3,50866.547,0,0.0,0.0,50.866547,3.948674,12.24894054575735,3.9150314,3.8524568,0.39206734607902693,0.650120004191328,0.6219318313631685,0.650120004191328,0.6219318313631685,0.850151,0.120993435,73.4936432745441,23.692043,1,0,1,0.0,0.0,0.0,near,1.0,0.0,1.0,0.0,0.0,0.0,0.0,0.0,0.0,0.0,0.0,0.0,0.0,0.0,0.0
33551,7,1.4449999,3.0,35.0,208760.0,52.528225,53.147537,156417.3,50866.547,0,0.0,0.0,50.866547,3.948674,12.24894054575735,3.980209,3.9730718,0.39206734607902693,0.650120004191328,0.6219318313631685,0.650120004191328,0.6219318313631685,0.8940451,0.043894112,85.74258382030145,27.640718,1,0,1,0.0,0.0,0.0,near,1.0,0.0,1.0,0.0,0.0,0.0,0.0,0.0,0.0,0.0,0.0,0.0,0.0,0.0,0.0
33558,1,1.4333333,3.0,35.0,269080.0,47.84809,45.145626,127452.52,37122.066,0,0.0,0.0,37.122066,3.6407933,12.502764012139542,3.8887153,3.8098934,0.35725180932277967,0.560301650824939,0.4410850366518133,0.560301650824939,0.4410850366518133,0.8892621,,12.502764012139542,3.6407933,0,0,0,0.0,0.0,0.0,near,1.0,0.0,0.0,0.0,0.0,0.0,0.0,0.0,0.0,0.0,0.0,0.0,0.0,0.0,0.0
33558,2,1.4833333,3.0,35.0,269080.0,44.65485,41.80179,127452.52,37122.066,0,0.0,0.0,37.122066,3.6407933,12.502764012139542,3.8211098,3.7329392,0.35725180932277967,0.560301650824939,0.4410850366518133,0.560301650824939,0.4410850366518133,0.90960175,0.020339668,25.005528024279084,7.2815866,0,0,0,0.0,0.0,0.0,near,1.0,0.0,0.0,0.0,0.0,0.0,0.0,0.0,0.0,0.0,0.0,0.0,0.0,0.0,0.0
33558,3,1.8475,3.0,35.0,269080.0,50.636055,49.135483,127452.52,37122.066,0,0.0,0.0,37.122066,3.6407933,12.502764012139542,3.94422,3.8945813,0.35725180932277967,0.560301650824939,0.4410850366518133,0.560301650824939,0.4410850366518133,1.0464413,0.13683957,37.508292036418624,10.92238,1,1,0,0.0,0.0,0.0,near,1.0,1.0,0.0,0.0,0.0,0.0,0.0,0.0,0.0,0.0,0.0,0.0,0.0,0.0,0.0
33558,4,1.8866667,3.0,35.0,269080.0,49.78209,45.673153,127452.52,37122.066,0,0.0,0.0,37.122066,3.6407933,12.502764012139542,3.9275436,3.8215106,0.35725180932277967,0.560301650824939,0.4410850366518133,0.560301650824939,0.4410850366518133,1.0601025,0.013661146,50.01105604855817,14.563173,1,1,0,0.0,0.0,0.0,near,1.0,1.0,0.0,0.0,0.0,0.0,0.0,0.0,0.0,0.0,0.0,0.0,0.0,0.0,0.0
33558,5,1.55,3.0,35.0,269080.0,54.827744,53.41939,127452.52,37122.066,0,0.0,0.0,37.122066,3.6407933,12.502764012139542,4.022271,3.9781737,0.35725180932277967,0.560301650824939,0.4410850366518133,0.560301650824939,0.4410850366518133,0.93609333,-0.12400913,62.51382006069771,18.203966,1,0,1,0.0,0.0,0.0,near,1.0,0.0,1.0,0.0,0.0,0.0,0.0,0.0,0.0,0.0,0.0,0.0,0.0,0.0,0.0
33558,6,2.1933334,3.0,35.0,269080.0,46.215164,43.496258,127452.52,37122.066,0,0.0,0.0,37.122066,3.6407933,12.502764012139542,3.854715,3.7726748,0.35725180932277967,0.560301650824939,0.4410850366518133,0.560301650824939,0.4410850366518133,1.1610653,0.22497201,75.01658407283725,21.84476,1,0,1,0.0,0.0,0.0,near,1.0,0.0,1.0,0.0,0.0,0.0,0.0,0.0,0.0,0.0,0.0,0.0,0.0,0.0,0.0
33558,7,2.2,3.0,35.0,269080.0,49.318096,49.14675,127452.52,37122.066,0,0.0,0.0,37.122066,3.6407933,12.502764012139542,3.9183648,3.8948107,0.35725180932277967,0.560301650824939,0.4410850366518133,0.560301650824939,0.4410850366518133,1.1631508,0.0020854473,87.5193480849768,25.485554,1,0,1,0.0,0.0,0.0,near,1.0,0.0,1.0,0.0,0.0,0.0,0.0,0.0,0.0,0.0,0.0,0.0,0.0,0.0,0.0
33591,1,1.0233333,3.0,35.0,87850.0,50.801636,49.242867,166628.69,67106.43,0,0.0,0.0,67.10643,4.2210717,11.383386093615243,3.9474218,3.8967645,0.37565438014516084,0.606529202592672,0.61175115959279,0.606529202592672,0.61175115959279,0.7047463,,11.383386093615243,4.2210717,0,0,0,0.0,0.0,0.0,near,1.0,0.0,0.0,0.0,0.0,0.0,0.0,0.0,0.0,0.0,0.0,0.0,0.0,0.0,0.0
33591,2,1.3666667,3.0,35.0,87850.0,46.18383,44.704918,166628.69,67106.43,0,0.0,0.0,67.10643,4.2210717,11.383386093615243,3.8540514,3.8000834,0.37565438014516084,0.606529202592672,0.61175115959279,0.606529202592672,0.61175115959279,0.86148256,0.15673625,22.766772187230487,8.442143,0,0,0,0.0,0.0,0.0,near,1.0,0.0,0.0,0.0,0.0,0.0,0.0,0.0,0.0,0.0,0.0,0.0,0.0,0.0,0.0
33591,3,2.135,3.0,35.0,87850.0,51.086395,50.90254,166628.69,67106.43,0,0.0,0.0,67.10643,4.2210717,11.383386093615243,3.9529037,3.9299128,0.37565438014516084,0.606529202592672,0.61175115959279,0.606529202592672,0.61175115959279,1.1426291,0.2811466,34.15015828084573,12.663216,1,1,0,0.0,0.0,0.0,near,1.0,1.0,0.0,0.0,0.0,0.0,0.0,0.0,0.0,0.0,0.0,0.0,0.0,0.0,0.0
33591,4,1.6466666,3.0,35.0,87850.0,48.722458,45.823597,166628.69,67106.43,0,0.0,0.0,67.10643,4.2210717,11.383386093615243,3.9064567,3.824799,0.37565438014516084,0.606529202592672,0.61175115959279,0.606529202592672,0.61175115959279,0.97330093,-0.16932821,45.53354437446097,16.884287,1,1,0,0.0,0.0,0.0,near,1.0,1.0,0.0,0.0,0.0,0.0,0.0,0.0,0.0,0.0,0.0,0.0,0.0,0.0,0.0
33591,5,1.3966666,3.0,35.0,87850.0,53.54089,53.982597,166628.69,67106.43,0,0.0,0.0,67.10643,4.2210717,11.383386093615243,3.9989507,3.9886618,0.37565438014516084,0.606529202592672,0.61175115959279,0.606529202592672,0.61175115959279,0.87407887,-0.099222064,56.91693046807622,21.105358,1,0,1,0.0,0.0,0.0,near,1.0,0.0,1.0,0.0,0.0,0.0,0.0,0.0,0.0,0.0,0.0,0.0,0.0,0.0,0.0
33591,6,2.5666668,3.0,35.0,87850.0,45.717205,45.082043,166628.69,67106.43,0,0.0,0.0,67.10643,4.2210717,11.383386093615243,3.8441124,3.808484,0.37565438014516084,0.606529202592672,0.61175115959279,0.606529202592672,0.61175115959279,1.2716315,0.3975526,68.30031656169146,25.326431,1,0,1,0.0,0.0,0.0,near,1.0,0.0,1.0,0.0,0.0,0.0,0.0,0.0,0.0,0.0,0.0,0.0,0.0,0.0,0.0
33591,7,2.565,3.0,35.0,87850.0,49.28755,50.468422,166628.69,67106.43,0,0.0,0.0,67.10643,4.2210717,11.383386093615243,3.9177575,3.9213479,0.37565438014516084,0.606529202592672,0.61175115959279,0.606529202592672,0.61175115959279,1.2711641,-0.00046741962,79.6837026553067,29.547503,1,0,1,0.0,0.0,0.0,near,1.0,0.0,1.0,0.0,0.0,0.0,0.0,0.0,0.0,0.0,0.0,0.0,0.0,0.0,0.0
35440,1,1.46,3.0,54.0,250660.0,52.838505,49.437485,155012.44,38697.062,0,0.0,0.0,38.697063,3.6812773,12.431852718165514,3.9859889,3.900709,0.3590409496809789,0.5646795080442651,0.4548991200048276,0.5646795080442651,0.4548991200048276,0.9001614,,12.431852718165514,3.6812773,0,0,0,0.0,0.0,0.0,near,1.0,0.0,0.0,0.0,0.0,0.0,0.0,0.0,0.0,0.0,0.0,0.0,0.0,0.0,0.0
35440,2,1.81,3.0,54.0,250660.0,49.66194,47.02834,155012.44,38697.062,0,0.0,0.0,38.697063,3.6812773,12.431852718165514,3.925175,3.8507504,0.3590409496809789,0.5646795080442651,0.4548991200048276,0.5646795080442651,0.4548991200048276,1.0331844,0.13302302,24.863705436331028,7.3625546,0,0,0,0.0,0.0,0.0,near,1.0,0.0,0.0,0.0,0.0,0.0,0.0,0.0,0.0,0.0,0.0,0.0,0.0,0.0,0.0
35440,3,1.905,3.0,54.0,250660.0,54.953506,54.264366,155012.44,38697.062,0,0.0,0.0,38.697063,3.6812773,12.431852718165514,4.024521,3.9938679,0.3590409496809789,0.5646795080442651,0.4548991200048276,0.5646795080442651,0.4548991200048276,1.0664334,0.03324902,37.29555815449654,11.043832,1,1,0,0.0,0.0,0.0,near,1.0,1.0,0.0,0.0,0.0,0.0,0.0,0.0,0.0,0.0,0.0,0.0,0.0,0.0,0.0
35440,4,1.8399999,3.0,54.0,250660.0,54.881992,49.401558,155012.44,38697.062,0,0.0,0.0,38.697063,3.6812773,12.431852718165514,4.023242,3.899982,0.3590409496809789,0.5646795080442651,0.4548991200048276,0.5646795080442651,0.4548991200048276,1.043804,-0.02262938,49.727410872662055,14.725109,1,1,0,0.0,0.0,0.0,near,1.0,1.0,0.0,0.0,0.0,0.0,0.0,0.0,0.0,0.0,0.0,0.0,0.0,0.0,0.0
35440,5,1.4866667,3.0,54.0,250660.0,59.10583,57.018383,155012.44,38697.062,0,0.0,0.0,38.697063,3.6812773,12.431852718165514,4.096107,4.0433736,0.3590409496809789,0.5646795080442651,0.4548991200048276,0.5646795080442651,0.4548991200048276,0.91094315,-0.1328609,62.15926359082757,18.406387,1,0,1,0.0,0.0,0.0,near,1.0,0.0,1.0,0.0,0.0,0.0,0.0,0.0,0.0,0.0,0.0,0.0,0.0,0.0,0.0
35440,6,2.2333333,3.0,54.0,250660.0,50.897415,47.754635,155012.44,38697.062,0,0.0,0.0,38.697063,3.6812773,12.431852718165514,3.949269,3.8660762,0.3590409496809789,0.5646795080442651,0.4548991200048276,0.5646795080442651,0.4548991200048276,1.1735137,0.2625705,74.59111630899308,22.087664,1,0,1,0.0,0.0,0.0,near,1.0,0.0,1.0,0.0,0.0,0.0,0.0,0.0,0.0,0.0,0.0,0.0,0.0,0.0,0.0
35440,7,2.42,3.0,54.0,250660.0,53.90834,53.993042,155012.44,38697.062,0,0.0,0.0,38.697063,3.6812773,12.431852718165514,4.0056653,3.9888551,0.3590409496809789,0.5646795080442651,0.4548991200048276,0.5646795080442651,0.4548991200048276,1.2296406,0.056126952,87.0229690271586,25.76894,1,0,1,0.0,0.0,0.0,near,1.0,0.0,1.0,0.0,0.0,0.0,0.0,0.0,0.0,0.0,0.0,0.0,0.0,0.0,0.0
35454,1,3.7533333,3.0,54.0,307370.0,52.273754,48.796883,139418.1,25405.527,0,0.0,0.0,25.405527,3.2735734,12.635807512611077,3.9754438,3.8876665,0.30621990194710624,0.4449384151429708,0.1803262642011787,0.4449384151429708,0.1803262642011787,1.5588461,,12.635807512611077,3.2735734,0,0,0,0.0,0.0,0.0,near,1.0,0.0,0.0,0.0,0.0,0.0,0.0,0.0,0.0,0.0,0.0,0.0,0.0,0.0,0.0
35454,2,4.1033335,3.0,54.0,307370.0,49.299816,46.591244,139418.1,25405.527,0,0.0,0.0,25.405527,3.2735734,12.635807512611077,3.9180014,3.8414125,0.30621990194710624,0.4449384151429708,0.1803262642011787,0.4449384151429708,0.1803262642011787,1.629894,0.0710479,25.271615025222154,6.547147,0,0,0,0.0,0.0,0.0,near,1.0,0.0,0.0,0.0,0.0,0.0,0.0,0.0,0.0,0.0,0.0,0.0,0.0,0.0,0.0
35454,3,4.1525,3.0,54.0,307370.0,54.673492,53.878124,139418.1,25405.527,0,0.0,0.0,25.405527,3.2735734,12.635807512611077,4.019504,3.9867246,0.30621990194710624,0.4449384151429708,0.1803262642011787,0.4449384151429708,0.1803262642011787,1.639482,0.009588003,37.90742253783323,9.820721,1,1,0,0.0,0.0,0.0,near,1.0,1.0,0.0,0.0,0.0,0.0,0.0,0.0,0.0,0.0,0.0,0.0,0.0,0.0,0.0
35454,4,3.9466665,3.0,54.0,307370.0,54.71651,49.194942,139418.1,25405.527,0,0.0,0.0,25.405527,3.2735734,12.635807512611077,4.0202765,3.8957908,0.30621990194710624,0.4449384151429708,0.1803262642011787,0.4449384151429708,0.1803262642011787,1.598714,-0.040768027,50.54323005044431,13.094294,1,1,0,0.0,0.0,0.0,near,1.0,1.0,0.0,0.0,0.0,0.0,0.0,0.0,0.0,0.0,0.0,0.0,0.0,0.0,0.0
35454,5,3.3233333,3.0,54.0,307370.0,58.936623,56.71431,139418.1,25405.527,0,0.0,0.0,25.405527,3.2735734,12.635807512611077,4.093288,4.0380263,0.30621990194710624,0.4449384151429708,0.1803262642011787,0.4449384151429708,0.1803262642011787,1.4640267,-0.1346873,63.17903756305539,16.367867,1,0,1,0.0,0.0,0.0,near,1.0,0.0,1.0,0.0,0.0,0.0,0.0,0.0,0.0,0.0,0.0,0.0,0.0,0.0,0.0
35454,6,4.8533335,3.0,54.0,307370.0,50.683235,47.35159,139418.1,25405.527,0,0.0,0.0,25.405527,3.2735734,12.635807512611077,3.9451334,3.8576005,0.30621990194710624,0.4449384151429708,0.1803262642011787,0.4449384151429708,0.1803262642011787,1.7670113,0.3029846,75.81484507566645,19.641441,1,0,1,0.0,0.0,0.0,near,1.0,0.0,1.0,0.0,0.0,0.0,0.0,0.0,0.0,0.0,0.0,0.0,0.0,0.0,0.0
35454,7,5.715,3.0,54.0,307370.0,53.599174,53.53827,139418.1,25405.527,0,0.0,0.0,25.405527,3.2735734,12.635807512611077,4.0000186,3.9803967,0.30621990194710624,0.4449384151429708,0.1803262642011787,0.4449384151429708,0.1803262642011787,1.9043438,0.13733256,88.45065258827753,22.915014,1,0,1,0.0,0.0,0.0,near,1.0,0.0,1.0,0.0,0.0,0.0,0.0,0.0,0.0,0.0,0.0,0.0,0.0,0.0,0.0
35480,1,2.4166667,3.0,54.0,204840.0,51.11146,47.78946,135938.14,31993.625,0,0.0,0.0,31.993626,3.4963143,12.229984465576486,3.9533849,3.866805,0.3143321680768704,0.4621291683284395,0.25216964629096994,0.4621291683284395,0.25216964629096994,1.2286655,,12.229984465576486,3.4963143,0,0,0,0.0,0.0,0.0,near,1.0,0.0,0.0,0.0,0.0,0.0,0.0,0.0,0.0,0.0,0.0,0.0,0.0,0.0,0.0
35480,2,2.8766668,3.0,54.0,204840.0,48.079926,45.292805,135938.14,31993.625,0,0.0,0.0,31.993626,3.4963143,12.229984465576486,3.89345,3.8131483,0.3143321680768704,0.4621291683284395,0.25216964629096994,0.4621291683284395,0.25216964629096994,1.3549757,0.12631023,24.45996893115297,6.9926286,0,0,0,0.0,0.0,0.0,near,1.0,0.0,0.0,0.0,0.0,0.0,0.0,0.0,0.0,0.0,0.0,0.0,0.0,0.0,0.0
35480,3,2.97,3.0,54.0,204840.0,53.61316,52.589638,135938.14,31993.625,0,0.0,0.0,31.993626,3.4963143,12.229984465576486,4.0002747,3.9625192,0.3143321680768704,0.4621291683284395,0.25216964629096994,0.4621291683284395,0.25216964629096994,1.3787661,0.02379036,36.68995339672946,10.488943,1,1,0,0.0,0.0,0.0,near,1.0,1.0,0.0,0.0,0.0,0.0,0.0,0.0,0.0,0.0,0.0,0.0,0.0,0.0,0.0
35480,4,2.8966665,3.0,54.0,204840.0,53.4206,48.219986,135938.14,31993.625,0,0.0,0.0,31.993626,3.4963143,12.229984465576486,3.9967427,3.8757737,0.3143321680768704,0.4621291683284395,0.25216964629096994,0.4621291683284395,0.25216964629096994,1.3601215,-0.018644571,48.91993786230594,13.985257,1,1,0,0.0,0.0,0.0,near,1.0,1.0,0.0,0.0,0.0,0.0,0.0,0.0,0.0,0.0,0.0,0.0,0.0,0.0,0.0
35480,5,2.27,3.0,54.0,204840.0,57.85752,55.825005,135938.14,31993.625,0,0.0,0.0,31.993626,3.4963143,12.229984465576486,4.0751195,4.022222,0.3143321680768704,0.4621291683284395,0.25216964629096994,0.4621291683284395,0.25216964629096994,1.18479,-0.17533147,61.14992232788243,17.481571,1,0,1,0.0,0.0,0.0,near,1.0,0.0,1.0,0.0,0.0,0.0,0.0,0.0,0.0,0.0,0.0,0.0,0.0,0.0,0.0
35480,6,3.4533334,3.0,54.0,204840.0,49.509804,46.318703,135938.14,31993.625,0,0.0,0.0,31.993626,3.4963143,12.229984465576486,3.9221675,3.8355458,0.3143321680768704,0.4621291683284395,0.25216964629096994,0.4621291683284395,0.25216964629096994,1.4936528,0.3088628,73.37990679345891,20.977886,1,0,1,0.0,0.0,0.0,near,1.0,0.0,1.0,0.0,0.0,0.0,0.0,0.0,0.0,0.0,0.0,0.0,0.0,0.0,0.0
35480,7,3.32,3.0,54.0,204840.0,52.47485,52.37566,135938.14,31993.625,0,0.0,0.0,31.993626,3.4963143,12.229984465576486,3.9792113,3.958442,0.3143321680768704,0.4621291683284395,0.25216964629096994,0.4621291683284395,0.25216964629096994,1.4632553,-0.030397534,85.60989125903541,24.4742,1,0,1,0.0,0.0,0.0,near,1.0,0.0,1.0,0.0,0.0,0.0,0.0,0.0,0.0,0.0,0.0,0.0,0.0,0.0,0.0
35487,1,1.28,3.0,54.0,308990.0,52.273754,48.796883,120386.336,8626.4795,0,0.0,0.0,8.626479,2.2645175,12.64106419289666,3.9754438,3.8876665,,,,,,0.8241754,,12.64106419289666,2.2645175,0,0,0,0.0,0.0,0.0,near,1.0,0.0,0.0,0.0,0.0,0.0,0.0,0.0,0.0,0.0,0.0,0.0,0.0,0.0,0.0
35487,2,1.2233334,3.0,54.0,308990.0,49.299816,46.591244,120386.336,8626.4795,0,0.0,0.0,8.626479,2.2645175,12.64106419289666,3.9180014,3.8414125,,,,,,0.7990076,-0.025167823,25.28212838579332,4.529035,0,0,0,0.0,0.0,0.0,near,1.0,0.0,0.0,0.0,0.0,0.0,0.0,0.0,0.0,0.0,0.0,0.0,0.0,0.0,0.0
35487,3,1.665,3.0,54.0,308990.0,54.673492,53.878124,120386.336,8626.4795,0,0.0,0.0,8.626479,2.2645175,12.64106419289666,4.019504,3.9867246,,,,,,0.98020405,0.18119645,37.92319257868998,6.7935524,1,1,0,0.0,0.0,0.0,near,1.0,1.0,0.0,0.0,0.0,0.0,0.0,0.0,0.0,0.0,0.0,0.0,0.0,0.0,0.0
35487,4,2.24,3.0,54.0,308990.0,54.71651,49.194942,120386.336,8626.4795,0,0.0,0.0,8.626479,2.2645175,12.64106419289666,4.0202765,3.8957908,,,,,,1.1755733,0.1953693,50.56425677158664,9.05807,1,1,0,0.0,0.0,0.0,near,1.0,1.0,0.0,0.0,0.0,0.0,0.0,0.0,0.0,0.0,0.0,0.0,0.0,0.0,0.0
35487,5,1.6333333,3.0,54.0,308990.0,58.936623,56.71431,120386.336,8626.4795,0,0.0,0.0,8.626479,2.2645175,12.64106419289666,4.093288,4.0380263,,,,,,0.9682504,-0.20732296,63.205320964483306,11.322588,1,0,1,0.0,0.0,0.0,near,1.0,0.0,1.0,0.0,0.0,0.0,0.0,0.0,0.0,0.0,0.0,0.0,0.0,0.0,0.0
35487,6,2.29,3.0,54.0,308990.0,50.683235,47.35159,120386.336,8626.4795,0,0.0,0.0,8.626479,2.2645175,12.64106419289666,3.9451334,3.8576005,,,,,,1.1908876,0.22263718,75.84638515737996,13.587105,1,0,1,0.0,0.0,0.0,near,1.0,0.0,1.0,0.0,0.0,0.0,0.0,0.0,0.0,0.0,0.0,0.0,0.0,0.0,0.0
35487,7,2.815,3.0,54.0,308990.0,53.599174,53.53827,120386.336,8626.4795,0,0.0,0.0,8.626479,2.2645175,12.64106419289666,4.0000186,3.9803967,,,,,,1.3389406,0.14805305,88.48744935027662,15.851623,1,0,1,0.0,0.0,0.0,near,1.0,0.0,1.0,0.0,0.0,0.0,0.0,0.0,0.0,0.0,0.0,0.0,0.0,0.0,0.0
38207,1,1.3666667,3.0,82.0,161960.0,43.370388,41.476624,85904.14,74510.19,0,0.0,0.0,74.510185,4.3242674,11.995104670146098,3.7925723,3.72513,0.4403474910312725,0.7931683917455243,0.8573708951739403,0.7931683917455243,0.8573708951739403,0.86148256,,11.995104670146098,4.3242674,0,0,0,0.0,0.0,0.0,near,1.0,0.0,0.0,0.0,0.0,0.0,0.0,0.0,0.0,0.0,0.0,0.0,0.0,0.0,0.0
38207,2,1.4533334,3.0,82.0,161960.0,42.269855,39.18732,85904.14,74510.19,0,0.0,0.0,74.510185,4.3242674,11.995104670146098,3.7674563,3.6683533,0.4403474910312725,0.7931683917455243,0.8573708951739403,0.7931683917455243,0.8573708951739403,0.89744765,0.035965085,23.990209340292196,8.648535,0,0,0,0.0,0.0,0.0,near,1.0,0.0,0.0,0.0,0.0,0.0,0.0,0.0,0.0,0.0,0.0,0.0,0.0,0.0,0.0
38207,3,1.4449999,3.0,82.0,161960.0,48.489113,46.22215,85904.14,74510.19,0,0.0,0.0,74.510185,4.3242674,11.995104670146098,3.9017527,3.8334591,0.4403474910312725,0.7931683917455243,0.8573708951739403,0.7931683917455243,0.8573708951739403,0.8940451,-0.0034025311,35.985314010438294,12.972802,1,1,0,0.0,0.0,0.0,near,1.0,1.0,0.0,0.0,0.0,0.0,0.0,0.0,0.0,0.0,0.0,0.0,0.0,0.0,0.0
38207,4,1.8266667,3.0,82.0,161960.0,49.24782,44.218254,85904.14,74510.19,0,0.0,0.0,74.510185,4.3242674,11.995104670146098,3.9169672,3.7891378,0.4403474910312725,0.7931683917455243,0.8573708951739403,0.7931683917455243,0.8573708951739403,1.0390983,0.14505315,47.98041868058439,17.29707,1,1,0,0.0,0.0,0.0,near,1.0,1.0,0.0,0.0,0.0,0.0,0.0,0.0,0.0,0.0,0.0,0.0,0.0,0.0,0.0
38207,5,1.4499999,3.0,82.0,161960.0,53.490746,51.283573,85904.14,74510.19,0,0.0,0.0,74.510185,4.3242674,11.995104670146098,3.998031,3.9373705,0.4403474910312725,0.7931683917455243,0.8573708951739403,0.7931683917455243,0.8573708951739403,0.89608794,-0.14301032,59.97552335073049,21.621338,1,0,1,0.0,0.0,0.0,near,1.0,0.0,1.0,0.0,0.0,0.0,0.0,0.0,0.0,0.0,0.0,0.0,0.0,0.0,0.0
38207,6,1.4666667,3.0,82.0,161960.0,44.534782,41.028847,85904.14,74510.19,0,0.0,0.0,74.510185,4.3242674,11.995104670146098,3.8184764,3.7142754,0.4403474910312725,0.7931683917455243,0.8573708951739403,0.7931683917455243,0.8573708951739403,0.90286773,0.00677979,71.97062802087659,25.945604,1,0,1,0.0,0.0,0.0,near,1.0,0.0,1.0,0.0,0.0,0.0,0.0,0.0,0.0,0.0,0.0,0.0,0.0,0.0,0.0
38207,7,1.405,3.0,82.0,161960.0,47.58933,47.288326,85904.14,74510.19,0,0.0,0.0,74.510185,4.3242674,11.995104670146098,3.883404,3.8562634,0.4403474910312725,0.7931683917455243,0.8573708951739403,0.7931683917455243,0.8573708951739403,0.8775499,-0.025317848,83.96573269102268,30.26987,1,0,1,0.0,0.0,0.0,near,1.0,0.0,1.0,0.0,0.0,0.0,0.0,0.0,0.0,0.0,0.0,0.0,0.0,0.0,0.0
38229,1,2.2733333,3.0,82.0,91650.0,43.956085,41.870747,71819.805,60327.29,0,0.0,0.0,60.32729,4.116225,11.425732253267851,3.8056862,3.7345874,0.36066242209111365,0.5686682631738201,0.5384581630056506,0.5686682631738201,0.5384581630056506,1.1858088,,11.425732253267851,4.116225,0,0,0,0.0,0.0,0.0,near,1.0,0.0,0.0,0.0,0.0,0.0,0.0,0.0,0.0,0.0,0.0,0.0,0.0,0.0,0.0
38229,2,2.2066667,3.0,82.0,91650.0,42.748444,39.565414,71819.805,60327.29,0,0.0,0.0,60.32729,4.116225,11.425732253267851,3.778456,3.6779554,0.36066242209111365,0.5686682631738201,0.5384581630056506,0.5686682631738201,0.5384581630056506,1.165232,-0.020576835,22.851464506535702,8.23245,0,0,0,0.0,0.0,0.0,near,1.0,0.0,0.0,0.0,0.0,0.0,0.0,0.0,0.0,0.0,0.0,0.0,0.0,0.0,0.0
38229,3,2.6225,3.0,82.0,91650.0,49.141644,46.900616,71819.805,60327.29,0,0.0,0.0,60.32729,4.116225,11.425732253267851,3.914852,3.8480308,0.36066242209111365,0.5686682631738201,0.5384581630056506,0.5686682631738201,0.5384581630056506,1.2871643,0.12193239,34.27719675980355,12.348675,1,1,0,0.0,0.0,0.0,near,1.0,1.0,0.0,0.0,0.0,0.0,0.0,0.0,0.0,0.0,0.0,0.0,0.0,0.0,0.0
38229,4,2.9966667,3.0,82.0,91650.0,49.90519,44.70004,71819.805,60327.29,0,0.0,0.0,60.32729,4.116225,11.425732253267851,3.9299648,3.7999744,0.36066242209111365,0.5686682631738201,0.5384581630056506,0.5686682631738201,0.5384581630056506,1.3854607,0.098296404,45.702929013071405,16.4649,1,1,0,0.0,0.0,0.0,near,1.0,1.0,0.0,0.0,0.0,0.0,0.0,0.0,0.0,0.0,0.0,0.0,0.0,0.0,0.0
38229,5,2.2633333,3.0,82.0,91650.0,54.12243,51.69001,71819.805,60327.29,0,0.0,0.0,60.32729,4.116225,11.425732253267851,4.009557,3.9452646,0.36066242209111365,0.5686682631738201,0.5384581630056506,0.5686682631738201,0.5384581630056506,1.1827492,-0.20271158,57.12866126633926,20.581123,1,0,1,0.0,0.0,0.0,near,1.0,0.0,1.0,0.0,0.0,0.0,0.0,0.0,0.0,0.0,0.0,0.0,0.0,0.0,0.0
38229,6,3.33,3.0,82.0,91650.0,45.222923,41.489338,71819.805,60327.29,0,0.0,0.0,60.32729,4.116225,11.425732253267851,3.8334758,3.7254364,0.36066242209111365,0.5686682631738201,0.5384581630056506,0.5686682631738201,0.5384581630056506,1.4655676,0.28281844,68.5543935196071,24.69735,1,0,1,0.0,0.0,0.0,near,1.0,0.0,1.0,0.0,0.0,0.0,0.0,0.0,0.0,0.0,0.0,0.0,0.0,0.0,0.0
38229,7,3.89,3.0,82.0,91650.0,48.127262,47.62575,71819.805,60327.29,0,0.0,0.0,60.32729,4.116225,11.425732253267851,3.8944142,3.8633738,0.36066242209111365,0.5686682631738201,0.5384581630056506,0.5686682631738201,0.5384581630056506,1.5871924,0.12162483,79.98012577287496,28.813574,1,0,1,0.0,0.0,0.0,near,1.0,0.0,1.0,0.0,0.0,0.0,0.0,0.0,0.0,0.0,0.0,0.0,0.0,0.0,0.0
38273,1,1.6766666,3.0,82.0,317300.0,39.89527,39.445457,78299.6,90592.875,0,0.0,0.0,78.2996,4.373233,12.667602977571287,3.7110145,3.674919,0.5018450618540137,1.0155318370072182,1.075403199959664,1.0155318370072182,1.075403199959664,0.9845723,,12.667602977571287,4.373233,0,0,0,0.0,0.0,0.0,near,1.0,0.0,0.0,0.0,0.0,0.0,0.0,0.0,0.0,0.0,0.0,0.0,0.0,0.0,0.0
38273,2,1.5866667,3.0,82.0,317300.0,39.430237,37.117252,78299.6,90592.875,0,0.0,0.0,78.2996,4.373233,12.667602977571287,3.699578,3.6140819,0.5018450618540137,1.0155318370072182,1.075403199959664,1.0155318370072182,1.075403199959664,0.95037,-0.034202278,25.335205955142573,8.746466,0,0,0,0.0,0.0,0.0,near,1.0,0.0,0.0,0.0,0.0,0.0,0.0,0.0,0.0,0.0,0.0,0.0,0.0,0.0,0.0
38273,3,1.74,3.0,82.0,317300.0,44.617424,42.598705,78299.6,90592.875,0,0.0,0.0,78.2996,4.373233,12.667602977571287,3.8202899,3.751824,0.5018450618540137,1.0155318370072182,1.075403199959664,1.0155318370072182,1.075403199959664,1.0079579,0.05758792,38.00280893271386,13.119699,1,1,0,0.0,0.0,0.0,near,1.0,1.0,0.0,0.0,0.0,0.0,0.0,0.0,0.0,0.0,0.0,0.0,0.0,0.0,0.0
38273,4,1.8666667,3.0,82.0,317300.0,45.347435,41.57862,78299.6,90592.875,0,0.0,0.0,78.2996,4.373233,12.667602977571287,3.836166,3.727586,0.5018450618540137,1.0155318370072182,1.075403199959664,1.0155318370072182,1.075403199959664,1.0531499,0.045192003,50.67041191028515,17.492931,1,1,0,0.0,0.0,0.0,near,1.0,1.0,0.0,0.0,0.0,0.0,0.0,0.0,0.0,0.0,0.0,0.0,0.0,0.0,0.0
38273,5,1.38,3.0,82.0,317300.0,49.742752,49.02211,78299.6,90592.875,0,0.0,0.0,78.2996,4.373233,12.667602977571287,3.9267688,3.8922715,0.5018450618540137,1.0155318370072182,1.075403199959664,1.0155318370072182,1.075403199959664,0.86710054,-0.1860494,63.33801488785643,21.866165,1,0,1,0.0,0.0,0.0,near,1.0,0.0,1.0,0.0,0.0,0.0,0.0,0.0,0.0,0.0,0.0,0.0,0.0,0.0,0.0
38273,6,1.75,3.0,82.0,317300.0,40.45182,38.456512,78299.6,90592.875,0,0.0,0.0,78.2996,4.373233,12.667602977571287,3.724532,3.649528,0.5018450618540137,1.0155318370072182,1.075403199959664,1.0155318370072182,1.075403199959664,1.011601,0.14450043,76.00561786542772,26.239397,1,0,1,0.0,0.0,0.0,near,1.0,0.0,1.0,0.0,0.0,0.0,0.0,0.0,0.0,0.0,0.0,0.0,0.0,0.0,0.0
38273,7,1.73,3.0,82.0,317300.0,44.397594,45.44174,78299.6,90592.875,0,0.0,0.0,78.2996,4.373233,12.667602977571287,3.815459,3.816431,0.5018450618540137,1.0155318370072182,1.075403199959664,1.0155318370072182,1.075403199959664,1.0043015,-0.007299423,88.673220842999,30.612629,1,0,1,0.0,0.0,0.0,near,1.0,0.0,1.0,0.0,0.0,0.0,0.0,0.0,0.0,0.0,0.0,0.0,0.0,0.0,0.0
38276,1,3.9433334,3.0,82.0,263950.0,43.956085,41.870747,78011.516,65525.492,0,0.0,0.0,65.52549,4.197585,12.483514970251763,3.8056862,3.7345874,0.4549838951570184,0.8415404903495458,0.8849052042964352,0.8415404903495458,0.8849052042964352,1.59804,,12.483514970251763,4.197585,0,0,0,0.0,0.0,0.0,near,1.0,0.0,0.0,0.0,0.0,0.0,0.0,0.0,0.0,0.0,0.0,0.0,0.0,0.0,0.0
38276,2,4.39,3.0,82.0,263950.0,42.748444,39.565414,78011.516,65525.492,0,0.0,0.0,65.52549,4.197585,12.483514970251763,3.778456,3.6779554,0.4549838951570184,0.8415404903495458,0.8849052042964352,0.8415404903495458,0.8849052042964352,1.6845454,0.08650541,24.967029940503526,8.39517,0,0,0,0.0,0.0,0.0,near,1.0,0.0,0.0,0.0,0.0,0.0,0.0,0.0,0.0,0.0,0.0,0.0,0.0,0.0,0.0
38276,3,4.16,3.0,82.0,263950.0,49.141644,46.900616,78011.516,65525.492,0,0.0,0.0,65.52549,4.197585,12.483514970251763,3.914852,3.8480308,0.4549838951570184,0.8415404903495458,0.8849052042964352,0.8415404903495458,0.8849052042964352,1.6409366,-0.043608785,37.45054491075529,12.592755,1,1,0,0.0,0.0,0.0,near,1.0,1.0,0.0,0.0,0.0,0.0,0.0,0.0,0.0,0.0,0.0,0.0,0.0,0.0,0.0
38276,4,4.4666667,3.0,82.0,263950.0,49.90519,44.70004,78011.516,65525.492,0,0.0,0.0,65.52549,4.197585,12.483514970251763,3.9299648,3.7999744,0.4549838951570184,0.8415404903495458,0.8849052042964352,0.8415404903495458,0.8849052042964352,1.6986691,0.057732463,49.93405988100705,16.79034,1,1,0,0.0,0.0,0.0,near,1.0,1.0,0.0,0.0,0.0,0.0,0.0,0.0,0.0,0.0,0.0,0.0,0.0,0.0,0.0
38276,5,3.2033334,3.0,82.0,263950.0,54.12243,51.69001,78011.516,65525.492,0,0.0,0.0,65.52549,4.197585,12.483514970251763,4.009557,3.9452646,0.4549838951570184,0.8415404903495458,0.8849052042964352,0.8415404903495458,0.8849052042964352,1.4358779,-0.26279116,62.41757485125881,20.987926,1,0,1,0.0,0.0,0.0,near,1.0,0.0,1.0,0.0,0.0,0.0,0.0,0.0,0.0,0.0,0.0,0.0,0.0,0.0,0.0
38276,6,4.4833336,3.0,82.0,263950.0,45.222923,41.489338,78011.516,65525.492,0,0.0,0.0,65.52549,4.197585,12.483514970251763,3.8334758,3.7254364,0.4549838951570184,0.8415404903495458,0.8849052042964352,0.8415404903495458,0.8849052042964352,1.7017132,0.2658353,74.90108982151058,25.18551,1,0,1,0.0,0.0,0.0,near,1.0,0.0,1.0,0.0,0.0,0.0,0.0,0.0,0.0,0.0,0.0,0.0,0.0,0.0,0.0
38276,7,4.6400003,3.0,82.0,263950.0,48.127262,47.62575,78011.516,65525.492,0,0.0,0.0,65.52549,4.197585,12.483514970251763,3.8944142,3.8633738,0.4549838951570184,0.8415404903495458,0.8849052042964352,0.8415404903495458,0.8849052042964352,1.7298841,0.028170943,87.38460479176234,29.383095,1,0,1,0.0,0.0,0.0,near,1.0,0.0,1.0,0.0,0.0,0.0,0.0,0.0,0.0,0.0,0.0,0.0,0.0,0.0,0.0
38614,1,1.07,3.0,86.0,206160.0,59.059223,56.13819,149896.56,35577.176,0,0.0,0.0,35.577175,3.5994244,12.236407845326246,4.095331,4.0278163,0.3314829177941917,0.4998468640901072,0.33701083673579113,0.4998468640901072,0.33701083673579113,0.7275487,,12.236407845326246,3.5994244,0,0,0,0.0,0.0,0.0,near,1.0,0.0,0.0,0.0,0.0,0.0,0.0,0.0,0.0,0.0,0.0,0.0,0.0,0.0,0.0
38614,2,1.21,3.0,86.0,206160.0,56.35617,55.02123,149896.56,35577.176,0,0.0,0.0,35.577175,3.5994244,12.236407845326246,4.0492806,4.007719,0.3314829177941917,0.4998468640901072,0.33701083673579113,0.4998468640901072,0.33701083673579113,0.79299253,0.065443814,24.472815690652492,7.1988487,0,0,0,0.0,0.0,0.0,near,1.0,0.0,0.0,0.0,0.0,0.0,0.0,0.0,0.0,0.0,0.0,0.0,0.0,0.0,0.0
38614,3,1.2725,3.0,86.0,206160.0,60.354176,60.932632,149896.56,35577.176,0,0.0,0.0,35.577175,3.5994244,12.236407845326246,4.1166635,4.109769,0.3314829177941917,0.4998468640901072,0.33701083673579113,0.4998468640901072,0.33701083673579113,0.8208806,0.02788806,36.70922353597874,10.798273,1,1,0,0.0,0.0,0.0,near,1.0,1.0,0.0,0.0,0.0,0.0,0.0,0.0,0.0,0.0,0.0,0.0,0.0,0.0,0.0
38614,4,1.2666667,3.0,86.0,206160.0,61.963192,55.81517,149896.56,35577.176,0,0.0,0.0,35.577175,3.5994244,12.236407845326246,4.1425505,4.0220456,0.3314829177941917,0.4998468640901072,0.33701083673579113,0.4998468640901072,0.33701083673579113,0.8183103,-0.0025702715,48.945631381304985,14.397697,1,1,0,0.0,0.0,0.0,near,1.0,1.0,0.0,0.0,0.0,0.0,0.0,0.0,0.0,0.0,0.0,0.0,0.0,0.0,0.0
38614,5,1.1266667,3.0,86.0,206160.0,64.86832,63.26236,149896.56,35577.176,0,0.0,0.0,35.577175,3.5994244,12.236407845326246,4.1876574,4.1472907,0.3314829177941917,0.4998468640901072,0.33701083673579113,0.4998468640901072,0.33701083673579113,0.75455576,-0.06375456,61.18203922663123,17.997122,1,0,1,0.0,0.0,0.0,near,1.0,0.0,1.0,0.0,0.0,0.0,0.0,0.0,0.0,0.0,0.0,0.0,0.0,0.0,0.0
38614,6,1.2966666,3.0,86.0,206160.0,56.99466,54.332417,149896.56,35577.176,0,0.0,0.0,35.577175,3.5994244,12.236407845326246,4.060351,3.995121,0.3314829177941917,0.4998468640901072,0.33701083673579113,0.4998468640901072,0.33701083673579113,0.8314588,0.076903045,73.41844707195747,21.596546,1,0,1,0.0,0.0,0.0,near,1.0,0.0,1.0,0.0,0.0,0.0,0.0,0.0,0.0,0.0,0.0,0.0,0.0,0.0,0.0
38614,7,1.475,3.0,86.0,206160.0,59.976463,61.513855,149896.56,35577.176,0,0.0,0.0,35.577175,3.5994244,12.236407845326246,4.110488,4.119262,0.3314829177941917,0.4998468640901072,0.33701083673579113,0.4998468640901072,0.33701083673579113,0.90624034,0.07478154,85.65485491728373,25.19597,1,0,1,0.0,0.0,0.0,near,1.0,0.0,1.0,0.0,0.0,0.0,0.0,0.0,0.0,0.0,0.0,0.0,0.0,0.0,0.0
38625,1,1.28,3.0,86.0,96530.0,52.273754,48.796883,154734.0,36595.3,0,0.0,0.0,36.595303,3.6268792,11.477609119842661,3.9754438,3.8876665,0.2851582451494175,0.4021280324857863,0.15768152795190282,,,0.8241754,,11.477609119842661,3.6268792,0,0,0,0.0,0.0,0.0,near,1.0,0.0,0.0,0.0,0.0,0.0,0.0,0.0,0.0,0.0,0.0,0.0,0.0,0.0,0.0
38625,2,1.49,3.0,86.0,96530.0,49.299816,46.591244,154734.0,36595.3,0,0.0,0.0,36.595303,3.6268792,11.477609119842661,3.9180014,3.8414125,0.2851582451494175,0.4021280324857863,0.15768152795190282,,,0.9122827,0.08810729,22.955218239685323,7.2537584,0,0,0,0.0,0.0,0.0,near,1.0,0.0,0.0,0.0,0.0,0.0,0.0,0.0,0.0,0.0,0.0,0.0,0.0,0.0,0.0
38625,3,1.755,3.0,86.0,96530.0,54.673492,53.878124,154734.0,36595.3,0,0.0,0.0,36.595303,3.6268792,11.477609119842661,4.019504,3.9867246,0.2851582451494175,0.4021280324857863,0.15768152795190282,,,1.0134175,0.10113478,34.432827359527984,10.880638,1,1,0,0.0,0.0,0.0,near,1.0,1.0,0.0,0.0,0.0,0.0,0.0,0.0,0.0,0.0,0.0,0.0,0.0,0.0,0.0
38625,4,1.7966666,3.0,86.0,96530.0,54.71651,49.194942,154734.0,36595.3,0,0.0,0.0,36.595303,3.6268792,11.477609119842661,4.0202765,3.8957908,0.2851582451494175,0.4021280324857863,0.15768152795190282,,,1.0284282,0.0150107145,45.910436479370645,14.507517,1,1,0,0.0,0.0,0.0,near,1.0,1.0,0.0,0.0,0.0,0.0,0.0,0.0,0.0,0.0,0.0,0.0,0.0,0.0,0.0
38625,5,1.3033333,3.0,86.0,96530.0,58.936623,56.71431,154734.0,36595.3,0,0.0,0.0,36.595303,3.6268792,11.477609119842661,4.093288,4.0380263,0.2851582451494175,0.4021280324857863,0.15768152795190282,,,0.8343573,-0.19407088,57.38804559921331,18.134396,1,0,1,0.0,0.0,0.0,near,1.0,0.0,1.0,0.0,0.0,0.0,0.0,0.0,0.0,0.0,0.0,0.0,0.0,0.0,0.0
38625,6,1.88,3.0,86.0,96530.0,50.683235,47.35159,154734.0,36595.3,0,0.0,0.0,36.595303,3.6268792,11.477609119842661,3.9451334,3.8576005,0.2851582451494175,0.4021280324857863,0.15768152795190282,,,1.0577903,0.22343296,68.86565471905597,21.761276,1,0,1,0.0,0.0,0.0,near,1.0,0.0,1.0,0.0,0.0,0.0,0.0,0.0,0.0,0.0,0.0,0.0,0.0,0.0,0.0
38625,7,2.17,3.0,86.0,96530.0,53.599174,53.53827,154734.0,36595.3,0,0.0,0.0,36.595303,3.6268792,11.477609119842661,4.0000186,3.9803967,0.2851582451494175,0.4021280324857863,0.15768152795190282,,,1.1537316,0.095941305,80.34326383889862,25.388155,1,0,1,0.0,0.0,0.0,near,1.0,0.0,1.0,0.0,0.0,0.0,0.0,0.0,0.0,0.0,0.0,0.0,0.0,0.0,0.0
38636,1,1.1066667,3.0,86.0,117230.0,55.383762,52.121902,160913.52,42783.215,0,0.0,0.0,42.783215,3.7792506,11.671893096065874,4.0321813,3.9535851,0.3218804438203719,0.4784941694930715,0.33211934186945324,0.4784941694930715,0.33211934186945324,0.7451069,,11.671893096065874,3.7792506,0,0,0,0.0,0.0,0.0,near,1.0,0.0,0.0,0.0,0.0,0.0,0.0,0.0,0.0,0.0,0.0,0.0,0.0,0.0,0.0
38636,2,1.1133333,3.0,86.0,117230.0,52.533978,50.412872,160913.52,42783.215,0,0.0,0.0,42.783215,3.7792506,11.671893096065874,3.9803166,3.9202466,0.3218804438203719,0.4784941694930715,0.33211934186945324,0.4784941694930715,0.33211934186945324,0.74826646,0.0031595826,23.34378619213175,7.5585012,0,0,0,0.0,0.0,0.0,near,1.0,0.0,0.0,0.0,0.0,0.0,0.0,0.0,0.0,0.0,0.0,0.0,0.0,0.0,0.0
38636,3,1.135,3.0,86.0,117230.0,57.27714,57.06188,160913.52,42783.215,0,0.0,0.0,42.783215,3.7792506,11.671893096065874,4.06521,4.044136,0.3218804438203719,0.4784941694930715,0.33211934186945324,0.4784941694930715,0.33211934186945324,0.75846666,0.010200202,35.015679288197624,11.337751,1,1,0,0.0,0.0,0.0,near,1.0,1.0,0.0,0.0,0.0,0.0,0.0,0.0,0.0,0.0,0.0,0.0,0.0,0.0,0.0
38636,4,1.1033334,3.0,86.0,117230.0,58.037907,52.151657,160913.52,42783.215,0,0.0,0.0,42.783215,3.7792506,11.671893096065874,4.07818,3.954156,0.3218804438203719,0.4784941694930715,0.33211934186945324,0.4784941694930715,0.33211934186945324,0.7435235,-0.0149431825,46.6875723842635,15.1170025,1,1,0,0.0,0.0,0.0,near,1.0,1.0,0.0,0.0,0.0,0.0,0.0,0.0,0.0,0.0,0.0,0.0,0.0,0.0,0.0
38636,5,1.0133333,3.0,86.0,117230.0,61.65531,59.68316,160913.52,42783.215,0,0.0,0.0,42.783215,3.7792506,11.671893096065874,4.1376486,4.08905,0.3218804438203719,0.4784941694930715,0.33211934186945324,0.4784941694930715,0.33211934186945324,0.6997917,-0.04373175,58.35946548032937,18.896254,1,0,1,0.0,0.0,0.0,near,1.0,0.0,1.0,0.0,0.0,0.0,0.0,0.0,0.0,0.0,0.0,0.0,0.0,0.0,0.0
38636,6,1.12,3.0,86.0,117230.0,53.57597,50.528,160913.52,42783.215,0,0.0,0.0,42.783215,3.7792506,11.671893096065874,3.9995937,3.9225278,0.3218804438203719,0.4784941694930715,0.33211934186945324,0.4784941694930715,0.33211934186945324,0.751416,0.051624298,70.03135857639525,22.675503,1,0,1,0.0,0.0,0.0,near,1.0,0.0,1.0,0.0,0.0,0.0,0.0,0.0,0.0,0.0,0.0,0.0,0.0,0.0,0.0
38636,7,1.05,3.0,86.0,117230.0,56.5221,57.174965,160913.52,42783.215,0,0.0,0.0,42.783215,3.7792506,11.671893096065874,4.0521693,4.0461164,0.3218804438203719,0.4784941694930715,0.33211934186945324,0.4784941694930715,0.33211934186945324,0.7178398,-0.03357625,81.70325167246112,26.454754,1,0,1,0.0,0.0,0.0,near,1.0,0.0,1.0,0.0,0.0,0.0,0.0,0.0,0.0,0.0,0.0,0.0,0.0,0.0,0.0
38665,1,1.3033334,3.0,86.0,214170.0,53.310425,49.896824,137490.25,22988.63,0,0.0,0.0,22.98863,3.1775799,12.274525371164616,3.9947162,3.9099574,0.2684929611422387,0.37000085109301367,0.007005874920504418,,,0.8343573,,12.274525371164616,3.1775799,0,0,0,0.0,0.0,0.0,near,1.0,0.0,0.0,0.0,0.0,0.0,0.0,0.0,0.0,0.0,0.0,0.0,0.0,0.0,0.0
38665,2,1.3833333,3.0,86.0,214170.0,50.37787,47.856117,137490.25,22988.63,0,0.0,0.0,22.98863,3.1775799,12.274525371164616,3.9392076,3.8681989,0.2684929611422387,0.37000085109301367,0.007005874920504418,,,0.8685,0.034142673,24.549050742329232,6.3551598,0,0,0,0.0,0.0,0.0,near,1.0,0.0,0.0,0.0,0.0,0.0,0.0,0.0,0.0,0.0,0.0,0.0,0.0,0.0,0.0
38665,3,1.6949999,3.0,86.0,214170.0,55.541374,54.929146,137490.25,22988.63,0,0.0,0.0,22.98863,3.1775799,12.274525371164616,4.0349727,4.006044,0.2684929611422387,0.37000085109301367,0.007005874920504418,,,0.9913982,0.12289822,36.82357611349385,9.53274,1,1,0,0.0,0.0,0.0,near,1.0,1.0,0.0,0.0,0.0,0.0,0.0,0.0,0.0,0.0,0.0,0.0,0.0,0.0,0.0
38665,4,2.1533332,3.0,86.0,214170.0,55.823643,50.164307,137490.25,22988.63,0,0.0,0.0,22.98863,3.1775799,12.274525371164616,4.0399523,3.9153037,0.2684929611422387,0.37000085109301367,0.007005874920504418,,,1.14846,0.15706182,49.098101484658464,12.7103195,1,1,0,0.0,0.0,0.0,near,1.0,1.0,0.0,0.0,0.0,0.0,0.0,0.0,0.0,0.0,0.0,0.0,0.0,0.0,0.0
38665,5,1.4033333,3.0,86.0,214170.0,59.842846,57.697224,137490.25,22988.63,0,0.0,0.0,22.98863,3.1775799,12.274525371164616,4.1082945,4.055209,0.2684929611422387,0.37000085109301367,0.007005874920504418,,,0.87685657,-0.27160347,61.37262685582308,15.887899,1,0,1,0.0,0.0,0.0,near,1.0,0.0,1.0,0.0,0.0,0.0,0.0,0.0,0.0,0.0,0.0,0.0,0.0,0.0,0.0
38665,6,1.96,3.0,86.0,214170.0,51.647484,48.40552,137490.25,22988.63,0,0.0,0.0,22.98863,3.1775799,12.274525371164616,3.9636185,3.8796139,0.2684929611422387,0.37000085109301367,0.007005874920504418,,,1.0851893,0.20833278,73.6471522269877,19.06548,1,0,1,0.0,0.0,0.0,near,1.0,0.0,1.0,0.0,0.0,0.0,0.0,0.0,0.0,0.0,0.0,0.0,0.0,0.0,0.0
38665,7,2.4099998,3.0,86.0,214170.0,54.573483,54.746536,137490.25,22988.63,0,0.0,0.0,22.98863,3.1775799,12.274525371164616,4.0177064,4.002714,0.2684929611422387,0.37000085109301367,0.007005874920504418,,,1.2267122,0.14152288,85.92167759815231,22.24306,1,0,1,0.0,0.0,0.0,near,1.0,0.0,1.0,0.0,0.0,0.0,0.0,0.0,0.0,0.0,0.0,0.0,0.0,0.0,0.0
38669,1,1.92,3.0,86.0,163420.0,52.273754,48.796883,142140.39,23762.21,0,0.0,0.0,23.76221,3.2093186,12.004078852938699,3.9754438,3.8876665,,,,,,1.0715836,,12.004078852938699,3.2093186,0,0,0,0.0,0.0,0.0,near,1.0,0.0,0.0,0.0,0.0,0.0,0.0,0.0,0.0,0.0,0.0,0.0,0.0,0.0,0.0
38669,2,2.4233332,3.0,86.0,163420.0,49.299816,46.591244,142140.39,23762.21,0,0.0,0.0,23.76221,3.2093186,12.004078852938699,3.9180014,3.8414125,,,,,,1.2306147,0.15903103,24.008157705877398,6.4186373,0,0,0,0.0,0.0,0.0,near,1.0,0.0,0.0,0.0,0.0,0.0,0.0,0.0,0.0,0.0,0.0,0.0,0.0,0.0,0.0
38669,3,2.9575,3.0,86.0,163420.0,54.673492,53.878124,142140.39,23762.21,0,0.0,0.0,23.76221,3.2093186,12.004078852938699,4.019504,3.9867246,,,,,,1.3756125,0.14499784,36.0122365588161,9.627956,1,1,0,0.0,0.0,0.0,near,1.0,1.0,0.0,0.0,0.0,0.0,0.0,0.0,0.0,0.0,0.0,0.0,0.0,0.0,0.0
38669,4,2.8833332,3.0,86.0,163420.0,54.71651,49.194942,142140.39,23762.21,0,0.0,0.0,23.76221,3.2093186,12.004078852938699,4.0202765,3.8957908,,,,,,1.3566939,-0.018918633,48.016315411754796,12.837275,1,1,0,0.0,0.0,0.0,near,1.0,1.0,0.0,0.0,0.0,0.0,0.0,0.0,0.0,0.0,0.0,0.0,0.0,0.0,0.0
38669,5,2.2966666,3.0,86.0,163420.0,58.936623,56.71431,142140.39,23762.21,0,0.0,0.0,23.76221,3.2093186,12.004078852938699,4.093288,4.0380263,,,,,,1.1929119,-0.163782,60.02039426469349,16.046593,1,0,1,0.0,0.0,0.0,near,1.0,0.0,1.0,0.0,0.0,0.0,0.0,0.0,0.0,0.0,0.0,0.0,0.0,0.0,0.0
38669,6,3.48,3.0,86.0,163420.0,50.683235,47.35159,142140.39,23762.21,0,0.0,0.0,23.76221,3.2093186,12.004078852938699,3.9451334,3.8576005,,,,,,1.4996231,0.3067112,72.0244731176322,19.255913,1,0,1,0.0,0.0,0.0,near,1.0,0.0,1.0,0.0,0.0,0.0,0.0,0.0,0.0,0.0,0.0,0.0,0.0,0.0,0.0
38669,7,3.9250002,3.0,86.0,163420.0,53.599174,53.53827,142140.39,23762.21,0,0.0,0.0,23.76221,3.2093186,12.004078852938699,4.0000186,3.9803967,,,,,,1.5943244,0.09470129,84.02855197057089,22.46523,1,0,1,0.0,0.0,0.0,near,1.0,0.0,1.0,0.0,0.0,0.0,0.0,0.0,0.0,0.0,0.0,0.0,0.0,0.0,0.0
38694,1,1.0633333,3.0,86.0,156390.0,52.273754,48.796883,126017.9,8438.517,0,0.0,0.0,8.438517,2.244799,11.960108166430262,3.9754438,3.8876665,,,,,,0.7243228,,11.960108166430262,2.244799,0,0,0,0.0,0.0,0.0,near,1.0,0.0,0.0,0.0,0.0,0.0,0.0,0.0,0.0,0.0,0.0,0.0,0.0,0.0,0.0
38694,2,1.0799999,3.0,86.0,156390.0,49.299816,46.591244,126017.9,8438.517,0,0.0,0.0,8.438517,2.244799,11.960108166430262,3.9180014,3.8414125,,,,,,0.7323679,0.008045077,23.920216332860523,4.489598,0,0,0,0.0,0.0,0.0,near,1.0,0.0,0.0,0.0,0.0,0.0,0.0,0.0,0.0,0.0,0.0,0.0,0.0,0.0,0.0
38694,3,1.175,3.0,86.0,156390.0,54.673492,53.878124,126017.9,8438.517,0,0.0,0.0,8.438517,2.244799,11.960108166430262,4.019504,3.9867246,,,,,,0.7770287,0.044660807,35.880324499290786,6.734397,1,1,0,0.0,0.0,0.0,near,1.0,1.0,0.0,0.0,0.0,0.0,0.0,0.0,0.0,0.0,0.0,0.0,0.0,0.0,0.0
38694,4,1.16,3.0,86.0,156390.0,54.71651,49.194942,126017.9,8438.517,0,0.0,0.0,8.438517,2.244799,11.960108166430262,4.0202765,3.8957908,,,,,,0.77010816,-0.0069205165,47.840432665721046,8.979196,1,1,0,0.0,0.0,0.0,near,1.0,1.0,0.0,0.0,0.0,0.0,0.0,0.0,0.0,0.0,0.0,0.0,0.0,0.0,0.0
38694,5,1.1233333,3.0,86.0,156390.0,58.936623,56.71431,126017.9,8438.517,0,0.0,0.0,8.438517,2.244799,11.960108166430262,4.093288,4.0380263,,,,,,0.75298727,-0.017120898,59.800540832151306,11.223994,1,0,1,0.0,0.0,0.0,near,1.0,0.0,1.0,0.0,0.0,0.0,0.0,0.0,0.0,0.0,0.0,0.0,0.0,0.0,0.0
38694,6,1.7466667,3.0,86.0,156390.0,50.683235,47.35159,126017.9,8438.517,0,0.0,0.0,8.438517,2.244799,11.960108166430262,3.9451334,3.8576005,,,,,,1.0103881,0.25740087,71.76064899858157,13.468794,1,0,1,0.0,0.0,0.0,near,1.0,0.0,1.0,0.0,0.0,0.0,0.0,0.0,0.0,0.0,0.0,0.0,0.0,0.0,0.0
38694,7,1.8149999,3.0,86.0,156390.0,53.599174,53.53827,126017.9,8438.517,0,0.0,0.0,8.438517,2.244799,11.960108166430262,4.0000186,3.9803967,,,,,,1.0349623,0.02457416,83.72075716501183,15.713593,1,0,1,0.0,0.0,0.0,near,1.0,0.0,1.0,0.0,0.0,0.0,0.0,0.0,0.0,0.0,0.0,0.0,0.0,0.0,0.0
40108,1,4.1066666,4.0,1.0,237070.0,50.801636,49.242867,189642.61,94310.25,0,0.0,0.0,94.31025,4.5571375,12.376110735157278,3.9474218,3.8967645,0.5130818978562278,1.062231313273879,1.1462891599475453,1.062231313273879,1.1462891599475453,1.6305468,,12.376110735157278,4.5571375,0,0,0,0.0,0.0,0.0,mid,0.0,0.0,0.0,0.0,0.0,1.0,0.0,0.0,0.0,0.0,0.0,0.0,0.0,0.0,0.0
40108,2,4.866667,4.0,1.0,237070.0,46.18383,44.704918,189642.61,94310.25,0,0.0,0.0,94.31025,4.5571375,12.376110735157278,3.8540514,3.8000834,0.5130818978562278,1.062231313273879,1.1462891599475453,1.062231313273879,1.1462891599475453,1.7692866,0.13873982,24.752221470314556,9.114275,0,0,0,0.0,0.0,0.0,mid,0.0,0.0,0.0,0.0,0.0,1.0,0.0,0.0,0.0,0.0,0.0,0.0,0.0,0.0,0.0
40108,3,4.5925,4.0,1.0,237070.0,51.086395,50.90254,189642.61,94310.25,0,0.0,0.0,94.31025,4.5571375,12.376110735157278,3.9529037,3.9299128,0.5130818978562278,1.062231313273879,1.1462891599475453,1.062231313273879,1.1462891599475453,1.7214265,-0.047860146,37.128332205471835,13.671412,1,1,0,0.0,0.0,0.0,mid,0.0,0.0,0.0,0.0,0.0,1.0,1.0,0.0,0.0,0.0,0.0,0.0,0.0,0.0,0.0
40108,4,4.246667,4.0,1.0,237070.0,48.722458,45.823597,189642.61,94310.25,0,0.0,0.0,94.31025,4.5571375,12.376110735157278,3.9064567,3.824799,0.5130818978562278,1.062231313273879,1.1462891599475453,1.062231313273879,1.1462891599475453,1.657593,-0.063833475,49.50444294062911,18.22855,1,1,0,0.0,0.0,0.0,mid,0.0,0.0,0.0,0.0,0.0,1.0,1.0,0.0,0.0,0.0,0.0,0.0,0.0,0.0,0.0
40108,5,3.09,4.0,1.0,237070.0,53.54089,53.982597,189642.61,94310.25,0,0.0,0.0,94.31025,4.5571375,12.376110735157278,3.9989507,3.9886618,0.5130818978562278,1.062231313273879,1.1462891599475453,1.062231313273879,1.1462891599475453,1.408545,-0.249048,61.88055367578639,22.785686,1,0,1,0.0,0.0,0.0,mid,0.0,0.0,0.0,0.0,0.0,1.0,0.0,1.0,0.0,0.0,0.0,0.0,0.0,0.0,0.0
40108,6,3.9166667,4.0,1.0,237070.0,45.717205,45.082043,189642.61,94310.25,0,0.0,0.0,94.31025,4.5571375,12.376110735157278,3.8441124,3.808484,0.5130818978562278,1.062231313273879,1.1462891599475453,1.062231313273879,1.1462891599475453,1.5926309,0.18408585,74.25666441094367,27.342825,1,0,1,0.0,0.0,0.0,mid,0.0,0.0,0.0,0.0,0.0,1.0,0.0,1.0,0.0,0.0,0.0,0.0,0.0,0.0,0.0
40108,7,3.49,4.0,1.0,237070.0,49.28755,50.468422,189642.61,94310.25,0,0.0,0.0,94.31025,4.5571375,12.376110735157278,3.9177575,3.9213479,0.5130818978562278,1.062231313273879,1.1462891599475453,1.062231313273879,1.1462891599475453,1.5018526,-0.09077823,86.63277514610094,31.899963,1,0,1,0.0,0.0,0.0,mid,0.0,0.0,0.0,0.0,0.0,1.0,0.0,1.0,0.0,0.0,0.0,0.0,0.0,0.0,0.0
40114,1,1.2166667,4.0,1.0,126820.0,50.801636,49.242867,178501.14,79514.37,0,0.0,0.0,79.514366,4.388436,11.750524037254023,3.9474218,3.8967645,0.43318807531147724,0.7704169734461717,0.8441710943748273,0.7704169734461717,0.8441710943748273,0.7960046,,11.750524037254023,4.388436,0,0,0,0.0,0.0,0.0,near,1.0,0.0,0.0,0.0,0.0,0.0,0.0,0.0,0.0,0.0,0.0,0.0,0.0,0.0,0.0
40114,2,1.6433333,4.0,1.0,126820.0,46.18383,44.704918,178501.14,79514.37,0,0.0,0.0,79.514366,4.388436,11.750524037254023,3.8540514,3.8000834,0.43318807531147724,0.7704169734461717,0.8441710943748273,0.7704169734461717,0.8441710943748273,0.9720408,0.17603618,23.501048074508045,8.776872,0,0,0,0.0,0.0,0.0,near,1.0,0.0,0.0,0.0,0.0,0.0,0.0,0.0,0.0,0.0,0.0,0.0,0.0,0.0,0.0
40114,3,1.7025,4.0,1.0,126820.0,51.086395,50.90254,178501.14,79514.37,0,0.0,0.0,79.514366,4.388436,11.750524037254023,3.9529037,3.9299128,0.43318807531147724,0.7704169734461717,0.8441710943748273,0.7704169734461717,0.8441710943748273,0.9941772,0.02213645,35.251572111762066,13.165308,1,1,0,0.0,0.0,0.0,near,1.0,1.0,0.0,0.0,0.0,0.0,0.0,0.0,0.0,0.0,0.0,0.0,0.0,0.0,0.0
40114,4,1.43,4.0,1.0,126820.0,48.722458,45.823597,178501.14,79514.37,0,0.0,0.0,79.514366,4.388436,11.750524037254023,3.9064567,3.824799,0.43318807531147724,0.7704169734461717,0.8441710943748273,0.7704169734461717,0.8441710943748273,0.8878912,-0.10628605,47.00209614901609,17.553743,1,1,0,0.0,0.0,0.0,near,1.0,1.0,0.0,0.0,0.0,0.0,0.0,0.0,0.0,0.0,0.0,0.0,0.0,0.0,0.0
40114,5,1.1933334,4.0,1.0,126820.0,53.54089,53.982597,178501.14,79514.37,0,0.0,0.0,79.514366,4.388436,11.750524037254023,3.9989507,3.9886618,0.43318807531147724,0.7704169734461717,0.8441710943748273,0.7704169734461717,0.8441710943748273,0.7854225,-0.10246867,58.752620186270114,21.942179,1,0,1,0.0,0.0,0.0,near,1.0,0.0,1.0,0.0,0.0,0.0,0.0,0.0,0.0,0.0,0.0,0.0,0.0,0.0,0.0
40114,6,1.4033333,4.0,1.0,126820.0,45.717205,45.082043,178501.14,79514.37,0,0.0,0.0,79.514366,4.388436,11.750524037254023,3.8441124,3.808484,0.43318807531147724,0.7704169734461717,0.8441710943748273,0.7704169734461717,0.8441710943748273,0.87685657,0.09143406,70.50314422352413,26.330616,1,0,1,0.0,0.0,0.0,near,1.0,0.0,1.0,0.0,0.0,0.0,0.0,0.0,0.0,0.0,0.0,0.0,0.0,0.0,0.0
40114,7,1.0550001,4.0,1.0,126820.0,49.28755,50.468422,178501.14,79514.37,0,0.0,0.0,79.514366,4.388436,11.750524037254023,3.9177575,3.9213479,0.43318807531147724,0.7704169734461717,0.8441710943748273,0.7704169734461717,0.8441710943748273,0.7202759,-0.15658069,82.25366826077816,30.719051,1,0,1,0.0,0.0,0.0,near,1.0,0.0,1.0,0.0,0.0,0.0,0.0,0.0,0.0,0.0,0.0,0.0,0.0,0.0,0.0
40134,1,2.7766666,4.0,1.0,123160.0,50.801636,49.242867,184030.89,95107.25,0,0.0,0.0,95.10725,4.565465,11.721239602038438,3.9474218,3.8967645,0.4633680729412042,0.8704381694157737,0.9791312117597707,0.8704381694157737,0.9791312117597707,1.3288418,,11.721239602038438,4.565465,0,0,0,0.0,0.0,0.0,mid,0.0,0.0,0.0,0.0,0.0,1.0,0.0,0.0,0.0,0.0,0.0,0.0,0.0,0.0,0.0
40134,2,3.2766666,4.0,1.0,123160.0,46.18383,44.704918,184030.89,95107.25,0,0.0,0.0,95.10725,4.565465,11.721239602038438,3.8540514,3.8000834,0.4633680729412042,0.8704381694157737,0.9791312117597707,0.8704381694157737,0.9791312117597707,1.4531739,0.12433207,23.442479204076875,9.13093,0,0,0,0.0,0.0,0.0,mid,0.0,0.0,0.0,0.0,0.0,1.0,0.0,0.0,0.0,0.0,0.0,0.0,0.0,0.0,0.0
40134,3,3.12,4.0,1.0,123160.0,51.086395,50.90254,184030.89,95107.25,0,0.0,0.0,95.10725,4.565465,11.721239602038438,3.9529037,3.9299128,0.4633680729412042,0.8704381694157737,0.9791312117597707,0.8704381694157737,0.9791312117597707,1.4158531,-0.037320733,35.16371880611531,13.696395,1,1,0,0.0,0.0,0.0,mid,0.0,0.0,0.0,0.0,0.0,1.0,1.0,0.0,0.0,0.0,0.0,0.0,0.0,0.0,0.0
40134,4,3.2466667,4.0,1.0,123160.0,48.722458,45.823597,184030.89,95107.25,0,0.0,0.0,95.10725,4.565465,11.721239602038438,3.9064567,3.824799,0.4633680729412042,0.8704381694157737,0.9791312117597707,0.8704381694157737,0.9791312117597707,1.4461344,0.030281305,46.88495840815375,18.26186,1,1,0,0.0,0.0,0.0,mid,0.0,0.0,0.0,0.0,0.0,1.0,1.0,0.0,0.0,0.0,0.0,0.0,0.0,0.0,0.0
40134,5,2.5833333,4.0,1.0,123160.0,53.54089,53.982597,184030.89,95107.25,0,0.0,0.0,95.10725,4.565465,11.721239602038438,3.9989507,3.9886618,0.4633680729412042,0.8704381694157737,0.9791312117597707,0.8704381694157737,0.9791312117597707,1.2762935,-0.16984093,58.60619801019219,22.827324,1,0,1,0.0,0.0,0.0,mid,0.0,0.0,0.0,0.0,0.0,1.0,0.0,1.0,0.0,0.0,0.0,0.0,0.0,0.0,0.0
40134,6,4.2,4.0,1.0,123160.0,45.717205,45.082043,184030.89,95107.25,0,0.0,0.0,95.10725,4.565465,11.721239602038438,3.8441124,3.808484,0.4633680729412042,0.8704381694157737,0.9791312117597707,0.8704381694157737,0.9791312117597707,1.6486585,0.372365,70.32743761223063,27.39279,1,0,1,0.0,0.0,0.0,mid,0.0,0.0,0.0,0.0,0.0,1.0,0.0,1.0,0.0,0.0,0.0,0.0,0.0,0.0,0.0
40134,7,4.005,4.0,1.0,123160.0,49.28755,50.468422,184030.89,95107.25,0,0.0,0.0,95.10725,4.565465,11.721239602038438,3.9177575,3.9213479,0.4633680729412042,0.8704381694157737,0.9791312117597707,0.8704381694157737,0.9791312117597707,1.6104374,-0.03822112,82.04867721426906,31.958256,1,0,1,0.0,0.0,0.0,mid,0.0,0.0,0.0,0.0,0.0,1.0,0.0,1.0,0.0,0.0,0.0,0.0,0.0,0.0,0.0
40138,1,1.42,4.0,1.0,91760.0,50.801636,49.242867,194154.2,93078.98,0,0.0,0.0,93.07898,4.5441346,11.426931751803252,3.9474218,3.8967645,0.4366249477624531,0.7812666090695721,0.8837924268968725,0.7812666090695721,0.8837924268968725,0.8837676,,11.426931751803252,4.5441346,0,0,0,0.0,0.0,0.0,mid,0.0,0.0,0.0,0.0,0.0,1.0,0.0,0.0,0.0,0.0,0.0,0.0,0.0,0.0,0.0
40138,2,1.6133333,4.0,1.0,91760.0,46.18383,44.704918,194154.2,93078.98,0,0.0,0.0,93.07898,4.5441346,11.426931751803252,3.8540514,3.8000834,0.4366249477624531,0.7812666090695721,0.8837924268968725,0.7812666090695721,0.8837924268968725,0.9606265,0.07685888,22.853863503606505,9.088269,0,0,0,0.0,0.0,0.0,mid,0.0,0.0,0.0,0.0,0.0,1.0,0.0,0.0,0.0,0.0,0.0,0.0,0.0,0.0,0.0
40138,3,1.7425,4.0,1.0,91760.0,51.086395,50.90254,194154.2,93078.98,0,0.0,0.0,93.07898,4.5441346,11.426931751803252,3.9529037,3.9299128,0.4366249477624531,0.7812666090695721,0.8837924268968725,0.7812666090695721,0.8837924268968725,1.0088699,0.048243403,34.28079525540976,13.632404,1,1,0,0.0,0.0,0.0,mid,0.0,0.0,0.0,0.0,0.0,1.0,1.0,0.0,0.0,0.0,0.0,0.0,0.0,0.0,0.0
40138,4,1.0966667,4.0,1.0,91760.0,48.722458,45.823597,194154.2,93078.98,0,0.0,0.0,93.07898,4.5441346,11.426931751803252,3.9064567,3.824799,0.4366249477624531,0.7812666090695721,0.8837924268968725,0.7812666090695721,0.8837924268968725,0.7403489,-0.268521,45.70772700721301,18.176538,1,1,0,0.0,0.0,0.0,mid,0.0,0.0,0.0,0.0,0.0,1.0,1.0,0.0,0.0,0.0,0.0,0.0,0.0,0.0,0.0
40138,5,1.0866667,4.0,1.0,91760.0,53.54089,53.982597,194154.2,93078.98,0,0.0,0.0,93.07898,4.5441346,11.426931751803252,3.9989507,3.9886618,0.4366249477624531,0.7812666090695721,0.8837924268968725,0.7812666090695721,0.8837924268968725,0.73556787,-0.0047810078,57.13465875901626,22.720673,1,0,1,0.0,0.0,0.0,mid,0.0,0.0,0.0,0.0,0.0,1.0,0.0,1.0,0.0,0.0,0.0,0.0,0.0,0.0,0.0
40138,6,1.06,4.0,1.0,91760.0,45.717205,45.082043,194154.2,93078.98,0,0.0,0.0,93.07898,4.5441346,11.426931751803252,3.8441124,3.808484,0.4366249477624531,0.7812666090695721,0.8837924268968725,0.7812666090695721,0.8837924268968725,0.72270596,-0.0128619075,68.56159051081951,27.264809,1,0,1,0.0,0.0,0.0,mid,0.0,0.0,0.0,0.0,0.0,1.0,0.0,1.0,0.0,0.0,0.0,0.0,0.0,0.0,0.0
40138,7,1.0,4.0,1.0,91760.0,49.28755,50.468422,194154.2,93078.98,0,0.0,0.0,93.07898,4.5441346,11.426931751803252,3.9177575,3.9213479,0.4366249477624531,0.7812666090695721,0.8837924268968725,0.7812666090695721,0.8837924268968725,0.6931472,-0.029558778,79.98852226262277,31.808943,1,0,1,0.0,0.0,0.0,mid,0.0,0.0,0.0,0.0,0.0,1.0,0.0,1.0,0.0,0.0,0.0,0.0,0.0,0.0,0.0
40156,1,1.5133333,4.0,1.0,117220.0,50.801636,49.242867,168570.94,76945.805,0,0.0,0.0,76.94581,4.356014,11.671807790030421,3.9474218,3.8967645,0.4212679830242017,0.7337857471357146,0.797130143629921,0.7337857471357146,0.797130143629921,0.9216099,,11.671807790030421,4.356014,0,0,0,0.0,0.0,0.0,near,1.0,0.0,0.0,0.0,0.0,0.0,0.0,0.0,0.0,0.0,0.0,0.0,0.0,0.0,0.0
40156,2,1.8233334,4.0,1.0,117220.0,46.18383,44.704918,168570.94,76945.805,0,0.0,0.0,76.94581,4.356014,11.671807790030421,3.8540514,3.8000834,0.4212679830242017,0.7337857471357146,0.797130143629921,0.7337857471357146,0.797130143629921,1.0379182,0.11630833,23.343615580060842,8.712028,0,0,0,0.0,0.0,0.0,near,1.0,0.0,0.0,0.0,0.0,0.0,0.0,0.0,0.0,0.0,0.0,0.0,0.0,0.0,0.0
40156,3,2.2125,4.0,1.0,117220.0,51.086395,50.90254,168570.94,76945.805,0,0.0,0.0,76.94581,4.356014,11.671807790030421,3.9529037,3.9299128,0.4212679830242017,0.7337857471357146,0.797130143629921,0.7337857471357146,0.797130143629921,1.1670495,0.12913132,35.01542337009126,13.068041,1,1,0,0.0,0.0,0.0,near,1.0,1.0,0.0,0.0,0.0,0.0,0.0,0.0,0.0,0.0,0.0,0.0,0.0,0.0,0.0
40156,4,1.84,4.0,1.0,117220.0,48.722458,45.823597,168570.94,76945.805,0,0.0,0.0,76.94581,4.356014,11.671807790030421,3.9064567,3.824799,0.4212679830242017,0.7337857471357146,0.797130143629921,0.7337857471357146,0.797130143629921,1.043804,-0.12324548,46.687231160121684,17.424055,1,1,0,0.0,0.0,0.0,near,1.0,1.0,0.0,0.0,0.0,0.0,0.0,0.0,0.0,0.0,0.0,0.0,0.0,0.0,0.0
40156,5,1.2066667,4.0,1.0,117220.0,53.54089,53.982597,168570.94,76945.805,0,0.0,0.0,76.94581,4.356014,11.671807790030421,3.9989507,3.9886618,0.4212679830242017,0.7337857471357146,0.797130143629921,0.7337857471357146,0.797130143629921,0.7914831,-0.25232095,58.359038950152105,21.78007,1,0,1,0.0,0.0,0.0,near,1.0,0.0,1.0,0.0,0.0,0.0,0.0,0.0,0.0,0.0,0.0,0.0,0.0,0.0,0.0
40156,6,2.05,4.0,1.0,117220.0,45.717205,45.082043,168570.94,76945.805,0,0.0,0.0,76.94581,4.356014,11.671807790030421,3.8441124,3.808484,0.4212679830242017,0.7337857471357146,0.797130143629921,0.7337857471357146,0.797130143629921,1.1151416,0.32365853,70.03084674018253,26.136082,1,0,1,0.0,0.0,0.0,near,1.0,0.0,1.0,0.0,0.0,0.0,0.0,0.0,0.0,0.0,0.0,0.0,0.0,0.0,0.0
40156,7,1.7,4.0,1.0,117220.0,49.28755,50.468422,168570.94,76945.805,0,0.0,0.0,76.94581,4.356014,11.671807790030421,3.9177575,3.9213479,0.4212679830242017,0.7337857471357146,0.797130143629921,0.7337857471357146,0.797130143629921,0.9932518,-0.12188983,81.70265453021295,30.492096,1,0,1,0.0,0.0,0.0,near,1.0,0.0,1.0,0.0,0.0,0.0,0.0,0.0,0.0,0.0,0.0,0.0,0.0,0.0,0.0
40160,1,1.3766667,4.0,1.0,322850.0,53.521187,52.189316,212962.84,111809.99,0,0.0,0.0,111.80999,4.725705,12.684943098054614,3.9985895,3.9548779,0.5681069862986378,1.3259961983285324,1.3641990001815656,1.3259961983285324,1.3641990001815656,0.8656989,,12.684943098054614,4.725705,0,0,0,0.0,0.0,0.0,mid,0.0,0.0,0.0,0.0,0.0,1.0,0.0,0.0,0.0,0.0,0.0,0.0,0.0,0.0,0.0
40160,2,1.41,4.0,1.0,322850.0,48.210945,47.31555,212962.84,111809.99,0,0.0,0.0,111.80999,4.725705,12.684943098054614,3.896116,3.8568392,0.5681069862986378,1.3259961983285324,1.3641990001815656,1.3259961983285324,1.3641990001815656,0.8796267,0.013927817,25.369886196109228,9.45141,0,0,0,0.0,0.0,0.0,mid,0.0,0.0,0.0,0.0,0.0,1.0,0.0,0.0,0.0,0.0,0.0,0.0,0.0,0.0,0.0
40160,3,1.315,4.0,1.0,322850.0,52.0664,52.42961,212962.84,111809.99,0,0.0,0.0,111.80999,4.725705,12.684943098054614,3.971544,3.9594715,0.5681069862986378,1.3259961983285324,1.3641990001815656,1.3259961983285324,1.3641990001815656,0.8394097,-0.040216982,38.05482929416384,14.177115,1,1,0,0.0,0.0,0.0,mid,0.0,0.0,0.0,0.0,0.0,1.0,1.0,0.0,0.0,0.0,0.0,0.0,0.0,0.0,0.0
40160,4,1.2833333,4.0,1.0,322850.0,49.232384,46.142036,212962.84,111809.99,0,0.0,0.0,111.80999,4.725705,12.684943098054614,3.9166598,3.8317244,0.5681069862986378,1.3259961983285324,1.3641990001815656,1.3259961983285324,1.3641990001815656,0.8256363,-0.013773382,50.739772392218455,18.90282,1,1,0,0.0,0.0,0.0,mid,0.0,0.0,0.0,0.0,0.0,1.0,1.0,0.0,0.0,0.0,0.0,0.0,0.0,0.0,0.0
40160,5,1.24,4.0,1.0,322850.0,53.585377,53.946663,212962.84,111809.99,0,0.0,0.0,111.80999,4.725705,12.684943098054614,3.999766,3.9879959,0.5681069862986378,1.3259961983285324,1.3641990001815656,1.3259961983285324,1.3641990001815656,0.8064759,-0.01916045,63.42471549027307,23.628525,1,0,1,0.0,0.0,0.0,mid,0.0,0.0,0.0,0.0,0.0,1.0,0.0,1.0,0.0,0.0,0.0,0.0,0.0,0.0,0.0
40160,6,1.48,4.0,1.0,322850.0,46.27883,46.07372,212962.84,111809.99,0,0.0,0.0,111.80999,4.725705,12.684943098054614,3.8560627,3.8302426,0.5681069862986378,1.3259961983285324,1.3641990001815656,1.3259961983285324,1.3641990001815656,0.90825856,0.10178268,76.10965858832768,28.35423,1,0,1,0.0,0.0,0.0,mid,0.0,0.0,0.0,0.0,0.0,1.0,0.0,1.0,0.0,0.0,0.0,0.0,0.0,0.0,0.0
40160,7,1.295,4.0,1.0,322850.0,50.147785,51.66365,212962.84,111809.99,0,0.0,0.0,111.80999,4.725705,12.684943098054614,3.9347193,3.9447544,0.5681069862986378,1.3259961983285324,1.3641990001815656,1.3259961983285324,1.3641990001815656,0.8307329,-0.077525675,88.7946016863823,33.079937,1,0,1,0.0,0.0,0.0,mid,0.0,0.0,0.0,0.0,0.0,1.0,0.0,1.0,0.0,0.0,0.0,0.0,0.0,0.0,0.0
40173,1,1.23,4.0,1.0,167050.0,50.801636,49.242867,200768.28,108928.58,0,0.0,0.0,108.92858,4.699831,12.026048447784902,3.9474218,3.8967645,0.5120936061899448,1.0580377709450692,1.1683966493168123,1.0580377709450692,1.1683966493168123,0.8020016,,12.026048447784902,4.699831,0,0,0,0.0,0.0,0.0,mid,0.0,0.0,0.0,0.0,0.0,1.0,0.0,0.0,0.0,0.0,0.0,0.0,0.0,0.0,0.0
40173,2,1.5333333,4.0,1.0,167050.0,46.18383,44.704918,200768.28,108928.58,0,0.0,0.0,108.92858,4.699831,12.026048447784902,3.8540514,3.8000834,0.5120936061899448,1.0580377709450692,1.1683966493168123,1.0580377709450692,1.1683966493168123,0.9295359,0.12753433,24.052096895569804,9.399662,0,0,0,0.0,0.0,0.0,mid,0.0,0.0,0.0,0.0,0.0,1.0,0.0,0.0,0.0,0.0,0.0,0.0,0.0,0.0,0.0
40173,3,1.5175,4.0,1.0,167050.0,51.086395,50.90254,200768.28,108928.58,0,0.0,0.0,108.92858,4.699831,12.026048447784902,3.9529037,3.9299128,0.5120936061899448,1.0580377709450692,1.1683966493168123,1.0580377709450692,1.1683966493168123,0.9232663,-0.006269634,36.078145343354706,14.099493,1,1,0,0.0,0.0,0.0,mid,0.0,0.0,0.0,0.0,0.0,1.0,1.0,0.0,0.0,0.0,0.0,0.0,0.0,0.0,0.0
40173,4,1.55,4.0,1.0,167050.0,48.722458,45.823597,200768.28,108928.58,0,0.0,0.0,108.92858,4.699831,12.026048447784902,3.9064567,3.824799,0.5120936061899448,1.0580377709450692,1.1683966493168123,1.0580377709450692,1.1683966493168123,0.93609333,0.012827039,48.10419379113961,18.799324,1,1,0,0.0,0.0,0.0,mid,0.0,0.0,0.0,0.0,0.0,1.0,1.0,0.0,0.0,0.0,0.0,0.0,0.0,0.0,0.0
40173,5,1.44,4.0,1.0,167050.0,53.54089,53.982597,200768.28,108928.58,0,0.0,0.0,108.92858,4.699831,12.026048447784902,3.9989507,3.9886618,0.5120936061899448,1.0580377709450692,1.1683966493168123,1.0580377709450692,1.1683966493168123,0.89199805,-0.044095278,60.13024223892451,23.499155,1,0,1,0.0,0.0,0.0,mid,0.0,0.0,0.0,0.0,0.0,1.0,0.0,1.0,0.0,0.0,0.0,0.0,0.0,0.0,0.0
40173,6,1.5233333,4.0,1.0,167050.0,45.717205,45.082043,200768.28,108928.58,0,0.0,0.0,108.92858,4.699831,12.026048447784902,3.8441124,3.808484,0.5120936061899448,1.0580377709450692,1.1683966493168123,1.0580377709450692,1.1683966493168123,0.9255808,0.033582747,72.15629068670941,28.198986,1,0,1,0.0,0.0,0.0,mid,0.0,0.0,0.0,0.0,0.0,1.0,0.0,1.0,0.0,0.0,0.0,0.0,0.0,0.0,0.0
40173,7,1.255,4.0,1.0,167050.0,49.28755,50.468422,200768.28,108928.58,0,0.0,0.0,108.92858,4.699831,12.026048447784902,3.9177575,3.9213479,0.5120936061899448,1.0580377709450692,1.1683966493168123,1.0580377709450692,1.1683966493168123,0.81315005,-0.11243075,84.18233913449431,32.89882,1,0,1,0.0,0.0,0.0,mid,0.0,0.0,0.0,0.0,0.0,1.0,0.0,1.0,0.0,0.0,0.0,0.0,0.0,0.0,0.0
40177,1,1.06,4.0,1.0,107180.0,55.700188,54.707058,271253.53,169256.44,0,0.0,0.0,169.25644,5.1373057,11.582264943048841,4.0377774,4.0019927,0.5581335920697158,1.27331396849223,1.4032972188416855,1.27331396849223,1.4032972188416855,0.72270596,,11.582264943048841,5.1373057,0,0,0,0.0,0.0,0.0,far,0.0,0.0,0.0,0.0,0.0,0.0,0.0,0.0,0.0,0.0,1.0,0.0,0.0,0.0,0.0
40177,2,1.0699999,4.0,1.0,107180.0,49.698967,49.48459,271253.53,169256.44,0,0.0,0.0,169.25644,5.1373057,11.582264943048841,3.9259055,3.9016614,0.5581335920697158,1.27331396849223,1.4032972188416855,1.27331396849223,1.4032972188416855,0.7275486,0.004842639,23.164529886097682,10.274611,0,0,0,0.0,0.0,0.0,far,0.0,0.0,0.0,0.0,0.0,0.0,0.0,0.0,0.0,0.0,1.0,0.0,0.0,0.0,0.0
40177,3,1.0425,4.0,1.0,107180.0,52.65876,53.64762,271253.53,169256.44,0,0.0,0.0,169.25644,5.1373057,11.582264943048841,3.9826448,3.9824371,0.5581335920697158,1.27331396849223,1.4032972188416855,1.27331396849223,1.4032972188416855,0.71417457,-0.013374031,34.74679482914652,15.411917,1,1,0,0.0,0.0,0.0,far,0.0,0.0,0.0,0.0,0.0,0.0,0.0,0.0,0.0,0.0,1.0,1.0,0.0,0.0,0.0
40177,4,1.0366666,4.0,1.0,107180.0,49.526966,46.482784,271253.53,169256.44,0,0.0,0.0,169.25644,5.1373057,11.582264943048841,3.9225073,3.839082,0.5581335920697158,1.27331396849223,1.4032972188416855,1.27331396849223,1.4032972188416855,0.71131444,-0.0028601289,46.329059772195365,20.549223,1,1,0,0.0,0.0,0.0,far,0.0,0.0,0.0,0.0,0.0,0.0,0.0,0.0,0.0,0.0,1.0,1.0,0.0,0.0,0.0
40177,5,1.01,4.0,1.0,107180.0,53.579933,53.786633,271253.53,169256.44,0,0.0,0.0,169.25644,5.1373057,11.582264943048841,3.9996662,3.985025,0.5581335920697158,1.27331396849223,1.4032972188416855,1.27331396849223,1.4032972188416855,0.6981347,-0.013179719,57.911324715244206,25.68653,1,0,1,0.0,0.0,0.0,far,0.0,0.0,0.0,0.0,0.0,0.0,0.0,0.0,0.0,0.0,1.0,0.0,1.0,0.0,0.0
40177,6,1.0166667,4.0,1.0,107180.0,46.71349,46.83605,271253.53,169256.44,0,0.0,0.0,169.25644,5.1373057,11.582264943048841,3.865214,3.8466532,0.5581335920697158,1.27331396849223,1.4032972188416855,1.27331396849223,1.4032972188416855,0.701446,0.0033112764,69.49358965829305,30.823833,1,0,1,0.0,0.0,0.0,far,0.0,0.0,0.0,0.0,0.0,0.0,0.0,0.0,0.0,0.0,1.0,0.0,1.0,0.0,0.0
40177,7,1.0,4.0,1.0,107180.0,50.791645,52.54304,271253.53,169256.44,0,0.0,0.0,169.25644,5.1373057,11.582264943048841,3.947229,3.9616327,0.5581335920697158,1.27331396849223,1.4032972188416855,1.27331396849223,1.4032972188416855,0.6931472,-0.008298814,81.07585460134189,35.96114,1,0,1,0.0,0.0,0.0,far,0.0,0.0,0.0,0.0,0.0,0.0,0.0,0.0,0.0,0.0,1.0,0.0,1.0,0.0,0.0
41807,1,2.98,4.0,18.0,246770.0,34.667885,36.244457,115099.86,139714.8,0,0.0,0.0,115.09986,4.754451,12.41621200770913,3.5742507,3.5902865,0.5526034339716873,1.245114414317293,1.3160263575982616,1.245114414317293,1.3160263575982616,1.3812819,,12.41621200770913,4.754451,0,0,0,0.0,0.0,0.0,mid,0.0,0.0,0.0,0.0,0.0,1.0,0.0,0.0,0.0,0.0,0.0,0.0,0.0,0.0,0.0
41807,2,2.7466667,4.0,18.0,246770.0,35.421074,34.72769,115099.86,139714.8,0,0.0,0.0,115.09986,4.754451,12.41621200770913,3.5951476,3.5475373,0.5526034339716873,1.245114414317293,1.3160263575982616,1.245114414317293,1.3160263575982616,1.3208666,-0.060415268,24.83242401541826,9.508902,0,0,0,0.0,0.0,0.0,mid,0.0,0.0,0.0,0.0,0.0,1.0,0.0,0.0,0.0,0.0,0.0,0.0,0.0,0.0,0.0
41807,3,2.9025002,4.0,18.0,246770.0,38.948006,38.21828,115099.86,139714.8,0,0.0,0.0,115.09986,4.754451,12.41621200770913,3.6875787,3.643314,0.5526034339716873,1.245114414317293,1.3160263575982616,1.245114414317293,1.3160263575982616,1.3616174,0.04075086,37.24863602312739,14.263352,1,1,0,0.0,0.0,0.0,mid,0.0,0.0,0.0,0.0,0.0,1.0,1.0,0.0,0.0,0.0,0.0,0.0,0.0,0.0,0.0
41807,4,2.32,4.0,18.0,246770.0,39.302082,37.56917,115099.86,139714.8,0,0.0,0.0,115.09986,4.754451,12.41621200770913,3.696403,3.6261837,0.5526034339716873,1.245114414317293,1.3160263575982616,1.245114414317293,1.3160263575982616,1.1999648,-0.16165268,49.66484803083652,19.017803,1,1,0,0.0,0.0,0.0,mid,0.0,0.0,0.0,0.0,0.0,1.0,1.0,0.0,0.0,0.0,0.0,0.0,0.0,0.0,0.0
41807,5,1.6333333,4.0,18.0,246770.0,43.27383,45.615875,115099.86,139714.8,0,0.0,0.0,115.09986,4.754451,12.41621200770913,3.7903938,3.8202558,0.5526034339716873,1.245114414317293,1.3160263575982616,1.245114414317293,1.3160263575982616,0.9682504,-0.23171437,62.081060038545644,23.772255,1,0,1,0.0,0.0,0.0,mid,0.0,0.0,0.0,0.0,0.0,1.0,0.0,1.0,0.0,0.0,0.0,0.0,0.0,0.0,0.0
41807,6,1.75,4.0,18.0,246770.0,34.144188,34.636864,115099.86,139714.8,0,0.0,0.0,115.09986,4.754451,12.41621200770913,3.5594592,3.5449185,0.5526034339716873,1.245114414317293,1.3160263575982616,1.245114414317293,1.3160263575982616,1.011601,0.043350577,74.49727204625478,28.526705,1,0,1,0.0,0.0,0.0,mid,0.0,0.0,0.0,0.0,0.0,1.0,0.0,1.0,0.0,0.0,0.0,0.0,0.0,0.0,0.0
41807,7,1.65,4.0,18.0,246770.0,38.508484,41.167328,115099.86,139714.8,0,0.0,0.0,115.09986,4.754451,12.41621200770913,3.6765153,3.717645,0.5526034339716873,1.245114414317293,1.3160263575982616,1.245114414317293,1.3160263575982616,0.97455966,-0.037041306,86.9134840539639,33.281155,1,0,1,0.0,0.0,0.0,mid,0.0,0.0,0.0,0.0,0.0,1.0,0.0,1.0,0.0,0.0,0.0,0.0,0.0,0.0,0.0
41823,1,4.2333336,4.0,18.0,223990.0,34.667885,36.244457,126822.66,138866.28,0,0.0,0.0,126.822655,4.8506436,12.319356686983513,3.5742507,3.5902865,0.5627046633543782,1.2971613384653287,1.3678691876506566,1.2971613384653287,1.3678691876506566,1.6550485,,12.319356686983513,4.8506436,0,0,0,0.0,0.0,0.0,mid,0.0,0.0,0.0,0.0,0.0,1.0,0.0,0.0,0.0,0.0,0.0,0.0,0.0,0.0,0.0
41823,2,4.81,4.0,18.0,223990.0,35.421074,34.72769,126822.66,138866.28,0,0.0,0.0,126.822655,4.8506436,12.319356686983513,3.5951476,3.5475373,0.5627046633543782,1.2971613384653287,1.3678691876506566,1.2971613384653287,1.3678691876506566,1.7595806,0.10453212,24.638713373967025,9.701287,0,0,0,0.0,0.0,0.0,mid,0.0,0.0,0.0,0.0,0.0,1.0,0.0,0.0,0.0,0.0,0.0,0.0,0.0,0.0,0.0
41823,3,4.5125,4.0,18.0,223990.0,38.948006,38.21828,126822.66,138866.28,0,0.0,0.0,126.822655,4.8506436,12.319356686983513,3.6875787,3.643314,0.5627046633543782,1.2971613384653287,1.3678691876506566,1.2971613384653287,1.3678691876506566,1.7070181,-0.052562475,36.95807006095054,14.551931,1,1,0,0.0,0.0,0.0,mid,0.0,0.0,0.0,0.0,0.0,1.0,1.0,0.0,0.0,0.0,0.0,0.0,0.0,0.0,0.0
41823,4,4.3733335,4.0,18.0,223990.0,39.302082,37.56917,126822.66,138866.28,0,0.0,0.0,126.822655,4.8506436,12.319356686983513,3.696403,3.6261837,0.5627046633543782,1.2971613384653287,1.3678691876506566,1.2971613384653287,1.3678691876506566,1.6814485,-0.025569677,49.27742674793405,19.402575,1,1,0,0.0,0.0,0.0,mid,0.0,0.0,0.0,0.0,0.0,1.0,1.0,0.0,0.0,0.0,0.0,0.0,0.0,0.0,0.0
41823,5,2.6733334,4.0,18.0,223990.0,43.27383,45.615875,126822.66,138866.28,0,0.0,0.0,126.822655,4.8506436,12.319356686983513,3.7903938,3.8202558,0.5627046633543782,1.2971613384653287,1.3678691876506566,1.2971613384653287,1.3678691876506566,1.3010995,-0.38034892,61.59678343491756,24.253218,1,0,1,0.0,0.0,0.0,mid,0.0,0.0,0.0,0.0,0.0,1.0,0.0,1.0,0.0,0.0,0.0,0.0,0.0,0.0,0.0
41823,6,3.1733334,4.0,18.0,223990.0,34.144188,34.636864,126822.66,138866.28,0,0.0,0.0,126.822655,4.8506436,12.319356686983513,3.5594592,3.5449185,0.5627046633543782,1.2971613384653287,1.3678691876506566,1.2971613384653287,1.3678691876506566,1.428715,0.12761545,73.91614012190108,29.103863,1,0,1,0.0,0.0,0.0,mid,0.0,0.0,0.0,0.0,0.0,1.0,0.0,1.0,0.0,0.0,0.0,0.0,0.0,0.0,0.0
41823,7,4.3900003,4.0,18.0,223990.0,38.508484,41.167328,126822.66,138866.28,0,0.0,0.0,126.822655,4.8506436,12.319356686983513,3.6765153,3.717645,0.5627046633543782,1.2971613384653287,1.3678691876506566,1.2971613384653287,1.3678691876506566,1.6845455,0.25583053,86.23549680888459,33.954506,1,0,1,0.0,0.0,0.0,mid,0.0,0.0,0.0,0.0,0.0,1.0,0.0,1.0,0.0,0.0,0.0,0.0,0.0,0.0,0.0
41831,1,2.7866666,4.0,18.0,212420.0,34.667885,36.244457,137470.27,153623.08,0,0.0,0.0,137.47026,4.9306555,12.26632072587553,3.5742507,3.5902865,0.5731802012902164,1.3537390346347091,1.4182998882179896,1.3537390346347091,1.4182998882179896,1.3314861,,12.26632072587553,4.9306555,0,0,0,0.0,0.0,0.0,far,0.0,0.0,0.0,0.0,0.0,0.0,0.0,0.0,0.0,0.0,1.0,0.0,0.0,0.0,0.0
41831,2,3.5566666,4.0,18.0,212420.0,35.421074,34.72769,137470.27,153623.08,0,0.0,0.0,137.47026,4.9306555,12.26632072587553,3.5951476,3.5475373,0.5731802012902164,1.3537390346347091,1.4182998882179896,1.3537390346347091,1.4182998882179896,1.5165913,0.1851052,24.53264145175106,9.861311,0,0,0,0.0,0.0,0.0,far,0.0,0.0,0.0,0.0,0.0,0.0,0.0,0.0,0.0,0.0,1.0,0.0,0.0,0.0,0.0
41831,3,3.625,4.0,18.0,212420.0,38.948006,38.21828,137470.27,153623.08,0,0.0,0.0,137.47026,4.9306555,12.26632072587553,3.6875787,3.643314,0.5731802012902164,1.3537390346347091,1.4182998882179896,1.3537390346347091,1.4182998882179896,1.5314764,0.014885068,36.79896217762659,14.791966,1,1,0,0.0,0.0,0.0,far,0.0,0.0,0.0,0.0,0.0,0.0,0.0,0.0,0.0,0.0,1.0,1.0,0.0,0.0,0.0
41831,4,2.9966667,4.0,18.0,212420.0,39.302082,37.56917,137470.27,153623.08,0,0.0,0.0,137.47026,4.9306555,12.26632072587553,3.696403,3.6261837,0.5731802012902164,1.3537390346347091,1.4182998882179896,1.3537390346347091,1.4182998882179896,1.3854607,-0.14601564,49.06528290350212,19.722622,1,1,0,0.0,0.0,0.0,far,0.0,0.0,0.0,0.0,0.0,0.0,0.0,0.0,0.0,0.0,1.0,1.0,0.0,0.0,0.0
41831,5,1.94,4.0,18.0,212420.0,43.27383,45.615875,137470.27,153623.08,0,0.0,0.0,137.47026,4.9306555,12.26632072587553,3.7903938,3.8202558,0.5731802012902164,1.3537390346347091,1.4182998882179896,1.3537390346347091,1.4182998882179896,1.0784096,-0.30705118,61.33160362937765,24.653278,1,0,1,0.0,0.0,0.0,far,0.0,0.0,0.0,0.0,0.0,0.0,0.0,0.0,0.0,0.0,1.0,0.0,1.0,0.0,0.0
41831,6,2.35,4.0,18.0,212420.0,34.144188,34.636864,137470.27,153623.08,0,0.0,0.0,137.47026,4.9306555,12.26632072587553,3.5594592,3.5449185,0.5731802012902164,1.3537390346347091,1.4182998882179896,1.3537390346347091,1.4182998882179896,1.2089603,0.13055074,73.59792435525318,29.583933,1,0,1,0.0,0.0,0.0,far,0.0,0.0,0.0,0.0,0.0,0.0,0.0,0.0,0.0,0.0,1.0,0.0,1.0,0.0,0.0
41831,7,2.9,4.0,18.0,212420.0,38.508484,41.167328,137470.27,153623.08,0,0.0,0.0,137.47026,4.9306555,12.26632072587553,3.6765153,3.717645,0.5731802012902164,1.3537390346347091,1.4182998882179896,1.3537390346347091,1.4182998882179896,1.3609766,0.15201628,85.86424508112871,34.514587,1,0,1,0.0,0.0,0.0,far,0.0,0.0,0.0,0.0,0.0,0.0,0.0,0.0,0.0,0.0,1.0,0.0,1.0,0.0,0.0
41855,1,2.7833333,4.0,18.0,125690.0,38.196457,38.243668,141272.52,141466.83,0,0.0,0.0,141.27252,4.9577446,11.741573836918883,3.6685863,3.643978,0.5375322179495209,1.1716862800442682,1.3008178722108625,1.1716862800442682,1.3008178722108625,1.3306055,,11.741573836918883,4.9577446,0,0,0,0.0,0.0,0.0,far,0.0,0.0,0.0,0.0,0.0,0.0,0.0,0.0,0.0,0.0,1.0,0.0,0.0,0.0,0.0
41855,2,3.0033333,4.0,18.0,125690.0,37.98751,37.882565,141272.52,141466.83,0,0.0,0.0,141.27252,4.9577446,11.741573836918883,3.6632414,3.634491,0.5375322179495209,1.1716862800442682,1.3008178722108625,1.1716862800442682,1.3008178722108625,1.3871273,0.056521773,23.483147673837767,9.915489,0,0,0,0.0,0.0,0.0,far,0.0,0.0,0.0,0.0,0.0,0.0,0.0,0.0,0.0,0.0,1.0,0.0,0.0,0.0,0.0
41855,3,3.15,4.0,18.0,125690.0,41.70678,40.35775,141272.52,141466.83,0,0.0,0.0,141.27252,4.9577446,11.741573836918883,3.7543576,3.6977835,0.5375322179495209,1.1716862800442682,1.3008178722108625,1.1716862800442682,1.3008178722108625,1.4231083,0.03598106,35.22472151075665,14.873234,1,1,0,0.0,0.0,0.0,far,0.0,0.0,0.0,0.0,0.0,0.0,0.0,0.0,0.0,0.0,1.0,1.0,0.0,0.0,0.0
41855,4,2.9533334,4.0,18.0,125690.0,39.78211,37.316048,141272.52,141466.83,0,0.0,0.0,141.27252,4.9577446,11.741573836918883,3.7082434,3.6194234,0.5375322179495209,1.1716862800442682,1.3008178722108625,1.1716862800442682,1.3008178722108625,1.3745592,-0.048549175,46.96629534767553,19.830978,1,1,0,0.0,0.0,0.0,far,0.0,0.0,0.0,0.0,0.0,0.0,0.0,0.0,0.0,0.0,1.0,1.0,0.0,0.0,0.0
41855,5,1.7066667,4.0,18.0,125690.0,44.786682,47.15845,141272.52,141466.83,0,0.0,0.0,141.27252,4.9577446,11.741573836918883,3.8239932,3.8535132,0.5375322179495209,1.1716862800442682,1.3008178722108625,1.1716862800442682,1.3008178722108625,0.9957179,-0.37884128,58.707869184594415,24.788723,1,0,1,0.0,0.0,0.0,far,0.0,0.0,0.0,0.0,0.0,0.0,0.0,0.0,0.0,0.0,1.0,0.0,1.0,0.0,0.0
41855,6,1.7166667,4.0,18.0,125690.0,35.63061,35.904755,141272.52,141466.83,0,0.0,0.0,141.27252,4.9577446,11.741573836918883,3.6008842,3.5808697,0.5375322179495209,1.1716862800442682,1.3008178722108625,1.1716862800442682,1.3008178722108625,0.9994056,0.0036877394,70.4494430215133,29.746468,1,0,1,0.0,0.0,0.0,far,0.0,0.0,0.0,0.0,0.0,0.0,0.0,0.0,0.0,0.0,1.0,0.0,1.0,0.0,0.0
41855,7,3.795,4.0,18.0,125690.0,39.459366,40.706787,141272.52,141466.83,0,0.0,0.0,141.27252,4.9577446,11.741573836918883,3.700298,3.706395,0.5375322179495209,1.1716862800442682,1.3008178722108625,1.1716862800442682,1.3008178722108625,1.5675738,0.56816816,82.19101685843218,34.704212,1,0,1,0.0,0.0,0.0,far,0.0,0.0,0.0,0.0,0.0,0.0,0.0,0.0,0.0,0.0,1.0,0.0,1.0,0.0,0.0
44104,1,5.5166664,4.0,41.0,205220.0,43.69241,42.32281,157888.19,95476.88,0,0.0,0.0,95.47688,4.5693035,12.2318378534162,3.7998037,3.7453263,0.5040322077723912,1.0244556029725984,1.117793077019987,1.0244556029725984,1.117793077019987,1.874363,,12.2318378534162,4.5693035,0,0,0,0.0,0.0,0.0,mid,0.0,0.0,0.0,0.0,0.0,1.0,0.0,0.0,0.0,0.0,0.0,0.0,0.0,0.0,0.0
44104,2,5.97,4.0,41.0,205220.0,40.949265,39.098267,157888.19,95476.88,0,0.0,0.0,95.47688,4.5693035,12.2318378534162,3.736461,3.666078,0.5040322077723912,1.0244556029725984,1.117793077019987,1.0244556029725984,1.117793077019987,1.9416152,0.06725228,24.4636757068324,9.138607,0,0,0,0.0,0.0,0.0,mid,0.0,0.0,0.0,0.0,0.0,1.0,0.0,0.0,0.0,0.0,0.0,0.0,0.0,0.0,0.0
44104,3,5.7625,4.0,41.0,205220.0,46.187134,44.564056,157888.19,95476.88,0,0.0,0.0,95.47688,4.5693035,12.2318378534162,3.8541212,3.7969277,0.5040322077723912,1.0244556029725984,1.117793077019987,1.0244556029725984,1.117793077019987,1.9113926,-0.030222654,36.6955135602486,13.707911,1,1,0,0.0,0.0,0.0,mid,0.0,0.0,0.0,0.0,0.0,1.0,1.0,0.0,0.0,0.0,0.0,0.0,0.0,0.0,0.0
44104,4,5.37,4.0,41.0,205220.0,44.055077,41.066185,157888.19,95476.88,0,0.0,0.0,95.47688,4.5693035,12.2318378534162,3.8078856,3.7151852,0.5040322077723912,1.0244556029725984,1.117793077019987,1.0244556029725984,1.117793077019987,1.8515995,-0.059793115,48.9273514136648,18.277214,1,1,0,0.0,0.0,0.0,mid,0.0,0.0,0.0,0.0,0.0,1.0,1.0,0.0,0.0,0.0,0.0,0.0,0.0,0.0,0.0
44104,5,4.483333,4.0,41.0,205220.0,49.49031,50.12929,157888.19,95476.88,0,0.0,0.0,95.47688,4.5693035,12.2318378534162,3.9217815,3.9146056,0.5040322077723912,1.0244556029725984,1.117793077019987,1.0244556029725984,1.117793077019987,1.7017132,-0.14988625,61.159189267081004,22.846518,1,0,1,0.0,0.0,0.0,mid,0.0,0.0,0.0,0.0,0.0,1.0,0.0,1.0,0.0,0.0,0.0,0.0,0.0,0.0,0.0
44104,6,6.2333336,4.0,41.0,205220.0,40.777397,39.656536,157888.19,95476.88,0,0.0,0.0,95.47688,4.5693035,12.2318378534162,3.7323554,3.680256,0.5040322077723912,1.0244556029725984,1.117793077019987,1.0244556029725984,1.117793077019987,1.9787,0.27698684,73.3910271204972,27.415821,1,0,1,0.0,0.0,0.0,mid,0.0,0.0,0.0,0.0,0.0,1.0,0.0,1.0,0.0,0.0,0.0,0.0,0.0,0.0,0.0
44104,7,6.83,4.0,41.0,205220.0,44.40044,45.07901,157888.19,95476.88,0,0.0,0.0,95.47688,4.5693035,12.2318378534162,3.8155217,3.8084168,0.5040322077723912,1.0244556029725984,1.117793077019987,1.0244556029725984,1.117793077019987,2.0579624,0.079262376,85.62286497391341,31.985125,1,0,1,0.0,0.0,0.0,mid,0.0,0.0,0.0,0.0,0.0,1.0,0.0,1.0,0.0,0.0,0.0,0.0,0.0,0.0,0.0
44109,1,2.7366667,4.0,41.0,166620.0,41.777767,40.45543,136451.78,94537.44,0,0.0,0.0,94.53744,4.5595183,12.0234710495289,3.7560186,3.7002008,0.48589150618807714,0.9527366148824582,1.054580825356569,0.9527366148824582,1.054580825356569,1.3181939,,12.0234710495289,4.5595183,0,0,0,0.0,0.0,0.0,mid,0.0,0.0,0.0,0.0,0.0,1.0,0.0,0.0,0.0,0.0,0.0,0.0,0.0,0.0,0.0
44109,2,3.79,4.0,41.0,166620.0,39.495304,37.42776,136451.78,94537.44,0,0.0,0.0,94.53744,4.5595183,12.0234710495289,3.701186,3.6224127,0.48589150618807714,0.9527366148824582,1.054580825356569,0.9527366148824582,1.054580825356569,1.5665305,0.24833655,24.0469420990578,9.119037,0,0,0,0.0,0.0,0.0,mid,0.0,0.0,0.0,0.0,0.0,1.0,0.0,0.0,0.0,0.0,0.0,0.0,0.0,0.0,0.0
44109,3,3.6375,4.0,41.0,166620.0,45.04345,43.15459,136451.78,94537.44,0,0.0,0.0,94.53744,4.5595183,12.0234710495289,3.8295856,3.7647889,0.48589150618807714,0.9527366148824582,1.054580825356569,0.9527366148824582,1.054580825356569,1.5341754,-0.03235507,36.0704131485867,13.678555,1,1,0,0.0,0.0,0.0,mid,0.0,0.0,0.0,0.0,0.0,1.0,1.0,0.0,0.0,0.0,0.0,0.0,0.0,0.0,0.0
44109,4,3.2366667,4.0,41.0,166620.0,43.320065,40.49552,136451.78,94537.44,0,0.0,0.0,94.53744,4.5595183,12.0234710495289,3.7914376,3.7011914,0.48589150618807714,0.9527366148824582,1.054580825356569,0.9527366148824582,1.054580825356569,1.4437768,-0.09039855,48.0938841981156,18.238073,1,1,0,0.0,0.0,0.0,mid,0.0,0.0,0.0,0.0,0.0,1.0,1.0,0.0,0.0,0.0,0.0,0.0,0.0,0.0,0.0
44109,5,2.5833333,4.0,41.0,166620.0,48.954193,49.299305,136451.78,94537.44,0,0.0,0.0,94.53744,4.5595183,12.0234710495289,3.9111066,3.89791,0.48589150618807714,0.9527366148824582,1.054580825356569,0.9527366148824582,1.054580825356569,1.2762935,-0.16748333,60.117355247644504,22.797592,1,0,1,0.0,0.0,0.0,mid,0.0,0.0,0.0,0.0,0.0,1.0,0.0,1.0,0.0,0.0,0.0,0.0,0.0,0.0,0.0
44109,6,3.05,4.0,41.0,166620.0,39.96666,38.498974,136451.78,94537.44,0,0.0,0.0,94.53744,4.5595183,12.0234710495289,3.7127585,3.6506317,0.48589150618807714,0.9527366148824582,1.054580825356569,0.9527366148824582,1.054580825356569,1.3987169,0.12242341,72.1408262971734,27.35711,1,0,1,0.0,0.0,0.0,mid,0.0,0.0,0.0,0.0,0.0,1.0,0.0,1.0,0.0,0.0,0.0,0.0,0.0,0.0,0.0
44109,7,3.295,4.0,41.0,166620.0,43.568123,44.05349,136451.78,94537.44,0,0.0,0.0,94.53744,4.5595183,12.0234710495289,3.797019,3.7854047,0.48589150618807714,0.9527366148824582,1.054580825356569,0.9527366148824582,1.054580825356569,1.4574516,0.058734655,84.16429734670231,31.916628,1,0,1,0.0,0.0,0.0,mid,0.0,0.0,0.0,0.0,0.0,1.0,0.0,1.0,0.0,0.0,0.0,0.0,0.0,0.0,0.0
44111,1,1.97,4.0,41.0,181490.0,40.1499,39.33259,147175.69,125074.055,0,0.0,0.0,125.07405,4.8368692,12.108955834750446,3.7172215,3.6720533,0.543880018668102,1.202021771223306,1.3009004499036192,1.202021771223306,1.3009004499036192,1.088562,,12.108955834750446,4.8368692,0,0,0,0.0,0.0,0.0,mid,0.0,0.0,0.0,0.0,0.0,1.0,0.0,0.0,0.0,0.0,0.0,0.0,0.0,0.0,0.0
44111,2,1.8433334,4.0,41.0,181490.0,38.809944,37.346222,147175.69,125074.055,0,0.0,0.0,125.07405,4.8368692,12.108955834750446,3.6841168,3.6202316,0.543880018668102,1.202021771223306,1.3009004499036192,1.202021771223306,1.3009004499036192,1.0449771,-0.043584943,24.217911669500893,9.6737385,0,0,0,0.0,0.0,0.0,mid,0.0,0.0,0.0,0.0,0.0,1.0,0.0,0.0,0.0,0.0,0.0,0.0,0.0,0.0,0.0
44111,3,2.87,4.0,41.0,181490.0,43.52678,41.67256,147175.69,125074.055,0,0.0,0.0,125.07405,4.8368692,12.108955834750446,3.7960908,3.729843,0.543880018668102,1.202021771223306,1.3009004499036192,1.202021771223306,1.3009004499036192,1.3532544,0.30827737,36.32686750425134,14.510608,1,1,0,0.0,0.0,0.0,mid,0.0,0.0,0.0,0.0,0.0,1.0,1.0,0.0,0.0,0.0,0.0,0.0,0.0,0.0,0.0
44111,4,3.2333333,4.0,41.0,181490.0,41.711903,38.91893,147175.69,125074.055,0,0.0,0.0,125.07405,4.8368692,12.108955834750446,3.7544775,3.6614807,0.543880018668102,1.202021771223306,1.3009004499036192,1.202021771223306,1.3009004499036192,1.4429898,0.08973539,48.435823339001786,19.347477,1,1,0,0.0,0.0,0.0,mid,0.0,0.0,0.0,0.0,0.0,1.0,1.0,0.0,0.0,0.0,0.0,0.0,0.0,0.0,0.0
44111,5,2.05,4.0,41.0,181490.0,47.059868,48.22588,147175.69,125074.055,0,0.0,0.0,125.07405,4.8368692,12.108955834750446,3.8724475,3.8758957,0.543880018668102,1.202021771223306,1.3009004499036192,1.202021771223306,1.3009004499036192,1.1151416,-0.3278482,60.54477917375223,24.184345,1,0,1,0.0,0.0,0.0,mid,0.0,0.0,0.0,0.0,0.0,1.0,0.0,1.0,0.0,0.0,0.0,0.0,0.0,0.0,0.0
44111,6,2.4966667,4.0,41.0,181490.0,37.99573,37.22409,147175.69,125074.055,0,0.0,0.0,125.07405,4.8368692,12.108955834750446,3.6634521,3.6169562,0.543880018668102,1.202021771223306,1.3009004499036192,1.202021771223306,1.3009004499036192,1.2518101,0.13666844,72.65373500850268,29.021215,1,0,1,0.0,0.0,0.0,mid,0.0,0.0,0.0,0.0,0.0,1.0,0.0,1.0,0.0,0.0,0.0,0.0,0.0,0.0,0.0
44111,7,2.7,4.0,41.0,181490.0,41.70051,42.477406,147175.69,125074.055,0,0.0,0.0,125.07405,4.8368692,12.108955834750446,3.7542107,3.7489724,0.543880018668102,1.202021771223306,1.3009004499036192,1.202021771223306,1.3009004499036192,1.3083328,0.056522727,84.76269084325313,33.858086,1,0,1,0.0,0.0,0.0,mid,0.0,0.0,0.0,0.0,0.0,1.0,0.0,1.0,0.0,0.0,0.0,0.0,0.0,0.0,0.0
44123,1,2.9,4.0,41.0,233590.0,42.52394,41.231907,164496.16,127074.73,0,0.0,0.0,127.07473,4.852614,12.361322720800732,3.7733111,3.7192125,0.5662981351220254,1.3162614731370255,1.3806000325707761,1.3162614731370255,1.3806000325707761,1.3609766,,12.361322720800732,4.852614,0,0,0,0.0,0.0,0.0,mid,0.0,0.0,0.0,0.0,0.0,1.0,0.0,0.0,0.0,0.0,0.0,0.0,0.0,0.0,0.0
44123,2,3.2533333,4.0,41.0,233590.0,40.076862,38.168587,164496.16,127074.73,0,0.0,0.0,127.07473,4.852614,12.361322720800732,3.715445,3.6420128,0.5662981351220254,1.3162614731370255,1.3806000325707761,1.3162614731370255,1.3806000325707761,1.4477029,0.08672631,24.722645441601465,9.705228,0,0,0,0.0,0.0,0.0,mid,0.0,0.0,0.0,0.0,0.0,1.0,0.0,0.0,0.0,0.0,0.0,0.0,0.0,0.0,0.0
44123,3,4.01,4.0,41.0,233590.0,45.429832,43.651703,164496.16,127074.73,0,0.0,0.0,127.07473,4.852614,12.361322720800732,3.8379421,3.7762423,0.5662981351220254,1.3162614731370255,1.3806000325707761,1.3162614731370255,1.3806000325707761,1.611436,0.16373312,37.0839681624022,14.557842,1,1,0,0.0,0.0,0.0,mid,0.0,0.0,0.0,0.0,0.0,1.0,1.0,0.0,0.0,0.0,0.0,0.0,0.0,0.0,0.0
44123,4,4.4933333,4.0,41.0,233590.0,43.430313,40.497917,164496.16,127074.73,0,0.0,0.0,127.07473,4.852614,12.361322720800732,3.793922,3.7012506,0.5662981351220254,1.3162614731370255,1.3806000325707761,1.3162614731370255,1.3806000325707761,1.7035353,0.09209931,49.44529088320293,19.410456,1,1,0,0.0,0.0,0.0,mid,0.0,0.0,0.0,0.0,0.0,1.0,1.0,0.0,0.0,0.0,0.0,0.0,0.0,0.0,0.0
44123,5,2.8233333,4.0,41.0,233590.0,48.97586,49.56681,164496.16,127074.73,0,0.0,0.0,127.07473,4.852614,12.361322720800732,3.91154,3.9033215,0.5662981351220254,1.3162614731370255,1.3806000325707761,1.3162614731370255,1.3806000325707761,1.3411226,-0.3624127,61.80661360400366,24.26307,1,0,1,0.0,0.0,0.0,mid,0.0,0.0,0.0,0.0,0.0,1.0,0.0,1.0,0.0,0.0,0.0,0.0,0.0,0.0,0.0
44123,6,3.7433333,4.0,41.0,233590.0,40.107212,38.863007,164496.16,127074.73,0,0.0,0.0,127.07473,4.852614,12.361322720800732,3.7161837,3.6600428,0.5662981351220254,1.3162614731370255,1.3806000325707761,1.3162614731370255,1.3806000325707761,1.5567402,0.21561754,74.1679363248044,29.115685,1,0,1,0.0,0.0,0.0,mid,0.0,0.0,0.0,0.0,0.0,1.0,0.0,1.0,0.0,0.0,0.0,0.0,0.0,0.0,0.0
44123,7,4.075,4.0,41.0,233590.0,43.729164,44.31629,164496.16,127074.73,0,0.0,0.0,127.07473,4.852614,12.361322720800732,3.8006258,3.7913523,0.5662981351220254,1.3162614731370255,1.3806000325707761,1.3162614731370255,1.3806000325707761,1.6243265,0.0675863,86.52925904560513,33.968296,1,0,1,0.0,0.0,0.0,mid,0.0,0.0,0.0,0.0,0.0,1.0,0.0,1.0,0.0,0.0,0.0,0.0,0.0,0.0,0.0
44138,1,2.2566667,4.0,41.0,197980.0,45.88173,45.07058,177467.92,119250.9,0,0.0,0.0,119.2509,4.7895803,12.195921294473798,3.847628,3.8082297,0.5419456167962481,1.1926883924631004,1.2858621449928682,1.1926883924631004,1.2858621449928682,1.1807042,,12.195921294473798,4.7895803,0,0,0,0.0,0.0,0.0,mid,0.0,0.0,0.0,0.0,0.0,1.0,0.0,0.0,0.0,0.0,0.0,0.0,0.0,0.0,0.0
44138,2,2.6866665,4.0,41.0,197980.0,42.69386,42.38921,177467.92,119250.9,0,0.0,0.0,119.2509,4.7895803,12.195921294473798,3.7772076,3.746894,0.5419456167962481,1.1926883924631004,1.2858621449928682,1.1926883924631004,1.2858621449928682,1.3047227,0.12401843,24.391842588947597,9.579161,0,0,0,0.0,0.0,0.0,mid,0.0,0.0,0.0,0.0,0.0,1.0,0.0,0.0,0.0,0.0,0.0,0.0,0.0,0.0,0.0
44138,3,3.2875,4.0,41.0,197980.0,47.168545,46.27552,177467.92,119250.9,0,0.0,0.0,119.2509,4.7895803,12.195921294473798,3.8747063,3.834613,0.5419456167962481,1.1926883924631004,1.2858621449928682,1.1926883924631004,1.2858621449928682,1.4557039,0.15098119,36.587763883421395,14.368741,1,1,0,0.0,0.0,0.0,mid,0.0,0.0,0.0,0.0,0.0,1.0,1.0,0.0,0.0,0.0,0.0,0.0,0.0,0.0,0.0
44138,4,2.7833333,4.0,41.0,197980.0,43.926434,41.027725,177467.92,119250.9,0,0.0,0.0,119.2509,4.7895803,12.195921294473798,3.8050263,3.7142482,0.5419456167962481,1.1926883924631004,1.2858621449928682,1.1926883924631004,1.2858621449928682,1.3306055,-0.12509835,48.783685177895194,19.158321,1,1,0,0.0,0.0,0.0,mid,0.0,0.0,0.0,0.0,0.0,1.0,1.0,0.0,0.0,0.0,0.0,0.0,0.0,0.0,0.0
44138,5,1.8766667,4.0,41.0,197980.0,49.073376,50.89256,177467.92,119250.9,0,0.0,0.0,119.2509,4.7895803,12.195921294473798,3.9134893,3.9297168,0.5419456167962481,1.1926883924631004,1.2858621449928682,1.1926883924631004,1.2858621449928682,1.0566323,-0.27397323,60.97960647236899,23.947903,1,0,1,0.0,0.0,0.0,mid,0.0,0.0,0.0,0.0,0.0,1.0,0.0,1.0,0.0,0.0,0.0,0.0,0.0,0.0,0.0
44138,6,2.8133333,4.0,41.0,197980.0,40.739697,40.565575,177467.92,119250.9,0,0.0,0.0,119.2509,4.7895803,12.195921294473798,3.7314527,3.7029197,0.5419456167962481,1.1926883924631004,1.2858621449928682,1.1926883924631004,1.2858621449928682,1.3385037,0.28187144,73.17552776684279,28.737482,1,0,1,0.0,0.0,0.0,mid,0.0,0.0,0.0,0.0,0.0,1.0,0.0,1.0,0.0,0.0,0.0,0.0,0.0,0.0,0.0
44138,7,2.7350001,4.0,41.0,197980.0,44.453827,45.58618,177467.92,119250.9,0,0.0,0.0,119.2509,4.7895803,12.195921294473798,3.8166971,3.8196046,0.5419456167962481,1.1926883924631004,1.2858621449928682,1.1926883924631004,1.2858621449928682,1.3177478,-0.020755887,85.37144906131658,33.52706,1,0,1,0.0,0.0,0.0,mid,0.0,0.0,0.0,0.0,0.0,1.0,0.0,1.0,0.0,0.0,0.0,0.0,0.0,0.0,0.0
44147,1,9.543333,4.0,41.0,531190.0,41.777767,40.45543,146542.02,107600.9,0,0.0,0.0,107.6009,4.68768,13.182875051665958,3.7560186,3.7002008,0.5991786117625234,1.5069323021839152,1.4657437846385473,1.5069323021839152,1.4657437846385473,2.3554938,,13.182875051665958,4.68768,0,0,0,0.0,0.0,0.0,mid,0.0,0.0,0.0,0.0,0.0,1.0,0.0,0.0,0.0,0.0,0.0,0.0,0.0,0.0,0.0
44147,2,10.163333,4.0,41.0,531190.0,39.495304,37.42776,146542.02,107600.9,0,0.0,0.0,107.6009,4.68768,13.182875051665958,3.701186,3.6224127,0.5991786117625234,1.5069323021839152,1.4657437846385473,1.5069323021839152,1.4657437846385473,2.4126346,0.057140827,26.365750103331916,9.37536,0,0,0,0.0,0.0,0.0,mid,0.0,0.0,0.0,0.0,0.0,1.0,0.0,0.0,0.0,0.0,0.0,0.0,0.0,0.0,0.0
44147,3,9.09,4.0,41.0,531190.0,45.04345,43.15459,146542.02,107600.9,0,0.0,0.0,107.6009,4.68768,13.182875051665958,3.8295856,3.7647889,0.5991786117625234,1.5069323021839152,1.4657437846385473,1.5069323021839152,1.4657437846385473,2.311545,-0.101089716,39.54862515499787,14.06304,1,1,0,0.0,0.0,0.0,mid,0.0,0.0,0.0,0.0,0.0,1.0,1.0,0.0,0.0,0.0,0.0,0.0,0.0,0.0,0.0
44147,4,8.956667,4.0,41.0,531190.0,43.320065,40.49552,146542.02,107600.9,0,0.0,0.0,107.6009,4.68768,13.182875051665958,3.7914376,3.7011914,0.5991786117625234,1.5069323021839152,1.4657437846385473,1.5069323021839152,1.4657437846385473,2.2982423,-0.013302565,52.73150020666383,18.75072,1,1,0,0.0,0.0,0.0,mid,0.0,0.0,0.0,0.0,0.0,1.0,1.0,0.0,0.0,0.0,0.0,0.0,0.0,0.0,0.0
44147,5,6.89,4.0,41.0,531190.0,48.954193,49.299305,146542.02,107600.9,0,0.0,0.0,107.6009,4.68768,13.182875051665958,3.9111066,3.89791,0.5991786117625234,1.5069323021839152,1.4657437846385473,1.5069323021839152,1.4657437846385473,2.065596,-0.23264623,65.91437525832978,23.438398,1,0,1,0.0,0.0,0.0,mid,0.0,0.0,0.0,0.0,0.0,1.0,0.0,1.0,0.0,0.0,0.0,0.0,0.0,0.0,0.0
44147,6,8.956667,4.0,41.0,531190.0,39.96666,38.498974,146542.02,107600.9,0,0.0,0.0,107.6009,4.68768,13.182875051665958,3.7127585,3.6506317,0.5991786117625234,1.5069323021839152,1.4657437846385473,1.5069323021839152,1.4657437846385473,2.2982423,0.23264623,79.09725030999574,28.12608,1,0,1,0.0,0.0,0.0,mid,0.0,0.0,0.0,0.0,0.0,1.0,0.0,1.0,0.0,0.0,0.0,0.0,0.0,0.0,0.0
44147,7,9.395,4.0,41.0,531190.0,43.568123,44.05349,146542.02,107600.9,0,0.0,0.0,107.6009,4.68768,13.182875051665958,3.797019,3.7854047,0.5991786117625234,1.5069323021839152,1.4657437846385473,1.5069323021839152,1.4657437846385473,2.341325,0.043082714,92.2801253616617,32.81376,1,0,1,0.0,0.0,0.0,mid,0.0,0.0,0.0,0.0,0.0,1.0,0.0,1.0,0.0,0.0,0.0,0.0,0.0,0.0,0.0
44161,1,2.74,4.0,41.0,327800.0,43.41935,42.20271,164599.56,113953.89,0,0.0,0.0,113.95389,4.744531,12.700158945291866,3.7936752,3.7424843,0.5726959837246213,1.3510626573431188,1.3834179611439068,1.3510626573431188,1.3834179611439068,1.3190856,,12.700158945291866,4.744531,0,0,0,0.0,0.0,0.0,mid,0.0,0.0,0.0,0.0,0.0,1.0,0.0,0.0,0.0,0.0,0.0,0.0,0.0,0.0,0.0
44161,2,3.25,4.0,41.0,327800.0,40.774727,39.15843,164599.56,113953.89,0,0.0,0.0,113.95389,4.744531,12.700158945291866,3.7322915,3.6676157,0.5726959837246213,1.3510626573431188,1.3834179611439068,1.3510626573431188,1.3834179611439068,1.446919,0.12783337,25.400317890583732,9.489062,0,0,0,0.0,0.0,0.0,mid,0.0,0.0,0.0,0.0,0.0,1.0,0.0,0.0,0.0,0.0,0.0,0.0,0.0,0.0,0.0
44161,3,3.9450002,4.0,41.0,327800.0,45.893486,44.29099,164599.56,113953.89,0,0.0,0.0,113.95389,4.744531,12.700158945291866,3.8478787,3.7907813,0.5726959837246213,1.3510626573431188,1.3834179611439068,1.3510626573431188,1.3834179611439068,1.598377,0.15145802,38.1004768358756,14.233593,1,1,0,0.0,0.0,0.0,mid,0.0,0.0,0.0,0.0,0.0,1.0,1.0,0.0,0.0,0.0,0.0,0.0,0.0,0.0,0.0
44161,4,3.6066666,4.0,41.0,327800.0,43.56261,40.557026,164599.56,113953.89,0,0.0,0.0,113.95389,4.744531,12.700158945291866,3.7968953,3.702709,0.5726959837246213,1.3510626573431188,1.3834179611439068,1.3510626573431188,1.3834179611439068,1.5275046,-0.070872426,50.800635781167465,18.978125,1,1,0,0.0,0.0,0.0,mid,0.0,0.0,0.0,0.0,0.0,1.0,1.0,0.0,0.0,0.0,0.0,0.0,0.0,0.0,0.0
44161,5,2.2733333,4.0,41.0,327800.0,49.001865,49.90104,164599.56,113953.89,0,0.0,0.0,113.95389,4.744531,12.700158945291866,3.9120603,3.9100418,0.5726959837246213,1.3510626573431188,1.3834179611439068,1.3510626573431188,1.3834179611439068,1.1858088,-0.3416958,63.50079472645933,23.722656,1,0,1,0.0,0.0,0.0,mid,0.0,0.0,0.0,0.0,0.0,1.0,0.0,1.0,0.0,0.0,0.0,0.0,0.0,0.0,0.0
44161,6,3.8633332,4.0,41.0,327800.0,40.275875,39.306934,164599.56,113953.89,0,0.0,0.0,113.95389,4.744531,12.700158945291866,3.7202783,3.671401,0.5726959837246213,1.3510626573431188,1.3834179611439068,1.3510626573431188,1.3834179611439068,1.581724,0.39591527,76.2009536717512,28.467186,1,0,1,0.0,0.0,0.0,mid,0.0,0.0,0.0,0.0,0.0,1.0,0.0,1.0,0.0,0.0,0.0,0.0,0.0,0.0,0.0
44161,7,3.73,4.0,41.0,327800.0,43.92241,44.64115,164599.56,113953.89,0,0.0,0.0,113.95389,4.744531,12.700158945291866,3.8049366,3.798656,0.5726959837246213,1.3510626573431188,1.3834179611439068,1.3510626573431188,1.3834179611439068,1.5539252,-0.027798891,88.90111261704307,33.21172,1,0,1,0.0,0.0,0.0,mid,0.0,0.0,0.0,0.0,0.0,1.0,0.0,1.0,0.0,0.0,0.0,0.0,0.0,0.0,0.0
44190,1,3.1133335,4.0,41.0,260720.0,40.647694,40.616142,172156.45,138838.48,0,0.0,0.0,138.83849,4.940488,12.471202313511442,3.7292461,3.7041657,0.5905788344991761,1.4541054962490987,1.4806248559311848,1.4541054962490987,1.4806248559311848,1.4142338,,12.471202313511442,4.940488,0,0,0,0.0,0.0,0.0,far,0.0,0.0,0.0,0.0,0.0,0.0,0.0,0.0,0.0,0.0,1.0,0.0,0.0,0.0,0.0
44190,2,3.7533333,4.0,41.0,260720.0,40.39028,41.00441,172156.45,138838.48,0,0.0,0.0,138.83849,4.940488,12.471202313511442,3.723046,3.7136796,0.5905788344991761,1.4541054962490987,1.4806248559311848,1.4541054962490987,1.4806248559311848,1.5588461,0.14461231,24.942404627022885,9.880976,0,0,0,0.0,0.0,0.0,far,0.0,0.0,0.0,0.0,0.0,0.0,0.0,0.0,0.0,0.0,1.0,0.0,0.0,0.0,0.0
44190,3,3.96,4.0,41.0,260720.0,43.67819,42.275238,172156.45,138838.48,0,0.0,0.0,138.83849,4.940488,12.471202313511442,3.7994854,3.7442017,0.5905788344991761,1.4541054962490987,1.4806248559311848,1.4541054962490987,1.4806248559311848,1.6014057,0.042559624,37.41360694053433,14.821464,1,1,0,0.0,0.0,0.0,far,0.0,0.0,0.0,0.0,0.0,0.0,0.0,0.0,0.0,0.0,1.0,1.0,0.0,0.0,0.0
44190,4,4.0533333,4.0,41.0,260720.0,41.24503,38.3932,172156.45,138838.48,0,0.0,0.0,138.83849,4.940488,12.471202313511442,3.7434866,3.6478803,0.5905788344991761,1.4541054962490987,1.4806248559311848,1.4541054962490987,1.4806248559311848,1.620048,0.018642306,49.88480925404577,19.761951,1,1,0,0.0,0.0,0.0,far,0.0,0.0,0.0,0.0,0.0,0.0,0.0,0.0,0.0,0.0,1.0,1.0,0.0,0.0,0.0
44190,5,3.1466665,4.0,41.0,260720.0,46.07412,48.654278,172156.45,138838.48,0,0.0,0.0,138.83849,4.940488,12.471202313511442,3.8517234,3.8847399,0.5905788344991761,1.4541054962490987,1.4806248559311848,1.4541054962490987,1.4806248559311848,1.4223047,-0.1977433,62.35601156755721,24.702438,1,0,1,0.0,0.0,0.0,far,0.0,0.0,0.0,0.0,0.0,0.0,0.0,0.0,0.0,0.0,1.0,0.0,1.0,0.0,0.0
44190,6,4.1933336,4.0,41.0,260720.0,36.933388,37.317844,172156.45,138838.48,0,0.0,0.0,138.83849,4.940488,12.471202313511442,3.6358316,3.6194715,0.5905788344991761,1.4541054962490987,1.4806248559311848,1.4541054962490987,1.4806248559311848,1.6473758,0.22507107,74.82721388106866,29.642927,1,0,1,0.0,0.0,0.0,far,0.0,0.0,0.0,0.0,0.0,0.0,0.0,0.0,0.0,0.0,1.0,0.0,1.0,0.0,0.0
44190,7,5.16,4.0,41.0,260720.0,40.78936,41.89344,172156.45,138838.48,0,0.0,0.0,138.83849,4.940488,12.471202313511442,3.7326417,3.7351294,0.5905788344991761,1.4541054962490987,1.4806248559311848,1.4541054962490987,1.4806248559311848,1.8180767,0.17070091,87.2984161945801,34.583416,1,0,1,0.0,0.0,0.0,far,0.0,0.0,0.0,0.0,0.0,0.0,0.0,0.0,0.0,0.0,1.0,0.0,1.0,0.0,0.0
44414,1,1.9466666,4.0,44.0,162790.0,39.27053,39.142467,109690.13,120556.79,0,0.0,0.0,109.69013,4.7067347,12.000216305602555,3.69562,3.667208,0.5113489562740424,1.0548892605426679,1.167104343274139,1.0548892605426679,1.167104343274139,1.0806746,,12.000216305602555,4.7067347,0,0,0,0.0,0.0,0.0,mid,0.0,0.0,0.0,0.0,0.0,1.0,0.0,0.0,0.0,0.0,0.0,0.0,0.0,0.0,0.0
44414,2,2.5333333,4.0,44.0,162790.0,38.919743,36.779255,109690.13,120556.79,0,0.0,0.0,109.69013,4.7067347,12.000216305602555,3.686871,3.604934,0.5113489562740424,1.0548892605426679,1.167104343274139,1.0548892605426679,1.167104343274139,1.2622417,0.18156707,24.00043261120511,9.413469,0,0,0,0.0,0.0,0.0,mid,0.0,0.0,0.0,0.0,0.0,1.0,0.0,0.0,0.0,0.0,0.0,0.0,0.0,0.0,0.0
44414,3,2.535,4.0,44.0,162790.0,43.921387,42.032352,109690.13,120556.79,0,0.0,0.0,109.69013,4.7067347,12.000216305602555,3.804914,3.7384396,0.5113489562740424,1.0548892605426679,1.167104343274139,1.0548892605426679,1.167104343274139,1.2627133,0.00047159195,36.00064891680766,14.120204,1,1,0,0.0,0.0,0.0,mid,0.0,0.0,0.0,0.0,0.0,1.0,1.0,0.0,0.0,0.0,0.0,0.0,0.0,0.0,0.0
44414,4,2.4966667,4.0,44.0,162790.0,44.64624,41.14703,109690.13,120556.79,0,0.0,0.0,109.69013,4.7067347,12.000216305602555,3.8209212,3.7171516,0.5113489562740424,1.0548892605426679,1.167104343274139,1.0548892605426679,1.167104343274139,1.2518101,-0.010903239,48.00086522241022,18.826939,1,1,0,0.0,0.0,0.0,mid,0.0,0.0,0.0,0.0,0.0,1.0,1.0,0.0,0.0,0.0,0.0,0.0,0.0,0.0,0.0
44414,5,1.8933333,4.0,44.0,162790.0,49.068954,48.644524,109690.13,120556.79,0,0.0,0.0,109.69013,4.7067347,12.000216305602555,3.9134011,3.8845391,0.5113489562740424,1.0548892605426679,1.167104343274139,1.0548892605426679,1.167104343274139,1.0624092,-0.18940091,60.001081528012776,23.533672,1,0,1,0.0,0.0,0.0,mid,0.0,0.0,0.0,0.0,0.0,1.0,0.0,1.0,0.0,0.0,0.0,0.0,0.0,0.0,0.0
44414,6,2.16,4.0,44.0,162790.0,39.717804,38.026253,109690.13,120556.79,0,0.0,0.0,109.69013,4.7067347,12.000216305602555,3.7066655,3.6382768,0.5113489562740424,1.0548892605426679,1.167104343274139,1.0548892605426679,1.167104343274139,1.1505721,0.0881629,72.00129783361533,28.240408,1,0,1,0.0,0.0,0.0,mid,0.0,0.0,0.0,0.0,0.0,1.0,0.0,1.0,0.0,0.0,0.0,0.0,0.0,0.0,0.0
44414,7,2.13,4.0,44.0,162790.0,43.8238,45.13978,109690.13,120556.79,0,0.0,0.0,109.69013,4.7067347,12.000216305602555,3.8027391,3.809764,0.5113489562740424,1.0548892605426679,1.167104343274139,1.0548892605426679,1.167104343274139,1.141033,-0.009539008,84.00151413921789,32.947144,1,0,1,0.0,0.0,0.0,mid,0.0,0.0,0.0,0.0,0.0,1.0,0.0,1.0,0.0,0.0,0.0,0.0,0.0,0.0,0.0
44419,1,3.3133333,4.0,44.0,214790.0,40.165974,39.500233,116427.12,110660.47,0,0.0,0.0,110.66047,4.7154627,12.27741608559831,3.717612,3.6763065,0.5346387658310133,1.1581333579357715,1.2477398073384904,1.1581333579357715,1.2477398073384904,1.461711,,12.27741608559831,4.7154627,0,0,0,0.0,0.0,0.0,mid,0.0,0.0,0.0,0.0,0.0,1.0,0.0,0.0,0.0,0.0,0.0,0.0,0.0,0.0,0.0
44419,2,3.92,4.0,44.0,214790.0,39.1253,36.81172,116427.12,110660.47,0,0.0,0.0,110.66047,4.7154627,12.27741608559831,3.692007,3.6058164,0.5346387658310133,1.1581333579357715,1.2477398073384904,1.1581333579357715,1.2477398073384904,1.5933086,0.13159752,24.55483217119662,9.430925,0,0,0,0.0,0.0,0.0,mid,0.0,0.0,0.0,0.0,0.0,1.0,0.0,0.0,0.0,0.0,0.0,0.0,0.0,0.0,0.0
44419,3,3.6025,4.0,44.0,214790.0,44.322124,42.336075,116427.12,110660.47,0,0.0,0.0,110.66047,4.7154627,12.27741608559831,3.8137953,3.7456396,0.5346387658310133,1.1581333579357715,1.2477398073384904,1.1581333579357715,1.2477398073384904,1.5265996,-0.06670892,36.83224825679493,14.146388,1,1,0,0.0,0.0,0.0,mid,0.0,0.0,0.0,0.0,0.0,1.0,1.0,0.0,0.0,0.0,0.0,0.0,0.0,0.0,0.0
44419,4,3.7133334,4.0,44.0,214790.0,44.172607,40.85424,116427.12,110660.47,0,0.0,0.0,110.66047,4.7154627,12.27741608559831,3.8104908,3.7100105,0.5346387658310133,1.1581333579357715,1.2477398073384904,1.1581333579357715,1.2477398073384904,1.5503954,0.023795724,49.10966434239324,18.86185,1,1,0,0.0,0.0,0.0,mid,0.0,0.0,0.0,0.0,0.0,1.0,1.0,0.0,0.0,0.0,0.0,0.0,0.0,0.0,0.0
44419,5,2.73,4.0,44.0,214790.0,49.02797,48.82163,116427.12,110660.47,0,0.0,0.0,110.66047,4.7154627,12.27741608559831,3.9125822,3.8881733,0.5346387658310133,1.1581333579357715,1.2477398073384904,1.1581333579357715,1.2477398073384904,1.3164083,-0.2339871,61.38708042799155,23.577312,1,0,1,0.0,0.0,0.0,mid,0.0,0.0,0.0,0.0,0.0,1.0,0.0,1.0,0.0,0.0,0.0,0.0,0.0,0.0,0.0
44419,6,3.48,4.0,44.0,214790.0,39.806683,38.16863,116427.12,110660.47,0,0.0,0.0,110.66047,4.7154627,12.27741608559831,3.7088459,3.642014,0.5346387658310133,1.1581333579357715,1.2477398073384904,1.1581333579357715,1.2477398073384904,1.4996231,0.18321478,73.66449651358985,28.292776,1,0,1,0.0,0.0,0.0,mid,0.0,0.0,0.0,0.0,0.0,1.0,0.0,1.0,0.0,0.0,0.0,0.0,0.0,0.0,0.0
44419,7,3.755,4.0,44.0,214790.0,43.73249,44.712357,116427.12,110660.47,0,0.0,0.0,110.66047,4.7154627,12.27741608559831,3.8007002,3.8002498,0.5346387658310133,1.1581333579357715,1.2477398073384904,1.1581333579357715,1.2477398073384904,1.5591967,0.05957365,85.94191259918817,33.00824,1,0,1,0.0,0.0,0.0,mid,0.0,0.0,0.0,0.0,0.0,1.0,0.0,1.0,0.0,0.0,0.0,0.0,0.0,0.0,0.0
44433,1,2.4233334,4.0,44.0,218130.0,41.777767,40.45543,130613.7,110833.62,0,0.0,0.0,110.83362,4.7170124,12.292846494312212,3.7560186,3.7002008,0.5361278721872048,1.165087211874459,1.253086185284436,1.165087211874459,1.253086185284436,1.2306148,,12.292846494312212,4.7170124,0,0,0,0.0,0.0,0.0,mid,0.0,0.0,0.0,0.0,0.0,1.0,0.0,0.0,0.0,0.0,0.0,0.0,0.0,0.0,0.0
44433,2,2.5166667,4.0,44.0,218130.0,39.495304,37.42776,130613.7,110833.62,0,0.0,0.0,110.83362,4.7170124,12.292846494312212,3.701186,3.6224127,0.5361278721872048,1.165087211874459,1.253086185284436,1.165087211874459,1.253086185284436,1.2575135,0.026898742,24.585692988624423,9.434025,0,0,0,0.0,0.0,0.0,mid,0.0,0.0,0.0,0.0,0.0,1.0,0.0,0.0,0.0,0.0,0.0,0.0,0.0,0.0,0.0
44433,3,2.74,4.0,44.0,218130.0,45.04345,43.15459,130613.7,110833.62,0,0.0,0.0,110.83362,4.7170124,12.292846494312212,3.8295856,3.7647889,0.5361278721872048,1.165087211874459,1.253086185284436,1.165087211874459,1.253086185284436,1.3190856,0.061572075,36.87853948293663,14.151037,1,1,0,0.0,0.0,0.0,mid,0.0,0.0,0.0,0.0,0.0,1.0,1.0,0.0,0.0,0.0,0.0,0.0,0.0,0.0,0.0
44433,4,2.6833334,4.0,44.0,218130.0,43.320065,40.49552,130613.7,110833.62,0,0.0,0.0,110.83362,4.7170124,12.292846494312212,3.7914376,3.7011914,0.5361278721872048,1.165087211874459,1.253086185284436,1.165087211874459,1.253086185284436,1.3038181,-0.015267491,49.171385977248846,18.86805,1,1,0,0.0,0.0,0.0,mid,0.0,0.0,0.0,0.0,0.0,1.0,1.0,0.0,0.0,0.0,0.0,0.0,0.0,0.0,0.0
44433,5,1.9533333,4.0,44.0,218130.0,48.954193,49.299305,130613.7,110833.62,0,0.0,0.0,110.83362,4.7170124,12.292846494312212,3.9111066,3.89791,0.5361278721872048,1.165087211874459,1.253086185284436,1.165087211874459,1.253086185284436,1.0829345,-0.22088361,61.46423247156106,23.585062,1,0,1,0.0,0.0,0.0,mid,0.0,0.0,0.0,0.0,0.0,1.0,0.0,1.0,0.0,0.0,0.0,0.0,0.0,0.0,0.0
44433,6,2.07,4.0,44.0,218130.0,39.96666,38.498974,130613.7,110833.62,0,0.0,0.0,110.83362,4.7170124,12.292846494312212,3.7127585,3.6506317,0.5361278721872048,1.165087211874459,1.253086185284436,1.165087211874459,1.253086185284436,1.1216775,0.03874302,73.75707896587326,28.302074,1,0,1,0.0,0.0,0.0,mid,0.0,0.0,0.0,0.0,0.0,1.0,0.0,1.0,0.0,0.0,0.0,0.0,0.0,0.0,0.0
44433,7,2.465,4.0,44.0,218130.0,43.568123,44.05349,130613.7,110833.62,0,0.0,0.0,110.83362,4.7170124,12.292846494312212,3.797019,3.7854047,0.5361278721872048,1.165087211874459,1.253086185284436,1.165087211874459,1.253086185284436,1.2427126,0.1210351,86.04992546018548,33.01909,1,0,1,0.0,0.0,0.0,mid,0.0,0.0,0.0,0.0,0.0,1.0,0.0,1.0,0.0,0.0,0.0,0.0,0.0,0.0,0.0
44442,1,2.33,4.0,44.0,107440.0,39.73884,39.09152,131487.58,126159.85,0,0.0,0.0,126.15985,4.845445,11.584687831197119,3.707182,3.6659055,0.5044926728515927,1.0263443833928738,1.1686187283441423,1.0263443833928738,1.1686187283441423,1.2029723,,11.584687831197119,4.845445,0,0,0,0.0,0.0,0.0,mid,0.0,0.0,0.0,0.0,0.0,1.0,0.0,0.0,0.0,0.0,0.0,0.0,0.0,0.0,0.0
44442,2,2.5166667,4.0,44.0,107440.0,38.482475,36.874825,131487.58,126159.85,0,0.0,0.0,126.15985,4.845445,11.584687831197119,3.6758568,3.6075292,0.5044926728515927,1.0263443833928738,1.1686187283441423,1.0263443833928738,1.1686187283441423,1.2575135,0.05454123,23.169375662394238,9.69089,0,0,0,0.0,0.0,0.0,mid,0.0,0.0,0.0,0.0,0.0,1.0,0.0,0.0,0.0,0.0,0.0,0.0,0.0,0.0,0.0
44442,3,2.7875,4.0,44.0,107440.0,43.219337,41.403214,131487.58,126159.85,0,0.0,0.0,126.15985,4.845445,11.584687831197119,3.7891622,3.7233586,0.5044926728515927,1.0263443833928738,1.1686187283441423,1.0263443833928738,1.1686187283441423,1.3317062,0.07419264,34.75406349359136,14.536335,1,1,0,0.0,0.0,0.0,mid,0.0,0.0,0.0,0.0,0.0,1.0,1.0,0.0,0.0,0.0,0.0,0.0,0.0,0.0,0.0
44442,4,2.7666667,4.0,44.0,107440.0,41.73522,39.0114,131487.58,126159.85,0,0.0,0.0,126.15985,4.845445,11.584687831197119,3.7550235,3.663854,0.5044926728515927,1.0263443833928738,1.1686187283441423,1.0263443833928738,1.1686187283441423,1.3261905,-0.0055156946,46.338751324788475,19.38178,1,1,0,0.0,0.0,0.0,mid,0.0,0.0,0.0,0.0,0.0,1.0,1.0,0.0,0.0,0.0,0.0,0.0,0.0,0.0,0.0
44442,5,2.0966668,4.0,44.0,107440.0,46.951996,48.05205,131487.58,126159.85,0,0.0,0.0,126.15985,4.845445,11.584687831197119,3.8702004,3.872285,0.5044926728515927,1.0263443833928738,1.1686187283441423,1.0263443833928738,1.1686187283441423,1.1303263,-0.1958642,57.92343915598559,24.227226,1,0,1,0.0,0.0,0.0,mid,0.0,0.0,0.0,0.0,0.0,1.0,0.0,1.0,0.0,0.0,0.0,0.0,0.0,0.0,0.0
44442,6,2.4633334,4.0,44.0,107440.0,37.896008,37.114452,131487.58,126159.85,0,0.0,0.0,126.15985,4.845445,11.584687831197119,3.6608915,3.6140065,0.5044926728515927,1.0263443833928738,1.1686187283441423,1.0263443833928738,1.1686187283441423,1.2422315,0.11190522,69.50812698718272,29.07267,1,0,1,0.0,0.0,0.0,mid,0.0,0.0,0.0,0.0,0.0,1.0,0.0,1.0,0.0,0.0,0.0,0.0,0.0,0.0,0.0
44442,7,2.975,4.0,44.0,107440.0,41.671387,42.606354,131487.58,126159.85,0,0.0,0.0,126.15985,4.845445,11.584687831197119,3.7535286,3.7520034,0.5044926728515927,1.0263443833928738,1.1686187283441423,1.0263443833928738,1.1686187283441423,1.3800247,0.13779318,81.09281481837984,33.918118,1,0,1,0.0,0.0,0.0,mid,0.0,0.0,0.0,0.0,0.0,1.0,0.0,1.0,0.0,0.0,0.0,0.0,0.0,0.0,0.0
44471,1,1.74,4.0,44.0,244880.0,38.196457,38.243668,151154.47,140778.11,0,0.0,0.0,140.7781,4.954263,12.408523573619295,3.6685863,3.643978,0.5882950205008431,1.4404473220210738,1.4750900801692919,1.4404473220210738,1.4750900801692919,1.0079579,,12.408523573619295,4.954263,0,0,0,0.0,0.0,0.0,far,0.0,0.0,0.0,0.0,0.0,0.0,0.0,0.0,0.0,0.0,1.0,0.0,0.0,0.0,0.0
44471,2,1.7900001,4.0,44.0,244880.0,37.98751,37.882565,151154.47,140778.11,0,0.0,0.0,140.7781,4.954263,12.408523573619295,3.6632414,3.634491,0.5882950205008431,1.4404473220210738,1.4750900801692919,1.4404473220210738,1.4750900801692919,1.0260416,0.018083692,24.81704714723859,9.908526,0,0,0,0.0,0.0,0.0,far,0.0,0.0,0.0,0.0,0.0,0.0,0.0,0.0,0.0,0.0,1.0,0.0,0.0,0.0,0.0
44471,3,2.0425,4.0,44.0,244880.0,41.70678,40.35775,151154.47,140778.11,0,0.0,0.0,140.7781,4.954263,12.408523573619295,3.7543576,3.6977835,0.5882950205008431,1.4404473220210738,1.4750900801692919,1.4404473220210738,1.4750900801692919,1.1126796,0.086637974,37.22557072085789,14.862789,1,1,0,0.0,0.0,0.0,far,0.0,0.0,0.0,0.0,0.0,0.0,0.0,0.0,0.0,0.0,1.0,1.0,0.0,0.0,0.0
44471,4,2.51,4.0,44.0,244880.0,39.78211,37.316048,151154.47,140778.11,0,0.0,0.0,140.7781,4.954263,12.408523573619295,3.7082434,3.6194234,0.5882950205008431,1.4404473220210738,1.4750900801692919,1.4404473220210738,1.4750900801692919,1.2556161,0.14293647,49.63409429447718,19.817053,1,1,0,0.0,0.0,0.0,far,0.0,0.0,0.0,0.0,0.0,0.0,0.0,0.0,0.0,0.0,1.0,1.0,0.0,0.0,0.0
44471,5,1.9300001,4.0,44.0,244880.0,44.786682,47.15845,151154.47,140778.11,0,0.0,0.0,140.7781,4.954263,12.408523573619295,3.8239932,3.8535132,0.5882950205008431,1.4404473220210738,1.4750900801692919,1.4404473220210738,1.4750900801692919,1.0750024,-0.18061364,62.04261786809647,24.771317,1,0,1,0.0,0.0,0.0,far,0.0,0.0,0.0,0.0,0.0,0.0,0.0,0.0,0.0,0.0,1.0,0.0,1.0,0.0,0.0
44471,6,2.1133332,4.0,44.0,244880.0,35.63061,35.904755,151154.47,140778.11,0,0.0,0.0,140.7781,4.954263,12.408523573619295,3.6008842,3.5808697,0.5882950205008431,1.4404473220210738,1.4750900801692919,1.4404473220210738,1.4750900801692919,1.1356939,0.060691476,74.45114144171578,29.725578,1,0,1,0.0,0.0,0.0,far,0.0,0.0,0.0,0.0,0.0,0.0,0.0,0.0,0.0,0.0,1.0,0.0,1.0,0.0,0.0
44471,7,2.35,4.0,44.0,244880.0,39.459366,40.706787,151154.47,140778.11,0,0.0,0.0,140.7781,4.954263,12.408523573619295,3.700298,3.706395,0.5882950205008431,1.4404473220210738,1.4750900801692919,1.4404473220210738,1.4750900801692919,1.2089603,0.07326639,86.85966501533507,34.679844,1,0,1,0.0,0.0,0.0,far,0.0,0.0,0.0,0.0,0.0,0.0,0.0,0.0,0.0,0.0,1.0,0.0,1.0,0.0,0.0
44480,1,2.2133334,4.0,44.0,291560.0,39.27053,39.142467,98206.23,104696.82,0,0.0,0.0,98.20623,4.597201,12.583001095496149,3.69562,3.667208,0.5366597010625267,1.1675815876972793,1.2335221636895617,1.1675815876972793,1.2335221636895617,1.1673088,,12.583001095496149,4.597201,0,0,0,0.0,0.0,0.0,mid,0.0,0.0,0.0,0.0,0.0,1.0,0.0,0.0,0.0,0.0,0.0,0.0,0.0,0.0,0.0
44480,2,2.3666666,4.0,44.0,291560.0,38.919743,36.779255,98206.23,104696.82,0,0.0,0.0,98.20623,4.597201,12.583001095496149,3.686871,3.604934,0.5366597010625267,1.1675815876972793,1.2335221636895617,1.1675815876972793,1.2335221636895617,1.2139231,0.04661429,25.166002190992298,9.194402,0,0,0,0.0,0.0,0.0,mid,0.0,0.0,0.0,0.0,0.0,1.0,0.0,0.0,0.0,0.0,0.0,0.0,0.0,0.0,0.0
44480,3,2.3600001,4.0,44.0,291560.0,43.921387,42.032352,98206.23,104696.82,0,0.0,0.0,98.20623,4.597201,12.583001095496149,3.804914,3.7384396,0.5366597010625267,1.1675815876972793,1.2335221636895617,1.1675815876972793,1.2335221636895617,1.211941,-0.0019820929,37.749003286488445,13.791603,1,1,0,0.0,0.0,0.0,mid,0.0,0.0,0.0,0.0,0.0,1.0,1.0,0.0,0.0,0.0,0.0,0.0,0.0,0.0,0.0
44480,4,2.3266666,4.0,44.0,291560.0,44.64624,41.14703,98206.23,104696.82,0,0.0,0.0,98.20623,4.597201,12.583001095496149,3.8209212,3.7171516,0.5366597010625267,1.1675815876972793,1.2335221636895617,1.1675815876972793,1.2335221636895617,1.2019708,-0.009970188,50.332004381984596,18.388803,1,1,0,0.0,0.0,0.0,mid,0.0,0.0,0.0,0.0,0.0,1.0,1.0,0.0,0.0,0.0,0.0,0.0,0.0,0.0,0.0
44480,5,1.7433333,4.0,44.0,291560.0,49.068954,48.644524,98206.23,104696.82,0,0.0,0.0,98.20623,4.597201,12.583001095496149,3.9134011,3.8845391,0.5366597010625267,1.1675815876972793,1.2335221636895617,1.1675815876972793,1.2335221636895617,1.0091738,-0.19279706,62.91500547748075,22.986004,1,0,1,0.0,0.0,0.0,mid,0.0,0.0,0.0,0.0,0.0,1.0,0.0,1.0,0.0,0.0,0.0,0.0,0.0,0.0,0.0
44480,6,2.01,4.0,44.0,291560.0,39.717804,38.026253,98206.23,104696.82,0,0.0,0.0,98.20623,4.597201,12.583001095496149,3.7066655,3.6382768,0.5366597010625267,1.1675815876972793,1.2335221636895617,1.1675815876972793,1.2335221636895617,1.1019402,0.092766404,75.49800657297689,27.583206,1,0,1,0.0,0.0,0.0,mid,0.0,0.0,0.0,0.0,0.0,1.0,0.0,1.0,0.0,0.0,0.0,0.0,0.0,0.0,0.0
44480,7,2.195,4.0,44.0,291560.0,43.8238,45.13978,98206.23,104696.82,0,0.0,0.0,98.20623,4.597201,12.583001095496149,3.8027391,3.809764,0.5366597010625267,1.1675815876972793,1.2335221636895617,1.1675815876972793,1.2335221636895617,1.1615871,0.059646964,88.08100766847305,32.180405,1,0,1,0.0,0.0,0.0,mid,0.0,0.0,0.0,0.0,0.0,1.0,0.0,1.0,0.0,0.0,0.0,0.0,0.0,0.0,0.0
44712,1,3.72,4.0,47.0,128650.0,49.395947,47.93616,188372.95,107140.58,0,0.0,0.0,107.14058,4.683432,11.76485081770989,3.9199107,3.8698702,0.4885869375416216,0.963071127695228,1.0858249647894112,0.963071127695228,1.0858249647894112,1.5518088,,11.76485081770989,4.683432,0,0,0,0.0,0.0,0.0,mid,0.0,0.0,0.0,0.0,0.0,1.0,0.0,0.0,0.0,0.0,0.0,0.0,0.0,0.0,0.0
44712,2,4.023333,4.0,47.0,128650.0,45.186695,43.832317,188372.95,107140.58,0,0.0,0.0,107.14058,4.683432,11.76485081770989,3.8326917,3.7803714,0.4885869375416216,0.963071127695228,1.0858249647894112,0.963071127695228,1.0858249647894112,1.6140937,0.062284827,23.52970163541978,9.366864,0,0,0,0.0,0.0,0.0,mid,0.0,0.0,0.0,0.0,0.0,1.0,0.0,0.0,0.0,0.0,0.0,0.0,0.0,0.0,0.0
44712,3,2.965,4.0,47.0,128650.0,49.967007,49.459362,188372.95,107140.58,0,0.0,0.0,107.14058,4.683432,11.76485081770989,3.9311786,3.9011514,0.4885869375416216,0.963071127695228,1.0858249647894112,0.963071127695228,1.0858249647894112,1.3775058,-0.23658788,35.29455245312967,14.050297,1,1,0,0.0,0.0,0.0,mid,0.0,0.0,0.0,0.0,0.0,1.0,1.0,0.0,0.0,0.0,0.0,0.0,0.0,0.0,0.0
44712,4,3.43,4.0,47.0,128650.0,47.352165,44.39673,188372.95,107140.58,0,0.0,0.0,107.14058,4.683432,11.76485081770989,3.878511,3.7931657,0.4885869375416216,0.963071127695228,1.0858249647894112,0.963071127695228,1.0858249647894112,1.4883996,0.110893846,47.05940327083956,18.733728,1,1,0,0.0,0.0,0.0,mid,0.0,0.0,0.0,0.0,0.0,1.0,1.0,0.0,0.0,0.0,0.0,0.0,0.0,0.0,0.0
44712,5,2.9133334,4.0,47.0,128650.0,52.264454,53.039112,188372.95,107140.58,0,0.0,0.0,107.14058,4.683432,11.76485081770989,3.9752693,3.9710295,0.4885869375416216,0.963071127695228,1.0858249647894112,0.963071127695228,1.0858249647894112,1.3643895,-0.124010086,58.82425408854945,23.41716,1,0,1,0.0,0.0,0.0,mid,0.0,0.0,0.0,0.0,0.0,1.0,0.0,1.0,0.0,0.0,0.0,0.0,0.0,0.0,0.0
44712,6,3.74,4.0,47.0,128650.0,44.29506,43.735603,188372.95,107140.58,0,0.0,0.0,107.14058,4.683432,11.76485081770989,3.813198,3.7781625,0.4885869375416216,0.963071127695228,1.0858249647894112,0.963071127695228,1.0858249647894112,1.5560371,0.19164753,70.58910490625934,28.100594,1,0,1,0.0,0.0,0.0,mid,0.0,0.0,0.0,0.0,0.0,1.0,0.0,1.0,0.0,0.0,0.0,0.0,0.0,0.0,0.0
44712,7,3.505,4.0,47.0,128650.0,47.906487,49.04315,188372.95,107140.58,0,0.0,0.0,107.14058,4.683432,11.76485081770989,3.88991,3.8927007,0.4885869375416216,0.963071127695228,1.0858249647894112,0.963071127695228,1.0858249647894112,1.5051879,-0.0508492,82.35395572396924,32.784023,1,0,1,0.0,0.0,0.0,mid,0.0,0.0,0.0,0.0,0.0,1.0,0.0,1.0,0.0,0.0,0.0,0.0,0.0,0.0,0.0
44717,1,1.5266666,4.0,47.0,141880.0,51.882492,50.619408,224938.42,136537.08,0,0.0,0.0,136.53708,4.9238935,11.862736908887559,3.9680724,3.924335,0.5407345879928912,1.1868852662278175,1.3056938474354345,1.1868852662278175,1.3056938474354345,0.9269009,,11.862736908887559,4.9238935,0,0,0,0.0,0.0,0.0,far,0.0,0.0,0.0,0.0,0.0,0.0,0.0,0.0,0.0,0.0,1.0,0.0,0.0,0.0,0.0
44717,2,1.6833334,4.0,47.0,141880.0,47.148155,46.52219,224938.42,136537.08,0,0.0,0.0,136.53708,4.9238935,11.862736908887559,3.8742828,3.8399293,0.5407345879928912,1.1868852662278175,1.3056938474354345,1.1868852662278175,1.3056938474354345,0.98705983,0.06015891,23.725473817775118,9.847787,0,0,0,0.0,0.0,0.0,far,0.0,0.0,0.0,0.0,0.0,0.0,0.0,0.0,0.0,0.0,1.0,0.0,0.0,0.0,0.0
44717,3,1.49,4.0,47.0,141880.0,50.78148,50.756767,224938.42,136537.08,0,0.0,0.0,136.53708,4.9238935,11.862736908887559,3.9470325,3.9270449,0.5407345879928912,1.1868852662278175,1.3056938474354345,1.1868852662278175,1.3056938474354345,0.9122827,-0.07477713,35.58821072666268,14.771681,1,1,0,0.0,0.0,0.0,far,0.0,0.0,0.0,0.0,0.0,0.0,0.0,0.0,0.0,0.0,1.0,1.0,0.0,0.0,0.0
44717,4,1.33,4.0,47.0,141880.0,47.69229,44.5753,224938.42,136537.08,0,0.0,0.0,136.53708,4.9238935,11.862736908887559,3.8855207,3.79718,0.5407345879928912,1.1868852662278175,1.3056938474354345,1.1868852662278175,1.3056938474354345,0.84586823,-0.066414475,47.450947635550236,19.695574,1,1,0,0.0,0.0,0.0,far,0.0,0.0,0.0,0.0,0.0,0.0,0.0,0.0,0.0,0.0,1.0,1.0,0.0,0.0,0.0
44717,5,1.2966666,4.0,47.0,141880.0,52.111538,52.85812,224938.42,136537.08,0,0.0,0.0,136.53708,4.9238935,11.862736908887559,3.9723942,3.9676113,0.5407345879928912,1.1868852662278175,1.3056938474354345,1.1868852662278175,1.3056938474354345,0.8314588,-0.014409423,59.31368454443779,24.619467,1,0,1,0.0,0.0,0.0,far,0.0,0.0,0.0,0.0,0.0,0.0,0.0,0.0,0.0,0.0,1.0,0.0,1.0,0.0,0.0
44717,6,1.38,4.0,47.0,141880.0,44.649696,44.519634,224938.42,136537.08,0,0.0,0.0,136.53708,4.9238935,11.862736908887559,3.820997,3.7959304,0.5407345879928912,1.1868852662278175,1.3056938474354345,1.1868852662278175,1.3056938474354345,0.86710054,0.03564173,71.17642145332536,29.543362,1,0,1,0.0,0.0,0.0,far,0.0,0.0,0.0,0.0,0.0,0.0,0.0,0.0,0.0,0.0,1.0,0.0,1.0,0.0,0.0
44717,7,1.4100001,4.0,47.0,141880.0,48.52613,49.919094,224938.42,136537.08,0,0.0,0.0,136.53708,4.9238935,11.862736908887559,3.9025004,3.9104035,0.5407345879928912,1.1868852662278175,1.3056938474354345,1.1868852662278175,1.3056938474354345,0.87962675,0.012526214,83.03915836221292,34.467255,1,0,1,0.0,0.0,0.0,far,0.0,0.0,0.0,0.0,0.0,0.0,0.0,0.0,0.0,0.0,1.0,0.0,1.0,0.0,0.0
44721,1,53.333332,4.0,47.0,80930.0,50.801636,49.242867,170276.45,95018.57,0,0.0,0.0,95.01857,4.564542,11.301339862489748,3.9474218,3.8967645,0.43067076696651346,0.7625533577466633,0.8669009684868146,0.7625533577466633,0.8669009684868146,3.995138,,11.301339862489748,4.564542,0,0,0,0.0,0.0,0.0,mid,0.0,0.0,0.0,0.0,0.0,1.0,0.0,0.0,0.0,0.0,0.0,0.0,0.0,0.0,0.0
44721,2,51.143333,4.0,47.0,80930.0,46.18383,44.704918,170276.45,95018.57,0,0.0,0.0,95.01857,4.564542,11.301339862489748,3.8540514,3.8000834,0.43067076696651346,0.7625533577466633,0.8669009684868146,0.7625533577466633,0.8669009684868146,3.9539964,-0.04114151,22.602679724979495,9.129084,0,0,0,0.0,0.0,0.0,mid,0.0,0.0,0.0,0.0,0.0,1.0,0.0,0.0,0.0,0.0,0.0,0.0,0.0,0.0,0.0
44721,3,43.3575,4.0,47.0,80930.0,51.086395,50.90254,170276.45,95018.57,0,0.0,0.0,95.01857,4.564542,11.301339862489748,3.9529037,3.9299128,0.43067076696651346,0.7625533577466633,0.8669009684868146,0.7625533577466633,0.8669009684868146,3.7922819,-0.16171455,33.90401958746924,13.693625,1,1,0,0.0,0.0,0.0,mid,0.0,0.0,0.0,0.0,0.0,1.0,1.0,0.0,0.0,0.0,0.0,0.0,0.0,0.0,0.0
44721,4,34.38,4.0,47.0,80930.0,48.722458,45.823597,170276.45,95018.57,0,0.0,0.0,95.01857,4.564542,11.301339862489748,3.9064567,3.824799,0.43067076696651346,0.7625533577466633,0.8669009684868146,0.7625533577466633,0.8669009684868146,3.5661466,-0.22613525,45.20535944995899,18.258167,1,1,0,0.0,0.0,0.0,mid,0.0,0.0,0.0,0.0,0.0,1.0,1.0,0.0,0.0,0.0,0.0,0.0,0.0,0.0,0.0
44721,5,25.19,4.0,47.0,80930.0,53.54089,53.982597,170276.45,95018.57,0,0.0,0.0,95.01857,4.564542,11.301339862489748,3.9989507,3.9886618,0.43067076696651346,0.7625533577466633,0.8669009684868146,0.7625533577466633,0.8669009684868146,3.2653778,-0.30076885,56.50669931244874,22.822708,1,0,1,0.0,0.0,0.0,mid,0.0,0.0,0.0,0.0,0.0,1.0,0.0,1.0,0.0,0.0,0.0,0.0,0.0,0.0,0.0
44721,6,30.616667,4.0,47.0,80930.0,45.717205,45.082043,170276.45,95018.57,0,0.0,0.0,95.01857,4.564542,11.301339862489748,3.8441124,3.808484,0.43067076696651346,0.7625533577466633,0.8669009684868146,0.7625533577466633,0.8669009684868146,3.4536843,0.18830657,67.80803917493849,27.38725,1,0,1,0.0,0.0,0.0,mid,0.0,0.0,0.0,0.0,0.0,1.0,0.0,1.0,0.0,0.0,0.0,0.0,0.0,0.0,0.0
44721,7,35.29,4.0,47.0,80930.0,49.28755,50.468422,170276.45,95018.57,0,0.0,0.0,95.01857,4.564542,11.301339862489748,3.9177575,3.9213479,0.43067076696651346,0.7625533577466633,0.8669009684868146,0.7625533577466633,0.8669009684868146,3.5915422,0.13785791,79.10937903742823,31.951794,1,0,1,0.0,0.0,0.0,mid,0.0,0.0,0.0,0.0,0.0,1.0,0.0,1.0,0.0,0.0,0.0,0.0,0.0,0.0,0.0
44730,1,3.1933334,4.0,47.0,255670.0,46.171135,45.28234,181133.55,109797.79,0,0.0,0.0,109.79779,4.707707,12.45164282940594,3.8537822,3.8129172,0.5467748339183607,1.2161379147382996,1.2877447382339864,1.2161379147382996,1.2877447382339864,1.433496,,12.45164282940594,4.707707,0,0,0,0.0,0.0,0.0,mid,0.0,0.0,0.0,0.0,0.0,1.0,0.0,0.0,0.0,0.0,0.0,0.0,0.0,0.0,0.0
44730,2,3.73,4.0,47.0,255670.0,42.899155,42.466675,181133.55,109797.79,0,0.0,0.0,109.79779,4.707707,12.45164282940594,3.7818952,3.7487197,0.5467748339183607,1.2161379147382996,1.2877447382339864,1.2161379147382996,1.2877447382339864,1.5539252,0.12042916,24.90328565881188,9.415414,0,0,0,0.0,0.0,0.0,mid,0.0,0.0,0.0,0.0,0.0,1.0,0.0,0.0,0.0,0.0,0.0,0.0,0.0,0.0,0.0
44730,3,2.9375,4.0,47.0,255670.0,47.399006,46.51216,181133.55,109797.79,0,0.0,0.0,109.79779,4.707707,12.45164282940594,3.8794794,3.8397138,0.5467748339183607,1.2161379147382996,1.2877447382339864,1.2161379147382996,1.2877447382339864,1.370546,-0.18337917,37.354928488217816,14.123121,1,1,0,0.0,0.0,0.0,mid,0.0,0.0,0.0,0.0,0.0,1.0,1.0,0.0,0.0,0.0,0.0,0.0,0.0,0.0,0.0
44730,4,3.0133333,4.0,47.0,255670.0,44.208553,41.293327,181133.55,109797.79,0,0.0,0.0,109.79779,4.707707,12.45164282940594,3.8112862,3.720701,0.5467748339183607,1.2161379147382996,1.2877447382339864,1.2161379147382996,1.2877447382339864,1.3896222,0.019076228,49.80657131762376,18.830828,1,1,0,0.0,0.0,0.0,mid,0.0,0.0,0.0,0.0,0.0,1.0,1.0,0.0,0.0,0.0,0.0,0.0,0.0,0.0,0.0
44730,5,2.3466668,4.0,47.0,255670.0,49.33617,51.05726,181133.55,109797.79,0,0.0,0.0,109.79779,4.707707,12.45164282940594,3.9187238,3.9329476,0.5467748339183607,1.2161379147382996,1.2877447382339864,1.2161379147382996,1.2877447382339864,1.2079649,-0.18165731,62.2582141470297,23.538534,1,0,1,0.0,0.0,0.0,mid,0.0,0.0,0.0,0.0,0.0,1.0,0.0,1.0,0.0,0.0,0.0,0.0,0.0,0.0,0.0
44730,6,2.7666667,4.0,47.0,255670.0,41.03249,40.814846,181133.55,109797.79,0,0.0,0.0,109.79779,4.707707,12.45164282940594,3.738443,3.709046,0.5467748339183607,1.2161379147382996,1.2877447382339864,1.2161379147382996,1.2877447382339864,1.3261905,0.118225574,74.70985697643563,28.246243,1,0,1,0.0,0.0,0.0,mid,0.0,0.0,0.0,0.0,0.0,1.0,0.0,1.0,0.0,0.0,0.0,0.0,0.0,0.0,0.0
44730,7,2.4650002,4.0,47.0,255670.0,44.738167,45.864563,181133.55,109797.79,0,0.0,0.0,109.79779,4.707707,12.45164282940594,3.8229332,3.8256927,0.5467748339183607,1.2161379147382996,1.2877447382339864,1.2161379147382996,1.2877447382339864,1.2427127,-0.083477736,87.16149980584157,32.95395,1,0,1,0.0,0.0,0.0,mid,0.0,0.0,0.0,0.0,0.0,1.0,0.0,1.0,0.0,0.0,0.0,0.0,0.0,0.0,0.0
44740,1,11.6866665,4.0,47.0,108010.0,50.801636,49.242867,164981.45,88413.37,0,0.0,0.0,88.41337,4.4932704,11.58997909441252,3.9474218,3.8967645,0.43992540655338186,0.791810943183537,0.8860716034402106,0.791810943183537,0.8860716034402106,2.5405517,,11.58997909441252,4.4932704,0,0,0,0.0,0.0,0.0,mid,0.0,0.0,0.0,0.0,0.0,1.0,0.0,0.0,0.0,0.0,0.0,0.0,0.0,0.0,0.0
44740,2,9.306666,4.0,47.0,108010.0,46.18383,44.704918,164981.45,88413.37,0,0.0,0.0,88.41337,4.4932704,11.58997909441252,3.8540514,3.8000834,0.43992540655338186,0.791810943183537,0.8860716034402106,0.791810943183537,0.8860716034402106,2.3327909,-0.20776081,23.17995818882504,8.986541,0,0,0,0.0,0.0,0.0,mid,0.0,0.0,0.0,0.0,0.0,1.0,0.0,0.0,0.0,0.0,0.0,0.0,0.0,0.0,0.0
44740,3,10.3625,4.0,47.0,108010.0,51.086395,50.90254,164981.45,88413.37,0,0.0,0.0,88.41337,4.4932704,11.58997909441252,3.9529037,3.9299128,0.43992540655338186,0.791810943183537,0.8860716034402106,0.791810943183537,0.8860716034402106,2.4303184,0.097527504,34.76993728323756,13.479811,1,1,0,0.0,0.0,0.0,mid,0.0,0.0,0.0,0.0,0.0,1.0,1.0,0.0,0.0,0.0,0.0,0.0,0.0,0.0,0.0
44740,4,8.096666,4.0,47.0,108010.0,48.722458,45.823597,164981.45,88413.37,0,0.0,0.0,88.41337,4.4932704,11.58997909441252,3.9064567,3.824799,0.43992540655338186,0.791810943183537,0.8860716034402106,0.791810943183537,0.8860716034402106,2.207908,-0.22241044,46.35991637765008,17.973082,1,1,0,0.0,0.0,0.0,mid,0.0,0.0,0.0,0.0,0.0,1.0,1.0,0.0,0.0,0.0,0.0,0.0,0.0,0.0,0.0
44740,5,5.6433334,4.0,47.0,108010.0,53.54089,53.982597,164981.45,88413.37,0,0.0,0.0,88.41337,4.4932704,11.58997909441252,3.9989507,3.9886618,0.43992540655338186,0.791810943183537,0.8860716034402106,0.791810943183537,0.8860716034402106,1.8936138,-0.3142941,57.9498954720626,22.466352,1,0,1,0.0,0.0,0.0,mid,0.0,0.0,0.0,0.0,0.0,1.0,0.0,1.0,0.0,0.0,0.0,0.0,0.0,0.0,0.0
44740,6,6.31,4.0,47.0,108010.0,45.717205,45.082043,164981.45,88413.37,0,0.0,0.0,88.41337,4.4932704,11.58997909441252,3.8441124,3.808484,0.43992540655338186,0.791810943183537,0.8860716034402106,0.791810943183537,0.8860716034402106,1.9892433,0.09562945,69.53987456647512,26.959621,1,0,1,0.0,0.0,0.0,mid,0.0,0.0,0.0,0.0,0.0,1.0,0.0,1.0,0.0,0.0,0.0,0.0,0.0,0.0,0.0
44740,7,8.615,4.0,47.0,108010.0,49.28755,50.468422,164981.45,88413.37,0,0.0,0.0,88.41337,4.4932704,11.58997909441252,3.9177575,3.9213479,0.43992540655338186,0.791810943183537,0.8860716034402106,0.791810943183537,0.8860716034402106,2.2633243,0.274081,81.12985366088765,31.452892,1,0,1,0.0,0.0,0.0,mid,0.0,0.0,0.0,0.0,0.0,1.0,0.0,1.0,0.0,0.0,0.0,0.0,0.0,0.0,0.0
44748,1,29.73,4.0,47.0,88520.0,45.88173,45.07058,168619.86,95295.63,0,0.0,0.0,95.29563,4.567423,11.390983794164987,3.847628,3.8082297,0.4381003268738076,0.7859648530652072,0.8930249115904809,0.7859648530652072,0.8930249115904809,3.4252393,,11.390983794164987,4.567423,0,0,0,0.0,0.0,0.0,mid,0.0,0.0,0.0,0.0,0.0,1.0,0.0,0.0,0.0,0.0,0.0,0.0,0.0,0.0,0.0
44748,2,30.48,4.0,47.0,88520.0,42.69386,42.38921,168619.86,95295.63,0,0.0,0.0,95.29563,4.567423,11.390983794164987,3.7772076,3.746894,0.4381003268738076,0.7859648530652072,0.8930249115904809,0.7859648530652072,0.8930249115904809,3.4493525,0.024113178,22.781967588329973,9.134846,0,0,0,0.0,0.0,0.0,mid,0.0,0.0,0.0,0.0,0.0,1.0,0.0,0.0,0.0,0.0,0.0,0.0,0.0,0.0,0.0
44748,3,22.73,4.0,47.0,88520.0,47.168545,46.27552,168619.86,95295.63,0,0.0,0.0,95.29563,4.567423,11.390983794164987,3.8747063,3.834613,0.4381003268738076,0.7859648530652072,0.8930249115904809,0.7859648530652072,0.8930249115904809,3.16674,-0.28261256,34.17295138249496,13.702269,1,1,0,0.0,0.0,0.0,mid,0.0,0.0,0.0,0.0,0.0,1.0,1.0,0.0,0.0,0.0,0.0,0.0,0.0,0.0,0.0
44748,4,19.293333,4.0,47.0,88520.0,43.926434,41.027725,168619.86,95295.63,0,0.0,0.0,95.29563,4.567423,11.390983794164987,3.8050263,3.7142482,0.4381003268738076,0.7859648530652072,0.8930249115904809,0.7859648530652072,0.8930249115904809,3.0102925,-0.15644741,45.563935176659946,18.269691,1,1,0,0.0,0.0,0.0,mid,0.0,0.0,0.0,0.0,0.0,1.0,1.0,0.0,0.0,0.0,0.0,0.0,0.0,0.0,0.0
44748,5,14.786667,4.0,47.0,88520.0,49.073376,50.89256,168619.86,95295.63,0,0.0,0.0,95.29563,4.567423,11.390983794164987,3.9134893,3.9297168,0.4381003268738076,0.7859648530652072,0.8930249115904809,0.7859648530652072,0.8930249115904809,2.7591658,-0.25112677,56.954918970824934,22.837114,1,0,1,0.0,0.0,0.0,mid,0.0,0.0,0.0,0.0,0.0,1.0,0.0,1.0,0.0,0.0,0.0,0.0,0.0,0.0,0.0
44748,6,19.593332,4.0,47.0,88520.0,40.739697,40.565575,168619.86,95295.63,0,0.0,0.0,95.29563,4.567423,11.390983794164987,3.7314527,3.7029197,0.4381003268738076,0.7859648530652072,0.8930249115904809,0.7859648530652072,0.8930249115904809,3.0249674,0.26580167,68.34590276498992,27.404537,1,0,1,0.0,0.0,0.0,mid,0.0,0.0,0.0,0.0,0.0,1.0,0.0,1.0,0.0,0.0,0.0,0.0,0.0,0.0,0.0
44748,7,20.955002,4.0,47.0,88520.0,44.453827,45.58618,168619.86,95295.63,0,0.0,0.0,95.29563,4.567423,11.390983794164987,3.8166971,3.8196046,0.4381003268738076,0.7859648530652072,0.8930249115904809,0.7859648530652072,0.8930249115904809,3.088995,0.06402755,79.73688655915491,31.97196,1,0,1,0.0,0.0,0.0,mid,0.0,0.0,0.0,0.0,0.0,1.0,0.0,1.0,0.0,0.0,0.0,0.0,0.0,0.0,0.0
44751,1,38.666668,4.0,47.0,191890.0,50.801636,49.242867,178725.33,97113.02,0,0.0,0.0,97.11302,4.58612,12.164677570163787,3.9474218,3.8967645,0.5018854177996722,1.0156957835114568,1.1135205419943728,1.0156957835114568,1.1135205419943728,3.6805112,,12.164677570163787,4.58612,0,0,0,0.0,0.0,0.0,mid,0.0,0.0,0.0,0.0,0.0,1.0,0.0,0.0,0.0,0.0,0.0,0.0,0.0,0.0,0.0
44751,2,38.746666,4.0,47.0,191890.0,46.18383,44.704918,178725.33,97113.02,0,0.0,0.0,97.11302,4.58612,12.164677570163787,3.8540514,3.8000834,0.5018854177996722,1.0156957835114568,1.1135205419943728,1.0156957835114568,1.1135205419943728,3.6825259,0.002014637,24.329355140327575,9.17224,0,0,0,0.0,0.0,0.0,mid,0.0,0.0,0.0,0.0,0.0,1.0,0.0,0.0,0.0,0.0,0.0,0.0,0.0,0.0,0.0
44751,3,30.825,4.0,47.0,191890.0,51.086395,50.90254,178725.33,97113.02,0,0.0,0.0,97.11302,4.58612,12.164677570163787,3.9529037,3.9299128,0.5018854177996722,1.0156957835114568,1.1135205419943728,1.0156957835114568,1.1135205419943728,3.4602523,-0.22227359,36.49403271049136,13.75836,1,1,0,0.0,0.0,0.0,mid,0.0,0.0,0.0,0.0,0.0,1.0,1.0,0.0,0.0,0.0,0.0,0.0,0.0,0.0,0.0
44751,4,34.77,4.0,47.0,191890.0,48.722458,45.823597,178725.33,97113.02,0,0.0,0.0,97.11302,4.58612,12.164677570163787,3.9064567,3.824799,0.5018854177996722,1.0156957835114568,1.1135205419943728,1.0156957835114568,1.1135205419943728,3.5771096,0.11685729,48.65871028065515,18.34448,1,1,0,0.0,0.0,0.0,mid,0.0,0.0,0.0,0.0,0.0,1.0,1.0,0.0,0.0,0.0,0.0,0.0,0.0,0.0,0.0
44751,5,28.766666,4.0,47.0,191890.0,53.54089,53.982597,178725.33,97113.02,0,0.0,0.0,97.11302,4.58612,12.164677570163787,3.9989507,3.9886618,0.5018854177996722,1.0156957835114568,1.1135205419943728,1.0156957835114568,1.1135205419943728,3.3933892,-0.18372035,60.82338785081894,22.930601,1,0,1,0.0,0.0,0.0,mid,0.0,0.0,0.0,0.0,0.0,1.0,0.0,1.0,0.0,0.0,0.0,0.0,0.0,0.0,0.0
44751,6,31.436666,4.0,47.0,191890.0,45.717205,45.082043,178725.33,97113.02,0,0.0,0.0,97.11302,4.58612,12.164677570163787,3.8441124,3.808484,0.5018854177996722,1.0156957835114568,1.1135205419943728,1.0156957835114568,1.1135205419943728,3.4792895,0.08590031,72.98806542098272,27.51672,1,0,1,0.0,0.0,0.0,mid,0.0,0.0,0.0,0.0,0.0,1.0,0.0,1.0,0.0,0.0,0.0,0.0,0.0,0.0,0.0
44751,7,36.809998,4.0,47.0,191890.0,49.28755,50.468422,178725.33,97113.02,0,0.0,0.0,97.11302,4.58612,12.164677570163787,3.9177575,3.9213479,0.5018854177996722,1.0156957835114568,1.1135205419943728,1.0156957835114568,1.1135205419943728,3.6325736,0.15328407,85.15274299114651,32.10284,1,0,1,0.0,0.0,0.0,mid,0.0,0.0,0.0,0.0,0.0,1.0,0.0,1.0,0.0,0.0,0.0,0.0,0.0,0.0,0.0
44753,1,1.0033333,4.0,47.0,163630.0,50.043217,49.476402,234055.25,151559.75,0,0.0,0.0,151.55975,5.0275564,12.00536306042294,3.9326727,3.901496,0.5707391517196506,1.3403083209638755,1.4271434842514377,1.3403083209638755,1.4271434842514377,0.6948125,,12.00536306042294,5.0275564,0,0,0,0.0,0.0,0.0,far,0.0,0.0,0.0,0.0,0.0,0.0,0.0,0.0,0.0,0.0,1.0,0.0,0.0,0.0,0.0
44753,2,1.0133333,4.0,47.0,163630.0,46.470184,48.386597,234055.25,151559.75,0,0.0,0.0,151.55975,5.0275564,12.00536306042294,3.8601017,3.8792229,0.5707391517196506,1.3403083209638755,1.4271434842514377,1.3403083209638755,1.4271434842514377,0.6997917,0.004979253,24.01072612084588,10.055113,0,0,0,0.0,0.0,0.0,far,0.0,0.0,0.0,0.0,0.0,0.0,0.0,0.0,0.0,0.0,1.0,0.0,0.0,0.0,0.0
44753,3,1.01,4.0,47.0,163630.0,48.29252,48.4413,234055.25,151559.75,0,0.0,0.0,151.55975,5.0275564,12.00536306042294,3.8977723,3.8803527,0.5707391517196506,1.3403083209638755,1.4271434842514377,1.3403083209638755,1.4271434842514377,0.6981347,-0.0016570091,36.016089181268825,15.082669,1,1,0,0.0,0.0,0.0,far,0.0,0.0,0.0,0.0,0.0,0.0,0.0,0.0,0.0,0.0,1.0,1.0,0.0,0.0,0.0
44753,4,1.0,4.0,47.0,163630.0,44.487587,42.010353,234055.25,151559.75,0,0.0,0.0,151.55975,5.0275564,12.00536306042294,3.8174396,3.737916,0.5707391517196506,1.3403083209638755,1.4271434842514377,1.3403083209638755,1.4271434842514377,0.6931472,-0.004987538,48.02145224169176,20.110226,1,1,0,0.0,0.0,0.0,far,0.0,0.0,0.0,0.0,0.0,0.0,0.0,0.0,0.0,0.0,1.0,1.0,0.0,0.0,0.0
44753,5,1.0,4.0,47.0,163630.0,48.54782,50.458282,234055.25,151559.75,0,0.0,0.0,151.55975,5.0275564,12.00536306042294,3.9029384,3.9211469,0.5707391517196506,1.3403083209638755,1.4271434842514377,1.3403083209638755,1.4271434842514377,0.6931472,0.0,60.0268153021147,25.137783,1,0,1,0.0,0.0,0.0,far,0.0,0.0,0.0,0.0,0.0,0.0,0.0,0.0,0.0,0.0,1.0,0.0,1.0,0.0,0.0
44753,6,1.0,4.0,47.0,163630.0,41.28095,41.910892,234055.25,151559.75,0,0.0,0.0,151.55975,5.0275564,12.00536306042294,3.7443366,3.7355456,0.5707391517196506,1.3403083209638755,1.4271434842514377,1.3403083209638755,1.4271434842514377,0.6931472,0.0,72.03217836253765,30.165339,1,0,1,0.0,0.0,0.0,far,0.0,0.0,0.0,0.0,0.0,0.0,0.0,0.0,0.0,0.0,1.0,0.0,1.0,0.0,0.0
44753,7,1.0,4.0,47.0,163630.0,45.151512,46.385155,234055.25,151559.75,0,0.0,0.0,151.55975,5.0275564,12.00536306042294,3.8319297,3.8369794,0.5707391517196506,1.3403083209638755,1.4271434842514377,1.3403083209638755,1.4271434842514377,0.6931472,0.0,84.03754142296059,35.192894,1,0,1,0.0,0.0,0.0,far,0.0,0.0,0.0,0.0,0.0,0.0,0.0,0.0,0.0,0.0,1.0,0.0,1.0,0.0,0.0
44764,1,1.3266667,4.0,47.0,223420.0,46.168694,45.34582,205634.22,130112.766,0,0.0,0.0,130.11276,4.8760576,12.316808687124839,3.8537304,3.814318,0.5671392299157589,1.3207778872443392,1.3876835078763459,1.3207778872443392,1.3876835078763459,0.8444367,,12.316808687124839,4.8760576,0,0,0,0.0,0.0,0.0,far,0.0,0.0,0.0,0.0,0.0,0.0,0.0,0.0,0.0,0.0,1.0,0.0,0.0,0.0,0.0
44764,2,1.4466667,4.0,47.0,223420.0,42.962517,42.7422,205634.22,130112.766,0,0.0,0.0,130.11276,4.8760576,12.316808687124839,3.7833374,3.7551868,0.5671392299157589,1.3207778872443392,1.3876835078763459,1.3207778872443392,1.3876835078763459,0.8947266,0.05028987,24.633617374249678,9.752115,0,0,0,0.0,0.0,0.0,far,0.0,0.0,0.0,0.0,0.0,0.0,0.0,0.0,0.0,0.0,1.0,0.0,0.0,0.0,0.0
44764,3,1.4175,4.0,47.0,223420.0,47.26928,46.41259,205634.22,130112.766,0,0.0,0.0,130.11276,4.8760576,12.316808687124839,3.8767953,3.8375707,0.5671392299157589,1.3207778872443392,1.3876835078763459,1.3207778872443392,1.3876835078763459,0.88273394,-0.011992633,36.950426061374515,14.628173,1,1,0,0.0,0.0,0.0,far,0.0,0.0,0.0,0.0,0.0,0.0,0.0,0.0,0.0,0.0,1.0,1.0,0.0,0.0,0.0
44764,4,1.2866666,4.0,47.0,223420.0,43.986828,41.049114,205634.22,130112.766,0,0.0,0.0,130.11276,4.8760576,12.316808687124839,3.8063698,3.7147694,0.5671392299157589,1.3207778872443392,1.3876835078763459,1.3207778872443392,1.3876835078763459,0.82709515,-0.05563879,49.267234748499355,19.50423,1,1,0,0.0,0.0,0.0,far,0.0,0.0,0.0,0.0,0.0,0.0,0.0,0.0,0.0,0.0,1.0,1.0,0.0,0.0,0.0
44764,5,1.1266667,4.0,47.0,223420.0,49.05819,50.873547,205634.22,130112.766,0,0.0,0.0,130.11276,4.8760576,12.316808687124839,3.913186,3.929343,0.5671392299157589,1.3207778872443392,1.3876835078763459,1.3207778872443392,1.3876835078763459,0.75455576,-0.07253939,61.584043435624196,24.380287,1,0,1,0.0,0.0,0.0,far,0.0,0.0,0.0,0.0,0.0,0.0,0.0,0.0,0.0,0.0,1.0,0.0,1.0,0.0,0.0
44764,6,1.3633333,4.0,47.0,223420.0,40.789593,40.65845,205634.22,130112.766,0,0.0,0.0,130.11276,4.8760576,12.316808687124839,3.7326474,3.7052066,0.5671392299157589,1.3207778872443392,1.3876835078763459,1.3207778872443392,1.3876835078763459,0.860073,0.10551721,73.90085212274903,29.256346,1,0,1,0.0,0.0,0.0,far,0.0,0.0,0.0,0.0,0.0,0.0,0.0,0.0,0.0,0.0,1.0,0.0,1.0,0.0,0.0
44764,7,1.3050001,4.0,47.0,223420.0,44.51777,45.645256,205634.22,130112.766,0,0.0,0.0,130.11276,4.8760576,12.316808687124839,3.8181028,3.8208997,0.5671392299157589,1.3207778872443392,1.3876835078763459,1.3207778872443392,1.3876835078763459,0.8350807,-0.024992287,86.21766080987388,34.132404,1,0,1,0.0,0.0,0.0,far,0.0,0.0,0.0,0.0,0.0,0.0,0.0,0.0,0.0,0.0,1.0,0.0,1.0,0.0,0.0
44769,1,5.923333,4.0,47.0,67260.0,45.88173,45.07058,163579.81,96203.81,0,0.0,0.0,96.20381,4.57681,11.11632098529426,3.847628,3.8082297,0.41872157394819803,0.72615521567157,0.8276688529659335,0.72615521567157,0.8276688529659335,1.9348973,,11.11632098529426,4.57681,0,0,0,0.0,0.0,0.0,mid,0.0,0.0,0.0,0.0,0.0,1.0,0.0,0.0,0.0,0.0,0.0,0.0,0.0,0.0,0.0
44769,2,6.53,4.0,47.0,67260.0,42.69386,42.38921,163579.81,96203.81,0,0.0,0.0,96.20381,4.57681,11.11632098529426,3.7772076,3.746894,0.41872157394819803,0.72615521567157,0.8276688529659335,0.72615521567157,0.8276688529659335,2.0188951,0.083997846,22.23264197058852,9.15362,0,0,0,0.0,0.0,0.0,mid,0.0,0.0,0.0,0.0,0.0,1.0,0.0,0.0,0.0,0.0,0.0,0.0,0.0,0.0,0.0
44769,3,5.8875,4.0,47.0,67260.0,47.168545,46.27552,163579.81,96203.81,0,0.0,0.0,96.20381,4.57681,11.11632098529426,3.8747063,3.834613,0.41872157394819803,0.72615521567157,0.8276688529659335,0.72615521567157,0.8276688529659335,1.9297081,-0.089187026,33.34896295588278,13.73043,1,1,0,0.0,0.0,0.0,mid,0.0,0.0,0.0,0.0,0.0,1.0,1.0,0.0,0.0,0.0,0.0,0.0,0.0,0.0,0.0
44769,4,5.48,4.0,47.0,67260.0,43.926434,41.027725,163579.81,96203.81,0,0.0,0.0,96.20381,4.57681,11.11632098529426,3.8050263,3.7142482,0.41872157394819803,0.72615521567157,0.8276688529659335,0.72615521567157,0.8276688529659335,1.8687205,-0.06098759,44.46528394117704,18.30724,1,1,0,0.0,0.0,0.0,mid,0.0,0.0,0.0,0.0,0.0,1.0,1.0,0.0,0.0,0.0,0.0,0.0,0.0,0.0,0.0
44769,5,4.523333,4.0,47.0,67260.0,49.073376,50.89256,163579.81,96203.81,0,0.0,0.0,96.20381,4.57681,11.11632098529426,3.9134893,3.9297168,0.41872157394819803,0.72615521567157,0.8276688529659335,0.72615521567157,0.8276688529659335,1.7089815,-0.15973902,55.5816049264713,22.884048,1,0,1,0.0,0.0,0.0,mid,0.0,0.0,0.0,0.0,0.0,1.0,0.0,1.0,0.0,0.0,0.0,0.0,0.0,0.0,0.0
44769,6,6.56,4.0,47.0,67260.0,40.739697,40.565575,163579.81,96203.81,0,0.0,0.0,96.20381,4.57681,11.11632098529426,3.7314527,3.7029197,0.41872157394819803,0.72615521567157,0.8276688529659335,0.72615521567157,0.8276688529659335,2.0228713,0.31388974,66.69792591176557,27.46086,1,0,1,0.0,0.0,0.0,mid,0.0,0.0,0.0,0.0,0.0,1.0,0.0,1.0,0.0,0.0,0.0,0.0,0.0,0.0,0.0
44769,7,6.315,4.0,47.0,67260.0,44.453827,45.58618,163579.81,96203.81,0,0.0,0.0,96.20381,4.57681,11.11632098529426,3.8166971,3.8196046,0.41872157394819803,0.72615521567157,0.8276688529659335,0.72615521567157,0.8276688529659335,1.989927,-0.032944202,77.81424689705982,32.03767,1,0,1,0.0,0.0,0.0,mid,0.0,0.0,0.0,0.0,0.0,1.0,0.0,1.0,0.0,0.0,0.0,0.0,0.0,0.0,0.0
44775,1,11.363334,4.0,47.0,150990.0,50.801636,49.242867,176902.03,92407.74,0,0.0,0.0,92.407745,4.5369744,11.924968888438515,3.9474218,3.8967645,0.47401262527730503,0.9084539490917205,1.0102511712281506,0.9084539490917205,1.0102511712281506,2.5147352,,11.924968888438515,4.5369744,0,0,0,0.0,0.0,0.0,mid,0.0,0.0,0.0,0.0,0.0,1.0,0.0,0.0,0.0,0.0,0.0,0.0,0.0,0.0,0.0
44775,2,9.336666,4.0,47.0,150990.0,46.18383,44.704918,176902.03,92407.74,0,0.0,0.0,92.407745,4.5369744,11.924968888438515,3.8540514,3.8000834,0.47401262527730503,0.9084539490917205,1.0102511712281506,0.9084539490917205,1.0102511712281506,2.3356974,-0.17903781,23.84993777687703,9.073949,0,0,0,0.0,0.0,0.0,mid,0.0,0.0,0.0,0.0,0.0,1.0,0.0,0.0,0.0,0.0,0.0,0.0,0.0,0.0,0.0
44775,3,9.5825,4.0,47.0,150990.0,51.086395,50.90254,176902.03,92407.74,0,0.0,0.0,92.407745,4.5369744,11.924968888438515,3.9529037,3.9299128,0.47401262527730503,0.9084539490917205,1.0102511712281506,0.9084539490917205,1.0102511712281506,2.3592017,0.023504257,35.77490666531555,13.610924,1,1,0,0.0,0.0,0.0,mid,0.0,0.0,0.0,0.0,0.0,1.0,1.0,0.0,0.0,0.0,0.0,0.0,0.0,0.0,0.0
44775,4,9.32,4.0,47.0,150990.0,48.722458,45.823597,176902.03,92407.74,0,0.0,0.0,92.407745,4.5369744,11.924968888438515,3.9064567,3.824799,0.47401262527730503,0.9084539490917205,1.0102511712281506,0.9084539490917205,1.0102511712281506,2.3340838,-0.025117874,47.69987555375406,18.147898,1,1,0,0.0,0.0,0.0,mid,0.0,0.0,0.0,0.0,0.0,1.0,1.0,0.0,0.0,0.0,0.0,0.0,0.0,0.0,0.0
44775,5,7.31,4.0,47.0,150990.0,53.54089,53.982597,176902.03,92407.74,0,0.0,0.0,92.407745,4.5369744,11.924968888438515,3.9989507,3.9886618,0.47401262527730503,0.9084539490917205,1.0102511712281506,0.9084539490917205,1.0102511712281506,2.1174595,-0.21662426,59.624844442192575,22.684872,1,0,1,0.0,0.0,0.0,mid,0.0,0.0,0.0,0.0,0.0,1.0,0.0,1.0,0.0,0.0,0.0,0.0,0.0,0.0,0.0
44775,6,8.65,4.0,47.0,150990.0,45.717205,45.082043,176902.03,92407.74,0,0.0,0.0,92.407745,4.5369744,11.924968888438515,3.8441124,3.808484,0.47401262527730503,0.9084539490917205,1.0102511712281506,0.9084539490917205,1.0102511712281506,2.2669578,0.14949822,71.5498133306311,27.221848,1,0,1,0.0,0.0,0.0,mid,0.0,0.0,0.0,0.0,0.0,1.0,0.0,1.0,0.0,0.0,0.0,0.0,0.0,0.0,0.0
44775,7,10.73,4.0,47.0,150990.0,49.28755,50.468422,176902.03,92407.74,0,0.0,0.0,92.407745,4.5369744,11.924968888438515,3.9177575,3.9213479,0.47401262527730503,0.9084539490917205,1.0102511712281506,0.9084539490917205,1.0102511712281506,2.4621496,0.19519186,83.47478221906961,31.758821,1,0,1,0.0,0.0,0.0,mid,0.0,0.0,0.0,0.0,0.0,1.0,0.0,1.0,0.0,0.0,0.0,0.0,0.0,0.0,0.0
44794,1,2.6933334,4.0,47.0,105050.0,50.801636,49.242867,165400.58,82007.4,0,0.0,0.0,82.0074,4.4189296,11.562191706273147,3.9474218,3.8967645,0.4242645880174274,0.7428517817893355,0.8187542569884054,0.7428517817893355,0.8187542569884054,1.3065294,,11.562191706273147,4.4189296,0,0,0,0.0,0.0,0.0,near,1.0,0.0,0.0,0.0,0.0,0.0,0.0,0.0,0.0,0.0,0.0,0.0,0.0,0.0,0.0
44794,2,2.0566666,4.0,47.0,105050.0,46.18383,44.704918,165400.58,82007.4,0,0.0,0.0,82.0074,4.4189296,11.562191706273147,3.8540514,3.8000834,0.4242645880174274,0.7428517817893355,0.8187542569884054,0.7428517817893355,0.8187542569884054,1.1173251,-0.18920434,23.124383412546294,8.837859,0,0,0,0.0,0.0,0.0,near,1.0,0.0,0.0,0.0,0.0,0.0,0.0,0.0,0.0,0.0,0.0,0.0,0.0,0.0,0.0
44794,3,2.5175,4.0,47.0,105050.0,51.086395,50.90254,165400.58,82007.4,0,0.0,0.0,82.0074,4.4189296,11.562191706273147,3.9529037,3.9299128,0.4242645880174274,0.7428517817893355,0.8187542569884054,0.7428517817893355,0.8187542569884054,1.2577505,0.14042544,34.68657511881944,13.256788,1,1,0,0.0,0.0,0.0,near,1.0,1.0,0.0,0.0,0.0,0.0,0.0,0.0,0.0,0.0,0.0,0.0,0.0,0.0,0.0
44794,4,1.9,4.0,47.0,105050.0,48.722458,45.823597,165400.58,82007.4,0,0.0,0.0,82.0074,4.4189296,11.562191706273147,3.9064567,3.824799,0.4242645880174274,0.7428517817893355,0.8187542569884054,0.7428517817893355,0.8187542569884054,1.0647107,-0.19303977,46.24876682509259,17.675718,1,1,0,0.0,0.0,0.0,near,1.0,1.0,0.0,0.0,0.0,0.0,0.0,0.0,0.0,0.0,0.0,0.0,0.0,0.0,0.0
44794,5,1.59,4.0,47.0,105050.0,53.54089,53.982597,165400.58,82007.4,0,0.0,0.0,82.0074,4.4189296,11.562191706273147,3.9989507,3.9886618,0.4242645880174274,0.7428517817893355,0.8187542569884054,0.7428517817893355,0.8187542569884054,0.9516579,-0.113052845,57.810958531365735,22.094648,1,0,1,0.0,0.0,0.0,near,1.0,0.0,1.0,0.0,0.0,0.0,0.0,0.0,0.0,0.0,0.0,0.0,0.0,0.0,0.0
44794,6,1.8566667,4.0,47.0,105050.0,45.717205,45.082043,165400.58,82007.4,0,0.0,0.0,82.0074,4.4189296,11.562191706273147,3.8441124,3.808484,0.4242645880174274,0.7428517817893355,0.8187542569884054,0.7428517817893355,0.8187542569884054,1.0496554,0.097997546,69.37315023763888,26.513577,1,0,1,0.0,0.0,0.0,near,1.0,0.0,1.0,0.0,0.0,0.0,0.0,0.0,0.0,0.0,0.0,0.0,0.0,0.0,0.0
44794,7,1.76,4.0,47.0,105050.0,49.28755,50.468422,165400.58,82007.4,0,0.0,0.0,82.0074,4.4189296,11.562191706273147,3.9177575,3.9213479,0.4242645880174274,0.7428517817893355,0.8187542569884054,0.7428517817893355,0.8187542569884054,1.0152307,-0.03442478,80.93534194391202,30.932507,1,0,1,0.0,0.0,0.0,near,1.0,0.0,1.0,0.0,0.0,0.0,0.0,0.0,0.0,0.0,0.0,0.0,0.0,0.0,0.0
45015,1,6.9766665,4.0,50.0,145400.0,35.099785,37.555668,88692.02,145888.78,0,0.0,0.0,88.692024,4.4963818,11.887243844081556,3.586287,3.6258242,0.46357347595353976,0.8711574666410127,0.9675058253425958,0.8711574666410127,0.9675058253425958,2.0765207,,11.887243844081556,4.4963818,0,0,0,0.0,0.0,0.0,mid,0.0,0.0,0.0,0.0,0.0,1.0,0.0,0.0,0.0,0.0,0.0,0.0,0.0,0.0,0.0
45015,2,7.5133333,4.0,50.0,145400.0,36.511967,36.574276,88692.02,145888.78,0,0.0,0.0,88.692024,4.4963818,11.887243844081556,3.62466,3.5993452,0.46357347595353976,0.8711574666410127,0.9675058253425958,0.8711574666410127,0.9675058253425958,2.1416335,0.06511283,23.774487688163113,8.9927635,0,0,0,0.0,0.0,0.0,mid,0.0,0.0,0.0,0.0,0.0,1.0,0.0,0.0,0.0,0.0,0.0,0.0,0.0,0.0,0.0
45015,3,6.8275003,4.0,50.0,145400.0,40.761944,40.25152,88692.02,145888.78,0,0.0,0.0,88.692024,4.4963818,11.887243844081556,3.7319856,3.6951478,0.46357347595353976,0.8711574666410127,0.9675058253425958,0.8711574666410127,0.9675058253425958,2.0576432,-0.083990335,35.66173153224467,13.489145,1,1,0,0.0,0.0,0.0,mid,0.0,0.0,0.0,0.0,0.0,1.0,1.0,0.0,0.0,0.0,0.0,0.0,0.0,0.0,0.0
45015,4,6.9333334,4.0,50.0,145400.0,43.24327,40.474236,88692.02,145888.78,0,0.0,0.0,88.692024,4.4963818,11.887243844081556,3.7897034,3.7006657,0.46357347595353976,0.8711574666410127,0.9675058253425958,0.8711574666410127,0.9675058253425958,2.0710733,0.013430119,47.548975376326226,17.985527,1,1,0,0.0,0.0,0.0,mid,0.0,0.0,0.0,0.0,0.0,1.0,1.0,0.0,0.0,0.0,0.0,0.0,0.0,0.0,0.0
45015,5,5.4333334,4.0,50.0,145400.0,45.09953,46.7109,88692.02,145888.78,0,0.0,0.0,88.692024,4.4963818,11.887243844081556,3.8308027,3.8439775,0.46357347595353976,0.8711574666410127,0.9675058253425958,0.8711574666410127,0.9675058253425958,1.8614929,-0.20958042,59.43621922040778,22.481909,1,0,1,0.0,0.0,0.0,mid,0.0,0.0,0.0,0.0,0.0,1.0,0.0,1.0,0.0,0.0,0.0,0.0,0.0,0.0,0.0
45015,6,6.75,4.0,50.0,145400.0,36.651035,36.856155,88692.02,145888.78,0,0.0,0.0,88.692024,4.4963818,11.887243844081556,3.6283605,3.6070228,0.46357347595353976,0.8711574666410127,0.9675058253425958,0.8711574666410127,0.9675058253425958,2.0476928,0.1861999,71.32346306448935,26.97829,1,0,1,0.0,0.0,0.0,mid,0.0,0.0,0.0,0.0,0.0,1.0,0.0,1.0,0.0,0.0,0.0,0.0,0.0,0.0,0.0
45015,7,7.755,4.0,50.0,145400.0,41.02137,44.547234,88692.02,145888.78,0,0.0,0.0,88.692024,4.4963818,11.887243844081556,3.7381783,3.79655,0.46357347595353976,0.8711574666410127,0.9675058253425958,0.8711574666410127,0.9675058253425958,2.169625,0.12193227,83.2107069085709,31.474672,1,0,1,0.0,0.0,0.0,mid,0.0,0.0,0.0,0.0,0.0,1.0,0.0,1.0,0.0,0.0,0.0,0.0,0.0,0.0,0.0
45039,1,3.5466666,4.0,50.0,362040.0,33.55306,36.155453,103111.336,157602.48,0,0.0,0.0,103.111336,4.645461,12.799509981941107,3.5424962,3.5878277,0.5623137631922541,1.2951025276448977,1.3299178971169687,1.2951025276448977,1.3299178971169687,1.5143944,,12.799509981941107,4.645461,0,0,0,0.0,0.0,0.0,mid,0.0,0.0,0.0,0.0,0.0,1.0,0.0,0.0,0.0,0.0,0.0,0.0,0.0,0.0,0.0
45039,2,3.7366667,4.0,50.0,362040.0,34.986286,35.07003,103111.336,157602.48,0,0.0,0.0,103.111336,4.645461,12.799509981941107,3.583138,3.5573468,0.5623137631922541,1.2951025276448977,1.3299178971169687,1.2951025276448977,1.3299178971169687,1.5553336,0.04093921,25.599019963882213,9.290922,0,0,0,0.0,0.0,0.0,mid,0.0,0.0,0.0,0.0,0.0,1.0,0.0,0.0,0.0,0.0,0.0,0.0,0.0,0.0,0.0
45039,3,3.5974998,4.0,50.0,362040.0,38.56622,38.408875,103111.336,157602.48,0,0.0,0.0,103.111336,4.645461,12.799509981941107,3.6779757,3.6482885,0.5623137631922541,1.2951025276448977,1.3299178971169687,1.2951025276448977,1.3299178971169687,1.5255127,-0.029820919,38.39852994582332,13.936383,1,1,0,0.0,0.0,0.0,mid,0.0,0.0,0.0,0.0,0.0,1.0,1.0,0.0,0.0,0.0,0.0,0.0,0.0,0.0,0.0
45039,4,3.14,4.0,50.0,362040.0,40.145058,38.367466,103111.336,157602.48,0,0.0,0.0,103.111336,4.645461,12.799509981941107,3.717104,3.64721,0.5623137631922541,1.2951025276448977,1.3299178971169687,1.2951025276448977,1.3299178971169687,1.4206959,-0.104816794,51.19803992776443,18.581844,1,1,0,0.0,0.0,0.0,mid,0.0,0.0,0.0,0.0,0.0,1.0,1.0,0.0,0.0,0.0,0.0,0.0,0.0,0.0,0.0
45039,5,2.2933333,4.0,50.0,362040.0,42.742012,45.54016,103111.336,157602.48,0,0.0,0.0,103.111336,4.645461,12.799509981941107,3.778309,3.8185947,0.5623137631922541,1.2951025276448977,1.3299178971169687,1.2951025276448977,1.3299178971169687,1.1919003,-0.22879565,63.99754990970553,23.227306,1,0,1,0.0,0.0,0.0,mid,0.0,0.0,0.0,0.0,0.0,1.0,0.0,1.0,0.0,0.0,0.0,0.0,0.0,0.0,0.0
45039,6,2.7066667,4.0,50.0,362040.0,34.075424,34.98696,103111.336,157602.48,0,0.0,0.0,103.111336,4.645461,12.799509981941107,3.5575008,3.5549755,0.5623137631922541,1.2951025276448977,1.3299178971169687,1.2951025276448977,1.3299178971169687,1.310133,0.11823273,76.79705989164664,27.872766,1,0,1,0.0,0.0,0.0,mid,0.0,0.0,0.0,0.0,0.0,1.0,0.0,1.0,0.0,0.0,0.0,0.0,0.0,0.0,0.0
45039,7,2.9450002,4.0,50.0,362040.0,38.54248,42.127064,103111.336,157602.48,0,0.0,0.0,103.111336,4.645461,12.799509981941107,3.6773756,3.7406905,0.5623137631922541,1.2951025276448977,1.3299178971169687,1.2951025276448977,1.3299178971169687,1.372449,0.06231606,89.59656987358775,32.518227,1,0,1,0.0,0.0,0.0,mid,0.0,0.0,0.0,0.0,0.0,1.0,0.0,1.0,0.0,0.0,0.0,0.0,0.0,0.0,0.0
45063,1,2.25,4.0,50.0,93200.0,39.27053,39.142467,82149.12,104474.33,0,0.0,0.0,82.14912,4.4206357,11.442503000673682,3.69562,3.667208,0.4154333043145421,0.7163999865005343,0.7883517978178478,0.7163999865005343,0.7883517978178478,1.178655,,11.442503000673682,4.4206357,0,0,0,0.0,0.0,0.0,near,1.0,0.0,0.0,0.0,0.0,0.0,0.0,0.0,0.0,0.0,0.0,0.0,0.0,0.0,0.0
45063,2,2.2666667,4.0,50.0,93200.0,38.919743,36.779255,82149.12,104474.33,0,0.0,0.0,82.14912,4.4206357,11.442503000673682,3.686871,3.604934,0.4154333043145421,0.7163999865005343,0.7883517978178478,0.7163999865005343,0.7883517978178478,1.1837701,0.005115032,22.885006001347364,8.841271,0,0,0,0.0,0.0,0.0,near,1.0,0.0,0.0,0.0,0.0,0.0,0.0,0.0,0.0,0.0,0.0,0.0,0.0,0.0,0.0
45063,3,2.9125,4.0,50.0,93200.0,43.921387,42.032352,82149.12,104474.33,0,0.0,0.0,82.14912,4.4206357,11.442503000673682,3.804914,3.7384396,0.4154333043145421,0.7163999865005343,0.7883517978178478,0.7163999865005343,0.7883517978178478,1.3641765,0.18040645,34.327509002021046,13.261908,1,1,0,0.0,0.0,0.0,near,1.0,1.0,0.0,0.0,0.0,0.0,0.0,0.0,0.0,0.0,0.0,0.0,0.0,0.0,0.0
45063,4,2.9466667,4.0,50.0,93200.0,44.64624,41.14703,82149.12,104474.33,0,0.0,0.0,82.14912,4.4206357,11.442503000673682,3.8209212,3.7171516,0.4154333043145421,0.7163999865005343,0.7883517978178478,0.7163999865005343,0.7883517978178478,1.3728714,0.008694887,45.77001200269473,17.682543,1,1,0,0.0,0.0,0.0,near,1.0,1.0,0.0,0.0,0.0,0.0,0.0,0.0,0.0,0.0,0.0,0.0,0.0,0.0,0.0
45063,5,2.1533332,4.0,50.0,93200.0,49.068954,48.644524,82149.12,104474.33,0,0.0,0.0,82.14912,4.4206357,11.442503000673682,3.9134011,3.8845391,0.4154333043145421,0.7163999865005343,0.7883517978178478,0.7163999865005343,0.7883517978178478,1.14846,-0.22441137,57.21251500336841,22.103178,1,0,1,0.0,0.0,0.0,near,1.0,0.0,1.0,0.0,0.0,0.0,0.0,0.0,0.0,0.0,0.0,0.0,0.0,0.0,0.0
45063,6,2.2733333,4.0,50.0,93200.0,39.717804,38.026253,82149.12,104474.33,0,0.0,0.0,82.14912,4.4206357,11.442503000673682,3.7066655,3.6382768,0.4154333043145421,0.7163999865005343,0.7883517978178478,0.7163999865005343,0.7883517978178478,1.1858088,0.037348747,68.65501800404209,26.523815,1,0,1,0.0,0.0,0.0,near,1.0,0.0,1.0,0.0,0.0,0.0,0.0,0.0,0.0,0.0,0.0,0.0,0.0,0.0,0.0
45063,7,1.9649999,4.0,50.0,93200.0,43.8238,45.13978,82149.12,104474.33,0,0.0,0.0,82.14912,4.4206357,11.442503000673682,3.8027391,3.809764,0.4154333043145421,0.7163999865005343,0.7883517978178478,0.7163999865005343,0.7883517978178478,1.0868771,-0.09893167,80.09752100471577,30.94445,1,0,1,0.0,0.0,0.0,near,1.0,0.0,1.0,0.0,0.0,0.0,0.0,0.0,0.0,0.0,0.0,0.0,0.0,0.0,0.0
45071,1,3.18,4.0,50.0,267290.0,39.27053,39.142467,80631.6,113207.29,0,0.0,0.0,80.6316,4.4022164,12.496089490278674,3.69562,3.667208,0.4937748461448033,0.9832717666535186,1.0532342666751329,0.9832717666535186,1.0532342666751329,1.4303113,,12.496089490278674,4.4022164,0,0,0,0.0,0.0,0.0,near,1.0,0.0,0.0,0.0,0.0,0.0,0.0,0.0,0.0,0.0,0.0,0.0,0.0,0.0,0.0
45071,2,3.3466666,4.0,50.0,267290.0,38.919743,36.779255,80631.6,113207.29,0,0.0,0.0,80.6316,4.4022164,12.496089490278674,3.686871,3.604934,0.4937748461448033,0.9832717666535186,1.0532342666751329,0.9832717666535186,1.0532342666751329,1.4694092,0.039097905,24.992178980557348,8.804433,0,0,0,0.0,0.0,0.0,near,1.0,0.0,0.0,0.0,0.0,0.0,0.0,0.0,0.0,0.0,0.0,0.0,0.0,0.0,0.0
45071,3,3.8899999,4.0,50.0,267290.0,43.921387,42.032352,80631.6,113207.29,0,0.0,0.0,80.6316,4.4022164,12.496089490278674,3.804914,3.7384396,0.4937748461448033,0.9832717666535186,1.0532342666751329,0.9832717666535186,1.0532342666751329,1.5871923,0.11778307,37.48826847083602,13.20665,1,1,0,0.0,0.0,0.0,near,1.0,1.0,0.0,0.0,0.0,0.0,0.0,0.0,0.0,0.0,0.0,0.0,0.0,0.0,0.0
45071,4,3.3233333,4.0,50.0,267290.0,44.64624,41.14703,80631.6,113207.29,0,0.0,0.0,80.6316,4.4022164,12.496089490278674,3.8209212,3.7171516,0.4937748461448033,0.9832717666535186,1.0532342666751329,0.9832717666535186,1.0532342666751329,1.4640267,-0.12316561,49.984357961114696,17.608866,1,1,0,0.0,0.0,0.0,near,1.0,1.0,0.0,0.0,0.0,0.0,0.0,0.0,0.0,0.0,0.0,0.0,0.0,0.0,0.0
45071,5,2.5466666,4.0,50.0,267290.0,49.068954,48.644524,80631.6,113207.29,0,0.0,0.0,80.6316,4.4022164,12.496089490278674,3.9134011,3.8845391,0.4937748461448033,0.9832717666535186,1.0532342666751329,0.9832717666535186,1.0532342666751329,1.2660081,-0.19801855,62.480447451393374,22.011082,1,0,1,0.0,0.0,0.0,near,1.0,0.0,1.0,0.0,0.0,0.0,0.0,0.0,0.0,0.0,0.0,0.0,0.0,0.0,0.0
45071,6,3.3966668,4.0,50.0,267290.0,39.717804,38.026253,80631.6,113207.29,0,0.0,0.0,80.6316,4.4022164,12.496089490278674,3.7066655,3.6382768,0.4937748461448033,0.9832717666535186,1.0532342666751329,0.9832717666535186,1.0532342666751329,1.4808466,0.2148385,74.97653694167204,26.4133,1,0,1,0.0,0.0,0.0,near,1.0,0.0,1.0,0.0,0.0,0.0,0.0,0.0,0.0,0.0,0.0,0.0,0.0,0.0,0.0
45071,7,3.295,4.0,50.0,267290.0,43.8238,45.13978,80631.6,113207.29,0,0.0,0.0,80.6316,4.4022164,12.496089490278674,3.8027391,3.809764,0.4937748461448033,0.9832717666535186,1.0532342666751329,0.9832717666535186,1.0532342666751329,1.4574516,-0.023395061,87.47262643195072,30.815516,1,0,1,0.0,0.0,0.0,near,1.0,0.0,1.0,0.0,0.0,0.0,0.0,0.0,0.0,0.0,0.0,0.0,0.0,0.0,0.0
45079,1,7.0133333,4.0,50.0,367380.0,39.27053,39.142467,94449.0,124988.85,0,0.0,0.0,94.449,4.558592,12.814152013700054,3.69562,3.667208,0.5475421972085249,1.2199101367771539,1.2637643854649543,1.2199101367771539,1.2637643854649543,2.081107,,12.814152013700054,4.558592,0,0,0,0.0,0.0,0.0,mid,0.0,0.0,0.0,0.0,0.0,1.0,0.0,0.0,0.0,0.0,0.0,0.0,0.0,0.0,0.0
45079,2,7.246667,4.0,50.0,367380.0,38.919743,36.779255,94449.0,124988.85,0,0.0,0.0,94.449,4.558592,12.814152013700054,3.686871,3.604934,0.5475421972085249,1.2199101367771539,1.2637643854649543,1.2199101367771539,1.2637643854649543,2.1098092,0.028702259,25.62830402740011,9.117184,0,0,0,0.0,0.0,0.0,mid,0.0,0.0,0.0,0.0,0.0,1.0,0.0,0.0,0.0,0.0,0.0,0.0,0.0,0.0,0.0
45079,3,6.8625,4.0,50.0,367380.0,43.921387,42.032352,94449.0,124988.85,0,0.0,0.0,94.449,4.558592,12.814152013700054,3.804914,3.7384396,0.5475421972085249,1.2199101367771539,1.2637643854649543,1.2199101367771539,1.2637643854649543,2.0621047,-0.04770446,38.442456041100165,13.675776,1,1,0,0.0,0.0,0.0,mid,0.0,0.0,0.0,0.0,0.0,1.0,1.0,0.0,0.0,0.0,0.0,0.0,0.0,0.0,0.0
45079,4,5.9333334,4.0,50.0,367380.0,44.64624,41.14703,94449.0,124988.85,0,0.0,0.0,94.449,4.558592,12.814152013700054,3.8209212,3.7171516,0.5475421972085249,1.2199101367771539,1.2637643854649543,1.2199101367771539,1.2637643854649543,1.9363407,-0.12576401,51.25660805480022,18.234367,1,1,0,0.0,0.0,0.0,mid,0.0,0.0,0.0,0.0,0.0,1.0,1.0,0.0,0.0,0.0,0.0,0.0,0.0,0.0,0.0
45079,5,4.64,4.0,50.0,367380.0,49.068954,48.644524,94449.0,124988.85,0,0.0,0.0,94.449,4.558592,12.814152013700054,3.9134011,3.8845391,0.5475421972085249,1.2199101367771539,1.2637643854649543,1.2199101367771539,1.2637643854649543,1.729884,-0.20645666,64.07076006850028,22.79296,1,0,1,0.0,0.0,0.0,mid,0.0,0.0,0.0,0.0,0.0,1.0,0.0,1.0,0.0,0.0,0.0,0.0,0.0,0.0,0.0
45079,6,6.043333,4.0,50.0,367380.0,39.717804,38.026253,94449.0,124988.85,0,0.0,0.0,94.449,4.558592,12.814152013700054,3.7066655,3.6382768,0.5475421972085249,1.2199101367771539,1.2637643854649543,1.2199101367771539,1.2637643854649543,1.9520816,0.22219753,76.88491208220033,27.351551,1,0,1,0.0,0.0,0.0,mid,0.0,0.0,0.0,0.0,0.0,1.0,0.0,1.0,0.0,0.0,0.0,0.0,0.0,0.0,0.0
45079,7,6.4700003,4.0,50.0,367380.0,43.8238,45.13978,94449.0,124988.85,0,0.0,0.0,94.449,4.558592,12.814152013700054,3.8027391,3.809764,0.5475421972085249,1.2199101367771539,1.2637643854649543,1.2199101367771539,1.2637643854649543,2.010895,0.058813453,89.69906409590038,31.910143,1,0,1,0.0,0.0,0.0,mid,0.0,0.0,0.0,0.0,0.0,1.0,0.0,1.0,0.0,0.0,0.0,0.0,0.0,0.0,0.0
45094,1,4.9100003,4.0,50.0,264680.0,36.585655,37.323063,97787.52,137667.36,0,0.0,0.0,97.78752,4.5929713,12.486276828125996,3.6266224,3.6196115,0.528330467210098,1.1291617536416279,1.2044310817195742,1.1291617536416279,1.2044310817195742,1.7766459,,12.486276828125996,4.5929713,0,0,0,0.0,0.0,0.0,mid,0.0,0.0,0.0,0.0,0.0,1.0,0.0,0.0,0.0,0.0,0.0,0.0,0.0,0.0,0.0
45094,2,4.6966667,4.0,50.0,264680.0,36.878853,35.41625,97787.52,137667.36,0,0.0,0.0,97.78752,4.5929713,12.486276828125996,3.634393,3.5671706,0.528330467210098,1.1291617536416279,1.2044310817195742,1.1291617536416279,1.2044310817195742,1.7398812,-0.03676474,24.972553656251993,9.185943,0,0,0,0.0,0.0,0.0,mid,0.0,0.0,0.0,0.0,0.0,1.0,0.0,0.0,0.0,0.0,0.0,0.0,0.0,0.0,0.0
45094,3,4.745,4.0,50.0,264680.0,41.02025,39.59684,97787.52,137667.36,0,0.0,0.0,97.78752,4.5929713,12.486276828125996,3.7381516,3.6787493,0.528330467210098,1.1291617536416279,1.2044310817195742,1.1291617536416279,1.2044310817195742,1.7483299,0.00844872,37.45883048437799,13.7789135,1,1,0,0.0,0.0,0.0,mid,0.0,0.0,0.0,0.0,0.0,1.0,1.0,0.0,0.0,0.0,0.0,0.0,0.0,0.0,0.0
45094,4,4.3166666,4.0,50.0,264680.0,41.528816,38.94725,97787.52,137667.36,0,0.0,0.0,97.78752,4.5929713,12.486276828125996,3.750182,3.662208,0.528330467210098,1.1291617536416279,1.2044310817195742,1.1291617536416279,1.2044310817195742,1.6708465,-0.077483416,49.945107312503985,18.371885,1,1,0,0.0,0.0,0.0,mid,0.0,0.0,0.0,0.0,0.0,1.0,1.0,0.0,0.0,0.0,0.0,0.0,0.0,0.0,0.0
45094,5,3.3700001,4.0,50.0,264680.0,45.688465,46.768005,97787.52,137667.36,0,0.0,0.0,97.78752,4.5929713,12.486276828125996,3.843497,3.8451993,0.528330467210098,1.1291617536416279,1.2044310817195742,1.1291617536416279,1.2044310817195742,1.474763,-0.19608343,62.43138414062998,22.964857,1,0,1,0.0,0.0,0.0,mid,0.0,0.0,0.0,0.0,0.0,1.0,0.0,1.0,0.0,0.0,0.0,0.0,0.0,0.0,0.0
45094,6,4.9533334,4.0,50.0,264680.0,36.466526,35.938587,97787.52,137667.36,0,0.0,0.0,97.78752,4.5929713,12.486276828125996,3.623448,3.5818117,0.528330467210098,1.1291617536416279,1.2044310817195742,1.1291617536416279,1.2044310817195742,1.7839513,0.30918825,74.91766096875598,27.557827,1,0,1,0.0,0.0,0.0,mid,0.0,0.0,0.0,0.0,0.0,1.0,0.0,1.0,0.0,0.0,0.0,0.0,0.0,0.0,0.0
45094,7,5.45,4.0,50.0,264680.0,40.723198,42.74179,97787.52,137667.36,0,0.0,0.0,97.78752,4.5929713,12.486276828125996,3.7310572,3.7551773,0.528330467210098,1.1291617536416279,1.2044310817195742,1.1291617536416279,1.2044310817195742,1.8640801,0.08012879,87.40393779688198,32.1508,1,0,1,0.0,0.0,0.0,mid,0.0,0.0,0.0,0.0,0.0,1.0,0.0,1.0,0.0,0.0,0.0,0.0,0.0,0.0,0.0
45557,1,3.04,4.0,55.0,286380.0,41.2405,40.092525,112097.836,84345.625,0,0.0,0.0,84.34563,4.446709,12.565074879227998,3.7433796,3.69119,0.5074272469075406,1.03846467128587,1.1074239620171458,1.03846467128587,1.1074239620171458,1.3962446,,12.565074879227998,4.446709,0,0,0,0.0,0.0,0.0,near,1.0,0.0,0.0,0.0,0.0,0.0,0.0,0.0,0.0,0.0,0.0,0.0,0.0,0.0,0.0
45557,2,3.2633333,4.0,55.0,286380.0,39.37197,37.144257,112097.836,84345.625,0,0.0,0.0,84.34563,4.446709,12.565074879227998,3.6981359,3.6148093,0.5074272469075406,1.03846467128587,1.1074239620171458,1.03846467128587,1.1074239620171458,1.4500513,0.053806663,25.130149758455996,8.893418,0,0,0,0.0,0.0,0.0,near,1.0,0.0,0.0,0.0,0.0,0.0,0.0,0.0,0.0,0.0,0.0,0.0,0.0,0.0,0.0
45557,3,3.0075,4.0,55.0,286380.0,44.80301,42.84317,112097.836,84345.625,0,0.0,0.0,84.34563,4.446709,12.565074879227998,3.8243499,3.7575462,0.5074272469075406,1.03846467128587,1.1074239620171458,1.03846467128587,1.1074239620171458,1.3881675,-0.061883807,37.69522463768399,13.340128,1,1,0,0.0,0.0,0.0,near,1.0,1.0,0.0,0.0,0.0,0.0,0.0,0.0,0.0,0.0,0.0,0.0,0.0,0.0,0.0
45557,4,2.8799999,4.0,55.0,286380.0,43.604244,40.59094,112097.836,84345.625,0,0.0,0.0,84.34563,4.446709,12.565074879227998,3.797829,3.7035449,0.5074272469075406,1.03846467128587,1.1074239620171458,1.03846467128587,1.1074239620171458,1.3558351,-0.03233242,50.26029951691199,17.786837,1,1,0,0.0,0.0,0.0,near,1.0,1.0,0.0,0.0,0.0,0.0,0.0,0.0,0.0,0.0,0.0,0.0,0.0,0.0,0.0
45557,5,2.1066666,4.0,55.0,286380.0,48.978783,49.117203,112097.836,84345.625,0,0.0,0.0,84.34563,4.446709,12.565074879227998,3.9115987,3.8942094,0.5074272469075406,1.03846467128587,1.1074239620171458,1.03846467128587,1.1074239620171458,1.1335503,-0.2222848,62.82537439613999,22.233545,1,0,1,0.0,0.0,0.0,near,1.0,0.0,1.0,0.0,0.0,0.0,0.0,0.0,0.0,0.0,0.0,0.0,0.0,0.0,0.0
45557,6,2.6699998,4.0,55.0,286380.0,39.913334,38.378384,112097.836,84345.625,0,0.0,0.0,84.34563,4.446709,12.565074879227998,3.711456,3.6474943,0.5074272469075406,1.03846467128587,1.1074239620171458,1.03846467128587,1.1074239620171458,1.3001916,0.16664135,75.39044927536798,26.680256,1,0,1,0.0,0.0,0.0,near,1.0,0.0,1.0,0.0,0.0,0.0,0.0,0.0,0.0,0.0,0.0,0.0,0.0,0.0,0.0
45557,7,3.3000002,4.0,55.0,286380.0,43.622913,44.257008,112097.836,84345.625,0,0.0,0.0,84.34563,4.446709,12.565074879227998,3.7982476,3.7900138,0.5074272469075406,1.03846467128587,1.1074239620171458,1.03846467128587,1.1074239620171458,1.4586151,0.15842342,87.95552415459599,31.126965,1,0,1,0.0,0.0,0.0,near,1.0,0.0,1.0,0.0,0.0,0.0,0.0,0.0,0.0,0.0,0.0,0.0,0.0,0.0,0.0
45566,1,1.3633333,4.0,55.0,159540.0,47.043427,44.54065,113763.97,70398.48,0,0.0,0.0,70.398476,4.2682767,11.980049953465121,3.8721054,3.7964022,0.4289878474017953,0.7573348918208043,0.8082295154630845,0.7573348918208043,0.8082295154630845,0.860073,,11.980049953465121,4.2682767,0,0,0,0.0,0.0,0.0,near,1.0,0.0,0.0,0.0,0.0,0.0,0.0,0.0,0.0,0.0,0.0,0.0,0.0,0.0,0.0
45566,2,1.1933334,4.0,55.0,159540.0,43.81031,40.980965,113763.97,70398.48,0,0.0,0.0,70.398476,4.2682767,11.980049953465121,3.8024383,3.7131076,0.4289878474017953,0.7573348918208043,0.8082295154630845,0.7573348918208043,0.8082295154630845,0.7854225,-0.07465047,23.960099906930242,8.536553,0,0,0,0.0,0.0,0.0,near,1.0,0.0,0.0,0.0,0.0,0.0,0.0,0.0,0.0,0.0,0.0,0.0,0.0,0.0,0.0
45566,3,1.3175,4.0,55.0,159540.0,49.901978,48.32612,113763.97,70398.48,0,0.0,0.0,70.398476,4.2682767,11.980049953465121,3.9299018,3.8779721,0.4289878474017953,0.7573348918208043,0.8082295154630845,0.7573348918208043,0.8082295154630845,0.8404891,0.055066586,35.940149860395366,12.804831,1,1,0,0.0,0.0,0.0,near,1.0,1.0,0.0,0.0,0.0,0.0,0.0,0.0,0.0,0.0,0.0,0.0,0.0,0.0,0.0
45566,4,1.3,4.0,55.0,159540.0,48.88492,45.092167,113763.97,70398.48,0,0.0,0.0,70.398476,4.2682767,11.980049953465121,3.9097188,3.8087087,0.4289878474017953,0.7573348918208043,0.8082295154630845,0.7573348918208043,0.8082295154630845,0.8329091,-0.0075799823,47.920199813860485,17.073107,1,1,0,0.0,0.0,0.0,near,1.0,1.0,0.0,0.0,0.0,0.0,0.0,0.0,0.0,0.0,0.0,0.0,0.0,0.0,0.0
45566,5,1.0633333,4.0,55.0,159540.0,54.08067,52.848675,113763.97,70398.48,0,0.0,0.0,70.398476,4.2682767,11.980049953465121,4.0087986,3.9674327,0.4289878474017953,0.7573348918208043,0.8082295154630845,0.7573348918208043,0.8082295154630845,0.7243228,-0.10858631,59.900249767325604,21.341383,1,0,1,0.0,0.0,0.0,near,1.0,0.0,1.0,0.0,0.0,0.0,0.0,0.0,0.0,0.0,0.0,0.0,0.0,0.0,0.0
45566,6,1.0133333,4.0,55.0,159540.0,45.402786,42.82003,113763.97,70398.48,0,0.0,0.0,70.398476,4.2682767,11.980049953465121,3.8373594,3.757006,0.4289878474017953,0.7573348918208043,0.8082295154630845,0.7573348918208043,0.8082295154630845,0.6997917,-0.024531066,71.88029972079073,25.609661,1,0,1,0.0,0.0,0.0,near,1.0,0.0,1.0,0.0,0.0,0.0,0.0,0.0,0.0,0.0,0.0,0.0,0.0,0.0,0.0
45566,7,1.26,4.0,55.0,159540.0,48.53972,48.35952,113763.97,70398.48,0,0.0,0.0,70.398476,4.2682767,11.980049953465121,3.9027748,3.878663,0.4289878474017953,0.7573348918208043,0.8082295154630845,0.7573348918208043,0.8082295154630845,0.81536484,0.11557311,83.86034967425584,29.877937,1,0,1,0.0,0.0,0.0,near,1.0,0.0,1.0,0.0,0.0,0.0,0.0,0.0,0.0,0.0,0.0,0.0,0.0,0.0,0.0
45585,1,1.6533333,4.0,55.0,131180.0,41.777767,40.45543,124626.78,90141.04,0,0.0,0.0,90.14104,4.5124083,11.784325704847726,3.7560186,3.7002008,0.45850859686408524,0.8535800276090099,0.9531023049445414,0.8535800276090099,0.9531023049445414,0.97581667,,11.784325704847726,4.5124083,0,0,0,0.0,0.0,0.0,mid,0.0,0.0,0.0,0.0,0.0,1.0,0.0,0.0,0.0,0.0,0.0,0.0,0.0,0.0,0.0
45585,2,1.8366667,4.0,55.0,131180.0,39.495304,37.42776,124626.78,90141.04,0,0.0,0.0,90.14104,4.5124083,11.784325704847726,3.701186,3.6224127,0.45850859686408524,0.8535800276090099,0.9531023049445414,0.8535800276090099,0.9531023049445414,1.0426296,0.06681293,23.568651409695452,9.0248165,0,0,0,0.0,0.0,0.0,mid,0.0,0.0,0.0,0.0,0.0,1.0,0.0,0.0,0.0,0.0,0.0,0.0,0.0,0.0,0.0
45585,3,1.59,4.0,55.0,131180.0,45.04345,43.15459,124626.78,90141.04,0,0.0,0.0,90.14104,4.5124083,11.784325704847726,3.8295856,3.7647889,0.45850859686408524,0.8535800276090099,0.9531023049445414,0.8535800276090099,0.9531023049445414,0.9516579,-0.09097171,35.35297711454318,13.537225,1,1,0,0.0,0.0,0.0,mid,0.0,0.0,0.0,0.0,0.0,1.0,1.0,0.0,0.0,0.0,0.0,0.0,0.0,0.0,0.0
45585,4,1.5133333,4.0,55.0,131180.0,43.320065,40.49552,124626.78,90141.04,0,0.0,0.0,90.14104,4.5124083,11.784325704847726,3.7914376,3.7011914,0.45850859686408524,0.8535800276090099,0.9531023049445414,0.8535800276090099,0.9531023049445414,0.9216099,-0.030048013,47.137302819390904,18.049633,1,1,0,0.0,0.0,0.0,mid,0.0,0.0,0.0,0.0,0.0,1.0,1.0,0.0,0.0,0.0,0.0,0.0,0.0,0.0,0.0
45585,5,1.1833333,4.0,55.0,131180.0,48.954193,49.299305,124626.78,90141.04,0,0.0,0.0,90.14104,4.5124083,11.784325704847726,3.9111066,3.89791,0.45850859686408524,0.8535800276090099,0.9531023049445414,0.8535800276090099,0.9531023049445414,0.7808528,-0.14075708,58.92162852423863,22.562042,1,0,1,0.0,0.0,0.0,mid,0.0,0.0,0.0,0.0,0.0,1.0,0.0,1.0,0.0,0.0,0.0,0.0,0.0,0.0,0.0
45585,6,1.4633334,4.0,55.0,131180.0,39.96666,38.498974,124626.78,90141.04,0,0.0,0.0,90.14104,4.5124083,11.784325704847726,3.7127585,3.6506317,0.45850859686408524,0.8535800276090099,0.9531023049445414,0.8535800276090099,0.9531023049445414,0.9015155,0.12066269,70.70595422908636,27.07445,1,0,1,0.0,0.0,0.0,mid,0.0,0.0,0.0,0.0,0.0,1.0,0.0,1.0,0.0,0.0,0.0,0.0,0.0,0.0,0.0
45585,7,1.72,4.0,55.0,131180.0,43.568123,44.05349,124626.78,90141.04,0,0.0,0.0,90.14104,4.5124083,11.784325704847726,3.797019,3.7854047,0.45850859686408524,0.8535800276090099,0.9531023049445414,0.8535800276090099,0.9531023049445414,1.0006319,0.099116445,82.49027993393408,31.586857,1,0,1,0.0,0.0,0.0,mid,0.0,0.0,0.0,0.0,0.0,1.0,0.0,1.0,0.0,0.0,0.0,0.0,0.0,0.0,0.0
45595,1,1.7533333,4.0,55.0,144530.0,39.856224,39.42592,96538.766,84859.16,0,0.0,0.0,84.85915,4.4527082,11.881242377442888,3.7100592,3.6744235,0.4550653645851871,0.8418170120687075,0.9306992529246325,0.8418170120687075,0.9306992529246325,1.0128124,,11.881242377442888,4.4527082,0,0,0,0.0,0.0,0.0,mid,0.0,0.0,0.0,0.0,0.0,1.0,0.0,0.0,0.0,0.0,0.0,0.0,0.0,0.0,0.0
45595,2,1.5766666,4.0,55.0,144530.0,39.39833,37.095806,96538.766,84859.16,0,0.0,0.0,84.85915,4.4527082,11.881242377442888,3.6987884,3.613504,0.4550653645851871,0.8418170120687075,0.9306992529246325,0.8418170120687075,0.9306992529246325,0.94649655,-0.06631583,23.762484754885776,8.9054165,0,0,0,0.0,0.0,0.0,mid,0.0,0.0,0.0,0.0,0.0,1.0,0.0,0.0,0.0,0.0,0.0,0.0,0.0,0.0,0.0
45595,3,1.8025,4.0,55.0,144530.0,44.57392,42.56246,96538.766,84859.16,0,0.0,0.0,84.85915,4.4527082,11.881242377442888,3.8193357,3.7509727,0.4550653645851871,0.8418170120687075,0.9306992529246325,0.8418170120687075,0.9306992529246325,1.0305119,0.08401531,35.643727132328664,13.358125,1,1,0,0.0,0.0,0.0,mid,0.0,0.0,0.0,0.0,0.0,1.0,1.0,0.0,0.0,0.0,0.0,0.0,0.0,0.0,0.0
45595,4,2.3033333,4.0,55.0,144530.0,45.303608,41.551243,96538.766,84859.16,0,0.0,0.0,84.85915,4.4527082,11.881242377442888,3.8352199,3.7269275,0.4550653645851871,0.8418170120687075,0.9306992529246325,0.8418170120687075,0.9306992529246325,1.1949321,0.16442025,47.52496950977155,17.810833,1,1,0,0.0,0.0,0.0,mid,0.0,0.0,0.0,0.0,0.0,1.0,1.0,0.0,0.0,0.0,0.0,0.0,0.0,0.0,0.0
45595,5,1.5866667,4.0,55.0,144530.0,49.700638,48.99824,96538.766,84859.16,0,0.0,0.0,84.85915,4.4527082,11.881242377442888,3.9259386,3.8917844,0.4550653645851871,0.8418170120687075,0.9306992529246325,0.8418170120687075,0.9306992529246325,0.95037,-0.24456209,59.40621188721444,22.263542,1,0,1,0.0,0.0,0.0,mid,0.0,0.0,0.0,0.0,0.0,1.0,0.0,1.0,0.0,0.0,0.0,0.0,0.0,0.0,0.0
45595,6,1.7633333,4.0,55.0,144530.0,40.405945,38.429314,96538.766,84859.16,0,0.0,0.0,84.85915,4.4527082,11.881242377442888,3.7234244,3.6488206,0.4550653645851871,0.8418170120687075,0.9306992529246325,0.8418170120687075,0.9306992529246325,1.0164376,0.066067636,71.28745426465733,26.71625,1,0,1,0.0,0.0,0.0,mid,0.0,0.0,0.0,0.0,0.0,1.0,0.0,1.0,0.0,0.0,0.0,0.0,0.0,0.0,0.0
45595,7,1.895,4.0,55.0,144530.0,44.361732,45.422585,96538.766,84859.16,0,0.0,0.0,84.85915,4.4527082,11.881242377442888,3.814669,3.8160095,0.4550653645851871,0.8418170120687075,0.9306992529246325,0.8418170120687075,0.9306992529246325,1.0629852,0.046547532,83.16869664210022,31.168957,1,0,1,0.0,0.0,0.0,mid,0.0,0.0,0.0,0.0,0.0,1.0,0.0,1.0,0.0,0.0,0.0,0.0,0.0,0.0,0.0
45747,1,3.0533333,4.0,57.0,229160.0,34.667885,36.244457,117582.2,156768.78,0,0.0,0.0,117.58221,4.7756066,12.342175728522514,3.5742507,3.5902865,0.550742002441055,1.2357787133880314,1.3134268353290501,1.2357787133880314,1.3134268353290501,1.3995396,,12.342175728522514,4.7756066,0,0,0,0.0,0.0,0.0,mid,0.0,0.0,0.0,0.0,0.0,1.0,0.0,0.0,0.0,0.0,0.0,0.0,0.0,0.0,0.0
45747,2,2.71,4.0,57.0,229160.0,35.421074,34.72769,117582.2,156768.78,0,0.0,0.0,117.58221,4.7756066,12.342175728522514,3.5951476,3.5475373,0.550742002441055,1.2357787133880314,1.3134268353290501,1.2357787133880314,1.3134268353290501,1.3110319,-0.08850765,24.68435145704503,9.551213,0,0,0,0.0,0.0,0.0,mid,0.0,0.0,0.0,0.0,0.0,1.0,0.0,0.0,0.0,0.0,0.0,0.0,0.0,0.0,0.0
45747,3,3.3300002,4.0,57.0,229160.0,38.948006,38.21828,117582.2,156768.78,0,0.0,0.0,117.58221,4.7756066,12.342175728522514,3.6875787,3.643314,0.550742002441055,1.2357787133880314,1.3134268353290501,1.2357787133880314,1.3134268353290501,1.4655676,0.15453565,37.026527185567545,14.32682,1,1,0,0.0,0.0,0.0,mid,0.0,0.0,0.0,0.0,0.0,1.0,1.0,0.0,0.0,0.0,0.0,0.0,0.0,0.0,0.0
45747,4,2.8633332,4.0,57.0,229160.0,39.302082,37.56917,117582.2,156768.78,0,0.0,0.0,117.58221,4.7756066,12.342175728522514,3.696403,3.6261837,0.550742002441055,1.2357787133880314,1.3134268353290501,1.2357787133880314,1.3134268353290501,1.3515303,-0.114037275,49.36870291409006,19.102427,1,1,0,0.0,0.0,0.0,mid,0.0,0.0,0.0,0.0,0.0,1.0,1.0,0.0,0.0,0.0,0.0,0.0,0.0,0.0,0.0
45747,5,1.98,4.0,57.0,229160.0,43.27383,45.615875,117582.2,156768.78,0,0.0,0.0,117.58221,4.7756066,12.342175728522514,3.7903938,3.8202558,0.550742002441055,1.2357787133880314,1.3134268353290501,1.2357787133880314,1.3134268353290501,1.0919234,-0.25960696,61.71087864261257,23.878033,1,0,1,0.0,0.0,0.0,mid,0.0,0.0,0.0,0.0,0.0,1.0,0.0,1.0,0.0,0.0,0.0,0.0,0.0,0.0,0.0
45747,6,1.7866666,4.0,57.0,229160.0,34.144188,34.636864,117582.2,156768.78,0,0.0,0.0,117.58221,4.7756066,12.342175728522514,3.5594592,3.5449185,0.550742002441055,1.2357787133880314,1.3134268353290501,1.2357787133880314,1.3134268353290501,1.0248461,-0.06707728,74.05305437113509,28.65364,1,0,1,0.0,0.0,0.0,mid,0.0,0.0,0.0,0.0,0.0,1.0,0.0,1.0,0.0,0.0,0.0,0.0,0.0,0.0,0.0
45747,7,1.535,4.0,57.0,229160.0,38.508484,41.167328,117582.2,156768.78,0,0.0,0.0,117.58221,4.7756066,12.342175728522514,3.6765153,3.717645,0.550742002441055,1.2357787133880314,1.3134268353290501,1.2357787133880314,1.3134268353290501,0.93019354,-0.09465253,86.3952300996576,33.429245,1,0,1,0.0,0.0,0.0,mid,0.0,0.0,0.0,0.0,0.0,1.0,0.0,1.0,0.0,0.0,0.0,0.0,0.0,0.0,0.0
45787,1,4.04,4.0,57.0,263800.0,34.667885,36.244457,135510.58,165534.52,0,0.0,0.0,135.51057,4.916402,12.48294651926535,3.5742507,3.5902865,0.5871470353849573,1.4336389534560385,1.4643229189063756,1.4336389534560385,1.4643229189063756,1.6174061,,12.48294651926535,4.916402,0,0,0,0.0,0.0,0.0,far,0.0,0.0,0.0,0.0,0.0,0.0,0.0,0.0,0.0,0.0,1.0,0.0,0.0,0.0,0.0
45787,2,3.8566666,4.0,57.0,263800.0,35.421074,34.72769,135510.58,165534.52,0,0.0,0.0,135.51057,4.916402,12.48294651926535,3.5951476,3.5475373,0.5871470353849573,1.4336389534560385,1.4643229189063756,1.4336389534560385,1.4643229189063756,1.5803523,-0.037053823,24.9658930385307,9.832804,0,0,0,0.0,0.0,0.0,far,0.0,0.0,0.0,0.0,0.0,0.0,0.0,0.0,0.0,0.0,1.0,0.0,0.0,0.0,0.0
45787,3,3.89,4.0,57.0,263800.0,38.948006,38.21828,135510.58,165534.52,0,0.0,0.0,135.51057,4.916402,12.48294651926535,3.6875787,3.643314,0.5871470353849573,1.4336389534560385,1.4643229189063756,1.4336389534560385,1.4643229189063756,1.5871924,0.00684011,37.44883955779605,14.749206,1,1,0,0.0,0.0,0.0,far,0.0,0.0,0.0,0.0,0.0,0.0,0.0,0.0,0.0,0.0,1.0,1.0,0.0,0.0,0.0
45787,4,3.5166667,4.0,57.0,263800.0,39.302082,37.56917,135510.58,165534.52,0,0.0,0.0,135.51057,4.916402,12.48294651926535,3.696403,3.6261837,0.5871470353849573,1.4336389534560385,1.4643229189063756,1.4336389534560385,1.4643229189063756,1.5077742,-0.07941818,49.9317860770614,19.665607,1,1,0,0.0,0.0,0.0,far,0.0,0.0,0.0,0.0,0.0,0.0,0.0,0.0,0.0,0.0,1.0,1.0,0.0,0.0,0.0
45787,5,2.46,4.0,57.0,263800.0,43.27383,45.615875,135510.58,165534.52,0,0.0,0.0,135.51057,4.916402,12.48294651926535,3.7903938,3.8202558,0.5871470353849573,1.4336389534560385,1.4643229189063756,1.4336389534560385,1.4643229189063756,1.2412686,-0.2665056,62.41473259632676,24.582008,1,0,1,0.0,0.0,0.0,far,0.0,0.0,0.0,0.0,0.0,0.0,0.0,0.0,0.0,0.0,1.0,0.0,1.0,0.0,0.0
45787,6,2.7566667,4.0,57.0,263800.0,34.144188,34.636864,135510.58,165534.52,0,0.0,0.0,135.51057,4.916402,12.48294651926535,3.5594592,3.5449185,0.5871470353849573,1.4336389534560385,1.4643229189063756,1.4336389534560385,1.4643229189063756,1.3235321,0.08226347,74.8976791155921,29.498411,1,0,1,0.0,0.0,0.0,far,0.0,0.0,0.0,0.0,0.0,0.0,0.0,0.0,0.0,0.0,1.0,0.0,1.0,0.0,0.0
45787,7,2.7649999,4.0,57.0,263800.0,38.508484,41.167328,135510.58,165534.52,0,0.0,0.0,135.51057,4.916402,12.48294651926535,3.6765153,3.717645,0.5871470353849573,1.4336389534560385,1.4643229189063756,1.4336389534560385,1.4643229189063756,1.3257478,0.002215743,87.38062563485745,34.414814,1,0,1,0.0,0.0,0.0,far,0.0,0.0,0.0,0.0,0.0,0.0,0.0,0.0,0.0,0.0,1.0,0.0,1.0,0.0,0.0
46528,1,1.11,4.0,65.0,199090.0,47.726734,45.32595,153164.6,75900.56,0,0.0,0.0,75.900566,4.342513,12.201512262773843,3.8862278,3.8138797,0.459708669620772,0.8577150354722796,0.9268845263955824,0.8577150354722796,0.9268845263955824,0.746688,,12.201512262773843,4.342513,0,0,0,0.0,0.0,0.0,near,1.0,0.0,0.0,0.0,0.0,0.0,0.0,0.0,0.0,0.0,0.0,0.0,0.0,0.0,0.0
46528,2,1.3433334,4.0,65.0,199090.0,44.24186,41.572144,153164.6,75900.56,0,0.0,0.0,75.900566,4.342513,12.201512262773843,3.8120227,3.7274303,0.459708669620772,0.8577150354722796,0.9268845263955824,0.8577150354722796,0.9268845263955824,0.85157436,0.10488635,24.403024525547686,8.685026,0,0,0,0.0,0.0,0.0,near,1.0,0.0,0.0,0.0,0.0,0.0,0.0,0.0,0.0,0.0,0.0,0.0,0.0,0.0,0.0
46528,3,1.6375,4.0,65.0,199090.0,50.117325,48.73722,153164.6,75900.56,0,0.0,0.0,75.900566,4.342513,12.201512262773843,3.9341235,3.8864431,0.459708669620772,0.8577150354722796,0.9268845263955824,0.8577150354722796,0.9268845263955824,0.9698315,0.118257165,36.604536788321525,13.027539,1,1,0,0.0,0.0,0.0,near,1.0,1.0,0.0,0.0,0.0,0.0,0.0,0.0,0.0,0.0,0.0,0.0,0.0,0.0,0.0
46528,4,1.45,4.0,65.0,199090.0,48.85538,45.16883,153164.6,75900.56,0,0.0,0.0,75.900566,4.342513,12.201512262773843,3.9091265,3.8104072,0.459708669620772,0.8577150354722796,0.9268845263955824,0.8577150354722796,0.9268845263955824,0.89608806,-0.07374346,48.80604905109537,17.370052,1,1,0,0.0,0.0,0.0,near,1.0,1.0,0.0,0.0,0.0,0.0,0.0,0.0,0.0,0.0,0.0,0.0,0.0,0.0,0.0
46528,5,1.1566666,4.0,65.0,199090.0,53.98253,53.03145,153164.6,75900.56,0,0.0,0.0,75.900566,4.342513,12.201512262773843,4.0070157,3.970885,0.459708669620772,0.8577150354722796,0.9268845263955824,0.8577150354722796,0.9268845263955824,0.76856387,-0.1275242,61.00756131386922,21.712566,1,0,1,0.0,0.0,0.0,near,1.0,0.0,1.0,0.0,0.0,0.0,0.0,0.0,0.0,0.0,0.0,0.0,0.0,0.0,0.0
46528,6,1.2733333,4.0,65.0,199090.0,45.459953,43.214233,153164.6,75900.56,0,0.0,0.0,75.900566,4.342513,12.201512262773843,3.8385906,3.76617,0.459708669620772,0.8577150354722796,0.9268845263955824,0.8577150354722796,0.9268845263955824,0.82124716,0.052683294,73.20907357664305,26.055079,1,0,1,0.0,0.0,0.0,near,1.0,0.0,1.0,0.0,0.0,0.0,0.0,0.0,0.0,0.0,0.0,0.0,0.0,0.0,0.0
46528,7,1.74,4.0,65.0,199090.0,48.675686,48.725037,153164.6,75900.56,0,0.0,0.0,75.900566,4.342513,12.201512262773843,3.9055157,3.886193,0.459708669620772,0.8577150354722796,0.9268845263955824,0.8577150354722796,0.9268845263955824,1.0079579,0.18671077,85.4105858394169,30.39759,1,0,1,0.0,0.0,0.0,near,1.0,0.0,1.0,0.0,0.0,0.0,0.0,0.0,0.0,0.0,0.0,0.0,0.0,0.0,0.0
46552,1,1.39,4.0,65.0,209850.0,47.043427,44.54065,134680.42,67693.68,0,0.0,0.0,67.69368,4.229657,12.254148268761737,3.8721054,3.7964022,0.4430771201009055,0.8019967194798862,0.8498660725484912,0.8019967194798862,0.8498660725484912,0.8712933,,12.254148268761737,4.229657,0,0,0,0.0,0.0,0.0,near,1.0,0.0,0.0,0.0,0.0,0.0,0.0,0.0,0.0,0.0,0.0,0.0,0.0,0.0,0.0
46552,2,1.4766667,4.0,65.0,209850.0,43.81031,40.980965,134680.42,67693.68,0,0.0,0.0,67.69368,4.229657,12.254148268761737,3.8024383,3.7131076,0.4430771201009055,0.8019967194798862,0.8498660725484912,0.8019967194798862,0.8498660725484912,0.9069136,0.035620272,24.508296537523474,8.459314,0,0,0,0.0,0.0,0.0,near,1.0,0.0,0.0,0.0,0.0,0.0,0.0,0.0,0.0,0.0,0.0,0.0,0.0,0.0,0.0
46552,3,1.7925,4.0,65.0,209850.0,49.901978,48.32612,134680.42,67693.68,0,0.0,0.0,67.69368,4.229657,12.254148268761737,3.9299018,3.8779721,0.4430771201009055,0.8019967194798862,0.8498660725484912,0.8019967194798862,0.8498660725484912,1.0269372,0.12002367,36.76244480628521,12.6889715,1,1,0,0.0,0.0,0.0,near,1.0,1.0,0.0,0.0,0.0,0.0,0.0,0.0,0.0,0.0,0.0,0.0,0.0,0.0,0.0
46552,4,1.5433334,4.0,65.0,209850.0,48.88492,45.092167,134680.42,67693.68,0,0.0,0.0,67.69368,4.229657,12.254148268761737,3.9097188,3.8087087,0.4430771201009055,0.8019967194798862,0.8498660725484912,0.8019967194798862,0.8498660725484912,0.9334756,-0.09346163,49.01659307504695,16.918629,1,1,0,0.0,0.0,0.0,near,1.0,1.0,0.0,0.0,0.0,0.0,0.0,0.0,0.0,0.0,0.0,0.0,0.0,0.0,0.0
46552,5,1.2033334,4.0,65.0,209850.0,54.08067,52.848675,134680.42,67693.68,0,0.0,0.0,67.69368,4.229657,12.254148268761737,4.0087986,3.9674327,0.4430771201009055,0.8019967194798862,0.8498660725484912,0.8019967194798862,0.8498660725484912,0.78997135,-0.14350426,61.27074134380869,21.148285,1,0,1,0.0,0.0,0.0,near,1.0,0.0,1.0,0.0,0.0,0.0,0.0,0.0,0.0,0.0,0.0,0.0,0.0,0.0,0.0
46552,6,1.54,4.0,65.0,209850.0,45.402786,42.82003,134680.42,67693.68,0,0.0,0.0,67.69368,4.229657,12.254148268761737,3.8373594,3.757006,0.4430771201009055,0.8019967194798862,0.8498660725484912,0.8019967194798862,0.8498660725484912,0.9321641,0.14219272,73.52488961257042,25.377943,1,0,1,0.0,0.0,0.0,near,1.0,0.0,1.0,0.0,0.0,0.0,0.0,0.0,0.0,0.0,0.0,0.0,0.0,0.0,0.0
46552,7,1.6800001,4.0,65.0,209850.0,48.53972,48.35952,134680.42,67693.68,0,0.0,0.0,67.69368,4.229657,12.254148268761737,3.9027748,3.878663,0.4430771201009055,0.8019967194798862,0.8498660725484912,0.8019967194798862,0.8498660725484912,0.98581684,0.053652763,85.77903788133216,29.607601,1,0,1,0.0,0.0,0.0,near,1.0,0.0,1.0,0.0,0.0,0.0,0.0,0.0,0.0,0.0,0.0,0.0,0.0,0.0,0.0
46576,1,1.84,4.0,65.0,252050.0,43.97179,42.004185,141689.12,81982.28,0,0.0,0.0,81.982285,4.4186273,12.437382759510777,3.8060355,3.7377694,0.4922156278937392,0.9771571084507826,1.0508790212439343,0.9771571084507826,1.0508790212439343,1.043804,,12.437382759510777,4.4186273,0,0,0,0.0,0.0,0.0,near,1.0,0.0,0.0,0.0,0.0,0.0,0.0,0.0,0.0,0.0,0.0,0.0,0.0,0.0,0.0
46576,2,2.07,4.0,65.0,252050.0,41.293224,38.753345,141689.12,81982.28,0,0.0,0.0,81.982285,4.4186273,12.437382759510777,3.744627,3.657217,0.4922156278937392,0.9771571084507826,1.0508790212439343,0.9771571084507826,1.0508790212439343,1.1216775,0.07787347,24.874765519021555,8.837255,0,0,0,0.0,0.0,0.0,near,1.0,0.0,0.0,0.0,0.0,0.0,0.0,0.0,0.0,0.0,0.0,0.0,0.0,0.0,0.0
46576,3,2.5674999,4.0,65.0,252050.0,47.067837,45.15704,141689.12,81982.28,0,0.0,0.0,81.982285,4.4186273,12.437382759510777,3.8726132,3.8101463,0.4922156278937392,0.9771571084507826,1.0508790212439343,0.9771571084507826,1.0508790212439343,1.271865,0.15018749,37.312148278532334,13.255882,1,1,0,0.0,0.0,0.0,near,1.0,1.0,0.0,0.0,0.0,0.0,0.0,0.0,0.0,0.0,0.0,0.0,0.0,0.0,0.0
46576,4,2.3433332,4.0,65.0,252050.0,45.638752,42.3385,141689.12,81982.28,0,0.0,0.0,81.982285,4.4186273,12.437382759510777,3.8424318,3.745697,0.4922156278937392,0.9771571084507826,1.0508790212439343,0.9771571084507826,1.0508790212439343,1.2069683,-0.0648967,49.74953103804311,17.67451,1,1,0,0.0,0.0,0.0,near,1.0,1.0,0.0,0.0,0.0,0.0,0.0,0.0,0.0,0.0,0.0,0.0,0.0,0.0,0.0
46576,5,1.9033333,4.0,65.0,252050.0,51.090225,50.715347,141689.12,81982.28,0,0.0,0.0,81.982285,4.4186273,12.437382759510777,3.9529774,3.9262285,0.4922156278937392,0.9771571084507826,1.0508790212439343,0.9771571084507826,1.0508790212439343,1.0658594,-0.14110887,62.186913797553885,22.093136,1,0,1,0.0,0.0,0.0,near,1.0,0.0,1.0,0.0,0.0,0.0,0.0,0.0,0.0,0.0,0.0,0.0,0.0,0.0,0.0
46576,6,2.28,4.0,65.0,252050.0,42.231712,40.227608,141689.12,81982.28,0,0.0,0.0,81.982285,4.4186273,12.437382759510777,3.7665744,3.6945536,0.4922156278937392,0.9771571084507826,1.0508790212439343,0.9771571084507826,1.0508790212439343,1.1878434,0.121984005,74.62429655706467,26.511765,1,0,1,0.0,0.0,0.0,near,1.0,0.0,1.0,0.0,0.0,0.0,0.0,0.0,0.0,0.0,0.0,0.0,0.0,0.0,0.0
46576,7,2.24,4.0,65.0,252050.0,45.63962,45.8049,141689.12,81982.28,0,0.0,0.0,81.982285,4.4186273,12.437382759510777,3.8424504,3.8243911,0.4922156278937392,0.9771571084507826,1.0508790212439343,0.9771571084507826,1.0508790212439343,1.1755733,-0.012270093,87.06167931657544,30.930391,1,0,1,0.0,0.0,0.0,near,1.0,0.0,1.0,0.0,0.0,0.0,0.0,0.0,0.0,0.0,0.0,0.0,0.0,0.0,0.0
48704,1,1.5333333,4.0,87.0,218660.0,47.373947,46.55609,214470.94,144548.42,0,0.0,0.0,144.54842,4.980509,12.295273290988476,3.8789613,3.840658,0.5844030911299721,1.4175178080270179,1.4661827820489175,1.4175178080270179,1.4661827820489175,0.9295359,,12.295273290988476,4.980509,0,0,0,0.0,0.0,0.0,far,0.0,0.0,0.0,0.0,0.0,0.0,0.0,0.0,0.0,0.0,1.0,0.0,0.0,0.0,0.0
48704,2,1.5966667,4.0,87.0,218660.0,44.090878,44.342094,214470.94,144548.42,0,0.0,0.0,144.54842,4.980509,12.295273290988476,3.80868,3.7919345,0.5844030911299721,1.4175178080270179,1.4661827820489175,1.4175178080270179,1.4661827820489175,0.95422864,0.024692714,24.59054658197695,9.961018,0,0,0,0.0,0.0,0.0,far,0.0,0.0,0.0,0.0,0.0,0.0,0.0,0.0,0.0,0.0,1.0,0.0,0.0,0.0,0.0
48704,3,1.2075,4.0,87.0,218660.0,47.692383,47.027504,214470.94,144548.42,0,0.0,0.0,144.54842,4.980509,12.295273290988476,3.8855226,3.8507326,0.5844030911299721,1.4175178080270179,1.4661827820489175,1.4175178080270179,1.4661827820489175,0.79186064,-0.162368,36.88581987296543,14.941526,1,1,0,0.0,0.0,0.0,far,0.0,0.0,0.0,0.0,0.0,0.0,0.0,0.0,0.0,0.0,1.0,1.0,0.0,0.0,0.0
48704,4,1.1333333,4.0,87.0,218660.0,44.24047,41.236603,214470.94,144548.42,0,0.0,0.0,144.54842,4.980509,12.295273290988476,3.8119922,3.7193263,0.5844030911299721,1.4175178080270179,1.4661827820489175,1.4175178080270179,1.4661827820489175,0.75768566,-0.03417498,49.1810931639539,19.922035,1,1,0,0.0,0.0,0.0,far,0.0,0.0,0.0,0.0,0.0,0.0,0.0,0.0,0.0,0.0,1.0,1.0,0.0,0.0,0.0
48704,5,1.0266666,4.0,87.0,218660.0,48.99442,50.808304,214470.94,144548.42,0,0.0,0.0,144.54842,4.980509,12.295273290988476,3.9119112,3.9280598,0.5844030911299721,1.4175178080270179,1.4661827820489175,1.4175178080270179,1.4661827820489175,0.7063924,-0.051293254,61.47636645494238,24.902544,1,0,1,0.0,0.0,0.0,far,0.0,0.0,0.0,0.0,0.0,0.0,0.0,0.0,0.0,0.0,1.0,0.0,1.0,0.0,0.0
48704,6,1.0600001,4.0,87.0,218660.0,40.99917,41.06146,214470.94,144548.42,0,0.0,0.0,144.54842,4.980509,12.295273290988476,3.73765,3.71507,0.5844030911299721,1.4175178080270179,1.4661827820489175,1.4175178080270179,1.4661827820489175,0.72270596,0.016313553,73.77163974593086,29.883053,1,0,1,0.0,0.0,0.0,far,0.0,0.0,0.0,0.0,0.0,0.0,0.0,0.0,0.0,0.0,1.0,0.0,1.0,0.0,0.0
48704,7,1.085,4.0,87.0,218660.0,44.786304,45.90738,214470.94,144548.42,0,0.0,0.0,144.54842,4.980509,12.295273290988476,3.823985,3.8266258,0.5844030911299721,1.4175178080270179,1.4661827820489175,1.4175178080270179,1.4661827820489175,0.73476887,0.012062907,86.06691303691933,34.863564,1,0,1,0.0,0.0,0.0,far,0.0,0.0,0.0,0.0,0.0,0.0,0.0,0.0,0.0,0.0,1.0,0.0,1.0,0.0,0.0
48725,1,2.59,4.0,87.0,98260.0,45.38971,44.819904,214318.4,154927.39,0,0.0,0.0,154.92738,5.0493903,11.49537230572264,3.8370776,3.8026524,0.5352342650175604,1.1609088832699583,1.3093421226364077,1.1609088832699583,1.3093421226364077,1.2781522,,11.49537230572264,5.0493903,0,0,0,0.0,0.0,0.0,far,0.0,0.0,0.0,0.0,0.0,0.0,0.0,0.0,0.0,0.0,1.0,0.0,0.0,0.0,0.0
48725,2,2.7,4.0,87.0,98260.0,43.27168,43.67239,214318.4,154927.39,0,0.0,0.0,154.92738,5.0493903,11.49537230572264,3.7903452,3.7767162,0.5352342650175604,1.1609088832699583,1.3093421226364077,1.1609088832699583,1.3093421226364077,1.3083328,0.030180573,22.99074461144528,10.098781,0,0,0,0.0,0.0,0.0,far,0.0,0.0,0.0,0.0,0.0,0.0,0.0,0.0,0.0,0.0,1.0,0.0,0.0,0.0,0.0
48725,3,2.4975,4.0,87.0,98260.0,47.042507,45.84513,214318.4,154927.39,0,0.0,0.0,154.92738,5.0493903,11.49537230572264,3.8720863,3.825269,0.5352342650175604,1.1609088832699583,1.3093421226364077,1.1609088832699583,1.3093421226364077,1.2520484,-0.056284428,34.48611691716792,15.14817,1,1,0,0.0,0.0,0.0,far,0.0,0.0,0.0,0.0,0.0,0.0,0.0,0.0,0.0,0.0,1.0,1.0,0.0,0.0,0.0
48725,4,2.21,4.0,87.0,98260.0,43.79866,40.704483,214318.4,154927.39,0,0.0,0.0,154.92738,5.0493903,11.49537230572264,3.8021781,3.7063382,0.5352342650175604,1.1609088832699583,1.3093421226364077,1.1609088832699583,1.3093421226364077,1.166271,-0.0857774,45.98148922289056,20.197561,1,1,0,0.0,0.0,0.0,far,0.0,0.0,0.0,0.0,0.0,0.0,0.0,0.0,0.0,0.0,1.0,1.0,0.0,0.0,0.0
48725,5,1.6533333,4.0,87.0,98260.0,48.721115,50.887615,214318.4,154927.39,0,0.0,0.0,154.92738,5.0493903,11.49537230572264,3.9064298,3.9296196,0.5352342650175604,1.1609088832699583,1.3093421226364077,1.1609088832699583,1.3093421226364077,0.97581667,-0.1904543,57.4768615286132,25.246952,1,0,1,0.0,0.0,0.0,far,0.0,0.0,0.0,0.0,0.0,0.0,0.0,0.0,0.0,0.0,1.0,0.0,1.0,0.0,0.0
48725,6,2.1433332,4.0,87.0,98260.0,40.093998,40.129433,214318.4,154927.39,0,0.0,0.0,154.92738,5.0493903,11.49537230572264,3.715862,3.69211,0.5352342650175604,1.1609088832699583,1.3093421226364077,1.1609088832699583,1.3093421226364077,1.1452837,0.16946703,68.97223383433584,30.29634,1,0,1,0.0,0.0,0.0,far,0.0,0.0,0.0,0.0,0.0,0.0,0.0,0.0,0.0,0.0,1.0,0.0,1.0,0.0,0.0
48725,7,2.075,4.0,87.0,98260.0,43.877647,44.898697,214318.4,154927.39,0,0.0,0.0,154.92738,5.0493903,11.49537230572264,3.8039398,3.8044088,0.5352342650175604,1.1609088832699583,1.3093421226364077,1.1609088832699583,1.3093421226364077,1.1233048,-0.021978855,80.46760614005848,35.345734,1,0,1,0.0,0.0,0.0,far,0.0,0.0,0.0,0.0,0.0,0.0,0.0,0.0,0.0,0.0,1.0,0.0,1.0,0.0,0.0
48743,1,1.88,4.0,87.0,188770.0,45.643173,44.93429,184565.83,137343.27,0,0.0,0.0,137.34326,4.929738,12.14828462176278,3.8425267,3.8052013,0.5639364077167769,1.3036728863237155,1.386220878458257,1.3036728863237155,1.386220878458257,1.0577903,,12.14828462176278,4.929738,0,0,0,0.0,0.0,0.0,far,0.0,0.0,0.0,0.0,0.0,0.0,0.0,0.0,0.0,0.0,1.0,0.0,0.0,0.0,0.0
48743,2,1.7866666,4.0,87.0,188770.0,42.97402,42.956512,184565.83,137343.27,0,0.0,0.0,137.34326,4.929738,12.14828462176278,3.783599,3.7601883,0.5639364077167769,1.3036728863237155,1.386220878458257,1.3036728863237155,1.386220878458257,1.0248461,-0.032944202,24.29656924352556,9.859476,0,0,0,0.0,0.0,0.0,far,0.0,0.0,0.0,0.0,0.0,0.0,0.0,0.0,0.0,0.0,1.0,0.0,0.0,0.0,0.0
48743,3,2.2075,4.0,87.0,188770.0,47.107437,46.037212,184565.83,137343.27,0,0.0,0.0,137.34326,4.929738,12.14828462176278,3.8734367,3.8294501,0.5639364077167769,1.3036728863237155,1.386220878458257,1.3036728863237155,1.386220878458257,1.1654918,0.14064574,36.44485386528834,14.789214,1,1,0,0.0,0.0,0.0,far,0.0,0.0,0.0,0.0,0.0,0.0,0.0,0.0,0.0,0.0,1.0,1.0,0.0,0.0,0.0
48743,4,2.2966666,4.0,87.0,188770.0,43.864483,40.84428,184565.83,137343.27,0,0.0,0.0,137.34326,4.929738,12.14828462176278,3.8036466,3.7097669,0.5639364077167769,1.3036728863237155,1.386220878458257,1.3036728863237155,1.386220878458257,1.1929119,0.027420044,48.59313848705112,19.718952,1,1,0,0.0,0.0,0.0,far,0.0,0.0,0.0,0.0,0.0,0.0,0.0,0.0,0.0,0.0,1.0,1.0,0.0,0.0,0.0
48743,5,2.0933332,4.0,87.0,188770.0,48.902584,50.876217,184565.83,137343.27,0,0.0,0.0,137.34326,4.929738,12.14828462176278,3.9100728,3.9293957,0.5639364077167769,1.3036728863237155,1.386220878458257,1.3036728863237155,1.386220878458257,1.1292492,-0.06366265,60.741423108813905,24.64869,1,0,1,0.0,0.0,0.0,far,0.0,0.0,0.0,0.0,0.0,0.0,0.0,0.0,0.0,0.0,1.0,0.0,1.0,0.0,0.0
48743,6,3.5533333,4.0,87.0,188770.0,40.42663,40.341396,184565.83,137343.27,0,0.0,0.0,137.34326,4.929738,12.14828462176278,3.723924,3.6973782,0.5639364077167769,1.3036728863237155,1.386220878458257,1.3036728863237155,1.386220878458257,1.5158596,0.3866104,72.88970773057667,29.578428,1,0,1,0.0,0.0,0.0,far,0.0,0.0,0.0,0.0,0.0,0.0,0.0,0.0,0.0,0.0,1.0,0.0,1.0,0.0,0.0
48743,7,3.405,4.0,87.0,188770.0,44.174465,45.246277,184565.83,137343.27,0,0.0,0.0,137.34326,4.929738,12.14828462176278,3.810532,3.8121204,0.5639364077167769,1.3036728863237155,1.386220878458257,1.3036728863237155,1.386220878458257,1.4827402,-0.03311944,85.03799235233946,34.508167,1,0,1,0.0,0.0,0.0,far,0.0,0.0,0.0,0.0,0.0,0.0,0.0,0.0,0.0,0.0,1.0,0.0,1.0,0.0,0.0
48747,1,1.5,4.0,87.0,228160.0,48.75138,48.03962,225761.78,158728.55,0,0.0,0.0,158.72855,5.073476,12.337802416208069,3.9070382,3.8720262,0.6042324467920129,1.5390480704332772,1.5524321195273454,1.5390480704332772,1.5524321195273454,0.91629076,,12.337802416208069,5.073476,0,0,0,0.0,0.0,0.0,far,0.0,0.0,0.0,0.0,0.0,0.0,0.0,0.0,0.0,0.0,1.0,0.0,0.0,0.0,0.0
48747,2,1.62,4.0,87.0,228160.0,45.380432,46.379993,225761.78,158728.55,0,0.0,0.0,158.72855,5.073476,12.337802416208069,3.8368776,3.8368683,0.6042324467920129,1.5390480704332772,1.5524321195273454,1.5390480704332772,1.5524321195273454,0.9631743,0.046883523,24.675604832416138,10.146952,0,0,0,0.0,0.0,0.0,far,0.0,0.0,0.0,0.0,0.0,0.0,0.0,0.0,0.0,0.0,1.0,0.0,0.0,0.0,0.0
48747,3,1.42,4.0,87.0,228160.0,48.175922,47.803493,225761.78,158728.55,0,0.0,0.0,158.72855,5.073476,12.337802416208069,3.895404,3.8670988,0.6042324467920129,1.5390480704332772,1.5524321195273454,1.5390480704332772,1.5524321195273454,0.8837676,-0.07940668,37.013407248624205,15.2204275,1,1,0,0.0,0.0,0.0,far,0.0,0.0,0.0,0.0,0.0,0.0,0.0,0.0,0.0,0.0,1.0,1.0,0.0,0.0,0.0
48747,4,1.41,4.0,87.0,228160.0,44.53035,41.639606,225761.78,158728.55,0,0.0,0.0,158.72855,5.073476,12.337802416208069,3.8183792,3.7290518,0.6042324467920129,1.5390480704332772,1.5524321195273454,1.5390480704332772,1.5524321195273454,0.8796267,-0.0041409135,49.351209664832275,20.293903,1,1,0,0.0,0.0,0.0,far,0.0,0.0,0.0,0.0,0.0,0.0,0.0,0.0,0.0,0.0,1.0,1.0,0.0,0.0,0.0
48747,5,1.2,4.0,87.0,228160.0,48.921543,50.76287,225761.78,158728.55,0,0.0,0.0,158.72855,5.073476,12.337802416208069,3.9104526,3.9271653,0.6042324467920129,1.5390480704332772,1.5524321195273454,1.5390480704332772,1.5524321195273454,0.7884574,-0.0911693,61.689012081040346,25.367378,1,0,1,0.0,0.0,0.0,far,0.0,0.0,0.0,0.0,0.0,0.0,0.0,0.0,0.0,0.0,1.0,0.0,1.0,0.0,0.0
48747,6,1.48,4.0,87.0,228160.0,41.23868,41.547035,225761.78,158728.55,0,0.0,0.0,158.72855,5.073476,12.337802416208069,3.7433364,3.7268262,0.6042324467920129,1.5390480704332772,1.5524321195273454,1.5390480704332772,1.5524321195273454,0.90825856,0.11980116,74.02681449724841,30.440855,1,0,1,0.0,0.0,0.0,far,0.0,0.0,0.0,0.0,0.0,0.0,0.0,0.0,0.0,0.0,1.0,0.0,1.0,0.0,0.0
48747,7,1.48,4.0,87.0,228160.0,45.09321,46.234085,225761.78,158728.55,0,0.0,0.0,158.72855,5.073476,12.337802416208069,3.8306656,3.8337173,0.6042324467920129,1.5390480704332772,1.5524321195273454,1.5390480704332772,1.5524321195273454,0.90825856,0.0,86.36461691345649,35.51433,1,0,1,0.0,0.0,0.0,far,0.0,0.0,0.0,0.0,0.0,0.0,0.0,0.0,0.0,0.0,1.0,0.0,1.0,0.0,0.0
48782,1,4.39,4.0,87.0,344500.0,45.523895,44.876534,200197.05,145355.62,0,0.0,0.0,145.35562,4.9860396,12.74984936943585,3.839966,3.803915,0.6195141521555937,1.6413494419461296,1.5913348879337192,1.6413494419461296,1.5913348879337192,1.6845454,,12.74984936943585,4.9860396,0,0,0,0.0,0.0,0.0,far,0.0,0.0,0.0,0.0,0.0,0.0,0.0,0.0,0.0,0.0,1.0,0.0,0.0,0.0,0.0
48782,2,4.6,4.0,87.0,344500.0,43.114094,43.279175,200197.05,145355.62,0,0.0,0.0,145.35562,4.9860396,12.74984936943585,3.7867794,3.7676716,0.6195141521555937,1.6413494419461296,1.5913348879337192,1.6413494419461296,1.5913348879337192,1.7227666,0.03822124,25.4996987388717,9.972079,0,0,0,0.0,0.0,0.0,far,0.0,0.0,0.0,0.0,0.0,0.0,0.0,0.0,0.0,0.0,1.0,0.0,0.0,0.0,0.0
48782,3,3.5675,4.0,87.0,344500.0,47.07688,45.938778,200197.05,145355.62,0,0.0,0.0,145.35562,4.9860396,12.74984936943585,3.8728013,3.8273096,0.6195141521555937,1.6413494419461296,1.5913348879337192,1.6413494419461296,1.5913348879337192,1.5189661,-0.20380056,38.24954810830755,14.958118,1,1,0,0.0,0.0,0.0,far,0.0,0.0,0.0,0.0,0.0,0.0,0.0,0.0,0.0,0.0,1.0,1.0,0.0,0.0,0.0
48782,4,3.6133332,4.0,87.0,344500.0,43.833508,40.771408,200197.05,145355.62,0,0.0,0.0,145.35562,4.9860396,12.74984936943585,3.8029559,3.707981,0.6195141521555937,1.6413494419461296,1.5913348879337192,1.6413494419461296,1.5913348879337192,1.5289507,0.009984612,50.9993974777434,19.944159,1,1,0,0.0,0.0,0.0,far,0.0,0.0,0.0,0.0,0.0,0.0,0.0,0.0,0.0,0.0,1.0,1.0,0.0,0.0,0.0
48782,5,2.9233334,4.0,87.0,344500.0,48.81719,50.87789,200197.05,145355.62,0,0.0,0.0,145.35562,4.9860396,12.74984936943585,3.90836,3.9294286,0.6195141521555937,1.6413494419461296,1.5913348879337192,1.6413494419461296,1.5913348879337192,1.3669417,-0.162009,63.74924684717925,24.930199,1,0,1,0.0,0.0,0.0,far,0.0,0.0,0.0,0.0,0.0,0.0,0.0,0.0,0.0,0.0,1.0,0.0,1.0,0.0,0.0
48782,6,4.286667,4.0,87.0,344500.0,40.270096,40.238247,200197.05,145355.62,0,0.0,0.0,145.35562,4.9860396,12.74984936943585,3.720138,3.694818,0.6195141521555937,1.6413494419461296,1.5913348879337192,1.6413494419461296,1.5913348879337192,1.665188,0.29824626,76.4990962166151,29.916237,1,0,1,0.0,0.0,0.0,far,0.0,0.0,0.0,0.0,0.0,0.0,0.0,0.0,0.0,0.0,1.0,0.0,1.0,0.0,0.0
48782,7,4.83,4.0,87.0,344500.0,44.034786,45.080944,200197.05,145355.62,0,0.0,0.0,145.35562,4.9860396,12.74984936943585,3.8074353,3.8084598,0.6195141521555937,1.6413494419461296,1.5913348879337192,1.6413494419461296,1.5913348879337192,1.7630169,0.097828984,89.24894558605095,34.90228,1,0,1,0.0,0.0,0.0,far,0.0,0.0,0.0,0.0,0.0,0.0,0.0,0.0,0.0,0.0,1.0,0.0,1.0,0.0,0.0
48786,1,1.07,4.0,87.0,267290.0,50.397465,49.892735,247692.33,171145.34,0,0.0,0.0,171.14534,5.1483393,12.496089490278674,3.9395888,3.9098754,0.6290766178233693,1.7096517686022448,1.6548192950559049,1.7096517686022448,1.6548192950559049,0.7275487,,12.496089490278674,5.1483393,0,0,0,0.0,0.0,0.0,far,0.0,0.0,0.0,0.0,0.0,0.0,0.0,0.0,0.0,0.0,1.0,0.0,0.0,0.0,0.0
48786,2,1.0666667,4.0,87.0,267290.0,46.70346,48.94226,247692.33,171145.34,0,0.0,0.0,171.14534,5.1483393,12.496089490278674,3.865004,3.8906412,0.6290766178233693,1.7096517686022448,1.6548192950559049,1.7096517686022448,1.6548192950559049,0.72593695,-0.0016117692,24.992178980557348,10.296679,0,0,0,0.0,0.0,0.0,far,0.0,0.0,0.0,0.0,0.0,0.0,0.0,0.0,0.0,0.0,1.0,0.0,0.0,0.0,0.0
48786,3,1.05,4.0,87.0,267290.0,48.13993,48.562664,247692.33,171145.34,0,0.0,0.0,171.14534,5.1483393,12.496089490278674,3.894672,3.882855,0.6290766178233693,1.7096517686022448,1.6548192950559049,1.7096517686022448,1.6548192950559049,0.7178398,-0.008097172,37.48826847083602,15.445018,1,1,0,0.0,0.0,0.0,far,0.0,0.0,0.0,0.0,0.0,0.0,0.0,0.0,0.0,0.0,1.0,1.0,0.0,0.0,0.0
48786,4,1.0466666,4.0,87.0,267290.0,44.303505,42.055862,247692.33,171145.34,0,0.0,0.0,171.14534,5.1483393,12.496089490278674,3.8133843,3.738999,0.6290766178233693,1.7096517686022448,1.6548192950559049,1.7096517686022448,1.6548192950559049,0.71621245,-0.001627326,49.984357961114696,20.593357,1,1,0,0.0,0.0,0.0,far,0.0,0.0,0.0,0.0,0.0,0.0,0.0,0.0,0.0,0.0,1.0,1.0,0.0,0.0,0.0
48786,5,1.0166667,4.0,87.0,267290.0,48.27805,50.237366,247692.33,171145.34,0,0.0,0.0,171.14534,5.1483393,12.496089490278674,3.8974788,3.916759,0.6290766178233693,1.7096517686022448,1.6548192950559049,1.7096517686022448,1.6548192950559049,0.701446,-0.014766455,62.480447451393374,25.741695,1,0,1,0.0,0.0,0.0,far,0.0,0.0,0.0,0.0,0.0,0.0,0.0,0.0,0.0,0.0,1.0,0.0,1.0,0.0,0.0
48786,6,1.0266666,4.0,87.0,267290.0,41.19264,41.96223,247692.33,171145.34,0,0.0,0.0,171.14534,5.1483393,12.496089490278674,3.7422457,3.73677,0.6290766178233693,1.7096517686022448,1.6548192950559049,1.7096517686022448,1.6548192950559049,0.7063924,0.0049464107,74.97653694167204,30.890036,1,0,1,0.0,0.0,0.0,far,0.0,0.0,0.0,0.0,0.0,0.0,0.0,0.0,0.0,0.0,1.0,0.0,1.0,0.0,0.0
48786,7,1.035,4.0,87.0,267290.0,45.041756,46.344177,247692.33,171145.34,0,0.0,0.0,171.14534,5.1483393,12.496089490278674,3.8295488,3.8360956,0.6290766178233693,1.7096517686022448,1.6548192950559049,1.7096517686022448,1.6548192950559049,0.71049577,0.0041033626,87.47262643195072,36.038376,1,0,1,0.0,0.0,0.0,far,0.0,0.0,0.0,0.0,0.0,0.0,0.0,0.0,0.0,0.0,1.0,0.0,1.0,0.0,0.0
48790,1,2.3899999,4.0,87.0,251320.0,45.88173,45.07058,192866.55,129361.56,0,0.0,0.0,129.36156,4.8703117,12.434482306516884,3.847628,3.8082297,0.5751317091753781,1.3645872865566702,1.4142937622386516,1.3645872865566702,1.4142937622386516,1.2208298,,12.434482306516884,4.8703117,0,0,0,0.0,0.0,0.0,far,0.0,0.0,0.0,0.0,0.0,0.0,0.0,0.0,0.0,0.0,1.0,0.0,0.0,0.0,0.0
48790,2,3.1466668,4.0,87.0,251320.0,42.69386,42.38921,192866.55,129361.56,0,0.0,0.0,129.36156,4.8703117,12.434482306516884,3.7772076,3.746894,0.5751317091753781,1.3645872865566702,1.4142937622386516,1.3645872865566702,1.4142937622386516,1.4223047,0.2014749,24.868964613033768,9.740623,0,0,0,0.0,0.0,0.0,far,0.0,0.0,0.0,0.0,0.0,0.0,0.0,0.0,0.0,0.0,1.0,0.0,0.0,0.0,0.0
48790,3,2.765,4.0,87.0,251320.0,47.168545,46.27552,192866.55,129361.56,0,0.0,0.0,129.36156,4.8703117,12.434482306516884,3.8747063,3.834613,0.5751317091753781,1.3645872865566702,1.4142937622386516,1.3645872865566702,1.4142937622386516,1.3257478,-0.0965569,37.30344691955065,14.610935,1,1,0,0.0,0.0,0.0,far,0.0,0.0,0.0,0.0,0.0,0.0,0.0,0.0,0.0,0.0,1.0,1.0,0.0,0.0,0.0
48790,4,2.2333333,4.0,87.0,251320.0,43.926434,41.027725,192866.55,129361.56,0,0.0,0.0,129.36156,4.8703117,12.434482306516884,3.8050263,3.7142482,0.5751317091753781,1.3645872865566702,1.4142937622386516,1.3645872865566702,1.4142937622386516,1.1735137,-0.1522342,49.737929226067536,19.481247,1,1,0,0.0,0.0,0.0,far,0.0,0.0,0.0,0.0,0.0,0.0,0.0,0.0,0.0,0.0,1.0,1.0,0.0,0.0,0.0
48790,5,2.0266666,4.0,87.0,251320.0,49.073376,50.89256,192866.55,129361.56,0,0.0,0.0,129.36156,4.8703117,12.434482306516884,3.9134893,3.9297168,0.5751317091753781,1.3645872865566702,1.4142937622386516,1.3645872865566702,1.4142937622386516,1.1074619,-0.06605172,62.17241153258442,24.351559,1,0,1,0.0,0.0,0.0,far,0.0,0.0,0.0,0.0,0.0,0.0,0.0,0.0,0.0,0.0,1.0,0.0,1.0,0.0,0.0
48790,6,3.0533333,4.0,87.0,251320.0,40.739697,40.565575,192866.55,129361.56,0,0.0,0.0,129.36156,4.8703117,12.434482306516884,3.7314527,3.7029197,0.5751317091753781,1.3645872865566702,1.4142937622386516,1.3645872865566702,1.4142937622386516,1.3995396,0.29207766,74.6068938391013,29.22187,1,0,1,0.0,0.0,0.0,far,0.0,0.0,0.0,0.0,0.0,0.0,0.0,0.0,0.0,0.0,1.0,0.0,1.0,0.0,0.0
48790,7,2.985,4.0,87.0,251320.0,44.453827,45.58618,192866.55,129361.56,0,0.0,0.0,129.36156,4.8703117,12.434482306516884,3.8166971,3.8196046,0.5751317091753781,1.3645872865566702,1.4142937622386516,1.3645872865566702,1.4142937622386516,1.3825372,-0.017002344,87.04137614561819,34.092182,1,0,1,0.0,0.0,0.0,far,0.0,0.0,0.0,0.0,0.0,0.0,0.0,0.0,0.0,0.0,1.0,0.0,1.0,0.0,0.0
51006,1,4.7133336,5.0,10.0,172170.0,36.553406,39.533096,84685.68,194127.58,1,1.0,0.0,84.68568,4.4506855,12.056237639770519,3.6257641,3.6771383,0.4683267530153178,1.0,1.0,1.0,1.0,1.7428026,,12.056237639770519,4.4506855,0,0,0,0.0,0.0,0.0,near,1.0,0.0,0.0,0.0,0.0,0.0,0.0,0.0,0.0,0.0,0.0,0.0,0.0,0.0,0.0
51006,2,5.476667,5.0,10.0,172170.0,37.839493,39.77007,84685.68,194127.58,1,1.0,0.0,84.68568,4.4506855,12.056237639770519,3.6594377,3.6831145,0.4683267530153178,1.0,1.0,1.0,1.0,1.868206,0.1254034,24.112475279541037,8.901371,0,0,0,0.0,0.0,0.0,near,1.0,0.0,0.0,0.0,0.0,0.0,0.0,0.0,0.0,0.0,0.0,0.0,0.0,0.0,0.0
51006,3,5.4075,5.0,10.0,172170.0,44.170918,44.37321,84685.68,194127.58,1,1.0,0.0,84.68568,4.4506855,12.056237639770519,3.8104534,3.792636,0.4683267530153178,1.0,1.0,1.0,1.0,1.8574691,-0.010736942,36.16871291931156,13.3520565,1,1,0,1.0,1.0,0.0,near,1.0,1.0,0.0,1.0,0.0,0.0,0.0,0.0,0.0,0.0,0.0,0.0,0.0,0.0,0.0
51006,4,5.2166667,5.0,10.0,172170.0,48.05734,45.864788,84685.68,194127.58,1,1.0,0.0,84.68568,4.4506855,12.056237639770519,3.8929899,3.8256977,0.4683267530153178,1.0,1.0,1.0,1.0,1.8272339,-0.030235171,48.224950559082075,17.802742,1,1,0,1.0,1.0,0.0,near,1.0,1.0,0.0,1.0,0.0,0.0,0.0,0.0,0.0,0.0,0.0,0.0,0.0,0.0,0.0
51006,5,3.8,5.0,10.0,172170.0,46.897366,47.860226,84685.68,194127.58,1,1.0,0.0,84.68568,4.4506855,12.056237639770519,3.8690605,3.8682847,0.4683267530153178,1.0,1.0,1.0,1.0,1.5686159,-0.258618,60.28118819885259,22.253428,1,0,1,1.0,0.0,1.0,near,1.0,0.0,1.0,0.0,1.0,0.0,0.0,0.0,0.0,0.0,0.0,0.0,0.0,0.0,0.0
51006,6,5.1866665,5.0,10.0,172170.0,40.439354,40.99089,84685.68,194127.58,1,1.0,0.0,84.68568,4.4506855,12.056237639770519,3.724231,3.7133498,0.4683267530153178,1.0,1.0,1.0,1.0,1.8223964,0.25378048,72.33742583862312,26.704113,1,0,1,1.0,0.0,1.0,near,1.0,0.0,1.0,0.0,1.0,0.0,0.0,0.0,0.0,0.0,0.0,0.0,0.0,0.0,0.0
51006,7,6.1549997,5.0,10.0,172170.0,43.72691,47.815575,84685.68,194127.58,1,1.0,0.0,84.68568,4.4506855,12.056237639770519,3.8005753,3.8673515,0.4683267530153178,1.0,1.0,1.0,1.0,1.9678113,0.14541495,84.39366347839363,31.154799,1,0,1,1.0,0.0,1.0,near,1.0,0.0,1.0,0.0,1.0,0.0,0.0,0.0,0.0,0.0,0.0,0.0,0.0,0.0,0.0
51020,1,8.816667,5.0,10.0,584700.0,36.553406,39.533096,62078.55,178545.4,1,1.0,0.0,62.078552,4.144381,13.278854174163762,3.6257641,3.6771383,0.5073353670735947,1.0,1.0,1.0,1.0,2.2840817,,13.278854174163762,4.144381,0,0,0,0.0,0.0,0.0,near,1.0,0.0,0.0,0.0,0.0,0.0,0.0,0.0,0.0,0.0,0.0,0.0,0.0,0.0,0.0
51020,2,9.62,5.0,10.0,584700.0,37.839493,39.77007,62078.55,178545.4,1,1.0,0.0,62.078552,4.144381,13.278854174163762,3.6594377,3.6831145,0.5073353670735947,1.0,1.0,1.0,1.0,2.362739,0.07865739,26.557708348327523,8.288762,0,0,0,0.0,0.0,0.0,near,1.0,0.0,0.0,0.0,0.0,0.0,0.0,0.0,0.0,0.0,0.0,0.0,0.0,0.0,0.0
51020,3,8.587501,5.0,10.0,584700.0,44.170918,44.37321,62078.55,178545.4,1,1.0,0.0,62.078552,4.144381,13.278854174163762,3.8104534,3.792636,0.5073353670735947,1.0,1.0,1.0,1.0,2.2604601,-0.10227895,39.836562522491285,12.433144,1,1,0,1.0,1.0,0.0,near,1.0,1.0,0.0,1.0,0.0,0.0,0.0,0.0,0.0,0.0,0.0,0.0,0.0,0.0,0.0
51020,4,8.126667,5.0,10.0,584700.0,48.05734,45.864788,62078.55,178545.4,1,1.0,0.0,62.078552,4.144381,13.278854174163762,3.8929899,3.8256977,0.5073353670735947,1.0,1.0,1.0,1.0,2.2112005,-0.049259663,53.115416696655046,16.577524,1,1,0,1.0,1.0,0.0,near,1.0,1.0,0.0,1.0,0.0,0.0,0.0,0.0,0.0,0.0,0.0,0.0,0.0,0.0,0.0
51020,5,7.363333,5.0,10.0,584700.0,46.897366,47.860226,62078.55,178545.4,1,1.0,0.0,62.078552,4.144381,13.278854174163762,3.8690605,3.8682847,0.5073353670735947,1.0,1.0,1.0,1.0,2.123857,-0.087343454,66.39427087081881,20.721905,1,0,1,1.0,0.0,1.0,near,1.0,0.0,1.0,0.0,1.0,0.0,0.0,0.0,0.0,0.0,0.0,0.0,0.0,0.0,0.0
51020,6,10.836667,5.0,10.0,584700.0,40.439354,40.99089,62078.55,178545.4,1,1.0,0.0,62.078552,4.144381,13.278854174163762,3.724231,3.7133498,0.5073353670735947,1.0,1.0,1.0,1.0,2.4712021,0.3473451,79.67312504498257,24.866287,1,0,1,1.0,0.0,1.0,near,1.0,0.0,1.0,0.0,1.0,0.0,0.0,0.0,0.0,0.0,0.0,0.0,0.0,0.0,0.0
51020,7,12.62,5.0,10.0,584700.0,43.72691,47.815575,62078.55,178545.4,1,1.0,0.0,62.078552,4.144381,13.278854174163762,3.8005753,3.8673515,0.5073353670735947,1.0,1.0,1.0,1.0,2.6115394,0.14033723,92.95197921914632,29.010668,1,0,1,1.0,0.0,1.0,near,1.0,0.0,1.0,0.0,1.0,0.0,0.0,0.0,0.0,0.0,0.0,0.0,0.0,0.0,0.0
51027,1,1.3233333,5.0,10.0,249300.0,42.70316,44.342655,38765.527,156537.88,1,1.0,0.0,38.765526,3.6830003,12.42641226951165,3.7774205,3.7919471,0.35894242200399384,1.0,1.0,1.0,1.0,0.8430029,,12.42641226951165,3.6830003,0,0,0,0.0,0.0,0.0,near,1.0,0.0,0.0,0.0,0.0,0.0,0.0,0.0,0.0,0.0,0.0,0.0,0.0,0.0,0.0
51027,2,1.2633333,5.0,10.0,249300.0,43.062626,44.188705,38765.527,156537.88,1,1.0,0.0,38.765526,3.6830003,12.42641226951165,3.7856119,3.7884693,0.35894242200399384,1.0,1.0,1.0,1.0,0.8168386,-0.026164293,24.8528245390233,7.3660007,0,0,0,0.0,0.0,0.0,near,1.0,0.0,0.0,0.0,0.0,0.0,0.0,0.0,0.0,0.0,0.0,0.0,0.0,0.0,0.0
51027,3,1.36,5.0,10.0,249300.0,50.37272,49.667847,38765.527,156537.88,1,1.0,0.0,38.765526,3.6830003,12.42641226951165,3.9391072,3.9053578,0.35894242200399384,1.0,1.0,1.0,1.0,0.85866165,0.04182303,37.27923680853495,11.049001,1,1,0,1.0,1.0,0.0,near,1.0,1.0,0.0,1.0,0.0,0.0,0.0,0.0,0.0,0.0,0.0,0.0,0.0,0.0,0.0
51027,4,1.3433334,5.0,10.0,249300.0,54.639862,50.899338,38765.527,156537.88,1,1.0,0.0,38.765526,3.6830003,12.42641226951165,4.0189,3.9298499,0.35894242200399384,1.0,1.0,1.0,1.0,0.85157436,-0.0070872903,49.7056490780466,14.732001,1,1,0,1.0,1.0,0.0,near,1.0,1.0,0.0,1.0,0.0,0.0,0.0,0.0,0.0,0.0,0.0,0.0,0.0,0.0,0.0
51027,5,1.22,5.0,10.0,249300.0,53.191185,52.466816,38765.527,156537.88,1,1.0,0.0,38.765526,3.6830003,12.42641226951165,3.9925182,3.960181,0.35894242200399384,1.0,1.0,1.0,1.0,0.7975072,-0.054067135,62.13206134755825,18.415,1,0,1,1.0,0.0,1.0,near,1.0,0.0,1.0,0.0,1.0,0.0,0.0,0.0,0.0,0.0,0.0,0.0,0.0,0.0,0.0
51027,6,1.63,5.0,10.0,249300.0,47.453415,46.428898,38765.527,156537.88,1,1.0,0.0,38.765526,3.6830003,12.42641226951165,3.8806028,3.837922,0.35894242200399384,1.0,1.0,1.0,1.0,0.9669839,0.16947669,74.5584736170699,22.098001,1,0,1,1.0,0.0,1.0,near,1.0,0.0,1.0,0.0,1.0,0.0,0.0,0.0,0.0,0.0,0.0,0.0,0.0,0.0,0.0
51027,7,1.3050001,5.0,10.0,249300.0,49.769966,53.00132,38765.527,156537.88,1,1.0,0.0,38.765526,3.6830003,12.42641226951165,3.927305,3.970317,0.35894242200399384,1.0,1.0,1.0,1.0,0.8350807,-0.13190323,86.98488588658155,25.781002,1,0,1,1.0,0.0,1.0,near,1.0,0.0,1.0,0.0,1.0,0.0,0.0,0.0,0.0,0.0,0.0,0.0,0.0,0.0,0.0
51033,1,4.63,5.0,10.0,148030.0,36.553406,39.533096,83727.3,197020.08,1,1.0,0.0,83.727295,4.439438,11.905170234907537,3.6257641,3.6771383,0.4544859148197324,1.0,1.0,1.0,1.0,1.7281095,,11.905170234907537,4.439438,0,0,0,0.0,0.0,0.0,near,1.0,0.0,0.0,0.0,0.0,0.0,0.0,0.0,0.0,0.0,0.0,0.0,0.0,0.0,0.0
51033,2,5.2066665,5.0,10.0,148030.0,37.839493,39.77007,83727.3,197020.08,1,1.0,0.0,83.727295,4.439438,11.905170234907537,3.6594377,3.6831145,0.4544859148197324,1.0,1.0,1.0,1.0,1.825624,0.09751451,23.810340469815074,8.878876,0,0,0,0.0,0.0,0.0,near,1.0,0.0,0.0,0.0,0.0,0.0,0.0,0.0,0.0,0.0,0.0,0.0,0.0,0.0,0.0
51033,3,5.3025,5.0,10.0,148030.0,44.170918,44.37321,83727.3,197020.08,1,1.0,0.0,83.727295,4.439438,11.905170234907537,3.8104534,3.792636,0.4544859148197324,1.0,1.0,1.0,1.0,1.8409463,0.015322328,35.71551070472261,13.318314,1,1,0,1.0,1.0,0.0,near,1.0,1.0,0.0,1.0,0.0,0.0,0.0,0.0,0.0,0.0,0.0,0.0,0.0,0.0,0.0
51033,4,5.0466666,5.0,10.0,148030.0,48.05734,45.864788,83727.3,197020.08,1,1.0,0.0,83.727295,4.439438,11.905170234907537,3.8929899,3.8256977,0.4544859148197324,1.0,1.0,1.0,1.0,1.7995071,-0.041439176,47.62068093963015,17.757751,1,1,0,1.0,1.0,0.0,near,1.0,1.0,0.0,1.0,0.0,0.0,0.0,0.0,0.0,0.0,0.0,0.0,0.0,0.0,0.0
51033,5,3.9833333,5.0,10.0,148030.0,46.897366,47.860226,83727.3,197020.08,1,1.0,0.0,83.727295,4.439438,11.905170234907537,3.8690605,3.8682847,0.4544859148197324,1.0,1.0,1.0,1.0,1.606099,-0.19340813,59.525851174537685,22.19719,1,0,1,1.0,0.0,1.0,near,1.0,0.0,1.0,0.0,1.0,0.0,0.0,0.0,0.0,0.0,0.0,0.0,0.0,0.0,0.0
51033,6,5.67,5.0,10.0,148030.0,40.439354,40.99089,83727.3,197020.08,1,1.0,0.0,83.727295,4.439438,11.905170234907537,3.724231,3.7133498,0.4544859148197324,1.0,1.0,1.0,1.0,1.8976198,0.29152083,71.43102140944522,26.636627,1,0,1,1.0,0.0,1.0,near,1.0,0.0,1.0,0.0,1.0,0.0,0.0,0.0,0.0,0.0,0.0,0.0,0.0,0.0,0.0
51033,7,7.24,5.0,10.0,148030.0,43.72691,47.815575,83727.3,197020.08,1,1.0,0.0,83.727295,4.439438,11.905170234907537,3.8005753,3.8673515,0.4544859148197324,1.0,1.0,1.0,1.0,2.1090002,0.21138036,83.33619164435277,31.076065,1,0,1,1.0,0.0,1.0,near,1.0,0.0,1.0,0.0,1.0,0.0,0.0,0.0,0.0,0.0,0.0,0.0,0.0,0.0,0.0
51040,1,2.7166667,5.0,10.0,267070.0,37.322124,40.092537,62618.117,180768.5,1,1.0,0.0,62.61812,4.1528983,12.495266075305883,3.6460273,3.6911902,0.4476923022515297,1.0,1.0,1.0,1.0,1.3128272,,12.495266075305883,4.1528983,0,0,0,0.0,0.0,0.0,near,1.0,0.0,0.0,0.0,0.0,0.0,0.0,0.0,0.0,0.0,0.0,0.0,0.0,0.0,0.0
51040,2,2.7033334,5.0,10.0,267070.0,38.492382,40.27807,62618.117,180768.5,1,1.0,0.0,62.61812,4.1528983,12.495266075305883,3.676108,3.6958072,0.4476923022515297,1.0,1.0,1.0,1.0,1.3092333,-0.0035939217,24.990532150611767,8.305797,0,0,0,0.0,0.0,0.0,near,1.0,0.0,0.0,0.0,0.0,0.0,0.0,0.0,0.0,0.0,0.0,0.0,0.0,0.0,0.0
51040,3,3.23,5.0,10.0,267070.0,44.946144,44.992104,62618.117,180768.5,1,1.0,0.0,62.61812,4.1528983,12.495266075305883,3.8274698,3.806487,0.4476923022515297,1.0,1.0,1.0,1.0,1.442202,0.13296866,37.48579822591765,12.458694,1,1,0,1.0,1.0,0.0,near,1.0,1.0,0.0,1.0,0.0,0.0,0.0,0.0,0.0,0.0,0.0,0.0,0.0,0.0,0.0
51040,4,3.1433334,5.0,10.0,267070.0,48.880154,46.467415,62618.117,180768.5,1,1.0,0.0,62.61812,4.1528983,12.495266075305883,3.9096231,3.8387513,0.4476923022515297,1.0,1.0,1.0,1.0,1.4215007,-0.02070129,49.98106430122353,16.611593,1,1,0,1.0,1.0,0.0,near,1.0,1.0,0.0,1.0,0.0,0.0,0.0,0.0,0.0,0.0,0.0,0.0,0.0,0.0,0.0
51040,5,2.6533334,5.0,10.0,267070.0,47.684093,48.410534,62618.117,180768.5,1,1.0,0.0,62.61812,4.1528983,12.495266075305883,3.8853524,3.8797174,0.4476923022515297,1.0,1.0,1.0,1.0,1.29564,-0.12586069,62.47633037652942,20.764492,1,0,1,1.0,0.0,1.0,near,1.0,0.0,1.0,0.0,1.0,0.0,0.0,0.0,0.0,0.0,0.0,0.0,0.0,0.0,0.0
51040,6,4.84,5.0,10.0,267070.0,41.31611,41.641354,62618.117,180768.5,1,1.0,0.0,62.61812,4.1528983,12.495266075305883,3.745168,3.7290938,0.4476923022515297,1.0,1.0,1.0,1.0,1.7647308,0.46909082,74.9715964518353,24.917389,1,0,1,1.0,0.0,1.0,near,1.0,0.0,1.0,0.0,1.0,0.0,0.0,0.0,0.0,0.0,0.0,0.0,0.0,0.0,0.0
51040,7,5.7799997,5.0,10.0,267070.0,44.482292,48.440197,62618.117,180768.5,1,1.0,0.0,62.61812,4.1528983,12.495266075305883,3.8173232,3.88033,0.4476923022515297,1.0,1.0,1.0,1.0,1.913977,0.14924622,87.46686252714119,29.070288,1,0,1,1.0,0.0,1.0,near,1.0,0.0,1.0,0.0,1.0,0.0,0.0,0.0,0.0,0.0,0.0,0.0,0.0,0.0,0.0
51054,1,3.5166667,5.0,10.0,181160.0,36.553406,39.533096,71465.4,185987.39,1,1.0,0.0,71.4654,4.283109,12.10713589767015,3.6257641,3.6771383,0.4414834838432038,1.0,1.0,1.0,1.0,1.5077742,,12.10713589767015,4.283109,0,0,0,0.0,0.0,0.0,near,1.0,0.0,0.0,0.0,0.0,0.0,0.0,0.0,0.0,0.0,0.0,0.0,0.0,0.0,0.0
51054,2,3.9333334,5.0,10.0,181160.0,37.839493,39.77007,71465.4,185987.39,1,1.0,0.0,71.4654,4.283109,12.10713589767015,3.6594377,3.6831145,0.4414834838432038,1.0,1.0,1.0,1.0,1.596015,0.08824074,24.2142717953403,8.566218,0,0,0,0.0,0.0,0.0,near,1.0,0.0,0.0,0.0,0.0,0.0,0.0,0.0,0.0,0.0,0.0,0.0,0.0,0.0,0.0
51054,3,4.2799997,5.0,10.0,181160.0,44.170918,44.37321,71465.4,185987.39,1,1.0,0.0,71.4654,4.283109,12.10713589767015,3.8104534,3.792636,0.4414834838432038,1.0,1.0,1.0,1.0,1.6639261,0.06791115,36.32140769301045,12.849327,1,1,0,1.0,1.0,0.0,near,1.0,1.0,0.0,1.0,0.0,0.0,0.0,0.0,0.0,0.0,0.0,0.0,0.0,0.0,0.0
51054,4,4.1800003,5.0,10.0,181160.0,48.05734,45.864788,71465.4,185987.39,1,1.0,0.0,71.4654,4.283109,12.10713589767015,3.8929899,3.8256977,0.4414834838432038,1.0,1.0,1.0,1.0,1.6448051,-0.01912105,48.4285435906806,17.132437,1,1,0,1.0,1.0,0.0,near,1.0,1.0,0.0,1.0,0.0,0.0,0.0,0.0,0.0,0.0,0.0,0.0,0.0,0.0,0.0
51054,5,3.2233334,5.0,10.0,181160.0,46.897366,47.860226,71465.4,185987.39,1,1.0,0.0,71.4654,4.283109,12.10713589767015,3.8690605,3.8682847,0.4414834838432038,1.0,1.0,1.0,1.0,1.4406247,-0.20418036,60.535679488350745,21.415546,1,0,1,1.0,0.0,1.0,near,1.0,0.0,1.0,0.0,1.0,0.0,0.0,0.0,0.0,0.0,0.0,0.0,0.0,0.0,0.0
51054,6,5.2566667,5.0,10.0,181160.0,40.439354,40.99089,71465.4,185987.39,1,1.0,0.0,71.4654,4.283109,12.10713589767015,3.724231,3.7133498,0.4414834838432038,1.0,1.0,1.0,1.0,1.8336476,0.3930229,72.6428153860209,25.698654,1,0,1,1.0,0.0,1.0,near,1.0,0.0,1.0,0.0,1.0,0.0,0.0,0.0,0.0,0.0,0.0,0.0,0.0,0.0,0.0
51054,7,6.83,5.0,10.0,181160.0,43.72691,47.815575,71465.4,185987.39,1,1.0,0.0,71.4654,4.283109,12.10713589767015,3.8005753,3.8673515,0.4414834838432038,1.0,1.0,1.0,1.0,2.0579624,0.22431481,84.74995128369105,29.981764,1,0,1,1.0,0.0,1.0,near,1.0,0.0,1.0,0.0,1.0,0.0,0.0,0.0,0.0,0.0,0.0,0.0,0.0,0.0,0.0
51067,1,1.53,5.0,10.0,146870.0,36.553406,39.533096,63333.73,173415.27,1,1.0,0.0,63.33373,4.164084,11.897303120747909,3.6257641,3.6771383,0.403917233726304,1.0,1.0,1.0,1.0,0.9282193,,11.897303120747909,4.164084,0,0,0,0.0,0.0,0.0,near,1.0,0.0,0.0,0.0,0.0,0.0,0.0,0.0,0.0,0.0,0.0,0.0,0.0,0.0,0.0
51067,2,2.1966667,5.0,10.0,146870.0,37.839493,39.77007,63333.73,173415.27,1,1.0,0.0,63.33373,4.164084,11.897303120747909,3.6594377,3.6831145,0.403917233726304,1.0,1.0,1.0,1.0,1.1621087,0.23388934,23.794606241495817,8.328168,0,0,0,0.0,0.0,0.0,near,1.0,0.0,0.0,0.0,0.0,0.0,0.0,0.0,0.0,0.0,0.0,0.0,0.0,0.0,0.0
51067,3,1.8825,5.0,10.0,146870.0,44.170918,44.37321,63333.73,173415.27,1,1.0,0.0,63.33373,4.164084,11.897303120747909,3.8104534,3.792636,0.403917233726304,1.0,1.0,1.0,1.0,1.058658,-0.103450656,35.69190936224373,12.492252,1,1,0,1.0,1.0,0.0,near,1.0,1.0,0.0,1.0,0.0,0.0,0.0,0.0,0.0,0.0,0.0,0.0,0.0,0.0,0.0
51067,4,1.8233334,5.0,10.0,146870.0,48.05734,45.864788,63333.73,173415.27,1,1.0,0.0,63.33373,4.164084,11.897303120747909,3.8929899,3.8256977,0.403917233726304,1.0,1.0,1.0,1.0,1.0379182,-0.020739794,47.589212482991634,16.656336,1,1,0,1.0,1.0,0.0,near,1.0,1.0,0.0,1.0,0.0,0.0,0.0,0.0,0.0,0.0,0.0,0.0,0.0,0.0,0.0
51067,5,1.3366667,5.0,10.0,146870.0,46.897366,47.860226,63333.73,173415.27,1,1.0,0.0,63.33373,4.164084,11.897303120747909,3.8690605,3.8682847,0.403917233726304,1.0,1.0,1.0,1.0,0.8487254,-0.18919283,59.48651560373954,20.82042,1,0,1,1.0,0.0,1.0,near,1.0,0.0,1.0,0.0,1.0,0.0,0.0,0.0,0.0,0.0,0.0,0.0,0.0,0.0,0.0
51067,6,2.2433333,5.0,10.0,146870.0,40.439354,40.99089,63333.73,173415.27,1,1.0,0.0,63.33373,4.164084,11.897303120747909,3.724231,3.7133498,0.403917233726304,1.0,1.0,1.0,1.0,1.1766016,0.32787627,71.38381872448745,24.984505,1,0,1,1.0,0.0,1.0,near,1.0,0.0,1.0,0.0,1.0,0.0,0.0,0.0,0.0,0.0,0.0,0.0,0.0,0.0,0.0
51067,7,2.055,5.0,10.0,146870.0,43.72691,47.815575,63333.73,173415.27,1,1.0,0.0,63.33373,4.164084,11.897303120747909,3.8005753,3.8673515,0.403917233726304,1.0,1.0,1.0,1.0,1.1167796,-0.059822083,83.28112184523536,29.148588,1,0,1,1.0,0.0,1.0,near,1.0,0.0,1.0,0.0,1.0,0.0,0.0,0.0,0.0,0.0,0.0,0.0,0.0,0.0,0.0
51081,1,1.2666667,5.0,10.0,231050.0,43.340977,45.130272,56111.7,174221.92,1,1.0,0.0,56.1117,4.045009,12.350389416298412,3.7919092,3.8095531,0.41692605609150196,1.0,1.0,1.0,1.0,0.8183103,,12.350389416298412,4.045009,0,0,0,0.0,0.0,0.0,near,1.0,0.0,0.0,0.0,0.0,0.0,0.0,0.0,0.0,0.0,0.0,0.0,0.0,0.0,0.0
51081,2,1.4033333,5.0,10.0,231050.0,43.72939,44.99339,56111.7,174221.92,1,1.0,0.0,56.1117,4.045009,12.350389416298412,3.8006308,3.8065157,0.41692605609150196,1.0,1.0,1.0,1.0,0.87685657,0.058546245,24.700778832596825,8.090018,0,0,0,0.0,0.0,0.0,near,1.0,0.0,0.0,0.0,0.0,0.0,0.0,0.0,0.0,0.0,0.0,0.0,0.0,0.0,0.0
51081,3,1.3725,5.0,10.0,231050.0,51.141705,50.419193,56111.7,174221.92,1,1.0,0.0,56.1117,4.045009,12.350389416298412,3.9539652,3.920372,0.41692605609150196,1.0,1.0,1.0,1.0,0.86394423,-0.012912333,37.05116824889524,12.135027,1,1,0,1.0,1.0,0.0,near,1.0,1.0,0.0,1.0,0.0,0.0,0.0,0.0,0.0,0.0,0.0,0.0,0.0,0.0,0.0
51081,4,1.2966666,5.0,10.0,231050.0,55.54967,51.835697,56111.7,174221.92,1,1.0,0.0,56.1117,4.045009,12.350389416298412,4.0351195,3.948079,0.41692605609150196,1.0,1.0,1.0,1.0,0.8314588,-0.032485425,49.40155766519365,16.180037,1,1,0,1.0,1.0,0.0,near,1.0,1.0,0.0,1.0,0.0,0.0,0.0,0.0,0.0,0.0,0.0,0.0,0.0,0.0,0.0
51081,5,1.18,5.0,10.0,231050.0,53.855667,53.191048,56111.7,174221.92,1,1.0,0.0,56.1117,4.045009,12.350389416298412,4.0047054,3.97389,0.41692605609150196,1.0,1.0,1.0,1.0,0.77932477,-0.052134037,61.75194708149206,20.225046,1,0,1,1.0,0.0,1.0,near,1.0,0.0,1.0,0.0,1.0,0.0,0.0,0.0,0.0,0.0,0.0,0.0,0.0,0.0,0.0
51081,6,1.41,5.0,10.0,231050.0,48.25106,47.342537,56111.7,174221.92,1,1.0,0.0,56.1117,4.045009,12.350389416298412,3.896931,3.8574092,0.41692605609150196,1.0,1.0,1.0,1.0,0.8796267,0.10030192,74.10233649779047,24.270054,1,0,1,1.0,0.0,1.0,near,1.0,0.0,1.0,0.0,1.0,0.0,0.0,0.0,0.0,0.0,0.0,0.0,0.0,0.0,0.0
51081,7,1.49,5.0,10.0,231050.0,50.561462,53.928207,56111.7,174221.92,1,1.0,0.0,56.1117,4.045009,12.350389416298412,3.9427745,3.9876537,0.41692605609150196,1.0,1.0,1.0,1.0,0.9122827,0.032656014,86.45272591408889,28.315063,1,0,1,1.0,0.0,1.0,near,1.0,0.0,1.0,0.0,1.0,0.0,0.0,0.0,0.0,0.0,0.0,0.0,0.0,0.0,0.0
51088,1,3.46,5.0,10.0,231810.0,37.16838,39.979584,43475.05,157400.58,1,1.0,0.0,43.47505,3.7949283,12.35367334959574,3.6420074,3.688369,0.37290364236498547,1.0,1.0,1.0,1.0,1.4951488,,12.35367334959574,3.7949283,0,0,0,0.0,0.0,0.0,near,1.0,0.0,0.0,0.0,0.0,0.0,0.0,0.0,0.0,0.0,0.0,0.0,0.0,0.0,0.0
51088,2,3.4533334,5.0,10.0,231810.0,38.361805,40.175358,43475.05,157400.58,1,1.0,0.0,43.47505,3.7949283,12.35367334959574,3.672796,3.6932538,0.37290364236498547,1.0,1.0,1.0,1.0,1.4936528,-0.0014959574,24.70734669919148,7.5898566,0,0,0,0.0,0.0,0.0,near,1.0,0.0,0.0,0.0,0.0,0.0,0.0,0.0,0.0,0.0,0.0,0.0,0.0,0.0,0.0
51088,3,3.34,5.0,10.0,231810.0,44.791096,44.86723,43475.05,157400.58,1,1.0,0.0,43.47505,3.7949283,12.35367334959574,3.8240895,3.8037076,0.37290364236498547,1.0,1.0,1.0,1.0,1.4678744,-0.025778413,37.06102004878722,11.384785,1,1,0,1.0,1.0,0.0,near,1.0,1.0,0.0,1.0,0.0,0.0,0.0,0.0,0.0,0.0,0.0,0.0,0.0,0.0,0.0
51088,4,3.4666667,5.0,10.0,231810.0,48.71559,46.34623,43475.05,157400.58,1,1.0,0.0,43.47505,3.7949283,12.35367334959574,3.9063187,3.83614,0.37290364236498547,1.0,1.0,1.0,1.0,1.4966425,0.028768063,49.41469339838296,15.179713,1,1,0,1.0,1.0,0.0,near,1.0,1.0,0.0,1.0,0.0,0.0,0.0,0.0,0.0,0.0,0.0,0.0,0.0,0.0,0.0
51088,5,2.74,5.0,10.0,231810.0,47.52675,48.29984,43475.05,157400.58,1,1.0,0.0,43.47505,3.7949283,12.35367334959574,3.8821151,3.8774283,0.37290364236498547,1.0,1.0,1.0,1.0,1.3190856,-0.17755687,61.768366747978696,18.974642,1,0,1,1.0,0.0,1.0,near,1.0,0.0,1.0,0.0,1.0,0.0,0.0,0.0,0.0,0.0,0.0,0.0,0.0,0.0,0.0
51088,6,3.9166667,5.0,10.0,231810.0,41.14076,41.5105,43475.05,157400.58,1,1.0,0.0,43.47505,3.7949283,12.35367334959574,3.7410154,3.7259464,0.37290364236498547,1.0,1.0,1.0,1.0,1.5926309,0.27354527,74.12204009757444,22.76957,1,0,1,1.0,0.0,1.0,near,1.0,0.0,1.0,0.0,1.0,0.0,0.0,0.0,0.0,0.0,0.0,0.0,0.0,0.0,0.0
51088,7,4.71,5.0,10.0,231810.0,44.331215,48.314682,43475.05,157400.58,1,1.0,0.0,43.47505,3.7949283,12.35367334959574,3.8139958,3.8777356,0.37290364236498547,1.0,1.0,1.0,1.0,1.742219,0.14958811,86.47571344717018,26.564499,1,0,1,1.0,0.0,1.0,near,1.0,0.0,1.0,0.0,1.0,0.0,0.0,0.0,0.0,0.0,0.0,0.0,0.0,0.0,0.0
51094,1,3.57,5.0,10.0,310600.0,38.878677,43.00305,83287.67,200782.14,1,1.0,0.0,83.287674,4.4342356,12.646261189696723,3.6858418,3.761271,0.5114769037122648,1.0,1.0,1.0,1.0,1.5195131,,12.646261189696723,4.4342356,0,0,0,0.0,0.0,0.0,near,1.0,0.0,0.0,0.0,0.0,0.0,0.0,0.0,0.0,0.0,0.0,0.0,0.0,0.0,0.0
51094,2,3.5066667,5.0,10.0,310600.0,40.64517,43.895794,83287.67,200782.14,1,1.0,0.0,83.287674,4.4342356,12.646261189696723,3.7291853,3.7818184,0.5114769037122648,1.0,1.0,1.0,1.0,1.5055578,-0.013955355,25.292522379393446,8.868471,0,0,0,0.0,0.0,0.0,near,1.0,0.0,0.0,0.0,0.0,0.0,0.0,0.0,0.0,0.0,0.0,0.0,0.0,0.0,0.0
51094,3,3.7675,5.0,10.0,310600.0,47.90326,48.287167,83287.67,200782.14,1,1.0,0.0,83.287674,4.4342356,12.646261189696723,3.8898442,3.8771658,0.5114769037122648,1.0,1.0,1.0,1.0,1.561822,0.05626428,37.93878356909017,13.302707,1,1,0,1.0,1.0,0.0,near,1.0,1.0,0.0,1.0,0.0,0.0,0.0,0.0,0.0,0.0,0.0,0.0,0.0,0.0,0.0
51094,4,3.73,5.0,10.0,310600.0,52.458054,51.24691,83287.67,200782.14,1,1.0,0.0,83.287674,4.4342356,12.646261189696723,3.9788973,3.9366553,0.5114769037122648,1.0,1.0,1.0,1.0,1.5539252,-0.0078969,50.58504475878689,17.736942,1,1,0,1.0,1.0,0.0,near,1.0,1.0,0.0,1.0,0.0,0.0,0.0,0.0,0.0,0.0,0.0,0.0,0.0,0.0,0.0
51094,5,3.05,5.0,10.0,310600.0,49.505184,51.10745,83287.67,200782.14,1,1.0,0.0,83.287674,4.4342356,12.646261189696723,3.922076,3.9339302,0.5114769037122648,1.0,1.0,1.0,1.0,1.3987169,-0.15520823,63.231305948483616,22.171177,1,0,1,1.0,0.0,1.0,near,1.0,0.0,1.0,0.0,1.0,0.0,0.0,0.0,0.0,0.0,0.0,0.0,0.0,0.0,0.0
51094,6,5.1066666,5.0,10.0,310600.0,44.245583,45.869423,83287.67,200782.14,1,1.0,0.0,83.287674,4.4342356,12.646261189696723,3.8121052,3.8257987,0.5114769037122648,1.0,1.0,1.0,1.0,1.809381,0.41066408,75.87756713818034,26.605413,1,0,1,1.0,0.0,1.0,near,1.0,0.0,1.0,0.0,1.0,0.0,0.0,0.0,0.0,0.0,0.0,0.0,0.0,0.0,0.0
51094,7,6.165,5.0,10.0,310600.0,46.93622,51.85013,83287.67,200782.14,1,1.0,0.0,83.287674,4.4342356,12.646261189696723,3.8698714,3.9483573,0.5114769037122648,1.0,1.0,1.0,1.0,1.969208,0.159827,88.52382832787706,31.03965,1,0,1,1.0,0.0,1.0,near,1.0,0.0,1.0,0.0,1.0,0.0,0.0,0.0,0.0,0.0,0.0,0.0,0.0,0.0,0.0
51095,1,1.5733334,5.0,10.0,146290.0,44.27564,47.365196,71525.445,189892.55,1,1.0,0.0,71.525444,4.2839375,11.893346231972131,3.8127692,3.8578877,0.4251778278859968,1.0,1.0,1.0,1.0,0.94520205,,11.893346231972131,4.2839375,0,0,0,0.0,0.0,0.0,near,1.0,0.0,0.0,0.0,0.0,0.0,0.0,0.0,0.0,0.0,0.0,0.0,0.0,0.0,0.0
51095,2,1.5466666,5.0,10.0,146290.0,45.2125,47.57332,71525.445,189892.55,1,1.0,0.0,71.525444,4.2839375,11.893346231972131,3.8332503,3.862272,0.4251778278859968,1.0,1.0,1.0,1.0,0.9347853,-0.010416746,23.786692463944263,8.567875,0,0,0,0.0,0.0,0.0,near,1.0,0.0,0.0,0.0,0.0,0.0,0.0,0.0,0.0,0.0,0.0,0.0,0.0,0.0,0.0
51095,3,1.735,5.0,10.0,146290.0,52.930813,52.457893,71525.445,189892.55,1,1.0,0.0,71.525444,4.2839375,11.893346231972131,3.987702,3.9600108,0.4251778278859968,1.0,1.0,1.0,1.0,1.0061315,0.07134622,35.680038695916394,12.851812,1,1,0,1.0,1.0,0.0,near,1.0,1.0,0.0,1.0,0.0,0.0,0.0,0.0,0.0,0.0,0.0,0.0,0.0,0.0,0.0
51095,4,1.5666667,5.0,10.0,146290.0,57.913887,55.14228,71525.445,189892.55,1,1.0,0.0,71.525444,4.2839375,11.893346231972131,4.076077,4.009917,0.4251778278859968,1.0,1.0,1.0,1.0,0.942608,-0.06352353,47.573384927888526,17.13575,1,1,0,1.0,1.0,0.0,near,1.0,1.0,0.0,1.0,0.0,0.0,0.0,0.0,0.0,0.0,0.0,0.0,0.0,0.0,0.0
51095,5,1.5166667,5.0,10.0,146290.0,54.91856,55.18979,71525.445,189892.55,1,1.0,0.0,71.525444,4.2839375,11.893346231972131,4.023896,4.010778,0.4251778278859968,1.0,1.0,1.0,1.0,0.92293525,-0.019672751,59.46673115986066,21.419687,1,0,1,1.0,0.0,1.0,near,1.0,0.0,1.0,0.0,1.0,0.0,0.0,0.0,0.0,0.0,0.0,0.0,0.0,0.0,0.0
51095,6,2.3466668,5.0,10.0,146290.0,49.895027,50.20326,71525.445,189892.55,1,1.0,0.0,71.525444,4.2839375,11.893346231972131,3.9297652,3.91608,0.4251778278859968,1.0,1.0,1.0,1.0,1.2079649,0.28502965,71.36007739183279,25.703625,1,0,1,1.0,0.0,1.0,near,1.0,0.0,1.0,0.0,1.0,0.0,0.0,0.0,0.0,0.0,0.0,0.0,0.0,0.0,0.0
51095,7,2.4250002,5.0,10.0,146290.0,52.340733,56.71138,71525.445,189892.55,1,1.0,0.0,71.525444,4.2839375,11.893346231972131,3.9767003,4.037975,0.4251778278859968,1.0,1.0,1.0,1.0,1.2311015,0.023136616,83.25342362380492,29.987562,1,0,1,1.0,0.0,1.0,near,1.0,0.0,1.0,0.0,1.0,0.0,0.0,0.0,0.0,0.0,0.0,0.0,0.0,0.0,0.0
52710,1,1.87,5.0,27.0,135270.0,35.86431,40.978027,135733.92,252445.97,1,1.0,0.0,135.73392,4.918037,11.81502806008324,3.607244,3.713036,0.5359382984952532,1.0,1.0,1.0,1.0,1.054312,,11.81502806008324,4.918037,0,0,0,0.0,0.0,0.0,far,0.0,0.0,0.0,0.0,0.0,0.0,0.0,0.0,0.0,0.0,1.0,0.0,0.0,0.0,0.0
52710,2,2.25,5.0,27.0,135270.0,38.68299,42.695015,135733.92,252445.97,1,1.0,0.0,135.73392,4.918037,11.81502806008324,3.6809227,3.7540822,0.5359382984952532,1.0,1.0,1.0,1.0,1.178655,0.12434304,23.63005612016648,9.836074,0,0,0,0.0,0.0,0.0,far,0.0,0.0,0.0,0.0,0.0,0.0,0.0,0.0,0.0,0.0,1.0,0.0,0.0,0.0,0.0
52710,3,3.0875,5.0,27.0,135270.0,45.63378,46.5763,135733.92,252445.97,1,1.0,0.0,135.73392,4.918037,11.81502806008324,3.8423252,3.8410919,0.5359382984952532,1.0,1.0,1.0,1.0,1.4079336,0.22927856,35.44508418024972,14.75411,1,1,0,1.0,1.0,0.0,far,0.0,0.0,0.0,0.0,0.0,0.0,0.0,0.0,0.0,0.0,1.0,1.0,0.0,1.0,0.0
52710,4,2.4733334,5.0,27.0,135270.0,49.9248,50.694225,135733.92,252445.97,1,1.0,0.0,135.73392,4.918037,11.81502806008324,3.93035,3.925812,0.5359382984952532,1.0,1.0,1.0,1.0,1.2451148,-0.16281879,47.26011224033296,19.672148,1,1,0,1.0,1.0,0.0,far,0.0,0.0,0.0,0.0,0.0,0.0,0.0,0.0,0.0,0.0,1.0,1.0,0.0,1.0,0.0
52710,5,1.9266667,5.0,27.0,135270.0,46.490574,49.49875,135733.92,252445.97,1,1.0,0.0,135.73392,4.918037,11.81502806008324,3.8605313,3.9019475,0.5359382984952532,1.0,1.0,1.0,1.0,1.0738641,-0.1712507,59.075140300416194,24.590185,1,0,1,1.0,0.0,1.0,far,0.0,0.0,0.0,0.0,0.0,0.0,0.0,0.0,0.0,0.0,1.0,0.0,1.0,0.0,1.0
52710,6,2.9766667,5.0,27.0,135270.0,41.877884,45.165337,135733.92,252445.97,1,1.0,0.0,135.73392,4.918037,11.81502806008324,3.758356,3.81033,0.5359382984952532,1.0,1.0,1.0,1.0,1.3804439,0.30657983,70.89016836049944,29.50822,1,0,1,1.0,0.0,1.0,far,0.0,0.0,0.0,0.0,0.0,0.0,0.0,0.0,0.0,0.0,1.0,0.0,1.0,0.0,1.0
52710,7,4.04,5.0,27.0,135270.0,44.38069,50.296978,135733.92,252445.97,1,1.0,0.0,135.73392,4.918037,11.81502806008324,3.8150868,3.917945,0.5359382984952532,1.0,1.0,1.0,1.0,1.6174061,0.2369622,82.70519642058268,34.426258,1,0,1,1.0,0.0,1.0,far,0.0,0.0,0.0,0.0,0.0,0.0,0.0,0.0,0.0,0.0,1.0,0.0,1.0,0.0,1.0
52712,1,4.016667,5.0,27.0,232020.0,43.484497,50.527504,204920.47,322067.4,1,1.0,0.0,204.92047,5.32749,12.354578853829398,3.7951407,3.9225178,0.649470355660567,1.0,1.0,1.0,1.0,1.6127658,,12.354578853829398,5.32749,0,0,0,0.0,0.0,0.0,far,0.0,0.0,0.0,0.0,0.0,0.0,0.0,0.0,0.0,0.0,1.0,0.0,0.0,0.0,0.0
52712,2,4.13,5.0,27.0,232020.0,47.717285,53.493404,204920.47,322067.4,1,1.0,0.0,204.92047,5.32749,12.354578853829398,3.886034,3.9795585,0.649470355660567,1.0,1.0,1.0,1.0,1.6351057,0.02233994,24.709157707658797,10.65498,0,0,0,0.0,0.0,0.0,far,0.0,0.0,0.0,0.0,0.0,0.0,0.0,0.0,0.0,0.0,1.0,0.0,0.0,0.0,0.0
52712,3,3.5,5.0,27.0,232020.0,55.1243,56.121117,204920.47,322067.4,1,1.0,0.0,204.92047,5.32749,12.354578853829398,4.027569,4.027512,0.649470355660567,1.0,1.0,1.0,1.0,1.5040774,-0.1310283,37.0637365614882,15.98247,1,1,0,1.0,1.0,0.0,far,0.0,0.0,0.0,0.0,0.0,0.0,0.0,0.0,0.0,0.0,1.0,1.0,0.0,1.0,0.0
52712,4,3.15,5.0,27.0,232020.0,59.622097,62.522514,204920.47,322067.4,1,1.0,0.0,204.92047,5.32749,12.354578853829398,4.1046596,4.1355267,0.649470355660567,1.0,1.0,1.0,1.0,1.4231083,-0.080969095,49.41831541531759,21.30996,1,1,0,1.0,1.0,0.0,far,0.0,0.0,0.0,0.0,0.0,0.0,0.0,0.0,0.0,0.0,1.0,1.0,0.0,1.0,0.0
52712,5,1.81,5.0,27.0,232020.0,54.963333,59.59413,204920.47,322067.4,1,1.0,0.0,204.92047,5.32749,12.354578853829398,4.024697,4.0875573,0.649470355660567,1.0,1.0,1.0,1.0,1.0331844,-0.38992393,61.77289426914699,26.63745,1,0,1,1.0,0.0,1.0,far,0.0,0.0,0.0,0.0,0.0,0.0,0.0,0.0,0.0,0.0,1.0,0.0,1.0,0.0,1.0
52712,6,1.9966667,5.0,27.0,232020.0,51.49432,57.140022,204920.47,322067.4,1,1.0,0.0,204.92047,5.32749,12.354578853829398,3.960705,4.0455046,0.649470355660567,1.0,1.0,1.0,1.0,1.0975006,0.06431615,74.1274731229764,31.96494,1,0,1,1.0,0.0,1.0,far,0.0,0.0,0.0,0.0,0.0,0.0,0.0,0.0,0.0,0.0,1.0,0.0,1.0,0.0,1.0
52712,7,2.395,5.0,27.0,232020.0,53.60984,62.007797,204920.47,322067.4,1,1.0,0.0,204.92047,5.32749,12.354578853829398,4.000214,4.12726,0.649470355660567,1.0,1.0,1.0,1.0,1.2223037,0.124803185,86.48205197680579,37.292427,1,0,1,1.0,0.0,1.0,far,0.0,0.0,0.0,0.0,0.0,0.0,0.0,0.0,0.0,0.0,1.0,0.0,1.0,0.0,1.0
52717,1,3.2966666,5.0,27.0,202920.0,41.49715,48.303757,185112.42,299960.72,1,1.0,0.0,185.11243,5.226351,12.220567091680627,3.749437,3.8775094,0.6223927028187031,1.0,1.0,1.0,1.0,1.4578395,,12.220567091680627,5.226351,0,0,0,0.0,0.0,0.0,far,0.0,0.0,0.0,0.0,0.0,0.0,0.0,0.0,0.0,0.0,1.0,0.0,0.0,0.0,0.0
52717,2,3.6033332,5.0,27.0,202920.0,45.678604,51.243546,185112.42,299960.72,1,1.0,0.0,185.11243,5.226351,12.220567091680627,3.843286,3.9365897,0.6223927028187031,1.0,1.0,1.0,1.0,1.5267807,0.068941236,24.441134183361253,10.452702,0,0,0,0.0,0.0,0.0,far,0.0,0.0,0.0,0.0,0.0,0.0,0.0,0.0,0.0,0.0,1.0,0.0,0.0,0.0,0.0
52717,3,3.2175,5.0,27.0,202920.0,52.922363,53.96569,185112.42,299960.72,1,1.0,0.0,185.11243,5.226351,12.220567091680627,3.9875453,3.9883485,0.6223927028187031,1.0,1.0,1.0,1.0,1.4392425,-0.08753824,36.66170127504188,15.679052,1,1,0,1.0,1.0,0.0,far,0.0,0.0,0.0,0.0,0.0,0.0,0.0,0.0,0.0,0.0,1.0,1.0,0.0,1.0,0.0
52717,4,2.72,5.0,27.0,202920.0,57.31731,60.17699,185112.42,299960.72,1,1.0,0.0,185.11243,5.226351,12.220567091680627,4.065899,4.09729,0.6223927028187031,1.0,1.0,1.0,1.0,1.3137237,-0.1255188,48.882268366722506,20.905403,1,1,0,1.0,1.0,0.0,far,0.0,0.0,0.0,0.0,0.0,0.0,0.0,0.0,0.0,0.0,1.0,1.0,0.0,1.0,0.0
52717,5,2.3333333,5.0,27.0,202920.0,52.781326,57.27101,185112.42,299960.72,1,1.0,0.0,185.11243,5.226351,12.220567091680627,3.9849262,4.047795,0.6223927028187031,1.0,1.0,1.0,1.0,1.2039728,-0.10975087,61.102835458403135,26.131754,1,0,1,1.0,0.0,1.0,far,0.0,0.0,0.0,0.0,0.0,0.0,0.0,0.0,0.0,0.0,1.0,0.0,1.0,0.0,1.0
52717,6,3.3333333,5.0,27.0,202920.0,49.323414,54.78303,185112.42,299960.72,1,1.0,0.0,185.11243,5.226351,12.220567091680627,3.9184704,4.0033803,0.6223927028187031,1.0,1.0,1.0,1.0,1.466337,0.26236415,73.32340255008376,31.358105,1,0,1,1.0,0.0,1.0,far,0.0,0.0,0.0,0.0,0.0,0.0,0.0,0.0,0.0,0.0,1.0,0.0,1.0,0.0,1.0
52717,7,3.895,5.0,27.0,202920.0,51.369965,59.37433,185112.42,299960.72,1,1.0,0.0,185.11243,5.226351,12.220567091680627,3.9583333,4.083862,0.6223927028187031,1.0,1.0,1.0,1.0,1.5882143,0.12187731,85.54396964176439,36.584457,1,0,1,1.0,0.0,1.0,far,0.0,0.0,0.0,0.0,0.0,0.0,0.0,0.0,0.0,0.0,1.0,0.0,1.0,0.0,1.0
52721,1,2.2433333,5.0,27.0,133240.0,35.711956,43.024918,202856.84,317936.4,1,1.0,0.0,202.85684,5.317418,11.799907292307616,3.6031024,3.7617793,0.6071513605111657,1.0,1.0,1.0,1.0,1.1766016,,11.799907292307616,5.317418,0,0,0,0.0,0.0,0.0,far,0.0,0.0,0.0,0.0,0.0,0.0,0.0,0.0,0.0,0.0,1.0,0.0,0.0,0.0,0.0
52721,2,2.42,5.0,27.0,133240.0,40.690994,47.219326,202856.84,317936.4,1,1.0,0.0,202.85684,5.317418,11.799907292307616,3.7302852,3.8548033,0.6071513605111657,1.0,1.0,1.0,1.0,1.2296406,0.053038955,23.59981458461523,10.634836,0,0,0,0.0,0.0,0.0,far,0.0,0.0,0.0,0.0,0.0,0.0,0.0,0.0,0.0,0.0,1.0,0.0,0.0,0.0,0.0
52721,3,2.585,5.0,27.0,133240.0,45.937733,48.743637,202856.84,317936.4,1,1.0,0.0,202.85684,5.317418,11.799907292307616,3.8488219,3.8865747,0.6071513605111657,1.0,1.0,1.0,1.0,1.2767584,0.04711783,35.39972187692285,15.952254,1,1,0,1.0,1.0,0.0,far,0.0,0.0,0.0,0.0,0.0,0.0,0.0,0.0,0.0,0.0,1.0,1.0,0.0,1.0,0.0
52721,4,2.3766665,5.0,27.0,133240.0,49.23406,53.34002,202856.84,317936.4,1,1.0,0.0,202.85684,5.317418,11.799907292307616,3.9166932,3.976687,0.6071513605111657,1.0,1.0,1.0,1.0,1.216889,-0.05986941,47.19962916923046,21.269672,1,1,0,1.0,1.0,0.0,far,0.0,0.0,0.0,0.0,0.0,0.0,0.0,0.0,0.0,0.0,1.0,1.0,0.0,1.0,0.0
52721,5,1.9566667,5.0,27.0,133240.0,46.62038,52.727962,202856.84,317936.4,1,1.0,0.0,202.85684,5.317418,11.799907292307616,3.8632607,3.9651458,0.6071513605111657,1.0,1.0,1.0,1.0,1.0840625,-0.13282657,58.99953646153808,26.58709,1,0,1,1.0,0.0,1.0,far,0.0,0.0,0.0,0.0,0.0,0.0,0.0,0.0,0.0,0.0,1.0,0.0,1.0,0.0,1.0
52721,6,2.79,5.0,27.0,133240.0,43.07649,50.15625,202856.84,317936.4,1,1.0,0.0,202.85684,5.317418,11.799907292307616,3.7859266,3.9151433,0.6071513605111657,1.0,1.0,1.0,1.0,1.332366,0.24830353,70.7994437538457,31.904509,1,0,1,1.0,0.0,1.0,far,0.0,0.0,0.0,0.0,0.0,0.0,0.0,0.0,0.0,0.0,1.0,0.0,1.0,0.0,1.0
52721,7,3.42,5.0,27.0,133240.0,45.38273,54.347893,202856.84,317936.4,1,1.0,0.0,202.85684,5.317418,11.799907292307616,3.8369272,3.995406,0.6071513605111657,1.0,1.0,1.0,1.0,1.4861398,0.15377378,82.59935104615332,37.221928,1,0,1,1.0,0.0,1.0,far,0.0,0.0,0.0,0.0,0.0,0.0,0.0,0.0,0.0,0.0,1.0,0.0,1.0,0.0,1.0
52730,1,3.5766666,5.0,27.0,231890.0,42.02308,48.824177,171888.0,288832.88,1,1.0,0.0,171.888,5.152644,12.35401840027848,3.7617366,3.8882256,0.619378088702579,1.0,1.0,1.0,1.0,1.520971,,12.35401840027848,5.152644,0,0,0,0.0,0.0,0.0,far,0.0,0.0,0.0,0.0,0.0,0.0,0.0,0.0,0.0,0.0,1.0,0.0,0.0,0.0,0.0
52730,2,3.7433333,5.0,27.0,231890.0,46.132023,51.663757,171888.0,288832.88,1,1.0,0.0,171.888,5.152644,12.35401840027848,3.8529527,3.9447565,0.619378088702579,1.0,1.0,1.0,1.0,1.5567402,0.035769224,24.70803680055696,10.305288,0,0,0,0.0,0.0,0.0,far,0.0,0.0,0.0,0.0,0.0,0.0,0.0,0.0,0.0,0.0,1.0,0.0,0.0,0.0,0.0
52730,3,3.71,5.0,27.0,231890.0,53.557327,54.49329,171888.0,288832.88,1,1.0,0.0,171.888,5.152644,12.35401840027848,3.999252,3.9980776,0.619378088702579,1.0,1.0,1.0,1.0,1.5496879,-0.0070523024,37.062055200835445,15.457932,1,1,0,1.0,1.0,0.0,far,0.0,0.0,0.0,0.0,0.0,0.0,0.0,0.0,0.0,0.0,1.0,1.0,0.0,1.0,0.0
52730,4,3.4066665,5.0,27.0,231890.0,58.05215,60.834637,171888.0,288832.88,1,1.0,0.0,171.888,5.152644,12.35401840027848,4.078421,4.1081595,0.619378088702579,1.0,1.0,1.0,1.0,1.4831185,-0.06656933,49.41607360111392,20.610577,1,1,0,1.0,1.0,0.0,far,0.0,0.0,0.0,0.0,0.0,0.0,0.0,0.0,0.0,0.0,1.0,1.0,0.0,1.0,0.0
52730,5,1.8933333,5.0,27.0,231890.0,53.341415,57.730877,171888.0,288832.88,1,1.0,0.0,171.888,5.152644,12.35401840027848,3.9952867,4.0557923,0.619378088702579,1.0,1.0,1.0,1.0,1.0624092,-0.42070937,61.7700920013924,25.763222,1,0,1,1.0,0.0,1.0,far,0.0,0.0,0.0,0.0,0.0,0.0,0.0,0.0,0.0,0.0,1.0,0.0,1.0,0.0,1.0
52730,6,2.3033333,5.0,27.0,231890.0,49.891315,55.240517,171888.0,288832.88,1,1.0,0.0,171.888,5.152644,12.35401840027848,3.9296923,4.011697,0.619378088702579,1.0,1.0,1.0,1.0,1.1949321,0.13252294,74.12411040167089,30.915865,1,0,1,1.0,0.0,1.0,far,0.0,0.0,0.0,0.0,0.0,0.0,0.0,0.0,0.0,0.0,1.0,0.0,1.0,0.0,1.0
52730,7,2.7,5.0,27.0,231890.0,51.91426,59.870678,171888.0,288832.88,1,1.0,0.0,171.888,5.152644,12.35401840027848,3.968673,4.092187,0.619378088702579,1.0,1.0,1.0,1.0,1.3083328,0.1134007,86.47812880194937,36.06851,1,0,1,1.0,0.0,1.0,far,0.0,0.0,0.0,0.0,0.0,0.0,0.0,0.0,0.0,0.0,1.0,0.0,1.0,0.0,1.0
52738,1,1.8433332,5.0,27.0,130180.0,35.36926,40.824047,146371.03,263008.44,1,1.0,0.0,146.37103,4.9929533,11.776673387126378,3.5937238,3.7092712,0.5467427599789838,1.0,1.0,1.0,1.0,1.0449771,,11.776673387126378,4.9929533,0,0,0,0.0,0.0,0.0,far,0.0,0.0,0.0,0.0,0.0,0.0,0.0,0.0,0.0,0.0,1.0,0.0,0.0,0.0,0.0
52738,2,2.2366667,5.0,27.0,130180.0,38.646954,42.896606,146371.03,263008.44,1,1.0,0.0,146.37103,4.9929533,11.776673387126378,3.6800141,3.7587926,0.5467427599789838,1.0,1.0,1.0,1.0,1.174544,0.12956691,23.553346774252756,9.985907,0,0,0,0.0,0.0,0.0,far,0.0,0.0,0.0,0.0,0.0,0.0,0.0,0.0,0.0,0.0,1.0,0.0,0.0,0.0,0.0
52738,3,2.765,5.0,27.0,130180.0,45.368473,46.45215,146371.03,263008.44,1,1.0,0.0,146.37103,4.9929533,11.776673387126378,3.8366199,3.8384228,0.5467427599789838,1.0,1.0,1.0,1.0,1.3257478,0.15120387,35.33002016137913,14.97886,1,1,0,1.0,1.0,0.0,far,0.0,0.0,0.0,0.0,0.0,0.0,0.0,0.0,0.0,0.0,1.0,1.0,0.0,1.0,0.0
52738,4,2.0766666,5.0,27.0,130180.0,49.457005,50.924774,146371.03,263008.44,1,1.0,0.0,146.37103,4.9929533,11.776673387126378,3.9211216,3.9303496,0.5467427599789838,1.0,1.0,1.0,1.0,1.1238468,-0.20190108,47.10669354850551,19.971813,1,1,0,1.0,1.0,0.0,far,0.0,0.0,0.0,0.0,0.0,0.0,0.0,0.0,0.0,0.0,1.0,1.0,0.0,1.0,0.0
52738,5,1.9533334,5.0,27.0,130180.0,46.047997,49.635185,146371.03,263008.44,1,1.0,0.0,146.37103,4.9929533,11.776673387126378,3.8511684,3.9047,0.5467427599789838,1.0,1.0,1.0,1.0,1.0829345,-0.04091227,58.88336693563189,24.964767,1,0,1,1.0,0.0,1.0,far,0.0,0.0,0.0,0.0,0.0,0.0,0.0,0.0,0.0,0.0,1.0,0.0,1.0,0.0,1.0
52738,6,2.77,5.0,27.0,130180.0,41.578392,45.536606,146371.03,263008.44,1,1.0,0.0,146.37103,4.9929533,11.776673387126378,3.7513468,3.8185165,0.5467427599789838,1.0,1.0,1.0,1.0,1.327075,0.2441405,70.66004032275826,29.95772,1,0,1,1.0,0.0,1.0,far,0.0,0.0,0.0,0.0,0.0,0.0,0.0,0.0,0.0,0.0,1.0,0.0,1.0,0.0,1.0
52738,7,3.295,5.0,27.0,130180.0,44.071266,50.47661,146371.03,263008.44,1,1.0,0.0,146.37103,4.9929533,11.776673387126378,3.808245,3.92151,0.5467427599789838,1.0,1.0,1.0,1.0,1.4574516,0.13037658,82.43671370988464,34.950672,1,0,1,1.0,0.0,1.0,far,0.0,0.0,0.0,0.0,0.0,0.0,0.0,0.0,0.0,0.0,1.0,0.0,1.0,0.0,1.0
52743,1,2.1866667,5.0,27.0,84490.0,40.42886,45.449036,113197.09,231264.81,1,1.0,0.0,113.19709,4.737926,11.34438846314689,3.7239778,3.8165915,0.4657846108964135,1.0,1.0,1.0,1.0,1.1589755,,11.34438846314689,4.737926,0,0,0,0.0,0.0,0.0,mid,0.0,0.0,0.0,0.0,0.0,1.0,0.0,0.0,0.0,0.0,0.0,0.0,0.0,0.0,0.0
52743,2,3.03,5.0,27.0,84490.0,42.51562,46.75592,113197.09,231264.81,1,1.0,0.0,113.19709,4.737926,11.34438846314689,3.77312,3.844941,0.4657846108964135,1.0,1.0,1.0,1.0,1.3937663,0.2347908,22.68877692629378,9.475852,0,0,0,0.0,0.0,0.0,mid,0.0,0.0,0.0,0.0,0.0,1.0,0.0,0.0,0.0,0.0,0.0,0.0,0.0,0.0,0.0
52743,3,3.6875,5.0,27.0,84490.0,50.391483,51.081036,113197.09,231264.81,1,1.0,0.0,113.19709,4.737926,11.34438846314689,3.9394724,3.9334133,0.4657846108964135,1.0,1.0,1.0,1.0,1.5448995,0.15113318,34.03316538944067,14.213778,1,1,0,1.0,1.0,0.0,mid,0.0,0.0,0.0,0.0,0.0,1.0,1.0,0.0,1.0,0.0,0.0,0.0,0.0,0.0,0.0
52743,4,3.2566667,5.0,27.0,84490.0,55.39186,55.082123,113197.09,231264.81,1,1.0,0.0,113.19709,4.737926,11.34438846314689,4.032325,4.0088253,0.4657846108964135,1.0,1.0,1.0,1.0,1.4484863,-0.096413136,45.37755385258756,18.951704,1,1,0,1.0,1.0,0.0,mid,0.0,0.0,0.0,0.0,0.0,1.0,1.0,0.0,1.0,0.0,0.0,0.0,0.0,0.0,0.0
52743,5,2.2233334,5.0,27.0,84490.0,51.24373,53.330383,113197.09,231264.81,1,1.0,0.0,113.19709,4.737926,11.34438846314689,3.9559197,3.9765062,0.4657846108964135,1.0,1.0,1.0,1.0,1.170416,-0.27807033,56.72194231573445,23.68963,1,0,1,1.0,0.0,1.0,mid,0.0,0.0,0.0,0.0,0.0,1.0,0.0,1.0,0.0,1.0,0.0,0.0,0.0,0.0,0.0
52743,6,3.3466668,5.0,27.0,84490.0,46.78307,49.19218,113197.09,231264.81,1,1.0,0.0,113.19709,4.737926,11.34438846314689,3.8666713,3.8957348,0.4657846108964135,1.0,1.0,1.0,1.0,1.4694093,0.29899335,68.06633077888134,28.427555,1,0,1,1.0,0.0,1.0,mid,0.0,0.0,0.0,0.0,0.0,1.0,0.0,1.0,0.0,1.0,0.0,0.0,0.0,0.0,0.0
52743,7,3.48,5.0,27.0,84490.0,49.075752,54.60948,113197.09,231264.81,1,1.0,0.0,113.19709,4.737926,11.34438846314689,3.913537,4.0002074,0.4657846108964135,1.0,1.0,1.0,1.0,1.4996231,0.030213714,79.41071924202824,33.16548,1,0,1,1.0,0.0,1.0,mid,0.0,0.0,0.0,0.0,0.0,1.0,0.0,1.0,0.0,1.0,0.0,0.0,0.0,0.0,0.0
52747,1,2.04,5.0,27.0,65190.0,39.150787,44.17169,122612.82,239536.27,1,1.0,0.0,122.61282,4.8171544,11.085061361918585,3.692642,3.7880843,0.4601751929586945,1.0,1.0,1.0,1.0,1.1118575,,11.085061361918585,4.8171544,0,0,0,0.0,0.0,0.0,mid,0.0,0.0,0.0,0.0,0.0,1.0,0.0,0.0,0.0,0.0,0.0,0.0,0.0,0.0,0.0
52747,2,2.69,5.0,27.0,65190.0,41.442486,45.58273,122612.82,239536.27,1,1.0,0.0,122.61282,4.8171544,11.085061361918585,3.7481499,3.819529,0.4601751929586945,1.0,1.0,1.0,1.0,1.3056265,0.19376898,22.17012272383717,9.634309,0,0,0,0.0,0.0,0.0,mid,0.0,0.0,0.0,0.0,0.0,1.0,0.0,0.0,0.0,0.0,0.0,0.0,0.0,0.0,0.0
52747,3,3.4425,5.0,27.0,65190.0,49.059326,49.784588,122612.82,239536.27,1,1.0,0.0,122.61282,4.8171544,11.085061361918585,3.9132087,3.9077055,0.4601751929586945,1.0,1.0,1.0,1.0,1.4912173,0.18559074,33.25518408575576,14.451464,1,1,0,1.0,1.0,0.0,mid,0.0,0.0,0.0,0.0,0.0,1.0,1.0,0.0,1.0,0.0,0.0,0.0,0.0,0.0,0.0
52747,4,3.6433334,5.0,27.0,65190.0,53.861084,53.830223,122612.82,239536.27,1,1.0,0.0,122.61282,4.8171544,11.085061361918585,4.004804,3.985835,0.4601751929586945,1.0,1.0,1.0,1.0,1.5354326,0.04421532,44.34024544767434,19.268618,1,1,0,1.0,1.0,0.0,mid,0.0,0.0,0.0,0.0,0.0,1.0,1.0,0.0,1.0,0.0,0.0,0.0,0.0,0.0,0.0
52747,5,2.4266667,5.0,27.0,65190.0,49.912846,52.23107,122612.82,239536.27,1,1.0,0.0,122.61282,4.8171544,11.085061361918585,3.9301152,3.9556775,0.4601751929586945,1.0,1.0,1.0,1.0,1.231588,-0.30384457,55.425306809592925,24.085772,1,0,1,1.0,0.0,1.0,mid,0.0,0.0,0.0,0.0,0.0,1.0,0.0,1.0,0.0,1.0,0.0,0.0,0.0,0.0,0.0
52747,6,3.1733334,5.0,27.0,65190.0,45.40962,48.040318,122612.82,239536.27,1,1.0,0.0,122.61282,4.8171544,11.085061361918585,3.8375068,3.8720405,0.4601751929586945,1.0,1.0,1.0,1.0,1.428715,0.19712698,66.51036817151152,28.902927,1,0,1,1.0,0.0,1.0,mid,0.0,0.0,0.0,0.0,0.0,1.0,0.0,1.0,0.0,1.0,0.0,0.0,0.0,0.0,0.0
52747,7,4.2250004,5.0,27.0,65190.0,47.76114,53.37962,122612.82,239536.27,1,1.0,0.0,122.61282,4.8171544,11.085061361918585,3.8869338,3.977429,0.4601751929586945,1.0,1.0,1.0,1.0,1.6534549,0.22473991,77.59542953343009,33.72008,1,0,1,1.0,0.0,1.0,mid,0.0,0.0,0.0,0.0,0.0,1.0,0.0,1.0,0.0,1.0,0.0,0.0,0.0,0.0,0.0
52756,1,2.9333334,5.0,27.0,119130.0,42.02308,48.824177,195091.22,311458.72,1,1.0,0.0,195.09122,5.2785797,11.687970612793407,3.7617366,3.8882256,0.5918134797571546,1.0,1.0,1.0,1.0,1.3694873,,11.687970612793407,5.2785797,0,0,0,0.0,0.0,0.0,far,0.0,0.0,0.0,0.0,0.0,0.0,0.0,0.0,0.0,0.0,1.0,0.0,0.0,0.0,0.0
52756,2,2.9099998,5.0,27.0,119130.0,46.132023,51.663757,195091.22,311458.72,1,1.0,0.0,195.09122,5.2785797,11.687970612793407,3.8529527,3.9447565,0.5918134797571546,1.0,1.0,1.0,1.0,1.3635373,-0.005949974,23.375941225586814,10.557159,0,0,0,0.0,0.0,0.0,far,0.0,0.0,0.0,0.0,0.0,0.0,0.0,0.0,0.0,0.0,1.0,0.0,0.0,0.0,0.0
52756,3,3.115,5.0,27.0,119130.0,53.557327,54.49329,195091.22,311458.72,1,1.0,0.0,195.09122,5.2785797,11.687970612793407,3.999252,3.9980776,0.5918134797571546,1.0,1.0,1.0,1.0,1.4146388,0.051101446,35.06391183838022,15.835739,1,1,0,1.0,1.0,0.0,far,0.0,0.0,0.0,0.0,0.0,0.0,0.0,0.0,0.0,0.0,1.0,1.0,0.0,1.0,0.0
52756,4,2.48,5.0,27.0,119130.0,58.05215,60.834637,195091.22,311458.72,1,1.0,0.0,195.09122,5.2785797,11.687970612793407,4.078421,4.1081595,0.5918134797571546,1.0,1.0,1.0,1.0,1.2470323,-0.16760647,46.75188245117363,21.114319,1,1,0,1.0,1.0,0.0,far,0.0,0.0,0.0,0.0,0.0,0.0,0.0,0.0,0.0,0.0,1.0,1.0,0.0,1.0,0.0
52756,5,1.8366666,5.0,27.0,119130.0,53.341415,57.730877,195091.22,311458.72,1,1.0,0.0,195.09122,5.2785797,11.687970612793407,3.9952867,4.0557923,0.5918134797571546,1.0,1.0,1.0,1.0,1.0426296,-0.20440269,58.439853063967035,26.392899,1,0,1,1.0,0.0,1.0,far,0.0,0.0,0.0,0.0,0.0,0.0,0.0,0.0,0.0,0.0,1.0,0.0,1.0,0.0,1.0
52756,6,2.1066666,5.0,27.0,119130.0,49.891315,55.240517,195091.22,311458.72,1,1.0,0.0,195.09122,5.2785797,11.687970612793407,3.9296923,4.011697,0.5918134797571546,1.0,1.0,1.0,1.0,1.1335503,0.09092069,70.12782367676044,31.671478,1,0,1,1.0,0.0,1.0,far,0.0,0.0,0.0,0.0,0.0,0.0,0.0,0.0,0.0,0.0,1.0,0.0,1.0,0.0,1.0
52756,7,2.415,5.0,27.0,119130.0,51.91426,59.870678,195091.22,311458.72,1,1.0,0.0,195.09122,5.2785797,11.687970612793407,3.968673,4.092187,0.5918134797571546,1.0,1.0,1.0,1.0,1.2281775,0.09462726,81.81579428955385,36.950058,1,0,1,1.0,0.0,1.0,far,0.0,0.0,0.0,0.0,0.0,0.0,0.0,0.0,0.0,0.0,1.0,0.0,1.0,0.0,1.0
52760,1,2.12,5.0,27.0,124480.0,42.02308,48.824177,191910.14,309568.4,1,1.0,0.0,191.91014,5.2622247,11.731900339412219,3.7617366,3.8882256,0.5922112443442079,1.0,1.0,1.0,1.0,1.137833,,11.731900339412219,5.2622247,0,0,0,0.0,0.0,0.0,far,0.0,0.0,0.0,0.0,0.0,0.0,0.0,0.0,0.0,0.0,1.0,0.0,0.0,0.0,0.0
52760,2,1.9666667,5.0,27.0,124480.0,46.132023,51.663757,191910.14,309568.4,1,1.0,0.0,191.91014,5.2622247,11.731900339412219,3.8529527,3.9447565,0.5922112443442079,1.0,1.0,1.0,1.0,1.0874391,-0.05039394,23.463800678824438,10.524449,0,0,0,0.0,0.0,0.0,far,0.0,0.0,0.0,0.0,0.0,0.0,0.0,0.0,0.0,0.0,1.0,0.0,0.0,0.0,0.0
52760,3,2.4775,5.0,27.0,124480.0,53.557327,54.49329,191910.14,309568.4,1,1.0,0.0,191.91014,5.2622247,11.731900339412219,3.999252,3.9980776,0.5922112443442079,1.0,1.0,1.0,1.0,1.2463136,0.15887451,35.195701018236655,15.7866745,1,1,0,1.0,1.0,0.0,far,0.0,0.0,0.0,0.0,0.0,0.0,0.0,0.0,0.0,0.0,1.0,1.0,0.0,1.0,0.0
52760,4,2.1133332,5.0,27.0,124480.0,58.05215,60.834637,191910.14,309568.4,1,1.0,0.0,191.91014,5.2622247,11.731900339412219,4.078421,4.1081595,0.5922112443442079,1.0,1.0,1.0,1.0,1.1356939,-0.110619664,46.927601357648875,21.048899,1,1,0,1.0,1.0,0.0,far,0.0,0.0,0.0,0.0,0.0,0.0,0.0,0.0,0.0,0.0,1.0,1.0,0.0,1.0,0.0
52760,5,1.4,5.0,27.0,124480.0,53.341415,57.730877,191910.14,309568.4,1,1.0,0.0,191.91014,5.2622247,11.731900339412219,3.9952867,4.0557923,0.5922112443442079,1.0,1.0,1.0,1.0,0.8754688,-0.26022512,58.659501697061096,26.311123,1,0,1,1.0,0.0,1.0,far,0.0,0.0,0.0,0.0,0.0,0.0,0.0,0.0,0.0,0.0,1.0,0.0,1.0,0.0,1.0
52760,6,1.47,5.0,27.0,124480.0,49.891315,55.240517,191910.14,309568.4,1,1.0,0.0,191.91014,5.2622247,11.731900339412219,3.9296923,4.011697,0.5922112443442079,1.0,1.0,1.0,1.0,0.9042182,0.028749406,70.39140203647331,31.573349,1,0,1,1.0,0.0,1.0,far,0.0,0.0,0.0,0.0,0.0,0.0,0.0,0.0,0.0,0.0,1.0,0.0,1.0,0.0,1.0
52760,7,1.4449999,5.0,27.0,124480.0,51.91426,59.870678,191910.14,309568.4,1,1.0,0.0,191.91014,5.2622247,11.731900339412219,3.968673,4.092187,0.5922112443442079,1.0,1.0,1.0,1.0,0.8940451,-0.010173082,82.12330237588553,36.83557,1,0,1,1.0,0.0,1.0,far,0.0,0.0,0.0,0.0,0.0,0.0,0.0,0.0,0.0,0.0,1.0,0.0,1.0,0.0,1.0
52764,1,6.85,5.0,27.0,356470.0,41.45275,48.12619,173484.48,289229.7,1,1.0,0.0,173.48448,5.1618357,12.784005363822903,3.7483916,3.8738265,0.6521551551871885,1.0,1.0,1.0,1.0,2.0605135,,12.784005363822903,5.1618357,0,0,0,0.0,0.0,0.0,far,0.0,0.0,0.0,0.0,0.0,0.0,0.0,0.0,0.0,0.0,1.0,0.0,0.0,0.0,0.0
52764,2,6.3733335,5.0,27.0,356470.0,45.490444,50.90226,173484.48,289229.7,1,1.0,0.0,173.48448,5.1618357,12.784005363822903,3.8392467,3.9299073,0.6521551551871885,1.0,1.0,1.0,1.0,1.99787,-0.06264353,25.568010727645806,10.323671,0,0,0,0.0,0.0,0.0,far,0.0,0.0,0.0,0.0,0.0,0.0,0.0,0.0,0.0,0.0,1.0,0.0,0.0,0.0,0.0
52764,3,5.93,5.0,27.0,356470.0,52.855427,53.79352,173484.48,289229.7,1,1.0,0.0,173.48448,5.1618357,12.784005363822903,3.986303,3.985153,0.6521551551871885,1.0,1.0,1.0,1.0,1.9358598,-0.06201017,38.35201609146871,15.485507,1,1,0,1.0,1.0,0.0,far,0.0,0.0,0.0,0.0,0.0,0.0,0.0,0.0,0.0,0.0,1.0,1.0,0.0,1.0,0.0
52764,4,5.613333,5.0,27.0,356470.0,57.315422,59.967384,173484.48,289229.7,1,1.0,0.0,173.48448,5.1618357,12.784005363822903,4.0658665,4.093801,0.6521551551871885,1.0,1.0,1.0,1.0,1.8890878,-0.046772003,51.13602145529161,20.647343,1,1,0,1.0,1.0,0.0,far,0.0,0.0,0.0,0.0,0.0,0.0,0.0,0.0,0.0,0.0,1.0,1.0,0.0,1.0,0.0
52764,5,4.6,5.0,27.0,356470.0,52.716263,57.028545,173484.48,289229.7,1,1.0,0.0,173.48448,5.1618357,12.784005363822903,3.9837158,4.043552,0.6521551551871885,1.0,1.0,1.0,1.0,1.7227666,-0.16632116,63.92002681911451,25.809177,1,0,1,1.0,0.0,1.0,far,0.0,0.0,0.0,0.0,0.0,0.0,0.0,0.0,0.0,0.0,1.0,0.0,1.0,0.0,1.0
52764,6,6.35,5.0,27.0,356470.0,49.17878,54.39994,173484.48,289229.7,1,1.0,0.0,173.48448,5.1618357,12.784005363822903,3.9155922,3.9963632,0.6521551551871885,1.0,1.0,1.0,1.0,1.9947003,0.27193367,76.70403218293742,30.971014,1,0,1,1.0,0.0,1.0,far,0.0,0.0,0.0,0.0,0.0,0.0,0.0,0.0,0.0,0.0,1.0,0.0,1.0,0.0,1.0
52764,7,7.705,5.0,27.0,356470.0,51.242004,59.053978,173484.48,289229.7,1,1.0,0.0,173.48448,5.1618357,12.784005363822903,3.9558868,4.078452,0.6521551551871885,1.0,1.0,1.0,1.0,2.1638975,0.1691972,89.48803754676032,36.13285,1,0,1,1.0,0.0,1.0,far,0.0,0.0,0.0,0.0,0.0,0.0,0.0,0.0,0.0,0.0,1.0,0.0,1.0,0.0,1.0
52769,1,1.2733333,5.0,27.0,170930.0,42.328342,47.71152,132189.52,250017.22,1,1.0,0.0,132.18951,4.891773,12.049009394950314,3.768807,3.8651729,0.5493102023396658,1.0,1.0,1.0,1.0,0.82124716,,12.049009394950314,4.891773,0,0,0,0.0,0.0,0.0,far,0.0,0.0,0.0,0.0,0.0,0.0,0.0,0.0,0.0,0.0,1.0,0.0,0.0,0.0,0.0
52769,2,1.5533333,5.0,27.0,170930.0,44.671658,49.223835,132189.52,250017.22,1,1.0,0.0,132.18951,4.891773,12.049009394950314,3.821478,3.896378,0.5493102023396658,1.0,1.0,1.0,1.0,0.9373997,0.116152525,24.098018789900628,9.783546,0,0,0,0.0,0.0,0.0,far,0.0,0.0,0.0,0.0,0.0,0.0,0.0,0.0,0.0,0.0,1.0,0.0,0.0,0.0,0.0
52769,3,2.215,5.0,27.0,170930.0,52.629368,53.192684,132189.52,250017.22,1,1.0,0.0,132.18951,4.891773,12.049009394950314,3.982097,3.9739208,0.5493102023396658,1.0,1.0,1.0,1.0,1.1678272,0.23042756,36.14702818485094,14.67532,1,1,0,1.0,1.0,0.0,far,0.0,0.0,0.0,0.0,0.0,0.0,0.0,0.0,0.0,0.0,1.0,1.0,0.0,1.0,0.0
52769,4,1.7633333,5.0,27.0,170930.0,57.803623,57.812138,132189.52,250017.22,1,1.0,0.0,132.18951,4.891773,12.049009394950314,4.0742035,4.0571985,0.5493102023396658,1.0,1.0,1.0,1.0,1.0164376,-0.1513896,48.196037579801256,19.567093,1,1,0,1.0,1.0,0.0,far,0.0,0.0,0.0,0.0,0.0,0.0,0.0,0.0,0.0,0.0,1.0,1.0,0.0,1.0,0.0
52769,5,1.32,5.0,27.0,170930.0,53.32242,55.67794,132189.52,250017.22,1,1.0,0.0,132.18951,4.891773,12.049009394950314,3.994937,4.019584,0.5493102023396658,1.0,1.0,1.0,1.0,0.8415673,-0.17487037,60.245046974751574,24.458866,1,0,1,1.0,0.0,1.0,far,0.0,0.0,0.0,0.0,0.0,0.0,0.0,0.0,0.0,0.0,1.0,0.0,1.0,0.0,1.0
52769,6,1.77,5.0,27.0,170930.0,49.053703,51.88271,132189.52,250017.22,1,1.0,0.0,132.18951,4.891773,12.049009394950314,3.9130964,3.9489856,0.5493102023396658,1.0,1.0,1.0,1.0,1.0188473,0.17728007,72.29405636970188,29.35064,1,0,1,1.0,0.0,1.0,far,0.0,0.0,0.0,0.0,0.0,0.0,0.0,0.0,0.0,0.0,1.0,0.0,1.0,0.0,1.0
52769,7,1.96,5.0,27.0,170930.0,51.2949,57.26511,132189.52,250017.22,1,1.0,0.0,132.18951,4.891773,12.049009394950314,3.956899,4.0476913,0.5493102023396658,1.0,1.0,1.0,1.0,1.0851893,0.066341996,84.3430657646522,34.242413,1,0,1,1.0,0.0,1.0,far,0.0,0.0,0.0,0.0,0.0,0.0,0.0,0.0,0.0,0.0,1.0,0.0,1.0,0.0,1.0
52777,1,3.3899999,5.0,27.0,271540.0,43.129696,49.963245,159131.47,276714.72,1,1.0,0.0,159.13147,5.075995,12.511864737154273,3.787133,3.9112878,0.6176460031166852,1.0,1.0,1.0,1.0,1.4793292,,12.511864737154273,5.075995,0,0,0,0.0,0.0,0.0,far,0.0,0.0,0.0,0.0,0.0,0.0,0.0,0.0,0.0,0.0,1.0,0.0,0.0,0.0,0.0
52777,2,4.3,5.0,27.0,271540.0,47.162247,52.74088,159131.47,276714.72,1,1.0,0.0,159.13147,5.075995,12.511864737154273,3.8745754,3.965391,0.6176460031166852,1.0,1.0,1.0,1.0,1.6677068,0.18837762,25.023729474308546,10.15199,0,0,0,0.0,0.0,0.0,far,0.0,0.0,0.0,0.0,0.0,0.0,0.0,0.0,0.0,0.0,1.0,0.0,0.0,0.0,0.0
52777,3,4.6375,5.0,27.0,271540.0,54.70014,55.512592,159131.47,276714.72,1,1.0,0.0,159.13147,5.075995,12.511864737154273,4.019983,4.01661,0.6176460031166852,1.0,1.0,1.0,1.0,1.7294407,0.061733842,37.53559421146282,15.227985,1,1,0,1.0,1.0,0.0,far,0.0,0.0,0.0,0.0,0.0,0.0,0.0,0.0,0.0,0.0,1.0,1.0,0.0,1.0,0.0
52777,4,4.443333,5.0,27.0,271540.0,59.377697,62.056656,159131.47,276714.72,1,1.0,0.0,159.13147,5.075995,12.511864737154273,4.10062,4.128048,0.6176460031166852,1.0,1.0,1.0,1.0,1.6943916,-0.03504908,50.04745894861709,20.30398,1,1,0,1.0,1.0,0.0,far,0.0,0.0,0.0,0.0,0.0,0.0,0.0,0.0,0.0,0.0,1.0,1.0,0.0,1.0,0.0
52777,5,3.9866667,5.0,27.0,271540.0,54.508305,58.78713,159131.47,276714.72,1,1.0,0.0,159.13147,5.075995,12.511864737154273,4.0165324,4.073923,0.6176460031166852,1.0,1.0,1.0,1.0,1.6067677,-0.087623954,62.55932368577136,25.379974,1,0,1,1.0,0.0,1.0,far,0.0,0.0,0.0,0.0,0.0,0.0,0.0,0.0,0.0,0.0,1.0,0.0,1.0,0.0,1.0
52777,6,4.91,5.0,27.0,271540.0,51.063847,56.331867,159131.47,276714.72,1,1.0,0.0,159.13147,5.075995,12.511864737154273,3.9524708,4.0312605,0.6176460031166852,1.0,1.0,1.0,1.0,1.7766458,0.16987813,75.07118842292564,30.45597,1,0,1,1.0,0.0,1.0,far,0.0,0.0,0.0,0.0,0.0,0.0,0.0,0.0,0.0,0.0,1.0,0.0,1.0,0.0,1.0
52777,7,5.49,5.0,27.0,271540.0,53.085106,61.040558,159131.47,276714.72,1,1.0,0.0,159.13147,5.075995,12.511864737154273,3.9905589,4.1115384,0.6176460031166852,1.0,1.0,1.0,1.0,1.8702625,0.093616724,87.58305316007991,35.531963,1,0,1,1.0,0.0,1.0,far,0.0,0.0,0.0,0.0,0.0,0.0,0.0,0.0,0.0,0.0,1.0,0.0,1.0,0.0,1.0
53221,1,1.1566666,5.0,32.0,129100.0,51.632626,55.843838,95085.945,211296.48,1,1.0,0.0,95.085945,4.5652432,11.768342576834733,3.9633362,4.022559,0.467000991450869,1.0,1.0,1.0,1.0,0.76856387,,11.768342576834733,4.5652432,0,0,0,0.0,0.0,0.0,mid,0.0,0.0,0.0,0.0,0.0,1.0,0.0,0.0,0.0,0.0,0.0,0.0,0.0,0.0,0.0
53221,2,1.0966667,5.0,32.0,129100.0,52.397327,55.779774,95085.945,211296.48,1,1.0,0.0,95.085945,4.5652432,11.768342576834733,3.9777608,4.0214114,0.467000991450869,1.0,1.0,1.0,1.0,0.7403489,-0.028214991,23.536685153669467,9.1304865,0,0,0,0.0,0.0,0.0,mid,0.0,0.0,0.0,0.0,0.0,1.0,0.0,0.0,0.0,0.0,0.0,0.0,0.0,0.0,0.0
53221,3,1.1999999,5.0,32.0,129100.0,61.138527,60.54772,95085.945,211296.48,1,1.0,0.0,95.085945,4.5652432,11.768342576834733,4.1293664,4.1034317,0.467000991450869,1.0,1.0,1.0,1.0,0.7884573,0.0481084,35.3050277305042,13.69573,1,1,0,1.0,1.0,0.0,mid,0.0,0.0,0.0,0.0,0.0,1.0,1.0,0.0,1.0,0.0,0.0,0.0,0.0,0.0,0.0
53221,4,1.1166667,5.0,32.0,129100.0,67.37719,64.78928,95085.945,211296.48,1,1.0,0.0,95.085945,4.5652432,11.768342576834733,4.2250395,4.17114,0.467000991450869,1.0,1.0,1.0,1.0,0.7498426,-0.03861469,47.073370307338934,18.260973,1,1,0,1.0,1.0,0.0,mid,0.0,0.0,0.0,0.0,0.0,1.0,1.0,0.0,1.0,0.0,0.0,0.0,0.0,0.0,0.0
53221,5,1.0433333,5.0,32.0,129100.0,62.493946,62.836376,95085.945,211296.48,1,1.0,0.0,95.085945,4.5652432,11.768342576834733,4.1509447,4.140534,0.467000991450869,1.0,1.0,1.0,1.0,0.71458244,-0.03526014,58.84171288417367,22.826216,1,0,1,1.0,0.0,1.0,mid,0.0,0.0,0.0,0.0,0.0,1.0,0.0,1.0,0.0,1.0,0.0,0.0,0.0,0.0,0.0
53221,6,1.1666666,5.0,32.0,129100.0,58.620453,59.437172,95085.945,211296.48,1,1.0,0.0,95.085945,4.5652432,11.768342576834733,4.087999,4.08492,0.467000991450869,1.0,1.0,1.0,1.0,0.77318984,0.0586074,70.6100554610084,27.39146,1,0,1,1.0,0.0,1.0,mid,0.0,0.0,0.0,0.0,0.0,1.0,0.0,1.0,0.0,1.0,0.0,0.0,0.0,0.0,0.0
53221,7,1.135,5.0,32.0,129100.0,60.8509,66.32728,95085.945,211296.48,1,1.0,0.0,95.085945,4.5652432,11.768342576834733,4.124727,4.194601,0.467000991450869,1.0,1.0,1.0,1.0,0.75846666,-0.014723182,82.37839803784314,31.956703,1,0,1,1.0,0.0,1.0,mid,0.0,0.0,0.0,0.0,0.0,1.0,0.0,1.0,0.0,1.0,0.0,0.0,0.0,0.0,0.0
53224,1,3.06,5.0,32.0,357800.0,50.03209,54.30299,106927.586,223981.72,1,1.0,0.0,106.92759,4.6814604,12.787729450056755,3.9324546,3.9945793,0.5679650913422603,1.0,1.0,1.0,1.0,1.401183,,12.787729450056755,4.6814604,0,0,0,0.0,0.0,0.0,mid,0.0,0.0,0.0,0.0,0.0,1.0,0.0,0.0,0.0,0.0,0.0,0.0,0.0,0.0,0.0
53224,2,3.3766665,5.0,32.0,357800.0,50.985657,54.433792,106927.586,223981.72,1,1.0,0.0,106.92759,4.6814604,12.787729450056755,3.9509678,3.9969852,0.5679650913422603,1.0,1.0,1.0,1.0,1.4762874,0.075104356,25.57545890011351,9.362921,0,0,0,0.0,0.0,0.0,mid,0.0,0.0,0.0,0.0,0.0,1.0,0.0,0.0,0.0,0.0,0.0,0.0,0.0,0.0,0.0
53224,3,3.5425,5.0,32.0,357800.0,59.603233,59.133244,106927.586,223981.72,1,1.0,0.0,106.92759,4.6814604,12.787729450056755,4.104348,4.0797935,0.5679650913422603,1.0,1.0,1.0,1.0,1.5134776,0.0371902,38.36318835017026,14.044381,1,1,0,1.0,1.0,0.0,mid,0.0,0.0,0.0,0.0,0.0,1.0,1.0,0.0,1.0,0.0,0.0,0.0,0.0,0.0,0.0
53224,4,3.27,5.0,32.0,357800.0,65.665,63.355255,106927.586,223981.72,1,1.0,0.0,106.92759,4.6814604,12.787729450056755,4.1996803,4.148758,0.5679650913422603,1.0,1.0,1.0,1.0,1.4516138,-0.06186378,51.15091780022702,18.725842,1,1,0,1.0,1.0,0.0,mid,0.0,0.0,0.0,0.0,0.0,1.0,1.0,0.0,1.0,0.0,0.0,0.0,0.0,0.0,0.0
53224,5,2.7866666,5.0,32.0,357800.0,60.88677,61.44018,106927.586,223981.72,1,1.0,0.0,106.92759,4.6814604,12.787729450056755,4.1253066,4.118064,0.5679650913422603,1.0,1.0,1.0,1.0,1.3314861,-0.12012768,63.93864725028378,23.407303,1,0,1,1.0,0.0,1.0,mid,0.0,0.0,0.0,0.0,0.0,1.0,0.0,1.0,0.0,1.0,0.0,0.0,0.0,0.0,0.0
53224,6,4.3766665,5.0,32.0,357800.0,56.929398,57.932365,106927.586,223981.72,1,1.0,0.0,106.92759,4.6814604,12.787729450056755,4.059225,4.059276,0.5679650913422603,1.0,1.0,1.0,1.0,1.6820686,0.35058248,76.72637670034052,28.088762,1,0,1,1.0,0.0,1.0,mid,0.0,0.0,0.0,0.0,0.0,1.0,0.0,1.0,0.0,1.0,0.0,0.0,0.0,0.0,0.0
53224,7,4.885,5.0,32.0,357800.0,59.16873,64.60953,106927.586,223981.72,1,1.0,0.0,106.92759,4.6814604,12.787729450056755,4.0971527,4.1683617,0.5679650913422603,1.0,1.0,1.0,1.0,1.7724068,0.09033823,89.51410615039728,32.77022,1,0,1,1.0,0.0,1.0,mid,0.0,0.0,0.0,0.0,0.0,1.0,0.0,1.0,0.0,1.0,0.0,0.0,0.0,0.0,0.0
53230,1,2.08,5.0,32.0,414900.0,40.42886,45.449036,93227.56,211579.27,1,1.0,0.0,93.22756,4.5457125,12.93579280632096,3.7239778,3.8165915,0.5546140587718706,1.0,1.0,1.0,1.0,1.1249295,,12.93579280632096,4.5457125,0,0,0,0.0,0.0,0.0,mid,0.0,0.0,0.0,0.0,0.0,1.0,0.0,0.0,0.0,0.0,0.0,0.0,0.0,0.0,0.0
53230,2,2.4266667,5.0,32.0,414900.0,42.51562,46.75592,93227.56,211579.27,1,1.0,0.0,93.22756,4.5457125,12.93579280632096,3.77312,3.844941,0.5546140587718706,1.0,1.0,1.0,1.0,1.231588,0.10665846,25.87158561264192,9.091425,0,0,0,0.0,0.0,0.0,mid,0.0,0.0,0.0,0.0,0.0,1.0,0.0,0.0,0.0,0.0,0.0,0.0,0.0,0.0,0.0
53230,3,2.5275,5.0,32.0,414900.0,50.391483,51.081036,93227.56,211579.27,1,1.0,0.0,93.22756,4.5457125,12.93579280632096,3.9394724,3.9334133,0.5546140587718706,1.0,1.0,1.0,1.0,1.2605894,0.029001355,38.80737841896288,13.637137,1,1,0,1.0,1.0,0.0,mid,0.0,0.0,0.0,0.0,0.0,1.0,1.0,0.0,1.0,0.0,0.0,0.0,0.0,0.0,0.0
53230,4,2.3533332,5.0,32.0,414900.0,55.39186,55.082123,93227.56,211579.27,1,1.0,0.0,93.22756,4.5457125,12.93579280632096,4.032325,4.0088253,0.5546140587718706,1.0,1.0,1.0,1.0,1.2099549,-0.050634503,51.74317122528384,18.18285,1,1,0,1.0,1.0,0.0,mid,0.0,0.0,0.0,0.0,0.0,1.0,1.0,0.0,1.0,0.0,0.0,0.0,0.0,0.0,0.0
53230,5,2.1166666,5.0,32.0,414900.0,51.24373,53.330383,93227.56,211579.27,1,1.0,0.0,93.22756,4.5457125,12.93579280632096,3.9559197,3.9765062,0.5546140587718706,1.0,1.0,1.0,1.0,1.136764,-0.07319081,64.67896403160479,22.728561,1,0,1,1.0,0.0,1.0,mid,0.0,0.0,0.0,0.0,0.0,1.0,0.0,1.0,0.0,1.0,0.0,0.0,0.0,0.0,0.0
53230,6,3.1666667,5.0,32.0,414900.0,46.78307,49.19218,93227.56,211579.27,1,1.0,0.0,93.22756,4.5457125,12.93579280632096,3.8666713,3.8957348,0.5546140587718706,1.0,1.0,1.0,1.0,1.4271164,0.29035234,77.61475683792575,27.274275,1,0,1,1.0,0.0,1.0,mid,0.0,0.0,0.0,0.0,0.0,1.0,0.0,1.0,0.0,1.0,0.0,0.0,0.0,0.0,0.0
53230,7,3.15,5.0,32.0,414900.0,49.075752,54.60948,93227.56,211579.27,1,1.0,0.0,93.22756,4.5457125,12.93579280632096,3.913537,4.0002074,0.5546140587718706,1.0,1.0,1.0,1.0,1.4231083,-0.0040080547,90.55054964424671,31.819988,1,0,1,1.0,0.0,1.0,mid,0.0,0.0,0.0,0.0,0.0,1.0,0.0,1.0,0.0,1.0,0.0,0.0,0.0,0.0,0.0
53267,1,2.4366667,5.0,32.0,209970.0,40.42886,45.449036,102847.27,221203.88,1,1.0,0.0,102.847275,4.6429214,12.254719942351695,3.7239778,3.8165915,0.5194605493646015,1.0,1.0,1.0,1.0,1.2345021,,12.254719942351695,4.6429214,0,0,0,0.0,0.0,0.0,mid,0.0,0.0,0.0,0.0,0.0,1.0,0.0,0.0,0.0,0.0,0.0,0.0,0.0,0.0,0.0
53267,2,2.52,5.0,32.0,209970.0,42.51562,46.75592,102847.27,221203.88,1,1.0,0.0,102.847275,4.6429214,12.254719942351695,3.77312,3.844941,0.5194605493646015,1.0,1.0,1.0,1.0,1.258461,0.023958921,24.50943988470339,9.285843,0,0,0,0.0,0.0,0.0,mid,0.0,0.0,0.0,0.0,0.0,1.0,0.0,0.0,0.0,0.0,0.0,0.0,0.0,0.0,0.0
53267,3,2.78,5.0,32.0,209970.0,50.391483,51.081036,102847.27,221203.88,1,1.0,0.0,102.847275,4.6429214,12.254719942351695,3.9394724,3.9334133,0.5194605493646015,1.0,1.0,1.0,1.0,1.329724,0.071262956,36.76415982705508,13.928764,1,1,0,1.0,1.0,0.0,mid,0.0,0.0,0.0,0.0,0.0,1.0,1.0,0.0,1.0,0.0,0.0,0.0,0.0,0.0,0.0
53267,4,2.39,5.0,32.0,209970.0,55.39186,55.082123,102847.27,221203.88,1,1.0,0.0,102.847275,4.6429214,12.254719942351695,4.032325,4.0088253,0.5194605493646015,1.0,1.0,1.0,1.0,1.22083,-0.10889399,49.01887976940678,18.571686,1,1,0,1.0,1.0,0.0,mid,0.0,0.0,0.0,0.0,0.0,1.0,1.0,0.0,1.0,0.0,0.0,0.0,0.0,0.0,0.0
53267,5,2.2366667,5.0,32.0,209970.0,51.24373,53.330383,102847.27,221203.88,1,1.0,0.0,102.847275,4.6429214,12.254719942351695,3.9559197,3.9765062,0.5194605493646015,1.0,1.0,1.0,1.0,1.174544,-0.046285987,61.27359971175848,23.214607,1,0,1,1.0,0.0,1.0,mid,0.0,0.0,0.0,0.0,0.0,1.0,0.0,1.0,0.0,1.0,0.0,0.0,0.0,0.0,0.0
53267,6,3.5933332,5.0,32.0,209970.0,46.78307,49.19218,102847.27,221203.88,1,1.0,0.0,102.847275,4.6429214,12.254719942351695,3.8666713,3.8957348,0.5194605493646015,1.0,1.0,1.0,1.0,1.524606,0.350062,73.52831965411016,27.857529,1,0,1,1.0,0.0,1.0,mid,0.0,0.0,0.0,0.0,0.0,1.0,0.0,1.0,0.0,1.0,0.0,0.0,0.0,0.0,0.0
53267,7,3.6599998,5.0,32.0,209970.0,49.075752,54.60948,102847.27,221203.88,1,1.0,0.0,102.847275,4.6429214,12.254719942351695,3.913537,4.0002074,0.5194605493646015,1.0,1.0,1.0,1.0,1.5390154,0.014409423,85.78303959646186,32.50045,1,0,1,1.0,0.0,1.0,mid,0.0,0.0,0.0,0.0,0.0,1.0,0.0,1.0,0.0,1.0,0.0,0.0,0.0,0.0,0.0
53282,1,2.1466665,5.0,32.0,245360.0,40.42886,45.449036,115448.53,233500.77,1,1.0,0.0,115.44853,4.7574496,12.410481798788133,3.7239778,3.8165915,0.5527089578852857,1.0,1.0,1.0,1.0,1.1463437,,12.410481798788133,4.7574496,0,0,0,0.0,0.0,0.0,mid,0.0,0.0,0.0,0.0,0.0,1.0,0.0,0.0,0.0,0.0,0.0,0.0,0.0,0.0,0.0
53282,2,2.01,5.0,32.0,245360.0,42.51562,46.75592,115448.53,233500.77,1,1.0,0.0,115.44853,4.7574496,12.410481798788133,3.77312,3.844941,0.5527089578852857,1.0,1.0,1.0,1.0,1.1019402,-0.044403553,24.820963597576267,9.514899,0,0,0,0.0,0.0,0.0,mid,0.0,0.0,0.0,0.0,0.0,1.0,0.0,0.0,0.0,0.0,0.0,0.0,0.0,0.0,0.0
53282,3,2.455,5.0,32.0,245360.0,50.391483,51.081036,115448.53,233500.77,1,1.0,0.0,115.44853,4.7574496,12.410481798788133,3.9394724,3.9334133,0.5527089578852857,1.0,1.0,1.0,1.0,1.2398224,0.13788223,37.2314453963644,14.272348,1,1,0,1.0,1.0,0.0,mid,0.0,0.0,0.0,0.0,0.0,1.0,1.0,0.0,1.0,0.0,0.0,0.0,0.0,0.0,0.0
53282,4,2.0666666,5.0,32.0,245360.0,55.39186,55.082123,115448.53,233500.77,1,1.0,0.0,115.44853,4.7574496,12.410481798788133,4.032325,4.0088253,0.5527089578852857,1.0,1.0,1.0,1.0,1.1205912,-0.119231224,49.64192719515253,19.029799,1,1,0,1.0,1.0,0.0,mid,0.0,0.0,0.0,0.0,0.0,1.0,1.0,0.0,1.0,0.0,0.0,0.0,0.0,0.0,0.0
53282,5,1.5466666,5.0,32.0,245360.0,51.24373,53.330383,115448.53,233500.77,1,1.0,0.0,115.44853,4.7574496,12.410481798788133,3.9559197,3.9765062,0.5527089578852857,1.0,1.0,1.0,1.0,0.9347853,-0.18580586,62.05240899394067,23.787249,1,0,1,1.0,0.0,1.0,mid,0.0,0.0,0.0,0.0,0.0,1.0,0.0,1.0,0.0,1.0,0.0,0.0,0.0,0.0,0.0
53282,6,2.4066668,5.0,32.0,245360.0,46.78307,49.19218,115448.53,233500.77,1,1.0,0.0,115.44853,4.7574496,12.410481798788133,3.8666713,3.8957348,0.5527089578852857,1.0,1.0,1.0,1.0,1.2257344,0.29094905,74.4628907927288,28.544697,1,0,1,1.0,0.0,1.0,mid,0.0,0.0,0.0,0.0,0.0,1.0,0.0,1.0,0.0,1.0,0.0,0.0,0.0,0.0,0.0
53282,7,2.08,5.0,32.0,245360.0,49.075752,54.60948,115448.53,233500.77,1,1.0,0.0,115.44853,4.7574496,12.410481798788133,3.913537,4.0002074,0.5527089578852857,1.0,1.0,1.0,1.0,1.1249295,-0.100804806,86.87337259151693,33.302147,1,0,1,1.0,0.0,1.0,mid,0.0,0.0,0.0,0.0,0.0,1.0,0.0,1.0,0.0,1.0,0.0,0.0,0.0,0.0,0.0
53288,1,1.85,5.0,32.0,230910.0,51.632626,55.843838,82474.195,200267.02,1,1.0,0.0,82.4742,4.4245377,12.349783303196473,3.9633362,4.022559,0.4864481055539093,1.0,1.0,1.0,1.0,1.0473189,,12.349783303196473,4.4245377,0,0,0,0.0,0.0,0.0,near,1.0,0.0,0.0,0.0,0.0,0.0,0.0,0.0,0.0,0.0,0.0,0.0,0.0,0.0,0.0
53288,2,1.9433333,5.0,32.0,230910.0,52.397327,55.779774,82474.195,200267.02,1,1.0,0.0,82.4742,4.4245377,12.349783303196473,3.9777608,4.0214114,0.4864481055539093,1.0,1.0,1.0,1.0,1.0795426,0.0322237,24.699566606392946,8.849075,0,0,0,0.0,0.0,0.0,near,1.0,0.0,0.0,0.0,0.0,0.0,0.0,0.0,0.0,0.0,0.0,0.0,0.0,0.0,0.0
53288,3,1.8775,5.0,32.0,230910.0,61.138527,60.54772,82474.195,200267.02,1,1.0,0.0,82.4742,4.4245377,12.349783303196473,4.1293664,4.1034317,0.4864481055539093,1.0,1.0,1.0,1.0,1.056922,-0.022620678,37.04934990958942,13.273613,1,1,0,1.0,1.0,0.0,near,1.0,1.0,0.0,1.0,0.0,0.0,0.0,0.0,0.0,0.0,0.0,0.0,0.0,0.0,0.0
53288,4,1.4433334,5.0,32.0,230910.0,67.37719,64.78928,82474.195,200267.02,1,1.0,0.0,82.4742,4.4245377,12.349783303196473,4.2250395,4.17114,0.4864481055539093,1.0,1.0,1.0,1.0,0.89336324,-0.16355872,49.39913321278589,17.69815,1,1,0,1.0,1.0,0.0,near,1.0,1.0,0.0,1.0,0.0,0.0,0.0,0.0,0.0,0.0,0.0,0.0,0.0,0.0,0.0
53288,5,1.24,5.0,32.0,230910.0,62.493946,62.836376,82474.195,200267.02,1,1.0,0.0,82.4742,4.4245377,12.349783303196473,4.1509447,4.140534,0.4864481055539093,1.0,1.0,1.0,1.0,0.8064759,-0.08688736,61.748916515982366,22.122688,1,0,1,1.0,0.0,1.0,near,1.0,0.0,1.0,0.0,1.0,0.0,0.0,0.0,0.0,0.0,0.0,0.0,0.0,0.0,0.0
53288,6,1.7633333,5.0,32.0,230910.0,58.620453,59.437172,82474.195,200267.02,1,1.0,0.0,82.4742,4.4245377,12.349783303196473,4.087999,4.08492,0.4864481055539093,1.0,1.0,1.0,1.0,1.0164376,0.20996177,74.09869981917883,26.547226,1,0,1,1.0,0.0,1.0,near,1.0,0.0,1.0,0.0,1.0,0.0,0.0,0.0,0.0,0.0,0.0,0.0,0.0,0.0,0.0
53288,7,2.09,5.0,32.0,230910.0,60.8509,66.32728,82474.195,200267.02,1,1.0,0.0,82.4742,4.4245377,12.349783303196473,4.124727,4.194601,0.4864481055539093,1.0,1.0,1.0,1.0,1.1281711,0.11173344,86.44848312237531,30.971764,1,0,1,1.0,0.0,1.0,near,1.0,0.0,1.0,0.0,1.0,0.0,0.0,0.0,0.0,0.0,0.0,0.0,0.0,0.0,0.0
53291,1,1.27,5.0,32.0,361560.0,54.761276,60.24395,124532.47,241108.16,1,1.0,0.0,124.53247,4.8325644,12.798183281912348,4.0210795,4.098402,0.5960073012810349,1.0,1.0,1.0,1.0,0.8197798,,12.798183281912348,4.8325644,0,0,0,0.0,0.0,0.0,mid,0.0,0.0,0.0,0.0,0.0,1.0,0.0,0.0,0.0,0.0,0.0,0.0,0.0,0.0,0.0
53291,2,1.7166667,5.0,32.0,361560.0,56.605343,61.119198,124532.47,241108.16,1,1.0,0.0,124.53247,4.8325644,12.798183281912348,4.053615,4.112826,0.5960073012810349,1.0,1.0,1.0,1.0,0.9994056,0.17962581,25.596366563824695,9.665129,0,0,0,0.0,0.0,0.0,mid,0.0,0.0,0.0,0.0,0.0,1.0,0.0,0.0,0.0,0.0,0.0,0.0,0.0,0.0,0.0
53291,3,2.01,5.0,32.0,361560.0,65.00542,64.08645,124532.47,241108.16,1,1.0,0.0,124.53247,4.8325644,12.798183281912348,4.189737,4.160233,0.5960073012810349,1.0,1.0,1.0,1.0,1.1019402,0.10253453,38.394549845737046,14.497693,1,1,0,1.0,1.0,0.0,mid,0.0,0.0,0.0,0.0,0.0,1.0,1.0,0.0,1.0,0.0,0.0,0.0,0.0,0.0,0.0
53291,4,1.6633333,5.0,32.0,361560.0,71.790016,70.912094,124532.47,241108.16,1,1.0,0.0,124.53247,4.8325644,12.798183281912348,4.2875786,4.261441,0.5960073012810349,1.0,1.0,1.0,1.0,0.9795785,-0.12236166,51.19273312764939,19.330257,1,1,0,1.0,1.0,0.0,mid,0.0,0.0,0.0,0.0,0.0,1.0,1.0,0.0,1.0,0.0,0.0,0.0,0.0,0.0,0.0
53291,5,1.4933333,5.0,32.0,361560.0,65.85358,67.07423,124532.47,241108.16,1,1.0,0.0,124.53247,4.8325644,12.798183281912348,4.2025046,4.2058,0.5960073012810349,1.0,1.0,1.0,1.0,0.9136205,-0.06595802,63.990916409561734,24.162823,1,0,1,1.0,0.0,1.0,mid,0.0,0.0,0.0,0.0,0.0,1.0,0.0,1.0,0.0,1.0,0.0,0.0,0.0,0.0,0.0
53291,6,2.1000001,5.0,32.0,361560.0,62.51011,64.76829,124532.47,241108.16,1,1.0,0.0,124.53247,4.8325644,12.798183281912348,4.151199,4.170816,0.5960073012810349,1.0,1.0,1.0,1.0,1.1314021,0.21778166,76.78909969147409,28.995386,1,0,1,1.0,0.0,1.0,mid,0.0,0.0,0.0,0.0,0.0,1.0,0.0,1.0,0.0,1.0,0.0,0.0,0.0,0.0,0.0
53291,7,1.415,5.0,32.0,361560.0,64.62208,71.44627,124532.47,241108.16,1,1.0,0.0,124.53247,4.8325644,12.798183281912348,4.1839123,4.2689457,0.5960073012810349,1.0,1.0,1.0,1.0,0.88169926,-0.24970287,89.58728297338644,33.82795,1,0,1,1.0,0.0,1.0,mid,0.0,0.0,0.0,0.0,0.0,1.0,0.0,1.0,0.0,1.0,0.0,0.0,0.0,0.0,0.0
53813,1,2.71,5.0,38.0,126440.0,37.10704,40.33501,94866.38,207265.44,1,1.0,0.0,94.86639,4.5629554,11.747523166329554,3.640399,3.6972198,0.4649547322481718,1.0,1.0,1.0,1.0,1.3110319,,11.747523166329554,4.5629554,0,0,0,0.0,0.0,0.0,mid,0.0,0.0,0.0,0.0,0.0,1.0,0.0,0.0,0.0,0.0,0.0,0.0,0.0,0.0,0.0
53813,2,2.8466666,5.0,38.0,126440.0,38.50751,40.731842,94866.38,207265.44,1,1.0,0.0,94.86639,4.5629554,11.747523166329554,3.6764908,3.7070103,0.4649547322481718,1.0,1.0,1.0,1.0,1.347207,0.036175013,23.495046332659108,9.125911,0,0,0,0.0,0.0,0.0,mid,0.0,0.0,0.0,0.0,0.0,1.0,0.0,0.0,0.0,0.0,0.0,0.0,0.0,0.0,0.0
53813,3,3.355,5.0,38.0,126440.0,45.05957,45.27137,94866.38,207265.44,1,1.0,0.0,94.86639,4.5629554,11.747523166329554,3.8299356,3.8126748,0.4649547322481718,1.0,1.0,1.0,1.0,1.4713247,0.12411773,35.24256949898866,13.688866,1,1,0,1.0,1.0,0.0,mid,0.0,0.0,0.0,0.0,0.0,1.0,1.0,0.0,1.0,0.0,0.0,0.0,0.0,0.0,0.0
53813,4,3.4433334,5.0,38.0,126440.0,49.10513,47.098007,94866.38,207265.44,1,1.0,0.0,94.86639,4.5629554,11.747523166329554,3.9141233,3.8522308,0.4649547322481718,1.0,1.0,1.0,1.0,1.4914049,0.020080209,46.990092665318215,18.251822,1,1,0,1.0,1.0,0.0,mid,0.0,0.0,0.0,0.0,0.0,1.0,1.0,0.0,1.0,0.0,0.0,0.0,0.0,0.0,0.0
53813,5,2.3733335,5.0,38.0,126440.0,47.518276,48.622986,94866.38,207265.44,1,1.0,0.0,94.86639,4.5629554,11.747523166329554,3.8819406,3.8840964,0.4649547322481718,1.0,1.0,1.0,1.0,1.2159014,-0.27550352,58.73761583164777,22.814777,1,0,1,1.0,0.0,1.0,mid,0.0,0.0,0.0,0.0,0.0,1.0,0.0,1.0,0.0,1.0,0.0,0.0,0.0,0.0,0.0
53813,6,3.02,5.0,38.0,126440.0,41.345596,42.138885,94866.38,207265.44,1,1.0,0.0,94.86639,4.5629554,11.747523166329554,3.7458644,3.740971,0.4649547322481718,1.0,1.0,1.0,1.0,1.3912818,0.17538047,70.48513899797732,27.377731,1,0,1,1.0,0.0,1.0,mid,0.0,0.0,0.0,0.0,0.0,1.0,0.0,1.0,0.0,1.0,0.0,0.0,0.0,0.0,0.0
53813,7,3.355,5.0,38.0,126440.0,44.491028,48.763493,94866.38,207265.44,1,1.0,0.0,94.86639,4.5629554,11.747523166329554,3.8175151,3.886982,0.4649547322481718,1.0,1.0,1.0,1.0,1.4713247,0.08004284,82.23266216430687,31.940687,1,0,1,1.0,0.0,1.0,mid,0.0,0.0,0.0,0.0,0.0,1.0,0.0,1.0,0.0,1.0,0.0,0.0,0.0,0.0,0.0
53847,1,4.78,5.0,38.0,225530.0,38.60304,43.629925,109471.79,224300.42,1,1.0,0.0,109.47179,4.70476,12.326208466770154,3.678906,3.7757432,0.5364699259366149,1.0,1.0,1.0,1.0,1.7544037,,12.326208466770154,4.70476,0,0,0,0.0,0.0,0.0,mid,0.0,0.0,0.0,0.0,0.0,1.0,0.0,0.0,0.0,0.0,0.0,0.0,0.0,0.0,0.0
53847,2,4.6466665,5.0,38.0,225530.0,40.982567,45.088047,109471.79,224300.42,1,1.0,0.0,109.47179,4.70476,12.326208466770154,3.7372544,3.808617,0.5364699259366149,1.0,1.0,1.0,1.0,1.7310654,-0.023338318,24.65241693354031,9.40952,0,0,0,0.0,0.0,0.0,mid,0.0,0.0,0.0,0.0,0.0,1.0,0.0,0.0,0.0,0.0,0.0,0.0,0.0,0.0,0.0
53847,3,4.605,5.0,38.0,225530.0,48.488403,49.23688,109471.79,224300.42,1,1.0,0.0,109.47179,4.70476,12.326208466770154,3.9017384,3.896643,0.5364699259366149,1.0,1.0,1.0,1.0,1.723659,-0.007406354,36.97862540031046,14.114281,1,1,0,1.0,1.0,0.0,mid,0.0,0.0,0.0,0.0,0.0,1.0,1.0,0.0,1.0,0.0,0.0,0.0,0.0,0.0,0.0
53847,4,4.9133334,5.0,38.0,225530.0,53.205036,53.298973,109471.79,224300.42,1,1.0,0.0,109.47179,4.70476,12.326208466770154,3.9927738,3.975917,0.5364699259366149,1.0,1.0,1.0,1.0,1.7772096,0.0535506,49.30483386708062,18.81904,1,1,0,1.0,1.0,0.0,mid,0.0,0.0,0.0,0.0,0.0,1.0,1.0,0.0,1.0,0.0,0.0,0.0,0.0,0.0,0.0
53847,5,3.7866666,5.0,38.0,225530.0,49.34247,51.765953,109471.79,224300.42,1,1.0,0.0,109.47179,4.70476,12.326208466770154,3.918849,3.9467328,0.5364699259366149,1.0,1.0,1.0,1.0,1.5658343,-0.21137536,61.63104233385077,23.5238,1,0,1,1.0,0.0,1.0,mid,0.0,0.0,0.0,0.0,0.0,1.0,0.0,1.0,0.0,1.0,0.0,0.0,0.0,0.0,0.0
53847,6,4.5233335,5.0,38.0,225530.0,44.820995,47.552147,109471.79,224300.42,1,1.0,0.0,109.47179,4.70476,12.326208466770154,3.8247423,3.861827,0.5364699259366149,1.0,1.0,1.0,1.0,1.7089815,0.14314723,73.95725080062093,28.228561,1,0,1,1.0,0.0,1.0,mid,0.0,0.0,0.0,0.0,0.0,1.0,0.0,1.0,0.0,1.0,0.0,0.0,0.0,0.0,0.0
53847,7,5.35,5.0,38.0,225530.0,47.19773,52.857597,109471.79,224300.42,1,1.0,0.0,109.47179,4.70476,12.326208466770154,3.8753119,3.9676015,0.5364699259366149,1.0,1.0,1.0,1.0,1.8484548,0.13947332,86.28345926739108,32.93332,1,0,1,1.0,0.0,1.0,mid,0.0,0.0,0.0,0.0,0.0,1.0,0.0,1.0,0.0,1.0,0.0,0.0,0.0,0.0,0.0
53858,1,3.2966666,5.0,38.0,114830.0,40.42886,45.449036,95368.03,212244.69,1,1.0,0.0,95.368034,4.5681744,11.651208052770235,3.7239778,3.8165915,0.45841201970766154,1.0,1.0,1.0,1.0,1.4578395,,11.651208052770235,4.5681744,0,0,0,0.0,0.0,0.0,mid,0.0,0.0,0.0,0.0,0.0,1.0,0.0,0.0,0.0,0.0,0.0,0.0,0.0,0.0,0.0
53858,2,3.2466667,5.0,38.0,114830.0,42.51562,46.75592,95368.03,212244.69,1,1.0,0.0,95.368034,4.5681744,11.651208052770235,3.77312,3.844941,0.45841201970766154,1.0,1.0,1.0,1.0,1.4461344,-0.011705041,23.30241610554047,9.136349,0,0,0,0.0,0.0,0.0,mid,0.0,0.0,0.0,0.0,0.0,1.0,0.0,0.0,0.0,0.0,0.0,0.0,0.0,0.0,0.0
53858,3,3.5025,5.0,38.0,114830.0,50.391483,51.081036,95368.03,212244.69,1,1.0,0.0,95.368034,4.5681744,11.651208052770235,3.9394724,3.9334133,0.45841201970766154,1.0,1.0,1.0,1.0,1.5046328,0.058498383,34.9536241583107,13.704523,1,1,0,1.0,1.0,0.0,mid,0.0,0.0,0.0,0.0,0.0,1.0,1.0,0.0,1.0,0.0,0.0,0.0,0.0,0.0,0.0
53858,4,3.9366667,5.0,38.0,114830.0,55.39186,55.082123,95368.03,212244.69,1,1.0,0.0,95.368034,4.5681744,11.651208052770235,4.032325,4.0088253,0.45841201970766154,1.0,1.0,1.0,1.0,1.5966903,0.09205747,46.60483221108094,18.272697,1,1,0,1.0,1.0,0.0,mid,0.0,0.0,0.0,0.0,0.0,1.0,1.0,0.0,1.0,0.0,0.0,0.0,0.0,0.0,0.0
53858,5,2.8133333,5.0,38.0,114830.0,51.24373,53.330383,95368.03,212244.69,1,1.0,0.0,95.368034,4.5681744,11.651208052770235,3.9559197,3.9765062,0.45841201970766154,1.0,1.0,1.0,1.0,1.3385037,-0.25818658,58.256040263851176,22.840872,1,0,1,1.0,0.0,1.0,mid,0.0,0.0,0.0,0.0,0.0,1.0,0.0,1.0,0.0,1.0,0.0,0.0,0.0,0.0,0.0
53858,6,3.6133332,5.0,38.0,114830.0,46.78307,49.19218,95368.03,212244.69,1,1.0,0.0,95.368034,4.5681744,11.651208052770235,3.8666713,3.8957348,0.45841201970766154,1.0,1.0,1.0,1.0,1.5289507,0.19044697,69.9072483166214,27.409046,1,0,1,1.0,0.0,1.0,mid,0.0,0.0,0.0,0.0,0.0,1.0,0.0,1.0,0.0,1.0,0.0,0.0,0.0,0.0,0.0
53858,7,4.76,5.0,38.0,114830.0,49.075752,54.60948,95368.03,212244.69,1,1.0,0.0,95.368034,4.5681744,11.651208052770235,3.913537,4.0002074,0.45841201970766154,1.0,1.0,1.0,1.0,1.7509375,0.22198677,81.55845636939165,31.97722,1,0,1,1.0,0.0,1.0,mid,0.0,0.0,0.0,0.0,0.0,1.0,0.0,1.0,0.0,1.0,0.0,0.0,0.0,0.0,0.0
53861,1,3.1533334,5.0,38.0,106500.0,38.878677,43.00305,96076.734,211320.1,1,1.0,0.0,96.07674,4.575502,11.575900264131617,3.6858418,3.761271,0.45390280874156597,1.0,1.0,1.0,1.0,1.4239113,,11.575900264131617,4.575502,0,0,0,0.0,0.0,0.0,mid,0.0,0.0,0.0,0.0,0.0,1.0,0.0,0.0,0.0,0.0,0.0,0.0,0.0,0.0,0.0
53861,2,3.58,5.0,38.0,106500.0,40.64517,43.895794,96076.734,211320.1,1,1.0,0.0,96.07674,4.575502,11.575900264131617,3.7291853,3.7818184,0.45390280874156597,1.0,1.0,1.0,1.0,1.521699,0.09778762,23.151800528263234,9.151004,0,0,0,0.0,0.0,0.0,mid,0.0,0.0,0.0,0.0,0.0,1.0,0.0,0.0,0.0,0.0,0.0,0.0,0.0,0.0,0.0
53861,3,3.955,5.0,38.0,106500.0,47.90326,48.287167,96076.734,211320.1,1,1.0,0.0,96.07674,4.575502,11.575900264131617,3.8898442,3.8771658,0.45390280874156597,1.0,1.0,1.0,1.0,1.6003971,0.07869816,34.72770079239485,13.726505,1,1,0,1.0,1.0,0.0,mid,0.0,0.0,0.0,0.0,0.0,1.0,1.0,0.0,1.0,0.0,0.0,0.0,0.0,0.0,0.0
53861,4,4.18,5.0,38.0,106500.0,52.458054,51.24691,96076.734,211320.1,1,1.0,0.0,96.07674,4.575502,11.575900264131617,3.9788973,3.9366553,0.45390280874156597,1.0,1.0,1.0,1.0,1.6448051,0.044407964,46.30360105652647,18.302008,1,1,0,1.0,1.0,0.0,mid,0.0,0.0,0.0,0.0,0.0,1.0,1.0,0.0,1.0,0.0,0.0,0.0,0.0,0.0,0.0
53861,5,2.9166667,5.0,38.0,106500.0,49.505184,51.10745,96076.734,211320.1,1,1.0,0.0,96.07674,4.575502,11.575900264131617,3.922076,3.9339302,0.45390280874156597,1.0,1.0,1.0,1.0,1.3652409,-0.27956414,57.879501320658086,22.87751,1,0,1,1.0,0.0,1.0,mid,0.0,0.0,0.0,0.0,0.0,1.0,0.0,1.0,0.0,1.0,0.0,0.0,0.0,0.0,0.0
53861,6,3.71,5.0,38.0,106500.0,44.245583,45.869423,96076.734,211320.1,1,1.0,0.0,96.07674,4.575502,11.575900264131617,3.8121052,3.8257987,0.45390280874156597,1.0,1.0,1.0,1.0,1.5496879,0.18444693,69.4554015847897,27.45301,1,0,1,1.0,0.0,1.0,mid,0.0,0.0,0.0,0.0,0.0,1.0,0.0,1.0,0.0,1.0,0.0,0.0,0.0,0.0,0.0
53861,7,5.285,5.0,38.0,106500.0,46.93622,51.85013,96076.734,211320.1,1,1.0,0.0,96.07674,4.575502,11.575900264131617,3.8698714,3.9483573,0.45390280874156597,1.0,1.0,1.0,1.0,1.8381658,0.2884779,81.03130184892132,32.028515,1,0,1,1.0,0.0,1.0,mid,0.0,0.0,0.0,0.0,0.0,1.0,0.0,1.0,0.0,1.0,0.0,0.0,0.0,0.0,0.0
53874,1,2.3833334,5.0,38.0,193520.0,38.68603,43.711784,115109.3,231487.22,1,1.0,0.0,115.1093,4.754532,12.173136145283909,3.6809993,3.7776177,0.533711361817547,1.0,1.0,1.0,1.0,1.2188615,,12.173136145283909,4.754532,0,0,0,0.0,0.0,0.0,mid,0.0,0.0,0.0,0.0,0.0,1.0,0.0,0.0,0.0,0.0,0.0,0.0,0.0,0.0,0.0
53874,2,2.72,5.0,38.0,193520.0,41.052254,45.162674,115109.3,231487.22,1,1.0,0.0,115.1093,4.754532,12.173136145283909,3.738913,3.810271,0.533711361817547,1.0,1.0,1.0,1.0,1.3137237,0.09486222,24.346272290567818,9.509064,0,0,0,0.0,0.0,0.0,mid,0.0,0.0,0.0,0.0,0.0,1.0,0.0,0.0,0.0,0.0,0.0,0.0,0.0,0.0,0.0
53874,3,2.5575,5.0,38.0,193520.0,48.574905,49.31955,115109.3,231487.22,1,1.0,0.0,115.1093,4.754532,12.173136145283909,3.9034848,3.8983207,0.533711361817547,1.0,1.0,1.0,1.0,1.269058,-0.044665694,36.51940843585173,14.263596,1,1,0,1.0,1.0,0.0,mid,0.0,0.0,0.0,0.0,0.0,1.0,1.0,0.0,1.0,0.0,0.0,0.0,0.0,0.0,0.0
53874,4,2.54,5.0,38.0,193520.0,53.30444,53.379257,115109.3,231487.22,1,1.0,0.0,115.1093,4.754532,12.173136145283909,3.994606,3.9774222,0.533711361817547,1.0,1.0,1.0,1.0,1.2641268,-0.0049312115,48.692544581135635,19.018127,1,1,0,1.0,1.0,0.0,mid,0.0,0.0,0.0,0.0,0.0,1.0,1.0,0.0,1.0,0.0,0.0,0.0,0.0,0.0,0.0
53874,5,2.1666667,5.0,38.0,193520.0,49.428886,51.836185,115109.3,231487.22,1,1.0,0.0,115.1093,4.754532,12.173136145283909,3.9205642,3.9480884,0.533711361817547,1.0,1.0,1.0,1.0,1.1526796,-0.111447215,60.86568072641954,23.77266,1,0,1,1.0,0.0,1.0,mid,0.0,0.0,0.0,0.0,0.0,1.0,0.0,1.0,0.0,1.0,0.0,0.0,0.0,0.0,0.0
53874,6,2.62,5.0,38.0,193520.0,44.91018,47.625893,115109.3,231487.22,1,1.0,0.0,115.1093,4.754532,12.173136145283909,3.8266869,3.8633766,0.533711361817547,1.0,1.0,1.0,1.0,1.286474,0.13379443,73.03881687170346,28.527191,1,0,1,1.0,0.0,1.0,mid,0.0,0.0,0.0,0.0,0.0,1.0,0.0,1.0,0.0,1.0,0.0,0.0,0.0,0.0,0.0
53874,7,2.955,5.0,38.0,193520.0,47.283096,52.93649,115109.3,231487.22,1,1.0,0.0,115.1093,4.754532,12.173136145283909,3.8770816,3.9690928,0.533711361817547,1.0,1.0,1.0,1.0,1.3749806,0.08850658,85.21195301698737,33.281723,1,0,1,1.0,0.0,1.0,mid,0.0,0.0,0.0,0.0,0.0,1.0,0.0,1.0,0.0,1.0,0.0,0.0,0.0,0.0,0.0
54906,1,1.2733333,5.0,49.0,176190.0,70.47304,77.93483,190105.14,303480.66,1,1.0,0.0,190.10513,5.252824,12.079318237184674,4.2693205,4.355873,0.616580947762827,1.0,1.0,1.0,1.0,0.82124716,,12.079318237184674,5.252824,0,0,0,0.0,0.0,0.0,far,0.0,0.0,0.0,0.0,0.0,0.0,0.0,0.0,0.0,0.0,1.0,0.0,0.0,0.0,0.0
54906,2,1.2099999,5.0,49.0,176190.0,74.37139,80.73058,190105.14,303480.66,1,1.0,0.0,190.10513,5.252824,12.079318237184674,4.3224277,4.3911176,0.616580947762827,1.0,1.0,1.0,1.0,0.79299253,-0.028254628,24.15863647436935,10.505648,0,0,0,0.0,0.0,0.0,far,0.0,0.0,0.0,0.0,0.0,0.0,0.0,0.0,0.0,0.0,1.0,0.0,0.0,0.0,0.0
54906,3,1.3425,5.0,49.0,176190.0,80.203186,79.52415,190105.14,303480.66,1,1.0,0.0,190.10513,5.252824,12.079318237184674,4.3969545,4.376061,0.616580947762827,1.0,1.0,1.0,1.0,0.8512187,0.05822617,36.237954711554025,15.7584715,1,1,0,1.0,1.0,0.0,far,0.0,0.0,0.0,0.0,0.0,0.0,0.0,0.0,0.0,0.0,1.0,1.0,0.0,1.0,0.0
54906,4,1.2566667,5.0,49.0,176190.0,88.50391,90.53196,190105.14,303480.66,1,1.0,0.0,190.10513,5.252824,12.079318237184674,4.4942822,4.505703,0.616580947762827,1.0,1.0,1.0,1.0,0.8138888,-0.037329912,48.3172729487387,21.011295,1,1,0,1.0,1.0,0.0,far,0.0,0.0,0.0,0.0,0.0,0.0,0.0,0.0,0.0,0.0,1.0,1.0,0.0,1.0,0.0
54906,5,1.1833334,5.0,49.0,176190.0,81.73844,84.416405,190105.14,303480.66,1,1.0,0.0,190.10513,5.252824,12.079318237184674,4.415684,4.435762,0.616580947762827,1.0,1.0,1.0,1.0,0.7808528,-0.033035994,60.39659118592337,26.264118,1,0,1,1.0,0.0,1.0,far,0.0,0.0,0.0,0.0,0.0,0.0,0.0,0.0,0.0,0.0,1.0,0.0,1.0,0.0,1.0
54906,6,1.41,5.0,49.0,176190.0,79.032486,83.57348,190105.14,303480.66,1,1.0,0.0,190.10513,5.252824,12.079318237184674,4.3824325,4.4257264,0.616580947762827,1.0,1.0,1.0,1.0,0.8796267,0.0987739,72.47590942310805,31.516943,1,0,1,1.0,0.0,1.0,far,0.0,0.0,0.0,0.0,0.0,0.0,0.0,0.0,0.0,0.0,1.0,0.0,1.0,0.0,1.0
54906,7,1.39,5.0,49.0,176190.0,80.868774,91.18477,190105.14,303480.66,1,1.0,0.0,190.10513,5.252824,12.079318237184674,4.4051175,4.512888,0.616580947762827,1.0,1.0,1.0,1.0,0.8712933,-0.008333385,84.55522766029272,36.769768,1,0,1,1.0,0.0,1.0,far,0.0,0.0,0.0,0.0,0.0,0.0,0.0,0.0,0.0,0.0,1.0,0.0,1.0,0.0,1.0
54908,1,1.0,5.0,49.0,58380.0,56.61627,61.96647,122859.38,236673.56,1,1.0,0.0,122.85938,4.819147,10.974728644408106,4.053805,4.1265936,0.45196121843755943,1.0,1.0,1.0,1.0,0.6931472,,10.974728644408106,4.819147,0,0,0,0.0,0.0,0.0,mid,0.0,0.0,0.0,0.0,0.0,1.0,0.0,0.0,0.0,0.0,0.0,0.0,0.0,0.0,0.0
54908,2,1.0,5.0,49.0,58380.0,58.244823,62.68346,122859.38,236673.56,1,1.0,0.0,122.85938,4.819147,10.974728644408106,4.0816784,4.138098,0.45196121843755943,1.0,1.0,1.0,1.0,0.6931472,0.0,21.949457288816212,9.638294,0,0,0,0.0,0.0,0.0,mid,0.0,0.0,0.0,0.0,0.0,1.0,0.0,0.0,0.0,0.0,0.0,0.0,0.0,0.0,0.0
54908,3,1.0,5.0,49.0,58380.0,66.58483,65.38905,122859.38,236673.56,1,1.0,0.0,122.85938,4.819147,10.974728644408106,4.2133837,4.180355,0.45196121843755943,1.0,1.0,1.0,1.0,0.6931472,0.0,32.92418593322432,14.457441,1,1,0,1.0,1.0,0.0,mid,0.0,0.0,0.0,0.0,0.0,1.0,1.0,0.0,1.0,0.0,0.0,0.0,0.0,0.0,0.0
54908,4,1.0,5.0,49.0,58380.0,73.73597,72.56383,122859.38,236673.56,1,1.0,0.0,122.85938,4.819147,10.974728644408106,4.3139615,4.2844667,0.45196121843755943,1.0,1.0,1.0,1.0,0.6931472,0.0,43.898914577632425,19.276588,1,1,0,1.0,1.0,0.0,mid,0.0,0.0,0.0,0.0,0.0,1.0,1.0,0.0,1.0,0.0,0.0,0.0,0.0,0.0,0.0
54908,5,1.0,5.0,49.0,58380.0,67.56122,68.36593,122859.38,236673.56,1,1.0,0.0,122.85938,4.819147,10.974728644408106,4.227727,4.2248745,0.45196121843755943,1.0,1.0,1.0,1.0,0.6931472,0.0,54.87364322204053,24.095736,1,0,1,1.0,0.0,1.0,mid,0.0,0.0,0.0,0.0,0.0,1.0,0.0,1.0,0.0,1.0,0.0,0.0,0.0,0.0,0.0
54908,6,1.0,5.0,49.0,58380.0,64.36153,66.28168,122859.38,236673.56,1,1.0,0.0,122.85938,4.819147,10.974728644408106,4.179934,4.1939135,0.45196121843755943,1.0,1.0,1.0,1.0,0.6931472,0.0,65.84837186644864,28.914883,1,0,1,1.0,0.0,1.0,mid,0.0,0.0,0.0,0.0,0.0,1.0,0.0,1.0,0.0,1.0,0.0,0.0,0.0,0.0,0.0
54908,7,1.0,5.0,49.0,58380.0,66.47455,73.29885,122859.38,236673.56,1,1.0,0.0,122.85938,4.819147,10.974728644408106,4.2117505,4.294545,0.45196121843755943,1.0,1.0,1.0,1.0,0.6931472,0.0,76.82310051085675,33.73403,1,0,1,1.0,0.0,1.0,mid,0.0,0.0,0.0,0.0,0.0,1.0,0.0,1.0,0.0,1.0,0.0,0.0,0.0,0.0,0.0
54909,1,1.35,5.0,49.0,101990.0,59.108093,65.13369,132038.16,246649.78,1,1.0,0.0,132.03816,4.890636,11.532630048244563,4.0961447,4.176442,0.5087876947926631,1.0,1.0,1.0,1.0,0.8544153,,11.532630048244563,4.890636,0,0,0,0.0,0.0,0.0,far,0.0,0.0,0.0,0.0,0.0,0.0,0.0,0.0,0.0,0.0,1.0,0.0,0.0,0.0,0.0
54909,2,1.29,5.0,49.0,101990.0,61.16857,66.22109,132038.16,246649.78,1,1.0,0.0,132.03816,4.890636,11.532630048244563,4.1298494,4.192999,0.5087876947926631,1.0,1.0,1.0,1.0,0.82855177,-0.025863528,23.065260096489126,9.781272,0,0,0,0.0,0.0,0.0,far,0.0,0.0,0.0,0.0,0.0,0.0,0.0,0.0,0.0,0.0,1.0,0.0,0.0,0.0,0.0
54909,3,1.5825,5.0,49.0,101990.0,69.30798,67.92604,132038.16,246649.78,1,1.0,0.0,132.03816,4.890636,11.532630048244563,4.2528853,4.2184196,0.5087876947926631,1.0,1.0,1.0,1.0,0.9487579,0.12020612,34.59789014473369,14.671907,1,1,0,1.0,1.0,0.0,far,0.0,0.0,0.0,0.0,0.0,0.0,0.0,0.0,0.0,0.0,1.0,1.0,0.0,1.0,0.0
54909,4,1.4766667,5.0,49.0,101990.0,76.91536,76.72851,132038.16,246649.78,1,1.0,0.0,132.03816,4.890636,11.532630048244563,4.3556232,4.3402734,0.5087876947926631,1.0,1.0,1.0,1.0,0.9069136,-0.04184431,46.13052019297825,19.562544,1,1,0,1.0,1.0,0.0,far,0.0,0.0,0.0,0.0,0.0,0.0,0.0,0.0,0.0,0.0,1.0,1.0,0.0,1.0,0.0
54909,5,1.34,5.0,49.0,101990.0,70.094864,71.23159,132038.16,246649.78,1,1.0,0.0,132.03816,4.890636,11.532630048244563,4.264015,4.2659364,0.5087876947926631,1.0,1.0,1.0,1.0,0.850151,-0.056762576,57.663150241222816,24.45318,1,0,1,1.0,0.0,1.0,far,0.0,0.0,0.0,0.0,0.0,0.0,0.0,0.0,0.0,0.0,1.0,0.0,1.0,0.0,1.0
54909,6,1.5433334,5.0,49.0,101990.0,67.232056,69.794365,132038.16,246649.78,1,1.0,0.0,132.03816,4.890636,11.532630048244563,4.2229147,4.2455535,0.5087876947926631,1.0,1.0,1.0,1.0,0.9334756,0.08332461,69.19578028946738,29.343815,1,0,1,1.0,0.0,1.0,far,0.0,0.0,0.0,0.0,0.0,0.0,0.0,0.0,0.0,0.0,1.0,0.0,1.0,0.0,1.0
54909,7,1.44,5.0,49.0,101990.0,69.286385,76.952194,132038.16,246649.78,1,1.0,0.0,132.03816,4.890636,11.532630048244563,4.2525783,4.3431845,0.5087876947926631,1.0,1.0,1.0,1.0,0.89199805,-0.04147756,80.72841033771195,34.23445,1,0,1,1.0,0.0,1.0,far,0.0,0.0,0.0,0.0,0.0,0.0,0.0,0.0,0.0,0.0,1.0,0.0,1.0,0.0,1.0
54918,1,1.0666667,5.0,49.0,129870.0,59.108093,65.13369,172609.58,287909.1,1,1.0,0.0,172.60957,5.156809,11.774289229104136,4.0961447,4.176442,0.5764580825461194,1.0,1.0,1.0,1.0,0.72593695,,11.774289229104136,5.156809,0,0,0,0.0,0.0,0.0,far,0.0,0.0,0.0,0.0,0.0,0.0,0.0,0.0,0.0,0.0,1.0,0.0,0.0,0.0,0.0
54918,2,1.0,5.0,49.0,129870.0,61.16857,66.22109,172609.58,287909.1,1,1.0,0.0,172.60957,5.156809,11.774289229104136,4.1298494,4.192999,0.5764580825461194,1.0,1.0,1.0,1.0,0.6931472,-0.032789767,23.548578458208272,10.313618,0,0,0,0.0,0.0,0.0,far,0.0,0.0,0.0,0.0,0.0,0.0,0.0,0.0,0.0,0.0,1.0,0.0,0.0,0.0,0.0
54918,3,1.1575,5.0,49.0,129870.0,69.30798,67.92604,172609.58,287909.1,1,1.0,0.0,172.60957,5.156809,11.774289229104136,4.2528853,4.2184196,0.5764580825461194,1.0,1.0,1.0,1.0,0.76895016,0.07580298,35.32286768731241,15.470427,1,1,0,1.0,1.0,0.0,far,0.0,0.0,0.0,0.0,0.0,0.0,0.0,0.0,0.0,0.0,1.0,1.0,0.0,1.0,0.0
54918,4,1.0833334,5.0,49.0,129870.0,76.91536,76.72851,172609.58,287909.1,1,1.0,0.0,172.60957,5.156809,11.774289229104136,4.3556232,4.3402734,0.5764580825461194,1.0,1.0,1.0,1.0,0.7339693,-0.034980893,47.097156916416544,20.627235,1,1,0,1.0,1.0,0.0,far,0.0,0.0,0.0,0.0,0.0,0.0,0.0,0.0,0.0,0.0,1.0,1.0,0.0,1.0,0.0
54918,5,1.02,5.0,49.0,129870.0,70.094864,71.23159,172609.58,287909.1,1,1.0,0.0,172.60957,5.156809,11.774289229104136,4.264015,4.2659364,0.5764580825461194,1.0,1.0,1.0,1.0,0.7030975,-0.030871749,58.87144614552068,25.784044,1,0,1,1.0,0.0,1.0,far,0.0,0.0,0.0,0.0,0.0,0.0,0.0,0.0,0.0,0.0,1.0,0.0,1.0,0.0,1.0
54918,6,1.18,5.0,49.0,129870.0,67.232056,69.794365,172609.58,287909.1,1,1.0,0.0,172.60957,5.156809,11.774289229104136,4.2229147,4.2455535,0.5764580825461194,1.0,1.0,1.0,1.0,0.77932477,0.07622725,70.64573537462482,30.940853,1,0,1,1.0,0.0,1.0,far,0.0,0.0,0.0,0.0,0.0,0.0,0.0,0.0,0.0,0.0,1.0,0.0,1.0,0.0,1.0
54918,7,1.03,5.0,49.0,129870.0,69.286385,76.952194,172609.58,287909.1,1,1.0,0.0,172.60957,5.156809,11.774289229104136,4.2525783,4.3431845,0.5764580825461194,1.0,1.0,1.0,1.0,0.70803577,-0.071289,82.42002460372895,36.097664,1,0,1,1.0,0.0,1.0,far,0.0,0.0,0.0,0.0,0.0,0.0,0.0,0.0,0.0,0.0,1.0,0.0,1.0,0.0,1.0
54952,1,2.97,5.0,49.0,217310.0,59.108093,65.13369,157849.84,271818.84,1,1.0,0.0,157.84984,5.0679593,12.289080184513782,4.0961447,4.176442,0.5995925085051884,1.0,1.0,1.0,1.0,1.3787661,,12.289080184513782,5.0679593,0,0,0,0.0,0.0,0.0,far,0.0,0.0,0.0,0.0,0.0,0.0,0.0,0.0,0.0,0.0,1.0,0.0,0.0,0.0,0.0
54952,2,3.0566666,5.0,49.0,217310.0,61.16857,66.22109,157849.84,271818.84,1,1.0,0.0,157.84984,5.0679593,12.289080184513782,4.1298494,4.192999,0.5995925085051884,1.0,1.0,1.0,1.0,1.4003615,0.021595478,24.578160369027565,10.135919,0,0,0,0.0,0.0,0.0,far,0.0,0.0,0.0,0.0,0.0,0.0,0.0,0.0,0.0,0.0,1.0,0.0,0.0,0.0,0.0
54952,3,3.1100001,5.0,49.0,217310.0,69.30798,67.92604,157849.84,271818.84,1,1.0,0.0,157.84984,5.0679593,12.289080184513782,4.2528853,4.2184196,0.5995925085051884,1.0,1.0,1.0,1.0,1.4134231,0.013061523,36.86724055354135,15.203878,1,1,0,1.0,1.0,0.0,far,0.0,0.0,0.0,0.0,0.0,0.0,0.0,0.0,0.0,0.0,1.0,1.0,0.0,1.0,0.0
54952,4,2.8033333,5.0,49.0,217310.0,76.91536,76.72851,157849.84,271818.84,1,1.0,0.0,157.84984,5.0679593,12.289080184513782,4.3556232,4.3402734,0.5995925085051884,1.0,1.0,1.0,1.0,1.3358779,-0.077545166,49.15632073805513,20.271837,1,1,0,1.0,1.0,0.0,far,0.0,0.0,0.0,0.0,0.0,0.0,0.0,0.0,0.0,0.0,1.0,1.0,0.0,1.0,0.0
54952,5,2.3533332,5.0,49.0,217310.0,70.094864,71.23159,157849.84,271818.84,1,1.0,0.0,157.84984,5.0679593,12.289080184513782,4.264015,4.2659364,0.5995925085051884,1.0,1.0,1.0,1.0,1.2099549,-0.12592304,61.44540092256891,25.339796,1,0,1,1.0,0.0,1.0,far,0.0,0.0,0.0,0.0,0.0,0.0,0.0,0.0,0.0,0.0,1.0,0.0,1.0,0.0,1.0
54952,6,3.33,5.0,49.0,217310.0,67.232056,69.794365,157849.84,271818.84,1,1.0,0.0,157.84984,5.0679593,12.289080184513782,4.2229147,4.2455535,0.5995925085051884,1.0,1.0,1.0,1.0,1.4655676,0.25561273,73.7344811070827,30.407757,1,0,1,1.0,0.0,1.0,far,0.0,0.0,0.0,0.0,0.0,0.0,0.0,0.0,0.0,0.0,1.0,0.0,1.0,0.0,1.0
54952,7,3.19,5.0,49.0,217310.0,69.286385,76.952194,157849.84,271818.84,1,1.0,0.0,157.84984,5.0679593,12.289080184513782,4.2525783,4.3431845,0.5995925085051884,1.0,1.0,1.0,1.0,1.4327008,-0.032866836,86.02356129159648,35.475716,1,0,1,1.0,0.0,1.0,far,0.0,0.0,0.0,0.0,0.0,0.0,0.0,0.0,0.0,0.0,1.0,0.0,1.0,0.0,1.0
54961,1,1.2166667,5.0,49.0,279680.0,61.782196,68.11917,172530.3,285477.9,1,1.0,0.0,172.5303,5.156352,12.541401371449307,4.1396713,4.2212586,0.6337650981293116,1.0,1.0,1.0,1.0,0.7960046,,12.541401371449307,5.156352,0,0,0,0.0,0.0,0.0,far,0.0,0.0,0.0,0.0,0.0,0.0,0.0,0.0,0.0,0.0,1.0,0.0,0.0,0.0,0.0
54961,2,1.1833334,5.0,49.0,279680.0,64.275116,69.5599,172530.3,285477.9,1,1.0,0.0,172.5303,5.156352,12.541401371449307,4.178611,4.2421885,0.6337650981293116,1.0,1.0,1.0,1.0,0.7808528,-0.015151799,25.082802742898615,10.312704,0,0,0,0.0,0.0,0.0,far,0.0,0.0,0.0,0.0,0.0,0.0,0.0,0.0,0.0,0.0,1.0,0.0,0.0,0.0,0.0
54961,3,1.2525,5.0,49.0,279680.0,71.87157,70.58625,172530.3,285477.9,1,1.0,0.0,172.5303,5.156352,12.541401371449307,4.2886987,4.2568355,0.6337650981293116,1.0,1.0,1.0,1.0,0.81204075,0.031187952,37.62420411434792,15.469056,1,1,0,1.0,1.0,0.0,far,0.0,0.0,0.0,0.0,0.0,0.0,0.0,0.0,0.0,0.0,1.0,1.0,0.0,1.0,0.0
54961,4,1.2766666,5.0,49.0,279680.0,79.64208,79.90078,172530.3,285477.9,1,1.0,0.0,172.5303,5.156352,12.541401371449307,4.390021,4.3807855,0.6337650981293116,1.0,1.0,1.0,1.0,0.82271236,0.010671616,50.16560548579723,20.625408,1,1,0,1.0,1.0,0.0,far,0.0,0.0,0.0,0.0,0.0,0.0,0.0,0.0,0.0,0.0,1.0,1.0,0.0,1.0,0.0
54961,5,1.1333333,5.0,49.0,279680.0,72.834526,74.276085,172530.3,285477.9,1,1.0,0.0,172.5303,5.156352,12.541401371449307,4.3018265,4.307789,0.6337650981293116,1.0,1.0,1.0,1.0,0.75768566,-0.0650267,62.70700685724654,25.781761,1,0,1,1.0,0.0,1.0,far,0.0,0.0,0.0,0.0,0.0,0.0,0.0,0.0,0.0,0.0,1.0,0.0,1.0,0.0,1.0
54961,6,1.2566667,5.0,49.0,279680.0,70.00863,73.006226,172530.3,285477.9,1,1.0,0.0,172.5303,5.156352,12.541401371449307,4.2628016,4.2905445,0.6337650981293116,1.0,1.0,1.0,1.0,0.8138888,0.056203127,75.24840822869584,30.938112,1,0,1,1.0,0.0,1.0,far,0.0,0.0,0.0,0.0,0.0,0.0,0.0,0.0,0.0,0.0,1.0,0.0,1.0,0.0,1.0
54961,7,1.275,5.0,49.0,279680.0,72.01165,80.27417,172530.3,285477.9,1,1.0,0.0,172.5303,5.156352,12.541401371449307,4.290619,4.385448,0.6337650981293116,1.0,1.0,1.0,1.0,0.8219801,0.0080913305,87.78980960014515,36.094463,1,0,1,1.0,0.0,1.0,far,0.0,0.0,0.0,0.0,0.0,0.0,0.0,0.0,0.0,0.0,1.0,0.0,1.0,0.0,1.0
54977,1,1.3566667,5.0,49.0,157290.0,57.93208,64.09073,154998.33,271035.0,1,1.0,0.0,154.99832,5.049845,11.965846514234688,4.0763855,4.1603,0.5717521279151295,1.0,1.0,1.0,1.0,0.8572482,,11.965846514234688,5.049845,0,0,0,0.0,0.0,0.0,far,0.0,0.0,0.0,0.0,0.0,0.0,0.0,0.0,0.0,0.0,1.0,0.0,0.0,0.0,0.0
54977,2,1.4433334,5.0,49.0,157290.0,60.197895,65.3601,154998.33,271035.0,1,1.0,0.0,154.99832,5.049845,11.965846514234688,4.114113,4.179912,0.5717521279151295,1.0,1.0,1.0,1.0,0.89336324,0.03611505,23.931693028469375,10.09969,0,0,0,0.0,0.0,0.0,far,0.0,0.0,0.0,0.0,0.0,0.0,0.0,0.0,0.0,0.0,1.0,0.0,0.0,0.0,0.0
54977,3,2.7,5.0,49.0,157290.0,68.36397,67.15295,154998.33,271035.0,1,1.0,0.0,154.99832,5.049845,11.965846514234688,4.2393675,4.2069726,0.5717521279151295,1.0,1.0,1.0,1.0,1.3083328,0.41496956,35.89753954270407,15.149536,1,1,0,1.0,1.0,0.0,far,0.0,0.0,0.0,0.0,0.0,0.0,0.0,0.0,0.0,0.0,1.0,1.0,0.0,1.0,0.0
54977,4,2.3533332,5.0,49.0,157290.0,75.735535,75.83453,154998.33,271035.0,1,1.0,0.0,154.99832,5.049845,11.965846514234688,4.340365,4.3285537,0.5717521279151295,1.0,1.0,1.0,1.0,1.2099549,-0.09837794,47.86338605693875,20.19938,1,1,0,1.0,1.0,0.0,far,0.0,0.0,0.0,0.0,0.0,0.0,0.0,0.0,0.0,0.0,1.0,1.0,0.0,1.0,0.0
54977,5,1.7033334,5.0,49.0,157290.0,69.035095,70.4954,154998.33,271035.0,1,1.0,0.0,154.99832,5.049845,11.965846514234688,4.2489963,4.2555475,0.5717521279151295,1.0,1.0,1.0,1.0,0.9944856,-0.21546924,59.829232571173435,25.249226,1,0,1,1.0,0.0,1.0,far,0.0,0.0,0.0,0.0,0.0,0.0,0.0,0.0,0.0,0.0,1.0,0.0,1.0,0.0,1.0
54977,6,2.23,5.0,49.0,157290.0,66.09484,68.94921,154998.33,271035.0,1,1.0,0.0,154.99832,5.049845,11.965846514234688,4.206107,4.2333703,0.5717521279151295,1.0,1.0,1.0,1.0,1.1724821,0.17799652,71.79507908540813,30.299072,1,0,1,1.0,0.0,1.0,far,0.0,0.0,0.0,0.0,0.0,0.0,0.0,0.0,0.0,0.0,1.0,0.0,1.0,0.0,1.0
54977,7,1.38,5.0,49.0,157290.0,68.14276,75.83486,154998.33,271035.0,1,1.0,0.0,154.99832,5.049845,11.965846514234688,4.236173,4.328558,0.5717521279151295,1.0,1.0,1.0,1.0,0.86710054,-0.3053816,83.76092559964282,35.348915,1,0,1,1.0,0.0,1.0,far,0.0,0.0,0.0,0.0,0.0,0.0,0.0,0.0,0.0,0.0,1.0,0.0,1.0,0.0,1.0
54979,1,1.1666666,5.0,49.0,137090.0,56.61627,61.96647,128326.234,240466.83,1,1.0,0.0,128.32623,4.862338,11.828392923429947,4.053805,4.1265936,0.5266989549864862,1.0,1.0,1.0,1.0,0.77318984,,11.828392923429947,4.862338,0,0,0,0.0,0.0,0.0,far,0.0,0.0,0.0,0.0,0.0,0.0,0.0,0.0,0.0,0.0,1.0,0.0,0.0,0.0,0.0
54979,2,1.3633333,5.0,49.0,137090.0,58.244823,62.68346,128326.234,240466.83,1,1.0,0.0,128.32623,4.862338,11.828392923429947,4.0816784,4.138098,0.5266989549864862,1.0,1.0,1.0,1.0,0.860073,0.08688313,23.656785846859893,9.724676,0,0,0,0.0,0.0,0.0,far,0.0,0.0,0.0,0.0,0.0,0.0,0.0,0.0,0.0,0.0,1.0,0.0,0.0,0.0,0.0
54979,3,1.385,5.0,49.0,137090.0,66.58483,65.38905,128326.234,240466.83,1,1.0,0.0,128.32623,4.862338,11.828392923429947,4.2133837,4.180355,0.5266989549864862,1.0,1.0,1.0,1.0,0.8691991,0.009126127,35.48517877028984,14.587014,1,1,0,1.0,1.0,0.0,far,0.0,0.0,0.0,0.0,0.0,0.0,0.0,0.0,0.0,0.0,1.0,1.0,0.0,1.0,0.0
54979,4,1.34,5.0,49.0,137090.0,73.73597,72.56383,128326.234,240466.83,1,1.0,0.0,128.32623,4.862338,11.828392923429947,4.3139615,4.2844667,0.5266989549864862,1.0,1.0,1.0,1.0,0.850151,-0.019048095,47.31357169371979,19.449352,1,1,0,1.0,1.0,0.0,far,0.0,0.0,0.0,0.0,0.0,0.0,0.0,0.0,0.0,0.0,1.0,1.0,0.0,1.0,0.0
54979,5,1.1433333,5.0,49.0,137090.0,67.56122,68.36593,128326.234,240466.83,1,1.0,0.0,128.32623,4.862338,11.828392923429947,4.227727,4.2248745,0.5266989549864862,1.0,1.0,1.0,1.0,0.7623623,-0.0877887,59.14196461714973,24.311691,1,0,1,1.0,0.0,1.0,far,0.0,0.0,0.0,0.0,0.0,0.0,0.0,0.0,0.0,0.0,1.0,0.0,1.0,0.0,1.0
54979,6,1.3066667,5.0,49.0,137090.0,64.36153,66.28168,128326.234,240466.83,1,1.0,0.0,128.32623,4.862338,11.828392923429947,4.179934,4.1939135,0.5266989549864862,1.0,1.0,1.0,1.0,0.83580357,0.07344127,70.97035754057968,29.174028,1,0,1,1.0,0.0,1.0,far,0.0,0.0,0.0,0.0,0.0,0.0,0.0,0.0,0.0,0.0,1.0,0.0,1.0,0.0,1.0
54979,7,1.14,5.0,49.0,137090.0,66.47455,73.29885,128326.234,240466.83,1,1.0,0.0,128.32623,4.862338,11.828392923429947,4.2117505,4.294545,0.5266989549864862,1.0,1.0,1.0,1.0,0.7608058,-0.07499778,82.79875046400963,34.036366,1,0,1,1.0,0.0,1.0,far,0.0,0.0,0.0,0.0,0.0,0.0,0.0,0.0,0.0,0.0,1.0,0.0,1.0,0.0,1.0
54994,1,1.2233334,5.0,49.0,345830.0,59.108093,65.13369,142745.62,257320.19,1,1.0,0.0,142.74562,4.968045,12.753702603818212,4.0961447,4.176442,0.6166501670297672,1.0,1.0,1.0,1.0,0.7990076,,12.753702603818212,4.968045,0,0,0,0.0,0.0,0.0,far,0.0,0.0,0.0,0.0,0.0,0.0,0.0,0.0,0.0,0.0,1.0,0.0,0.0,0.0,0.0
54994,2,1.2033334,5.0,49.0,345830.0,61.16857,66.22109,142745.62,257320.19,1,1.0,0.0,142.74562,4.968045,12.753702603818212,4.1298494,4.192999,0.6166501670297672,1.0,1.0,1.0,1.0,0.78997135,-0.009036243,25.507405207636424,9.93609,0,0,0,0.0,0.0,0.0,far,0.0,0.0,0.0,0.0,0.0,0.0,0.0,0.0,0.0,0.0,1.0,0.0,0.0,0.0,0.0
54994,3,1.52,5.0,49.0,345830.0,69.30798,67.92604,142745.62,257320.19,1,1.0,0.0,142.74562,4.968045,12.753702603818212,4.2528853,4.2184196,0.6166501670297672,1.0,1.0,1.0,1.0,0.9242589,0.13428754,38.261107811454636,14.904136,1,1,0,1.0,1.0,0.0,far,0.0,0.0,0.0,0.0,0.0,0.0,0.0,0.0,0.0,0.0,1.0,1.0,0.0,1.0,0.0
54994,4,1.3666667,5.0,49.0,345830.0,76.91536,76.72851,142745.62,257320.19,1,1.0,0.0,142.74562,4.968045,12.753702603818212,4.3556232,4.3402734,0.6166501670297672,1.0,1.0,1.0,1.0,0.86148256,-0.06277633,51.01481041527285,19.87218,1,1,0,1.0,1.0,0.0,far,0.0,0.0,0.0,0.0,0.0,0.0,0.0,0.0,0.0,0.0,1.0,1.0,0.0,1.0,0.0
54994,5,1.1866667,5.0,49.0,345830.0,70.094864,71.23159,142745.62,257320.19,1,1.0,0.0,142.74562,4.968045,12.753702603818212,4.264015,4.2659364,0.6166501670297672,1.0,1.0,1.0,1.0,0.7823783,-0.079104245,63.76851301909106,24.840225,1,0,1,1.0,0.0,1.0,far,0.0,0.0,0.0,0.0,0.0,0.0,0.0,0.0,0.0,0.0,1.0,0.0,1.0,0.0,1.0
54994,6,1.4833333,5.0,49.0,345830.0,67.232056,69.794365,142745.62,257320.19,1,1.0,0.0,142.74562,4.968045,12.753702603818212,4.2229147,4.2455535,0.6166501670297672,1.0,1.0,1.0,1.0,0.90960175,0.12722343,76.52221562290927,29.808271,1,0,1,1.0,0.0,1.0,far,0.0,0.0,0.0,0.0,0.0,0.0,0.0,0.0,0.0,0.0,1.0,0.0,1.0,0.0,1.0
54994,7,1.3050001,5.0,49.0,345830.0,69.286385,76.952194,142745.62,257320.19,1,1.0,0.0,142.74562,4.968045,12.753702603818212,4.2525783,4.3431845,0.6166501670297672,1.0,1.0,1.0,1.0,0.8350807,-0.074521065,89.27591822672748,34.776318,1,0,1,1.0,0.0,1.0,far,0.0,0.0,0.0,0.0,0.0,0.0,0.0,0.0,0.0,0.0,1.0,0.0,1.0,0.0,1.0
55202,1,2.27,5.0,52.0,178440.0,52.8858,60.472275,175272.84,292514.2,1,1.0,0.0,175.27284,5.1720333,12.092007689242202,3.986867,4.102185,0.6032781400662838,1.0,1.0,1.0,1.0,1.18479,,12.092007689242202,5.1720333,0,0,0,0.0,0.0,0.0,far,0.0,0.0,0.0,0.0,0.0,0.0,0.0,0.0,0.0,0.0,1.0,0.0,0.0,0.0,0.0
55202,2,2.7833333,5.0,52.0,178440.0,56.576218,63.051888,175272.84,292514.2,1,1.0,0.0,175.27284,5.1720333,12.092007689242202,4.0531096,4.143958,0.6032781400662838,1.0,1.0,1.0,1.0,1.3306055,0.14581549,24.184015378484403,10.344067,0,0,0,0.0,0.0,0.0,far,0.0,0.0,0.0,0.0,0.0,0.0,0.0,0.0,0.0,0.0,1.0,0.0,0.0,0.0,0.0
55202,3,2.9025002,5.0,52.0,178440.0,64.78107,65.0926,175272.84,292514.2,1,1.0,0.0,175.27284,5.1720333,12.092007689242202,4.186332,4.175811,0.6032781400662838,1.0,1.0,1.0,1.0,1.3616174,0.031011939,36.276023067726605,15.5161,1,1,0,1.0,1.0,0.0,far,0.0,0.0,0.0,0.0,0.0,0.0,0.0,0.0,0.0,0.0,1.0,1.0,0.0,1.0,0.0
55202,4,2.7766666,5.0,52.0,178440.0,70.81343,73.244774,175272.84,292514.2,1,1.0,0.0,175.27284,5.1720333,12.092007689242202,4.2740717,4.293807,0.6032781400662838,1.0,1.0,1.0,1.0,1.3288418,-0.03277564,48.36803075696881,20.688133,1,1,0,1.0,1.0,0.0,far,0.0,0.0,0.0,0.0,0.0,0.0,0.0,0.0,0.0,0.0,1.0,1.0,0.0,1.0,0.0
55202,5,2.56,5.0,52.0,178440.0,64.860374,68.95346,175272.84,292514.2,1,1.0,0.0,175.27284,5.1720333,12.092007689242202,4.187537,4.233432,0.6032781400662838,1.0,1.0,1.0,1.0,1.2697605,-0.059081316,60.46003844621101,25.860167,1,0,1,1.0,0.0,1.0,far,0.0,0.0,0.0,0.0,0.0,0.0,0.0,0.0,0.0,0.0,1.0,0.0,1.0,0.0,1.0
55202,6,3.8533332,5.0,52.0,178440.0,61.460648,66.78099,175272.84,292514.2,1,1.0,0.0,175.27284,5.1720333,12.092007689242202,4.1345367,4.2014184,0.6032781400662838,1.0,1.0,1.0,1.0,1.5796658,0.3099053,72.55204613545321,31.0322,1,0,1,1.0,0.0,1.0,far,0.0,0.0,0.0,0.0,0.0,0.0,0.0,0.0,0.0,0.0,1.0,0.0,1.0,0.0,1.0
55202,7,3.955,5.0,52.0,178440.0,63.533623,72.38275,175272.84,292514.2,1,1.0,0.0,175.27284,5.1720333,12.092007689242202,4.1671863,4.281968,0.6032781400662838,1.0,1.0,1.0,1.0,1.6003971,0.02073133,84.64405382469542,36.20423,1,0,1,1.0,0.0,1.0,far,0.0,0.0,0.0,0.0,0.0,0.0,0.0,0.0,0.0,0.0,1.0,0.0,1.0,0.0,1.0
55233,1,1.4333334,5.0,52.0,172840.0,66.954285,76.61727,200367.02,318424.75,1,1.0,0.0,200.36702,5.305129,12.060121590045869,4.2188354,4.3388224,0.6242954930558955,1.0,1.0,1.0,1.0,0.8892621,,12.060121590045869,5.305129,0,0,0,0.0,0.0,0.0,far,0.0,0.0,0.0,0.0,0.0,0.0,0.0,0.0,0.0,0.0,1.0,0.0,0.0,0.0,0.0
55233,2,1.3199999,5.0,52.0,172840.0,71.99295,80.51461,200367.02,318424.75,1,1.0,0.0,200.36702,5.305129,12.060121590045869,4.290363,4.3884387,0.6242954930558955,1.0,1.0,1.0,1.0,0.84156716,-0.04769492,24.120243180091737,10.610258,0,0,0,0.0,0.0,0.0,far,0.0,0.0,0.0,0.0,0.0,0.0,0.0,0.0,0.0,0.0,1.0,0.0,0.0,0.0,0.0
55233,3,1.3775,5.0,52.0,172840.0,79.34958,80.722336,200367.02,318424.75,1,1.0,0.0,200.36702,5.305129,12.060121590045869,4.386387,4.3910155,0.6242954930558955,1.0,1.0,1.0,1.0,0.8660495,0.02448237,36.18036477013761,15.915387,1,1,0,1.0,1.0,0.0,far,0.0,0.0,0.0,0.0,0.0,0.0,0.0,0.0,0.0,0.0,1.0,1.0,0.0,1.0,0.0
55233,4,1.2033334,5.0,52.0,172840.0,85.91164,90.31593,200367.02,318424.75,1,1.0,0.0,200.36702,5.305129,12.060121590045869,4.464892,4.503314,0.6242954930558955,1.0,1.0,1.0,1.0,0.78997135,-0.07607818,48.240486360183475,21.220516,1,1,0,1.0,1.0,0.0,far,0.0,0.0,0.0,0.0,0.0,0.0,0.0,0.0,0.0,0.0,1.0,1.0,0.0,1.0,0.0
55233,5,1.2466667,5.0,52.0,172840.0,80.14731,86.58845,200367.02,318424.75,1,1.0,0.0,200.36702,5.305129,12.060121590045869,4.396266,4.4611664,0.6242954930558955,1.0,1.0,1.0,1.0,0.80944765,0.019476295,60.30060795022934,26.525646,1,0,1,1.0,0.0,1.0,far,0.0,0.0,0.0,0.0,0.0,0.0,0.0,0.0,0.0,0.0,1.0,0.0,1.0,0.0,1.0
55233,6,1.88,5.0,52.0,172840.0,76.78434,84.85559,200367.02,318424.75,1,1.0,0.0,200.36702,5.305129,12.060121590045869,4.35394,4.440951,0.6242954930558955,1.0,1.0,1.0,1.0,1.0577903,0.24834263,72.36072954027522,31.830774,1,0,1,1.0,0.0,1.0,far,0.0,0.0,0.0,0.0,0.0,0.0,0.0,0.0,0.0,0.0,1.0,0.0,1.0,0.0,1.0
55233,7,1.9849999,5.0,52.0,172840.0,79.301605,92.18123,200367.02,318424.75,1,1.0,0.0,200.36702,5.305129,12.060121590045869,4.38579,4.5237565,0.6242954930558955,1.0,1.0,1.0,1.0,1.0935997,0.035809398,84.42085113032108,37.135902,1,0,1,1.0,0.0,1.0,far,0.0,0.0,0.0,0.0,0.0,0.0,0.0,0.0,0.0,0.0,1.0,0.0,1.0,0.0,1.0
55239,1,1.3133334,5.0,52.0,188320.0,56.23544,64.27042,183425.22,301290.4,1,1.0,0.0,183.42522,5.217244,12.145897922494104,4.0471735,4.1630993,0.6152786657357513,1.0,1.0,1.0,1.0,0.83868957,,12.145897922494104,5.217244,0,0,0,0.0,0.0,0.0,far,0.0,0.0,0.0,0.0,0.0,0.0,0.0,0.0,0.0,0.0,1.0,0.0,0.0,0.0,0.0
55239,2,1.3333334,5.0,52.0,188320.0,60.24687,67.15195,183425.22,301290.4,1,1.0,0.0,183.42522,5.217244,12.145897922494104,4.1149125,4.206958,0.6152786657357513,1.0,1.0,1.0,1.0,0.8472979,0.008608341,24.291795844988208,10.434488,0,0,0,0.0,0.0,0.0,far,0.0,0.0,0.0,0.0,0.0,0.0,0.0,0.0,0.0,0.0,1.0,0.0,0.0,0.0,0.0
55239,3,1.8325,5.0,52.0,188320.0,68.24976,68.713394,183425.22,301290.4,1,1.0,0.0,183.42522,5.217244,12.145897922494104,4.2377195,4.229944,0.6152786657357513,1.0,1.0,1.0,1.0,1.0411596,0.19386172,36.437693767482315,15.651732,1,1,0,1.0,1.0,0.0,far,0.0,0.0,0.0,0.0,0.0,0.0,0.0,0.0,0.0,0.0,1.0,1.0,0.0,1.0,0.0
55239,4,1.6,5.0,52.0,188320.0,74.40824,77.2331,183425.22,301290.4,1,1.0,0.0,183.42522,5.217244,12.145897922494104,4.3229165,4.346828,0.6152786657357513,1.0,1.0,1.0,1.0,0.9555114,-0.08564824,48.583591689976416,20.868977,1,1,0,1.0,1.0,0.0,far,0.0,0.0,0.0,0.0,0.0,0.0,0.0,0.0,0.0,0.0,1.0,1.0,0.0,1.0,0.0
55239,5,1.5033333,5.0,52.0,188320.0,68.50012,73.09785,183425.22,301290.4,1,1.0,0.0,183.42522,5.217244,12.145897922494104,4.2413287,4.291799,0.6152786657357513,1.0,1.0,1.0,1.0,0.91762316,-0.03788823,60.729489612470516,26.08622,1,0,1,1.0,0.0,1.0,far,0.0,0.0,0.0,0.0,0.0,0.0,0.0,0.0,0.0,0.0,1.0,0.0,1.0,0.0,1.0
55239,6,2.8966668,5.0,52.0,188320.0,65.109146,71.06211,183425.22,301290.4,1,1.0,0.0,183.42522,5.217244,12.145897922494104,4.191307,4.263554,0.6152786657357513,1.0,1.0,1.0,1.0,1.3601215,0.44249833,72.87538753496463,31.303465,1,0,1,1.0,0.0,1.0,far,0.0,0.0,0.0,0.0,0.0,0.0,0.0,0.0,0.0,0.0,1.0,0.0,1.0,0.0,1.0
55239,7,3.04,5.0,52.0,188320.0,67.2879,77.07612,183425.22,301290.4,1,1.0,0.0,183.42522,5.217244,12.145897922494104,4.2237325,4.3447933,0.6152786657357513,1.0,1.0,1.0,1.0,1.3962446,0.036123157,85.02128545745873,36.52071,1,0,1,1.0,0.0,1.0,far,0.0,0.0,0.0,0.0,0.0,0.0,0.0,0.0,0.0,0.0,1.0,0.0,1.0,0.0,1.0
55255,1,2.6966667,5.0,52.0,262350.0,52.705368,59.66792,166822.83,283527.34,1,1.0,0.0,166.82283,5.1229086,12.477434769114858,3.9835129,4.0887947,0.6232945138007234,1.0,1.0,1.0,1.0,1.3074316,,12.477434769114858,5.1229086,0,0,0,0.0,0.0,0.0,far,0.0,0.0,0.0,0.0,0.0,0.0,0.0,0.0,0.0,0.0,1.0,0.0,0.0,0.0,0.0
55255,2,3.0033333,5.0,52.0,262350.0,55.88377,61.771656,166822.83,283527.34,1,1.0,0.0,166.82283,5.1229086,12.477434769114858,4.04101,4.1234446,0.6232945138007234,1.0,1.0,1.0,1.0,1.3871273,0.0796957,24.954869538229715,10.245817,0,0,0,0.0,0.0,0.0,far,0.0,0.0,0.0,0.0,0.0,0.0,0.0,0.0,0.0,0.0,1.0,0.0,0.0,0.0,0.0
55255,3,3.56,5.0,52.0,262350.0,64.16833,63.968838,166822.83,283527.34,1,1.0,0.0,166.82283,5.1229086,12.477434769114858,4.176974,4.1583962,0.6232945138007234,1.0,1.0,1.0,1.0,1.5173227,0.13019538,37.43230430734457,15.368726,1,1,0,1.0,1.0,0.0,far,0.0,0.0,0.0,0.0,0.0,0.0,0.0,0.0,0.0,0.0,1.0,1.0,0.0,1.0,0.0
55255,4,3.3799999,5.0,52.0,262350.0,70.49184,72.09309,166822.83,283527.34,1,1.0,0.0,166.82283,5.1229086,12.477434769114858,4.269583,4.2779584,0.6232945138007234,1.0,1.0,1.0,1.0,1.4770488,-0.040273905,49.90973907645943,20.491634,1,1,0,1.0,1.0,0.0,far,0.0,0.0,0.0,0.0,0.0,0.0,0.0,0.0,0.0,0.0,1.0,1.0,0.0,1.0,0.0
55255,5,2.8533332,5.0,52.0,262350.0,64.32504,67.45566,166822.83,283527.34,1,1.0,0.0,166.82283,5.1229086,12.477434769114858,4.1793756,4.2114706,0.6232945138007234,1.0,1.0,1.0,1.0,1.3489386,-0.12811017,62.38717384557429,25.614544,1,0,1,1.0,0.0,1.0,far,0.0,0.0,0.0,0.0,0.0,0.0,0.0,0.0,0.0,0.0,1.0,0.0,1.0,0.0,1.0
55255,6,4.0833335,5.0,52.0,262350.0,61.04055,65.38617,166822.83,283527.34,1,1.0,0.0,166.82283,5.1229086,12.477434769114858,4.127788,4.1803107,0.6232945138007234,1.0,1.0,1.0,1.0,1.6259673,0.27702868,74.86460861468915,30.737452,1,0,1,1.0,0.0,1.0,far,0.0,0.0,0.0,0.0,0.0,0.0,0.0,0.0,0.0,0.0,1.0,0.0,1.0,0.0,1.0
55255,7,4.785,5.0,52.0,262350.0,63.060017,71.11893,166822.83,283527.34,1,1.0,0.0,166.82283,5.1229086,12.477434769114858,4.1598206,4.2643538,0.6232945138007234,1.0,1.0,1.0,1.0,1.7552683,0.12930107,87.342043383804,35.86036,1,0,1,1.0,0.0,1.0,far,0.0,0.0,0.0,0.0,0.0,0.0,0.0,0.0,0.0,0.0,1.0,0.0,1.0,0.0,1.0
55270,1,1.3133334,5.0,52.0,156460.0,64.489555,74.23449,228079.0,346218.94,1,1.0,0.0,228.079,5.434067,11.960555665239072,4.1818905,4.307229,0.639270264599676,1.0,1.0,1.0,1.0,0.83868957,,11.960555665239072,5.434067,0,0,0,0.0,0.0,0.0,far,0.0,0.0,0.0,0.0,0.0,0.0,0.0,0.0,0.0,0.0,1.0,0.0,0.0,0.0,0.0
55270,2,1.2766666,5.0,52.0,156460.0,69.71369,78.28513,228079.0,346218.94,1,1.0,0.0,228.079,5.434067,11.960555665239072,4.2586393,4.3603578,0.639270264599676,1.0,1.0,1.0,1.0,0.82271236,-0.015977204,23.921111330478144,10.868134,0,0,0,0.0,0.0,0.0,far,0.0,0.0,0.0,0.0,0.0,0.0,0.0,0.0,0.0,0.0,1.0,0.0,0.0,0.0,0.0
55270,3,1.505,5.0,52.0,156460.0,77.020035,78.7382,228079.0,346218.94,1,1.0,0.0,228.079,5.434067,11.960555665239072,4.3569655,4.3661284,0.639270264599676,1.0,1.0,1.0,1.0,0.9182888,0.095576465,35.88166699571722,16.3022,1,1,0,1.0,1.0,0.0,far,0.0,0.0,0.0,0.0,0.0,0.0,0.0,0.0,0.0,0.0,1.0,1.0,0.0,1.0,0.0
55270,4,1.48,5.0,52.0,156460.0,82.90492,87.426575,228079.0,346218.94,1,1.0,0.0,228.079,5.434067,11.960555665239072,4.429684,4.4707994,0.639270264599676,1.0,1.0,1.0,1.0,0.90825856,-0.01003027,47.84222266095629,21.736267,1,1,0,1.0,1.0,0.0,far,0.0,0.0,0.0,0.0,0.0,0.0,0.0,0.0,0.0,0.0,1.0,1.0,0.0,1.0,0.0
55270,5,1.43,5.0,52.0,156460.0,77.69969,84.51333,228079.0,346218.94,1,1.0,0.0,228.079,5.434067,11.960555665239072,4.365639,4.436909,0.639270264599676,1.0,1.0,1.0,1.0,0.8878912,-0.020367384,59.80277832619536,27.170334,1,0,1,1.0,0.0,1.0,far,0.0,0.0,0.0,0.0,0.0,0.0,0.0,0.0,0.0,0.0,1.0,0.0,1.0,0.0,1.0
55270,6,2.08,5.0,52.0,156460.0,74.232,82.61725,228079.0,346218.94,1,1.0,0.0,228.079,5.434067,11.960555665239072,4.3205767,4.4142184,0.639270264599676,1.0,1.0,1.0,1.0,1.1249295,0.23703837,71.76333399143444,32.6044,1,0,1,1.0,0.0,1.0,far,0.0,0.0,0.0,0.0,0.0,0.0,0.0,0.0,0.0,0.0,1.0,0.0,1.0,0.0,1.0
55270,7,2.5149999,5.0,52.0,156460.0,76.95482,89.93114,228079.0,346218.94,1,1.0,0.0,228.079,5.434067,11.960555665239072,4.3561296,4.4990444,0.639270264599676,1.0,1.0,1.0,1.0,1.2570395,0.13211,83.7238896566735,38.038467,1,0,1,1.0,0.0,1.0,far,0.0,0.0,0.0,0.0,0.0,0.0,0.0,0.0,0.0,0.0,1.0,0.0,1.0,0.0,1.0
56403,1,1.3033333,5.0,64.0,168480.0,34.29998,37.828846,83070.84,183821.64,1,1.0,0.0,83.07085,4.4316597,12.034572327367803,3.5638824,3.633072,0.4631269826419356,1.0,1.0,1.0,1.0,0.8343573,,12.034572327367803,4.4316597,0,0,0,0.0,0.0,0.0,near,1.0,0.0,0.0,0.0,0.0,0.0,0.0,0.0,0.0,0.0,0.0,0.0,0.0,0.0,0.0
56403,2,1.3,5.0,64.0,168480.0,36.15133,38.25215,83070.84,183821.64,1,1.0,0.0,83.07085,4.4316597,12.034572327367803,3.6149995,3.6441998,0.4631269826419356,1.0,1.0,1.0,1.0,0.8329091,-0.001448214,24.069144654735606,8.863319,0,0,0,0.0,0.0,0.0,near,1.0,0.0,0.0,0.0,0.0,0.0,0.0,0.0,0.0,0.0,0.0,0.0,0.0,0.0,0.0
56403,3,1.2725,5.0,64.0,168480.0,41.78926,42.217644,83070.84,183821.64,1,1.0,0.0,83.07085,4.4316597,12.034572327367803,3.756287,3.7428384,0.4631269826419356,1.0,1.0,1.0,1.0,0.8208806,-0.012028515,36.10371698210341,13.294979,1,1,0,1.0,1.0,0.0,near,1.0,1.0,0.0,1.0,0.0,0.0,0.0,0.0,0.0,0.0,0.0,0.0,0.0,0.0,0.0
56403,4,1.3033333,5.0,64.0,168480.0,45.390816,43.98852,83070.84,183821.64,1,1.0,0.0,83.07085,4.4316597,12.034572327367803,3.8371015,3.7839289,0.4631269826419356,1.0,1.0,1.0,1.0,0.8343573,0.013476729,48.13828930947121,17.726639,1,1,0,1.0,1.0,0.0,near,1.0,1.0,0.0,1.0,0.0,0.0,0.0,0.0,0.0,0.0,0.0,0.0,0.0,0.0,0.0
56403,5,1.2066667,5.0,64.0,168480.0,44.41964,46.46423,83070.84,183821.64,1,1.0,0.0,83.07085,4.4316597,12.034572327367803,3.8159447,3.8386827,0.4631269826419356,1.0,1.0,1.0,1.0,0.7914831,-0.042874217,60.172861636839016,22.158298,1,0,1,1.0,0.0,1.0,near,1.0,0.0,1.0,0.0,1.0,0.0,0.0,0.0,0.0,0.0,0.0,0.0,0.0,0.0,0.0
56403,6,1.2166667,5.0,64.0,168480.0,37.909245,39.275753,83070.84,183821.64,1,1.0,0.0,83.07085,4.4316597,12.034572327367803,3.661232,3.6706073,0.4631269826419356,1.0,1.0,1.0,1.0,0.7960046,0.004521489,72.20743396420681,26.589958,1,0,1,1.0,0.0,1.0,near,1.0,0.0,1.0,0.0,1.0,0.0,0.0,0.0,0.0,0.0,0.0,0.0,0.0,0.0,0.0
56403,7,1.295,5.0,64.0,168480.0,41.429543,45.989838,83070.84,183821.64,1,1.0,0.0,83.07085,4.4316597,12.034572327367803,3.747845,3.8284204,0.4631269826419356,1.0,1.0,1.0,1.0,0.8307329,0.03472829,84.24200629157463,31.021618,1,0,1,1.0,0.0,1.0,near,1.0,0.0,1.0,0.0,1.0,0.0,0.0,0.0,0.0,0.0,0.0,0.0,0.0,0.0,0.0
56406,1,1.8233334,5.0,64.0,177080.0,32.331116,36.679745,104871.37,215848.44,1,1.0,0.0,104.87137,4.662225,12.084356886846077,3.5064914,3.6022246,0.5096946037259442,1.0,1.0,1.0,1.0,1.0379182,,12.084356886846077,4.662225,0,0,0,0.0,0.0,0.0,mid,0.0,0.0,0.0,0.0,0.0,1.0,0.0,0.0,0.0,0.0,0.0,0.0,0.0,0.0,0.0
56406,2,2.04,5.0,64.0,177080.0,34.846992,37.536297,104871.37,215848.44,1,1.0,0.0,104.87137,4.662225,12.084356886846077,3.5792596,3.6253083,0.5096946037259442,1.0,1.0,1.0,1.0,1.1118575,0.07393932,24.168713773692154,9.32445,0,0,0,0.0,0.0,0.0,mid,0.0,0.0,0.0,0.0,0.0,1.0,0.0,0.0,0.0,0.0,0.0,0.0,0.0,0.0,0.0
56406,3,1.9,5.0,64.0,177080.0,40.02519,40.892204,104871.37,215848.44,1,1.0,0.0,104.87137,4.662225,12.084356886846077,3.7141862,3.7109394,0.5096946037259442,1.0,1.0,1.0,1.0,1.0647107,-0.047146797,36.25307066053823,13.986674,1,1,0,1.0,1.0,0.0,mid,0.0,0.0,0.0,0.0,0.0,1.0,1.0,0.0,1.0,0.0,0.0,0.0,0.0,0.0,0.0
56406,4,2.13,5.0,64.0,177080.0,43.440533,43.221733,104871.37,215848.44,1,1.0,0.0,104.87137,4.662225,12.084356886846077,3.794152,3.7663436,0.5096946037259442,1.0,1.0,1.0,1.0,1.141033,0.07632232,48.33742754738431,18.6489,1,1,0,1.0,1.0,0.0,mid,0.0,0.0,0.0,0.0,0.0,1.0,1.0,0.0,1.0,0.0,0.0,0.0,0.0,0.0,0.0
56406,5,2.2233334,5.0,64.0,177080.0,42.32011,45.6203,104871.37,215848.44,1,1.0,0.0,104.87137,4.662225,12.084356886846077,3.768617,3.8203528,0.5096946037259442,1.0,1.0,1.0,1.0,1.170416,0.029382944,60.42178443423039,23.311123,1,0,1,1.0,0.0,1.0,mid,0.0,0.0,0.0,0.0,0.0,1.0,0.0,1.0,0.0,1.0,0.0,0.0,0.0,0.0,0.0
56406,6,2.59,5.0,64.0,177080.0,36.027233,38.522358,104871.37,215848.44,1,1.0,0.0,104.87137,4.662225,12.084356886846077,3.6116538,3.651239,0.5096946037259442,1.0,1.0,1.0,1.0,1.2781522,0.10773623,72.50614132107646,27.973349,1,0,1,1.0,0.0,1.0,mid,0.0,0.0,0.0,0.0,0.0,1.0,0.0,1.0,0.0,1.0,0.0,0.0,0.0,0.0,0.0
56406,7,2.205,5.0,64.0,177080.0,39.613674,44.87236,104871.37,215848.44,1,1.0,0.0,104.87137,4.662225,12.084356886846077,3.704105,3.803822,0.5096946037259442,1.0,1.0,1.0,1.0,1.1647121,-0.113440156,84.59049820792254,32.635574,1,0,1,1.0,0.0,1.0,mid,0.0,0.0,0.0,0.0,0.0,1.0,0.0,1.0,0.0,1.0,0.0,0.0,0.0,0.0,0.0
56428,1,1.3066666,5.0,64.0,150190.0,34.038494,39.269867,125425.516,237473.03,1,1.0,0.0,125.425514,4.8396535,11.919656438199626,3.5564473,3.6704574,0.5296379715769846,1.0,1.0,1.0,1.0,0.83580345,,11.919656438199626,4.8396535,0,0,0,0.0,0.0,0.0,mid,0.0,0.0,0.0,0.0,0.0,1.0,0.0,0.0,0.0,0.0,0.0,0.0,0.0,0.0,0.0
56428,2,1.2266667,5.0,64.0,150190.0,37.14994,41.18247,125425.516,237473.03,1,1.0,0.0,125.425514,4.8396535,11.919656438199626,3.6415243,3.7180126,0.5296379715769846,1.0,1.0,1.0,1.0,0.8005057,-0.03529775,23.83931287639925,9.679307,0,0,0,0.0,0.0,0.0,mid,0.0,0.0,0.0,0.0,0.0,1.0,0.0,0.0,0.0,0.0,0.0,0.0,0.0,0.0,0.0
56428,3,1.22,5.0,64.0,150190.0,43.7307,44.882477,125425.516,237473.03,1,1.0,0.0,125.425514,4.8396535,11.919656438199626,3.8006601,3.8040473,0.5296379715769846,1.0,1.0,1.0,1.0,0.7975072,-0.0029984713,35.75896931459888,14.518961,1,1,0,1.0,1.0,0.0,mid,0.0,0.0,0.0,0.0,0.0,1.0,1.0,0.0,1.0,0.0,0.0,0.0,0.0,0.0,0.0
56428,4,1.17,5.0,64.0,150190.0,47.737976,49.00998,125425.516,237473.03,1,1.0,0.0,125.425514,4.8396535,11.919656438199626,3.8864586,3.892024,0.5296379715769846,1.0,1.0,1.0,1.0,0.7747272,-0.022780001,47.6786257527985,19.358614,1,1,0,1.0,1.0,0.0,mid,0.0,0.0,0.0,0.0,0.0,1.0,1.0,0.0,1.0,0.0,0.0,0.0,0.0,0.0,0.0
56428,5,1.12,5.0,64.0,150190.0,44.589314,48.046192,125425.516,237473.03,1,1.0,0.0,125.425514,4.8396535,11.919656438199626,3.8196733,3.8721628,0.5296379715769846,1.0,1.0,1.0,1.0,0.751416,-0.023311198,59.59828219099813,24.198267,1,0,1,1.0,0.0,1.0,mid,0.0,0.0,0.0,0.0,0.0,1.0,0.0,1.0,0.0,1.0,0.0,0.0,0.0,0.0,0.0
56428,6,1.1533333,5.0,64.0,150190.0,39.91581,43.629562,125425.516,237473.03,1,1.0,0.0,125.425514,4.8396535,11.919656438199626,3.7115166,3.775735,0.5296379715769846,1.0,1.0,1.0,1.0,0.76701695,0.01560092,71.51793862919776,29.037922,1,0,1,1.0,0.0,1.0,mid,0.0,0.0,0.0,0.0,0.0,1.0,0.0,1.0,0.0,1.0,0.0,0.0,0.0,0.0,0.0
56428,7,1.175,5.0,64.0,150190.0,42.50267,48.64022,125425.516,237473.03,1,1.0,0.0,125.425514,4.8396535,11.919656438199626,3.7728224,3.884451,0.5296379715769846,1.0,1.0,1.0,1.0,0.7770287,0.010011733,83.43759506739738,33.877575,1,0,1,1.0,0.0,1.0,mid,0.0,0.0,0.0,0.0,0.0,1.0,0.0,1.0,0.0,1.0,0.0,0.0,0.0,0.0,0.0
56447,1,1.3433334,5.0,64.0,331250.0,32.04655,36.291477,114062.56,213428.27,1,1.0,0.0,114.06256,4.745476,12.71062865628257,3.4979172,3.591583,0.5736703041728635,1.0,1.0,1.0,1.0,0.85157436,,12.71062865628257,4.745476,0,0,0,0.0,0.0,0.0,mid,0.0,0.0,0.0,0.0,0.0,1.0,0.0,0.0,0.0,0.0,0.0,0.0,0.0,0.0,0.0
56447,2,1.76,5.0,64.0,331250.0,34.463165,36.959854,114062.56,213428.27,1,1.0,0.0,114.06256,4.745476,12.71062865628257,3.5684946,3.6098323,0.5736703041728635,1.0,1.0,1.0,1.0,1.0152307,0.1636563,25.42125731256514,9.490952,0,0,0,0.0,0.0,0.0,mid,0.0,0.0,0.0,0.0,0.0,1.0,0.0,0.0,0.0,0.0,0.0,0.0,0.0,0.0,0.0
56447,3,1.3175,5.0,64.0,331250.0,39.407604,40.305702,114062.56,213428.27,1,1.0,0.0,114.06256,4.745476,12.71062865628257,3.699018,3.696493,0.5736703041728635,1.0,1.0,1.0,1.0,0.8404891,-0.17474157,38.13188596884771,14.236427,1,1,0,1.0,1.0,0.0,mid,0.0,0.0,0.0,0.0,0.0,1.0,1.0,0.0,1.0,0.0,0.0,0.0,0.0,0.0,0.0
56447,4,1.4533334,5.0,64.0,331250.0,42.724297,42.31107,114062.56,213428.27,1,1.0,0.0,114.06256,4.745476,12.71062865628257,3.777904,3.7450488,0.5736703041728635,1.0,1.0,1.0,1.0,0.89744765,0.056958556,50.84251462513028,18.981903,1,1,0,1.0,1.0,0.0,mid,0.0,0.0,0.0,0.0,0.0,1.0,1.0,0.0,1.0,0.0,0.0,0.0,0.0,0.0,0.0
56447,5,1.31,5.0,64.0,331250.0,41.94191,45.2327,114062.56,213428.27,1,1.0,0.0,114.06256,4.745476,12.71062865628257,3.7598484,3.8118203,0.5736703041728635,1.0,1.0,1.0,1.0,0.8372475,-0.060200155,63.553143281412844,23.727379,1,0,1,1.0,0.0,1.0,mid,0.0,0.0,0.0,0.0,0.0,1.0,0.0,1.0,0.0,1.0,0.0,0.0,0.0,0.0,0.0
56447,6,1.35,5.0,64.0,331250.0,35.379135,37.69951,114062.56,213428.27,1,1.0,0.0,114.06256,4.745476,12.71062865628257,3.5939953,3.629647,0.5736703041728635,1.0,1.0,1.0,1.0,0.8544153,0.017167807,76.26377193769542,28.472855,1,0,1,1.0,0.0,1.0,mid,0.0,0.0,0.0,0.0,0.0,1.0,0.0,1.0,0.0,1.0,0.0,0.0,0.0,0.0,0.0
56447,7,1.28,5.0,64.0,331250.0,39.132175,44.25651,114062.56,213428.27,1,1.0,0.0,114.06256,4.745476,12.71062865628257,3.6921785,3.7900026,0.5736703041728635,1.0,1.0,1.0,1.0,0.8241754,-0.03023988,88.97440059397799,33.21833,1,0,1,1.0,0.0,1.0,mid,0.0,0.0,0.0,0.0,0.0,1.0,0.0,1.0,0.0,1.0,0.0,0.0,0.0,0.0,0.0
56450,1,2.1266668,5.0,64.0,232130.0,32.04655,36.291477,117238.445,223530.31,1,1.0,0.0,117.23845,4.772703,12.355052838541493,3.4979172,3.591583,0.5512082179715182,1.0,1.0,1.0,1.0,1.1399676,,12.355052838541493,4.772703,0,0,0,0.0,0.0,0.0,mid,0.0,0.0,0.0,0.0,0.0,1.0,0.0,0.0,0.0,0.0,0.0,0.0,0.0,0.0,0.0
56450,2,2.67,5.0,64.0,232130.0,34.463165,36.959854,117238.445,223530.31,1,1.0,0.0,117.23845,4.772703,12.355052838541493,3.5684946,3.6098323,0.5512082179715182,1.0,1.0,1.0,1.0,1.3001916,0.16022408,24.710105677082986,9.545406,0,0,0,0.0,0.0,0.0,mid,0.0,0.0,0.0,0.0,0.0,1.0,0.0,0.0,0.0,0.0,0.0,0.0,0.0,0.0,0.0
56450,3,2.0725,5.0,64.0,232130.0,39.407604,40.305702,117238.445,223530.31,1,1.0,0.0,117.23845,4.772703,12.355052838541493,3.699018,3.696493,0.5512082179715182,1.0,1.0,1.0,1.0,1.1224916,-0.17770004,37.065158515624475,14.3181095,1,1,0,1.0,1.0,0.0,mid,0.0,0.0,0.0,0.0,0.0,1.0,1.0,0.0,1.0,0.0,0.0,0.0,0.0,0.0,0.0
56450,4,2.28,5.0,64.0,232130.0,42.724297,42.31107,117238.445,223530.31,1,1.0,0.0,117.23845,4.772703,12.355052838541493,3.777904,3.7450488,0.5512082179715182,1.0,1.0,1.0,1.0,1.1878434,0.065351844,49.42021135416597,19.090813,1,1,0,1.0,1.0,0.0,mid,0.0,0.0,0.0,0.0,0.0,1.0,1.0,0.0,1.0,0.0,0.0,0.0,0.0,0.0,0.0
56450,5,2.04,5.0,64.0,232130.0,41.94191,45.2327,117238.445,223530.31,1,1.0,0.0,117.23845,4.772703,12.355052838541493,3.7598484,3.8118203,0.5512082179715182,1.0,1.0,1.0,1.0,1.1118575,-0.07598591,61.77526419270747,23.863516,1,0,1,1.0,0.0,1.0,mid,0.0,0.0,0.0,0.0,0.0,1.0,0.0,1.0,0.0,1.0,0.0,0.0,0.0,0.0,0.0
56450,6,2.38,5.0,64.0,232130.0,35.379135,37.69951,117238.445,223530.31,1,1.0,0.0,117.23845,4.772703,12.355052838541493,3.5939953,3.629647,0.5512082179715182,1.0,1.0,1.0,1.0,1.2178757,0.106018186,74.13031703124895,28.636219,1,0,1,1.0,0.0,1.0,mid,0.0,0.0,0.0,0.0,0.0,1.0,0.0,1.0,0.0,1.0,0.0,0.0,0.0,0.0,0.0
56450,7,2.29,5.0,64.0,232130.0,39.132175,44.25651,117238.445,223530.31,1,1.0,0.0,117.23845,4.772703,12.355052838541493,3.6921785,3.7900026,0.5512082179715182,1.0,1.0,1.0,1.0,1.1908876,-0.026988149,86.48536986979045,33.40892,1,0,1,1.0,0.0,1.0,mid,0.0,0.0,0.0,0.0,0.0,1.0,0.0,1.0,0.0,1.0,0.0,0.0,0.0,0.0,0.0
56460,1,5.9166665,5.0,64.0,327210.0,32.04655,36.291477,99413.83,205243.8,1,1.0,0.0,99.413826,4.6093,12.698357445590899,3.4979172,3.591583,0.5478622802014015,1.0,1.0,1.0,1.0,1.933934,,12.698357445590899,4.6093,0,0,0,0.0,0.0,0.0,mid,0.0,0.0,0.0,0.0,0.0,1.0,0.0,0.0,0.0,0.0,0.0,0.0,0.0,0.0,0.0
56460,2,7.0666666,5.0,64.0,327210.0,34.463165,36.959854,99413.83,205243.8,1,1.0,0.0,99.413826,4.6093,12.698357445590899,3.5684946,3.6098323,0.5478622802014015,1.0,1.0,1.0,1.0,2.0877404,0.15380645,25.396714891181798,9.2186,0,0,0,0.0,0.0,0.0,mid,0.0,0.0,0.0,0.0,0.0,1.0,0.0,0.0,0.0,0.0,0.0,0.0,0.0,0.0,0.0
56460,3,6.0550003,5.0,64.0,327210.0,39.407604,40.305702,99413.83,205243.8,1,1.0,0.0,99.413826,4.6093,12.698357445590899,3.699018,3.696493,0.5478622802014015,1.0,1.0,1.0,1.0,1.9537367,-0.13400376,38.095072336772695,13.8279,1,1,0,1.0,1.0,0.0,mid,0.0,0.0,0.0,0.0,0.0,1.0,1.0,0.0,1.0,0.0,0.0,0.0,0.0,0.0,0.0
56460,4,5.77,5.0,64.0,327210.0,42.724297,42.31107,99413.83,205243.8,1,1.0,0.0,99.413826,4.6093,12.698357445590899,3.777904,3.7450488,0.5478622802014015,1.0,1.0,1.0,1.0,1.9125011,-0.041235566,50.793429782363596,18.4372,1,1,0,1.0,1.0,0.0,mid,0.0,0.0,0.0,0.0,0.0,1.0,1.0,0.0,1.0,0.0,0.0,0.0,0.0,0.0,0.0
56460,5,4.7866664,5.0,64.0,327210.0,41.94191,45.2327,99413.83,205243.8,1,1.0,0.0,99.413826,4.6093,12.698357445590899,3.7598484,3.8118203,0.5478622802014015,1.0,1.0,1.0,1.0,1.7555563,-0.15694475,63.4917872279545,23.046501,1,0,1,1.0,0.0,1.0,mid,0.0,0.0,0.0,0.0,0.0,1.0,0.0,1.0,0.0,1.0,0.0,0.0,0.0,0.0,0.0
56460,6,6.7066665,5.0,64.0,327210.0,35.379135,37.69951,99413.83,205243.8,1,1.0,0.0,99.413826,4.6093,12.698357445590899,3.5939953,3.629647,0.5478622802014015,1.0,1.0,1.0,1.0,2.0420856,0.2865293,76.19014467354539,27.6558,1,0,1,1.0,0.0,1.0,mid,0.0,0.0,0.0,0.0,0.0,1.0,0.0,1.0,0.0,1.0,0.0,0.0,0.0,0.0,0.0
56460,7,7.3999996,5.0,64.0,327210.0,39.132175,44.25651,99413.83,205243.8,1,1.0,0.0,99.413826,4.6093,12.698357445590899,3.6921785,3.7900026,0.5478622802014015,1.0,1.0,1.0,1.0,2.1282318,0.086146116,88.88850211913629,32.265102,1,0,1,1.0,0.0,1.0,mid,0.0,0.0,0.0,0.0,0.0,1.0,0.0,1.0,0.0,1.0,0.0,0.0,0.0,0.0,0.0
56469,1,1.1933334,5.0,64.0,193190.0,31.285477,35.57377,132429.33,231667.94,1,1.0,0.0,132.42932,4.893572,12.1714294395866,3.4746175,3.5716085,0.5591212695325525,1.0,1.0,1.0,1.0,0.7854225,,12.1714294395866,4.893572,0,0,0,0.0,0.0,0.0,far,0.0,0.0,0.0,0.0,0.0,0.0,0.0,0.0,0.0,0.0,1.0,0.0,0.0,0.0,0.0
56469,2,1.3966666,5.0,64.0,193190.0,33.876987,36.39348,132429.33,231667.94,1,1.0,0.0,132.42932,4.893572,12.1714294395866,3.5518272,3.5943897,0.5591212695325525,1.0,1.0,1.0,1.0,0.87407887,0.088656366,24.3428588791732,9.787144,0,0,0,0.0,0.0,0.0,far,0.0,0.0,0.0,0.0,0.0,0.0,0.0,0.0,0.0,0.0,1.0,0.0,0.0,0.0,0.0
56469,3,1.3025,5.0,64.0,193190.0,38.581425,39.65518,132429.33,231667.94,1,1.0,0.0,132.42932,4.893572,12.1714294395866,3.67836,3.6802216,0.5591212695325525,1.0,1.0,1.0,1.0,0.8339955,-0.04008335,36.514288318759796,14.680716,1,1,0,1.0,1.0,0.0,far,0.0,0.0,0.0,0.0,0.0,0.0,0.0,0.0,0.0,0.0,1.0,1.0,0.0,1.0,0.0
56469,4,1.2766666,5.0,64.0,193190.0,41.7088,41.665672,132429.33,231667.94,1,1.0,0.0,132.42932,4.893572,12.1714294395866,3.754405,3.7296777,0.5591212695325525,1.0,1.0,1.0,1.0,0.82271236,-0.011283159,48.6857177583464,19.574287,1,1,0,1.0,1.0,0.0,far,0.0,0.0,0.0,0.0,0.0,0.0,0.0,0.0,0.0,0.0,1.0,1.0,0.0,1.0,0.0
56469,5,1.1566666,5.0,64.0,193190.0,41.0432,44.76643,132429.33,231667.94,1,1.0,0.0,132.42932,4.893572,12.1714294395866,3.7386978,3.8014586,0.5591212695325525,1.0,1.0,1.0,1.0,0.76856387,-0.054148495,60.857147197933,24.46786,1,0,1,1.0,0.0,1.0,far,0.0,0.0,0.0,0.0,0.0,0.0,0.0,0.0,0.0,0.0,1.0,0.0,1.0,0.0,1.0
56469,6,1.3266667,5.0,64.0,193190.0,34.557343,37.18953,132429.33,231667.94,1,1.0,0.0,132.42932,4.893572,12.1714294395866,3.5711467,3.6160274,0.5591212695325525,1.0,1.0,1.0,1.0,0.8444367,0.07587284,73.02857663751959,29.361431,1,0,1,1.0,0.0,1.0,far,0.0,0.0,0.0,0.0,0.0,0.0,0.0,0.0,0.0,0.0,1.0,0.0,1.0,0.0,1.0
56469,7,1.395,5.0,64.0,193190.0,38.22799,43.531776,132429.33,231667.94,1,1.0,0.0,132.42932,4.893572,12.1714294395866,3.6693904,3.7734911,0.5591212695325525,1.0,1.0,1.0,1.0,0.8733832,0.028946519,85.2000060771062,34.255005,1,0,1,1.0,0.0,1.0,far,0.0,0.0,0.0,0.0,0.0,0.0,0.0,0.0,0.0,0.0,1.0,0.0,1.0,0.0,1.0
56475,1,1.32,5.0,64.0,198120.0,34.038494,39.269867,130740.164,239905.03,1,1.0,0.0,130.74016,4.8808317,12.196628186702174,3.5564473,3.6704574,0.558740291616997,1.0,1.0,1.0,1.0,0.8415673,,12.196628186702174,4.8808317,0,0,0,0.0,0.0,0.0,far,0.0,0.0,0.0,0.0,0.0,0.0,0.0,0.0,0.0,0.0,1.0,0.0,0.0,0.0,0.0
56475,2,1.4533333,5.0,64.0,198120.0,37.14994,41.18247,130740.164,239905.03,1,1.0,0.0,130.74016,4.8808317,12.196628186702174,3.6415243,3.7180126,0.558740291616997,1.0,1.0,1.0,1.0,0.89744765,0.055880368,24.39325637340435,9.761663,0,0,0,0.0,0.0,0.0,far,0.0,0.0,0.0,0.0,0.0,0.0,0.0,0.0,0.0,0.0,1.0,0.0,0.0,0.0,0.0
56475,3,1.3775,5.0,64.0,198120.0,43.7307,44.882477,130740.164,239905.03,1,1.0,0.0,130.74016,4.8808317,12.196628186702174,3.8006601,3.8040473,0.558740291616997,1.0,1.0,1.0,1.0,0.8660495,-0.031398118,36.589884560106526,14.642495,1,1,0,1.0,1.0,0.0,far,0.0,0.0,0.0,0.0,0.0,0.0,0.0,0.0,0.0,0.0,1.0,1.0,0.0,1.0,0.0
56475,4,1.38,5.0,64.0,198120.0,47.737976,49.00998,130740.164,239905.03,1,1.0,0.0,130.74016,4.8808317,12.196628186702174,3.8864586,3.892024,0.558740291616997,1.0,1.0,1.0,1.0,0.86710054,0.0010510087,48.7865127468087,19.523327,1,1,0,1.0,1.0,0.0,far,0.0,0.0,0.0,0.0,0.0,0.0,0.0,0.0,0.0,0.0,1.0,1.0,0.0,1.0,0.0
56475,5,1.4733334,5.0,64.0,198120.0,44.589314,48.046192,130740.164,239905.03,1,1.0,0.0,130.74016,4.8808317,12.196628186702174,3.8196733,3.8721628,0.558740291616997,1.0,1.0,1.0,1.0,0.90556675,0.038466215,60.98314093351087,24.40416,1,0,1,1.0,0.0,1.0,far,0.0,0.0,0.0,0.0,0.0,0.0,0.0,0.0,0.0,0.0,1.0,0.0,1.0,0.0,1.0
56475,6,1.5766666,5.0,64.0,198120.0,39.91581,43.629562,130740.164,239905.03,1,1.0,0.0,130.74016,4.8808317,12.196628186702174,3.7115166,3.775735,0.558740291616997,1.0,1.0,1.0,1.0,0.94649655,0.040929794,73.17976912021305,29.28499,1,0,1,1.0,0.0,1.0,far,0.0,0.0,0.0,0.0,0.0,0.0,0.0,0.0,0.0,0.0,1.0,0.0,1.0,0.0,1.0
56475,7,1.51,5.0,64.0,198120.0,42.50267,48.64022,130740.164,239905.03,1,1.0,0.0,130.74016,4.8808317,12.196628186702174,3.7728224,3.884451,0.558740291616997,1.0,1.0,1.0,1.0,0.9202827,-0.026213825,85.37639730691522,34.16582,1,0,1,1.0,0.0,1.0,far,0.0,0.0,0.0,0.0,0.0,0.0,0.0,0.0,0.0,0.0,1.0,0.0,1.0,0.0,1.0
56479,1,1.0233333,5.0,64.0,97930.0,31.693718,36.287914,142742.55,246433.4,1,1.0,0.0,142.74255,4.968024,11.49200821671484,3.4871829,3.5914848,0.519937670482049,1.0,1.0,1.0,1.0,0.7047463,,11.49200821671484,4.968024,0,0,0,0.0,0.0,0.0,far,0.0,0.0,0.0,0.0,0.0,0.0,0.0,0.0,0.0,0.0,1.0,0.0,0.0,0.0,0.0
56479,2,1.2066667,5.0,64.0,97930.0,34.601597,37.686184,142742.55,246433.4,1,1.0,0.0,142.74255,4.968024,11.49200821671484,3.5723906,3.6292934,0.519937670482049,1.0,1.0,1.0,1.0,0.7914831,0.0867368,22.98401643342968,9.936048,0,0,0,0.0,0.0,0.0,far,0.0,0.0,0.0,0.0,0.0,0.0,0.0,0.0,0.0,0.0,1.0,0.0,0.0,0.0,0.0
56479,3,1.135,5.0,64.0,97930.0,39.818306,40.920097,142742.55,246433.4,1,1.0,0.0,142.74255,4.968024,11.49200821671484,3.7091308,3.7116213,0.519937670482049,1.0,1.0,1.0,1.0,0.75846666,-0.033016443,34.476024650144524,14.904072,1,1,0,1.0,1.0,0.0,far,0.0,0.0,0.0,0.0,0.0,0.0,0.0,0.0,0.0,0.0,1.0,1.0,0.0,1.0,0.0
56479,4,1.0466666,5.0,64.0,97930.0,43.1651,43.744568,142742.55,246433.4,1,1.0,0.0,142.74255,4.968024,11.49200821671484,3.787935,3.7783675,0.519937670482049,1.0,1.0,1.0,1.0,0.71621245,-0.04225421,45.96803286685936,19.872095,1,1,0,1.0,1.0,0.0,far,0.0,0.0,0.0,0.0,0.0,0.0,0.0,0.0,0.0,0.0,1.0,1.0,0.0,1.0,0.0
56479,5,1.0233333,5.0,64.0,97930.0,41.662273,45.442787,142742.55,246433.4,1,1.0,0.0,142.74255,4.968024,11.49200821671484,3.753315,3.8164542,0.519937670482049,1.0,1.0,1.0,1.0,0.7047463,-0.0114661455,57.4600410835742,24.840118,1,0,1,1.0,0.0,1.0,far,0.0,0.0,0.0,0.0,0.0,0.0,0.0,0.0,0.0,0.0,1.0,0.0,1.0,0.0,1.0
56479,6,1.0,5.0,64.0,97930.0,35.93198,39.116646,142742.55,246433.4,1,1.0,0.0,142.74255,4.968024,11.49200821671484,3.609078,3.666548,0.519937670482049,1.0,1.0,1.0,1.0,0.6931472,-0.0115991235,68.95204930028905,29.808144,1,0,1,1.0,0.0,1.0,far,0.0,0.0,0.0,0.0,0.0,0.0,0.0,0.0,0.0,0.0,1.0,0.0,1.0,0.0,1.0
56479,7,1.0450001,5.0,64.0,97930.0,39.158974,44.86735,142742.55,246433.4,1,1.0,0.0,142.74255,4.968024,11.49200821671484,3.6928458,3.8037105,0.519937670482049,1.0,1.0,1.0,1.0,0.71539783,0.022250652,80.44405751700388,34.776165,1,0,1,1.0,0.0,1.0,far,0.0,0.0,0.0,0.0,0.0,0.0,0.0,0.0,0.0,0.0,1.0,0.0,1.0,0.0,1.0
56485,1,1.4,5.0,64.0,156670.0,35.551884,38.756584,83080.08,188437.88,1,1.0,0.0,83.08008,4.43177,11.961896961387533,3.5987327,3.6573007,0.45748724130875684,1.0,1.0,1.0,1.0,0.8754688,,11.961896961387533,4.43177,0,0,0,0.0,0.0,0.0,near,1.0,0.0,0.0,0.0,0.0,0.0,0.0,0.0,0.0,0.0,0.0,0.0,0.0,0.0,0.0
56485,2,1.7933333,5.0,64.0,156670.0,37.0892,39.069477,83080.08,188437.88,1,1.0,0.0,83.08008,4.43177,11.961896961387533,3.6399307,3.6653416,0.45748724130875684,1.0,1.0,1.0,1.0,1.0272356,0.15176684,23.923793922775065,8.86354,0,0,0,0.0,0.0,0.0,near,1.0,0.0,0.0,0.0,0.0,0.0,0.0,0.0,0.0,0.0,0.0,0.0,0.0,0.0,0.0
56485,3,1.4425,5.0,64.0,156670.0,43.112404,43.38731,83080.08,188437.88,1,1.0,0.0,83.08008,4.43177,11.961896961387533,3.786741,3.770167,0.45748724130875684,1.0,1.0,1.0,1.0,0.8930222,-0.13421345,35.8856908841626,13.295309,1,1,0,1.0,1.0,0.0,near,1.0,1.0,0.0,1.0,0.0,0.0,0.0,0.0,0.0,0.0,0.0,0.0,0.0,0.0,0.0
56485,4,1.6766667,5.0,64.0,156670.0,46.87222,45.00774,83080.08,188437.88,1,1.0,0.0,83.08008,4.43177,11.961896961387533,3.8685353,3.8068345,0.45748724130875684,1.0,1.0,1.0,1.0,0.9845723,0.09155011,47.84758784555013,17.72708,1,1,0,1.0,1.0,0.0,near,1.0,1.0,0.0,1.0,0.0,0.0,0.0,0.0,0.0,0.0,0.0,0.0,0.0,0.0,0.0
56485,5,1.4066666,5.0,64.0,156670.0,45.796154,47.220387,83080.08,188437.88,1,1.0,0.0,83.08008,4.43177,11.961896961387533,3.845801,3.8548257,0.45748724130875684,1.0,1.0,1.0,1.0,0.8782427,-0.10632962,59.80948480693766,22.15885,1,0,1,1.0,0.0,1.0,near,1.0,0.0,1.0,0.0,1.0,0.0,0.0,0.0,0.0,0.0,0.0,0.0,0.0,0.0,0.0
56485,6,1.5033333,5.0,64.0,156670.0,39.31486,40.212692,83080.08,188437.88,1,1.0,0.0,83.08008,4.43177,11.961896961387533,3.6967201,3.6941826,0.45748724130875684,1.0,1.0,1.0,1.0,0.91762316,0.03938049,71.7713817683252,26.590618,1,0,1,1.0,0.0,1.0,near,1.0,0.0,1.0,0.0,1.0,0.0,0.0,0.0,0.0,0.0,0.0,0.0,0.0,0.0,0.0
56485,7,1.565,5.0,64.0,156670.0,42.705856,46.99337,83080.08,188437.88,1,1.0,0.0,83.08008,4.43177,11.961896961387533,3.777482,3.8500066,0.45748724130875684,1.0,1.0,1.0,1.0,0.9419585,0.024335325,83.73327872971272,31.022388,1,0,1,1.0,0.0,1.0,near,1.0,0.0,1.0,0.0,1.0,0.0,0.0,0.0,0.0,0.0,0.0,0.0,0.0,0.0,0.0
56486,1,1.27,5.0,64.0,116700.0,32.010674,37.19885,148810.0,255802.5,1,1.0,0.0,148.81,5.009368,11.667361818274648,3.496831,3.6162777,0.5412605950642265,1.0,1.0,1.0,1.0,0.8197798,,11.667361818274648,5.009368,0,0,0,0.0,0.0,0.0,far,0.0,0.0,0.0,0.0,0.0,0.0,0.0,0.0,0.0,0.0,1.0,0.0,0.0,0.0,0.0
56486,2,1.28,5.0,64.0,116700.0,35.397427,39.43319,148810.0,255802.5,1,1.0,0.0,148.81,5.009368,11.667361818274648,3.5944982,3.6746078,0.5412605950642265,1.0,1.0,1.0,1.0,0.8241754,0.004395604,23.334723636549295,10.018736,0,0,0,0.0,0.0,0.0,far,0.0,0.0,0.0,0.0,0.0,0.0,0.0,0.0,0.0,0.0,1.0,0.0,0.0,0.0,0.0
56486,3,1.1800001,5.0,64.0,116700.0,41.26473,42.704945,148810.0,255802.5,1,1.0,0.0,148.81,5.009368,11.667361818274648,3.743953,3.7543147,0.5412605950642265,1.0,1.0,1.0,1.0,0.7793249,-0.04485053,35.00208545482394,15.028104,1,1,0,1.0,1.0,0.0,far,0.0,0.0,0.0,0.0,0.0,0.0,0.0,0.0,0.0,0.0,1.0,1.0,0.0,1.0,0.0
56486,4,1.1566666,5.0,64.0,116700.0,44.916965,46.584473,148810.0,255802.5,1,1.0,0.0,148.81,5.009368,11.667361818274648,3.8268347,3.8412673,0.5412605950642265,1.0,1.0,1.0,1.0,0.76856387,-0.010761023,46.66944727309859,20.037472,1,1,0,1.0,1.0,0.0,far,0.0,0.0,0.0,0.0,0.0,0.0,0.0,0.0,0.0,0.0,1.0,1.0,0.0,1.0,0.0
56486,5,1.1166667,5.0,64.0,116700.0,42.265694,46.136078,148810.0,255802.5,1,1.0,0.0,148.81,5.009368,11.667361818274648,3.76736,3.8315952,0.5412605950642265,1.0,1.0,1.0,1.0,0.7498426,-0.018721282,58.33680909137324,25.04684,1,0,1,1.0,0.0,1.0,far,0.0,0.0,0.0,0.0,0.0,0.0,0.0,0.0,0.0,0.0,1.0,0.0,1.0,0.0,1.0
56486,6,1.11,5.0,64.0,116700.0,37.649353,41.776257,148810.0,255802.5,1,1.0,0.0,148.81,5.009368,11.667361818274648,3.65453,3.7323282,0.5412605950642265,1.0,1.0,1.0,1.0,0.746688,-0.0031545758,70.00417090964788,30.056208,1,0,1,1.0,0.0,1.0,far,0.0,0.0,0.0,0.0,0.0,0.0,0.0,0.0,0.0,0.0,1.0,0.0,1.0,0.0,1.0
56486,7,1.155,5.0,64.0,116700.0,40.259987,46.61478,148810.0,255802.5,1,1.0,0.0,148.81,5.009368,11.667361818274648,3.7198932,3.8419178,0.5412605950642265,1.0,1.0,1.0,1.0,0.76779073,0.021102726,81.67153272792254,35.065575,1,0,1,1.0,0.0,1.0,far,0.0,0.0,0.0,0.0,0.0,0.0,0.0,0.0,0.0,0.0,1.0,0.0,1.0,0.0,1.0
56909,1,3.9133334,5.0,69.0,106080.0,33.770412,36.748497,84435.52,164473.31,1,1.0,0.0,84.435524,4.447762,11.571948805419689,3.5487669,3.6040974,0.4302438591761069,1.0,1.0,1.0,1.0,1.5919526,,11.571948805419689,4.447762,0,0,0,0.0,0.0,0.0,near,1.0,0.0,0.0,0.0,0.0,0.0,0.0,0.0,0.0,0.0,0.0,0.0,0.0,0.0,0.0
56909,2,3.9866667,5.0,69.0,106080.0,35.440033,35.86834,84435.52,164473.31,1,1.0,0.0,84.435524,4.447762,11.571948805419689,3.595668,3.579855,0.4302438591761069,1.0,1.0,1.0,1.0,1.6067677,0.014815092,23.143897610839378,8.895524,0,0,0,0.0,0.0,0.0,near,1.0,0.0,0.0,0.0,0.0,0.0,0.0,0.0,0.0,0.0,0.0,0.0,0.0,0.0,0.0
56909,3,3.855,5.0,69.0,106080.0,39.307068,39.226818,84435.52,164473.31,1,1.0,0.0,84.435524,4.447762,11.571948805419689,3.6965268,3.6693606,0.4302438591761069,1.0,1.0,1.0,1.0,1.5800091,-0.026758552,34.71584641625907,13.3432865,1,1,0,1.0,1.0,0.0,near,1.0,1.0,0.0,1.0,0.0,0.0,0.0,0.0,0.0,0.0,0.0,0.0,0.0,0.0,0.0
56909,4,3.55,5.0,69.0,106080.0,41.687817,39.608173,84435.52,164473.31,1,1.0,0.0,84.435524,4.447762,11.571948805419689,3.7539136,3.6790354,0.4302438591761069,1.0,1.0,1.0,1.0,1.5151273,-0.0648818,46.287795221678756,17.791048,1,1,0,1.0,1.0,0.0,near,1.0,1.0,0.0,1.0,0.0,0.0,0.0,0.0,0.0,0.0,0.0,0.0,0.0,0.0,0.0
56909,5,2.41,5.0,69.0,106080.0,43.493565,45.980953,84435.52,164473.31,1,1.0,0.0,84.435524,4.447762,11.571948805419689,3.7953446,3.8282273,0.4302438591761069,1.0,1.0,1.0,1.0,1.2267123,-0.28841496,57.859744027098444,22.23881,1,0,1,1.0,0.0,1.0,near,1.0,0.0,1.0,0.0,1.0,0.0,0.0,0.0,0.0,0.0,0.0,0.0,0.0,0.0,0.0
56909,6,2.6166668,5.0,69.0,106080.0,35.080914,35.884533,84435.52,164473.31,1,1.0,0.0,84.435524,4.447762,11.571948805419689,3.585764,3.5803063,0.4302438591761069,1.0,1.0,1.0,1.0,1.2855529,0.058840513,69.43169283251814,26.686573,1,0,1,1.0,0.0,1.0,near,1.0,0.0,1.0,0.0,1.0,0.0,0.0,0.0,0.0,0.0,0.0,0.0,0.0,0.0,0.0
56909,7,2.33,5.0,69.0,106080.0,39.546272,43.460083,84435.52,164473.31,1,1.0,0.0,84.435524,4.447762,11.571948805419689,3.7024438,3.771843,0.4302438591761069,1.0,1.0,1.0,1.0,1.2029723,-0.08258057,81.00364163793782,31.134335,1,0,1,1.0,0.0,1.0,near,1.0,0.0,1.0,0.0,1.0,0.0,0.0,0.0,0.0,0.0,0.0,0.0,0.0,0.0,0.0
56915,1,3.0966666,5.0,69.0,230200.0,37.315407,39.10471,67444.59,146460.1,1,1.0,0.0,67.444595,4.2260246,12.34670377526992,3.645852,3.6662428,0.4495820330802117,1.0,1.0,1.0,1.0,1.4101735,,12.34670377526992,4.2260246,0,0,0,0.0,0.0,0.0,near,1.0,0.0,0.0,0.0,0.0,0.0,0.0,0.0,0.0,0.0,0.0,0.0,0.0,0.0,0.0
56915,2,3.4333334,5.0,69.0,230200.0,38.298523,37.962902,67444.59,146460.1,1,1.0,0.0,67.444595,4.2260246,12.34670377526992,3.671187,3.6366096,0.4495820330802117,1.0,1.0,1.0,1.0,1.4891517,0.07897818,24.69340755053984,8.452049,0,0,0,0.0,0.0,0.0,near,1.0,0.0,0.0,0.0,0.0,0.0,0.0,0.0,0.0,0.0,0.0,0.0,0.0,0.0,0.0
56915,3,3.435,5.0,69.0,230200.0,43.186737,42.259895,67444.59,146460.1,1,1.0,0.0,67.444595,4.2260246,12.34670377526992,3.7884247,3.7438385,0.4495820330802117,1.0,1.0,1.0,1.0,1.4895276,0.0003758669,37.04011132580976,12.678074,1,1,0,1.0,1.0,0.0,near,1.0,1.0,0.0,1.0,0.0,0.0,0.0,0.0,0.0,0.0,0.0,0.0,0.0,0.0,0.0
56915,4,3.3666668,5.0,69.0,230200.0,45.8357,42.089676,67444.59,146460.1,1,1.0,0.0,67.444595,4.2260246,12.34670377526992,3.8466458,3.7398026,0.4495820330802117,1.0,1.0,1.0,1.0,1.474,-0.015527606,49.38681510107968,16.904099,1,1,0,1.0,1.0,0.0,near,1.0,1.0,0.0,1.0,0.0,0.0,0.0,0.0,0.0,0.0,0.0,0.0,0.0,0.0,0.0
56915,5,2.6433334,5.0,69.0,230200.0,47.776142,48.108864,67444.59,146460.1,1,1.0,0.0,67.444595,4.2260246,12.34670377526992,3.8872414,3.8734665,0.4495820330802117,1.0,1.0,1.0,1.0,1.292899,-0.18110096,61.73351887634959,21.130123,1,0,1,1.0,0.0,1.0,near,1.0,0.0,1.0,0.0,1.0,0.0,0.0,0.0,0.0,0.0,0.0,0.0,0.0,0.0,0.0
56915,6,3.35,5.0,69.0,230200.0,39.267906,38.643528,67444.59,146460.1,1,1.0,0.0,67.444595,4.2260246,12.34670377526992,3.6955547,3.6543794,0.4495820330802117,1.0,1.0,1.0,1.0,1.4701759,0.17727685,74.08022265161952,25.356148,1,0,1,1.0,0.0,1.0,near,1.0,0.0,1.0,0.0,1.0,0.0,0.0,0.0,0.0,0.0,0.0,0.0,0.0,0.0,0.0
56915,7,4.26,5.0,69.0,230200.0,43.47986,46.48346,67444.59,146460.1,1,1.0,0.0,67.444595,4.2260246,12.34670377526992,3.7950366,3.8390965,0.4495820330802117,1.0,1.0,1.0,1.0,1.6601311,0.18995523,86.42692642688944,29.582172,1,0,1,1.0,0.0,1.0,near,1.0,0.0,1.0,0.0,1.0,0.0,0.0,0.0,0.0,0.0,0.0,0.0,0.0,0.0,0.0
56941,1,2.5833333,5.0,69.0,173020.0,37.315407,39.10471,57814.32,148895.22,1,1.0,0.0,57.81432,4.074385,12.061162473734365,3.645852,3.6662428,0.4002796845404348,1.0,1.0,1.0,1.0,1.2762935,,12.061162473734365,4.074385,0,0,0,0.0,0.0,0.0,near,1.0,0.0,0.0,0.0,0.0,0.0,0.0,0.0,0.0,0.0,0.0,0.0,0.0,0.0,0.0
56941,2,2.69,5.0,69.0,173020.0,38.298523,37.962902,57814.32,148895.22,1,1.0,0.0,57.81432,4.074385,12.061162473734365,3.671187,3.6366096,0.4002796845404348,1.0,1.0,1.0,1.0,1.3056265,0.029332995,24.12232494746873,8.14877,0,0,0,0.0,0.0,0.0,near,1.0,0.0,0.0,0.0,0.0,0.0,0.0,0.0,0.0,0.0,0.0,0.0,0.0,0.0,0.0
56941,3,3.17,5.0,69.0,173020.0,43.186737,42.259895,57814.32,148895.22,1,1.0,0.0,57.81432,4.074385,12.061162473734365,3.7884247,3.7438385,0.4002796845404348,1.0,1.0,1.0,1.0,1.427916,0.12228954,36.1834874212031,12.223156,1,1,0,1.0,1.0,0.0,near,1.0,1.0,0.0,1.0,0.0,0.0,0.0,0.0,0.0,0.0,0.0,0.0,0.0,0.0,0.0
56941,4,3.2,5.0,69.0,173020.0,45.8357,42.089676,57814.32,148895.22,1,1.0,0.0,57.81432,4.074385,12.061162473734365,3.8466458,3.7398026,0.4002796845404348,1.0,1.0,1.0,1.0,1.4350845,0.007168412,48.24464989493746,16.29754,1,1,0,1.0,1.0,0.0,near,1.0,1.0,0.0,1.0,0.0,0.0,0.0,0.0,0.0,0.0,0.0,0.0,0.0,0.0,0.0
56941,5,2.3799999,5.0,69.0,173020.0,47.776142,48.108864,57814.32,148895.22,1,1.0,0.0,57.81432,4.074385,12.061162473734365,3.8872414,3.8734665,0.4002796845404348,1.0,1.0,1.0,1.0,1.2178757,-0.21720874,60.30581236867182,20.371925,1,0,1,1.0,0.0,1.0,near,1.0,0.0,1.0,0.0,1.0,0.0,0.0,0.0,0.0,0.0,0.0,0.0,0.0,0.0,0.0
56941,6,3.2866666,5.0,69.0,173020.0,39.267906,38.643528,57814.32,148895.22,1,1.0,0.0,57.81432,4.074385,12.061162473734365,3.6955547,3.6543794,0.4002796845404348,1.0,1.0,1.0,1.0,1.4555094,0.2376337,72.3669748424062,24.446312,1,0,1,1.0,0.0,1.0,near,1.0,0.0,1.0,0.0,1.0,0.0,0.0,0.0,0.0,0.0,0.0,0.0,0.0,0.0,0.0
56941,7,4.575,5.0,69.0,173020.0,43.47986,46.48346,57814.32,148895.22,1,1.0,0.0,57.81432,4.074385,12.061162473734365,3.7950366,3.8390965,0.4002796845404348,1.0,1.0,1.0,1.0,1.7182922,0.2627828,84.42813731614055,28.520697,1,0,1,1.0,0.0,1.0,near,1.0,0.0,1.0,0.0,1.0,0.0,0.0,0.0,0.0,0.0,0.0,0.0,0.0,0.0,0.0
56944,1,3.82,5.0,69.0,218310.0,33.287003,36.479664,86356.23,156065.08,1,1.0,0.0,86.356224,4.469994,12.293671350009241,3.5347664,3.596755,0.4904732233094142,1.0,1.0,1.0,1.0,1.5727739,,12.293671350009241,4.469994,0,0,0,0.0,0.0,0.0,mid,0.0,0.0,0.0,0.0,0.0,1.0,0.0,0.0,0.0,0.0,0.0,0.0,0.0,0.0,0.0
56944,2,3.9666667,5.0,69.0,218310.0,35.05024,35.637196,86356.23,156065.08,1,1.0,0.0,86.356224,4.469994,12.293671350009241,3.5849135,3.57339,0.4904732233094142,1.0,1.0,1.0,1.0,1.602749,0.029975057,24.587342700018482,8.939988,0,0,0,0.0,0.0,0.0,mid,0.0,0.0,0.0,0.0,0.0,1.0,0.0,0.0,0.0,0.0,0.0,0.0,0.0,0.0,0.0
56944,3,4.1175,5.0,69.0,218310.0,38.778023,38.891182,86356.23,156065.08,1,1.0,0.0,86.356224,4.469994,12.293671350009241,3.6833146,3.6607676,0.4904732233094142,1.0,1.0,1.0,1.0,1.632666,0.029917002,36.88101405002772,13.409983,1,1,0,1.0,1.0,0.0,mid,0.0,0.0,0.0,0.0,0.0,1.0,1.0,0.0,1.0,0.0,0.0,0.0,0.0,0.0,0.0
56944,4,4.003333,5.0,69.0,218310.0,41.122196,39.313694,86356.23,156065.08,1,1.0,0.0,86.356224,4.469994,12.293671350009241,3.7405748,3.671573,0.4904732233094142,1.0,1.0,1.0,1.0,1.6101043,-0.02256167,49.174685400036964,17.879976,1,1,0,1.0,1.0,0.0,mid,0.0,0.0,0.0,0.0,0.0,1.0,1.0,0.0,1.0,0.0,0.0,0.0,0.0,0.0,0.0
56944,5,2.92,5.0,69.0,218310.0,42.909576,45.7368,86356.23,156065.08,1,1.0,0.0,86.356224,4.469994,12.293671350009241,3.7821324,3.8229032,0.4904732233094142,1.0,1.0,1.0,1.0,1.3660917,-0.2440126,61.468356750046205,22.34997,1,0,1,1.0,0.0,1.0,mid,0.0,0.0,0.0,0.0,0.0,1.0,0.0,1.0,0.0,1.0,0.0,0.0,0.0,0.0,0.0
56944,6,3.27,5.0,69.0,218310.0,34.509956,35.55187,86356.23,156065.08,1,1.0,0.0,86.356224,4.469994,12.293671350009241,3.569813,3.5709927,0.4904732233094142,1.0,1.0,1.0,1.0,1.4516138,0.085522056,73.76202810005545,26.819965,1,0,1,1.0,0.0,1.0,mid,0.0,0.0,0.0,0.0,0.0,1.0,0.0,1.0,0.0,1.0,0.0,0.0,0.0,0.0,0.0
56944,7,3.9099998,5.0,69.0,218310.0,39.009872,43.07962,86356.23,156065.08,1,1.0,0.0,86.356224,4.469994,12.293671350009241,3.6891263,3.76305,0.4904732233094142,1.0,1.0,1.0,1.0,1.5912739,0.13966012,86.05569945006468,31.289959,1,0,1,1.0,0.0,1.0,mid,0.0,0.0,0.0,0.0,0.0,1.0,0.0,1.0,0.0,1.0,0.0,0.0,0.0,0.0,0.0
56963,1,4.27,5.0,69.0,368480.0,34.232834,37.145786,80351.66,170825.53,1,1.0,0.0,80.351654,4.3987813,12.817141715054513,3.5619783,3.6148503,0.518292383394906,1.0,1.0,1.0,1.0,1.6620303,,12.817141715054513,4.3987813,0,0,0,0.0,0.0,0.0,near,1.0,0.0,0.0,0.0,0.0,0.0,0.0,0.0,0.0,0.0,0.0,0.0,0.0,0.0,0.0
56963,2,4.8233333,5.0,69.0,368480.0,35.91254,36.629578,80351.66,170825.53,1,1.0,0.0,80.351654,4.3987813,12.817141715054513,3.6085513,3.600856,0.518292383394906,1.0,1.0,1.0,1.0,1.7618728,0.09984243,25.634283430109026,8.797563,0,0,0,0.0,0.0,0.0,near,1.0,0.0,0.0,0.0,0.0,0.0,0.0,0.0,0.0,0.0,0.0,0.0,0.0,0.0,0.0
56963,3,4.2475,5.0,69.0,368480.0,40.368828,40.174488,80351.66,170825.53,1,1.0,0.0,80.351654,4.3987813,12.817141715054513,3.7225277,3.693232,0.518292383394906,1.0,1.0,1.0,1.0,1.6577518,-0.10412097,38.45142514516354,13.196344,1,1,0,1.0,1.0,0.0,near,1.0,1.0,0.0,1.0,0.0,0.0,0.0,0.0,0.0,0.0,0.0,0.0,0.0,0.0,0.0
56963,4,4.2966666,5.0,69.0,368480.0,43.10558,40.872948,80351.66,170825.53,1,1.0,0.0,80.351654,4.3987813,12.817141715054513,3.7865863,3.7104683,0.518292383394906,1.0,1.0,1.0,1.0,1.6670777,0.009325862,51.26856686021805,17.595125,1,1,0,1.0,1.0,0.0,near,1.0,1.0,0.0,1.0,0.0,0.0,0.0,0.0,0.0,0.0,0.0,0.0,0.0,0.0,0.0
56963,5,3.5333333,5.0,69.0,368480.0,44.16894,46.267487,80351.66,170825.53,1,1.0,0.0,80.351654,4.3987813,12.817141715054513,3.8104098,3.8344395,0.518292383394906,1.0,1.0,1.0,1.0,1.5114574,-0.15562022,64.08570857527256,21.993906,1,0,1,1.0,0.0,1.0,near,1.0,0.0,1.0,0.0,1.0,0.0,0.0,0.0,0.0,0.0,0.0,0.0,0.0,0.0,0.0
56963,6,4.333333,5.0,69.0,368480.0,36.27524,37.045242,80351.66,170825.53,1,1.0,0.0,80.351654,4.3987813,12.817141715054513,3.6183293,3.61214,0.518292383394906,1.0,1.0,1.0,1.0,1.6739764,0.16251898,76.90285029032708,26.392689,1,0,1,1.0,0.0,1.0,near,1.0,0.0,1.0,0.0,1.0,0.0,0.0,0.0,0.0,0.0,0.0,0.0,0.0,0.0,0.0
56963,7,4.835,5.0,69.0,368480.0,40.45858,44.42691,80351.66,170825.53,1,1.0,0.0,80.351654,4.3987813,12.817141715054513,3.7246947,3.7938454,0.518292383394906,1.0,1.0,1.0,1.0,1.7638743,0.08989787,89.71999200538158,30.79147,1,0,1,1.0,0.0,1.0,near,1.0,0.0,1.0,0.0,1.0,0.0,0.0,0.0,0.0,0.0,0.0,0.0,0.0,0.0,0.0
56991,1,1.6633333,5.0,69.0,291470.0,36.84369,39.28858,61150.67,162447.81,1,1.0,0.0,61.150673,4.1295614,12.582692363524501,3.6334643,3.670934,0.45019268393031486,1.0,1.0,1.0,1.0,0.9795785,,12.582692363524501,4.1295614,0,0,0,0.0,0.0,0.0,near,1.0,0.0,0.0,0.0,0.0,0.0,0.0,0.0,0.0,0.0,0.0,0.0,0.0,0.0,0.0
56991,2,1.6933334,5.0,69.0,291470.0,38.014362,38.989357,61150.67,162447.81,1,1.0,0.0,61.150673,4.1295614,12.582692363524501,3.66393,3.6632886,0.45019268393031486,1.0,1.0,1.0,1.0,0.99077964,0.011201143,25.165384727049002,8.259123,0,0,0,0.0,0.0,0.0,near,1.0,0.0,0.0,0.0,0.0,0.0,0.0,0.0,0.0,0.0,0.0,0.0,0.0,0.0,0.0
56991,3,1.7049999,5.0,69.0,291470.0,43.79599,43.437435,61150.67,162447.81,1,1.0,0.0,61.150673,4.1295614,12.582692363524501,3.8021188,3.7713218,0.45019268393031486,1.0,1.0,1.0,1.0,0.99510187,0.004322231,37.7480770905735,12.388684,1,1,0,1.0,1.0,0.0,near,1.0,1.0,0.0,1.0,0.0,0.0,0.0,0.0,0.0,0.0,0.0,0.0,0.0,0.0,0.0
56991,4,1.7966666,5.0,69.0,291470.0,47.211,44.202904,61150.67,162447.81,1,1.0,0.0,61.150673,4.1295614,12.582692363524501,3.8755872,3.7887905,0.45019268393031486,1.0,1.0,1.0,1.0,1.0284282,0.033326328,50.330769454098004,16.518246,1,1,0,1.0,1.0,0.0,near,1.0,1.0,0.0,1.0,0.0,0.0,0.0,0.0,0.0,0.0,0.0,0.0,0.0,0.0,0.0
56991,5,1.4333333,5.0,69.0,291470.0,47.232136,47.940678,61150.67,162447.81,1,1.0,0.0,61.150673,4.1295614,12.582692363524501,3.8760254,3.8699644,0.45019268393031486,1.0,1.0,1.0,1.0,0.8892621,-0.13916612,62.913461817622505,20.647808,1,0,1,1.0,0.0,1.0,near,1.0,0.0,1.0,0.0,1.0,0.0,0.0,0.0,0.0,0.0,0.0,0.0,0.0,0.0,0.0
56991,6,1.7933333,5.0,69.0,291470.0,39.993088,40.056133,61150.67,162447.81,1,1.0,0.0,61.150673,4.1295614,12.582692363524501,3.7134035,3.6902819,0.45019268393031486,1.0,1.0,1.0,1.0,1.0272356,0.13797355,75.496154181147,24.777369,1,0,1,1.0,0.0,1.0,near,1.0,0.0,1.0,0.0,1.0,0.0,0.0,0.0,0.0,0.0,0.0,0.0,0.0,0.0,0.0
56991,7,1.875,5.0,69.0,291470.0,43.632793,47.279396,61150.67,162447.81,1,1.0,0.0,61.150673,4.1295614,12.582692363524501,3.7984688,3.8560746,0.45019268393031486,1.0,1.0,1.0,1.0,1.0560527,0.028817058,88.0788465446715,28.906929,1,0,1,1.0,0.0,1.0,near,1.0,0.0,1.0,0.0,1.0,0.0,0.0,0.0,0.0,0.0,0.0,0.0,0.0,0.0,0.0
57018,1,1.5866667,5.0,70.0,71480.0,29.00225,33.67647,167332.8,262814.03,1,1.0,0.0,167.3328,5.125943,11.177172969273364,3.4012723,3.5167994,0.5245226203415727,1.0,1.0,1.0,1.0,0.95037,,11.177172969273364,5.125943,0,0,0,0.0,0.0,0.0,far,0.0,0.0,0.0,0.0,0.0,0.0,0.0,0.0,0.0,0.0,1.0,0.0,0.0,0.0,0.0
57018,2,1.9633332,5.0,70.0,71480.0,32.118458,35.133163,167332.8,262814.03,1,1.0,0.0,167.3328,5.125943,11.177172969273364,3.5000908,3.5591455,0.5245226203415727,1.0,1.0,1.0,1.0,1.0863147,0.13594466,22.35434593854673,10.251886,0,0,0,0.0,0.0,0.0,far,0.0,0.0,0.0,0.0,0.0,0.0,0.0,0.0,0.0,0.0,1.0,0.0,0.0,0.0,0.0
57018,3,1.6925,5.0,70.0,71480.0,36.10289,37.949818,167332.8,262814.03,1,1.0,0.0,167.3328,5.125943,11.177172969273364,3.613695,3.6362648,0.5245226203415727,1.0,1.0,1.0,1.0,0.9904702,-0.09584451,33.53151890782009,15.37783,1,1,0,1.0,1.0,0.0,far,0.0,0.0,0.0,0.0,0.0,0.0,0.0,0.0,0.0,0.0,1.0,1.0,0.0,1.0,0.0
57018,4,2.0666666,5.0,70.0,71480.0,38.662315,39.941532,167332.8,262814.03,1,1.0,0.0,167.3328,5.125943,11.177172969273364,3.6804016,3.6874168,0.5245226203415727,1.0,1.0,1.0,1.0,1.1205912,0.130121,44.70869187709346,20.503773,1,1,0,1.0,1.0,0.0,far,0.0,0.0,0.0,0.0,0.0,0.0,0.0,0.0,0.0,0.0,1.0,1.0,0.0,1.0,0.0
57018,5,1.59,5.0,70.0,71480.0,38.347076,43.60057,167332.8,262814.03,1,1.0,0.0,167.3328,5.125943,11.177172969273364,3.6724217,3.7750702,0.5245226203415727,1.0,1.0,1.0,1.0,0.9516579,-0.16893327,55.88586484636682,25.629715,1,0,1,1.0,0.0,1.0,far,0.0,0.0,0.0,0.0,0.0,0.0,0.0,0.0,0.0,0.0,1.0,0.0,1.0,0.0,1.0
57018,6,2.0133333,5.0,70.0,71480.0,32.091957,35.84409,167332.8,262814.03,1,1.0,0.0,167.3328,5.125943,11.177172969273364,3.4992902,3.5791788,0.5245226203415727,1.0,1.0,1.0,1.0,1.1030469,0.151389,67.06303781564019,30.75566,1,0,1,1.0,0.0,1.0,far,0.0,0.0,0.0,0.0,0.0,0.0,0.0,0.0,0.0,0.0,1.0,0.0,1.0,0.0,1.0
57018,7,2.22,5.0,70.0,71480.0,35.515427,41.53425,167332.8,262814.03,1,1.0,0.0,167.3328,5.125943,11.177172969273364,3.597735,3.7265184,0.5245226203415727,1.0,1.0,1.0,1.0,1.1693814,0.066334486,78.24021078491356,35.881603,1,0,1,1.0,0.0,1.0,far,0.0,0.0,0.0,0.0,0.0,0.0,0.0,0.0,0.0,0.0,1.0,0.0,1.0,0.0,1.0
57037,1,1.88,5.0,70.0,193100.0,29.00225,33.67647,152118.25,248726.39,1,1.0,0.0,152.11826,5.0312104,12.170963468416605,3.4012723,3.5167994,0.5840672965229272,1.0,1.0,1.0,1.0,1.0577903,,12.170963468416605,5.0312104,0,0,0,0.0,0.0,0.0,far,0.0,0.0,0.0,0.0,0.0,0.0,0.0,0.0,0.0,0.0,1.0,0.0,0.0,0.0,0.0
57037,2,2.02,5.0,70.0,193100.0,32.118458,35.133163,152118.25,248726.39,1,1.0,0.0,152.11826,5.0312104,12.170963468416605,3.5000908,3.5591455,0.5840672965229272,1.0,1.0,1.0,1.0,1.1052568,0.047466516,24.34192693683321,10.062421,0,0,0,0.0,0.0,0.0,far,0.0,0.0,0.0,0.0,0.0,0.0,0.0,0.0,0.0,0.0,1.0,0.0,0.0,0.0,0.0
57037,3,2.075,5.0,70.0,193100.0,36.10289,37.949818,152118.25,248726.39,1,1.0,0.0,152.11826,5.0312104,12.170963468416605,3.613695,3.6362648,0.5840672965229272,1.0,1.0,1.0,1.0,1.1233048,0.018048048,36.51289040524982,15.093632,1,1,0,1.0,1.0,0.0,far,0.0,0.0,0.0,0.0,0.0,0.0,0.0,0.0,0.0,0.0,1.0,1.0,0.0,1.0,0.0
57037,4,2.1166666,5.0,70.0,193100.0,38.662315,39.941532,152118.25,248726.39,1,1.0,0.0,152.11826,5.0312104,12.170963468416605,3.6804016,3.6874168,0.5840672965229272,1.0,1.0,1.0,1.0,1.136764,0.013459206,48.68385387366642,20.124842,1,1,0,1.0,1.0,0.0,far,0.0,0.0,0.0,0.0,0.0,0.0,0.0,0.0,0.0,0.0,1.0,1.0,0.0,1.0,0.0
57037,5,1.7533333,5.0,70.0,193100.0,38.347076,43.60057,152118.25,248726.39,1,1.0,0.0,152.11826,5.0312104,12.170963468416605,3.6724217,3.7750702,0.5840672965229272,1.0,1.0,1.0,1.0,1.0128124,-0.12395167,60.854817342083024,25.156052,1,0,1,1.0,0.0,1.0,far,0.0,0.0,0.0,0.0,0.0,0.0,0.0,0.0,0.0,0.0,1.0,0.0,1.0,0.0,1.0
57037,6,2.1866667,5.0,70.0,193100.0,32.091957,35.84409,152118.25,248726.39,1,1.0,0.0,152.11826,5.0312104,12.170963468416605,3.4992902,3.5791788,0.5840672965229272,1.0,1.0,1.0,1.0,1.1589755,0.1461631,73.02578081049964,30.187263,1,0,1,1.0,0.0,1.0,far,0.0,0.0,0.0,0.0,0.0,0.0,0.0,0.0,0.0,0.0,1.0,0.0,1.0,0.0,1.0
57037,7,2.3899999,5.0,70.0,193100.0,35.515427,41.53425,152118.25,248726.39,1,1.0,0.0,152.11826,5.0312104,12.170963468416605,3.597735,3.7265184,0.5840672965229272,1.0,1.0,1.0,1.0,1.2208298,0.061854362,85.19674427891624,35.21847,1,0,1,1.0,0.0,1.0,far,0.0,0.0,0.0,0.0,0.0,0.0,0.0,0.0,0.0,0.0,1.0,0.0,1.0,0.0,1.0
57056,1,1.5333333,5.0,70.0,97700.0,29.00225,33.67647,144040.53,236524.42,1,1.0,0.0,144.04053,4.977013,11.489656838030873,3.4012723,3.5167994,0.5214169688518641,1.0,1.0,1.0,1.0,0.9295359,,11.489656838030873,4.977013,0,0,0,0.0,0.0,0.0,far,0.0,0.0,0.0,0.0,0.0,0.0,0.0,0.0,0.0,0.0,1.0,0.0,0.0,0.0,0.0
57056,2,1.4966667,5.0,70.0,97700.0,32.118458,35.133163,144040.53,236524.42,1,1.0,0.0,144.04053,4.977013,11.489656838030873,3.5000908,3.5591455,0.5214169688518641,1.0,1.0,1.0,1.0,0.9149565,-0.014579415,22.979313676061746,9.954026,0,0,0,0.0,0.0,0.0,far,0.0,0.0,0.0,0.0,0.0,0.0,0.0,0.0,0.0,0.0,1.0,0.0,0.0,0.0,0.0
57056,3,2.045,5.0,70.0,97700.0,36.10289,37.949818,144040.53,236524.42,1,1.0,0.0,144.04053,4.977013,11.489656838030873,3.613695,3.6362648,0.5214169688518641,1.0,1.0,1.0,1.0,1.1135008,0.19854432,34.46897051409262,14.93104,1,1,0,1.0,1.0,0.0,far,0.0,0.0,0.0,0.0,0.0,0.0,0.0,0.0,0.0,0.0,1.0,1.0,0.0,1.0,0.0
57056,4,1.9466666,5.0,70.0,97700.0,38.662315,39.941532,144040.53,236524.42,1,1.0,0.0,144.04053,4.977013,11.489656838030873,3.6804016,3.6874168,0.5214169688518641,1.0,1.0,1.0,1.0,1.0806746,-0.032826185,45.95862735212349,19.908052,1,1,0,1.0,1.0,0.0,far,0.0,0.0,0.0,0.0,0.0,0.0,0.0,0.0,0.0,0.0,1.0,1.0,0.0,1.0,0.0
57056,5,1.3566667,5.0,70.0,97700.0,38.347076,43.60057,144040.53,236524.42,1,1.0,0.0,144.04053,4.977013,11.489656838030873,3.6724217,3.7750702,0.5214169688518641,1.0,1.0,1.0,1.0,0.8572482,-0.22342646,57.44828419015437,24.885065,1,0,1,1.0,0.0,1.0,far,0.0,0.0,0.0,0.0,0.0,0.0,0.0,0.0,0.0,0.0,1.0,0.0,1.0,0.0,1.0
57056,6,1.8566667,5.0,70.0,97700.0,32.091957,35.84409,144040.53,236524.42,1,1.0,0.0,144.04053,4.977013,11.489656838030873,3.4992902,3.5791788,0.5214169688518641,1.0,1.0,1.0,1.0,1.0496554,0.19240725,68.93794102818524,29.86208,1,0,1,1.0,0.0,1.0,far,0.0,0.0,0.0,0.0,0.0,0.0,0.0,0.0,0.0,0.0,1.0,0.0,1.0,0.0,1.0
57056,7,2.28,5.0,70.0,97700.0,35.515427,41.53425,144040.53,236524.42,1,1.0,0.0,144.04053,4.977013,11.489656838030873,3.597735,3.7265184,0.5214169688518641,1.0,1.0,1.0,1.0,1.1878434,0.138188,80.42759786621612,34.839092,1,0,1,1.0,0.0,1.0,far,0.0,0.0,0.0,0.0,0.0,0.0,0.0,0.0,0.0,0.0,1.0,0.0,1.0,0.0,1.0
57066,1,3.6733334,5.0,70.0,392270.0,29.375086,33.865177,153355.28,236097.19,1,1.0,0.0,153.35529,5.039257,12.879705657185816,3.4136229,3.5223873,0.638221012721897,1.0,1.0,1.0,1.0,1.5418725,,12.879705657185816,5.039257,0,0,0,0.0,0.0,0.0,far,0.0,0.0,0.0,0.0,0.0,0.0,0.0,0.0,0.0,0.0,1.0,0.0,0.0,0.0,0.0
57066,2,3.9366667,5.0,70.0,392270.0,32.305305,35.071583,153355.28,236097.19,1,1.0,0.0,153.35529,5.039257,12.879705657185816,3.5057168,3.5573912,0.638221012721897,1.0,1.0,1.0,1.0,1.5966903,0.054817796,25.759411314371633,10.078514,0,0,0,0.0,0.0,0.0,far,0.0,0.0,0.0,0.0,0.0,0.0,0.0,0.0,0.0,0.0,1.0,0.0,0.0,0.0,0.0
57066,3,3.54,5.0,70.0,392270.0,36.106876,37.79889,153355.28,236097.19,1,1.0,0.0,153.35529,5.039257,12.879705657185816,3.6138024,3.6322796,0.638221012721897,1.0,1.0,1.0,1.0,1.512927,-0.08376324,38.63911697155745,15.117771,1,1,0,1.0,1.0,0.0,far,0.0,0.0,0.0,0.0,0.0,0.0,0.0,0.0,0.0,0.0,1.0,1.0,0.0,1.0,0.0
57066,4,3.5766666,5.0,70.0,392270.0,38.42948,39.47043,153355.28,236097.19,1,1.0,0.0,153.35529,5.039257,12.879705657185816,3.6745138,3.6755517,0.638221012721897,1.0,1.0,1.0,1.0,1.520971,0.008043885,51.518822628743266,20.157028,1,1,0,1.0,1.0,0.0,far,0.0,0.0,0.0,0.0,0.0,0.0,0.0,0.0,0.0,0.0,1.0,1.0,0.0,1.0,0.0
57066,5,2.99,5.0,70.0,392270.0,38.538155,43.829468,153355.28,236097.19,1,1.0,0.0,153.35529,5.039257,12.879705657185816,3.6772661,3.7803063,0.638221012721897,1.0,1.0,1.0,1.0,1.3837912,-0.13717973,64.39852828592907,25.196285,1,0,1,1.0,0.0,1.0,far,0.0,0.0,0.0,0.0,0.0,0.0,0.0,0.0,0.0,0.0,1.0,0.0,1.0,0.0,1.0
57066,6,4.32,5.0,70.0,392270.0,31.936918,35.482197,153355.28,236097.19,1,1.0,0.0,153.35529,5.039257,12.879705657185816,3.4945943,3.569031,0.638221012721897,1.0,1.0,1.0,1.0,1.6714733,0.28768206,77.2782339431149,30.235542,1,0,1,1.0,0.0,1.0,far,0.0,0.0,0.0,0.0,0.0,0.0,0.0,0.0,0.0,0.0,1.0,0.0,1.0,0.0,1.0
57066,7,4.81,5.0,70.0,392270.0,35.48237,41.281364,153355.28,236097.19,1,1.0,0.0,153.35529,5.039257,12.879705657185816,3.5968292,3.7204113,0.638221012721897,1.0,1.0,1.0,1.0,1.7595806,0.08810735,90.15793960030072,35.2748,1,0,1,1.0,0.0,1.0,far,0.0,0.0,0.0,0.0,0.0,0.0,0.0,0.0,0.0,0.0,1.0,0.0,1.0,0.0,1.0
57088,1,1.8633333,5.0,70.0,423690.0,29.00225,33.67647,167143.94,254786.81,1,1.0,0.0,167.14394,5.12482,12.956757334731218,3.4012723,3.5167994,0.6581907125779101,1.0,1.0,1.0,1.0,1.0519863,,12.956757334731218,5.12482,0,0,0,0.0,0.0,0.0,far,0.0,0.0,0.0,0.0,0.0,0.0,0.0,0.0,0.0,0.0,1.0,0.0,0.0,0.0,0.0
57088,2,2.0766666,5.0,70.0,423690.0,32.118458,35.133163,167143.94,254786.81,1,1.0,0.0,167.14394,5.12482,12.956757334731218,3.5000908,3.5591455,0.6581907125779101,1.0,1.0,1.0,1.0,1.1238468,0.07186043,25.913514669462437,10.24964,0,0,0,0.0,0.0,0.0,far,0.0,0.0,0.0,0.0,0.0,0.0,0.0,0.0,0.0,0.0,1.0,0.0,0.0,0.0,0.0
57088,3,2.23,5.0,70.0,423690.0,36.10289,37.949818,167143.94,254786.81,1,1.0,0.0,167.14394,5.12482,12.956757334731218,3.613695,3.6362648,0.6581907125779101,1.0,1.0,1.0,1.0,1.1724821,0.048635364,38.87027200419365,15.37446,1,1,0,1.0,1.0,0.0,far,0.0,0.0,0.0,0.0,0.0,0.0,0.0,0.0,0.0,0.0,1.0,1.0,0.0,1.0,0.0
57088,4,2.3133333,5.0,70.0,423690.0,38.662315,39.941532,167143.94,254786.81,1,1.0,0.0,167.14394,5.12482,12.956757334731218,3.6804016,3.6874168,0.6581907125779101,1.0,1.0,1.0,1.0,1.1979548,0.025472641,51.82702933892487,20.49928,1,1,0,1.0,1.0,0.0,far,0.0,0.0,0.0,0.0,0.0,0.0,0.0,0.0,0.0,0.0,1.0,1.0,0.0,1.0,0.0
57088,5,1.7,5.0,70.0,423690.0,38.347076,43.60057,167143.94,254786.81,1,1.0,0.0,167.14394,5.12482,12.956757334731218,3.6724217,3.7750702,0.6581907125779101,1.0,1.0,1.0,1.0,0.9932518,-0.20470297,64.7837866736561,25.624102,1,0,1,1.0,0.0,1.0,far,0.0,0.0,0.0,0.0,0.0,0.0,0.0,0.0,0.0,0.0,1.0,0.0,1.0,0.0,1.0
57088,6,2.17,5.0,70.0,423690.0,32.091957,35.84409,167143.94,254786.81,1,1.0,0.0,167.14394,5.12482,12.956757334731218,3.4992902,3.5791788,0.6581907125779101,1.0,1.0,1.0,1.0,1.1537316,0.16047978,77.7405440083873,30.74892,1,0,1,1.0,0.0,1.0,far,0.0,0.0,0.0,0.0,0.0,0.0,0.0,0.0,0.0,0.0,1.0,0.0,1.0,0.0,1.0
57088,7,2.745,5.0,70.0,423690.0,35.515427,41.53425,167143.94,254786.81,1,1.0,0.0,167.14394,5.12482,12.956757334731218,3.597735,3.7265184,0.6581907125779101,1.0,1.0,1.0,1.0,1.3204216,0.16668999,90.69730134311853,35.87374,1,0,1,1.0,0.0,1.0,far,0.0,0.0,0.0,0.0,0.0,0.0,0.0,0.0,0.0,0.0,1.0,0.0,1.0,0.0,1.0
57312,1,1.3766667,5.0,73.0,187800.0,62.404015,72.26661,211925.69,330283.12,1,1.0,0.0,211.92569,5.3609433,12.1431328457563,4.149527,4.280362,0.6399678553454882,1.0,1.0,1.0,1.0,0.8656989,,12.1431328457563,5.3609433,0,0,0,0.0,0.0,0.0,far,0.0,0.0,0.0,0.0,0.0,0.0,0.0,0.0,0.0,0.0,1.0,0.0,0.0,0.0,0.0
57312,2,1.2333333,5.0,73.0,187800.0,67.785095,76.47374,211925.69,330283.12,1,1.0,0.0,211.92569,5.3609433,12.1431328457563,4.230987,4.3369474,0.6399678553454882,1.0,1.0,1.0,1.0,0.8034952,-0.062203646,24.2862656915126,10.721887,0,0,0,0.0,0.0,0.0,far,0.0,0.0,0.0,0.0,0.0,0.0,0.0,0.0,0.0,0.0,1.0,0.0,0.0,0.0,0.0
57312,3,1.4625,5.0,73.0,187800.0,75.04889,77.11537,211925.69,330283.12,1,1.0,0.0,211.92569,5.3609433,12.1431328457563,4.3313766,4.3453026,0.6399678553454882,1.0,1.0,1.0,1.0,0.90117717,0.09768194,36.4293985372689,16.08283,1,1,0,1.0,1.0,0.0,far,0.0,0.0,0.0,0.0,0.0,0.0,0.0,0.0,0.0,0.0,1.0,1.0,0.0,1.0,0.0
57312,4,1.7133334,5.0,73.0,187800.0,80.36078,85.03509,211925.69,330283.12,1,1.0,0.0,211.92569,5.3609433,12.1431328457563,4.3988934,4.4430637,0.6399678553454882,1.0,1.0,1.0,1.0,0.9981779,0.09700072,48.5725313830252,21.443773,1,1,0,1.0,1.0,0.0,far,0.0,0.0,0.0,0.0,0.0,0.0,0.0,0.0,0.0,0.0,1.0,1.0,0.0,1.0,0.0
57312,5,1.3533334,5.0,73.0,187800.0,75.628624,82.83272,211925.69,330283.12,1,1.0,0.0,211.92569,5.3609433,12.1431328457563,4.3389707,4.416823,0.6399678553454882,1.0,1.0,1.0,1.0,0.8558328,-0.14234507,60.7156642287815,26.804716,1,0,1,1.0,0.0,1.0,far,0.0,0.0,0.0,0.0,0.0,0.0,0.0,0.0,0.0,0.0,1.0,0.0,1.0,0.0,1.0
57312,6,1.24,5.0,73.0,187800.0,72.07234,80.76353,211925.69,330283.12,1,1.0,0.0,211.92569,5.3609433,12.1431328457563,4.29145,4.3915253,0.6399678553454882,1.0,1.0,1.0,1.0,0.8064759,-0.049356937,72.8587970745378,32.16566,1,0,1,1.0,0.0,1.0,far,0.0,0.0,0.0,0.0,0.0,0.0,0.0,0.0,0.0,0.0,1.0,0.0,1.0,0.0,1.0
57312,7,1.4749999,5.0,73.0,187800.0,74.969086,88.0952,211925.69,330283.12,1,1.0,0.0,211.92569,5.3609433,12.1431328457563,4.3303266,4.478418,0.6399678553454882,1.0,1.0,1.0,1.0,0.90624034,0.09976447,85.0019299202941,37.526604,1,0,1,1.0,0.0,1.0,far,0.0,0.0,0.0,0.0,0.0,0.0,0.0,0.0,0.0,0.0,1.0,0.0,1.0,0.0,1.0
57315,1,1.7566667,5.0,73.0,175590.0,59.560097,69.66173,216925.8,335260.6,1,1.0,0.0,216.9258,5.384155,12.075907010953376,4.1036363,4.243651,0.6390763799592816,1.0,1.0,1.0,1.0,1.0140222,,12.075907010953376,5.384155,0,0,0,0.0,0.0,0.0,far,0.0,0.0,0.0,0.0,0.0,0.0,0.0,0.0,0.0,0.0,1.0,0.0,0.0,0.0,0.0
57315,2,1.93,5.0,73.0,175590.0,65.15518,74.12369,216925.8,335260.6,1,1.0,0.0,216.9258,5.384155,12.075907010953376,4.1920033,4.305735,0.6390763799592816,1.0,1.0,1.0,1.0,1.0750023,0.06098008,24.151814021906752,10.76831,0,0,0,0.0,0.0,0.0,far,0.0,0.0,0.0,0.0,0.0,0.0,0.0,0.0,0.0,0.0,1.0,0.0,0.0,0.0,0.0
57315,3,2.17,5.0,73.0,175590.0,72.360954,74.99153,216925.8,335260.6,1,1.0,0.0,216.9258,5.384155,12.075907010953376,4.295392,4.317375,0.6390763799592816,1.0,1.0,1.0,1.0,1.1537316,0.07872927,36.22772103286013,16.152464,1,1,0,1.0,1.0,0.0,far,0.0,0.0,0.0,0.0,0.0,0.0,0.0,0.0,0.0,0.0,1.0,1.0,0.0,1.0,0.0
57315,4,2.1133332,5.0,73.0,175590.0,76.891495,81.86116,216925.8,335260.6,1,1.0,0.0,216.9258,5.384155,12.075907010953376,4.3553166,4.4050245,0.6390763799592816,1.0,1.0,1.0,1.0,1.1356939,-0.018037677,48.303628043813504,21.53662,1,1,0,1.0,1.0,0.0,far,0.0,0.0,0.0,0.0,0.0,0.0,0.0,0.0,0.0,0.0,1.0,1.0,0.0,1.0,0.0
57315,5,1.9566667,5.0,73.0,175590.0,72.80444,80.660126,216925.8,335260.6,1,1.0,0.0,216.9258,5.384155,12.075907010953376,4.301419,4.3902445,0.6390763799592816,1.0,1.0,1.0,1.0,1.0840625,-0.05163145,60.379535054766876,26.920774,1,0,1,1.0,0.0,1.0,far,0.0,0.0,0.0,0.0,0.0,0.0,0.0,0.0,0.0,0.0,1.0,0.0,1.0,0.0,1.0
57315,6,2.4366667,5.0,73.0,175590.0,69.12734,78.30142,216925.8,335260.6,1,1.0,0.0,216.9258,5.384155,12.075907010953376,4.250313,4.3605657,0.6390763799592816,1.0,1.0,1.0,1.0,1.2345021,0.15043962,72.45544206572026,32.304928,1,0,1,1.0,0.0,1.0,far,0.0,0.0,0.0,0.0,0.0,0.0,0.0,0.0,0.0,0.0,1.0,0.0,1.0,0.0,1.0
57315,7,3.0900002,5.0,73.0,175590.0,72.26127,85.699615,216925.8,335260.6,1,1.0,0.0,216.9258,5.384155,12.075907010953376,4.294032,4.450848,0.6390763799592816,1.0,1.0,1.0,1.0,1.408545,0.17404294,84.53134907667364,37.689083,1,0,1,1.0,0.0,1.0,far,0.0,0.0,0.0,0.0,0.0,0.0,0.0,0.0,0.0,0.0,1.0,0.0,1.0,0.0,1.0
57336,1,1.4933333,5.0,73.0,235300.0,57.776203,66.66055,197167.52,315556.34,1,1.0,0.0,197.16751,5.2891126,12.368616574715453,4.073737,4.1996136,0.6439753976210814,1.0,1.0,1.0,1.0,0.9136205,,12.368616574715453,5.2891126,0,0,0,0.0,0.0,0.0,far,0.0,0.0,0.0,0.0,0.0,0.0,0.0,0.0,0.0,0.0,1.0,0.0,0.0,0.0,0.0
57336,2,1.44,5.0,73.0,235300.0,62.58402,70.24041,197167.52,315556.34,1,1.0,0.0,197.16751,5.2891126,12.368616574715453,4.1523623,4.2519236,0.6439753976210814,1.0,1.0,1.0,1.0,0.89199805,-0.02162242,24.737233149430907,10.578225,0,0,0,0.0,0.0,0.0,far,0.0,0.0,0.0,0.0,0.0,0.0,0.0,0.0,0.0,0.0,1.0,0.0,0.0,0.0,0.0
57336,3,1.8100001,5.0,73.0,235300.0,70.12587,71.45621,197167.52,315556.34,1,1.0,0.0,197.16751,5.2891126,12.368616574715453,4.264451,4.269085,0.6439753976210814,1.0,1.0,1.0,1.0,1.0331844,0.14118636,37.10584972414636,15.867338,1,1,0,1.0,1.0,0.0,far,0.0,0.0,0.0,0.0,0.0,0.0,0.0,0.0,0.0,0.0,1.0,1.0,0.0,1.0,0.0
57336,4,1.7266667,5.0,73.0,235300.0,75.517845,79.27703,197167.52,315556.34,1,1.0,0.0,197.16751,5.2891126,12.368616574715453,4.337524,4.3729486,0.6439753976210814,1.0,1.0,1.0,1.0,1.0030799,-0.030104518,49.47446629886181,21.15645,1,1,0,1.0,1.0,0.0,far,0.0,0.0,0.0,0.0,0.0,0.0,0.0,0.0,0.0,0.0,1.0,1.0,0.0,1.0,0.0
57336,5,1.6166667,5.0,73.0,235300.0,70.48626,76.47973,197167.52,315556.34,1,1.0,0.0,197.16751,5.2891126,12.368616574715453,4.2695055,4.3370256,0.6439753976210814,1.0,1.0,1.0,1.0,0.9619013,-0.041178584,61.843082873577266,26.445562,1,0,1,1.0,0.0,1.0,far,0.0,0.0,0.0,0.0,0.0,0.0,0.0,0.0,0.0,0.0,1.0,0.0,1.0,0.0,1.0
57336,6,1.9833333,5.0,73.0,235300.0,66.97464,74.399216,197167.52,315556.34,1,1.0,0.0,197.16751,5.2891126,12.368616574715453,4.219135,4.3094454,0.6439753976210814,1.0,1.0,1.0,1.0,1.0930412,0.13113987,74.21169944829272,31.734676,1,0,1,1.0,0.0,1.0,far,0.0,0.0,0.0,0.0,0.0,0.0,0.0,0.0,0.0,0.0,1.0,0.0,1.0,0.0,1.0
57336,7,1.8599999,5.0,73.0,235300.0,69.58072,81.02011,197167.52,315556.34,1,1.0,0.0,197.16751,5.2891126,12.368616574715453,4.256757,4.394697,0.6439753976210814,1.0,1.0,1.0,1.0,1.0508215,-0.04221964,86.58031602300818,37.02379,1,0,1,1.0,0.0,1.0,far,0.0,0.0,0.0,0.0,0.0,0.0,0.0,0.0,0.0,0.0,1.0,0.0,1.0,0.0,1.0
57345,1,1.6066667,5.0,73.0,245020.0,48.9087,56.077248,181500.33,299887.53,1,1.0,0.0,181.50034,5.206752,12.409095118848162,3.9101954,4.02673,0.6328098960594805,1.0,1.0,1.0,1.0,0.95807225,,12.409095118848162,5.206752,0,0,0,0.0,0.0,0.0,far,0.0,0.0,0.0,0.0,0.0,0.0,0.0,0.0,0.0,0.0,1.0,0.0,0.0,0.0,0.0
57345,2,1.78,5.0,73.0,245020.0,52.542313,58.56637,181500.33,299887.53,1,1.0,0.0,181.50034,5.206752,12.409095118848162,3.9804723,4.0701604,0.6328098960594805,1.0,1.0,1.0,1.0,1.0224509,0.06437868,24.818190237696324,10.413504,0,0,0,0.0,0.0,0.0,far,0.0,0.0,0.0,0.0,0.0,0.0,0.0,0.0,0.0,0.0,1.0,0.0,0.0,0.0,0.0
57345,3,2.9025002,5.0,73.0,245020.0,60.668182,61.021324,181500.33,299887.53,1,1.0,0.0,181.50034,5.206752,12.409095118848162,4.121768,4.111223,0.6328098960594805,1.0,1.0,1.0,1.0,1.3616174,0.33916652,37.227285356544485,15.620255,1,1,0,1.0,1.0,0.0,far,0.0,0.0,0.0,0.0,0.0,0.0,0.0,0.0,0.0,0.0,1.0,1.0,0.0,1.0,0.0
57345,4,2.44,5.0,73.0,245020.0,66.30001,68.599976,181500.33,299887.53,1,1.0,0.0,181.50034,5.206752,12.409095118848162,4.2091603,4.228292,0.6328098960594805,1.0,1.0,1.0,1.0,1.2354715,-0.12614596,49.63638047539265,20.827007,1,1,0,1.0,1.0,0.0,far,0.0,0.0,0.0,0.0,0.0,0.0,0.0,0.0,0.0,0.0,1.0,1.0,0.0,1.0,0.0
57345,5,2.5266666,5.0,73.0,245020.0,60.602055,64.4866,181500.33,299887.53,1,1.0,0.0,181.50034,5.206752,12.409095118848162,4.120695,4.1664577,0.6328098960594805,1.0,1.0,1.0,1.0,1.2603531,0.024881601,62.04547559424081,26.03376,1,0,1,1.0,0.0,1.0,far,0.0,0.0,0.0,0.0,0.0,0.0,0.0,0.0,0.0,0.0,1.0,0.0,1.0,0.0,1.0
57345,6,3.2866666,5.0,73.0,245020.0,57.187054,62.180996,181500.33,299887.53,1,1.0,0.0,181.50034,5.206752,12.409095118848162,4.063663,4.130049,0.6328098960594805,1.0,1.0,1.0,1.0,1.4555094,0.19515634,74.45457071308897,31.24051,1,0,1,1.0,0.0,1.0,far,0.0,0.0,0.0,0.0,0.0,0.0,0.0,0.0,0.0,0.0,1.0,0.0,1.0,0.0,1.0
57345,7,2.78,5.0,73.0,245020.0,59.199547,67.35664,181500.33,299887.53,1,1.0,0.0,181.50034,5.206752,12.409095118848162,4.097665,4.2100015,0.6328098960594805,1.0,1.0,1.0,1.0,1.329724,-0.12578547,86.86366583193714,36.44726,1,0,1,1.0,0.0,1.0,far,0.0,0.0,0.0,0.0,0.0,0.0,0.0,0.0,0.0,0.0,1.0,0.0,1.0,0.0,1.0
57364,1,3.1399999,5.0,73.0,305610.0,44.72108,51.975067,193867.75,312019.78,1,1.0,0.0,193.86775,5.272321,12.630065058252221,3.8225594,3.9507642,0.65974921438314,1.0,1.0,1.0,1.0,1.4206958,,12.630065058252221,5.272321,0,0,0,0.0,0.0,0.0,far,0.0,0.0,0.0,0.0,0.0,0.0,0.0,0.0,0.0,0.0,1.0,0.0,0.0,0.0,0.0
57364,2,3.0533333,5.0,73.0,305610.0,49.058662,55.049683,193867.75,312019.78,1,1.0,0.0,193.86775,5.272321,12.630065058252221,3.9131956,4.008236,0.65974921438314,1.0,1.0,1.0,1.0,1.3995396,-0.021156192,25.260130116504442,10.544642,0,0,0,0.0,0.0,0.0,far,0.0,0.0,0.0,0.0,0.0,0.0,0.0,0.0,0.0,0.0,1.0,0.0,0.0,0.0,0.0
57364,3,3.7575,5.0,73.0,305610.0,56.450195,57.51304,193867.75,312019.78,1,1.0,0.0,193.86775,5.272321,12.630065058252221,4.0509186,4.0520115,0.65974921438314,1.0,1.0,1.0,1.0,1.5597223,0.16018271,37.89019517475666,15.816963,1,1,0,1.0,1.0,0.0,far,0.0,0.0,0.0,0.0,0.0,0.0,0.0,0.0,0.0,0.0,1.0,1.0,0.0,1.0,0.0
57364,4,3.6033335,5.0,73.0,305610.0,60.950512,63.9623,193867.75,312019.78,1,1.0,0.0,193.86775,5.272321,12.630065058252221,4.126336,4.1582937,0.65974921438314,1.0,1.0,1.0,1.0,1.5267807,-0.03294158,50.520260233008884,21.089285,1,1,0,1.0,1.0,0.0,far,0.0,0.0,0.0,0.0,0.0,0.0,0.0,0.0,0.0,0.0,1.0,1.0,0.0,1.0,0.0
57364,5,2.95,5.0,73.0,305610.0,56.335728,61.17936,193867.75,312019.78,1,1.0,0.0,193.86775,5.272321,12.630065058252221,4.048924,4.11381,0.65974921438314,1.0,1.0,1.0,1.0,1.3737156,-0.15306509,63.150325291261105,26.361607,1,0,1,1.0,0.0,1.0,far,0.0,0.0,0.0,0.0,0.0,0.0,0.0,0.0,0.0,0.0,1.0,0.0,1.0,0.0,1.0
57364,6,4.09,5.0,73.0,305610.0,52.850704,58.751476,193867.75,312019.78,1,1.0,0.0,193.86775,5.272321,12.630065058252221,3.9862156,4.073316,0.65974921438314,1.0,1.0,1.0,1.0,1.6272779,0.2535622,75.78039034951333,31.633926,1,0,1,1.0,0.0,1.0,far,0.0,0.0,0.0,0.0,0.0,0.0,0.0,0.0,0.0,0.0,1.0,0.0,1.0,0.0,1.0
57364,7,4.26,5.0,73.0,305610.0,55.044567,63.81903,193867.75,312019.78,1,1.0,0.0,193.86775,5.272321,12.630065058252221,4.0261474,4.1560516,0.65974921438314,1.0,1.0,1.0,1.0,1.6601311,0.032853246,88.41045540776554,36.90625,1,0,1,1.0,0.0,1.0,far,0.0,0.0,0.0,0.0,0.0,0.0,0.0,0.0,0.0,0.0,1.0,0.0,1.0,0.0,1.0
57385,1,11.87,5.0,73.0,128830.0,42.02308,48.824177,177560.48,295668.34,1,1.0,0.0,177.56049,5.1849275,11.76624898478557,3.7617366,3.8882256,0.5809260401036275,1.0,1.0,1.0,1.0,2.554899,,11.76624898478557,5.1849275,0,0,0,0.0,0.0,0.0,far,0.0,0.0,0.0,0.0,0.0,0.0,0.0,0.0,0.0,0.0,1.0,0.0,0.0,0.0,0.0
57385,2,12.006666,5.0,73.0,128830.0,46.132023,51.663757,177560.48,295668.34,1,1.0,0.0,177.56049,5.1849275,11.76624898478557,3.8529527,3.9447565,0.5809260401036275,1.0,1.0,1.0,1.0,2.565462,0.010563135,23.53249796957114,10.369855,0,0,0,0.0,0.0,0.0,far,0.0,0.0,0.0,0.0,0.0,0.0,0.0,0.0,0.0,0.0,1.0,0.0,0.0,0.0,0.0
57385,3,10.5025,5.0,73.0,128830.0,53.557327,54.49329,177560.48,295668.34,1,1.0,0.0,177.56049,5.1849275,11.76624898478557,3.999252,3.9980776,0.5809260401036275,1.0,1.0,1.0,1.0,2.4425642,-0.12289786,35.29874695435671,15.554783,1,1,0,1.0,1.0,0.0,far,0.0,0.0,0.0,0.0,0.0,0.0,0.0,0.0,0.0,0.0,1.0,1.0,0.0,1.0,0.0
57385,4,9.896667,5.0,73.0,128830.0,58.05215,60.834637,177560.48,295668.34,1,1.0,0.0,177.56049,5.1849275,11.76624898478557,4.078421,4.1081595,0.5809260401036275,1.0,1.0,1.0,1.0,2.3884568,-0.054107428,47.06499593914228,20.73971,1,1,0,1.0,1.0,0.0,far,0.0,0.0,0.0,0.0,0.0,0.0,0.0,0.0,0.0,0.0,1.0,1.0,0.0,1.0,0.0
57385,5,7.483333,5.0,73.0,128830.0,53.341415,57.730877,177560.48,295668.34,1,1.0,0.0,177.56049,5.1849275,11.76624898478557,3.9952867,4.0557923,0.5809260401036275,1.0,1.0,1.0,1.0,2.1381035,-0.25035334,58.83124492392785,25.924637,1,0,1,1.0,0.0,1.0,far,0.0,0.0,0.0,0.0,0.0,0.0,0.0,0.0,0.0,0.0,1.0,0.0,1.0,0.0,1.0
57385,6,9.393333,5.0,73.0,128830.0,49.891315,55.240517,177560.48,295668.34,1,1.0,0.0,177.56049,5.1849275,11.76624898478557,3.9296923,4.011697,0.5809260401036275,1.0,1.0,1.0,1.0,2.3411646,0.2030611,70.59749390871342,31.109566,1,0,1,1.0,0.0,1.0,far,0.0,0.0,0.0,0.0,0.0,0.0,0.0,0.0,0.0,0.0,1.0,0.0,1.0,0.0,1.0
57385,7,10.735001,5.0,73.0,128830.0,51.91426,59.870678,177560.48,295668.34,1,1.0,0.0,177.56049,5.1849275,11.76624898478557,3.968673,4.092187,0.5809260401036275,1.0,1.0,1.0,1.0,2.462576,0.12141132,82.363742893499,36.29449,1,0,1,1.0,0.0,1.0,far,0.0,0.0,0.0,0.0,0.0,0.0,0.0,0.0,0.0,0.0,1.0,0.0,1.0,0.0,1.0
57605,1,3.31,5.0,76.0,123520.0,37.315407,39.10471,58752.05,123431.74,1,1.0,0.0,58.752052,4.090204,11.724158365258603,3.645852,3.6662428,0.37795809555461324,1.0,1.0,1.0,1.0,1.4609379,,11.724158365258603,4.090204,0,0,0,0.0,0.0,0.0,near,1.0,0.0,0.0,0.0,0.0,0.0,0.0,0.0,0.0,0.0,0.0,0.0,0.0,0.0,0.0
57605,2,2.96,5.0,76.0,123520.0,38.298523,37.962902,58752.05,123431.74,1,1.0,0.0,58.752052,4.090204,11.724158365258603,3.671187,3.6366096,0.37795809555461324,1.0,1.0,1.0,1.0,1.3762441,-0.08469379,23.448316730517206,8.180408,0,0,0,0.0,0.0,0.0,near,1.0,0.0,0.0,0.0,0.0,0.0,0.0,0.0,0.0,0.0,0.0,0.0,0.0,0.0,0.0
57605,3,3.8425,5.0,76.0,123520.0,43.186737,42.259895,58752.05,123431.74,1,1.0,0.0,58.752052,4.090204,11.724158365258603,3.7884247,3.7438385,0.37795809555461324,1.0,1.0,1.0,1.0,1.5774311,0.20118701,35.17247509577581,12.270611,1,1,0,1.0,1.0,0.0,near,1.0,1.0,0.0,1.0,0.0,0.0,0.0,0.0,0.0,0.0,0.0,0.0,0.0,0.0,0.0
57605,4,3.9133334,5.0,76.0,123520.0,45.8357,42.089676,58752.05,123431.74,1,1.0,0.0,58.752052,4.090204,11.724158365258603,3.8466458,3.7398026,0.37795809555461324,1.0,1.0,1.0,1.0,1.5919526,0.01452148,46.89663346103441,16.360815,1,1,0,1.0,1.0,0.0,near,1.0,1.0,0.0,1.0,0.0,0.0,0.0,0.0,0.0,0.0,0.0,0.0,0.0,0.0,0.0
57605,5,2.77,5.0,76.0,123520.0,47.776142,48.108864,58752.05,123431.74,1,1.0,0.0,58.752052,4.090204,11.724158365258603,3.8872414,3.8734665,0.37795809555461324,1.0,1.0,1.0,1.0,1.327075,-0.26487756,58.620791826293015,20.45102,1,0,1,1.0,0.0,1.0,near,1.0,0.0,1.0,0.0,1.0,0.0,0.0,0.0,0.0,0.0,0.0,0.0,0.0,0.0,0.0
57605,6,2.91,5.0,76.0,123520.0,39.267906,38.643528,58752.05,123431.74,1,1.0,0.0,58.752052,4.090204,11.724158365258603,3.6955547,3.6543794,0.37795809555461324,1.0,1.0,1.0,1.0,1.3635374,0.036462426,70.34495019155162,24.541222,1,0,1,1.0,0.0,1.0,near,1.0,0.0,1.0,0.0,1.0,0.0,0.0,0.0,0.0,0.0,0.0,0.0,0.0,0.0,0.0
57605,7,3.165,5.0,76.0,123520.0,43.47986,46.48346,58752.05,123431.74,1,1.0,0.0,58.752052,4.090204,11.724158365258603,3.7950366,3.8390965,0.37795809555461324,1.0,1.0,1.0,1.0,1.4267163,0.0631789,82.06910855681022,28.631426,1,0,1,1.0,0.0,1.0,near,1.0,0.0,1.0,0.0,1.0,0.0,0.0,0.0,0.0,0.0,0.0,0.0,0.0,0.0,0.0
57616,1,2.4133332,5.0,76.0,209800.0,43.253036,41.676025,51541.242,82700.59,1,1.0,0.0,51.54124,3.9615984,12.253909974944333,3.789924,3.729926,0.3947256988416232,1.0,1.0,1.0,1.0,1.2276893,,12.253909974944333,3.9615984,0,0,0,0.0,0.0,0.0,near,1.0,0.0,0.0,0.0,0.0,0.0,0.0,0.0,0.0,0.0,0.0,0.0,0.0,0.0,0.0
57616,2,2.7333333,5.0,76.0,209800.0,42.46138,39.705788,51541.242,82700.59,1,1.0,0.0,51.54124,3.9615984,12.253909974944333,3.7718728,3.681497,0.3947256988416232,1.0,1.0,1.0,1.0,1.3173015,0.089612246,24.507819949888667,7.923197,0,0,0,0.0,0.0,0.0,near,1.0,0.0,0.0,0.0,0.0,0.0,0.0,0.0,0.0,0.0,0.0,0.0,0.0,0.0,0.0
57616,3,2.7350001,5.0,76.0,209800.0,48.856358,46.735046,51541.242,82700.59,1,1.0,0.0,51.54124,3.9615984,12.253909974944333,3.909146,3.8444943,0.3947256988416232,1.0,1.0,1.0,1.0,1.3177478,0.00044631958,36.761729924833,11.884795,1,1,0,1.0,1.0,0.0,near,1.0,1.0,0.0,1.0,0.0,0.0,0.0,0.0,0.0,0.0,0.0,0.0,0.0,0.0,0.0
57616,4,2.6166666,5.0,76.0,209800.0,50.1394,44.77977,51541.242,82700.59,1,1.0,0.0,51.54124,3.9615984,12.253909974944333,3.9345553,3.8017564,0.3947256988416232,1.0,1.0,1.0,1.0,1.2855527,-0.03219509,49.015639899777334,15.846394,1,1,0,1.0,1.0,0.0,near,1.0,1.0,0.0,1.0,0.0,0.0,0.0,0.0,0.0,0.0,0.0,0.0,0.0,0.0,0.0
57616,5,1.8199999,5.0,76.0,209800.0,53.637165,51.395138,51541.242,82700.59,1,1.0,0.0,51.54124,3.9615984,12.253909974944333,4.0007143,3.9395435,0.3947256988416232,1.0,1.0,1.0,1.0,1.0367368,-0.2488159,61.26954987472167,19.807991,1,0,1,1.0,0.0,1.0,near,1.0,0.0,1.0,0.0,1.0,0.0,0.0,0.0,0.0,0.0,0.0,0.0,0.0,0.0,0.0
57616,6,2.2333333,5.0,76.0,209800.0,45.06439,41.60856,51541.242,82700.59,1,1.0,0.0,51.54124,3.9615984,12.253909974944333,3.8300402,3.7283058,0.3947256988416232,1.0,1.0,1.0,1.0,1.1735137,0.1367768,73.523459849666,23.76959,1,0,1,1.0,0.0,1.0,near,1.0,0.0,1.0,0.0,1.0,0.0,0.0,0.0,0.0,0.0,0.0,0.0,0.0,0.0,0.0
57616,7,2.765,5.0,76.0,209800.0,47.923943,47.869297,51541.242,82700.59,1,1.0,0.0,51.54124,3.9615984,12.253909974944333,3.890267,3.8684742,0.3947256988416232,1.0,1.0,1.0,1.0,1.3257478,0.1522342,85.77736982461033,27.73119,1,0,1,1.0,0.0,1.0,near,1.0,0.0,1.0,0.0,1.0,0.0,0.0,0.0,0.0,0.0,0.0,0.0,0.0,0.0,0.0
57619,1,2.0533333,5.0,76.0,80590.0,37.315407,39.10471,41408.402,125296.875,1,1.0,0.0,41.4084,3.7473464,11.297129851318557,3.645852,3.6662428,0.291876873911243,1.0,1.0,1.0,1.0,1.1162338,,11.297129851318557,3.7473464,0,0,0,0.0,0.0,0.0,near,1.0,0.0,0.0,0.0,0.0,0.0,0.0,0.0,0.0,0.0,0.0,0.0,0.0,0.0,0.0
57619,2,1.9833333,5.0,76.0,80590.0,38.298523,37.962902,41408.402,125296.875,1,1.0,0.0,41.4084,3.7473464,11.297129851318557,3.671187,3.6366096,0.291876873911243,1.0,1.0,1.0,1.0,1.0930412,-0.023192644,22.594259702637114,7.494693,0,0,0,0.0,0.0,0.0,near,1.0,0.0,0.0,0.0,0.0,0.0,0.0,0.0,0.0,0.0,0.0,0.0,0.0,0.0,0.0
57619,3,2.7575002,5.0,76.0,80590.0,43.186737,42.259895,41408.402,125296.875,1,1.0,0.0,41.4084,3.7473464,11.297129851318557,3.7884247,3.7438385,0.291876873911243,1.0,1.0,1.0,1.0,1.3237538,0.23071265,33.89138955395567,11.242039,1,1,0,1.0,1.0,0.0,near,1.0,1.0,0.0,1.0,0.0,0.0,0.0,0.0,0.0,0.0,0.0,0.0,0.0,0.0,0.0
57619,4,2.7,5.0,76.0,80590.0,45.8357,42.089676,41408.402,125296.875,1,1.0,0.0,41.4084,3.7473464,11.297129851318557,3.8466458,3.7398026,0.291876873911243,1.0,1.0,1.0,1.0,1.3083328,-0.015421033,45.18851940527423,14.989386,1,1,0,1.0,1.0,0.0,near,1.0,1.0,0.0,1.0,0.0,0.0,0.0,0.0,0.0,0.0,0.0,0.0,0.0,0.0,0.0
57619,5,1.9533334,5.0,76.0,80590.0,47.776142,48.108864,41408.402,125296.875,1,1.0,0.0,41.4084,3.7473464,11.297129851318557,3.8872414,3.8734665,0.291876873911243,1.0,1.0,1.0,1.0,1.0829345,-0.2253983,56.48564925659279,18.736732,1,0,1,1.0,0.0,1.0,near,1.0,0.0,1.0,0.0,1.0,0.0,0.0,0.0,0.0,0.0,0.0,0.0,0.0,0.0,0.0
57619,6,2.4833333,5.0,76.0,80590.0,39.267906,38.643528,41408.402,125296.875,1,1.0,0.0,41.4084,3.7473464,11.297129851318557,3.6955547,3.6543794,0.291876873911243,1.0,1.0,1.0,1.0,1.2479897,0.16505516,67.78277910791134,22.484077,1,0,1,1.0,0.0,1.0,near,1.0,0.0,1.0,0.0,1.0,0.0,0.0,0.0,0.0,0.0,0.0,0.0,0.0,0.0,0.0
57619,7,2.83,5.0,76.0,80590.0,43.47986,46.48346,41408.402,125296.875,1,1.0,0.0,41.4084,3.7473464,11.297129851318557,3.7950366,3.8390965,0.291876873911243,1.0,1.0,1.0,1.0,1.3428648,0.0948751,79.0799089592299,26.231424,1,0,1,1.0,0.0,1.0,near,1.0,0.0,1.0,0.0,1.0,0.0,0.0,0.0,0.0,0.0,0.0,0.0,0.0,0.0,0.0
57622,1,2.2966666,5.0,76.0,228410.0,37.315407,39.10471,50826.21,130241.195,1,1.0,0.0,50.82621,3.947896,12.33889753864268,3.645852,3.6662428,0.3986710559781515,1.0,1.0,1.0,1.0,1.1929119,,12.33889753864268,3.947896,0,0,0,0.0,0.0,0.0,near,1.0,0.0,0.0,0.0,0.0,0.0,0.0,0.0,0.0,0.0,0.0,0.0,0.0,0.0,0.0
57622,2,2.4633334,5.0,76.0,228410.0,38.298523,37.962902,50826.21,130241.195,1,1.0,0.0,50.82621,3.947896,12.33889753864268,3.671187,3.6366096,0.3986710559781515,1.0,1.0,1.0,1.0,1.2422315,0.049319625,24.67779507728536,7.895792,0,0,0,0.0,0.0,0.0,near,1.0,0.0,0.0,0.0,0.0,0.0,0.0,0.0,0.0,0.0,0.0,0.0,0.0,0.0,0.0
57622,3,3.1525,5.0,76.0,228410.0,43.186737,42.259895,50826.21,130241.195,1,1.0,0.0,50.82621,3.947896,12.33889753864268,3.7884247,3.7438385,0.3986710559781515,1.0,1.0,1.0,1.0,1.4237106,0.1814791,37.01669261592804,11.843688,1,1,0,1.0,1.0,0.0,near,1.0,1.0,0.0,1.0,0.0,0.0,0.0,0.0,0.0,0.0,0.0,0.0,0.0,0.0,0.0
57622,4,3.4399998,5.0,76.0,228410.0,45.8357,42.089676,50826.21,130241.195,1,1.0,0.0,50.82621,3.947896,12.33889753864268,3.8466458,3.7398026,0.3986710559781515,1.0,1.0,1.0,1.0,1.4906542,0.066943645,49.35559015457072,15.791584,1,1,0,1.0,1.0,0.0,near,1.0,1.0,0.0,1.0,0.0,0.0,0.0,0.0,0.0,0.0,0.0,0.0,0.0,0.0,0.0
57622,5,2.33,5.0,76.0,228410.0,47.776142,48.108864,50826.21,130241.195,1,1.0,0.0,50.82621,3.947896,12.33889753864268,3.8872414,3.8734665,0.3986710559781515,1.0,1.0,1.0,1.0,1.2029723,-0.28768194,61.694487693213404,19.73948,1,0,1,1.0,0.0,1.0,near,1.0,0.0,1.0,0.0,1.0,0.0,0.0,0.0,0.0,0.0,0.0,0.0,0.0,0.0,0.0
57622,6,2.8766665,5.0,76.0,228410.0,39.267906,38.643528,50826.21,130241.195,1,1.0,0.0,50.82621,3.947896,12.33889753864268,3.6955547,3.6543794,0.3986710559781515,1.0,1.0,1.0,1.0,1.3549757,0.15200341,74.03338523185607,23.687376,1,0,1,1.0,0.0,1.0,near,1.0,0.0,1.0,0.0,1.0,0.0,0.0,0.0,0.0,0.0,0.0,0.0,0.0,0.0,0.0
57622,7,2.7,5.0,76.0,228410.0,43.47986,46.48346,50826.21,130241.195,1,1.0,0.0,50.82621,3.947896,12.33889753864268,3.7950366,3.8390965,0.3986710559781515,1.0,1.0,1.0,1.0,1.3083328,-0.0466429,86.37228277049876,27.635273,1,0,1,1.0,0.0,1.0,near,1.0,0.0,1.0,0.0,1.0,0.0,0.0,0.0,0.0,0.0,0.0,0.0,0.0,0.0,0.0
57633,1,2.0166667,5.0,76.0,110300.0,38.3897,39.603275,41428.832,114981.9,1,1.0,0.0,41.428833,3.7478282,11.610959205241594,3.6735044,3.678912,0.31269663769221545,1.0,1.0,1.0,1.0,1.1041524,,11.610959205241594,3.7478282,0,0,0,0.0,0.0,0.0,near,1.0,0.0,0.0,0.0,0.0,0.0,0.0,0.0,0.0,0.0,0.0,0.0,0.0,0.0,0.0
57633,2,2.0733333,5.0,76.0,110300.0,39.171787,38.527107,41428.832,114981.9,1,1.0,0.0,41.428833,3.7478282,11.610959205241594,3.693165,3.6513622,0.31269663769221545,1.0,1.0,1.0,1.0,1.1227627,0.018610239,23.221918410483188,7.4956565,0,0,0,0.0,0.0,0.0,near,1.0,0.0,0.0,0.0,0.0,0.0,0.0,0.0,0.0,0.0,0.0,0.0,0.0,0.0,0.0
57633,3,2.9299998,5.0,76.0,110300.0,44.437725,43.214005,41428.832,114981.9,1,1.0,0.0,41.428833,3.7478282,11.610959205241594,3.8163428,3.7661645,0.31269663769221545,1.0,1.0,1.0,1.0,1.3686393,0.24587667,34.83287761572478,11.2434845,1,1,0,1.0,1.0,0.0,near,1.0,1.0,0.0,1.0,0.0,0.0,0.0,0.0,0.0,0.0,0.0,0.0,0.0,0.0,0.0
57633,4,2.9533334,5.0,76.0,110300.0,47.048252,42.901745,41428.832,114981.9,1,1.0,0.0,41.428833,3.7478282,11.610959205241594,3.8722057,3.7589126,0.31269663769221545,1.0,1.0,1.0,1.0,1.3745592,0.005919814,46.443836820966375,14.991313,1,1,0,1.0,1.0,0.0,near,1.0,1.0,0.0,1.0,0.0,0.0,0.0,0.0,0.0,0.0,0.0,0.0,0.0,0.0,0.0
57633,5,1.7833333,5.0,76.0,110300.0,48.958324,48.743256,41428.832,114981.9,1,1.0,0.0,41.428833,3.7478282,11.610959205241594,3.911189,3.8865669,0.31269663769221545,1.0,1.0,1.0,1.0,1.0236492,-0.35090995,58.05479602620797,18.739141,1,0,1,1.0,0.0,1.0,near,1.0,0.0,1.0,0.0,1.0,0.0,0.0,0.0,0.0,0.0,0.0,0.0,0.0,0.0,0.0
57633,6,2.1533334,5.0,76.0,110300.0,40.62455,39.449512,41428.832,114981.9,1,1.0,0.0,41.428833,3.7478282,11.610959205241594,3.7286901,3.6750216,0.31269663769221545,1.0,1.0,1.0,1.0,1.1484601,0.124810934,69.66575523144957,22.486969,1,0,1,1.0,0.0,1.0,near,1.0,0.0,1.0,0.0,1.0,0.0,0.0,0.0,0.0,0.0,0.0,0.0,0.0,0.0,0.0
57633,7,2.4299998,5.0,76.0,110300.0,44.472275,46.983658,41428.832,114981.9,1,1.0,0.0,41.428833,3.7478282,11.610959205241594,3.817103,3.8497999,0.31269663769221545,1.0,1.0,1.0,1.0,1.2325602,0.08410001,81.27671443669115,26.234798,1,0,1,1.0,0.0,1.0,near,1.0,0.0,1.0,0.0,1.0,0.0,0.0,0.0,0.0,0.0,0.0,0.0,0.0,0.0,0.0
57639,1,7.0066667,5.0,76.0,238540.0,37.532642,39.07864,77105.15,136660.23,1,1.0,0.0,77.10515,4.358056,12.38229229013266,3.6515057,3.665576,0.4766876112060069,1.0,1.0,1.0,1.0,2.0802746,,12.38229229013266,4.358056,0,0,0,0.0,0.0,0.0,near,1.0,0.0,0.0,0.0,0.0,0.0,0.0,0.0,0.0,0.0,0.0,0.0,0.0,0.0,0.0
57639,2,7.826667,5.0,76.0,238540.0,38.36755,37.79073,77105.15,136660.23,1,1.0,0.0,77.10515,4.358056,12.38229229013266,3.672942,3.6320639,0.4766876112060069,1.0,1.0,1.0,1.0,2.1777775,0.09750295,24.76458458026532,8.716112,0,0,0,0.0,0.0,0.0,near,1.0,0.0,0.0,0.0,0.0,0.0,0.0,0.0,0.0,0.0,0.0,0.0,0.0,0.0,0.0
57639,3,7.385,5.0,76.0,238540.0,43.268364,42.213043,77105.15,136660.23,1,1.0,0.0,77.10515,4.358056,12.38229229013266,3.7902703,3.7427292,0.4766876112060069,1.0,1.0,1.0,1.0,2.1264443,-0.05133319,37.14687687039798,13.074168,1,1,0,1.0,1.0,0.0,near,1.0,1.0,0.0,1.0,0.0,0.0,0.0,0.0,0.0,0.0,0.0,0.0,0.0,0.0,0.0
57639,4,7.9966664,5.0,76.0,238540.0,45.703537,41.89289,77105.15,136660.23,1,1.0,0.0,77.10515,4.358056,12.38229229013266,3.8438199,3.7351162,0.4766876112060069,1.0,1.0,1.0,1.0,2.196854,0.070409775,49.52916916053064,17.432224,1,1,0,1.0,1.0,0.0,near,1.0,1.0,0.0,1.0,0.0,0.0,0.0,0.0,0.0,0.0,0.0,0.0,0.0,0.0,0.0
57639,5,5.7599998,5.0,76.0,238540.0,47.91979,48.156673,77105.15,136660.23,1,1.0,0.0,77.10515,4.358056,12.38229229013266,3.890182,3.8744597,0.4766876112060069,1.0,1.0,1.0,1.0,1.9110229,-0.2858312,61.9114614506633,21.79028,1,0,1,1.0,0.0,1.0,near,1.0,0.0,1.0,0.0,1.0,0.0,0.0,0.0,0.0,0.0,0.0,0.0,0.0,0.0,0.0
57639,6,7.436667,5.0,76.0,238540.0,39.317898,38.557945,77105.15,136660.23,1,1.0,0.0,77.10515,4.358056,12.38229229013266,3.6967955,3.652162,0.4766876112060069,1.0,1.0,1.0,1.0,2.1325872,0.2215643,74.29375374079596,26.148336,1,0,1,1.0,0.0,1.0,near,1.0,0.0,1.0,0.0,1.0,0.0,0.0,0.0,0.0,0.0,0.0,0.0,0.0,0.0,0.0
57639,7,8.95,5.0,76.0,238540.0,43.518074,46.314873,77105.15,136660.23,1,1.0,0.0,77.10515,4.358056,12.38229229013266,3.7958953,3.835463,0.4766876112060069,1.0,1.0,1.0,1.0,2.2975726,0.16498542,86.67604603092863,30.506393,1,0,1,1.0,0.0,1.0,near,1.0,0.0,1.0,0.0,1.0,0.0,0.0,0.0,0.0,0.0,0.0,0.0,0.0,0.0,0.0
57655,1,6.9766665,5.0,76.0,429850.0,38.153316,39.04603,66253.51,117110.89,1,1.0,0.0,66.25351,4.2084694,12.97119158960259,3.6674852,3.664741,0.4951011932452275,1.0,1.0,1.0,1.0,2.0765207,,12.97119158960259,4.2084694,0,0,0,0.0,0.0,0.0,near,1.0,0.0,0.0,0.0,0.0,0.0,0.0,0.0,0.0,0.0,0.0,0.0,0.0,0.0,0.0
57655,2,6.9066668,5.0,76.0,429850.0,38.56476,37.353394,66253.51,117110.89,1,1.0,0.0,66.25351,4.2084694,12.97119158960259,3.6779387,3.6204238,0.4951011932452275,1.0,1.0,1.0,1.0,2.0677063,-0.008814335,25.94238317920518,8.416939,0,0,0,0.0,0.0,0.0,near,1.0,0.0,0.0,0.0,0.0,0.0,0.0,0.0,0.0,0.0,0.0,0.0,0.0,0.0,0.0
57655,3,6.7275,5.0,76.0,429850.0,43.501587,42.108353,66253.51,117110.89,1,1.0,0.0,66.25351,4.2084694,12.97119158960259,3.7955248,3.740246,0.4951011932452275,1.0,1.0,1.0,1.0,2.0447855,-0.022920847,38.91357476880777,12.625408,1,1,0,1.0,1.0,0.0,near,1.0,1.0,0.0,1.0,0.0,0.0,0.0,0.0,0.0,0.0,0.0,0.0,0.0,0.0,0.0
57655,4,6.9533334,5.0,76.0,429850.0,45.32593,41.454193,66253.51,117110.89,1,1.0,0.0,66.25351,4.2084694,12.97119158960259,3.835702,3.724589,0.4951011932452275,1.0,1.0,1.0,1.0,2.0735912,0.028805733,51.88476635841036,16.833878,1,1,0,1.0,1.0,0.0,near,1.0,1.0,0.0,1.0,0.0,0.0,0.0,0.0,0.0,0.0,0.0,0.0,0.0,0.0,0.0
57655,5,5.616667,5.0,76.0,429850.0,48.330204,48.309254,66253.51,117110.89,1,1.0,0.0,66.25351,4.2084694,12.97119158960259,3.8985367,3.877623,0.4951011932452275,1.0,1.0,1.0,1.0,1.8895917,-0.18399954,64.85595794801296,21.042347,1,0,1,1.0,0.0,1.0,near,1.0,0.0,1.0,0.0,1.0,0.0,0.0,0.0,0.0,0.0,0.0,0.0,0.0,0.0,0.0
57655,6,7.3733335,5.0,76.0,429850.0,39.46072,38.33661,66253.51,117110.89,1,1.0,0.0,66.25351,4.2084694,12.97119158960259,3.7003317,3.6464052,0.4951011932452275,1.0,1.0,1.0,1.0,2.125052,0.23546028,77.82714953761554,25.250816,1,0,1,1.0,0.0,1.0,near,1.0,0.0,1.0,0.0,1.0,0.0,0.0,0.0,0.0,0.0,0.0,0.0,0.0,0.0,0.0
57655,7,8.495,5.0,76.0,429850.0,43.627262,45.859325,66253.51,117110.89,1,1.0,0.0,66.25351,4.2084694,12.97119158960259,3.7983449,3.8255787,0.4951011932452275,1.0,1.0,1.0,1.0,2.2507653,0.12571335,90.79834112721812,29.459286,1,0,1,1.0,0.0,1.0,near,1.0,0.0,1.0,0.0,1.0,0.0,0.0,0.0,0.0,0.0,0.0,0.0,0.0,0.0,0.0
57672,1,2.58,5.0,76.0,282000.0,40.375607,40.378506,46552.707,100968.18,1,1.0,0.0,46.552708,3.8618388,12.54966234992025,3.7226915,3.6982975,0.39921644239999776,1.0,1.0,1.0,1.0,1.2753627,,12.54966234992025,3.8618388,0,0,0,0.0,0.0,0.0,near,1.0,0.0,0.0,0.0,0.0,0.0,0.0,0.0,0.0,0.0,0.0,0.0,0.0,0.0,0.0
57672,2,3.2766666,5.0,76.0,282000.0,40.54738,39.004524,46552.707,100968.18,1,1.0,0.0,46.552708,3.8618388,12.54966234992025,3.7268345,3.6636777,0.39921644239999776,1.0,1.0,1.0,1.0,1.4531739,0.17781115,25.0993246998405,7.7236776,0,0,0,0.0,0.0,0.0,near,1.0,0.0,0.0,0.0,0.0,0.0,0.0,0.0,0.0,0.0,0.0,0.0,0.0,0.0,0.0
57672,3,4.21,5.0,76.0,282000.0,46.325424,44.598976,46552.707,100968.18,1,1.0,0.0,46.552708,3.8618388,12.54966234992025,3.8570476,3.797711,0.39921644239999776,1.0,1.0,1.0,1.0,1.6505799,0.19740605,37.64898704976075,11.585516,1,1,0,1.0,1.0,0.0,near,1.0,1.0,0.0,1.0,0.0,0.0,0.0,0.0,0.0,0.0,0.0,0.0,0.0,0.0,0.0
57672,4,3.9933333,5.0,76.0,282000.0,48.435745,43.65384,46552.707,100968.18,1,1.0,0.0,46.552708,3.8618388,12.54966234992025,3.9006739,3.7762911,0.39921644239999776,1.0,1.0,1.0,1.0,1.6081038,-0.042476177,50.198649399681,15.447355,1,1,0,1.0,1.0,0.0,near,1.0,1.0,0.0,1.0,0.0,0.0,0.0,0.0,0.0,0.0,0.0,0.0,0.0,0.0,0.0
57672,5,3.3866668,5.0,76.0,282000.0,50.9119,49.795254,46552.707,100968.18,1,1.0,0.0,46.552708,3.8618388,12.54966234992025,3.949548,3.9079196,0.39921644239999776,1.0,1.0,1.0,1.0,1.4785696,-0.12953413,62.74831174960126,19.309195,1,0,1,1.0,0.0,1.0,near,1.0,0.0,1.0,0.0,1.0,0.0,0.0,0.0,0.0,0.0,0.0,0.0,0.0,0.0,0.0
57672,6,5.2133336,5.0,76.0,282000.0,42.55897,40.38577,46552.707,100968.18,1,1.0,0.0,46.552708,3.8618388,12.54966234992025,3.7741156,3.6984775,0.39921644239999776,1.0,1.0,1.0,1.0,1.8266976,0.34812796,75.2979740995215,23.171032,1,0,1,1.0,0.0,1.0,near,1.0,0.0,1.0,0.0,1.0,0.0,0.0,0.0,0.0,0.0,0.0,0.0,0.0,0.0,0.0
57672,7,5.38,5.0,76.0,282000.0,45.93712,47.355923,46552.707,100968.18,1,1.0,0.0,46.552708,3.8618388,12.54966234992025,3.8488088,3.857692,0.39921644239999776,1.0,1.0,1.0,1.0,1.8531681,0.026470542,87.84763644944175,27.032871,1,0,1,1.0,0.0,1.0,near,1.0,0.0,1.0,0.0,1.0,0.0,0.0,0.0,0.0,0.0,0.0,0.0,0.0,0.0,0.0
57683,1,1.9466667,5.0,76.0,212880.0,42.153946,40.70331,61578.797,90139.055,1,1.0,0.0,61.578796,4.1364264,12.268483905651571,3.7647738,3.7063093,0.4271942262695648,1.0,1.0,1.0,1.0,1.0806746,,12.268483905651571,4.1364264,0,0,0,0.0,0.0,0.0,near,1.0,0.0,0.0,0.0,0.0,0.0,0.0,0.0,0.0,0.0,0.0,0.0,0.0,0.0,0.0
57683,2,2.3766668,5.0,76.0,212880.0,41.275867,38.427883,61578.797,90139.055,1,1.0,0.0,61.578796,4.1364264,12.268483905651571,3.7442164,3.6487832,0.4271942262695648,1.0,1.0,1.0,1.0,1.216889,0.13621438,24.536967811303143,8.272853,0,0,0,0.0,0.0,0.0,near,1.0,0.0,0.0,0.0,0.0,0.0,0.0,0.0,0.0,0.0,0.0,0.0,0.0,0.0,0.0
57683,3,2.98,5.0,76.0,212880.0,47.133854,44.870872,61578.797,90139.055,1,1.0,0.0,61.578796,4.1364264,12.268483905651571,3.8739858,3.803789,0.4271942262695648,1.0,1.0,1.0,1.0,1.3812819,0.16439283,36.805451716954714,12.409279,1,1,0,1.0,1.0,0.0,near,1.0,1.0,0.0,1.0,0.0,0.0,0.0,0.0,0.0,0.0,0.0,0.0,0.0,0.0,0.0
57683,4,2.8066666,5.0,76.0,212880.0,47.882515,43.250328,61578.797,90139.055,1,1.0,0.0,61.578796,4.1364264,12.268483905651571,3.8894198,3.7670047,0.4271942262695648,1.0,1.0,1.0,1.0,1.3367538,-0.044528008,49.073935622606285,16.545706,1,1,0,1.0,1.0,0.0,near,1.0,1.0,0.0,1.0,0.0,0.0,0.0,0.0,0.0,0.0,0.0,0.0,0.0,0.0,0.0
57683,5,2.0,5.0,76.0,212880.0,52.178783,50.462044,61578.797,90139.055,1,1.0,0.0,61.578796,4.1364264,12.268483905651571,3.9736595,3.9212215,0.4271942262695648,1.0,1.0,1.0,1.0,1.0986123,-0.23814154,61.34241952825786,20.682133,1,0,1,1.0,0.0,1.0,near,1.0,0.0,1.0,0.0,1.0,0.0,0.0,0.0,0.0,0.0,0.0,0.0,0.0,0.0,0.0
57683,6,2.4266667,5.0,76.0,212880.0,43.105568,40.096035,61578.797,90139.055,1,1.0,0.0,61.578796,4.1364264,12.268483905651571,3.786586,3.6912775,0.4271942262695648,1.0,1.0,1.0,1.0,1.231588,0.1329757,73.61090343390943,24.818558,1,0,1,1.0,0.0,1.0,near,1.0,0.0,1.0,0.0,1.0,0.0,0.0,0.0,0.0,0.0,0.0,0.0,0.0,0.0,0.0
57683,7,2.62,5.0,76.0,212880.0,46.472084,46.61093,61578.797,90139.055,1,1.0,0.0,61.578796,4.1364264,12.268483905651571,3.8601418,3.841835,0.4271942262695648,1.0,1.0,1.0,1.0,1.286474,0.054885983,85.87938733956099,28.954985,1,0,1,1.0,0.0,1.0,near,1.0,0.0,1.0,0.0,1.0,0.0,0.0,0.0,0.0,0.0,0.0,0.0,0.0,0.0,0.0
57704,1,1.8566667,5.0,77.0,105450.0,52.81229,63.626953,245528.9,362836.7,1,1.0,0.0,245.5289,5.507479,11.565992185906921,3.985502,4.153037,0.6231471371620978,1.0,1.0,1.0,1.0,1.0496554,,11.565992185906921,5.507479,0,0,0,0.0,0.0,0.0,far,0.0,0.0,0.0,0.0,0.0,0.0,0.0,0.0,0.0,0.0,1.0,0.0,0.0,0.0,0.0
57704,2,1.9499999,5.0,77.0,105450.0,59.282967,69.171616,245528.9,362836.7,1,1.0,0.0,245.5289,5.507479,11.565992185906921,4.0990496,4.2365904,0.6231471371620978,1.0,1.0,1.0,1.0,1.0818051,0.032149673,23.131984371813843,11.014958,0,0,0,0.0,0.0,0.0,far,0.0,0.0,0.0,0.0,0.0,0.0,0.0,0.0,0.0,0.0,1.0,0.0,0.0,0.0,0.0
57704,3,2.1525,5.0,77.0,105450.0,64.92967,70.12705,245528.9,362836.7,1,1.0,0.0,245.5289,5.507479,11.565992185906921,4.1885886,4.2503085,0.6231471371620978,1.0,1.0,1.0,1.0,1.1481957,0.06639063,34.697976557720764,16.522438,1,1,0,1.0,1.0,0.0,far,0.0,0.0,0.0,0.0,0.0,0.0,0.0,0.0,0.0,0.0,1.0,1.0,0.0,1.0,0.0
57704,4,2.2366667,5.0,77.0,105450.0,68.485405,74.88281,245528.9,362836.7,1,1.0,0.0,245.5289,5.507479,11.565992185906921,4.2411165,4.3159246,0.6231471371620978,1.0,1.0,1.0,1.0,1.174544,0.026348233,46.263968743627686,22.029917,1,1,0,1.0,1.0,0.0,far,0.0,0.0,0.0,0.0,0.0,0.0,0.0,0.0,0.0,0.0,1.0,1.0,0.0,1.0,0.0
57704,5,2.1633334,5.0,77.0,105450.0,66.31061,76.432014,245528.9,362836.7,1,1.0,0.0,245.5289,5.507479,11.565992185906921,4.2093177,4.3364015,0.6231471371620978,1.0,1.0,1.0,1.0,1.1516263,-0.022917628,57.82996092953461,27.537395,1,0,1,1.0,0.0,1.0,far,0.0,0.0,0.0,0.0,0.0,0.0,0.0,0.0,0.0,0.0,1.0,0.0,1.0,0.0,1.0
57704,6,1.7933333,5.0,77.0,105450.0,62.321175,72.47101,245528.9,362836.7,1,1.0,0.0,245.5289,5.507479,11.565992185906921,4.1482196,4.2831864,0.6231471371620978,1.0,1.0,1.0,1.0,1.0272356,-0.12439072,69.39595311544153,33.044876,1,0,1,1.0,0.0,1.0,far,0.0,0.0,0.0,0.0,0.0,0.0,0.0,0.0,0.0,0.0,1.0,0.0,1.0,0.0,1.0
57704,7,2.48,5.0,77.0,105450.0,65.38338,78.536255,245528.9,362836.7,1,1.0,0.0,245.5289,5.507479,11.565992185906921,4.1954465,4.36356,0.6231471371620978,1.0,1.0,1.0,1.0,1.2470323,0.21979666,80.96194530134845,38.552353,1,0,1,1.0,0.0,1.0,far,0.0,0.0,0.0,0.0,0.0,0.0,0.0,0.0,0.0,0.0,1.0,0.0,1.0,0.0,1.0
57725,1,1.53,5.0,77.0,168750.0,59.009254,69.13227,236316.06,354299.88,1,1.0,0.0,236.31606,5.469393,12.036173608734776,4.0944986,4.2360215,0.6506948020415213,1.0,1.0,1.0,1.0,0.9282193,,12.036173608734776,5.469393,0,0,0,0.0,0.0,0.0,far,0.0,0.0,0.0,0.0,0.0,0.0,0.0,0.0,0.0,0.0,1.0,0.0,0.0,0.0,0.0
57725,2,1.88,5.0,77.0,168750.0,64.67581,73.67749,236316.06,354299.88,1,1.0,0.0,236.31606,5.469393,12.036173608734776,4.1847305,4.2996974,0.6506948020415213,1.0,1.0,1.0,1.0,1.0577903,0.12957096,24.072347217469552,10.938786,0,0,0,0.0,0.0,0.0,far,0.0,0.0,0.0,0.0,0.0,0.0,0.0,0.0,0.0,0.0,1.0,0.0,0.0,0.0,0.0
57725,3,1.7775,5.0,77.0,168750.0,71.75432,74.55223,236316.06,354299.88,1,1.0,0.0,236.31606,5.469393,12.036173608734776,4.2870884,4.3115,0.6506948020415213,1.0,1.0,1.0,1.0,1.0215514,-0.03623891,36.10852082620433,16.408178,1,1,0,1.0,1.0,0.0,far,0.0,0.0,0.0,0.0,0.0,0.0,0.0,0.0,0.0,0.0,1.0,1.0,0.0,1.0,0.0
57725,4,1.8533334,5.0,77.0,168750.0,76.205284,81.259636,236316.06,354299.88,1,1.0,0.0,236.31606,5.469393,12.036173608734776,4.346468,4.3976493,0.6506948020415213,1.0,1.0,1.0,1.0,1.0484879,0.026936531,48.144694434939105,21.877571,1,1,0,1.0,1.0,0.0,far,0.0,0.0,0.0,0.0,0.0,0.0,0.0,0.0,0.0,0.0,1.0,1.0,0.0,1.0,0.0
57725,5,1.57,5.0,77.0,168750.0,72.27434,80.27345,236316.06,354299.88,1,1.0,0.0,236.31606,5.469393,12.036173608734776,4.2942104,4.385439,0.6506948020415213,1.0,1.0,1.0,1.0,0.94390595,-0.10458195,60.18086804367388,27.346964,1,0,1,1.0,0.0,1.0,far,0.0,0.0,0.0,0.0,0.0,0.0,0.0,0.0,0.0,0.0,1.0,0.0,1.0,0.0,1.0
57725,6,1.7133332,5.0,77.0,168750.0,68.57173,77.78601,236316.06,354299.88,1,1.0,0.0,236.31606,5.469393,12.036173608734776,4.242358,4.3539615,0.6506948020415213,1.0,1.0,1.0,1.0,0.99817777,0.054271817,72.21704165240865,32.816357,1,0,1,1.0,0.0,1.0,far,0.0,0.0,0.0,0.0,0.0,0.0,0.0,0.0,0.0,0.0,1.0,0.0,1.0,0.0,1.0
57725,7,2.1599998,5.0,77.0,168750.0,71.69981,85.07146,236316.06,354299.88,1,1.0,0.0,236.31606,5.469393,12.036173608734776,4.286339,4.4434915,0.6506948020415213,1.0,1.0,1.0,1.0,1.150572,0.15239418,84.25321526114344,38.28575,1,0,1,1.0,0.0,1.0,far,0.0,0.0,0.0,0.0,0.0,0.0,0.0,0.0,0.0,0.0,1.0,0.0,1.0,0.0,1.0
57734,1,1.3066667,5.0,77.0,159720.0,59.560097,69.66173,218810.42,336883.25,1,1.0,0.0,218.81042,5.3927655,11.981177561177157,4.1036363,4.243651,0.6336815394964612,1.0,1.0,1.0,1.0,0.83580357,,11.981177561177157,5.3927655,0,0,0,0.0,0.0,0.0,far,0.0,0.0,0.0,0.0,0.0,0.0,0.0,0.0,0.0,0.0,1.0,0.0,0.0,0.0,0.0
57734,2,1.53,5.0,77.0,159720.0,65.15518,74.12369,218810.42,336883.25,1,1.0,0.0,218.81042,5.3927655,11.981177561177157,4.1920033,4.305735,0.6336815394964612,1.0,1.0,1.0,1.0,0.9282193,0.09241575,23.962355122354314,10.785531,0,0,0,0.0,0.0,0.0,far,0.0,0.0,0.0,0.0,0.0,0.0,0.0,0.0,0.0,0.0,1.0,0.0,0.0,0.0,0.0
57734,3,1.4925001,5.0,77.0,159720.0,72.360954,74.99153,218810.42,336883.25,1,1.0,0.0,218.81042,5.3927655,11.981177561177157,4.295392,4.317375,0.6336815394964612,1.0,1.0,1.0,1.0,0.91328627,-0.01493305,35.94353268353147,16.178297,1,1,0,1.0,1.0,0.0,far,0.0,0.0,0.0,0.0,0.0,0.0,0.0,0.0,0.0,0.0,1.0,1.0,0.0,1.0,0.0
57734,4,1.3366667,5.0,77.0,159720.0,76.891495,81.86116,218810.42,336883.25,1,1.0,0.0,218.81042,5.3927655,11.981177561177157,4.3553166,4.4050245,0.6336815394964612,1.0,1.0,1.0,1.0,0.8487254,-0.06456089,47.92471024470863,21.571062,1,1,0,1.0,1.0,0.0,far,0.0,0.0,0.0,0.0,0.0,0.0,0.0,0.0,0.0,0.0,1.0,1.0,0.0,1.0,0.0
57734,5,1.21,5.0,77.0,159720.0,72.80444,80.660126,218810.42,336883.25,1,1.0,0.0,218.81042,5.3927655,11.981177561177157,4.301419,4.3902445,0.6336815394964612,1.0,1.0,1.0,1.0,0.79299253,-0.055732846,59.90588780588578,26.963827,1,0,1,1.0,0.0,1.0,far,0.0,0.0,0.0,0.0,0.0,0.0,0.0,0.0,0.0,0.0,1.0,0.0,1.0,0.0,1.0
57734,6,1.3666667,5.0,77.0,159720.0,69.12734,78.30142,218810.42,336883.25,1,1.0,0.0,218.81042,5.3927655,11.981177561177157,4.250313,4.3605657,0.6336815394964612,1.0,1.0,1.0,1.0,0.86148256,0.06849003,71.88706536706295,32.356594,1,0,1,1.0,0.0,1.0,far,0.0,0.0,0.0,0.0,0.0,0.0,0.0,0.0,0.0,0.0,1.0,0.0,1.0,0.0,1.0
57734,7,1.575,5.0,77.0,159720.0,72.26127,85.699615,218810.42,336883.25,1,1.0,0.0,218.81042,5.3927655,11.981177561177157,4.294032,4.450848,0.6336815394964612,1.0,1.0,1.0,1.0,0.94584954,0.08436698,83.8682429282401,37.74936,1,0,1,1.0,0.0,1.0,far,0.0,0.0,0.0,0.0,0.0,0.0,0.0,0.0,0.0,0.0,1.0,0.0,1.0,0.0,1.0
57773,1,1.7,5.0,77.0,192340.0,59.560097,69.66173,249379.1,367544.56,1,1.0,0.0,249.37909,5.522976,12.167019918266472,4.1036363,4.243651,0.6688173108263032,1.0,1.0,1.0,1.0,0.9932518,,12.167019918266472,5.522976,0,0,0,0.0,0.0,0.0,far,0.0,0.0,0.0,0.0,0.0,0.0,0.0,0.0,0.0,0.0,1.0,0.0,0.0,0.0,0.0
57773,2,1.7633333,5.0,77.0,192340.0,65.15518,74.12369,249379.1,367544.56,1,1.0,0.0,249.37909,5.522976,12.167019918266472,4.1920033,4.305735,0.6688173108263032,1.0,1.0,1.0,1.0,1.0164376,0.02318585,24.334039836532945,11.045952,0,0,0,0.0,0.0,0.0,far,0.0,0.0,0.0,0.0,0.0,0.0,0.0,0.0,0.0,0.0,1.0,0.0,0.0,0.0,0.0
57773,3,2.1975,5.0,77.0,192340.0,72.360954,74.99153,249379.1,367544.56,1,1.0,0.0,249.37909,5.522976,12.167019918266472,4.295392,4.317375,0.6688173108263032,1.0,1.0,1.0,1.0,1.1623693,0.1459316,36.501059754799414,16.568928,1,1,0,1.0,1.0,0.0,far,0.0,0.0,0.0,0.0,0.0,0.0,0.0,0.0,0.0,0.0,1.0,1.0,0.0,1.0,0.0
57773,4,2.16,5.0,77.0,192340.0,76.891495,81.86116,249379.1,367544.56,1,1.0,0.0,249.37909,5.522976,12.167019918266472,4.3553166,4.4050245,0.6688173108263032,1.0,1.0,1.0,1.0,1.1505721,-0.01179719,48.66807967306589,22.091904,1,1,0,1.0,1.0,0.0,far,0.0,0.0,0.0,0.0,0.0,0.0,0.0,0.0,0.0,0.0,1.0,1.0,0.0,1.0,0.0
57773,5,2.3533332,5.0,77.0,192340.0,72.80444,80.660126,249379.1,367544.56,1,1.0,0.0,249.37909,5.522976,12.167019918266472,4.301419,4.3902445,0.6688173108263032,1.0,1.0,1.0,1.0,1.2099549,0.059382796,60.835099591332366,27.61488,1,0,1,1.0,0.0,1.0,far,0.0,0.0,0.0,0.0,0.0,0.0,0.0,0.0,0.0,0.0,1.0,0.0,1.0,0.0,1.0
57773,6,3.8533332,5.0,77.0,192340.0,69.12734,78.30142,249379.1,367544.56,1,1.0,0.0,249.37909,5.522976,12.167019918266472,4.250313,4.3605657,0.6688173108263032,1.0,1.0,1.0,1.0,1.5796658,0.36971092,73.00211950959883,33.137856,1,0,1,1.0,0.0,1.0,far,0.0,0.0,0.0,0.0,0.0,0.0,0.0,0.0,0.0,0.0,1.0,0.0,1.0,0.0,1.0
57773,7,5.285,5.0,77.0,192340.0,72.26127,85.699615,249379.1,367544.56,1,1.0,0.0,249.37909,5.522976,12.167019918266472,4.294032,4.450848,0.6688173108263032,1.0,1.0,1.0,1.0,1.8381658,0.25849998,85.1691394278653,38.66083,1,0,1,1.0,0.0,1.0,far,0.0,0.0,0.0,0.0,0.0,0.0,0.0,0.0,0.0,0.0,1.0,0.0,1.0,0.0,1.0
57790,1,1.0533333,5.0,77.0,87560.0,57.766827,69.11566,269474.78,387406.8,1,1.0,0.0,269.4748,5.6001787,11.380079551636799,4.0735774,4.235781,0.6255959385452338,1.0,1.0,1.0,1.0,0.7194645,,11.380079551636799,5.6001787,0,0,0,0.0,0.0,0.0,far,0.0,0.0,0.0,0.0,0.0,0.0,0.0,0.0,0.0,0.0,1.0,0.0,0.0,0.0,0.0
57790,2,1.1133333,5.0,77.0,87560.0,64.8847,75.153404,269474.78,387406.8,1,1.0,0.0,269.4748,5.6001787,11.380079551636799,4.1879063,4.3195314,0.6255959385452338,1.0,1.0,1.0,1.0,0.74826646,0.028801978,22.760159103273597,11.200357,0,0,0,0.0,0.0,0.0,far,0.0,0.0,0.0,0.0,0.0,0.0,0.0,0.0,0.0,0.0,1.0,0.0,0.0,0.0,0.0
57790,3,1.1675,5.0,77.0,87560.0,70.36068,76.75878,269474.78,387406.8,1,1.0,0.0,269.4748,5.6001787,11.380079551636799,4.267747,4.3406677,0.6255959385452338,1.0,1.0,1.0,1.0,0.7735744,0.025307953,34.1402386549104,16.800537,1,1,0,1.0,1.0,0.0,far,0.0,0.0,0.0,0.0,0.0,0.0,0.0,0.0,0.0,0.0,1.0,1.0,0.0,1.0,0.0
57790,4,1.6133333,5.0,77.0,87560.0,74.36753,81.45414,269474.78,387406.8,1,1.0,0.0,269.4748,5.6001787,11.380079551636799,4.3223767,4.40004,0.6255959385452338,1.0,1.0,1.0,1.0,0.9606265,0.18705207,45.520318206547195,22.400715,1,1,0,1.0,1.0,0.0,far,0.0,0.0,0.0,0.0,0.0,0.0,0.0,0.0,0.0,0.0,1.0,1.0,0.0,1.0,0.0
57790,5,4.726667,5.0,77.0,87560.0,72.27912,83.45901,269474.78,387406.8,1,1.0,0.0,269.4748,5.6001787,11.380079551636799,4.2942758,4.4243555,0.6255959385452338,1.0,1.0,1.0,1.0,1.7451336,0.78450716,56.90039775818399,28.000893,1,0,1,1.0,0.0,1.0,far,0.0,0.0,0.0,0.0,0.0,0.0,0.0,0.0,0.0,0.0,1.0,0.0,1.0,0.0,1.0
57790,6,6.266667,5.0,77.0,87560.0,68.44216,79.31997,269474.78,387406.8,1,1.0,0.0,269.4748,5.6001787,11.380079551636799,4.2404943,4.37349,0.6255959385452338,1.0,1.0,1.0,1.0,1.9832977,0.23816407,68.2804773098208,33.601074,1,0,1,1.0,0.0,1.0,far,0.0,0.0,0.0,0.0,0.0,0.0,0.0,0.0,0.0,0.0,1.0,0.0,1.0,0.0,1.0
57790,7,6.9700003,5.0,77.0,87560.0,71.39021,85.83236,269474.78,387406.8,1,1.0,0.0,269.4748,5.6001787,11.380079551636799,4.282071,4.452396,0.6255959385452338,1.0,1.0,1.0,1.0,2.0756845,0.09238684,79.6605568614576,39.201252,1,0,1,1.0,0.0,1.0,far,0.0,0.0,0.0,0.0,0.0,0.0,0.0,0.0,0.0,0.0,1.0,0.0,1.0,0.0,1.0
58110,1,1.7733333,5.0,81.0,151500.0,32.884163,36.26614,98338.07,167792.58,1,1.0,0.0,98.33807,4.598529,11.928340903931561,3.5229478,3.5908844,0.48566618282901347,1.0,1.0,1.0,1.0,1.0200499,,11.928340903931561,4.598529,0,0,0,0.0,0.0,0.0,mid,0.0,0.0,0.0,0.0,0.0,1.0,0.0,0.0,0.0,0.0,0.0,0.0,0.0,0.0,0.0
58110,2,2.3833334,5.0,81.0,151500.0,34.72541,35.4554,98338.07,167792.58,1,1.0,0.0,98.33807,4.598529,11.928340903931561,3.5758622,3.5682755,0.48566618282901347,1.0,1.0,1.0,1.0,1.2188615,0.19881153,23.856681807863122,9.197058,0,0,0,0.0,0.0,0.0,mid,0.0,0.0,0.0,0.0,0.0,1.0,0.0,0.0,0.0,0.0,0.0,0.0,0.0,0.0,0.0
58110,3,2.575,5.0,81.0,151500.0,38.33715,38.627323,98338.07,167792.58,1,1.0,0.0,98.33807,4.598529,11.928340903931561,3.6721694,3.65396,0.48566618282901347,1.0,1.0,1.0,1.0,1.2739652,0.05510378,35.78502271179468,13.795587,1,1,0,1.0,1.0,0.0,mid,0.0,0.0,0.0,0.0,0.0,1.0,1.0,0.0,1.0,0.0,0.0,0.0,0.0,0.0,0.0
58110,4,2.2633333,5.0,81.0,151500.0,40.650845,39.07691,98338.07,167792.58,1,1.0,0.0,98.33807,4.598529,11.928340903931561,3.7293217,3.6655316,0.48566618282901347,1.0,1.0,1.0,1.0,1.1827492,-0.09121609,47.713363615726244,18.394115,1,1,0,1.0,1.0,0.0,mid,0.0,0.0,0.0,0.0,0.0,1.0,1.0,0.0,1.0,0.0,0.0,0.0,0.0,0.0,0.0
58110,5,1.79,5.0,81.0,151500.0,42.42292,45.542244,98338.07,167792.58,1,1.0,0.0,98.33807,4.598529,11.928340903931561,3.7709875,3.8186402,0.48566618282901347,1.0,1.0,1.0,1.0,1.0260416,-0.15670753,59.64170451965781,22.992645,1,0,1,1.0,0.0,1.0,mid,0.0,0.0,0.0,0.0,0.0,1.0,0.0,1.0,0.0,1.0,0.0,0.0,0.0,0.0,0.0
58110,6,1.51,5.0,81.0,151500.0,34.034164,35.283493,98338.07,167792.58,1,1.0,0.0,98.33807,4.598529,11.928340903931561,3.5563238,3.5634153,0.48566618282901347,1.0,1.0,1.0,1.0,0.9202827,-0.105758905,71.57004542358936,27.591173,1,0,1,1.0,0.0,1.0,mid,0.0,0.0,0.0,0.0,0.0,1.0,0.0,1.0,0.0,1.0,0.0,0.0,0.0,0.0,0.0
58110,7,1.93,5.0,81.0,151500.0,38.562874,42.768852,98338.07,167792.58,1,1.0,0.0,98.33807,4.598529,11.928340903931561,3.6778913,3.75581,0.48566618282901347,1.0,1.0,1.0,1.0,1.0750023,0.15471959,83.49838632752093,32.1897,1,0,1,1.0,0.0,1.0,mid,0.0,0.0,0.0,0.0,0.0,1.0,0.0,1.0,0.0,1.0,0.0,0.0,0.0,0.0,0.0
58112,1,1.5066667,5.0,81.0,283320.0,32.04655,36.291477,99974.695,194824.5,1,1.0,0.0,99.97469,4.61487,12.554332279867559,3.4979172,3.591583,0.5376819709254141,1.0,1.0,1.0,1.0,0.9189539,,12.554332279867559,4.61487,0,0,0,0.0,0.0,0.0,mid,0.0,0.0,0.0,0.0,0.0,1.0,0.0,0.0,0.0,0.0,0.0,0.0,0.0,0.0,0.0
58112,2,1.5633334,5.0,81.0,283320.0,34.463165,36.959854,99974.695,194824.5,1,1.0,0.0,99.97469,4.61487,12.554332279867559,3.5684946,3.6098323,0.5376819709254141,1.0,1.0,1.0,1.0,0.94130856,0.022354662,25.108664559735118,9.22974,0,0,0,0.0,0.0,0.0,mid,0.0,0.0,0.0,0.0,0.0,1.0,0.0,0.0,0.0,0.0,0.0,0.0,0.0,0.0,0.0
58112,3,1.6925,5.0,81.0,283320.0,39.407604,40.305702,99974.695,194824.5,1,1.0,0.0,99.97469,4.61487,12.554332279867559,3.699018,3.696493,0.5376819709254141,1.0,1.0,1.0,1.0,0.9904702,0.049161613,37.66299683960268,13.84461,1,1,0,1.0,1.0,0.0,mid,0.0,0.0,0.0,0.0,0.0,1.0,1.0,0.0,1.0,0.0,0.0,0.0,0.0,0.0,0.0
58112,4,1.5466666,5.0,81.0,283320.0,42.724297,42.31107,99974.695,194824.5,1,1.0,0.0,99.97469,4.61487,12.554332279867559,3.777904,3.7450488,0.5376819709254141,1.0,1.0,1.0,1.0,0.9347853,-0.055684865,50.217329119470236,18.45948,1,1,0,1.0,1.0,0.0,mid,0.0,0.0,0.0,0.0,0.0,1.0,1.0,0.0,1.0,0.0,0.0,0.0,0.0,0.0,0.0
58112,5,1.5233333,5.0,81.0,283320.0,41.94191,45.2327,99974.695,194824.5,1,1.0,0.0,99.97469,4.61487,12.554332279867559,3.7598484,3.8118203,0.5376819709254141,1.0,1.0,1.0,1.0,0.9255808,-0.009204507,62.771661399337795,23.07435,1,0,1,1.0,0.0,1.0,mid,0.0,0.0,0.0,0.0,0.0,1.0,0.0,1.0,0.0,1.0,0.0,0.0,0.0,0.0,0.0
58112,6,1.7866666,5.0,81.0,283320.0,35.379135,37.69951,99974.695,194824.5,1,1.0,0.0,99.97469,4.61487,12.554332279867559,3.5939953,3.629647,0.5376819709254141,1.0,1.0,1.0,1.0,1.0248461,0.09926528,75.32599367920535,27.68922,1,0,1,1.0,0.0,1.0,mid,0.0,0.0,0.0,0.0,0.0,1.0,0.0,1.0,0.0,1.0,0.0,0.0,0.0,0.0,0.0
58112,7,1.685,5.0,81.0,283320.0,39.132175,44.25651,99974.695,194824.5,1,1.0,0.0,99.97469,4.61487,12.554332279867559,3.6921785,3.7900026,0.5376819709254141,1.0,1.0,1.0,1.0,0.9876807,-0.037165403,87.8803259590729,32.304092,1,0,1,1.0,0.0,1.0,mid,0.0,0.0,0.0,0.0,0.0,1.0,0.0,1.0,0.0,1.0,0.0,0.0,0.0,0.0,0.0
58122,1,44.47,5.0,81.0,293450.0,32.884163,36.26614,117324.72,195992.05,1,1.0,0.0,117.32472,4.7734327,12.58946254598648,3.5229478,3.5908844,0.5694438940664495,1.0,1.0,1.0,1.0,3.8170528,,12.58946254598648,4.7734327,0,0,0,0.0,0.0,0.0,mid,0.0,0.0,0.0,0.0,0.0,1.0,0.0,0.0,0.0,0.0,0.0,0.0,0.0,0.0,0.0
58122,2,45.5,5.0,81.0,293450.0,34.72541,35.4554,117324.72,195992.05,1,1.0,0.0,117.32472,4.7734327,12.58946254598648,3.5758622,3.5682755,0.5694438940664495,1.0,1.0,1.0,1.0,3.8394523,0.022399426,25.17892509197296,9.546865,0,0,0,0.0,0.0,0.0,mid,0.0,0.0,0.0,0.0,0.0,1.0,0.0,0.0,0.0,0.0,0.0,0.0,0.0,0.0,0.0
58122,3,42.895,5.0,81.0,293450.0,38.33715,38.627323,117324.72,195992.05,1,1.0,0.0,117.32472,4.7734327,12.58946254598648,3.6721694,3.65396,0.5694438940664495,1.0,1.0,1.0,1.0,3.7818005,-0.05765176,37.76838763795944,14.320298,1,1,0,1.0,1.0,0.0,mid,0.0,0.0,0.0,0.0,0.0,1.0,1.0,0.0,1.0,0.0,0.0,0.0,0.0,0.0,0.0
58122,4,40.306667,5.0,81.0,293450.0,40.650845,39.07691,117324.72,195992.05,1,1.0,0.0,117.32472,4.7734327,12.58946254598648,3.7293217,3.6655316,0.5694438940664495,1.0,1.0,1.0,1.0,3.721024,-0.060776472,50.35785018394592,19.09373,1,1,0,1.0,1.0,0.0,mid,0.0,0.0,0.0,0.0,0.0,1.0,1.0,0.0,1.0,0.0,0.0,0.0,0.0,0.0,0.0
58122,5,35.0,5.0,81.0,293450.0,42.42292,45.542244,117324.72,195992.05,1,1.0,0.0,117.32472,4.7734327,12.58946254598648,3.7709875,3.8186402,0.5694438940664495,1.0,1.0,1.0,1.0,3.583519,-0.13750505,62.9473127299324,23.867165,1,0,1,1.0,0.0,1.0,mid,0.0,0.0,0.0,0.0,0.0,1.0,0.0,1.0,0.0,1.0,0.0,0.0,0.0,0.0,0.0
58122,6,43.786667,5.0,81.0,293450.0,34.034164,35.283493,117324.72,195992.05,1,1.0,0.0,117.32472,4.7734327,12.58946254598648,3.5563238,3.5634153,0.5694438940664495,1.0,1.0,1.0,1.0,3.8019104,0.21839142,75.53677527591888,28.640596,1,0,1,1.0,0.0,1.0,mid,0.0,0.0,0.0,0.0,0.0,1.0,0.0,1.0,0.0,1.0,0.0,0.0,0.0,0.0,0.0
58122,7,44.315002,5.0,81.0,293450.0,38.562874,42.768852,117324.72,195992.05,1,1.0,0.0,117.32472,4.7734327,12.58946254598648,3.6778913,3.75581,0.5694438940664495,1.0,1.0,1.0,1.0,3.8136382,0.01172781,88.12623782190536,33.41403,1,0,1,1.0,0.0,1.0,mid,0.0,0.0,0.0,0.0,0.0,1.0,0.0,1.0,0.0,1.0,0.0,0.0,0.0,0.0,0.0
58125,1,3.4333334,5.0,81.0,164110.0,32.884163,36.26614,101926.195,178165.78,1,1.0,0.0,101.92619,4.634012,12.008292213673673,3.5229478,3.5908844,0.4985051530970968,1.0,1.0,1.0,1.0,1.4891517,,12.008292213673673,4.634012,0,0,0,0.0,0.0,0.0,mid,0.0,0.0,0.0,0.0,0.0,1.0,0.0,0.0,0.0,0.0,0.0,0.0,0.0,0.0,0.0
58125,2,3.8633335,5.0,81.0,164110.0,34.72541,35.4554,101926.195,178165.78,1,1.0,0.0,101.92619,4.634012,12.008292213673673,3.5758622,3.5682755,0.4985051530970968,1.0,1.0,1.0,1.0,1.5817242,0.09257245,24.016584427347347,9.268024,0,0,0,0.0,0.0,0.0,mid,0.0,0.0,0.0,0.0,0.0,1.0,0.0,0.0,0.0,0.0,0.0,0.0,0.0,0.0,0.0
58125,3,3.565,5.0,81.0,164110.0,38.33715,38.627323,101926.195,178165.78,1,1.0,0.0,101.92619,4.634012,12.008292213673673,3.6721694,3.65396,0.4985051530970968,1.0,1.0,1.0,1.0,1.5184186,-0.06330562,36.024876641021024,13.902037,1,1,0,1.0,1.0,0.0,mid,0.0,0.0,0.0,0.0,0.0,1.0,1.0,0.0,1.0,0.0,0.0,0.0,0.0,0.0,0.0
58125,4,3.6866665,5.0,81.0,164110.0,40.650845,39.07691,101926.195,178165.78,1,1.0,0.0,101.92619,4.634012,12.008292213673673,3.7293217,3.6655316,0.4985051530970968,1.0,1.0,1.0,1.0,1.5447216,0.026303053,48.03316885469469,18.536049,1,1,0,1.0,1.0,0.0,mid,0.0,0.0,0.0,0.0,0.0,1.0,1.0,0.0,1.0,0.0,0.0,0.0,0.0,0.0,0.0
58125,5,2.9433334,5.0,81.0,164110.0,42.42292,45.542244,101926.195,178165.78,1,1.0,0.0,101.92619,4.634012,12.008292213673673,3.7709875,3.8186402,0.4985051530970968,1.0,1.0,1.0,1.0,1.3720264,-0.17269516,60.04146106836836,23.170061,1,0,1,1.0,0.0,1.0,mid,0.0,0.0,0.0,0.0,0.0,1.0,0.0,1.0,0.0,1.0,0.0,0.0,0.0,0.0,0.0
58125,6,2.9366667,5.0,81.0,164110.0,34.034164,35.283493,101926.195,178165.78,1,1.0,0.0,101.92619,4.634012,12.008292213673673,3.5563238,3.5634153,0.4985051530970968,1.0,1.0,1.0,1.0,1.3703344,-0.0016920567,72.04975328204205,27.804073,1,0,1,1.0,0.0,1.0,mid,0.0,0.0,0.0,0.0,0.0,1.0,0.0,1.0,0.0,1.0,0.0,0.0,0.0,0.0,0.0
58125,7,3.2199998,5.0,81.0,164110.0,38.562874,42.768852,101926.195,178165.78,1,1.0,0.0,101.92619,4.634012,12.008292213673673,3.6778913,3.75581,0.4985051530970968,1.0,1.0,1.0,1.0,1.4398351,0.069500685,84.05804549571572,32.438087,1,0,1,1.0,0.0,1.0,mid,0.0,0.0,0.0,0.0,0.0,1.0,0.0,1.0,0.0,1.0,0.0,0.0,0.0,0.0,0.0
58131,1,1.5433333,5.0,81.0,137070.0,32.764503,36.240116,102973.34,189847.58,1,1.0,0.0,102.97334,4.6441345,11.828247023225426,3.5194101,3.5901666,0.48627353467484163,1.0,1.0,1.0,1.0,0.93347555,,11.828247023225426,4.6441345,0,0,0,0.0,0.0,0.0,mid,0.0,0.0,0.0,0.0,0.0,1.0,0.0,0.0,0.0,0.0,0.0,0.0,0.0,0.0,0.0
58131,2,1.7933333,5.0,81.0,137070.0,34.687946,35.645527,102973.34,189847.58,1,1.0,0.0,102.97334,4.6441345,11.828247023225426,3.574813,3.5736237,0.48627353467484163,1.0,1.0,1.0,1.0,1.0272356,0.09376007,23.656494046450852,9.288269,0,0,0,0.0,0.0,0.0,mid,0.0,0.0,0.0,0.0,0.0,1.0,0.0,0.0,0.0,0.0,0.0,0.0,0.0,0.0,0.0
58131,3,2.3,5.0,81.0,137070.0,38.49007,38.81119,102973.34,189847.58,1,1.0,0.0,102.97334,4.6441345,11.828247023225426,3.6760492,3.6587086,0.48627353467484163,1.0,1.0,1.0,1.0,1.1939225,0.16668689,35.484741069676275,13.932404,1,1,0,1.0,1.0,0.0,mid,0.0,0.0,0.0,0.0,0.0,1.0,1.0,0.0,1.0,0.0,0.0,0.0,0.0,0.0,0.0
58131,4,2.5033333,5.0,81.0,137070.0,40.947052,39.463634,102973.34,189847.58,1,1.0,0.0,102.97334,4.6441345,11.828247023225426,3.7364082,3.6753795,0.48627353467484163,1.0,1.0,1.0,1.0,1.2537149,0.0597924,47.312988092901705,18.576538,1,1,0,1.0,1.0,0.0,mid,0.0,0.0,0.0,0.0,0.0,1.0,1.0,0.0,1.0,0.0,0.0,0.0,0.0,0.0,0.0
58131,5,2.79,5.0,81.0,137070.0,42.354206,45.494446,102973.34,189847.58,1,1.0,0.0,102.97334,4.6441345,11.828247023225426,3.7694037,3.8175902,0.48627353467484163,1.0,1.0,1.0,1.0,1.332366,0.07865107,59.141235116127135,23.220673,1,0,1,1.0,0.0,1.0,mid,0.0,0.0,0.0,0.0,0.0,1.0,0.0,1.0,0.0,1.0,0.0,0.0,0.0,0.0,0.0
58131,6,3.0133333,5.0,81.0,137070.0,34.226303,35.612576,102973.34,189847.58,1,1.0,0.0,102.97334,4.6441345,11.828247023225426,3.561793,3.5726988,0.48627353467484163,1.0,1.0,1.0,1.0,1.3896222,0.05725622,70.96948213935255,27.864807,1,0,1,1.0,0.0,1.0,mid,0.0,0.0,0.0,0.0,0.0,1.0,0.0,1.0,0.0,1.0,0.0,0.0,0.0,0.0,0.0
58131,7,4.175,5.0,81.0,137070.0,38.644203,42.97571,102973.34,189847.58,1,1.0,0.0,102.97334,4.6441345,11.828247023225426,3.6799448,3.7606351,0.48627353467484163,1.0,1.0,1.0,1.0,1.6438394,0.25421715,82.79772916257798,32.50894,1,0,1,1.0,0.0,1.0,mid,0.0,0.0,0.0,0.0,0.0,1.0,0.0,1.0,0.0,1.0,0.0,0.0,0.0,0.0,0.0
58134,1,1.83,5.0,81.0,216030.0,30.050297,34.27506,137422.05,219527.12,1,1.0,0.0,137.42204,4.9303074,12.283172565911022,3.4356084,3.5344179,0.5744090948773701,1.0,1.0,1.0,1.0,1.0402768,,12.283172565911022,4.9303074,0,0,0,0.0,0.0,0.0,far,0.0,0.0,0.0,0.0,0.0,0.0,0.0,0.0,0.0,0.0,1.0,0.0,0.0,0.0,0.0
58134,2,2.1766667,5.0,81.0,216030.0,32.698296,35.08474,137422.05,219527.12,1,1.0,0.0,137.42204,4.9303074,12.283172565911022,3.5174472,3.5577662,0.5744090948773701,1.0,1.0,1.0,1.0,1.1558324,0.115555644,24.566345131822043,9.860615,0,0,0,0.0,0.0,0.0,far,0.0,0.0,0.0,0.0,0.0,0.0,0.0,0.0,0.0,0.0,1.0,0.0,0.0,0.0,0.0
58134,3,2.825,5.0,81.0,216030.0,36.332233,37.776222,137422.05,219527.12,1,1.0,0.0,137.42204,4.9303074,12.283172565911022,3.619857,3.6316798,0.5744090948773701,1.0,1.0,1.0,1.0,1.3415585,0.18572605,36.84951769773306,14.790922,1,1,0,1.0,1.0,0.0,far,0.0,0.0,0.0,0.0,0.0,0.0,0.0,0.0,0.0,0.0,1.0,1.0,0.0,1.0,0.0
58134,4,2.61,5.0,81.0,216030.0,38.40536,39.047432,137422.05,219527.12,1,1.0,0.0,137.42204,4.9303074,12.283172565911022,3.6739018,3.664777,0.5744090948773701,1.0,1.0,1.0,1.0,1.2837077,-0.05785072,49.132690263644086,19.72123,1,1,0,1.0,1.0,0.0,far,0.0,0.0,0.0,0.0,0.0,0.0,0.0,0.0,0.0,0.0,1.0,1.0,0.0,1.0,0.0
58134,5,2.47,5.0,81.0,216030.0,39.019844,44.20916,137422.05,219527.12,1,1.0,0.0,137.42204,4.9303074,12.283172565911022,3.6893754,3.788932,0.5744090948773701,1.0,1.0,1.0,1.0,1.2441546,-0.039553165,61.41586282955511,24.651537,1,0,1,1.0,0.0,1.0,far,0.0,0.0,0.0,0.0,0.0,0.0,0.0,0.0,0.0,0.0,1.0,0.0,1.0,0.0,1.0
58134,6,2.75,5.0,81.0,216030.0,31.95968,35.143234,137422.05,219527.12,1,1.0,0.0,137.42204,4.9303074,12.283172565911022,3.495285,3.559432,0.5744090948773701,1.0,1.0,1.0,1.0,1.3217559,0.07760131,73.69903539546613,29.581844,1,0,1,1.0,0.0,1.0,far,0.0,0.0,0.0,0.0,0.0,0.0,0.0,0.0,0.0,0.0,1.0,0.0,1.0,0.0,1.0
58134,7,2.725,5.0,81.0,216030.0,35.681606,41.12965,137422.05,219527.12,1,1.0,0.0,137.42204,4.9303074,12.283172565911022,3.6022754,3.7167292,0.5744090948773701,1.0,1.0,1.0,1.0,1.3150668,-0.0066890717,85.98220796137716,34.512154,1,0,1,1.0,0.0,1.0,far,0.0,0.0,0.0,0.0,0.0,0.0,0.0,0.0,0.0,0.0,1.0,0.0,1.0,0.0,1.0
58153,1,1.1933334,5.0,81.0,124220.0,32.04655,36.291477,115961.51,205203.62,1,1.0,0.0,115.96151,4.761845,11.729809466113293,3.4979172,3.591583,0.5003719923219521,1.0,1.0,1.0,1.0,0.7854225,,11.729809466113293,4.761845,0,0,0,0.0,0.0,0.0,mid,0.0,0.0,0.0,0.0,0.0,1.0,0.0,0.0,0.0,0.0,0.0,0.0,0.0,0.0,0.0
58153,2,1.42,5.0,81.0,124220.0,34.463165,36.959854,115961.51,205203.62,1,1.0,0.0,115.96151,4.761845,11.729809466113293,3.5684946,3.6098323,0.5003719923219521,1.0,1.0,1.0,1.0,0.8837676,0.0983451,23.459618932226586,9.52369,0,0,0,0.0,0.0,0.0,mid,0.0,0.0,0.0,0.0,0.0,1.0,0.0,0.0,0.0,0.0,0.0,0.0,0.0,0.0,0.0
58153,3,2.24,5.0,81.0,124220.0,39.407604,40.305702,115961.51,205203.62,1,1.0,0.0,115.96151,4.761845,11.729809466113293,3.699018,3.696493,0.5003719923219521,1.0,1.0,1.0,1.0,1.1755733,0.29180574,35.18942839833988,14.285536,1,1,0,1.0,1.0,0.0,mid,0.0,0.0,0.0,0.0,0.0,1.0,1.0,0.0,1.0,0.0,0.0,0.0,0.0,0.0,0.0
58153,4,2.8700001,5.0,81.0,124220.0,42.724297,42.31107,115961.51,205203.62,1,1.0,0.0,115.96151,4.761845,11.729809466113293,3.777904,3.7450488,0.5003719923219521,1.0,1.0,1.0,1.0,1.3532546,0.17768121,46.91923786445317,19.04738,1,1,0,1.0,1.0,0.0,mid,0.0,0.0,0.0,0.0,0.0,1.0,1.0,0.0,1.0,0.0,0.0,0.0,0.0,0.0,0.0
58153,5,2.65,5.0,81.0,124220.0,41.94191,45.2327,115961.51,205203.62,1,1.0,0.0,115.96151,4.761845,11.729809466113293,3.7598484,3.8118203,0.5003719923219521,1.0,1.0,1.0,1.0,1.2947272,-0.05852735,58.64904733056647,23.809225,1,0,1,1.0,0.0,1.0,mid,0.0,0.0,0.0,0.0,0.0,1.0,0.0,1.0,0.0,1.0,0.0,0.0,0.0,0.0,0.0
58153,6,3.96,5.0,81.0,124220.0,35.379135,37.69951,115961.51,205203.62,1,1.0,0.0,115.96151,4.761845,11.729809466113293,3.5939953,3.629647,0.5003719923219521,1.0,1.0,1.0,1.0,1.6014057,0.30667853,70.37885679667976,28.571072,1,0,1,1.0,0.0,1.0,mid,0.0,0.0,0.0,0.0,0.0,1.0,0.0,1.0,0.0,1.0,0.0,0.0,0.0,0.0,0.0
58153,7,5.065,5.0,81.0,124220.0,39.132175,44.25651,115961.51,205203.62,1,1.0,0.0,115.96151,4.761845,11.729809466113293,3.6921785,3.7900026,0.5003719923219521,1.0,1.0,1.0,1.0,1.8025346,0.20112884,82.10866626279305,33.332916,1,0,1,1.0,0.0,1.0,mid,0.0,0.0,0.0,0.0,0.0,1.0,0.0,1.0,0.0,1.0,0.0,0.0,0.0,0.0,0.0
58172,1,7.3966665,5.0,81.0,213870.0,32.884163,36.26614,118886.56,198853.77,1,1.0,0.0,118.886566,4.786546,12.273123632779784,3.5229478,3.5908844,0.5473901928865137,1.0,1.0,1.0,1.0,2.1278348,,12.273123632779784,4.786546,0,0,0,0.0,0.0,0.0,mid,0.0,0.0,0.0,0.0,0.0,1.0,0.0,0.0,0.0,0.0,0.0,0.0,0.0,0.0,0.0
58172,2,7.963333,5.0,81.0,213870.0,34.72541,35.4554,118886.56,198853.77,1,1.0,0.0,118.886566,4.786546,12.273123632779784,3.5758622,3.5682755,0.5473901928865137,1.0,1.0,1.0,1.0,2.1931422,0.06530738,24.54624726555957,9.573092,0,0,0,0.0,0.0,0.0,mid,0.0,0.0,0.0,0.0,0.0,1.0,0.0,0.0,0.0,0.0,0.0,0.0,0.0,0.0,0.0
58172,3,7.65,5.0,81.0,213870.0,38.33715,38.627323,118886.56,198853.77,1,1.0,0.0,118.886566,4.786546,12.273123632779784,3.6721694,3.65396,0.5473901928865137,1.0,1.0,1.0,1.0,2.1575594,-0.03558278,36.81937089833935,14.359638,1,1,0,1.0,1.0,0.0,mid,0.0,0.0,0.0,0.0,0.0,1.0,1.0,0.0,1.0,0.0,0.0,0.0,0.0,0.0,0.0
58172,4,7.5033336,5.0,81.0,213870.0,40.650845,39.07691,118886.56,198853.77,1,1.0,0.0,118.886566,4.786546,12.273123632779784,3.7293217,3.6655316,0.5473901928865137,1.0,1.0,1.0,1.0,2.1404583,-0.01710105,49.09249453111914,19.146185,1,1,0,1.0,1.0,0.0,mid,0.0,0.0,0.0,0.0,0.0,1.0,1.0,0.0,1.0,0.0,0.0,0.0,0.0,0.0,0.0
58172,5,6.65,5.0,81.0,213870.0,42.42292,45.542244,118886.56,198853.77,1,1.0,0.0,118.886566,4.786546,12.273123632779784,3.7709875,3.8186402,0.5473901928865137,1.0,1.0,1.0,1.0,2.0347056,-0.10575271,61.36561816389892,23.932732,1,0,1,1.0,0.0,1.0,mid,0.0,0.0,0.0,0.0,0.0,1.0,0.0,1.0,0.0,1.0,0.0,0.0,0.0,0.0,0.0
58172,6,8.903334,5.0,81.0,213870.0,34.034164,35.283493,118886.56,198853.77,1,1.0,0.0,118.886566,4.786546,12.273123632779784,3.5563238,3.5634153,0.5473901928865137,1.0,1.0,1.0,1.0,2.2928715,0.25816584,73.6387417966787,28.719276,1,0,1,1.0,0.0,1.0,mid,0.0,0.0,0.0,0.0,0.0,1.0,0.0,1.0,0.0,1.0,0.0,0.0,0.0,0.0,0.0
58172,7,9.4,5.0,81.0,213870.0,38.562874,42.768852,118886.56,198853.77,1,1.0,0.0,118.886566,4.786546,12.273123632779784,3.6778913,3.75581,0.5473901928865137,1.0,1.0,1.0,1.0,2.3418057,0.04893422,85.91186542945849,33.505825,1,0,1,1.0,0.0,1.0,mid,0.0,0.0,0.0,0.0,0.0,1.0,0.0,1.0,0.0,1.0,0.0,0.0,0.0,0.0,0.0
58182,1,3.0833333,5.0,81.0,159010.0,32.884163,36.26614,95846.96,180626.86,1,1.0,0.0,95.84696,4.573132,11.976722372306442,3.5229478,3.5908844,0.48475175324507214,1.0,1.0,1.0,1.0,1.4069135,,11.976722372306442,4.573132,0,0,0,0.0,0.0,0.0,mid,0.0,0.0,0.0,0.0,0.0,1.0,0.0,0.0,0.0,0.0,0.0,0.0,0.0,0.0,0.0
58182,2,3.4533334,5.0,81.0,159010.0,34.72541,35.4554,95846.96,180626.86,1,1.0,0.0,95.84696,4.573132,11.976722372306442,3.5758622,3.5682755,0.48475175324507214,1.0,1.0,1.0,1.0,1.4936528,0.0867393,23.953444744612884,9.146264,0,0,0,0.0,0.0,0.0,mid,0.0,0.0,0.0,0.0,0.0,1.0,0.0,0.0,0.0,0.0,0.0,0.0,0.0,0.0,0.0
58182,3,3.4375,5.0,81.0,159010.0,38.33715,38.627323,95846.96,180626.86,1,1.0,0.0,95.84696,4.573132,11.976722372306442,3.6721694,3.65396,0.48475175324507214,1.0,1.0,1.0,1.0,1.4900912,-0.003561616,35.93016711691933,13.719397,1,1,0,1.0,1.0,0.0,mid,0.0,0.0,0.0,0.0,0.0,1.0,1.0,0.0,1.0,0.0,0.0,0.0,0.0,0.0,0.0
58182,4,3.6133335,5.0,81.0,159010.0,40.650845,39.07691,95846.96,180626.86,1,1.0,0.0,95.84696,4.573132,11.976722372306442,3.7293217,3.6655316,0.48475175324507214,1.0,1.0,1.0,1.0,1.5289507,0.038859487,47.90688948922577,18.292528,1,1,0,1.0,1.0,0.0,mid,0.0,0.0,0.0,0.0,0.0,1.0,1.0,0.0,1.0,0.0,0.0,0.0,0.0,0.0,0.0
58182,5,3.3866668,5.0,81.0,159010.0,42.42292,45.542244,95846.96,180626.86,1,1.0,0.0,95.84696,4.573132,11.976722372306442,3.7709875,3.8186402,0.48475175324507214,1.0,1.0,1.0,1.0,1.4785696,-0.050381064,59.88361186153221,22.86566,1,0,1,1.0,0.0,1.0,mid,0.0,0.0,0.0,0.0,0.0,1.0,0.0,1.0,0.0,1.0,0.0,0.0,0.0,0.0,0.0
58182,6,4.21,5.0,81.0,159010.0,34.034164,35.283493,95846.96,180626.86,1,1.0,0.0,95.84696,4.573132,11.976722372306442,3.5563238,3.5634153,0.48475175324507214,1.0,1.0,1.0,1.0,1.6505799,0.1720103,71.86033423383866,27.438793,1,0,1,1.0,0.0,1.0,mid,0.0,0.0,0.0,0.0,0.0,1.0,0.0,1.0,0.0,1.0,0.0,0.0,0.0,0.0,0.0
58182,7,5.01,5.0,81.0,159010.0,38.562874,42.768852,95846.96,180626.86,1,1.0,0.0,95.84696,4.573132,11.976722372306442,3.6778913,3.75581,0.48475175324507214,1.0,1.0,1.0,1.0,1.7934248,0.14284492,83.8370566061451,32.011925,1,0,1,1.0,0.0,1.0,mid,0.0,0.0,0.0,0.0,0.0,1.0,0.0,1.0,0.0,1.0,0.0,0.0,0.0,0.0,0.0
58194,1,1.1666666,5.0,81.0,138330.0,30.939533,35.26078,128152.16,218458.55,1,1.0,0.0,128.15216,4.8609915,11.83739741386886,3.4638445,3.5627713,0.5271537829214911,1.0,1.0,1.0,1.0,0.77318984,,11.83739741386886,4.8609915,0,0,0,0.0,0.0,0.0,far,0.0,0.0,0.0,0.0,0.0,0.0,0.0,0.0,0.0,0.0,1.0,0.0,0.0,0.0,0.0
58194,2,1.3666667,5.0,81.0,138330.0,33.610546,36.159412,128152.16,218458.55,1,1.0,0.0,128.15216,4.8609915,11.83739741386886,3.5441585,3.5879374,0.5271537829214911,1.0,1.0,1.0,1.0,0.86148256,0.08829272,23.67479482773772,9.721983,0,0,0,0.0,0.0,0.0,far,0.0,0.0,0.0,0.0,0.0,0.0,0.0,0.0,0.0,0.0,1.0,0.0,0.0,0.0,0.0
58194,3,2.245,5.0,81.0,138330.0,38.20589,39.372406,128152.16,218458.55,1,1.0,0.0,128.15216,4.8609915,11.83739741386886,3.668827,3.6730652,0.5271537829214911,1.0,1.0,1.0,1.0,1.1771153,0.31563276,35.512192241606584,14.582974,1,1,0,1.0,1.0,0.0,far,0.0,0.0,0.0,0.0,0.0,0.0,0.0,0.0,0.0,0.0,1.0,1.0,0.0,1.0,0.0
58194,4,2.0733333,5.0,81.0,138330.0,41.24721,41.383556,128152.16,218458.55,1,1.0,0.0,128.15216,4.8609915,11.83739741386886,3.7435384,3.7228837,0.5271537829214911,1.0,1.0,1.0,1.0,1.1227627,-0.05435264,47.34958965547544,19.443966,1,1,0,1.0,1.0,0.0,far,0.0,0.0,0.0,0.0,0.0,0.0,0.0,0.0,0.0,0.0,1.0,1.0,0.0,1.0,0.0
58194,5,2.28,5.0,81.0,138330.0,40.634697,44.567047,128152.16,218458.55,1,1.0,0.0,128.15216,4.8609915,11.83739741386886,3.7289338,3.7969947,0.5271537829214911,1.0,1.0,1.0,1.0,1.1878434,0.06508076,59.1869870693443,24.304958,1,0,1,1.0,0.0,1.0,far,0.0,0.0,0.0,0.0,0.0,0.0,0.0,0.0,0.0,0.0,1.0,0.0,1.0,0.0,1.0
58194,6,2.7533333,5.0,81.0,138330.0,34.1838,36.96753,128152.16,218458.55,1,1.0,0.0,128.15216,4.8609915,11.83739741386886,3.5605857,3.61004,0.5271537829214911,1.0,1.0,1.0,1.0,1.3226444,0.13480091,71.02438448321317,29.165949,1,0,1,1.0,0.0,1.0,far,0.0,0.0,0.0,0.0,0.0,0.0,0.0,0.0,0.0,0.0,1.0,0.0,1.0,0.0,1.0
58194,7,2.6399999,5.0,81.0,138330.0,37.816994,43.2117,128152.16,218458.55,1,1.0,0.0,128.15216,4.8609915,11.83739741386886,3.658858,3.7661114,0.5271537829214911,1.0,1.0,1.0,1.0,1.2919836,-0.030660748,82.86178189708203,34.02694,1,0,1,1.0,0.0,1.0,far,0.0,0.0,0.0,0.0,0.0,0.0,0.0,0.0,0.0,0.0,1.0,0.0,1.0,0.0,1.0
58503,1,3.04,5.0,85.0,211530.0,49.400528,56.60862,158015.44,276272.94,1,1.0,0.0,158.01544,5.069001,12.262122111381196,3.9200015,4.0361614,0.5977475212954295,1.0,1.0,1.0,1.0,1.3962446,,12.262122111381196,5.069001,0,0,0,0.0,0.0,0.0,far,0.0,0.0,0.0,0.0,0.0,0.0,0.0,0.0,0.0,0.0,1.0,0.0,0.0,0.0,0.0
58503,2,3.4933333,5.0,85.0,211530.0,53.000195,59.07576,158015.44,276272.94,1,1.0,0.0,158.01544,5.069001,12.262122111381196,3.9889877,4.0788207,0.5977475212954295,1.0,1.0,1.0,1.0,1.5025948,0.10635018,24.52424422276239,10.138002,0,0,0,0.0,0.0,0.0,far,0.0,0.0,0.0,0.0,0.0,0.0,0.0,0.0,0.0,0.0,1.0,0.0,0.0,0.0,0.0
58503,3,3.185,5.0,85.0,211530.0,61.176098,61.502895,158015.44,276272.94,1,1.0,0.0,158.01544,5.069001,12.262122111381196,4.1299706,4.1190844,0.5977475212954295,1.0,1.0,1.0,1.0,1.4315068,-0.071088076,36.78636633414359,15.207004,1,1,0,1.0,1.0,0.0,far,0.0,0.0,0.0,0.0,0.0,0.0,0.0,0.0,0.0,0.0,1.0,1.0,0.0,1.0,0.0
58503,4,3.24,5.0,85.0,211530.0,66.889145,69.16785,158015.44,276272.94,1,1.0,0.0,158.01544,5.069001,12.262122111381196,4.217876,4.236536,0.5977475212954295,1.0,1.0,1.0,1.0,1.4445633,0.013056517,49.04848844552478,20.276005,1,1,0,1.0,1.0,0.0,far,0.0,0.0,0.0,0.0,0.0,0.0,0.0,0.0,0.0,0.0,1.0,1.0,0.0,1.0,0.0
58503,5,2.5133333,5.0,85.0,211530.0,61.120674,64.98428,158015.44,276272.94,1,1.0,0.0,158.01544,5.069001,12.262122111381196,4.129079,4.174145,0.5977475212954295,1.0,1.0,1.0,1.0,1.2565652,-0.18799806,61.31061055690598,25.345005,1,0,1,1.0,0.0,1.0,far,0.0,0.0,0.0,0.0,0.0,0.0,0.0,0.0,0.0,0.0,1.0,0.0,1.0,0.0,1.0
58503,6,2.9066668,5.0,85.0,211530.0,57.70818,62.688953,158015.44,276272.94,1,1.0,0.0,158.01544,5.069001,12.262122111381196,4.072579,4.138185,0.5977475212954295,1.0,1.0,1.0,1.0,1.3626845,0.106119275,73.57273266828717,30.414007,1,0,1,1.0,0.0,1.0,far,0.0,0.0,0.0,0.0,0.0,0.0,0.0,0.0,0.0,0.0,1.0,0.0,1.0,0.0,1.0
58503,7,3.1,5.0,85.0,211530.0,59.71992,67.908295,158015.44,276272.94,1,1.0,0.0,158.01544,5.069001,12.262122111381196,4.1062717,4.2181582,0.5977475212954295,1.0,1.0,1.0,1.0,1.4109869,0.048302412,85.83485477966838,35.48301,1,0,1,1.0,0.0,1.0,far,0.0,0.0,0.0,0.0,0.0,0.0,0.0,0.0,0.0,0.0,1.0,0.0,1.0,0.0,1.0
58527,1,4.05,5.0,85.0,191300.0,50.87602,58.211605,171816.48,290000.2,1,1.0,0.0,171.81648,5.1522303,12.161598155428344,3.9488566,4.0640845,0.6049845847928518,1.0,1.0,1.0,1.0,1.6193883,,12.161598155428344,5.1522303,0,0,0,0.0,0.0,0.0,far,0.0,0.0,0.0,0.0,0.0,0.0,0.0,0.0,0.0,0.0,1.0,0.0,0.0,0.0,0.0
58527,2,3.9933333,5.0,85.0,191300.0,54.373825,60.61506,171816.48,290000.2,1,1.0,0.0,171.81648,5.1522303,12.161598155428344,4.014107,4.104543,0.6049845847928518,1.0,1.0,1.0,1.0,1.6081038,-0.01128459,24.323196310856687,10.304461,0,0,0,0.0,0.0,0.0,far,0.0,0.0,0.0,0.0,0.0,0.0,0.0,0.0,0.0,0.0,1.0,0.0,0.0,0.0,0.0
58527,3,4.23,5.0,85.0,191300.0,62.699852,62.958168,171816.48,290000.2,1,1.0,0.0,171.81648,5.1522303,12.161598155428344,4.1541824,4.1424704,0.6049845847928518,1.0,1.0,1.0,1.0,1.6544113,0.046307564,36.48479446628503,15.456691,1,1,0,1.0,1.0,0.0,far,0.0,0.0,0.0,0.0,0.0,0.0,0.0,0.0,0.0,0.0,1.0,1.0,0.0,1.0,0.0
58527,4,3.8266666,5.0,85.0,191300.0,68.65654,70.88049,171816.48,290000.2,1,1.0,0.0,171.81648,5.1522303,12.161598155428344,4.2435765,4.2609954,0.6049845847928518,1.0,1.0,1.0,1.0,1.5741562,-0.08025515,48.646392621713375,20.608921,1,1,0,1.0,1.0,0.0,far,0.0,0.0,0.0,0.0,0.0,0.0,0.0,0.0,0.0,0.0,1.0,1.0,0.0,1.0,0.0
58527,5,2.8166666,5.0,85.0,191300.0,62.676525,66.48779,171816.48,290000.2,1,1.0,0.0,171.81648,5.1522303,12.161598155428344,4.1538157,4.197018,0.6049845847928518,1.0,1.0,1.0,1.0,1.3393774,-0.23477876,60.80799077714172,25.76115,1,0,1,1.0,0.0,1.0,far,0.0,0.0,0.0,0.0,0.0,0.0,0.0,0.0,0.0,0.0,1.0,0.0,1.0,0.0,1.0
58527,6,3.9466667,5.0,85.0,191300.0,59.27155,64.22116,171816.48,290000.2,1,1.0,0.0,171.81648,5.1522303,12.161598155428344,4.0988603,4.162333,0.6049845847928518,1.0,1.0,1.0,1.0,1.598714,0.2593366,72.96958893257006,30.913382,1,0,1,1.0,0.0,1.0,far,0.0,0.0,0.0,0.0,0.0,0.0,0.0,0.0,0.0,0.0,1.0,0.0,1.0,0.0,1.0
58527,7,4.49,5.0,85.0,191300.0,61.281055,69.57486,171816.48,290000.2,1,1.0,0.0,171.81648,5.1522303,12.161598155428344,4.131657,4.2424035,0.6049845847928518,1.0,1.0,1.0,1.0,1.7029282,0.10421419,85.1311870879984,36.065613,1,0,1,1.0,0.0,1.0,far,0.0,0.0,0.0,0.0,0.0,0.0,0.0,0.0,0.0,0.0,1.0,0.0,1.0,0.0,1.0
58542,1,3.39,5.0,85.0,185230.0,50.87602,58.211605,156408.97,273865.2,1,1.0,0.0,156.40897,5.0588474,12.129353575116768,3.9488566,4.0640845,0.5858747068920507,1.0,1.0,1.0,1.0,1.4793293,,12.129353575116768,5.0588474,0,0,0,0.0,0.0,0.0,far,0.0,0.0,0.0,0.0,0.0,0.0,0.0,0.0,0.0,0.0,1.0,0.0,0.0,0.0,0.0
58542,2,4.0833335,5.0,85.0,185230.0,54.373825,60.61506,156408.97,273865.2,1,1.0,0.0,156.40897,5.0588474,12.129353575116768,4.014107,4.104543,0.5858747068920507,1.0,1.0,1.0,1.0,1.6259673,0.14663792,24.258707150233537,10.117695,0,0,0,0.0,0.0,0.0,far,0.0,0.0,0.0,0.0,0.0,0.0,0.0,0.0,0.0,0.0,1.0,0.0,0.0,0.0,0.0
58542,3,5.0499997,5.0,85.0,185230.0,62.699852,62.958168,156408.97,273865.2,1,1.0,0.0,156.40897,5.0588474,12.129353575116768,4.1541824,4.1424704,0.5858747068920507,1.0,1.0,1.0,1.0,1.8000582,0.17409098,36.38806072535031,15.176542,1,1,0,1.0,1.0,0.0,far,0.0,0.0,0.0,0.0,0.0,0.0,0.0,0.0,0.0,0.0,1.0,1.0,0.0,1.0,0.0
58542,4,4.71,5.0,85.0,185230.0,68.65654,70.88049,156408.97,273865.2,1,1.0,0.0,156.40897,5.0588474,12.129353575116768,4.2435765,4.2609954,0.5858747068920507,1.0,1.0,1.0,1.0,1.742219,-0.057839274,48.517414300467074,20.23539,1,1,0,1.0,1.0,0.0,far,0.0,0.0,0.0,0.0,0.0,0.0,0.0,0.0,0.0,0.0,1.0,1.0,0.0,1.0,0.0
58542,5,3.4366667,5.0,85.0,185230.0,62.676525,66.48779,156408.97,273865.2,1,1.0,0.0,156.40897,5.0588474,12.129353575116768,4.1538157,4.197018,0.5858747068920507,1.0,1.0,1.0,1.0,1.4899033,-0.25231564,60.64676787558384,25.294237,1,0,1,1.0,0.0,1.0,far,0.0,0.0,0.0,0.0,0.0,0.0,0.0,0.0,0.0,0.0,1.0,0.0,1.0,0.0,1.0
58542,6,4.75,5.0,85.0,185230.0,59.27155,64.22116,156408.97,273865.2,1,1.0,0.0,156.40897,5.0588474,12.129353575116768,4.0988603,4.162333,0.5858747068920507,1.0,1.0,1.0,1.0,1.7491999,0.25929654,72.77612145070061,30.353085,1,0,1,1.0,0.0,1.0,far,0.0,0.0,0.0,0.0,0.0,0.0,0.0,0.0,0.0,0.0,1.0,0.0,1.0,0.0,1.0
58542,7,4.9700003,5.0,85.0,185230.0,61.281055,69.57486,156408.97,273865.2,1,1.0,0.0,156.40897,5.0588474,12.129353575116768,4.131657,4.2424035,0.5858747068920507,1.0,1.0,1.0,1.0,1.786747,0.03754711,84.90547502581738,35.411934,1,0,1,1.0,0.0,1.0,far,0.0,0.0,0.0,0.0,0.0,0.0,0.0,0.0,0.0,0.0,1.0,0.0,1.0,0.0,1.0
58549,1,10.5,5.0,85.0,493660.0,50.87602,58.211605,159684.95,277977.88,1,1.0,0.0,159.68495,5.079446,13.109602300101715,3.9488566,4.0640845,0.6613955681719957,1.0,1.0,1.0,1.0,2.442347,,13.109602300101715,5.079446,0,0,0,0.0,0.0,0.0,far,0.0,0.0,0.0,0.0,0.0,0.0,0.0,0.0,0.0,0.0,1.0,0.0,0.0,0.0,0.0
58549,2,10.873333,5.0,85.0,493660.0,54.373825,60.61506,159684.95,277977.88,1,1.0,0.0,159.68495,5.079446,13.109602300101715,4.014107,4.104543,0.6613955681719957,1.0,1.0,1.0,1.0,2.474295,0.03194785,26.21920460020343,10.158892,0,0,0,0.0,0.0,0.0,far,0.0,0.0,0.0,0.0,0.0,0.0,0.0,0.0,0.0,0.0,1.0,0.0,0.0,0.0,0.0
58549,3,10.195,5.0,85.0,493660.0,62.699852,62.958168,159684.95,277977.88,1,1.0,0.0,159.68495,5.079446,13.109602300101715,4.1541824,4.1424704,0.6613955681719957,1.0,1.0,1.0,1.0,2.4154673,-0.05882764,39.328806900305146,15.2383375,1,1,0,1.0,1.0,0.0,far,0.0,0.0,0.0,0.0,0.0,0.0,0.0,0.0,0.0,0.0,1.0,1.0,0.0,1.0,0.0
58549,4,9.8133335,5.0,85.0,493660.0,68.65654,70.88049,159684.95,277977.88,1,1.0,0.0,159.68495,5.079446,13.109602300101715,4.2435765,4.2609954,0.6613955681719957,1.0,1.0,1.0,1.0,2.38078,-0.03468728,52.43840920040686,20.317783,1,1,0,1.0,1.0,0.0,far,0.0,0.0,0.0,0.0,0.0,0.0,0.0,0.0,0.0,0.0,1.0,1.0,0.0,1.0,0.0
58549,5,7.5933332,5.0,85.0,493660.0,62.676525,66.48779,159684.95,277977.88,1,1.0,0.0,159.68495,5.079446,13.109602300101715,4.1538157,4.197018,0.6613955681719957,1.0,1.0,1.0,1.0,2.1509867,-0.22979331,65.54801150050858,25.397228,1,0,1,1.0,0.0,1.0,far,0.0,0.0,0.0,0.0,0.0,0.0,0.0,0.0,0.0,0.0,1.0,0.0,1.0,0.0,1.0
58549,6,10.456666,5.0,85.0,493660.0,59.27155,64.22116,159684.95,277977.88,1,1.0,0.0,159.68495,5.079446,13.109602300101715,4.0988603,4.162333,0.6613955681719957,1.0,1.0,1.0,1.0,2.4385717,0.28758502,78.65761380061029,30.476675,1,0,1,1.0,0.0,1.0,far,0.0,0.0,0.0,0.0,0.0,0.0,0.0,0.0,0.0,0.0,1.0,0.0,1.0,0.0,1.0
58549,7,11.11,5.0,85.0,493660.0,61.281055,69.57486,159684.95,277977.88,1,1.0,0.0,159.68495,5.079446,13.109602300101715,4.131657,4.2424035,0.6613955681719957,1.0,1.0,1.0,1.0,2.4940314,0.055459738,91.767216100712,35.55612,1,0,1,1.0,0.0,1.0,far,0.0,0.0,0.0,0.0,0.0,0.0,0.0,0.0,0.0,0.0,1.0,0.0,1.0,0.0,1.0
58558,1,2.5366666,5.0,85.0,409530.0,49.831303,56.90585,139892.56,258240.58,1,1.0,0.0,139.89256,4.9479976,12.922765439665133,3.9285123,4.041398,0.6256248873548635,1.0,1.0,1.0,1.0,1.2631847,,12.922765439665133,4.9479976,0,0,0,0.0,0.0,0.0,far,0.0,0.0,0.0,0.0,0.0,0.0,0.0,0.0,0.0,0.0,1.0,0.0,0.0,0.0,0.0
58558,2,2.8866668,5.0,85.0,409530.0,53.188007,59.20352,139892.56,258240.58,1,1.0,0.0,139.89256,4.9479976,12.922765439665133,3.9924595,4.0809813,0.6256248873548635,1.0,1.0,1.0,1.0,1.3575519,0.094367266,25.845530879330266,9.895995,0,0,0,0.0,0.0,0.0,far,0.0,0.0,0.0,0.0,0.0,0.0,0.0,0.0,0.0,0.0,1.0,0.0,0.0,0.0,0.0
58558,3,3.0974998,5.0,85.0,409530.0,61.469017,61.745277,139892.56,258240.58,1,1.0,0.0,139.89256,4.9479976,12.922765439665133,4.1346707,4.1230173,0.6256248873548635,1.0,1.0,1.0,1.0,1.410377,0.052825093,38.7682963189954,14.843992,1,1,0,1.0,1.0,0.0,far,0.0,0.0,0.0,0.0,0.0,0.0,0.0,0.0,0.0,0.0,1.0,1.0,0.0,1.0,0.0
58558,4,2.4933333,5.0,85.0,409530.0,67.33008,69.22906,139892.56,258240.58,1,1.0,0.0,139.89256,4.9479976,12.922765439665133,4.22435,4.2374206,0.6256248873548635,1.0,1.0,1.0,1.0,1.2508564,-0.15952063,51.69106175866053,19.79199,1,1,0,1.0,1.0,0.0,far,0.0,0.0,0.0,0.0,0.0,0.0,0.0,0.0,0.0,0.0,1.0,1.0,0.0,1.0,0.0
58558,5,1.8733333,5.0,85.0,409530.0,61.533245,65.148636,139892.56,258240.58,1,1.0,0.0,139.89256,4.9479976,12.922765439665133,4.1356983,4.1766715,0.6256248873548635,1.0,1.0,1.0,1.0,1.0554729,-0.19538355,64.61382719832567,24.739988,1,0,1,1.0,0.0,1.0,far,0.0,0.0,0.0,0.0,0.0,0.0,0.0,0.0,0.0,0.0,1.0,0.0,1.0,0.0,1.0
58558,6,2.67,5.0,85.0,409530.0,58.0227,62.697308,139892.56,258240.58,1,1.0,0.0,139.89256,4.9479976,12.922765439665133,4.0779223,4.1383185,0.6256248873548635,1.0,1.0,1.0,1.0,1.3001916,0.24471879,77.5365926379908,29.687984,1,0,1,1.0,0.0,1.0,far,0.0,0.0,0.0,0.0,0.0,0.0,0.0,0.0,0.0,0.0,1.0,0.0,1.0,0.0,1.0
58558,7,2.3899999,5.0,85.0,409530.0,60.060524,68.044846,139892.56,258240.58,1,1.0,0.0,139.89256,4.9479976,12.922765439665133,4.1118655,4.220167,0.6256248873548635,1.0,1.0,1.0,1.0,1.2208298,-0.0793618,90.45935807765593,34.635983,1,0,1,1.0,0.0,1.0,far,0.0,0.0,0.0,0.0,0.0,0.0,0.0,0.0,0.0,0.0,1.0,0.0,1.0,0.0,1.0
58573,1,1.78,5.0,85.0,255750.0,50.87602,58.211605,144595.28,262078.55,1,1.0,0.0,144.59528,4.9808307,12.451955683813873,3.9488566,4.0640845,0.596339070842958,1.0,1.0,1.0,1.0,1.0224509,,12.451955683813873,4.9808307,0,0,0,0.0,0.0,0.0,far,0.0,0.0,0.0,0.0,0.0,0.0,0.0,0.0,0.0,0.0,1.0,0.0,0.0,0.0,0.0
58573,2,2.7766666,5.0,85.0,255750.0,54.373825,60.61506,144595.28,262078.55,1,1.0,0.0,144.59528,4.9808307,12.451955683813873,4.014107,4.104543,0.596339070842958,1.0,1.0,1.0,1.0,1.3288418,0.30639088,24.903911367627746,9.961661,0,0,0,0.0,0.0,0.0,far,0.0,0.0,0.0,0.0,0.0,0.0,0.0,0.0,0.0,0.0,1.0,0.0,0.0,0.0,0.0
58573,3,3.5,5.0,85.0,255750.0,62.699852,62.958168,144595.28,262078.55,1,1.0,0.0,144.59528,4.9808307,12.451955683813873,4.1541824,4.1424704,0.596339070842958,1.0,1.0,1.0,1.0,1.5040774,0.17523563,37.35586705144162,14.942492,1,1,0,1.0,1.0,0.0,far,0.0,0.0,0.0,0.0,0.0,0.0,0.0,0.0,0.0,0.0,1.0,1.0,0.0,1.0,0.0
58573,4,3.19,5.0,85.0,255750.0,68.65654,70.88049,144595.28,262078.55,1,1.0,0.0,144.59528,4.9808307,12.451955683813873,4.2435765,4.2609954,0.596339070842958,1.0,1.0,1.0,1.0,1.4327008,-0.07137668,49.80782273525549,19.923323,1,1,0,1.0,1.0,0.0,far,0.0,0.0,0.0,0.0,0.0,0.0,0.0,0.0,0.0,0.0,1.0,1.0,0.0,1.0,0.0
58573,5,2.2066665,5.0,85.0,255750.0,62.676525,66.48779,144595.28,262078.55,1,1.0,0.0,144.59528,4.9808307,12.451955683813873,4.1538157,4.197018,0.596339070842958,1.0,1.0,1.0,1.0,1.165232,-0.2674688,62.25977841906936,24.904154,1,0,1,1.0,0.0,1.0,far,0.0,0.0,0.0,0.0,0.0,0.0,0.0,0.0,0.0,0.0,1.0,0.0,1.0,0.0,1.0
58573,6,3.1966667,5.0,85.0,255750.0,59.27155,64.22116,144595.28,262078.55,1,1.0,0.0,144.59528,4.9808307,12.451955683813873,4.0988603,4.162333,0.596339070842958,1.0,1.0,1.0,1.0,1.4342905,0.2690586,74.71173410288324,29.884983,1,0,1,1.0,0.0,1.0,far,0.0,0.0,0.0,0.0,0.0,0.0,0.0,0.0,0.0,0.0,1.0,0.0,1.0,0.0,1.0
58573,7,2.81,5.0,85.0,255750.0,61.281055,69.57486,144595.28,262078.55,1,1.0,0.0,144.59528,4.9808307,12.451955683813873,4.131657,4.2424035,0.596339070842958,1.0,1.0,1.0,1.0,1.3376292,-0.09666133,87.1636897866971,34.865814,1,0,1,1.0,0.0,1.0,far,0.0,0.0,0.0,0.0,0.0,0.0,0.0,0.0,0.0,0.0,1.0,0.0,1.0,0.0,1.0
58576,1,2.24,5.0,85.0,302390.0,40.42886,45.449036,124323.12,242712.4,1,1.0,0.0,124.32312,4.8308954,12.619472853957662,3.7239778,3.8165915,0.5821468169540244,1.0,1.0,1.0,1.0,1.1755733,,12.619472853957662,4.8308954,0,0,0,0.0,0.0,0.0,mid,0.0,0.0,0.0,0.0,0.0,1.0,0.0,0.0,0.0,0.0,0.0,0.0,0.0,0.0,0.0
58576,2,2.5,5.0,85.0,302390.0,42.51562,46.75592,124323.12,242712.4,1,1.0,0.0,124.32312,4.8308954,12.619472853957662,3.77312,3.844941,0.5821468169540244,1.0,1.0,1.0,1.0,1.252763,0.077189684,25.238945707915324,9.661791,0,0,0,0.0,0.0,0.0,mid,0.0,0.0,0.0,0.0,0.0,1.0,0.0,0.0,0.0,0.0,0.0,0.0,0.0,0.0,0.0
58576,3,2.8400002,5.0,85.0,302390.0,50.391483,51.081036,124323.12,242712.4,1,1.0,0.0,124.32312,4.8308954,12.619472853957662,3.9394724,3.9334133,0.5821468169540244,1.0,1.0,1.0,1.0,1.3454725,0.09270942,37.85841856187299,14.492686,1,1,0,1.0,1.0,0.0,mid,0.0,0.0,0.0,0.0,0.0,1.0,1.0,0.0,1.0,0.0,0.0,0.0,0.0,0.0,0.0
58576,4,2.63,5.0,85.0,302390.0,55.39186,55.082123,124323.12,242712.4,1,1.0,0.0,124.32312,4.8308954,12.619472853957662,4.032325,4.0088253,0.5821468169540244,1.0,1.0,1.0,1.0,1.2892327,-0.056239724,50.47789141583065,19.323582,1,1,0,1.0,1.0,0.0,mid,0.0,0.0,0.0,0.0,0.0,1.0,1.0,0.0,1.0,0.0,0.0,0.0,0.0,0.0,0.0
58576,5,1.7633333,5.0,85.0,302390.0,51.24373,53.330383,124323.12,242712.4,1,1.0,0.0,124.32312,4.8308954,12.619472853957662,3.9559197,3.9765062,0.5821468169540244,1.0,1.0,1.0,1.0,1.0164376,-0.27279508,63.09736426978831,24.154476,1,0,1,1.0,0.0,1.0,mid,0.0,0.0,0.0,0.0,0.0,1.0,0.0,1.0,0.0,1.0,0.0,0.0,0.0,0.0,0.0
58576,6,2.6166668,5.0,85.0,302390.0,46.78307,49.19218,124323.12,242712.4,1,1.0,0.0,124.32312,4.8308954,12.619472853957662,3.8666713,3.8957348,0.5821468169540244,1.0,1.0,1.0,1.0,1.2855529,0.2691152,75.71683712374598,28.985373,1,0,1,1.0,0.0,1.0,mid,0.0,0.0,0.0,0.0,0.0,1.0,0.0,1.0,0.0,1.0,0.0,0.0,0.0,0.0,0.0
58576,7,2.76,5.0,85.0,302390.0,49.075752,54.60948,124323.12,242712.4,1,1.0,0.0,124.32312,4.8308954,12.619472853957662,3.913537,4.0002074,0.5821468169540244,1.0,1.0,1.0,1.0,1.3244189,0.038866043,88.33630997770364,33.81627,1,0,1,1.0,0.0,1.0,mid,0.0,0.0,0.0,0.0,0.0,1.0,0.0,1.0,0.0,1.0,0.0,0.0,0.0,0.0,0.0
58592,1,3.08,5.0,85.0,104840.0,48.66278,55.81214,170305.53,288647.06,1,1.0,0.0,170.30553,5.143449,11.560190657437342,3.9052558,4.0219913,0.5575500085061651,1.0,1.0,1.0,1.0,1.4060969,,11.560190657437342,5.143449,0,0,0,0.0,0.0,0.0,far,0.0,0.0,0.0,0.0,0.0,0.0,0.0,0.0,0.0,0.0,1.0,0.0,0.0,0.0,0.0
58592,2,3.7266667,5.0,85.0,104840.0,52.313377,58.312397,170305.53,288647.06,1,1.0,0.0,170.30553,5.143449,11.560190657437342,3.9761872,4.0658145,0.5575500085061651,1.0,1.0,1.0,1.0,1.5532202,0.14712322,23.120381314874685,10.286898,0,0,0,0.0,0.0,0.0,far,0.0,0.0,0.0,0.0,0.0,0.0,0.0,0.0,0.0,0.0,1.0,0.0,0.0,0.0,0.0
58592,3,3.225,5.0,85.0,104840.0,60.414223,60.781223,170305.53,288647.06,1,1.0,0.0,170.30553,5.143449,11.560190657437342,4.1176414,4.1072807,0.5575500085061651,1.0,1.0,1.0,1.0,1.4410193,-0.112200856,34.68057197231202,15.4303465,1,1,0,1.0,1.0,0.0,far,0.0,0.0,0.0,0.0,0.0,0.0,0.0,0.0,0.0,0.0,1.0,1.0,0.0,1.0,0.0
58592,4,2.98,5.0,85.0,104840.0,66.00544,68.31663,170305.53,288647.06,1,1.0,0.0,170.30553,5.143449,11.560190657437342,4.204774,4.224153,0.5575500085061651,1.0,1.0,1.0,1.0,1.3812819,-0.059737444,46.24076262974937,20.573795,1,1,0,1.0,1.0,0.0,far,0.0,0.0,0.0,0.0,0.0,0.0,0.0,0.0,0.0,0.0,1.0,1.0,0.0,1.0,0.0
58592,5,2.08,5.0,85.0,104840.0,60.342747,64.23844,170305.53,288647.06,1,1.0,0.0,170.30553,5.143449,11.560190657437342,4.116477,4.162602,0.5575500085061651,1.0,1.0,1.0,1.0,1.1249295,-0.2563523,57.800953287186715,25.717243,1,0,1,1.0,0.0,1.0,far,0.0,0.0,0.0,0.0,0.0,0.0,0.0,0.0,0.0,0.0,1.0,0.0,1.0,0.0,1.0
58592,6,3.13,5.0,85.0,104840.0,56.92649,61.927555,170305.53,288647.06,1,1.0,0.0,170.30553,5.143449,11.560190657437342,4.059175,4.125965,0.5575500085061651,1.0,1.0,1.0,1.0,1.4182774,0.29334784,69.36114394462405,30.860693,1,0,1,1.0,0.0,1.0,far,0.0,0.0,0.0,0.0,0.0,0.0,0.0,0.0,0.0,0.0,1.0,0.0,1.0,0.0,1.0
58592,7,3.0949998,5.0,85.0,104840.0,58.939354,67.08157,170305.53,288647.06,1,1.0,0.0,170.30553,5.143449,11.560190657437342,4.0933332,4.2059093,0.5575500085061651,1.0,1.0,1.0,1.0,1.4097667,-0.008510709,80.92133460206139,36.004143,1,0,1,1.0,0.0,1.0,far,0.0,0.0,0.0,0.0,0.0,0.0,0.0,0.0,0.0,0.0,1.0,0.0,1.0,0.0,1.0
58811,1,3.3933334,5.0,88.0,246100.0,41.61259,41.351677,13403.387,111693.42,1,1.0,0.0,13.403387,2.6674633,12.413493236379146,3.7521498,3.722113,0.20801952937291615,1.0,1.0,1.0,1.0,1.4800882,,12.413493236379146,2.6674633,0,0,0,0.0,0.0,0.0,near,1.0,0.0,0.0,0.0,0.0,0.0,0.0,0.0,0.0,0.0,0.0,0.0,0.0,0.0,0.0
58811,2,3.55,5.0,88.0,246100.0,41.791565,40.37343,13403.387,111693.42,1,1.0,0.0,13.403387,2.6674633,12.413493236379146,3.756341,3.6981719,0.20801952937291615,1.0,1.0,1.0,1.0,1.5151273,0.035039067,24.826986472758293,5.3349266,0,0,0,0.0,0.0,0.0,near,1.0,0.0,0.0,0.0,0.0,0.0,0.0,0.0,0.0,0.0,0.0,0.0,0.0,0.0,0.0
58811,3,4.4225,5.0,88.0,246100.0,48.190693,46.492126,13403.387,111693.42,1,1.0,0.0,13.403387,2.6674633,12.413493236379146,3.8957045,3.839283,0.20801952937291615,1.0,1.0,1.0,1.0,1.690557,0.1754297,37.24047970913744,8.00239,1,1,0,1.0,1.0,0.0,near,1.0,1.0,0.0,1.0,0.0,0.0,0.0,0.0,0.0,0.0,0.0,0.0,0.0,0.0,0.0
58811,4,4.6433334,5.0,88.0,246100.0,50.6859,45.536896,13403.387,111693.42,1,1.0,0.0,13.403387,2.6674633,12.413493236379146,3.945185,3.818523,0.20801952937291615,1.0,1.0,1.0,1.0,1.730475,0.039917946,49.653972945516585,10.669853,1,1,0,1.0,1.0,0.0,near,1.0,1.0,0.0,1.0,0.0,0.0,0.0,0.0,0.0,0.0,0.0,0.0,0.0,0.0,0.0
58811,5,3.5633333,5.0,88.0,246100.0,52.50488,50.802544,13403.387,111693.42,1,1.0,0.0,13.403387,2.6674633,12.413493236379146,3.9797728,3.9279466,0.20801952937291615,1.0,1.0,1.0,1.0,1.5180534,-0.21242154,62.06746618189573,13.3373165,1,0,1,1.0,0.0,1.0,near,1.0,0.0,1.0,0.0,1.0,0.0,0.0,0.0,0.0,0.0,0.0,0.0,0.0,0.0,0.0
58811,6,4.85,5.0,88.0,246100.0,44.694477,42.009975,13403.387,111693.42,1,1.0,0.0,13.403387,2.6674633,12.413493236379146,3.8219774,3.7379072,0.20801952937291615,1.0,1.0,1.0,1.0,1.7664416,0.24838817,74.48095941827488,16.00478,1,0,1,1.0,0.0,1.0,near,1.0,0.0,1.0,0.0,1.0,0.0,0.0,0.0,0.0,0.0,0.0,0.0,0.0,0.0,0.0
58811,7,5.385,5.0,88.0,246100.0,47.44954,48.6189,13403.387,111693.42,1,1.0,0.0,13.403387,2.6674633,12.413493236379146,3.8805227,3.8840125,0.20801952937291615,1.0,1.0,1.0,1.0,1.8539515,0.08750987,86.89445265465403,18.672243,1,0,1,1.0,0.0,1.0,near,1.0,0.0,1.0,0.0,1.0,0.0,0.0,0.0,0.0,0.0,0.0,0.0,0.0,0.0,0.0
58827,1,1.1566666,5.0,88.0,107190.0,41.61259,41.351677,28949.914,93581.414,1,1.0,0.0,28.949915,3.3995266,11.582358239685565,3.7521498,3.722113,0.25831744273337115,1.0,1.0,1.0,1.0,0.76856387,,11.582358239685565,3.3995266,0,0,0,0.0,0.0,0.0,near,1.0,0.0,0.0,0.0,0.0,0.0,0.0,0.0,0.0,0.0,0.0,0.0,0.0,0.0,0.0
58827,2,1.1733333,5.0,88.0,107190.0,41.791565,40.37343,28949.914,93581.414,1,1.0,0.0,28.949915,3.3995266,11.582358239685565,3.756341,3.6981719,0.25831744273337115,1.0,1.0,1.0,1.0,0.776262,0.0076981187,23.16471647937113,6.799053,0,0,0,0.0,0.0,0.0,near,1.0,0.0,0.0,0.0,0.0,0.0,0.0,0.0,0.0,0.0,0.0,0.0,0.0,0.0,0.0
58827,3,1.255,5.0,88.0,107190.0,48.190693,46.492126,28949.914,93581.414,1,1.0,0.0,28.949915,3.3995266,11.582358239685565,3.8957045,3.839283,0.25831744273337115,1.0,1.0,1.0,1.0,0.81315005,0.036888063,34.7470747190567,10.19858,1,1,0,1.0,1.0,0.0,near,1.0,1.0,0.0,1.0,0.0,0.0,0.0,0.0,0.0,0.0,0.0,0.0,0.0,0.0,0.0
58827,4,1.2833333,5.0,88.0,107190.0,50.6859,45.536896,28949.914,93581.414,1,1.0,0.0,28.949915,3.3995266,11.582358239685565,3.945185,3.818523,0.25831744273337115,1.0,1.0,1.0,1.0,0.8256363,0.012486279,46.32943295874226,13.598106,1,1,0,1.0,1.0,0.0,near,1.0,1.0,0.0,1.0,0.0,0.0,0.0,0.0,0.0,0.0,0.0,0.0,0.0,0.0,0.0
58827,5,1.1866666,5.0,88.0,107190.0,52.50488,50.802544,28949.914,93581.414,1,1.0,0.0,28.949915,3.3995266,11.582358239685565,3.9797728,3.9279466,0.25831744273337115,1.0,1.0,1.0,1.0,0.78237826,-0.04325807,57.91179119842782,16.997633,1,0,1,1.0,0.0,1.0,near,1.0,0.0,1.0,0.0,1.0,0.0,0.0,0.0,0.0,0.0,0.0,0.0,0.0,0.0,0.0
58827,6,1.24,5.0,88.0,107190.0,44.694477,42.009975,28949.914,93581.414,1,1.0,0.0,28.949915,3.3995266,11.582358239685565,3.8219774,3.7379072,0.25831744273337115,1.0,1.0,1.0,1.0,0.8064759,0.024097621,69.4941494381134,20.39716,1,0,1,1.0,0.0,1.0,near,1.0,0.0,1.0,0.0,1.0,0.0,0.0,0.0,0.0,0.0,0.0,0.0,0.0,0.0,0.0
58827,7,1.225,5.0,88.0,107190.0,47.44954,48.6189,28949.914,93581.414,1,1.0,0.0,28.949915,3.3995266,11.582358239685565,3.8805227,3.8840125,0.25831744273337115,1.0,1.0,1.0,1.0,0.7997569,-0.006718993,81.07650767779896,23.796686,1,0,1,1.0,0.0,1.0,near,1.0,0.0,1.0,0.0,1.0,0.0,0.0,0.0,0.0,0.0,0.0,0.0,0.0,0.0,0.0
58844,1,2.6633334,5.0,88.0,105280.0,41.61259,41.351677,13144.57,122506.54,1,1.0,0.0,13.14457,2.6493309,11.564378746559145,3.7521498,3.722113,0.1656815308833139,1.0,1.0,1.0,1.0,1.2983735,,11.564378746559145,2.6493309,0,0,0,0.0,0.0,0.0,near,1.0,0.0,0.0,0.0,0.0,0.0,0.0,0.0,0.0,0.0,0.0,0.0,0.0,0.0,0.0
58844,2,3.7933333,5.0,88.0,105280.0,41.791565,40.37343,13144.57,122506.54,1,1.0,0.0,13.14457,2.6493309,11.564378746559145,3.756341,3.6981719,0.1656815308833139,1.0,1.0,1.0,1.0,1.567226,0.2688526,23.12875749311829,5.2986617,0,0,0,0.0,0.0,0.0,near,1.0,0.0,0.0,0.0,0.0,0.0,0.0,0.0,0.0,0.0,0.0,0.0,0.0,0.0,0.0
58844,3,4.3675,5.0,88.0,105280.0,48.190693,46.492126,13144.57,122506.54,1,1.0,0.0,13.14457,2.6493309,11.564378746559145,3.8957045,3.839283,0.1656815308833139,1.0,1.0,1.0,1.0,1.6803622,0.11313617,34.693136239677436,7.9479923,1,1,0,1.0,1.0,0.0,near,1.0,1.0,0.0,1.0,0.0,0.0,0.0,0.0,0.0,0.0,0.0,0.0,0.0,0.0,0.0
58844,4,4.8033333,5.0,88.0,105280.0,50.6859,45.536896,13144.57,122506.54,1,1.0,0.0,13.14457,2.6493309,11.564378746559145,3.945185,3.818523,0.1656815308833139,1.0,1.0,1.0,1.0,1.7584324,0.078070164,46.25751498623658,10.597323,1,1,0,1.0,1.0,0.0,near,1.0,1.0,0.0,1.0,0.0,0.0,0.0,0.0,0.0,0.0,0.0,0.0,0.0,0.0,0.0
58844,5,4.37,5.0,88.0,105280.0,52.50488,50.802544,13144.57,122506.54,1,1.0,0.0,13.14457,2.6493309,11.564378746559145,3.9797728,3.9279466,0.1656815308833139,1.0,1.0,1.0,1.0,1.6808279,-0.07760453,57.82189373279572,13.2466545,1,0,1,1.0,0.0,1.0,near,1.0,0.0,1.0,0.0,1.0,0.0,0.0,0.0,0.0,0.0,0.0,0.0,0.0,0.0,0.0
58844,6,6.3766665,5.0,88.0,105280.0,44.694477,42.009975,13144.57,122506.54,1,1.0,0.0,13.14457,2.6493309,11.564378746559145,3.8219774,3.7379072,0.1656815308833139,1.0,1.0,1.0,1.0,1.9983219,0.31749403,69.38627247935487,15.895985,1,0,1,1.0,0.0,1.0,near,1.0,0.0,1.0,0.0,1.0,0.0,0.0,0.0,0.0,0.0,0.0,0.0,0.0,0.0,0.0
58844,7,7.22,5.0,88.0,105280.0,47.44954,48.6189,13144.57,122506.54,1,1.0,0.0,13.14457,2.6493309,11.564378746559145,3.8805227,3.8840125,0.1656815308833139,1.0,1.0,1.0,1.0,2.1065702,0.10824835,80.95065122591402,18.545317,1,0,1,1.0,0.0,1.0,near,1.0,0.0,1.0,0.0,1.0,0.0,0.0,0.0,0.0,0.0,0.0,0.0,0.0,0.0,0.0
58850,1,1.1766666,5.0,88.0,235570.0,42.70316,44.342655,31833.48,149966.97,1,1.0,0.0,31.83348,3.4914489,12.369763388186652,3.7774205,3.7919471,0.3230634050392579,1.0,1.0,1.0,1.0,0.7777947,,12.369763388186652,3.4914489,0,0,0,0.0,0.0,0.0,near,1.0,0.0,0.0,0.0,0.0,0.0,0.0,0.0,0.0,0.0,0.0,0.0,0.0,0.0,0.0
58850,2,1.13,5.0,88.0,235570.0,43.062626,44.188705,31833.48,149966.97,1,1.0,0.0,31.83348,3.4914489,12.369763388186652,3.7856119,3.7884693,0.3230634050392579,1.0,1.0,1.0,1.0,0.75612205,-0.021672666,24.739526776373303,6.9828978,0,0,0,0.0,0.0,0.0,near,1.0,0.0,0.0,0.0,0.0,0.0,0.0,0.0,0.0,0.0,0.0,0.0,0.0,0.0,0.0
58850,3,1.1675,5.0,88.0,235570.0,50.37272,49.667847,31833.48,149966.97,1,1.0,0.0,31.83348,3.4914489,12.369763388186652,3.9391072,3.9053578,0.3230634050392579,1.0,1.0,1.0,1.0,0.7735744,0.01745236,37.10929016455995,10.474346,1,1,0,1.0,1.0,0.0,near,1.0,1.0,0.0,1.0,0.0,0.0,0.0,0.0,0.0,0.0,0.0,0.0,0.0,0.0,0.0
58850,4,1.0933334,5.0,88.0,235570.0,54.639862,50.899338,31833.48,149966.97,1,1.0,0.0,31.83348,3.4914489,12.369763388186652,4.0189,3.9298499,0.3230634050392579,1.0,1.0,1.0,1.0,0.73875767,-0.034816742,49.479053552746606,13.9657955,1,1,0,1.0,1.0,0.0,near,1.0,1.0,0.0,1.0,0.0,0.0,0.0,0.0,0.0,0.0,0.0,0.0,0.0,0.0,0.0
58850,5,1.0966667,5.0,88.0,235570.0,53.191185,52.466816,31833.48,149966.97,1,1.0,0.0,31.83348,3.4914489,12.369763388186652,3.9925182,3.960181,0.3230634050392579,1.0,1.0,1.0,1.0,0.7403489,0.0015912056,61.84881694093326,17.457245,1,0,1,1.0,0.0,1.0,near,1.0,0.0,1.0,0.0,1.0,0.0,0.0,0.0,0.0,0.0,0.0,0.0,0.0,0.0,0.0
58850,6,1.2666667,5.0,88.0,235570.0,47.453415,46.428898,31833.48,149966.97,1,1.0,0.0,31.83348,3.4914489,12.369763388186652,3.8806028,3.837922,0.3230634050392579,1.0,1.0,1.0,1.0,0.8183103,0.077961445,74.2185803291199,20.948692,1,0,1,1.0,0.0,1.0,near,1.0,0.0,1.0,0.0,1.0,0.0,0.0,0.0,0.0,0.0,0.0,0.0,0.0,0.0,0.0
58850,7,1.01,5.0,88.0,235570.0,49.769966,53.00132,31833.48,149966.97,1,1.0,0.0,31.83348,3.4914489,12.369763388186652,3.927305,3.970317,0.3230634050392579,1.0,1.0,1.0,1.0,0.6981347,-0.1201756,86.58834371730656,24.440142,1,0,1,1.0,0.0,1.0,near,1.0,0.0,1.0,0.0,1.0,0.0,0.0,0.0,0.0,0.0,0.0,0.0,0.0,0.0,0.0
58861,1,2.2766666,5.0,88.0,224200.0,39.864815,41.199154,28315.334,140070.17,1,1.0,0.0,28.315334,3.3781106,12.320293789620196,3.7102695,3.7184176,0.30168973117569986,1.0,1.0,1.0,1.0,1.1868267,,12.320293789620196,3.3781106,0,0,0,0.0,0.0,0.0,near,1.0,0.0,0.0,0.0,0.0,0.0,0.0,0.0,0.0,0.0,0.0,0.0,0.0,0.0,0.0
58861,2,3.21,5.0,88.0,224200.0,40.526554,40.7671,28315.334,140070.17,1,1.0,0.0,28.315334,3.3781106,12.320293789620196,3.7263331,3.7078755,0.30168973117569986,1.0,1.0,1.0,1.0,1.4374627,0.25063598,24.640587579240393,6.7562213,0,0,0,0.0,0.0,0.0,near,1.0,0.0,0.0,0.0,0.0,0.0,0.0,0.0,0.0,0.0,0.0,0.0,0.0,0.0,0.0
58861,3,3.355,5.0,88.0,224200.0,46.950768,45.961693,28315.334,140070.17,1,1.0,0.0,28.315334,3.3781106,12.320293789620196,3.870175,3.8278084,0.30168973117569986,1.0,1.0,1.0,1.0,1.4713247,0.033861995,36.96088136886059,10.134332,1,1,0,1.0,1.0,0.0,near,1.0,1.0,0.0,1.0,0.0,0.0,0.0,0.0,0.0,0.0,0.0,0.0,0.0,0.0,0.0
58861,4,3.4466667,5.0,88.0,224200.0,50.3717,46.410904,28315.334,140070.17,1,1.0,0.0,28.315334,3.3781106,12.320293789620196,3.9390874,3.8375344,0.30168973117569986,1.0,1.0,1.0,1.0,1.4921547,0.020830035,49.281175158480785,13.512443,1,1,0,1.0,1.0,0.0,near,1.0,1.0,0.0,1.0,0.0,0.0,0.0,0.0,0.0,0.0,0.0,0.0,0.0,0.0,0.0
58861,5,2.8333333,5.0,88.0,224200.0,50.423286,49.97883,28315.334,140070.17,1,1.0,0.0,28.315334,3.3781106,12.320293789620196,3.9400911,3.9115996,0.30168973117569986,1.0,1.0,1.0,1.0,1.3437347,-0.14841998,61.60146894810098,16.890553,1,0,1,1.0,0.0,1.0,near,1.0,0.0,1.0,0.0,1.0,0.0,0.0,0.0,0.0,0.0,0.0,0.0,0.0,0.0,0.0
58861,6,3.4466667,5.0,88.0,224200.0,43.49177,42.39774,28315.334,140070.17,1,1.0,0.0,28.315334,3.3781106,12.320293789620196,3.7953043,3.747095,0.30168973117569986,1.0,1.0,1.0,1.0,1.4921547,0.14841998,73.92176273772118,20.268663,1,0,1,1.0,0.0,1.0,near,1.0,0.0,1.0,0.0,1.0,0.0,0.0,0.0,0.0,0.0,0.0,0.0,0.0,0.0,0.0
58861,7,3.595,5.0,88.0,224200.0,46.48181,49.257645,28315.334,140070.17,1,1.0,0.0,28.315334,3.3781106,12.320293789620196,3.8603468,3.8970647,0.30168973117569986,1.0,1.0,1.0,1.0,1.5249689,0.032814145,86.24205652734138,23.646774,1,0,1,1.0,0.0,1.0,near,1.0,0.0,1.0,0.0,1.0,0.0,0.0,0.0,0.0,0.0,0.0,0.0,0.0,0.0,0.0
58867,1,3.41,5.0,88.0,420120.0,41.61259,41.351677,29375.152,103192.92,1,1.0,0.0,29.375153,3.413625,12.948295663736712,3.7521498,3.722113,0.3506793604191331,1.0,1.0,1.0,1.0,1.4838747,,12.948295663736712,3.413625,0,0,0,0.0,0.0,0.0,near,1.0,0.0,0.0,0.0,0.0,0.0,0.0,0.0,0.0,0.0,0.0,0.0,0.0,0.0,0.0
58867,2,4.6033335,5.0,88.0,420120.0,41.791565,40.37343,29375.152,103192.92,1,1.0,0.0,29.375153,3.413625,12.948295663736712,3.756341,3.6981719,0.3506793604191331,1.0,1.0,1.0,1.0,1.7233617,0.23948705,25.896591327473423,6.82725,0,0,0,0.0,0.0,0.0,near,1.0,0.0,0.0,0.0,0.0,0.0,0.0,0.0,0.0,0.0,0.0,0.0,0.0,0.0,0.0
58867,3,4.63,5.0,88.0,420120.0,48.190693,46.492126,29375.152,103192.92,1,1.0,0.0,29.375153,3.413625,12.948295663736712,3.8957045,3.839283,0.3506793604191331,1.0,1.0,1.0,1.0,1.7281095,0.0047477484,38.84488699121013,10.240875,1,1,0,1.0,1.0,0.0,near,1.0,1.0,0.0,1.0,0.0,0.0,0.0,0.0,0.0,0.0,0.0,0.0,0.0,0.0,0.0
58867,4,4.673333,5.0,88.0,420120.0,50.6859,45.536896,29375.152,103192.92,1,1.0,0.0,29.375153,3.413625,12.948295663736712,3.945185,3.818523,0.3506793604191331,1.0,1.0,1.0,1.0,1.7357768,0.007667303,51.79318265494685,13.6545,1,1,0,1.0,1.0,0.0,near,1.0,1.0,0.0,1.0,0.0,0.0,0.0,0.0,0.0,0.0,0.0,0.0,0.0,0.0,0.0
58867,5,3.73,5.0,88.0,420120.0,52.50488,50.802544,29375.152,103192.92,1,1.0,0.0,29.375153,3.413625,12.948295663736712,3.9797728,3.9279466,0.3506793604191331,1.0,1.0,1.0,1.0,1.5539252,-0.18185163,64.74147831868356,17.068125,1,0,1,1.0,0.0,1.0,near,1.0,0.0,1.0,0.0,1.0,0.0,0.0,0.0,0.0,0.0,0.0,0.0,0.0,0.0,0.0
58867,6,5.47,5.0,88.0,420120.0,44.694477,42.009975,29375.152,103192.92,1,1.0,0.0,29.375153,3.413625,12.948295663736712,3.8219774,3.7379072,0.3506793604191331,1.0,1.0,1.0,1.0,1.867176,0.3132509,77.68977398242026,20.48175,1,0,1,1.0,0.0,1.0,near,1.0,0.0,1.0,0.0,1.0,0.0,0.0,0.0,0.0,0.0,0.0,0.0,0.0,0.0,0.0
58867,7,6.1000004,5.0,88.0,420120.0,47.44954,48.6189,29375.152,103192.92,1,1.0,0.0,29.375153,3.413625,12.948295663736712,3.8805227,3.8840125,0.3506793604191331,1.0,1.0,1.0,1.0,1.9600948,0.09291875,90.63806964615698,23.895374,1,0,1,1.0,0.0,1.0,near,1.0,0.0,1.0,0.0,1.0,0.0,0.0,0.0,0.0,0.0,0.0,0.0,0.0,0.0,0.0
58878,1,4.4133334,5.0,88.0,390600.0,42.207443,42.895992,14746.269,132806.52,1,1.0,0.0,14.746268,2.7566035,12.875439297424716,3.7660127,3.7587783,0.24490065760332094,1.0,1.0,1.0,1.0,1.6888651,,12.875439297424716,2.7566035,0,0,0,0.0,0.0,0.0,near,1.0,0.0,0.0,0.0,0.0,0.0,0.0,0.0,0.0,0.0,0.0,0.0,0.0,0.0,0.0
58878,2,5.023333,5.0,88.0,390600.0,42.48487,42.337273,14746.269,132806.52,1,1.0,0.0,14.746268,2.7566035,12.875439297424716,3.772413,3.745668,0.24490065760332094,1.0,1.0,1.0,1.0,1.7956407,0.10677564,25.750878594849432,5.513207,0,0,0,0.0,0.0,0.0,near,1.0,0.0,0.0,0.0,0.0,0.0,0.0,0.0,0.0,0.0,0.0,0.0,0.0,0.0,0.0
58878,3,5.3675,5.0,88.0,390600.0,49.380886,48.117054,14746.269,132806.52,1,1.0,0.0,14.746268,2.7566035,12.875439297424716,3.919612,3.8736367,0.24490065760332094,1.0,1.0,1.0,1.0,1.8512069,0.05556619,38.626317892274145,8.269811,1,1,0,1.0,1.0,0.0,near,1.0,1.0,0.0,1.0,0.0,0.0,0.0,0.0,0.0,0.0,0.0,0.0,0.0,0.0,0.0
58878,4,5.0166664,5.0,88.0,390600.0,52.842606,48.294216,14746.269,132806.52,1,1.0,0.0,14.746268,2.7566035,12.875439297424716,3.9860651,3.8773117,0.24490065760332094,1.0,1.0,1.0,1.0,1.7945334,-0.056673527,51.501757189698864,11.026414,1,1,0,1.0,1.0,0.0,near,1.0,1.0,0.0,1.0,0.0,0.0,0.0,0.0,0.0,0.0,0.0,0.0,0.0,0.0,0.0
58878,5,4.213333,5.0,88.0,390600.0,52.879227,51.684093,14746.269,132806.52,1,1.0,0.0,14.746268,2.7566035,12.875439297424716,3.9867449,3.9451501,0.24490065760332094,1.0,1.0,1.0,1.0,1.6512194,-0.143314,64.37719648712358,13.783017,1,0,1,1.0,0.0,1.0,near,1.0,0.0,1.0,0.0,1.0,0.0,0.0,0.0,0.0,0.0,0.0,0.0,0.0,0.0,0.0
58878,6,5.693333,5.0,88.0,390600.0,46.199352,44.373974,14746.269,132806.52,1,1.0,0.0,14.746268,2.7566035,12.875439297424716,3.8543801,3.792653,0.24490065760332094,1.0,1.0,1.0,1.0,1.901112,0.24989259,77.25263578454829,16.539621,1,0,1,1.0,0.0,1.0,near,1.0,0.0,1.0,0.0,1.0,0.0,0.0,0.0,0.0,0.0,0.0,0.0,0.0,0.0,0.0
58878,7,6.415,5.0,88.0,390600.0,48.715225,50.978027,14746.269,132806.52,1,1.0,0.0,14.746268,2.7566035,12.875439297424716,3.9063113,3.9313948,0.24490065760332094,1.0,1.0,1.0,1.0,2.003505,0.10239303,90.12807508197301,19.296225,1,0,1,1.0,0.0,1.0,near,1.0,0.0,1.0,0.0,1.0,0.0,0.0,0.0,0.0,0.0,0.0,0.0,0.0,0.0,0.0
58889,1,1.13,5.0,88.0,135060.0,37.17686,39.131317,42460.867,144964.3,1,1.0,0.0,42.46087,3.771861,11.813474403128833,3.6422296,3.666923,0.3304311440413994,1.0,1.0,1.0,1.0,0.75612205,,11.813474403128833,3.771861,0,0,0,0.0,0.0,0.0,near,1.0,0.0,0.0,0.0,0.0,0.0,0.0,0.0,0.0,0.0,0.0,0.0,0.0,0.0,0.0
58889,2,1.2766666,5.0,88.0,135060.0,38.215065,38.231567,42460.867,144964.3,1,1.0,0.0,42.46087,3.771861,11.813474403128833,3.669061,3.6436615,0.3304311440413994,1.0,1.0,1.0,1.0,0.82271236,0.06659031,23.626948806257666,7.543722,0,0,0,0.0,0.0,0.0,near,1.0,0.0,0.0,0.0,0.0,0.0,0.0,0.0,0.0,0.0,0.0,0.0,0.0,0.0,0.0
58889,3,1.6,5.0,88.0,135060.0,43.36568,42.559258,42460.867,144964.3,1,1.0,0.0,42.46087,3.771861,11.813474403128833,3.7924662,3.7508974,0.3304311440413994,1.0,1.0,1.0,1.0,0.9555114,0.13279903,35.440423209386495,11.315583,1,1,0,1.0,1.0,0.0,near,1.0,1.0,0.0,1.0,0.0,0.0,0.0,0.0,0.0,0.0,0.0,0.0,0.0,0.0,0.0
58889,4,1.62,5.0,88.0,135060.0,46.239635,42.62489,42460.867,144964.3,1,1.0,0.0,42.46087,3.771861,11.813474403128833,3.8552332,3.7524383,0.3304311440413994,1.0,1.0,1.0,1.0,0.9631743,0.0076628923,47.25389761251533,15.087444,1,1,0,1.0,1.0,0.0,near,1.0,1.0,0.0,1.0,0.0,0.0,0.0,0.0,0.0,0.0,0.0,0.0,0.0,0.0,0.0
58889,5,1.21,5.0,88.0,135060.0,47.616364,48.054672,42460.867,144964.3,1,1.0,0.0,42.46087,3.771861,11.813474403128833,3.8839602,3.8723392,0.3304311440413994,1.0,1.0,1.0,1.0,0.79299253,-0.17018175,59.06737201564417,18.859306,1,0,1,1.0,0.0,1.0,near,1.0,0.0,1.0,0.0,1.0,0.0,0.0,0.0,0.0,0.0,0.0,0.0,0.0,0.0,0.0
58889,6,1.2266667,5.0,88.0,135060.0,39.480896,39.04404,42460.867,144964.3,1,1.0,0.0,42.46087,3.771861,11.813474403128833,3.7008302,3.6646903,0.3304311440413994,1.0,1.0,1.0,1.0,0.8005057,0.0075131655,70.88084641877299,22.631166,1,0,1,1.0,0.0,1.0,near,1.0,0.0,1.0,0.0,1.0,0.0,0.0,0.0,0.0,0.0,0.0,0.0,0.0,0.0,0.0
58889,7,1.1600001,5.0,88.0,135060.0,43.524776,46.707275,42460.867,144964.3,1,1.0,0.0,42.46087,3.771861,11.813474403128833,3.7960458,3.8439,0.3304311440413994,1.0,1.0,1.0,1.0,0.7701083,-0.030397415,82.69432082190183,26.403027,1,0,1,1.0,0.0,1.0,near,1.0,0.0,1.0,0.0,1.0,0.0,0.0,0.0,0.0,0.0,0.0,0.0,0.0,0.0,0.0
58894,1,2.4133334,5.0,88.0,398680.0,40.001144,40.432587,26590.863,124753.16,1,1.0,0.0,26.590864,3.3174846,12.895914369081392,3.7136,3.699636,0.33098078650623397,1.0,1.0,1.0,1.0,1.2276894,,12.895914369081392,3.3174846,0,0,0,0.0,0.0,0.0,near,1.0,0.0,0.0,0.0,0.0,0.0,0.0,0.0,0.0,0.0,0.0,0.0,0.0,0.0,0.0
58894,2,3.6533334,5.0,88.0,398680.0,40.481674,39.42282,26590.863,124753.16,1,1.0,0.0,26.590864,3.3174846,12.895914369081392,3.7252517,3.6743448,0.33098078650623397,1.0,1.0,1.0,1.0,1.5375838,0.30989444,25.791828738162785,6.634969,0,0,0,0.0,0.0,0.0,near,1.0,0.0,0.0,0.0,0.0,0.0,0.0,0.0,0.0,0.0,0.0,0.0,0.0,0.0,0.0
58894,3,4.015,5.0,88.0,398680.0,46.31421,44.781105,26590.863,124753.16,1,1.0,0.0,26.590864,3.3174846,12.895914369081392,3.8568106,3.8017862,0.33098078650623397,1.0,1.0,1.0,1.0,1.6124334,0.074849606,38.687743107244174,9.952454,1,1,0,1.0,1.0,0.0,near,1.0,1.0,0.0,1.0,0.0,0.0,0.0,0.0,0.0,0.0,0.0,0.0,0.0,0.0,0.0
58894,4,4.0266666,5.0,88.0,398680.0,48.867077,44.183628,26590.863,124753.16,1,1.0,0.0,26.590864,3.3174846,12.895914369081392,3.9093611,3.7883544,0.33098078650623397,1.0,1.0,1.0,1.0,1.6147571,0.0023236275,51.58365747632557,13.269938,1,1,0,1.0,1.0,0.0,near,1.0,1.0,0.0,1.0,0.0,0.0,0.0,0.0,0.0,0.0,0.0,0.0,0.0,0.0,0.0
58894,5,3.5833335,5.0,88.0,398680.0,50.7316,49.744617,26590.863,124753.16,1,1.0,0.0,26.590864,3.3174846,12.895914369081392,3.9460688,3.9069023,0.33098078650623397,1.0,1.0,1.0,1.0,1.5224266,-0.092330456,64.47957184540697,16.587423,1,0,1,1.0,0.0,1.0,near,1.0,0.0,1.0,0.0,1.0,0.0,0.0,0.0,0.0,0.0,0.0,0.0,0.0,0.0,0.0
58894,6,5.0133333,5.0,88.0,398680.0,42.65951,40.704742,26590.863,124753.16,1,1.0,0.0,26.590864,3.3174846,12.895914369081392,3.776421,3.7063446,0.33098078650623397,1.0,1.0,1.0,1.0,1.7939792,0.27155256,77.37548621448835,19.904907,1,0,1,1.0,0.0,1.0,near,1.0,0.0,1.0,0.0,1.0,0.0,0.0,0.0,0.0,0.0,0.0,0.0,0.0,0.0,0.0
58894,7,5.27,5.0,88.0,398680.0,45.960907,47.776756,26590.863,124753.16,1,1.0,0.0,26.590864,3.3174846,12.895914369081392,3.8493154,3.8665392,0.33098078650623397,1.0,1.0,1.0,1.0,1.8357763,0.04179716,90.27140058356974,23.222393,1,0,1,1.0,0.0,1.0,near,1.0,0.0,1.0,0.0,1.0,0.0,0.0,0.0,0.0,0.0,0.0,0.0,0.0,0.0,0.0
59408,1,1.48,5.0,94.0,146990.0,51.84832,62.85392,242489.22,358234.12,1,1.0,0.0,242.48921,5.495073,11.898119836236033,3.9674258,4.1408134,0.6451649665955963,1.0,1.0,1.0,1.0,0.90825856,,11.898119836236033,5.495073,0,0,0,0.0,0.0,0.0,far,0.0,0.0,0.0,0.0,0.0,0.0,0.0,0.0,0.0,0.0,1.0,0.0,0.0,0.0,0.0
59408,2,1.8733333,5.0,94.0,146990.0,58.44408,68.563065,242489.22,358234.12,1,1.0,0.0,242.48921,5.495073,11.898119836236033,4.0850363,4.227754,0.6451649665955963,1.0,1.0,1.0,1.0,1.0554729,0.1472143,23.796239672472066,10.990146,0,0,0,0.0,0.0,0.0,far,0.0,0.0,0.0,0.0,0.0,0.0,0.0,0.0,0.0,0.0,1.0,0.0,0.0,0.0,0.0
59408,3,1.9175,5.0,94.0,146990.0,63.868057,69.53099,242489.22,358234.12,1,1.0,0.0,242.48921,5.495073,11.898119836236033,4.172355,4.2417727,0.6451649665955963,1.0,1.0,1.0,1.0,1.0707271,0.015254259,35.6943595087081,16.485218,1,1,0,1.0,1.0,0.0,far,0.0,0.0,0.0,0.0,0.0,0.0,0.0,0.0,0.0,0.0,1.0,1.0,0.0,1.0,0.0
59408,4,1.9833333,5.0,94.0,146990.0,67.28454,73.962494,242489.22,358234.12,1,1.0,0.0,242.48921,5.495073,11.898119836236033,4.2236834,4.3035583,0.6451649665955963,1.0,1.0,1.0,1.0,1.0930412,0.022314072,47.59247934494413,21.980291,1,1,0,1.0,1.0,0.0,far,0.0,0.0,0.0,0.0,0.0,0.0,0.0,0.0,0.0,0.0,1.0,1.0,0.0,1.0,0.0
59408,5,1.77,5.0,94.0,146990.0,65.38291,75.9241,242489.22,358234.12,1,1.0,0.0,242.48921,5.495073,11.898119836236033,4.19544,4.3297343,0.6451649665955963,1.0,1.0,1.0,1.0,1.0188473,-0.074193835,59.490599181180166,27.475365,1,0,1,1.0,0.0,1.0,far,0.0,0.0,0.0,0.0,0.0,0.0,0.0,0.0,0.0,0.0,1.0,0.0,1.0,0.0,1.0
59408,6,2.37,5.0,94.0,146990.0,61.348866,71.73188,242489.22,358234.12,1,1.0,0.0,242.48921,5.495073,11.898119836236033,4.1327453,4.2729354,0.6451649665955963,1.0,1.0,1.0,1.0,1.2149127,0.1960653,71.3887190174162,32.970436,1,0,1,1.0,0.0,1.0,far,0.0,0.0,0.0,0.0,0.0,0.0,0.0,0.0,0.0,0.0,1.0,0.0,1.0,0.0,1.0
59408,7,2.56,5.0,94.0,146990.0,64.40082,77.616394,242489.22,358234.12,1,1.0,0.0,242.48921,5.495073,11.898119836236033,4.180535,4.3517785,0.6451649665955963,1.0,1.0,1.0,1.0,1.2697605,0.054847836,83.28683885365223,38.46551,1,0,1,1.0,0.0,1.0,far,0.0,0.0,0.0,0.0,0.0,0.0,0.0,0.0,0.0,0.0,1.0,0.0,1.0,0.0,1.0
59451,1,1.4,5.0,94.0,101620.0,35.711956,43.024918,231047.6,344230.16,1,1.0,0.0,231.04759,5.4469423,11.528995645147722,3.6031024,3.7617793,0.6097945219209694,1.0,1.0,1.0,1.0,0.8754688,,11.528995645147722,5.4469423,0,0,0,0.0,0.0,0.0,far,0.0,0.0,0.0,0.0,0.0,0.0,0.0,0.0,0.0,0.0,1.0,0.0,0.0,0.0,0.0
59451,2,1.46,5.0,94.0,101620.0,40.690994,47.219326,231047.6,344230.16,1,1.0,0.0,231.04759,5.4469423,11.528995645147722,3.7302852,3.8548033,0.6097945219209694,1.0,1.0,1.0,1.0,0.9001614,0.024692595,23.057991290295444,10.893885,0,0,0,0.0,0.0,0.0,far,0.0,0.0,0.0,0.0,0.0,0.0,0.0,0.0,0.0,0.0,1.0,0.0,0.0,0.0,0.0
59451,3,1.4925001,5.0,94.0,101620.0,45.937733,48.743637,231047.6,344230.16,1,1.0,0.0,231.04759,5.4469423,11.528995645147722,3.8488219,3.8865747,0.6097945219209694,1.0,1.0,1.0,1.0,0.91328627,0.013124883,34.586986935443164,16.340828,1,1,0,1.0,1.0,0.0,far,0.0,0.0,0.0,0.0,0.0,0.0,0.0,0.0,0.0,0.0,1.0,1.0,0.0,1.0,0.0
59451,4,1.5366666,5.0,94.0,101620.0,49.23406,53.34002,231047.6,344230.16,1,1.0,0.0,231.04759,5.4469423,11.528995645147722,3.9166932,3.976687,0.6097945219209694,1.0,1.0,1.0,1.0,0.93085086,0.017564595,46.11598258059089,21.78777,1,1,0,1.0,1.0,0.0,far,0.0,0.0,0.0,0.0,0.0,0.0,0.0,0.0,0.0,0.0,1.0,1.0,0.0,1.0,0.0
59451,5,1.5533333,5.0,94.0,101620.0,46.62038,52.727962,231047.6,344230.16,1,1.0,0.0,231.04759,5.4469423,11.528995645147722,3.8632607,3.9651458,0.6097945219209694,1.0,1.0,1.0,1.0,0.9373997,0.006548822,57.64497822573861,27.23471,1,0,1,1.0,0.0,1.0,far,0.0,0.0,0.0,0.0,0.0,0.0,0.0,0.0,0.0,0.0,1.0,0.0,1.0,0.0,1.0
59451,6,1.62,5.0,94.0,101620.0,43.07649,50.15625,231047.6,344230.16,1,1.0,0.0,231.04759,5.4469423,11.528995645147722,3.7859266,3.9151433,0.6097945219209694,1.0,1.0,1.0,1.0,0.9631743,0.025774598,69.17397387088633,32.681656,1,0,1,1.0,0.0,1.0,far,0.0,0.0,0.0,0.0,0.0,0.0,0.0,0.0,0.0,0.0,1.0,0.0,1.0,0.0,1.0
59451,7,3.97,5.0,94.0,101620.0,45.38273,54.347893,231047.6,344230.16,1,1.0,0.0,231.04759,5.4469423,11.528995645147722,3.8369272,3.995406,0.6097945219209694,1.0,1.0,1.0,1.0,1.6034199,0.6402456,80.70296951603406,38.128597,1,0,1,1.0,0.0,1.0,far,0.0,0.0,0.0,0.0,0.0,0.0,0.0,0.0,0.0,0.0,1.0,0.0,1.0,0.0,1.0
59482,1,1.98,5.0,94.0,180710.0,35.711956,43.024918,213186.84,328142.12,1,1.0,0.0,213.18684,5.366849,12.10464881539221,3.6031024,3.7617793,0.6381949054259508,1.0,1.0,1.0,1.0,1.0919234,,12.10464881539221,5.366849,0,0,0,0.0,0.0,0.0,far,0.0,0.0,0.0,0.0,0.0,0.0,0.0,0.0,0.0,0.0,1.0,0.0,0.0,0.0,0.0
59482,2,1.92,5.0,94.0,180710.0,40.690994,47.219326,213186.84,328142.12,1,1.0,0.0,213.18684,5.366849,12.10464881539221,3.7302852,3.8548033,0.6381949054259508,1.0,1.0,1.0,1.0,1.0715836,-0.020339727,24.20929763078442,10.733698,0,0,0,0.0,0.0,0.0,far,0.0,0.0,0.0,0.0,0.0,0.0,0.0,0.0,0.0,0.0,1.0,0.0,0.0,0.0,0.0
59482,3,1.9025,5.0,94.0,180710.0,45.937733,48.743637,213186.84,328142.12,1,1.0,0.0,213.18684,5.366849,12.10464881539221,3.8488219,3.8865747,0.6381949054259508,1.0,1.0,1.0,1.0,1.0655725,-0.0060111284,36.31394644617663,16.100548,1,1,0,1.0,1.0,0.0,far,0.0,0.0,0.0,0.0,0.0,0.0,0.0,0.0,0.0,0.0,1.0,1.0,0.0,1.0,0.0
59482,4,1.8333334,5.0,94.0,180710.0,49.23406,53.34002,213186.84,328142.12,1,1.0,0.0,213.18684,5.366849,12.10464881539221,3.9166932,3.976687,0.6381949054259508,1.0,1.0,1.0,1.0,1.041454,-0.024118543,48.41859526156884,21.467396,1,1,0,1.0,1.0,0.0,far,0.0,0.0,0.0,0.0,0.0,0.0,0.0,0.0,0.0,0.0,1.0,1.0,0.0,1.0,0.0
59482,5,1.55,5.0,94.0,180710.0,46.62038,52.727962,213186.84,328142.12,1,1.0,0.0,213.18684,5.366849,12.10464881539221,3.8632607,3.9651458,0.6381949054259508,1.0,1.0,1.0,1.0,0.93609333,-0.10536063,60.52324407696105,26.834244,1,0,1,1.0,0.0,1.0,far,0.0,0.0,0.0,0.0,0.0,0.0,0.0,0.0,0.0,0.0,1.0,0.0,1.0,0.0,1.0
59482,6,1.6833333,5.0,94.0,180710.0,43.07649,50.15625,213186.84,328142.12,1,1.0,0.0,213.18684,5.366849,12.10464881539221,3.7859266,3.9151433,0.6381949054259508,1.0,1.0,1.0,1.0,0.98705983,0.0509665,72.62789289235326,32.201096,1,0,1,1.0,0.0,1.0,far,0.0,0.0,0.0,0.0,0.0,0.0,0.0,0.0,0.0,0.0,1.0,0.0,1.0,0.0,1.0
59482,7,4.01,5.0,94.0,180710.0,45.38273,54.347893,213186.84,328142.12,1,1.0,0.0,213.18684,5.366849,12.10464881539221,3.8369272,3.995406,0.6381949054259508,1.0,1.0,1.0,1.0,1.611436,0.6243762,84.73254170774547,37.567944,1,0,1,1.0,0.0,1.0,far,0.0,0.0,0.0,0.0,0.0,0.0,0.0,0.0,0.0,0.0,1.0,0.0,1.0,0.0,1.0
59486,1,2.0566666,5.0,94.0,156030.0,38.939228,46.954224,229290.61,343781.8,1,1.0,0.0,229.2906,5.439342,11.957803575435229,3.687359,3.849173,0.6399728849138694,1.0,1.0,1.0,1.0,1.1173251,,11.957803575435229,5.439342,0,0,0,0.0,0.0,0.0,far,0.0,0.0,0.0,0.0,0.0,0.0,0.0,0.0,0.0,0.0,1.0,0.0,0.0,0.0,0.0
59486,2,2.2333333,5.0,94.0,156030.0,44.24161,51.44686,229290.61,343781.8,1,1.0,0.0,229.2906,5.439342,11.957803575435229,3.8120172,3.9405494,0.6399728849138694,1.0,1.0,1.0,1.0,1.1735137,0.056188583,23.915607150870457,10.878684,0,0,0,0.0,0.0,0.0,far,0.0,0.0,0.0,0.0,0.0,0.0,0.0,0.0,0.0,0.0,1.0,0.0,0.0,0.0,0.0
59486,3,2.095,5.0,94.0,156030.0,49.5238,52.783955,229290.61,343781.8,1,1.0,0.0,229.2906,5.439342,11.957803575435229,3.9224446,3.9662073,0.6399728849138694,1.0,1.0,1.0,1.0,1.1297879,-0.04372573,35.873410726305686,16.318026,1,1,0,1.0,1.0,0.0,far,0.0,0.0,0.0,0.0,0.0,0.0,0.0,0.0,0.0,0.0,1.0,1.0,0.0,1.0,0.0
59486,4,2.1233332,5.0,94.0,156030.0,52.844154,57.357834,229290.61,343781.8,1,1.0,0.0,229.2906,5.439342,11.957803575435229,3.9860938,4.0493093,0.6399728849138694,1.0,1.0,1.0,1.0,1.1389008,0.009112835,47.831214301740914,21.757368,1,1,0,1.0,1.0,0.0,far,0.0,0.0,0.0,0.0,0.0,0.0,0.0,0.0,0.0,0.0,1.0,1.0,0.0,1.0,0.0
59486,5,1.6966666,5.0,94.0,156030.0,50.372887,57.28107,229290.61,343781.8,1,1.0,0.0,229.2906,5.439342,11.957803575435229,3.9391105,4.0479703,0.6399728849138694,1.0,1.0,1.0,1.0,0.99201643,-0.14688432,59.78901787717614,27.19671,1,0,1,1.0,0.0,1.0,far,0.0,0.0,0.0,0.0,0.0,0.0,0.0,0.0,0.0,0.0,1.0,0.0,1.0,0.0,1.0
59486,6,2.06,5.0,94.0,156030.0,46.730965,54.412483,229290.61,343781.8,1,1.0,0.0,229.2906,5.439342,11.957803575435229,3.8655803,3.9965937,0.6399728849138694,1.0,1.0,1.0,1.0,1.1184149,0.12639844,71.74682145261137,32.63605,1,0,1,1.0,0.0,1.0,far,0.0,0.0,0.0,0.0,0.0,0.0,0.0,0.0,0.0,0.0,1.0,0.0,1.0,0.0,1.0
59486,7,3.6149998,5.0,94.0,156030.0,49.186348,58.94217,229290.61,343781.8,1,1.0,0.0,229.2906,5.439342,11.957803575435229,3.915743,4.0765567,0.6399728849138694,1.0,1.0,1.0,1.0,1.5293118,0.4108969,83.70462502804659,38.075394,1,0,1,1.0,0.0,1.0,far,0.0,0.0,0.0,0.0,0.0,0.0,0.0,0.0,0.0,0.0,1.0,0.0,1.0,0.0,1.0
59494,1,4.5333333,5.0,94.0,421180.0,51.986713,61.910633,227798.92,344634.53,1,1.0,0.0,227.79892,5.4328437,12.950815574733769,3.9700413,4.125692,0.707182867454605,1.0,1.0,1.0,1.0,1.7107904,,12.950815574733769,5.4328437,0,0,0,0.0,0.0,0.0,far,0.0,0.0,0.0,0.0,0.0,0.0,0.0,0.0,0.0,0.0,1.0,0.0,0.0,0.0,0.0
59494,2,4.923333,5.0,94.0,421180.0,57.968777,66.9044,227798.92,344634.53,1,1.0,0.0,227.79892,5.4328437,12.950815574733769,4.0770082,4.2032647,0.707182867454605,1.0,1.0,1.0,1.0,1.7788993,0.06810892,25.901631149467537,10.865687,0,0,0,0.0,0.0,0.0,far,0.0,0.0,0.0,0.0,0.0,0.0,0.0,0.0,0.0,0.0,1.0,0.0,0.0,0.0,0.0
59494,3,4.07,5.0,94.0,421180.0,64.02172,67.930145,227798.92,344634.53,1,1.0,0.0,227.79892,5.4328437,12.950815574733769,4.1747212,4.21848,0.707182867454605,1.0,1.0,1.0,1.0,1.6233408,-0.15555847,38.85244672420131,16.29853,1,1,0,1.0,1.0,0.0,far,0.0,0.0,0.0,0.0,0.0,0.0,0.0,0.0,0.0,0.0,1.0,1.0,0.0,1.0,0.0
59494,4,4.0633335,5.0,94.0,421180.0,67.82341,73.28916,227798.92,344634.53,1,1.0,0.0,227.79892,5.4328437,12.950815574733769,4.231544,4.2944126,0.707182867454605,1.0,1.0,1.0,1.0,1.622025,-0.0013158321,51.803262298935074,21.731375,1,1,0,1.0,1.0,0.0,far,0.0,0.0,0.0,0.0,0.0,0.0,0.0,0.0,0.0,0.0,1.0,1.0,0.0,1.0,0.0
59494,5,2.8233333,5.0,94.0,421180.0,65.024635,73.709526,227798.92,344634.53,1,1.0,0.0,227.79892,5.4328437,12.950815574733769,4.1900277,4.3001323,0.707182867454605,1.0,1.0,1.0,1.0,1.3411226,-0.2809024,64.75407787366885,27.164219,1,0,1,1.0,0.0,1.0,far,0.0,0.0,0.0,0.0,0.0,0.0,0.0,0.0,0.0,0.0,1.0,0.0,1.0,0.0,1.0
59494,6,3.2966666,5.0,94.0,421180.0,61.18699,70.39416,227798.92,344634.53,1,1.0,0.0,227.79892,5.4328437,12.950815574733769,4.130146,4.2541103,0.707182867454605,1.0,1.0,1.0,1.0,1.4578395,0.11671686,77.70489344840261,32.59706,1,0,1,1.0,0.0,1.0,far,0.0,0.0,0.0,0.0,0.0,0.0,0.0,0.0,0.0,0.0,1.0,0.0,1.0,0.0,1.0
59494,7,4.505,5.0,94.0,421180.0,64.13454,76.49369,227798.92,344634.53,1,1.0,0.0,227.79892,5.4328437,12.950815574733769,4.176455,4.3372083,0.707182867454605,1.0,1.0,1.0,1.0,1.7056568,0.24781728,90.65570902313638,38.029907,1,0,1,1.0,0.0,1.0,far,0.0,0.0,0.0,0.0,0.0,0.0,0.0,0.0,0.0,0.0,1.0,0.0,1.0,0.0,1.0
