Variable,OLS_coef,OLS_se,OLS_pval,TWFE_coef,TWFE_se,TWFE_pval
log_GDPpc,0.24054827140316465,0.12999174683225204,0.06589122878759923,0.29311209752395123,0.0779787039338637,0.00023124375619576476
log_GDPpc2,-0.027898856286234747,0.015323209785526686,0.07032350942210353,-0.03196940917275048,0.008958797225408623,0.0004615418732953902
log_GDPpc3,0.001015637525738402,0.0005928095858502431,0.08839586178605341,0.0011223694186878255,0.00034152438469630623,0.001222599761270704
