Turning Point,Log GDP pc,GDP pc (USD)
Peak (local max),7.735015374452148,2287.043866062646
Trough (local min),11.254222120469544,77205.20225532903
