Model,N,log_GDPpc_coef,log_GDPpc_se,log_GDPpc_pval,log_GDPpc2_coef,log_GDPpc2_se,log_GDPpc2_pval,log_GDPpc3_coef,log_GDPpc3_se,log_GDPpc3_pval
Linear,879,-0.003262568190884191,0.0029148538192108817,0.26452434282954607,,,,,,
Quadratic,879,0.055798214665623756,0.022769785442354015,0.015231087385287667,-0.003477565480924385,0.0012947009581358742,0.007915716638562165,,,
Cubic,879,0.2931120975263695,0.0779786998527278,0.00023124358782822263,-0.03196940917303754,0.008958796789230217,0.00046154158782996113,0.0011223694186990134,0.0003415243695194389,0.0012225991638348255
