Model,N,lnGDPpc_coef,lnGDPpc_se,lnGDPpc_pval,lnGDPpc2_coef,lnGDPpc2_se,lnGDPpc2_pval,lnGDPpc3_coef,lnGDPpc3_se,lnGDPpc3_pval,rents_coef,rents_se,rents_pval,land_coef,land_se,land_pval,trade_coef,trade_se,trade_pval,fdi_coef,fdi_se,fdi_pval,gasoline_coef,gasoline_se,gasoline_pval,areaXgasoline_coef,areaXgasoline_se,areaXgasoline_pval,aid_coef,aid_se,aid_pval,school_coef,school_se,school_pval,ethnic_gini_coef,ethnic_gini_se,ethnic_gini_pval
Resources,857,0.349771190698394,0.07542831429430294,6.889201789039845e-06,-0.038002829433963096,0.008693033698323149,2.110751980977099e-05,0.001327217798209203,0.00033142749855292716,9.170627472832038e-05,0.018288701030511594,0.006779167210099877,0.007663505319536856,-0.05287295250702529,0.014192256563650255,0.0002628108736300039,,,,,,,,,,,,,,,,,,,,,
Trade,817,0.2053992010912372,0.08059348016728392,0.011695855434284974,-0.02221265450639694,0.009261939247996748,0.017548959552389887,0.0007662101292030564,0.00035349075167691736,0.03157543316941336,,,,,,,0.005084505300441186,0.0018580341375466992,0.006865730550190685,0.00940700662834282,0.007255579176990676,0.19654314602804224,,,,,,,,,,,,,,,
Mobility,672,0.17109153436054694,0.07812593932554854,0.0300035916769561,-0.018641716443334847,0.008782095050755653,0.03534771972159767,0.0006547117271696641,0.00032927346374955817,0.04851089850486123,,,,,,,,,,,,,0.0005752572445152493,0.0020819867697500923,0.782679455931897,0.006005335997972136,0.003027594552309269,0.04905159960778471,,,,,,,,,
Aid/Education,585,0.2263740119978065,0.10999375821783655,0.041425781647427495,-0.02322414843613078,0.01354869263552181,0.0887031746519018,0.0007446372398423318,0.0005527832736557883,0.18011895224389418,,,,,,,,,,,,,,,,,,,0.01524254169590347,0.006851353410691133,0.027687068897405576,-0.014065357749528884,0.00721742910797573,0.05330423509942239,,,
Ethnicity,844,0.1492439617815864,0.05893674632457512,0.012233027793900675,-0.015262726811903668,0.006854672162174861,0.02727885985718248,0.0004965709065973555,0.0002660465597965948,0.06368626149119905,,,,,,,,,,,,,,,,,,,,,,,,,0.07089800769516023,0.016469840482141476,2.8092272623903014e-05
