Turning Point,Log GDP pc,GDP pc (USD)
Peak (local max),7.735015374450928,2287.0438660598547
Trough (local min),11.254222120451988,77205.20225397364
