parameter,mean,sd,q025,q500,q975,ess
rho,0.22263658602387906,0.03132668077526263,0.16848043950154118,0.22442715035565003,0.27151649139153583,2.9312294609677716
