object,rank,from_nuts1,to_nuts1,from_country,to_country,same_country,same_group,value,pip,is_queen,dist_km
W,1,EL4,EL6,EL,EL,TRUE,TRUE,1,1,FALSE,491.069626
W,2,PL4,PL2,PL,PL,TRUE,TRUE,1,1,FALSE,413.674156
W,3,PL8,PL6,PL,PL,TRUE,TRUE,1,1,TRUE,323.987556
W,4,EL6,EL5,EL,EL,TRUE,TRUE,0.995,1,TRUE,160.307124
W,5,EL5,EL3,EL,EL,TRUE,TRUE,0.99,1,FALSE,320.819885
W,6,BG4,CZ0,BG,CZ,FALSE,TRUE,0.983333,1,FALSE,1083.619423
W,7,PL2,PL4,PL,PL,TRUE,TRUE,0.955,1,FALSE,413.674156
W,8,HU2,HU3,HU,HU,TRUE,TRUE,0.950833,0.99,TRUE,251.970261
W,9,HU1,HU3,HU,HU,TRUE,TRUE,0.9135,0.99,TRUE,122.074103
W,10,PL7,PL8,PL,PL,TRUE,TRUE,0.89,0.92,TRUE,231.182737
W,11,RO2,RO1,RO,RO,TRUE,TRUE,0.885,1,TRUE,273.470055
W,12,SE1,SE2,SE,SE,TRUE,TRUE,0.88,0.89,TRUE,248.050046
W,13,PL9,PL8,PL,PL,TRUE,TRUE,0.875,0.9,TRUE,128.895785
W,14,SE3,SE2,SE,SE,TRUE,TRUE,0.83,0.88,TRUE,750.118279
W,15,EL3,EL4,EL,EL,TRUE,TRUE,0.815,0.83,FALSE,326.624355
W,16,HU3,HU1,HU,HU,TRUE,TRUE,0.695833,0.76,TRUE,122.074103
W,17,RO4,RO1,RO,RO,TRUE,TRUE,0.65,0.94,TRUE,193.694272
W,18,SE2,SE3,SE,SE,TRUE,TRUE,0.615,0.64,TRUE,750.118279
W,19,LV0,LT0,LV,LT,FALSE,TRUE,0.591667,1,TRUE,218.048887
W,20,PL5,PL6,PL,PL,TRUE,TRUE,0.576667,0.86,FALSE,336.00515
W,21,RO3,RO1,RO,RO,TRUE,TRUE,0.488333,0.58,TRUE,313.295066
W,22,IE0,BG4,IE,BG,FALSE,FALSE,0.465833,0.95,FALSE,2690.291229
W,23,IE0,MT0,IE,MT,FALSE,FALSE,0.441667,0.91,FALSE,2586.988991
W,24,LV0,RO1,LV,RO,FALSE,FALSE,0.401667,0.81,FALSE,1124.608721
W,25,SE2,SE1,SE,SE,TRUE,TRUE,0.38,0.4,TRUE,248.050046
W,26,PL6,PL9,PL,PL,TRUE,TRUE,0.351667,0.71,TRUE,196.199126
W,27,RO1,RO3,RO,RO,TRUE,TRUE,0.341667,0.76,TRUE,313.295066
W,28,FI2,ES6,FI,ES,FALSE,FALSE,0.330833,0.35,FALSE,3017.325414
W,29,FI2,ES5,FI,ES,FALSE,FALSE,0.33,0.34,FALSE,2574.352259
W,30,RO3,RO4,RO,RO,TRUE,TRUE,0.328333,0.54,TRUE,283.468471
W,31,PL6,PL4,PL,PL,TRUE,TRUE,0.326667,0.66,TRUE,227.626851
W,32,RO1,RO4,RO,RO,TRUE,TRUE,0.325,0.67,TRUE,193.694272
W,33,RO4,RO3,RO,RO,TRUE,TRUE,0.315,0.62,TRUE,283.468471
W,34,EE0,RO1,EE,RO,FALSE,FALSE,0.264667,0.67,FALSE,1351.008648
W,35,SK0,RO4,SK,RO,FALSE,TRUE,0.264317,0.8,FALSE,483.564298
W,36,LT0,PL5,LT,PL,FALSE,FALSE,0.254167,0.59,FALSE,665.066444
W,37,HU3,HU2,HU,HU,TRUE,TRUE,0.250833,0.3,TRUE,251.970261
W,38,EE0,LT0,EE,LT,FALSE,TRUE,0.233667,0.41,FALSE,410.223778
W,39,PL5,PL4,PL,PL,TRUE,TRUE,0.23,0.46,TRUE,235.960581
W,40,DE1,DEC,DE,DE,TRUE,TRUE,0.227884,0.4,FALSE,173.17481
W,41,PL6,PL2,PL,PL,TRUE,TRUE,0.2,0.32,FALSE,390.047177
W,42,LT0,PL8,LT,PL,FALSE,FALSE,0.195833,0.46,TRUE,401.708032
W,43,DE5,DEC,DE,DE,TRUE,TRUE,0.186362,0.31,FALSE,435.105299
W,44,DE5,DE1,DE,DE,TRUE,TRUE,0.18542,0.25,FALSE,494.979708
W,45,RO3,RO2,RO,RO,TRUE,TRUE,0.183333,0.35,TRUE,198.728438
W,46,EL3,EL6,EL,EL,TRUE,TRUE,0.18,0.19,TRUE,177.185599
W,47,DE8,DEF,DE,DE,TRUE,TRUE,0.160729,0.3,TRUE,167.705845
W,48,PL5,PL2,PL,PL,TRUE,TRUE,0.153333,0.26,TRUE,223.22388
W,49,RO1,RO2,RO,RO,TRUE,TRUE,0.15,0.34,TRUE,273.470055
W,50,RO1,LV0,RO,LV,FALSE,FALSE,0.140833,0.33,FALSE,1124.608721
W,51,SE3,SE1,SE,SE,TRUE,TRUE,0.135,0.17,TRUE,525.326297
W,52,CZ0,HU1,CZ,HU,FALSE,TRUE,0.130095,0.42,FALSE,369.316678
W,53,DE4,DED,DE,DE,TRUE,TRUE,0.129905,0.23,TRUE,183.271954
W,54,EE0,LV0,EE,LV,FALSE,TRUE,0.129833,0.32,TRUE,234.25381
W,55,FRF,FRC,FR,FR,TRUE,TRUE,0.127877,0.26,TRUE,174.592101
W,56,LT0,LV0,LT,LV,FALSE,TRUE,0.125,0.3,TRUE,218.048887
W,57,DE9,DE1,DE,DE,TRUE,TRUE,0.117255,0.25,FALSE,437.069996
W,58,LT0,RO2,LT,RO,FALSE,FALSE,0.115,0.27,FALSE,1063.781061
W,59,RO2,RO3,RO,RO,TRUE,TRUE,0.115,0.23,TRUE,198.728438
W,60,CZ0,RO4,CZ,RO,FALSE,TRUE,0.114917,0.4,FALSE,729.660329
W,61,ES1,ES2,ES,ES,TRUE,TRUE,0.114611,0.17,TRUE,373.518298
W,62,SE1,SE3,SE,SE,TRUE,TRUE,0.11,0.12,TRUE,525.326297
W,63,ES4,ES6,ES,ES,TRUE,TRUE,0.106662,0.16,TRUE,340.318342
W,64,SK0,LT0,SK,LT,FALSE,FALSE,0.105429,0.3,FALSE,808.543308
W,65,FRM,FRK,FR,FR,TRUE,TRUE,0.103714,0.19,FALSE,515.884543
W,66,ES4,ES5,ES,ES,TRUE,TRUE,0.101839,0.18,TRUE,748.179327
W,67,PT3,HU2,PT,HU,FALSE,FALSE,0.097139,0.42,FALSE,3292.881422
W,68,PL6,PL8,PL,PL,TRUE,TRUE,0.095,0.19,TRUE,323.987556
W,69,ES1,ES6,ES,ES,TRUE,TRUE,0.093233,0.18,FALSE,634.775979
W,70,ES1,ES4,ES,ES,TRUE,TRUE,0.092917,0.14,TRUE,337.352889
W,71,CZ0,PL7,CZ,PL,FALSE,TRUE,0.0915,0.33,FALSE,320.327581
W,72,DE4,DEG,DE,DE,TRUE,TRUE,0.091183,0.15,FALSE,200.602557
W,73,PL9,PL7,PL,PL,TRUE,TRUE,0.09,0.12,TRUE,166.943792
W,74,ES1,ES5,ES,ES,TRUE,TRUE,0.085,0.12,FALSE,769.04876
W,75,FRH,FRI,FR,FR,TRUE,TRUE,0.084506,0.26,FALSE,425.888944
W,76,CZ0,HU2,CZ,HU,FALSE,TRUE,0.082333,0.26,FALSE,351.620454
W,77,PL7,PL9,PL,PL,TRUE,TRUE,0.08,0.13,TRUE,166.943792
W,78,ES5,ES6,ES,ES,TRUE,TRUE,0.078812,0.19,TRUE,639.188009
W,79,BG3,LV0,BG,LV,FALSE,FALSE,0.077731,0.38,FALSE,1494.919851
W,80,ES3,ES4,ES,ES,TRUE,TRUE,0.077361,0.18,TRUE,156.263198
W,81,CZ0,RO2,CZ,RO,FALSE,TRUE,0.076583,0.28,FALSE,956.478764
W,82,ES5,ES4,ES,ES,TRUE,TRUE,0.076136,0.2,TRUE,748.179327
W,83,FI2,ITG,FI,IT,FALSE,FALSE,0.075,0.09,FALSE,2550.149271
W,84,FRM,ES6,FR,ES,FALSE,FALSE,0.075,0.13,FALSE,1212.737309
W,85,ES6,ES5,ES,ES,TRUE,TRUE,0.07452,0.17,TRUE,639.188009
W,86,LT0,SK0,LT,SK,FALSE,FALSE,0.073333,0.17,FALSE,808.543308
W,87,DEF,DE4,DE,DE,TRUE,TRUE,0.072212,0.17,FALSE,260.036241
W,88,SK0,EE0,SK,EE,FALSE,FALSE,0.071472,0.24,FALSE,1212.76841
W,89,DE7,DE4,DE,DE,TRUE,TRUE,0.068213,0.21,FALSE,327.599301
W,90,CZ0,PL6,CZ,PL,FALSE,TRUE,0.067917,0.25,FALSE,488.312324
W,91,DE8,DEG,DE,DE,TRUE,TRUE,0.067906,0.24,FALSE,342.415337
W,92,MT0,FR1,MT,FR,FALSE,FALSE,0.067275,0.23,FALSE,1698.081548
W,93,DEG,DE2,DE,DE,TRUE,TRUE,0.066848,0.26,TRUE,231.464276
W,94,DEG,DEE,DE,DE,TRUE,TRUE,0.066463,0.23,TRUE,124.982812
W,95,ES3,ES2,ES,ES,TRUE,TRUE,0.062932,0.14,FALSE,299.877193
W,96,FRB,FRF,FR,FR,TRUE,TRUE,0.062885,0.13,FALSE,337.482191
W,97,ES6,ES4,ES,ES,TRUE,TRUE,0.06204,0.14,TRUE,340.318342
W,98,DEB,DEA,DE,DE,TRUE,TRUE,0.061258,0.17,TRUE,165.023608
W,99,DEF,DE8,DE,DE,TRUE,TRUE,0.060606,0.13,TRUE,167.705845
W,100,LU0,SE1,LU,SE,FALSE,FALSE,0.059725,0.39,FALSE,1233.749162
W,101,DE2,DEG,DE,DE,TRUE,TRUE,0.058998,0.15,TRUE,231.464276
W,102,SK0,RO2,SK,RO,FALSE,TRUE,0.058885,0.23,FALSE,700.264976
W,103,LT0,RO1,LT,RO,FALSE,FALSE,0.058333,0.13,FALSE,950.467234
W,104,LT0,RO4,LT,RO,FALSE,FALSE,0.058333,0.13,FALSE,1123.937807
W,105,SK0,LV0,SK,LV,FALSE,FALSE,0.058206,0.21,FALSE,1021.591072
W,106,DE9,DE8,DE,DE,TRUE,TRUE,0.057593,0.2,TRUE,281.294555
W,107,DE2,FRB,DE,FR,FALSE,TRUE,0.056832,0.17,FALSE,790.544706
W,108,EE0,PT2,EE,PT,FALSE,FALSE,0.056667,0.14,FALSE,4272.491458
W,109,BE1,AT3,BE,AT,FALSE,TRUE,0.05658,0.15,FALSE,741.280922
W,110,NL2,SI0,NL,SI,FALSE,FALSE,0.056327,0.18,FALSE,913.44962
W,111,FRD,FRG,FR,FR,TRUE,TRUE,0.055823,0.19,TRUE,198.067577
W,112,ES7,ES5,ES,ES,TRUE,TRUE,0.055353,0.15,FALSE,2170.691726
W,113,FRJ,FRG,FR,FR,TRUE,TRUE,0.05523,0.19,FALSE,496.745254
W,114,DE2,DED,DE,DE,TRUE,TRUE,0.054879,0.16,TRUE,246.357949
W,115,DE8,DED,DE,DE,TRUE,TRUE,0.054594,0.22,FALSE,339.991701
W,116,DK0,NL3,DK,NL,FALSE,FALSE,0.053233,0.18,FALSE,655.138627
W,117,DEA,DEE,DE,DE,TRUE,TRUE,0.052299,0.17,FALSE,291.343192
W,118,ITI,FRK,IT,FR,FALSE,FALSE,0.052237,0.16,FALSE,668.035287
W,119,DE4,DEA,DE,DE,TRUE,TRUE,0.052158,0.12,FALSE,370.185885
W,120,FRF,AT2,FR,AT,FALSE,TRUE,0.052032,0.19,FALSE,713.540901
W,121,CZ0,LT0,CZ,LT,FALSE,FALSE,0.051944,0.13,FALSE,817.502286
W,122,FRJ,ES2,FR,ES,FALSE,FALSE,0.051883,0.11,TRUE,314.237805
W,123,ES3,ES5,ES,ES,TRUE,TRUE,0.05159,0.12,FALSE,598.200229
W,124,DEA,AT2,DE,AT,FALSE,TRUE,0.051245,0.17,FALSE,724.135332
W,125,FRM,ES2,FR,ES,FALSE,FALSE,0.051143,0.11,FALSE,807.635573
W,126,DEC,PL6,DE,PL,FALSE,FALSE,0.051090000000000003,0.35,FALSE,961.930168
W,127,NL2,FRI,NL,FR,FALSE,TRUE,0.05094,0.13,FALSE,909.797851
W,128,ES4,PT1,ES,PT,FALSE,TRUE,0.050871,0.12,TRUE,255.312658
W,129,DEA,FRF,DE,FR,FALSE,TRUE,0.050315,0.16,FALSE,318.231789
W,130,DEC,DE9,DE,DE,TRUE,TRUE,0.050226,0.13,FALSE,380.37132
W,131,ES2,ES3,ES,ES,TRUE,TRUE,0.049913,0.19,FALSE,299.877193
W,132,NL2,AT3,NL,AT,FALSE,TRUE,0.049608,0.15,FALSE,722.811547
W,133,ES7,ITG,ES,IT,FALSE,TRUE,0.0496,0.1,FALSE,3009.89825
W,134,FRI,AT2,FR,AT,FALSE,TRUE,0.049388,0.22,FALSE,1145.658604
W,135,ES3,FRI,ES,FR,FALSE,FALSE,0.049244,0.09,FALSE,605.663714
W,136,FRF,ITH,FR,IT,FALSE,FALSE,0.049075,0.16,FALSE,572.012305
W,137,EE0,DE4,EE,DE,FALSE,FALSE,0.048333,0.11,FALSE,1066.402445
W,138,DE2,DE8,DE,DE,TRUE,TRUE,0.047449,0.14,FALSE,557.830585
W,139,ES6,ES7,ES,ES,TRUE,TRUE,0.046992,0.13,FALSE,1544.829932
W,140,ITI,FRI,IT,FR,FALSE,FALSE,0.046891,0.12,FALSE,972.587525
W,141,DE3,DE9,DE,DE,TRUE,TRUE,0.04681,0.13,FALSE,310.456089
W,142,MT0,IE0,MT,IE,FALSE,FALSE,0.046343,0.36,FALSE,2586.988991
W,143,BE1,FRI,BE,FR,FALSE,TRUE,0.046227,0.24,FALSE,708.520964
W,144,FRE,FRD,FR,FR,TRUE,TRUE,0.045687,0.2,TRUE,232.844641
W,145,FRM,ITF,FR,IT,FALSE,FALSE,0.045095,0.11,FALSE,603.615186
W,146,ES1,PT1,ES,PT,FALSE,TRUE,0.044576,0.08,TRUE,519.908776
W,147,DEB,DEG,DE,DE,TRUE,TRUE,0.044487,0.18,FALSE,302.025229
W,148,DEB,SE1,DE,SE,FALSE,FALSE,0.044482,0.26,FALSE,1182.589581
W,149,DEF,DEB,DE,DE,TRUE,TRUE,0.043995,0.16,FALSE,498.269468
W,150,DEG,DEA,DE,DE,TRUE,TRUE,0.043889,0.22,FALSE,264.722322
W,151,FRM,AT1,FR,AT,FALSE,TRUE,0.043803,0.1,FALSE,835.449194
W,152,FRM,FRI,FR,FR,TRUE,TRUE,0.0435,0.09,FALSE,768.617925
W,153,FRJ,FRI,FR,FR,TRUE,TRUE,0.043445,0.13,TRUE,213.711584
W,154,DE5,DED,DE,DE,TRUE,TRUE,0.043389,0.12,FALSE,403.204344
W,155,LU0,EE0,LU,EE,FALSE,FALSE,0.043329,0.27,FALSE,1598.079225
W,156,DED,DE2,DE,DE,TRUE,TRUE,0.043143,0.2,TRUE,246.357949
W,157,FRJ,ES3,FR,ES,FALSE,FALSE,0.042777,0.15,FALSE,608.636954
W,158,DEA,FRE,DE,FR,FALSE,TRUE,0.042761,0.12,FALSE,365.830294
W,159,ES6,ES3,ES,ES,TRUE,TRUE,0.042742,0.12,FALSE,330.104907
W,160,DE2,DE9,DE,DE,TRUE,TRUE,0.042706,0.13,FALSE,472.189991
W,161,SK0,PT2,SK,PT,FALSE,FALSE,0.0425,0.12,FALSE,3713.442781
W,162,BE2,AT2,BE,AT,FALSE,TRUE,0.042469,0.17,FALSE,903.85537
W,163,DE1,DEG,DE,DE,TRUE,TRUE,0.042342,0.12,FALSE,294.016791
W,164,ES7,ES6,ES,ES,TRUE,TRUE,0.041634,0.1,FALSE,1544.829932
W,165,FRM,ES1,FR,ES,FALSE,FALSE,0.041333,0.11,FALSE,1138.524536
W,166,ITF,ITG,IT,IT,TRUE,TRUE,0.041294,0.18,FALSE,356.421954
W,167,FRH,AT2,FR,AT,FALSE,TRUE,0.040922,0.15,FALSE,1337.943307
W,168,DEE,NL3,DE,NL,FALSE,TRUE,0.040854,0.2,FALSE,550.644987
W,169,ITI,FRF,IT,FR,FALSE,FALSE,0.040695,0.15,FALSE,823.399325
W,170,DE2,DEA,DE,DE,TRUE,TRUE,0.040596,0.11,FALSE,427.197428
W,171,FRJ,ES1,FR,ES,FALSE,FALSE,0.040517,0.13,FALSE,569.11111
W,172,FRB,FRD,FR,FR,TRUE,TRUE,0.040355,0.12,TRUE,189.771124
W,173,FRL,BE1,FR,BE,FALSE,TRUE,0.040274,0.16,FALSE,759.609062
W,174,ES2,ES6,ES,ES,TRUE,TRUE,0.040265,0.16,FALSE,539.632936
W,175,FRC,BE2,FR,BE,FALSE,TRUE,0.040034,0.18,FALSE,418.314162
W,176,RO1,EE0,RO,EE,FALSE,FALSE,0.04,0.09,FALSE,1351.008648
W,177,FRL,FRK,FR,FR,TRUE,TRUE,0.039913,0.19,TRUE,185.629493
W,178,FRM,ITI,FR,IT,FALSE,FALSE,0.039833,0.1,TRUE,272.507007
W,179,LU0,SE2,LU,SE,FALSE,FALSE,0.039539,0.3,FALSE,987.494965
W,180,FRF,AT3,FR,AT,FALSE,TRUE,0.039509,0.17,FALSE,574.547368
W,181,CZ0,RO3,CZ,RO,FALSE,TRUE,0.039429,0.17,FALSE,986.060955
W,182,DE5,DEG,DE,DE,TRUE,TRUE,0.039317,0.09,FALSE,298.365158
W,183,DE4,DE8,DE,DE,TRUE,TRUE,0.039016,0.14,TRUE,158.5943
W,184,CY0,EL3,CY,EL,FALSE,TRUE,0.039,0.34,FALSE,930.173915
W,185,FRB,AT2,FR,AT,FALSE,TRUE,0.038869,0.13,FALSE,1015.965751
W,186,ITF,FRD,IT,FR,FALSE,FALSE,0.038775,0.14,FALSE,1576.791026
W,187,DEE,AT2,DE,AT,FALSE,TRUE,0.03864,0.17,FALSE,597.055328
W,188,PT1,FRE,PT,FR,FALSE,FALSE,0.038536,0.14,FALSE,1462.172741
W,189,DEF,FRH,DE,FR,FALSE,TRUE,0.03833,0.13,FALSE,1104.9451
W,190,DED,DE1,DE,DE,TRUE,TRUE,0.038279,0.15,FALSE,402.672843
W,191,DE3,FRG,DE,FR,FALSE,TRUE,0.038148,0.09,FALSE,1179.083043
W,192,NL4,FI1,NL,FI,FALSE,FALSE,0.037992,0.11,FALSE,1952.710486
W,193,DE9,DEE,DE,DE,TRUE,TRUE,0.037854,0.14,TRUE,206.652356
W,194,DE3,DEA,DE,DE,TRUE,TRUE,0.037726,0.13,FALSE,418.398253
W,195,FRM,FRJ,FR,FR,TRUE,TRUE,0.037714,0.1,FALSE,580.48228
W,196,FRE,FRF,FR,FR,TRUE,TRUE,0.037543,0.16,TRUE,244.188786
W,197,FRD,BE2,FR,BE,FALSE,TRUE,0.037331,0.17,FALSE,371.919084
W,198,ES7,ES2,ES,ES,TRUE,TRUE,0.037012,0.1,FALSE,2048.447458
W,199,ES5,ES2,ES,ES,TRUE,TRUE,0.036834,0.12,TRUE,398.149498
W,200,DED,DEE,DE,DE,TRUE,TRUE,0.036602,0.18,TRUE,173.596417
W,201,CY0,EL6,CY,EL,FALSE,TRUE,0.036577,0.26,FALSE,1087.125973
W,202,DE4,DEE,DE,DE,TRUE,TRUE,0.03653,0.13,TRUE,86.548003
W,203,DEE,NL4,DE,NL,FALSE,TRUE,0.036366,0.12,FALSE,421.423307
W,204,SK0,RO3,SK,RO,FALSE,TRUE,0.036345,0.16,FALSE,729.966658
W,205,ES2,ITF,ES,IT,FALSE,TRUE,0.036218,0.12,FALSE,1400.312929
W,206,BE3,ITH,BE,IT,FALSE,FALSE,0.036189,0.1,FALSE,707.71852
W,207,DED,DEA,DE,DE,TRUE,TRUE,0.036032,0.14,FALSE,416.640915
W,208,NL1,EL4,NL,EL,FALSE,FALSE,0.035857,0.33,FALSE,2445.455109
W,209,DE3,ITC,DE,IT,FALSE,FALSE,0.035795,0.11,FALSE,877.157452
W,210,ES5,ES1,ES,ES,TRUE,TRUE,0.035702,0.12,FALSE,769.04876
W,211,BE1,FRB,BE,FR,FALSE,TRUE,0.035688,0.13,FALSE,408.362387
W,212,BE2,AT1,BE,AT,FALSE,TRUE,0.035665,0.17,FALSE,914.736476
W,213,DEC,SE1,DE,SE,FALSE,FALSE,0.035626,0.25,FALSE,1248.846603
W,214,ITH,DEA,IT,DE,FALSE,FALSE,0.035621,0.23,FALSE,724.23262
W,215,AT2,FRI,AT,FR,FALSE,TRUE,0.035589,0.16,FALSE,1145.658604
W,216,FRI,DE2,FR,DE,FALSE,TRUE,0.035568,0.2,FALSE,979.089964
W,217,ITI,ES5,IT,ES,FALSE,TRUE,0.035233,0.14,FALSE,852.861287
W,218,FRB,FRE,FR,FR,TRUE,TRUE,0.035088,0.13,FALSE,271.750372
W,219,DEF,DEG,DE,DE,TRUE,TRUE,0.035035,0.12,FALSE,370.066793
W,220,PL9,PL6,PL,PL,TRUE,TRUE,0.035,0.06,TRUE,196.199126
W,221,RO4,RO2,RO,RO,TRUE,TRUE,0.035,0.08,FALSE,365.856824
W,222,DEA,FI1,DE,FI,FALSE,FALSE,0.034793,0.17,FALSE,1874.849501
W,223,DEG,DE9,DE,DE,TRUE,TRUE,0.034752,0.18,TRUE,253.288616
W,224,DED,DE3,DE,DE,TRUE,TRUE,0.034655,0.17,FALSE,179.527827
W,225,FRB,NL3,FR,NL,FALSE,TRUE,0.034652,0.13,FALSE,435.881699
W,226,ITI,FRG,IT,FR,FALSE,FALSE,0.034616,0.1,FALSE,1159.021249
W,227,EE0,RO2,EE,RO,FALSE,FALSE,0.0345,0.11,FALSE,1436.074733
W,228,SK0,SE1,SK,SE,FALSE,FALSE,0.0345,0.1,FALSE,1181.333362
W,229,FRF,ES2,FR,ES,FALSE,FALSE,0.034271,0.18,FALSE,923.017406
W,230,ES7,ITF,ES,IT,FALSE,TRUE,0.033929,0.07,FALSE,3240.376717
W,231,ES6,CY0,ES,CY,FALSE,TRUE,0.033825,0.08,FALSE,3347.786162
W,232,ES5,PT1,ES,PT,FALSE,TRUE,0.033715,0.11,FALSE,988.706426
W,233,PT2,ES3,PT,ES,FALSE,TRUE,0.033434,0.17,FALSE,1887.022038
W,234,NL2,NL4,NL,NL,TRUE,TRUE,0.033423,0.14,TRUE,114.838105
W,235,FRB,ITF,FR,IT,FALSE,FALSE,0.033409,0.11,FALSE,1401.791296
W,236,PT3,ES6,PT,ES,FALSE,TRUE,0.033389,0.18,FALSE,1298.357203
W,237,DEE,DE5,DE,DE,TRUE,TRUE,0.033229,0.16,FALSE,231.003088
W,238,ITG,FRL,IT,FR,FALSE,FALSE,0.033209,0.15,FALSE,978.170096
W,239,DE7,FRJ,DE,FR,FALSE,TRUE,0.033178,0.22,FALSE,924.815264
W,240,PT3,RO1,PT,RO,FALSE,FALSE,0.033153,0.26,FALSE,3757.92325
W,241,FRJ,NL2,FR,NL,FALSE,TRUE,0.033,0.16,FALSE,1005.160499
W,242,DE8,FRH,DE,FR,FALSE,TRUE,0.03287,0.18,FALSE,1238.82354
W,243,FRM,NL2,FR,NL,FALSE,TRUE,0.032833,0.06,FALSE,1153.005313
W,244,ES3,EL5,ES,EL,FALSE,TRUE,0.032816,0.16,FALSE,2172.424978
W,245,DE2,DE1,DE,DE,TRUE,TRUE,0.032804,0.11,TRUE,221.549052
W,246,NL1,PL6,NL,PL,FALSE,FALSE,0.032792,0.26,FALSE,861.00269
W,247,CY0,EL5,CY,EL,FALSE,TRUE,0.03273,0.24,FALSE,1171.855284
W,248,ES1,FRJ,ES,FR,FALSE,FALSE,0.032625,0.09,FALSE,569.11111
W,249,DEF,NL2,DE,NL,FALSE,TRUE,0.032615,0.14,FALSE,319.359514
W,250,DE7,DE5,DE,DE,TRUE,TRUE,0.032606,0.2,FALSE,283.38676
W,251,DE3,AT1,DE,AT,FALSE,TRUE,0.032576,0.08,FALSE,545.296224
W,252,FRL,AT1,FR,AT,FALSE,TRUE,0.032535,0.19,FALSE,868.672062
W,253,ES7,ES4,ES,ES,TRUE,TRUE,0.032512,0.1,FALSE,1634.463442
W,254,ES7,ES3,ES,ES,TRUE,TRUE,0.032492,0.08,FALSE,1759.90024
W,255,CZ0,PL2,CZ,PL,FALSE,TRUE,0.032417,0.13,TRUE,295.475872
W,256,BG3,PL7,BG,PL,FALSE,TRUE,0.0324,0.25,FALSE,985.904056
W,257,PT2,SI0,PT,SI,FALSE,FALSE,0.032371,0.15,FALSE,3390.405148
W,258,ES4,FRM,ES,FR,FALSE,FALSE,0.032207,0.11,FALSE,1250.252971
W,259,AT2,DE7,AT,DE,FALSE,TRUE,0.032182,0.18,FALSE,583.394303
W,260,DE9,DEC,DE,DE,TRUE,TRUE,0.032164,0.17,FALSE,380.37132
W,261,FRE,NL2,FR,NL,FALSE,TRUE,0.032153,0.25,FALSE,347.829974
W,262,ES5,ITF,ES,IT,FALSE,TRUE,0.032116,0.12,FALSE,1106.186549
W,263,ES2,ES5,ES,ES,TRUE,TRUE,0.032104,0.13,TRUE,398.149498
W,264,DED,DEB,DE,DE,TRUE,TRUE,0.03181,0.18,FALSE,452.250319
W,265,LT0,PL6,LT,PL,FALSE,FALSE,0.031667,0.09,TRUE,349.667292
W,266,DEF,FRG,DE,FR,FALSE,TRUE,0.031612,0.15,FALSE,1072.232174
W,267,ES3,ITG,ES,IT,FALSE,TRUE,0.0315,0.09,FALSE,1570.827321
W,268,BE1,NL3,BE,NL,FALSE,TRUE,0.031415,0.17,FALSE,65.011851
W,269,NL4,FRF,NL,FR,FALSE,TRUE,0.03123,0.12,FALSE,281.411755
W,270,FRB,BE2,FR,BE,FALSE,TRUE,0.031168,0.09,FALSE,420.745991
W,271,DEG,DE8,DE,DE,TRUE,TRUE,0.03115,0.19,FALSE,342.415337
W,272,AT1,BE3,AT,BE,FALSE,TRUE,0.03091,0.18,FALSE,819.95063
W,273,CZ0,PL8,CZ,PL,FALSE,TRUE,0.030706,0.12,FALSE,542.918136
W,274,ES4,ES1,ES,ES,TRUE,TRUE,0.030671,0.07,TRUE,337.352889
W,275,FRK,AT3,FR,AT,FALSE,TRUE,0.030551,0.21,FALSE,709.464594
W,276,DK0,ES2,DK,ES,FALSE,FALSE,0.030521,0.14,FALSE,1754.402673
W,277,CZ0,PL5,CZ,PL,FALSE,TRUE,0.030417,0.11,TRUE,153.268347
W,278,ES3,ES7,ES,ES,TRUE,TRUE,0.030317,0.1,FALSE,1759.90024
W,279,DE5,SE3,DE,SE,FALSE,FALSE,0.03031,0.18,FALSE,1279.241437
W,280,AT1,SI0,AT,SI,FALSE,FALSE,0.03023,0.26,TRUE,214.209371
W,281,CZ0,RO1,CZ,RO,FALSE,TRUE,0.030111,0.13,FALSE,690.316705
W,282,HU3,PL2,HU,PL,FALSE,TRUE,0.03,0.06,FALSE,337.179653
W,283,LT0,RO3,LT,RO,FALSE,FALSE,0.03,0.09,FALSE,1222.863634
W,284,PL2,PL6,PL,PL,TRUE,TRUE,0.03,0.06,FALSE,390.047177
W,285,PL7,PL6,PL,PL,TRUE,TRUE,0.03,0.06,TRUE,252.351736
W,286,ITF,BE3,IT,BE,FALSE,FALSE,0.029996,0.13,FALSE,1369.786248
W,287,ES4,ES2,ES,ES,TRUE,TRUE,0.02999,0.1,TRUE,451.092935
W,288,DEB,SE2,DE,SE,FALSE,FALSE,0.029988,0.18,FALSE,934.929325
W,289,FRG,CY0,FR,CY,FALSE,FALSE,0.02982,0.13,FALSE,3147.474452
W,290,DEG,FI1,DE,FI,FALSE,FALSE,0.029753,0.13,FALSE,1802.633764
W,291,ES7,FRM,ES,FR,FALSE,FALSE,0.02975,0.08,FALSE,2751.542122
W,292,FRK,FRF,FR,FR,TRUE,TRUE,0.029718,0.18,FALSE,376.685963
W,293,DE4,DE6,DE,DE,TRUE,TRUE,0.029546,0.15,FALSE,218.283104
W,294,FRM,FRG,FR,FR,TRUE,TRUE,0.029517,0.1,FALSE,997.231715
W,295,FRI,SI0,FR,SI,FALSE,FALSE,0.029504,0.16,FALSE,1106.684894
W,296,BE1,IE0,BE,IE,FALSE,TRUE,0.029449,0.19,FALSE,880.920753
W,297,ITG,FRG,IT,FR,FALSE,FALSE,0.029418,0.19,FALSE,1637.792372
W,298,FRB,FRI,FR,FR,TRUE,TRUE,0.029383,0.13,TRUE,304.370298
W,299,MT0,DK0,MT,DK,FALSE,FALSE,0.029252,0.29,FALSE,2269.635667
W,300,FRD,FRF,FR,FR,TRUE,TRUE,0.029243,0.11,FALSE,422.872451
W,301,DED,BE1,DE,BE,FALSE,TRUE,0.029224,0.2,FALSE,640.209702
W,302,DE6,DE5,DE,DE,TRUE,TRUE,0.029173,0.2,FALSE,96.225046
W,303,ITG,ES6,IT,ES,FALSE,TRUE,0.029133,0.16,FALSE,1571.425523
W,304,ITI,ITG,IT,IT,TRUE,TRUE,0.029131,0.16,FALSE,600.426376
W,305,MT0,PL2,MT,PL,FALSE,FALSE,0.029109,0.28,FALSE,1624.38594
W,306,FRL,DE4,FR,DE,FALSE,TRUE,0.029075,0.2,FALSE,1050.980195
W,307,AT2,FRH,AT,FR,FALSE,TRUE,0.029062,0.11,FALSE,1337.943307
W,308,DK0,MT0,DK,MT,FALSE,FALSE,0.02905,0.18,FALSE,2269.635667
W,309,PT3,RO3,PT,RO,FALSE,FALSE,0.029028,0.28,FALSE,3909.248284
W,310,DEF,FRJ,DE,FR,FALSE,TRUE,0.028942,0.11,FALSE,1289.566708
W,311,DEB,DE2,DE,DE,TRUE,TRUE,0.028941,0.14,FALSE,366.379065
W,312,ITI,FRB,IT,FR,FALSE,FALSE,0.028929,0.08,FALSE,989.813389
W,313,NL4,SI0,NL,SI,FALSE,FALSE,0.028647,0.16,FALSE,868.300802
W,314,DEC,PL8,DE,PL,FALSE,FALSE,0.028643,0.26,FALSE,1144.458807
W,315,NL2,FRG,NL,FR,FALSE,TRUE,0.028641,0.13,FALSE,753.079814
W,316,FRL,DE5,FR,DE,FALSE,TRUE,0.028614,0.18,FALSE,1020.976822
W,317,ES7,ES1,ES,ES,TRUE,TRUE,0.028519,0.09,FALSE,1939.057397
W,318,DED,FI1,DE,FI,FALSE,FALSE,0.028477,0.17,FALSE,1738.054035
W,319,ES5,FRG,ES,FR,FALSE,FALSE,0.028453,0.13,FALSE,931.678675
W,320,ES6,ITF,ES,IT,FALSE,TRUE,0.028445,0.09,FALSE,1741.178618
W,321,DE5,SE2,DE,SE,FALSE,FALSE,0.028429,0.19,FALSE,577.339558
W,322,BG3,RO3,BG,RO,FALSE,TRUE,0.028426,0.28,TRUE,141.736789
W,323,ES4,PT2,ES,PT,FALSE,TRUE,0.028381,0.14,FALSE,1733.132907
W,324,FI2,BE1,FI,BE,FALSE,FALSE,0.028333,0.04,FALSE,1423.324492
W,325,LT0,EE0,LT,EE,FALSE,TRUE,0.028333,0.08,FALSE,410.223778
W,326,PL5,PL9,PL,PL,TRUE,TRUE,0.028333,0.06,FALSE,342.113598
W,327,NL4,FRE,NL,FR,FALSE,TRUE,0.028301,0.13,FALSE,247.322048
W,328,DE7,DED,DE,DE,TRUE,TRUE,0.028285,0.17,FALSE,312.9146
W,329,DE1,SE2,DE,SE,FALSE,FALSE,0.02821,0.2,FALSE,1015.72616
W,330,CY0,FRM,CY,FR,FALSE,FALSE,0.028171,0.23,FALSE,2241.408853
W,331,DEB,DE1,DE,DE,TRUE,TRUE,0.028107,0.12,TRUE,192.186134
W,332,FRB,FRC,FR,FR,TRUE,TRUE,0.028088,0.14,TRUE,258.822773
W,333,NL1,PL4,NL,PL,FALSE,FALSE,0.028082,0.24,FALSE,648.875256
W,334,DE6,BE3,DE,BE,FALSE,TRUE,0.028063,0.16,FALSE,505.277508
W,335,DE3,DEG,DE,DE,TRUE,TRUE,0.028043,0.12,FALSE,232.416836
W,336,ITF,FRL,IT,FR,FALSE,FALSE,0.027943,0.13,FALSE,913.656763
W,337,BG3,ES3,BG,ES,FALSE,FALSE,0.027936,0.2,FALSE,2414.899443
W,338,DEF,FRL,DE,FR,FALSE,TRUE,0.027771,0.1,FALSE,1147.064578
W,339,DE9,BE3,DE,BE,FALSE,TRUE,0.027758,0.1,FALSE,368.886786
W,340,ITC,LU0,IT,LU,FALSE,FALSE,0.027661,0.24,FALSE,553.672086
W,341,DEG,DED,DE,DE,TRUE,TRUE,0.02765,0.15,TRUE,155.276329
W,342,DE3,DE1,DE,DE,TRUE,TRUE,0.02754,0.07,FALSE,525.922536
W,343,ITI,FRL,IT,FR,FALSE,FALSE,0.027537,0.1,FALSE,519.374645
W,344,BE3,DEB,BE,DE,FALSE,TRUE,0.027511,0.17,TRUE,152.581845
W,345,ES5,FRI,ES,FR,FALSE,FALSE,0.027502,0.13,FALSE,641.406923
W,346,EE0,FI1,EE,FI,FALSE,FALSE,0.0275,0.06,FALSE,662.377086
W,347,SK0,EL5,SK,EL,FALSE,FALSE,0.0275,0.08,FALSE,922.995385
W,348,DEB,BE3,DE,BE,FALSE,TRUE,0.027392,0.14,TRUE,152.581845
W,349,DE9,DE7,DE,DE,TRUE,TRUE,0.027339,0.17,TRUE,225.576747
W,350,BG3,PL6,BG,PL,FALSE,TRUE,0.027243,0.22,FALSE,1223.323043
W,351,CZ0,HU3,CZ,HU,FALSE,TRUE,0.027206,0.12,FALSE,478.067157
W,352,NL1,FRJ,NL,FR,FALSE,TRUE,0.027131,0.23,FALSE,1078.970263
W,353,NL3,AT2,NL,AT,FALSE,TRUE,0.027086,0.15,FALSE,941.618951
W,354,ES3,FRE,ES,FR,FALSE,FALSE,0.027076,0.06,FALSE,1165.228224
W,355,DEB,FRE,DE,FR,FALSE,TRUE,0.027068,0.11,FALSE,312.279124
W,356,LU0,LV0,LU,LV,FALSE,FALSE,0.026893,0.16,FALSE,1523.947866
W,357,FRI,FRB,FR,FR,TRUE,TRUE,0.026781,0.17,TRUE,304.370298
W,358,DE4,DE5,DE,DE,TRUE,TRUE,0.026769,0.11,FALSE,269.758275
W,359,PL6,PL5,PL,PL,TRUE,TRUE,0.026667,0.05,FALSE,336.00515
W,360,BE2,DEG,BE,DE,FALSE,TRUE,0.026659,0.19,FALSE,496.911529
W,361,DEE,DE2,DE,DE,TRUE,TRUE,0.026644,0.15,FALSE,346.824866
W,362,ES2,ES1,ES,ES,TRUE,TRUE,0.026627,0.11,TRUE,373.518298
W,363,FRE,ES1,FR,ES,FALSE,FALSE,0.02645,0.16,FALSE,942.483978
W,364,FRH,ES2,FR,ES,FALSE,FALSE,0.026376,0.2,FALSE,724.753028
W,365,PT1,FR1,PT,FR,FALSE,FALSE,0.026334,0.15,FALSE,1342.179609
W,366,DEB,DEF,DE,DE,TRUE,TRUE,0.026314,0.13,FALSE,498.269468
W,367,DEA,BE2,DE,BE,FALSE,TRUE,0.026299,0.1,FALSE,239.443936
W,368,DEE,DK0,DE,DK,FALSE,FALSE,0.026214,0.18,FALSE,497.384907
W,369,PT1,FRB,PT,FR,FALSE,FALSE,0.026069,0.1,FALSE,1209.58094
W,370,ITG,ES4,IT,ES,FALSE,TRUE,0.026066,0.19,FALSE,1721.757576
W,371,FRB,FR1,FR,FR,TRUE,TRUE,0.026055,0.11,TRUE,135.909397
W,372,FRD,ES1,FR,ES,FALSE,FALSE,0.025948,0.13,FALSE,736.924072
W,373,ES7,DK0,ES,DK,FALSE,FALSE,0.025936,0.08,FALSE,3683.555893
W,374,FRI,ES3,FR,ES,FALSE,FALSE,0.0259,0.12,FALSE,605.663714
W,375,ES3,ITF,ES,IT,FALSE,TRUE,0.025891,0.1,FALSE,1674.656404
W,376,ITI,ITC,IT,IT,TRUE,TRUE,0.025802,0.13,TRUE,371.847028
W,377,DEE,DE1,DE,DE,TRUE,TRUE,0.025757,0.16,FALSE,413.629479
W,378,DEB,DEE,DE,DE,TRUE,TRUE,0.025745,0.21,FALSE,383.672305
W,379,ES6,EL5,ES,EL,FALSE,TRUE,0.025699,0.12,FALSE,2249.02981
W,380,FRM,NL4,FR,NL,FALSE,TRUE,0.025667,0.05,FALSE,1055.615707
W,381,DE3,ITH,DE,IT,FALSE,FALSE,0.025595,0.06,FALSE,796.963436
W,382,DE3,DE2,DE,DE,TRUE,TRUE,0.025588,0.07,FALSE,414.849711
W,383,BE3,FR1,BE,FR,FALSE,TRUE,0.025553,0.16,FALSE,251.780622
W,384,FR1,DEB,FR,DE,FALSE,TRUE,0.025521,0.2,FALSE,371.14271
W,385,DE3,ITI,DE,IT,FALSE,FALSE,0.025482,0.09,FALSE,1074.880347
W,386,DE8,ITI,DE,IT,FALSE,FALSE,0.02546,0.13,FALSE,1224.253666
W,387,DEF,NL4,DE,NL,FALSE,TRUE,0.025457,0.12,FALSE,422.183003
W,388,BE1,AT1,BE,AT,FALSE,TRUE,0.025384,0.12,FALSE,896.326124
W,389,PT2,NL1,PT,NL,FALSE,FALSE,0.02536,0.25,FALSE,2938.284269
W,390,FRK,NL3,FR,NL,FALSE,TRUE,0.025354,0.21,FALSE,651.678982
W,391,SK0,CY0,SK,CY,FALSE,FALSE,0.025278,0.07,FALSE,1901.012885
W,392,AT1,FRD,AT,FR,FALSE,TRUE,0.02525,0.24,FALSE,1174.991383
W,393,ES4,CY0,ES,CY,FALSE,TRUE,0.02525,0.05,FALSE,3467.370157
W,394,ITF,ES6,IT,ES,FALSE,TRUE,0.025249,0.11,FALSE,1741.178618
W,395,ITG,FRD,IT,FR,FALSE,FALSE,0.025247,0.18,FALSE,1689.046621
W,396,SI0,RO3,SI,RO,FALSE,TRUE,0.025216,0.34,FALSE,924.148312
W,397,NL4,FRI,NL,FR,FALSE,TRUE,0.025151,0.12,FALSE,797.480936
W,398,FRC,AT1,FR,AT,FALSE,TRUE,0.025135,0.13,FALSE,821.231659
W,399,ES3,FI1,ES,FI,FALSE,FALSE,0.025095,0.08,FALSE,3350.134805
W,400,FRJ,FRB,FR,FR,TRUE,TRUE,0.025036,0.07,FALSE,452.183142
W,401,DE9,DE4,DE,DE,TRUE,TRUE,0.025035,0.15,TRUE,262.120851
W,402,DEG,DEC,DE,DE,TRUE,TRUE,0.025025,0.23,FALSE,350.51413
W,403,FI2,ES3,FI,ES,FALSE,FALSE,0.025,0.03,FALSE,2725.004366
W,404,FRG,NL4,FR,NL,FALSE,TRUE,0.024983000000000002,0.14,FALSE,654.18373
W,405,AT3,SI0,AT,SI,FALSE,FALSE,0.024913,0.16,FALSE,195.048481
W,406,DE1,SE3,DE,SE,FALSE,FALSE,0.024892,0.17,FALSE,1752.997218
W,407,FRI,NL2,FR,NL,FALSE,TRUE,0.02488,0.14,FALSE,909.797851
W,408,DEF,AT2,DE,AT,FALSE,TRUE,0.024858,0.12,FALSE,862.100767
W,409,AT2,AT3,AT,AT,TRUE,TRUE,0.02483,0.14,TRUE,142.419959
W,410,PT3,ES7,PT,ES,FALSE,TRUE,0.024757,0.17,TRUE,497.716854
W,411,DE1,SE1,DE,SE,FALSE,FALSE,0.02471,0.19,FALSE,1262.433017
W,412,BE2,ITF,BE,IT,FALSE,FALSE,0.024687,0.13,FALSE,1489.24774
W,413,NL1,CZ0,NL,CZ,FALSE,FALSE,0.024683,0.24,FALSE,751.58678
W,414,ITC,DE2,IT,DE,FALSE,FALSE,0.024657,0.15,FALSE,475.214322
W,415,DK0,DE5,DK,DE,FALSE,FALSE,0.024641,0.22,FALSE,348.028867
W,416,FRC,SI0,FR,SI,FALSE,FALSE,0.024621,0.2,FALSE,745.919722
W,417,DEA,DEC,DE,DE,TRUE,TRUE,0.024609,0.17,FALSE,230.310485
W,418,FRJ,FRC,FR,FR,TRUE,TRUE,0.024606,0.13,FALSE,458.448047
W,419,DK0,FRL,DK,FR,FALSE,FALSE,0.024592,0.14,FALSE,1366.460849
W,420,DE3,DE7,DE,DE,TRUE,TRUE,0.024524,0.1,FALSE,369.618981
W,421,DEA,FRG,DE,FR,FALSE,TRUE,0.024515,0.11,FALSE,767.289628
W,422,LU0,SK0,LU,SK,FALSE,FALSE,0.024512,0.21,FALSE,933.276881
W,423,ES4,ITF,ES,IT,FALSE,TRUE,0.02447,0.13,FALSE,1830.62712
W,424,ES2,EL3,ES,EL,FALSE,TRUE,0.024465,0.17,FALSE,2113.242815
W,425,DEC,SE2,DE,SE,FALSE,FALSE,0.024456,0.22,FALSE,1001.099549
W,426,FRH,AT3,FR,AT,FALSE,TRUE,0.024454,0.16,FALSE,1203.625786
W,427,NL4,PT1,NL,PT,FALSE,FALSE,0.024453,0.1,FALSE,1706.861299
W,428,ES4,ES3,ES,ES,TRUE,TRUE,0.024452,0.13,TRUE,156.263198
W,429,FRJ,DE4,FR,DE,FALSE,TRUE,0.024447,0.1,FALSE,1247.039769
W,430,PT3,PT1,PT,PT,TRUE,TRUE,0.024397,0.17,FALSE,1050.376175
W,431,FRG,NL2,FR,NL,FALSE,TRUE,0.024392,0.21,FALSE,753.079814
W,432,FRC,NL1,FR,NL,FALSE,TRUE,0.024257,0.2,FALSE,637.254538
W,433,FRH,FRF,FR,FR,TRUE,TRUE,0.024248,0.13,FALSE,636.01719
W,434,NL1,EL6,NL,EL,FALSE,FALSE,0.024206,0.19,FALSE,1956.085965
W,435,NL3,BE3,NL,BE,FALSE,TRUE,0.024193,0.14,FALSE,160.560278
W,436,PT1,CY0,PT,CY,FALSE,TRUE,0.024161,0.16,FALSE,3715.359066
W,437,DK0,FRH,DK,FR,FALSE,FALSE,0.024157,0.15,FALSE,1215.954213
W,438,ITF,AT2,IT,AT,FALSE,FALSE,0.024136,0.13,FALSE,745.383652
W,439,PT1,PT3,PT,PT,TRUE,TRUE,0.024103,0.18,FALSE,1050.376175
W,440,DK0,FRB,DK,FR,FALSE,FALSE,0.024055,0.14,FALSE,1087.917277
W,441,DE6,DEG,DE,DE,TRUE,TRUE,0.024053,0.13,FALSE,312.687885
W,442,FRD,FRE,FR,FR,TRUE,TRUE,0.023967,0.12,TRUE,232.844641
W,443,DEE,DE9,DE,DE,TRUE,TRUE,0.023961,0.13,TRUE,206.652356
W,444,ES2,FRM,ES,FR,FALSE,FALSE,0.023939,0.15,FALSE,807.635573
W,445,SI0,SK0,SI,SK,FALSE,TRUE,0.023919,0.27,FALSE,423.07348
W,446,BG3,PL8,BG,PL,FALSE,TRUE,0.023917,0.18,FALSE,947.856459
W,447,ES2,EL5,ES,EL,FALSE,TRUE,0.023897,0.13,FALSE,1890.58136
W,448,ES5,ES3,ES,ES,TRUE,TRUE,0.023864,0.16,FALSE,598.200229
W,449,FRB,DEA,FR,DE,FALSE,TRUE,0.023846,0.11,FALSE,600.827933
W,450,DE2,DK0,DE,DK,FALSE,FALSE,0.023714,0.1,FALSE,839.070072
W,451,DEE,FI1,DE,FI,FALSE,FALSE,0.023619,0.13,FALSE,1680.84542
W,452,PT1,ES1,PT,ES,FALSE,TRUE,0.023596,0.15,TRUE,519.908776
W,453,DEC,DEB,DE,DE,TRUE,TRUE,0.023587,0.19,TRUE,66.604721
W,454,SK0,RO1,SK,RO,FALSE,TRUE,0.023567,0.11,FALSE,432.462503
W,455,BG3,DE3,BG,DE,FALSE,FALSE,0.023533,0.19,FALSE,1340.917243
W,456,DK0,PT1,DK,PT,FALSE,FALSE,0.023509,0.15,FALSE,2266.406645
W,457,DE1,PL5,DE,PL,FALSE,FALSE,0.023466,0.16,FALSE,613.204899
W,458,ES4,FRI,ES,FR,FALSE,FALSE,0.02346,0.07,FALSE,722.845314
W,459,ES1,ES7,ES,ES,TRUE,TRUE,0.023429,0.04,FALSE,1939.057397
W,460,ES3,FRF,ES,FR,FALSE,FALSE,0.023429,0.09,FALSE,1184.805046
W,461,FRM,ES4,FR,ES,FALSE,FALSE,0.023422,0.06,FALSE,1250.252971
W,462,CY0,FRG,CY,FR,FALSE,FALSE,0.023383,0.14,FALSE,3147.474452
W,463,CY0,NL1,CY,NL,FALSE,FALSE,0.023379,0.19,FALSE,2893.815081
W,464,NL4,DE2,NL,DE,FALSE,TRUE,0.023367,0.17,FALSE,530.72479
W,465,ES3,FRC,ES,FR,FALSE,FALSE,0.023359,0.11,FALSE,1025.359128
W,466,HU1,CZ0,HU,CZ,FALSE,TRUE,0.023333,0.05,FALSE,369.316678
W,467,ES4,FRC,ES,FR,FALSE,FALSE,0.023296999999999998,0.09,FALSE,1149.898224
W,468,FRC,FRF,FR,FR,TRUE,TRUE,0.023286,0.19,TRUE,174.592101
W,469,ITF,FRG,IT,FR,FALSE,FALSE,0.023281,0.16,FALSE,1567.223538
W,470,BG3,AT2,BG,AT,FALSE,FALSE,0.023281,0.15,FALSE,896.106667
W,471,BE2,SE1,BE,SE,FALSE,FALSE,0.023278,0.21,FALSE,1191.288438
W,472,ES6,FRB,ES,FR,FALSE,FALSE,0.023262,0.07,FALSE,1199.650255
W,473,FRF,FRI,FR,FR,TRUE,TRUE,0.02324,0.11,FALSE,580.494345
W,474,BG3,NL4,BG,NL,FALSE,FALSE,0.023219,0.17,FALSE,1707.627704
W,475,FRD,NL1,FR,NL,FALSE,TRUE,0.023214,0.21,FALSE,616.749748
W,476,FRM,ES3,FR,ES,FALSE,FALSE,0.023167,0.07,FALSE,1094.223572
W,477,NL1,EL5,NL,EL,FALSE,FALSE,0.023137,0.24,FALSE,1810.732596
W,478,ITI,NL4,IT,NL,FALSE,FALSE,0.023095,0.05,FALSE,1059.085137
W,479,FRJ,FRK,FR,FR,TRUE,TRUE,0.023089,0.13,TRUE,278.773085
W,480,BG3,FRM,BG,FR,FALSE,FALSE,0.023059,0.19,FALSE,1326.547514
W,481,DE9,PL8,DE,PL,FALSE,FALSE,0.023047,0.18,FALSE,956.18125
W,482,FRK,FI1,FR,FI,FALSE,FALSE,0.023044,0.22,FALSE,2556.687032
W,483,PT2,PT3,PT,PT,TRUE,TRUE,0.022999,0.23,TRUE,986.734994
W,484,NL1,LT0,NL,LT,FALSE,FALSE,0.022934,0.21,FALSE,1165.629074
W,485,ES1,PT3,ES,PT,FALSE,TRUE,0.022933,0.12,FALSE,1560.164695
W,486,DE2,DEE,DE,DE,TRUE,TRUE,0.022903,0.07,FALSE,346.824866
W,487,DEB,LU0,DE,LU,FALSE,TRUE,0.022896,0.13,TRUE,86.557927
W,488,FRC,FRB,FR,FR,TRUE,TRUE,0.022893,0.14,TRUE,258.822773
W,489,ITG,FRC,IT,FR,FALSE,FALSE,0.022886,0.14,FALSE,1300.800054
W,490,ES2,FRC,ES,FR,FALSE,FALSE,0.022866,0.11,FALSE,755.011615
W,491,SI0,RO1,SI,RO,FALSE,TRUE,0.022835,0.3,FALSE,714.83075
W,492,FRH,NL2,FR,NL,FALSE,TRUE,0.022834,0.14,FALSE,788.041169
W,493,FRC,PT1,FR,PT,FALSE,FALSE,0.02283,0.15,FALSE,1382.884874
W,494,LU0,RO3,LU,RO,FALSE,FALSE,0.022794,0.22,FALSE,1625.686775
W,495,BE2,DE3,BE,DE,FALSE,TRUE,0.022791,0.17,FALSE,655.096878
W,496,NL1,ES2,NL,ES,FALSE,FALSE,0.022716,0.2,FALSE,1343.727938
W,497,NL4,DE6,NL,DE,FALSE,TRUE,0.022671,0.18,FALSE,388.377879
W,498,BE1,DEE,BE,DE,FALSE,TRUE,0.022657,0.12,FALSE,523.699806
W,499,BE3,FRD,BE,FR,FALSE,TRUE,0.022645,0.2,FALSE,392.9608
W,500,FRH,NL4,FR,NL,FALSE,TRUE,0.022613,0.17,FALSE,702.720655
W,501,SK0,BG4,SK,BG,FALSE,TRUE,0.022611,0.1,FALSE,848.946425
W,502,MT0,DEA,MT,DE,FALSE,FALSE,0.02261,0.19,FALSE,1783.036103
W,503,DEB,DED,DE,DE,TRUE,TRUE,0.022599,0.17,FALSE,452.250319
W,504,NL1,EL3,NL,EL,FALSE,FALSE,0.022595,0.2,FALSE,2129.550074
W,505,DEA,FRH,DE,FR,FALSE,TRUE,0.022594,0.12,FALSE,826.550325
W,506,BE1,ES1,BE,ES,FALSE,FALSE,0.022541,0.17,FALSE,1086.011249
W,507,FRL,FRE,FR,FR,TRUE,TRUE,0.022532,0.16,FALSE,689.200022
W,508,ITF,DE3,IT,DE,FALSE,FALSE,0.022495,0.12,FALSE,1360.545417
W,509,PT1,ITI,PT,IT,FALSE,TRUE,0.022482,0.19,FALSE,1769.223108
W,510,ES2,FRE,ES,FR,FALSE,FALSE,0.022466,0.13,FALSE,944.424698
W,511,DE5,FI1,DE,FI,FALSE,FALSE,0.022461,0.09,FALSE,1669.111252
W,512,ES6,FRJ,ES,FR,FALSE,FALSE,0.022461,0.15,FALSE,844.690853
W,513,ES5,FRM,ES,FR,FALSE,FALSE,0.022425,0.11,FALSE,581.633837
W,514,ES1,CY0,ES,CY,FALSE,TRUE,0.022417,0.06,FALSE,3379.761035
W,515,NL4,NL3,NL,NL,TRUE,TRUE,0.022417,0.06,TRUE,131.86672
W,516,ITG,ITI,IT,IT,TRUE,TRUE,0.022407,0.13,FALSE,600.426376
W,517,FRD,FRJ,FR,FR,TRUE,TRUE,0.022379,0.12,FALSE,625.606509
W,518,ES1,FRB,ES,FR,FALSE,FALSE,0.022367,0.07,FALSE,690.904887
W,519,FRL,ES1,FR,ES,FALSE,FALSE,0.022364,0.14,FALSE,870.462348
W,520,EE0,RO4,EE,RO,FALSE,FALSE,0.022333,0.09,FALSE,1529.467743
W,521,ES4,SI0,ES,SI,FALSE,FALSE,0.022328,0.08,FALSE,1759.510763
W,522,BG3,PL5,BG,PL,FALSE,TRUE,0.022307,0.21,FALSE,1046.193381
W,523,DEA,ITC,DE,IT,FALSE,FALSE,0.022289,0.13,FALSE,696.242058
W,524,PT1,ES6,PT,ES,FALSE,TRUE,0.022244,0.14,TRUE,456.205261
W,525,FRC,DEA,FR,DE,FALSE,TRUE,0.022193,0.17,FALSE,492.773633
W,526,FRE,DEF,FR,DE,FALSE,TRUE,0.022175,0.17,FALSE,666.032322
W,527,AT1,DE4,AT,DE,FALSE,TRUE,0.022137,0.25,FALSE,559.564195
W,528,ES2,EL4,ES,EL,FALSE,TRUE,0.022113,0.13,FALSE,2325.6381
W,529,BE1,FRH,BE,FR,FALSE,TRUE,0.022097,0.17,FALSE,597.210398
W,530,ES2,BE3,ES,BE,FALSE,FALSE,0.022088,0.08,FALSE,1031.322441
W,531,DE4,DEF,DE,DE,TRUE,TRUE,0.022063,0.08,FALSE,260.036241
W,532,DEF,FRB,DE,FR,FALSE,TRUE,0.02203,0.1,FALSE,924.876882
W,533,DE3,AT3,DE,AT,FALSE,TRUE,0.02202,0.05,FALSE,534.897251
W,534,DE3,FR1,DE,FR,FALSE,TRUE,0.022,0.06,FALSE,875.69812
W,535,SK0,FR1,SK,FR,FALSE,FALSE,0.022,0.06,FALSE,1195.501425
W,536,AT2,BE3,AT,BE,FALSE,TRUE,0.021986,0.12,FALSE,800.49044
W,537,ITI,ITH,IT,IT,TRUE,TRUE,0.021955,0.07,TRUE,290.572972
W,538,BG3,LT0,BG,LT,FALSE,FALSE,0.021935,0.18,FALSE,1332.780808
W,539,DE1,DE7,DE,DE,TRUE,TRUE,0.021934,0.15,TRUE,211.79899
W,540,ES4,FRL,ES,FR,FALSE,FALSE,0.021896,0.11,FALSE,1049.294622
W,541,ITC,DEB,IT,DE,FALSE,FALSE,0.021851,0.13,FALSE,539.058977
W,542,CY0,ITF,CY,IT,FALSE,TRUE,0.021839,0.17,FALSE,1641.301197
W,543,ITG,FRF,IT,FR,FALSE,FALSE,0.021783,0.2,FALSE,1400.913152
W,544,DE2,AT3,DE,AT,FALSE,TRUE,0.021782,0.09,TRUE,161.899184
W,545,ES5,PT2,ES,PT,FALSE,TRUE,0.02175,0.16,FALSE,2479.980299
W,546,ITH,ITI,IT,IT,TRUE,TRUE,0.021717,0.2,TRUE,290.572972
W,547,DE7,DE9,DE,DE,TRUE,TRUE,0.021676,0.22,TRUE,225.576747
W,548,PT2,ITI,PT,IT,FALSE,TRUE,0.021675,0.19,FALSE,3214.935344
W,549,NL4,ES1,NL,ES,FALSE,FALSE,0.021654,0.14,FALSE,1186.952644
W,550,ITC,DEC,IT,DE,FALSE,FALSE,0.021643,0.13,FALSE,485.092005
W,551,FRC,NL2,FR,NL,FALSE,TRUE,0.021635,0.12,FALSE,560.73936
W,552,FRI,DE7,FR,DE,FALSE,TRUE,0.021615,0.16,FALSE,888.733981
W,553,ES6,FRF,ES,FR,FALSE,FALSE,0.021572,0.11,FALSE,1462.625627
W,554,DE6,DEA,DE,DE,TRUE,TRUE,0.021556,0.18,FALSE,294.472506
W,555,ES1,DK0,ES,DK,FALSE,FALSE,0.021504,0.06,FALSE,1750.146061
W,556,DE2,FI1,DE,FI,FALSE,FALSE,0.021498,0.08,FALSE,1984.303109
W,557,ES2,CY0,ES,CY,FALSE,TRUE,0.021448,0.13,FALSE,3041.490386
W,558,ES5,ITC,ES,IT,FALSE,TRUE,0.021424,0.1,FALSE,786.626602
W,559,AT2,FRK,AT,FR,FALSE,TRUE,0.021383,0.11,FALSE,814.811774
W,560,PT3,RO2,PT,RO,FALSE,FALSE,0.021372,0.22,FALSE,4008.675076
W,561,FRC,DEF,FR,DE,FALSE,TRUE,0.021371,0.15,FALSE,832.240117
W,562,DE7,DEA,DE,DE,TRUE,TRUE,0.021371,0.15,TRUE,140.870033
W,563,ES3,EL6,ES,EL,FALSE,TRUE,0.021305,0.14,FALSE,2228.754208
W,564,AT2,EE0,AT,EE,FALSE,FALSE,0.021251,0.19,FALSE,1479.696133
W,565,SK0,LU0,SK,LU,FALSE,FALSE,0.02125,0.06,FALSE,933.276881
W,566,BE3,FI1,BE,FI,FALSE,FALSE,0.021217,0.16,FALSE,2079.330842
W,567,AT2,DEC,AT,DE,FALSE,TRUE,0.0212,0.16,FALSE,649.035799
W,568,ES6,NL4,ES,NL,FALSE,FALSE,0.021135,0.08,FALSE,1695.449443
W,569,BE2,DE4,BE,DE,FALSE,TRUE,0.021122,0.1,FALSE,606.367045
W,570,FRJ,AT1,FR,AT,FALSE,TRUE,0.02111,0.13,FALSE,1153.638053
W,571,SI0,LT0,SI,LT,FALSE,FALSE,0.021086,0.28,FALSE,1197.542689
W,572,NL1,PT2,NL,PT,FALSE,FALSE,0.021068,0.21,FALSE,2938.284269
W,573,DEG,FR1,DE,FR,FALSE,TRUE,0.021067,0.14,FALSE,673.021265
W,574,DEE,FRC,DE,FR,FALSE,TRUE,0.021004,0.11,FALSE,710.124723
W,575,ITI,AT1,IT,AT,FALSE,FALSE,0.020991,0.1,FALSE,624.953997
W,576,NL1,ITG,NL,IT,FALSE,FALSE,0.020984,0.18,FALSE,1807.618984
W,577,DE1,DE5,DE,DE,TRUE,TRUE,0.020937,0.18,FALSE,494.979708
W,578,FRL,ITF,FR,IT,FALSE,FALSE,0.020925,0.13,FALSE,913.656763
W,579,DE3,BE3,DE,BE,FALSE,TRUE,0.020861,0.07,FALSE,627.617604
W,580,DEF,ITC,DE,IT,FALSE,FALSE,0.020841,0.11,FALSE,993.392117
W,581,BE1,DED,BE,DE,FALSE,TRUE,0.020839,0.16,FALSE,640.209702
W,582,ES2,ITG,ES,IT,FALSE,TRUE,0.020818,0.09,FALSE,1331.838882
W,583,ITG,FRI,IT,FR,FALSE,FALSE,0.020792,0.12,FALSE,1391.417638
W,584,FRG,ES1,FR,ES,FALSE,FALSE,0.020786,0.2,FALSE,540.556163
W,585,ES5,AT3,ES,AT,FALSE,FALSE,0.020779,0.1,FALSE,1225.698883
W,586,BE2,FRG,BE,FR,FALSE,TRUE,0.020761,0.14,FALSE,556.075035
W,587,NL3,SI0,NL,SI,FALSE,FALSE,0.020749,0.26,FALSE,976.607643
W,588,ITF,ES3,IT,ES,FALSE,TRUE,0.020706,0.11,FALSE,1674.656404
W,589,DE9,DEG,DE,DE,TRUE,TRUE,0.020702,0.12,TRUE,253.288616
W,590,FR1,ES1,FR,ES,FALSE,FALSE,0.020699,0.22,FALSE,822.618459
W,591,FRD,FRL,FR,FR,TRUE,TRUE,0.02069,0.13,FALSE,714.66179
W,592,BE1,MT0,BE,MT,FALSE,FALSE,0.020674,0.15,FALSE,1821.090936
W,593,DEE,DEB,DE,DE,TRUE,TRUE,0.020668,0.18,FALSE,383.672305
W,594,FRK,ITH,FR,IT,FALSE,FALSE,0.020657,0.19,FALSE,536.68828799999994
W,595,FRL,DEC,FR,DE,FALSE,TRUE,0.020651,0.16,FALSE,589.084689
W,596,ITF,ES1,IT,ES,FALSE,TRUE,0.020635,0.16,FALSE,1741.14931
W,597,DE3,DEB,DE,DE,TRUE,TRUE,0.020607,0.1,FALSE,513.453494
W,598,DE6,ITH,DE,IT,FALSE,FALSE,0.02059,0.21,FALSE,912.527321
W,599,DE8,DE1,DE,DE,TRUE,TRUE,0.020578,0.16,FALSE,626.45138
W,600,BE2,SE2,BE,SE,FALSE,FALSE,0.020538,0.16,FALSE,953.898334
W,601,FRJ,DEE,FR,DE,FALSE,TRUE,0.020538,0.09,FALSE,1161.830169
W,602,ITF,DE2,IT,DE,FALSE,FALSE,0.020524,0.14,FALSE,989.52539
W,603,DE6,DE1,DE,DE,TRUE,TRUE,0.020523,0.15,FALSE,552.726227
W,604,PT3,ES3,PT,ES,FALSE,TRUE,0.020489,0.18,FALSE,1438.077985
W,605,NL3,SE2,NL,SE,FALSE,FALSE,0.020456,0.2,FALSE,949.671726
W,606,ES4,FRB,ES,FR,FALSE,FALSE,0.020447,0.09,FALSE,997.770314
W,607,ITI,ES3,IT,ES,FALSE,TRUE,0.020387,0.15,FALSE,1358.713209
W,608,DED,FRH,DE,FR,FALSE,TRUE,0.020383,0.14,FALSE,1211.390267
W,609,DEC,FRB,DE,FR,FALSE,TRUE,0.020368,0.14,FALSE,441.428816
W,610,DEB,SE3,DE,SE,FALSE,FALSE,0.020349,0.13,FALSE,1647.891445
W,611,DED,FRC,DE,FR,FALSE,TRUE,0.020346,0.22,FALSE,737.505423
W,612,DE7,FRK,DE,FR,FALSE,TRUE,0.020335,0.16,FALSE,652.903629
W,613,DEF,DE2,DE,DE,TRUE,TRUE,0.020281,0.08,FALSE,601.51621
W,614,NL4,ES3,NL,ES,FALSE,FALSE,0.020247,0.18,FALSE,1398.256665
W,615,ITF,PT1,IT,PT,FALSE,TRUE,0.020193,0.12,FALSE,2081.460629
W,616,DEA,BE3,DE,BE,FALSE,TRUE,0.020171,0.07,TRUE,217.147187
W,617,FRD,SE2,FR,SE,FALSE,FALSE,0.020159,0.14,FALSE,1317.059011
W,618,AT1,ES5,AT,ES,FALSE,FALSE,0.020132,0.25,FALSE,1381.083907
W,619,DE7,ITH,DE,IT,FALSE,FALSE,0.020109,0.14,FALSE,597.727832
W,620,DEA,DE3,DE,DE,TRUE,TRUE,0.020085,0.08,FALSE,418.398253
W,621,FRE,DE2,FR,DE,FALSE,TRUE,0.020067,0.22,FALSE,672.834843
W,622,BE2,PT1,BE,PT,FALSE,FALSE,0.020064,0.08,FALSE,1612.956559
W,623,DE9,PL9,DE,PL,FALSE,FALSE,0.020063,0.15,FALSE,840.787068
W,624,LU0,BE1,LU,BE,FALSE,TRUE,0.02005,0.16,FALSE,168.361792
W,625,BE2,FRL,BE,FR,FALSE,TRUE,0.02004,0.11,FALSE,782.836428
W,626,ES2,FRD,ES,FR,FALSE,FALSE,0.020015,0.09,FALSE,804.984249
W,627,AT1,ES4,AT,ES,FALSE,FALSE,0.019991,0.26,FALSE,1905.515429
W,628,ITG,FI1,IT,FI,FALSE,FALSE,0.019982,0.16,FALSE,3144.836928
W,629,DE9,DEA,DE,DE,TRUE,TRUE,0.019964,0.17,TRUE,156.712758
W,630,DEG,FRB,DE,FR,FALSE,TRUE,0.019956,0.15,FALSE,790.41761
W,631,DE3,FRC,DE,FR,FALSE,TRUE,0.019951,0.11,FALSE,835.869364
W,632,ES1,FRC,ES,FR,FALSE,FALSE,0.019926,0.08,FALSE,879.556866
W,633,ES1,ITG,ES,IT,FALSE,TRUE,0.019917,0.07,FALSE,1698.551842
W,634,DE2,DE7,DE,DE,TRUE,TRUE,0.019907,0.13,TRUE,286.411252
W,635,DK0,BE3,DK,BE,FALSE,FALSE,0.019903,0.15,FALSE,726.70228
W,636,LU0,RO1,LU,RO,FALSE,FALSE,0.019885,0.18,FALSE,1356.218749
W,637,ES3,DK0,ES,DK,FALSE,FALSE,0.019879,0.12,FALSE,1982.76036
W,638,FRM,SI0,FR,SI,FALSE,FALSE,0.01985,0.09,FALSE,630.894336
W,639,DK0,DEB,DK,DE,FALSE,FALSE,0.01984,0.15,FALSE,712.313135
W,640,ES5,EL5,ES,EL,FALSE,TRUE,0.01981,0.13,FALSE,1612.825741
W,641,FRI,PT2,FR,PT,FALSE,FALSE,0.019808,0.2,FALSE,2283.981101
W,642,PT3,FRF,PT,FR,FALSE,FALSE,0.0198,0.15,FALSE,2574.88359
W,643,BE1,LU0,BE,LU,FALSE,TRUE,0.019791,0.15,FALSE,168.361792
W,644,DED,DEG,DE,DE,TRUE,TRUE,0.019787,0.16,TRUE,155.276329
W,645,FRE,AT2,FR,AT,FALSE,TRUE,0.01978,0.13,FALSE,945.625302
W,646,FRB,DE1,FR,DE,FALSE,TRUE,0.019777,0.09,FALSE,569.015224
W,647,NL4,DEE,NL,DE,FALSE,TRUE,0.019754,0.12,FALSE,421.423307
W,648,AT3,LV0,AT,LV,FALSE,FALSE,0.019732,0.21,FALSE,1319.323252
W,649,ES2,FRB,ES,FR,FALSE,FALSE,0.019721,0.13,FALSE,673.596836
W,650,FRM,FRD,FR,FR,TRUE,TRUE,0.019714,0.05,FALSE,1044.27894
W,651,MT0,ITC,MT,IT,FALSE,TRUE,0.019695,0.16,FALSE,1109.378144
W,652,FRE,DEB,FR,DE,FALSE,TRUE,0.019694,0.21,FALSE,312.279124
W,653,BE1,NL2,BE,NL,FALSE,TRUE,0.019691,0.1,FALSE,204.862537
W,654,ITF,NL4,IT,NL,FALSE,FALSE,0.019687,0.13,FALSE,1445.837647
W,655,DE5,DE9,DE,DE,TRUE,TRUE,0.019686,0.1,TRUE,57.960578
W,656,DEG,DE7,DE,DE,TRUE,TRUE,0.019679,0.14,TRUE,159.150149
W,657,DE8,DEE,DE,DE,TRUE,TRUE,0.019678,0.15,FALSE,217.435074
W,658,FI1,DEC,FI,DE,FALSE,FALSE,0.019666,0.2,FALSE,2092.893286
W,659,ES2,ES4,ES,ES,TRUE,TRUE,0.019665,0.09,TRUE,451.092935
W,660,ITC,HU2,IT,HU,FALSE,FALSE,0.019644,0.17,FALSE,700.268056
W,661,FRI,ITF,FR,IT,FALSE,FALSE,0.019643,0.14,FALSE,1364.166402
W,662,DED,FRG,DE,FR,FALSE,TRUE,0.019621,0.15,FALSE,1126.773038
W,663,DE8,ITC,DE,IT,FALSE,FALSE,0.019615,0.12,FALSE,998.887909
W,664,FRH,FRK,FR,FR,TRUE,TRUE,0.019593,0.12,FALSE,640.917875
W,665,DE9,AT3,DE,AT,FALSE,TRUE,0.019592,0.09,FALSE,632.650016
W,666,SI0,EL6,SI,EL,FALSE,FALSE,0.019591,0.22,FALSE,988.835132
W,667,NL2,ES5,NL,ES,FALSE,FALSE,0.01959,0.15,FALSE,1431.865233
W,668,FRK,ITF,FR,IT,FALSE,FALSE,0.019587,0.18,FALSE,1075.027537
W,669,DE8,DE3,DE,DE,TRUE,TRUE,0.019573,0.13,FALSE,166.022197
W,670,AT2,FRF,AT,FR,FALSE,TRUE,0.019564,0.08,FALSE,713.540901
W,671,DE4,NL3,DE,NL,FALSE,TRUE,0.019556,0.08,FALSE,624.238704
W,672,ITH,DE3,IT,DE,FALSE,FALSE,0.019531,0.26,FALSE,796.963436
W,673,CZ0,BG3,CZ,BG,FALSE,TRUE,0.0195,0.07,FALSE,1013.281336
W,674,DK0,FI2,DK,FI,FALSE,TRUE,0.019487,0.2,FALSE,764.857444
W,675,NL2,DE7,NL,DE,FALSE,TRUE,0.01947,0.13,FALSE,276.51054
W,676,NL3,FRD,NL,FR,FALSE,TRUE,0.019459,0.17,FALSE,368.827848
W,677,FRE,FRJ,FR,FR,TRUE,TRUE,0.019452,0.18,FALSE,702.471809
W,678,ITC,DE7,IT,DE,FALSE,FALSE,0.019438,0.19,FALSE,596.137945
W,679,NL4,DEG,NL,DE,FALSE,TRUE,0.01943,0.13,FALSE,393.35295
W,680,FI1,MT0,FI,MT,FALSE,FALSE,0.019415,0.2,FALSE,3305.011146
W,681,DED,DE9,DE,DE,TRUE,TRUE,0.019403,0.14,FALSE,372.379879
W,682,ITG,ITF,IT,IT,TRUE,TRUE,0.019394,0.17,FALSE,356.421954
W,683,NL3,PT3,NL,PT,FALSE,FALSE,0.01939,0.18,FALSE,2638.811714
W,684,ITH,DE5,IT,DE,FALSE,FALSE,0.019387,0.14,FALSE,874.162291
W,685,FRJ,DEF,FR,DE,FALSE,TRUE,0.019383,0.13,FALSE,1289.566708
W,686,LU0,LT0,LU,LT,FALSE,FALSE,0.019375,0.14,FALSE,1331.07378
W,687,PT2,NL4,PT,NL,FALSE,FALSE,0.019368,0.18,FALSE,2839.165885
W,688,DEF,BE2,DE,BE,FALSE,TRUE,0.019348,0.12,FALSE,516.189732
W,689,BE3,DEF,BE,DE,FALSE,TRUE,0.019332,0.17,FALSE,544.503673
W,690,FI1,PL6,FI,PL,FALSE,FALSE,0.019331,0.25,FALSE,1323.09768
W,691,AT3,BG3,AT,BG,FALSE,FALSE,0.019323,0.24,FALSE,1037.701293
W,692,ITF,NL2,IT,NL,FALSE,FALSE,0.019293,0.16,FALSE,1514.477306
W,693,LU0,SE3,LU,SE,FALSE,FALSE,0.019283,0.12,FALSE,1685.676511
W,694,PT2,ES2,PT,ES,FALSE,TRUE,0.019279,0.16,FALSE,2157.328733
W,695,DE4,BE3,DE,BE,FALSE,TRUE,0.019269,0.06,FALSE,580.707282
W,696,LU0,DK0,LU,DK,FALSE,FALSE,0.019254,0.16,FALSE,743.866545
W,697,DED,IE0,DE,IE,FALSE,TRUE,0.01925,0.23,FALSE,1475.804663
W,698,AT2,CY0,AT,CY,FALSE,FALSE,0.019246,0.11,FALSE,2007.827924
W,699,BE2,DED,BE,DE,FALSE,TRUE,0.019232,0.1,FALSE,651.588012
W,700,DE7,DEG,DE,DE,TRUE,TRUE,0.019218,0.19,TRUE,159.150149
W,701,ITC,FRK,IT,FR,FALSE,FALSE,0.019198,0.21,TRUE,330.180878
W,702,DED,DE8,DE,DE,TRUE,TRUE,0.019195,0.18,FALSE,339.991701
W,703,PT2,FI2,PT,FI,FALSE,FALSE,0.019172,0.21,FALSE,4005.946382
W,704,ES5,NL2,ES,NL,FALSE,FALSE,0.019162,0.11,FALSE,1431.865233
W,705,ES6,FRD,ES,FR,FALSE,FALSE,0.019135,0.09,FALSE,1306.425035
W,706,FI1,ITI,FI,IT,FALSE,FALSE,0.019118,0.26,FALSE,2611.832262
W,707,FI1,FRH,FI,FR,FALSE,FALSE,0.019106,0.26,FALSE,2582.355124
W,708,DEE,PL7,DE,PL,FALSE,FALSE,0.019103,0.18,FALSE,542.315311
W,709,DE8,FRE,DE,FR,FALSE,TRUE,0.0191,0.1,FALSE,786.127059
W,710,BG3,RO1,BG,RO,FALSE,TRUE,0.01909,0.18,FALSE,391.174946
W,711,DE1,DE9,DE,DE,TRUE,TRUE,0.019086,0.13,FALSE,437.069996
W,712,ITI,FRH,IT,FR,FALSE,FALSE,0.019075,0.07,FALSE,1306.086451
W,713,NL3,ES1,NL,ES,FALSE,FALSE,0.019058,0.19,FALSE,1098.466627
W,714,DEF,DE9,DE,DE,TRUE,TRUE,0.01905,0.1,TRUE,184.580666
W,715,CY0,EL4,CY,EL,FALSE,TRUE,0.019041,0.19,TRUE,801.427347
W,716,FR1,BE1,FR,BE,FALSE,TRUE,0.019025,0.25,FALSE,272.702287
W,717,ITH,ITC,IT,IT,TRUE,TRUE,0.019008,0.23,TRUE,211.100359
W,718,ES3,ES6,ES,ES,TRUE,TRUE,0.018995,0.07,FALSE,330.104907
W,719,DEB,BE2,DE,BE,FALSE,TRUE,0.018976,0.1,FALSE,251.913025
W,720,DEC,DEF,DE,DE,TRUE,TRUE,0.018959,0.19,FALSE,564.873622
W,721,PT1,NL3,PT,NL,FALSE,FALSE,0.018951,0.17,FALSE,1617.056395
W,722,NL2,DE6,NL,DE,FALSE,TRUE,0.018916,0.12,FALSE,293.800367
W,723,DEA,DEF,DE,DE,TRUE,TRUE,0.018897,0.13,FALSE,339.764115
W,724,FR1,DK0,FR,DK,FALSE,FALSE,0.018895,0.19,FALSE,952.733063
W,725,FRI,DEE,FR,DE,FALSE,TRUE,0.018892,0.18,FALSE,1129.728034
W,726,DE6,ES6,DE,ES,FALSE,FALSE,0.018884,0.17,FALSE,2068.762732
W,727,ITC,DEF,IT,DE,FALSE,FALSE,0.01887,0.15,FALSE,993.392117
W,728,FRI,ES4,FR,ES,FALSE,FALSE,0.01886,0.12,FALSE,722.845314
W,729,FR1,HU2,FR,HU,FALSE,FALSE,0.018857,0.19,FALSE,1145.199509
W,730,FRF,FRE,FR,FR,TRUE,TRUE,0.018842,0.12,TRUE,244.188786
W,731,AT3,ES5,AT,ES,FALSE,FALSE,0.01883,0.11,FALSE,1225.698883
W,732,FRB,DEG,FR,DE,FALSE,TRUE,0.018824,0.13,FALSE,790.41761
W,733,FRE,ITF,FR,IT,FALSE,FALSE,0.018815,0.16,FALSE,1466.513543
W,734,FRF,DEA,FR,DE,FALSE,TRUE,0.018802,0.13,FALSE,318.231789
W,735,DE2,DE6,DE,DE,TRUE,TRUE,0.01875,0.06,FALSE,544.143578
W,736,FRI,DEF,FR,DE,FALSE,TRUE,0.018739,0.19,FALSE,1215.572335
W,737,DE1,IE0,DE,IE,FALSE,TRUE,0.018705,0.14,FALSE,1294.393538
W,738,BE1,DE4,BE,DE,FALSE,TRUE,0.018687,0.14,FALSE,601.655015
W,739,FRI,DK0,FR,DK,FALSE,FALSE,0.018675,0.12,FALSE,1388.745421
W,740,DEB,DE4,DE,DE,TRUE,TRUE,0.018667,0.14,FALSE,470.043432
W,741,DEC,ITC,DE,IT,FALSE,FALSE,0.018653,0.16,FALSE,485.092005
W,742,FRJ,LU0,FR,LU,FALSE,TRUE,0.018648,0.12,FALSE,745.343854
W,743,FRG,FRK,FR,FR,TRUE,TRUE,0.018647,0.19,FALSE,492.222116
W,744,FI1,ITC,FI,IT,FALSE,FALSE,0.018643,0.23,FALSE,2453.623345
W,745,NL4,DE7,NL,DE,FALSE,TRUE,0.018639,0.11,FALSE,251.843703
W,746,ITG,AT2,IT,AT,FALSE,FALSE,0.018629,0.11,FALSE,1054.901934
W,747,DE2,FRC,DE,FR,FALSE,TRUE,0.018611,0.09,FALSE,557.200309
W,748,FRJ,DEG,FR,DE,FALSE,TRUE,0.018606,0.16,FALSE,1052.207277
W,749,NL2,DE2,NL,DE,FALSE,TRUE,0.018579,0.15,FALSE,562.318079
W,750,ITF,FRH,IT,FR,FALSE,FALSE,0.018569,0.1,FALSE,1715.414075
W,751,ITH,BE2,IT,BE,FALSE,FALSE,0.018565,0.17,FALSE,826.539654
W,752,FRL,LU0,FR,LU,FALSE,TRUE,0.018555,0.22,FALSE,634.22413100000006
W,753,DEG,ES5,DE,ES,FALSE,FALSE,0.018552,0.15,FALSE,1409.588361
W,754,DEC,FRK,DE,FR,FALSE,TRUE,0.018552,0.13,FALSE,465.642575
W,755,DEE,DED,DE,DE,TRUE,TRUE,0.018511,0.15,TRUE,173.596417
W,756,DE8,DEA,DE,DE,TRUE,TRUE,0.018498,0.16,FALSE,429.142366
W,757,FRI,FRF,FR,FR,TRUE,TRUE,0.018498,0.14,FALSE,580.494345
W,758,FR1,SK0,FR,SK,FALSE,FALSE,0.018491,0.25,FALSE,1195.501425
W,759,NL1,FRC,NL,FR,FALSE,TRUE,0.018484,0.17,FALSE,637.254538
W,760,BE3,FRE,BE,FR,FALSE,TRUE,0.018479,0.18,TRUE,163.23559
W,761,AT2,BG3,AT,BG,FALSE,FALSE,0.018468,0.12,FALSE,896.106667
W,762,PT1,FRD,PT,FR,FALSE,FALSE,0.01845,0.09,FALSE,1252.555746
W,763,SI0,HU2,SI,HU,FALSE,TRUE,0.01845,0.25,TRUE,244.69808
W,764,ES3,ES1,ES,ES,TRUE,TRUE,0.018449,0.08,FALSE,309.060454
W,765,BE3,LU0,BE,LU,FALSE,TRUE,0.018441,0.13,TRUE,75.998377
W,766,FR1,FRD,FR,FR,TRUE,TRUE,0.018433,0.18,TRUE,187.278714
W,767,AT3,DE9,AT,DE,FALSE,TRUE,0.018425,0.2,FALSE,632.650016
W,768,DK0,AT3,DK,AT,FALSE,FALSE,0.01842,0.17,FALSE,988.476019
W,769,BE2,FRK,BE,FR,FALSE,TRUE,0.018418,0.11,FALSE,619.654364
W,770,MT0,DE3,MT,DE,FALSE,FALSE,0.018405,0.18,FALSE,1826.990227
W,771,FRG,DE3,FR,DE,FALSE,TRUE,0.018401,0.19,FALSE,1179.083043
W,772,ES2,ES7,ES,ES,TRUE,TRUE,0.018401,0.09,FALSE,2048.447458
W,773,LU0,RO2,LU,RO,FALSE,FALSE,0.018398,0.19,FALSE,1628.83796
W,774,FRJ,ITH,FR,IT,FALSE,FALSE,0.018396,0.12,FALSE,761.82603
W,775,FRC,FRH,FR,FR,TRUE,TRUE,0.018382,0.12,FALSE,586.240801
W,776,CZ0,EL6,CZ,EL,FALSE,FALSE,0.018333,0.06,FALSE,1277.269982
W,777,ES3,FRB,ES,FR,FALSE,FALSE,0.018333,0.07,FALSE,896.201439
W,778,IE0,DED,IE,DE,FALSE,TRUE,0.018333,0.04,FALSE,1475.804663
W,779,FRK,AT1,FR,AT,FALSE,TRUE,0.018315,0.23,FALSE,894.828007
W,780,AT1,ES2,AT,ES,FALSE,FALSE,0.018303,0.22,FALSE,1464.132686
W,781,LU0,ES1,LU,ES,FALSE,FALSE,0.018295,0.14,FALSE,1099.501157
W,782,NL2,PT2,NL,PT,FALSE,FALSE,0.018275,0.14,FALSE,2910.290598
W,783,SI0,DE1,SI,DE,FALSE,FALSE,0.01827,0.24,FALSE,499.552963
W,784,ES6,FRM,ES,FR,FALSE,FALSE,0.018266,0.08,FALSE,1212.737309
W,785,FR1,FRC,FR,FR,TRUE,TRUE,0.018246,0.22,TRUE,237.787402
W,786,FRH,DEF,FR,DE,FALSE,TRUE,0.018238,0.15,FALSE,1104.9451
W,787,ITG,FRH,IT,FR,FALSE,FALSE,0.018224,0.15,FALSE,1787.966855
W,788,ES2,FRJ,ES,FR,FALSE,FALSE,0.018214,0.1,TRUE,314.237805
W,789,ES2,FRG,ES,FR,FALSE,FALSE,0.018202,0.1,FALSE,624.377826
W,790,ITF,FRJ,IT,FR,FALSE,FALSE,0.018192,0.11,FALSE,1183.4405
W,791,ITF,ITI,IT,IT,TRUE,TRUE,0.018179,0.14,TRUE,412.733157
W,792,DEE,DEF,DE,DE,TRUE,TRUE,0.018161,0.14,FALSE,265.078754
W,793,AT3,DEG,AT,DE,FALSE,TRUE,0.018126,0.22,FALSE,386.016139
W,794,NL2,DEB,NL,DE,FALSE,TRUE,0.018121,0.1,FALSE,272.974024
W,795,DEB,ITF,DE,IT,FALSE,FALSE,0.018088,0.11,FALSE,1255.227617
W,796,ITG,FR1,IT,FR,FALSE,FALSE,0.018084,0.15,FALSE,1534.914504
W,797,PT1,BE2,PT,BE,FALSE,FALSE,0.018082,0.17,FALSE,1612.956559
W,798,FRI,NL3,FR,NL,FALSE,TRUE,0.018058,0.16,FALSE,739.676066
W,799,DE2,BE1,DE,BE,FALSE,TRUE,0.018058,0.11,FALSE,595.185675
W,800,ITH,FRI,IT,FR,FALSE,FALSE,0.018046,0.12,FALSE,870.143839
W,801,ITH,DEC,IT,DE,FALSE,FALSE,0.018046,0.22,FALSE,555.768285
multiplier,1,PL4,PL2,PL,PL,TRUE,TRUE,1.423936,1,FALSE,413.674156
multiplier,2,PL2,PL4,PL,PL,TRUE,TRUE,1.393347,1,FALSE,413.674156
multiplier,3,SE1,SE2,SE,SE,TRUE,TRUE,1.286495,0.89,TRUE,248.050046
multiplier,4,HU2,HU3,HU,HU,TRUE,TRUE,1.262546,0.99,TRUE,251.970261
multiplier,5,SE3,SE2,SE,SE,TRUE,TRUE,1.256339,0.88,TRUE,750.118279
multiplier,6,HU1,HU3,HU,HU,TRUE,TRUE,1.229427,0.99,TRUE,122.074103
multiplier,7,RO2,RO1,RO,RO,TRUE,TRUE,1.0985,1,TRUE,273.470055
multiplier,8,RO4,RO1,RO,RO,TRUE,TRUE,0.987831,0.94,TRUE,193.694272
multiplier,9,EL4,EL6,EL,EL,TRUE,TRUE,0.9865,1,FALSE,491.069626
multiplier,10,EL6,EL5,EL,EL,TRUE,TRUE,0.982195,1,TRUE,160.307124
multiplier,11,EL5,EL3,EL,EL,TRUE,TRUE,0.978598,1,FALSE,320.819885
multiplier,12,RO3,RO1,RO,RO,TRUE,TRUE,0.948242,0.58,TRUE,313.295066
multiplier,13,HU3,HU1,HU,HU,TRUE,TRUE,0.940692,0.76,TRUE,122.074103
multiplier,14,SE2,SE3,SE,SE,TRUE,TRUE,0.901357,0.64,TRUE,750.118279
multiplier,15,PL8,PL6,PL,PL,TRUE,TRUE,0.884465,1,TRUE,323.987556
multiplier,16,PL5,PL4,PL,PL,TRUE,TRUE,0.836632,0.46,TRUE,235.960581
multiplier,17,PL6,PL4,PL,PL,TRUE,TRUE,0.82827,0.66,TRUE,227.626851
multiplier,18,PL7,PL8,PL,PL,TRUE,TRUE,0.82671,0.92,TRUE,231.182737
multiplier,19,PL9,PL8,PL,PL,TRUE,TRUE,0.820763,0.9,TRUE,128.895785
multiplier,20,PL5,PL2,PL,PL,TRUE,TRUE,0.781764,0.26,TRUE,223.22388
multiplier,21,EL3,EL4,EL,EL,TRUE,TRUE,0.780961,0.83,FALSE,326.624355
multiplier,22,PL6,PL2,PL,PL,TRUE,TRUE,0.762966,0.32,FALSE,390.047177
multiplier,23,EL3,EL6,EL,EL,TRUE,TRUE,0.758231,0.19,TRUE,177.185599
multiplier,24,BG4,CZ0,BG,CZ,FALSE,TRUE,0.708872,1,FALSE,1083.619423
multiplier,25,SE1,SE3,SE,SE,TRUE,TRUE,0.701356,0.12,TRUE,525.326297
multiplier,26,EL4,EL5,EL,EL,TRUE,TRUE,0.701303,0,FALSE,645.032891
multiplier,27,EL6,EL3,EL,EL,TRUE,TRUE,0.695564,0,TRUE,177.185599
multiplier,28,HU2,HU1,HU,HU,TRUE,TRUE,0.679734,0.05,TRUE,146.365684
multiplier,29,PL7,PL6,PL,PL,TRUE,TRUE,0.625084,0.06,TRUE,252.351736
multiplier,30,PL9,PL6,PL,PL,TRUE,TRUE,0.624853,0.06,TRUE,196.199126
multiplier,31,SE2,SE1,SE,SE,TRUE,TRUE,0.611749,0.4,TRUE,248.050046
multiplier,32,PL8,PL4,PL,PL,TRUE,TRUE,0.592072,0,FALSE,487.532894
multiplier,33,LV0,RO1,LV,RO,FALSE,FALSE,0.591273,0.81,FALSE,1124.608721
multiplier,34,RO4,RO3,RO,RO,TRUE,TRUE,0.576094,0.62,TRUE,283.468471
multiplier,35,RO1,RO3,RO,RO,TRUE,TRUE,0.559526,0.76,TRUE,313.295066
multiplier,36,EL5,EL4,EL,EL,TRUE,TRUE,0.551273,0,FALSE,645.032891
multiplier,37,PL8,PL2,PL,PL,TRUE,TRUE,0.544692,0,TRUE,273.952059
multiplier,38,RO3,RO4,RO,RO,TRUE,TRUE,0.538775,0.54,TRUE,283.468471
multiplier,39,EL3,EL5,EL,EL,TRUE,TRUE,0.538618,0,FALSE,320.819885
multiplier,40,EL5,EL6,EL,EL,TRUE,TRUE,0.537823,0,TRUE,160.307124
multiplier,41,PL5,PL6,PL,PL,TRUE,TRUE,0.536258,0.86,FALSE,336.00515
multiplier,42,RO1,RO4,RO,RO,TRUE,TRUE,0.519066,0.67,TRUE,193.694272
multiplier,43,SE3,SE1,SE,SE,TRUE,TRUE,0.507548,0.17,TRUE,525.326297
multiplier,44,EL4,EL3,EL,EL,TRUE,TRUE,0.496849,0,TRUE,326.624355
multiplier,45,LV0,LT0,LV,LT,FALSE,TRUE,0.468396,1,TRUE,218.048887
multiplier,46,RO2,RO3,RO,RO,TRUE,TRUE,0.467718,0.23,TRUE,198.728438
multiplier,47,EE0,RO1,EE,RO,FALSE,FALSE,0.465464,0.67,FALSE,1351.008648
multiplier,48,PL7,PL4,PL,PL,TRUE,TRUE,0.41955,0,TRUE,302.85957
multiplier,49,PL9,PL4,PL,PL,TRUE,TRUE,0.419185,0,FALSE,366.336242
multiplier,50,EL6,EL4,EL,EL,TRUE,TRUE,0.393278,0,FALSE,491.069626
multiplier,51,PL9,PL2,PL,PL,TRUE,TRUE,0.385458,0,FALSE,271.171562
multiplier,52,PL7,PL2,PL,PL,TRUE,TRUE,0.385047,0,TRUE,137.876259
multiplier,53,SK0,RO1,SK,RO,FALSE,TRUE,0.374007,0.11,FALSE,432.462503
multiplier,54,RO2,RO4,RO,RO,TRUE,TRUE,0.371541,0,FALSE,365.856824
multiplier,55,IE0,BG4,IE,BG,FALSE,FALSE,0.34397,0.95,FALSE,2690.291229
multiplier,56,SK0,RO4,SK,RO,FALSE,TRUE,0.339807,0.8,FALSE,483.564298
multiplier,57,HU3,HU2,HU,HU,TRUE,TRUE,0.328566,0.3,TRUE,251.970261
multiplier,58,IE0,MT0,IE,MT,FALSE,FALSE,0.32344,0.91,FALSE,2586.988991
multiplier,59,RO3,RO2,RO,RO,TRUE,TRUE,0.322553,0.35,TRUE,198.728438
multiplier,60,PL6,PL9,PL,PL,TRUE,TRUE,0.313651,0.71,TRUE,196.199126
multiplier,61,LT0,RO1,LT,RO,FALSE,FALSE,0.306723,0.13,FALSE,950.467234
multiplier,62,PL6,PL8,PL,PL,TRUE,TRUE,0.298827,0.19,TRUE,323.987556
multiplier,63,RO1,RO2,RO,RO,TRUE,TRUE,0.295993,0.34,TRUE,273.470055
multiplier,64,LT0,PL4,LT,PL,FALSE,FALSE,0.281892,0.02,FALSE,571.680155
multiplier,65,LT0,PL6,LT,PL,FALSE,FALSE,0.271489,0.09,TRUE,349.667292
multiplier,66,FI2,ES6,FI,ES,FALSE,FALSE,0.267937,0.35,FALSE,3017.325414
multiplier,67,LT0,PL2,LT,PL,FALSE,FALSE,0.264193,0.02,FALSE,631.126662
multiplier,68,FI2,ES5,FI,ES,FALSE,FALSE,0.252387,0.34,FALSE,2574.352259
multiplier,69,EE0,LT0,EE,LT,FALSE,TRUE,0.247784,0.41,FALSE,410.223778
multiplier,70,IE0,CZ0,IE,CZ,FALSE,FALSE,0.246822,0,FALSE,1669.455737
multiplier,71,RO4,RO2,RO,RO,TRUE,TRUE,0.242204,0.08,FALSE,365.856824
multiplier,72,HU1,HU2,HU,HU,TRUE,TRUE,0.240752,0.05,TRUE,146.365684
multiplier,73,CZ0,RO1,CZ,RO,FALSE,TRUE,0.236509,0.13,FALSE,690.316705
multiplier,74,CZ0,HU3,CZ,HU,FALSE,TRUE,0.232251,0.12,FALSE,478.067157
multiplier,75,LV0,RO3,LV,RO,FALSE,FALSE,0.229946,0,FALSE,1375.732641
multiplier,76,LV0,RO4,LV,RO,FALSE,FALSE,0.227493,0,FALSE,1306.618291
multiplier,77,PL8,PL9,PL,PL,TRUE,TRUE,0.2246,0,TRUE,128.895785
multiplier,78,LT0,PL8,LT,PL,FALSE,FALSE,0.223305,0.46,TRUE,401.708032
multiplier,79,PL7,PL9,PL,PL,TRUE,TRUE,0.216058,0.13,TRUE,166.943792
multiplier,80,SK0,RO3,SK,RO,FALSE,TRUE,0.214265,0.16,FALSE,729.966658
multiplier,81,CZ0,HU1,CZ,HU,FALSE,TRUE,0.20362,0.42,FALSE,369.316678
multiplier,82,LT0,PL5,LT,PL,FALSE,FALSE,0.192251,0.59,FALSE,665.066444
multiplier,83,DE5,DEC,DE,DE,TRUE,TRUE,0.187367,0.31,FALSE,435.105299
multiplier,84,EE0,RO4,EE,RO,FALSE,FALSE,0.187106,0.09,FALSE,1529.467743
multiplier,85,CZ0,PL4,CZ,PL,FALSE,TRUE,0.187099,0.06,FALSE,354.046089
multiplier,86,EE0,RO3,EE,RO,FALSE,FALSE,0.184627,0,FALSE,1608.178846
multiplier,87,CZ0,PL2,CZ,PL,FALSE,TRUE,0.180135,0.13,TRUE,295.475872
multiplier,88,DE1,DEC,DE,DE,TRUE,TRUE,0.176561,0.4,FALSE,173.17481
multiplier,89,CZ0,RO4,CZ,RO,FALSE,TRUE,0.171469,0.4,FALSE,729.660329
multiplier,90,RO1,LV0,RO,LV,FALSE,FALSE,0.169017,0.33,FALSE,1124.608721
multiplier,91,BG4,RO1,BG,RO,FALSE,TRUE,0.16852,0,FALSE,521.039594
multiplier,92,LT0,RO4,LT,RO,FALSE,FALSE,0.166616,0.13,FALSE,1123.937807
multiplier,93,LU0,SE2,LU,SE,FALSE,FALSE,0.166105,0.3,FALSE,987.494965
multiplier,94,CZ0,PL6,CZ,PL,FALSE,TRUE,0.164811,0.25,FALSE,488.312324
multiplier,95,BG4,HU3,BG,HU,FALSE,TRUE,0.164137,0,FALSE,629.844959
multiplier,96,EE0,LV0,EE,LV,FALSE,TRUE,0.163282,0.32,TRUE,234.25381
multiplier,97,PL5,PL9,PL,PL,TRUE,TRUE,0.160242,0.06,FALSE,342.113598
multiplier,98,LV0,RO2,LV,RO,FALSE,FALSE,0.160174,0,FALSE,1202.164156
multiplier,99,LT0,RO3,LT,RO,FALSE,FALSE,0.157697,0.09,FALSE,1222.863634
multiplier,100,LT0,RO2,LT,RO,FALSE,FALSE,0.15528,0.27,FALSE,1063.781061
multiplier,101,PT3,HU3,PT,HU,FALSE,FALSE,0.153165,0.21,FALSE,3543.953355
multiplier,102,PL5,PL8,PL,PL,TRUE,TRUE,0.148921,0.01,FALSE,418.708428
multiplier,103,DE5,DE1,DE,DE,TRUE,TRUE,0.147845,0.25,FALSE,494.979708
multiplier,104,DEB,SE2,DE,SE,FALSE,FALSE,0.144245,0.18,FALSE,934.929325
multiplier,105,BG4,HU1,BG,HU,FALSE,TRUE,0.143879,0,FALSE,717.63208
multiplier,106,NL1,PL4,NL,PL,FALSE,FALSE,0.141903,0.24,FALSE,648.875256
multiplier,107,SK0,RO2,SK,RO,FALSE,TRUE,0.141414,0.23,FALSE,700.264976
multiplier,108,EE0,RO2,EE,RO,FALSE,FALSE,0.139558,0.11,FALSE,1436.074733
multiplier,109,DEC,PL4,DE,PL,FALSE,FALSE,0.139188,0.16,FALSE,736.290815
multiplier,110,SK0,LT0,SK,LT,FALSE,FALSE,0.136845,0.3,FALSE,808.543308
multiplier,111,DE5,SE2,DE,SE,FALSE,FALSE,0.136381,0.19,FALSE,577.339558
multiplier,112,CZ0,RO3,CZ,RO,FALSE,TRUE,0.135507,0.17,FALSE,986.060955
multiplier,113,BG4,PL4,BG,PL,FALSE,TRUE,0.133442,0,FALSE,1363.031766
multiplier,114,LT0,LV0,LT,LV,FALSE,TRUE,0.132884,0.3,TRUE,218.048887
multiplier,115,NL1,PL2,NL,PL,FALSE,FALSE,0.132361,0.16,FALSE,991.52237
multiplier,116,LV0,PL4,LV,PL,FALSE,FALSE,0.131429,0,FALSE,773.735807
multiplier,117,DE8,DEF,DE,DE,TRUE,TRUE,0.131389,0.3,TRUE,167.705845
multiplier,118,DEC,PL2,DE,PL,FALSE,FALSE,0.129193,0.16,FALSE,924.444629
multiplier,119,DE1,SE2,DE,SE,FALSE,FALSE,0.129003,0.2,FALSE,1015.72616
multiplier,120,BG4,PL2,BG,PL,FALSE,TRUE,0.128362,0,FALSE,960.964258
multiplier,121,CZ0,PL8,CZ,PL,FALSE,TRUE,0.126365,0.12,FALSE,542.918136
multiplier,122,LV0,PL6,LV,PL,FALSE,FALSE,0.126339,0.01,FALSE,560.008227
multiplier,123,LU0,RO1,LU,RO,FALSE,FALSE,0.125037,0.18,FALSE,1356.218749
multiplier,124,BG3,RO1,BG,RO,FALSE,TRUE,0.12323,0.18,FALSE,391.174946
multiplier,125,LV0,PL2,LV,PL,FALSE,FALSE,0.122664,0,FALSE,844.370837
multiplier,126,BG3,PL4,BG,PL,FALSE,TRUE,0.121921,0.13,FALSE,1266.567166
multiplier,127,PT3,RO1,PT,RO,FALSE,FALSE,0.121233,0.26,FALSE,3757.92325
multiplier,128,BG4,RO4,BG,RO,FALSE,TRUE,0.12078,0,FALSE,372.255907
multiplier,129,BG4,PL6,BG,PL,FALSE,TRUE,0.117344,0,FALSE,1339.561295
multiplier,130,RO2,LV0,RO,LV,FALSE,FALSE,0.116363,0,FALSE,1202.164156
multiplier,131,CY0,EL3,CY,EL,FALSE,TRUE,0.116256,0.34,FALSE,930.173915
multiplier,132,CY0,EL6,CY,EL,FALSE,TRUE,0.115643,0.26,FALSE,1087.125973
multiplier,133,CZ0,HU2,CZ,HU,FALSE,TRUE,0.115485,0.26,FALSE,351.620454
multiplier,134,DE4,DED,DE,DE,TRUE,TRUE,0.11475,0.23,TRUE,183.271954
multiplier,135,DEC,SE2,DE,SE,FALSE,FALSE,0.114448,0.22,FALSE,1001.099549
multiplier,136,DE1,PL2,DE,PL,FALSE,FALSE,0.114132,0.11,FALSE,791.712302
multiplier,137,CY0,EL5,CY,EL,FALSE,TRUE,0.113923,0.24,FALSE,1171.855284
multiplier,138,DE1,PL4,DE,PL,FALSE,FALSE,0.113401,0.05,FALSE,673.133485
multiplier,139,CZ0,RO2,CZ,RO,FALSE,TRUE,0.113392,0.28,FALSE,956.478764
multiplier,140,BG3,PL2,BG,PL,FALSE,TRUE,0.112401,0.09,FALSE,856.281502
multiplier,141,RO4,LV0,RO,LV,FALSE,FALSE,0.111613,0,FALSE,1306.618291
multiplier,142,DEC,PL6,DE,PL,FALSE,FALSE,0.111263,0.35,FALSE,961.930168
multiplier,143,SI0,RO1,SI,RO,FALSE,TRUE,0.110575,0.3,FALSE,714.83075
multiplier,144,RO1,LT0,RO,LT,FALSE,FALSE,0.1105,0,FALSE,950.467234
multiplier,145,RO3,LV0,RO,LV,FALSE,FALSE,0.110357,0,FALSE,1375.732641
multiplier,146,LU0,SE1,LU,SE,FALSE,FALSE,0.110047,0.39,FALSE,1233.749162
multiplier,147,FRF,FRC,FR,FR,TRUE,TRUE,0.10569,0.26,TRUE,174.592101
multiplier,148,BG3,PL6,BG,PL,FALSE,TRUE,0.104551,0.22,FALSE,1223.323043
multiplier,149,PT3,HU1,PT,HU,FALSE,FALSE,0.104344,0.12,FALSE,3435.471318
multiplier,150,DEB,SE3,DE,SE,FALSE,FALSE,0.102877,0.13,FALSE,1647.891445
multiplier,151,MT0,PL2,MT,PL,FALSE,FALSE,0.102224,0.28,FALSE,1624.38594
multiplier,152,ES4,ES6,ES,ES,TRUE,TRUE,0.102178,0.16,TRUE,340.318342
multiplier,153,BE2,SE2,BE,SE,FALSE,FALSE,0.10102,0.16,FALSE,953.898334
multiplier,154,DE9,DE1,DE,DE,TRUE,TRUE,0.100599,0.25,FALSE,437.069996
multiplier,155,LV0,PL8,LV,PL,FALSE,FALSE,0.099995,0,FALSE,599.141551
multiplier,156,SK0,LV0,SK,LV,FALSE,FALSE,0.099019,0.21,FALSE,1021.591072
multiplier,157,NL1,EL6,NL,EL,FALSE,FALSE,0.098053,0.19,FALSE,1956.085965
multiplier,158,LU0,SE3,LU,SE,FALSE,FALSE,0.097797,0.12,FALSE,1685.676511
multiplier,159,ES1,ES2,ES,ES,TRUE,TRUE,0.097088,0.17,TRUE,373.518298
multiplier,160,BG4,RO3,BG,RO,FALSE,TRUE,0.096512,0,FALSE,297.139505
multiplier,161,DE5,SE3,DE,SE,FALSE,FALSE,0.096333,0.18,FALSE,1279.241437
multiplier,162,DE1,PL6,DE,PL,FALSE,FALSE,0.095556,0.13,FALSE,888.490979
multiplier,163,FRM,FRK,FR,FR,TRUE,TRUE,0.095196,0.19,FALSE,515.884543
multiplier,164,DEE,SE2,DE,SE,FALSE,FALSE,0.09498,0.13,FALSE,607.873769
multiplier,165,NL1,EL5,NL,EL,FALSE,FALSE,0.094872,0.24,FALSE,1810.732596
multiplier,166,ES4,ES5,ES,ES,TRUE,TRUE,0.094441,0.18,TRUE,748.179327
multiplier,167,PT3,HU2,PT,HU,FALSE,FALSE,0.094008,0.42,FALSE,3292.881422
multiplier,168,DK0,SE2,DK,SE,FALSE,TRUE,0.093959,0.17,FALSE,329.757518
multiplier,169,MT0,PL4,MT,PL,FALSE,FALSE,0.093955,0.09,FALSE,1876.792984
multiplier,170,DE1,SE3,DE,SE,FALSE,FALSE,0.093919,0.17,FALSE,1752.997218
multiplier,171,FRD,SE2,FR,SE,FALSE,FALSE,0.092401,0.14,FALSE,1317.059011
multiplier,172,ES3,EL5,ES,EL,FALSE,TRUE,0.092284,0.16,FALSE,2172.424978
multiplier,173,EE0,PL4,EE,PL,FALSE,FALSE,0.091701,0,FALSE,886.226651
multiplier,174,ES2,EL3,ES,EL,FALSE,TRUE,0.091547,0.17,FALSE,2113.242815
multiplier,175,FI1,PL4,FI,PL,FALSE,FALSE,0.091285,0.12,FALSE,1466.766574
multiplier,176,ES1,ES4,ES,ES,TRUE,TRUE,0.091201,0.14,TRUE,337.352889
multiplier,177,DE5,PL4,DE,PL,FALSE,FALSE,0.09091,0.02,FALSE,473.33633
multiplier,178,ES2,EL5,ES,EL,FALSE,TRUE,0.090369,0.13,FALSE,1890.58136
multiplier,179,NL1,EL3,NL,EL,FALSE,FALSE,0.090273,0.2,FALSE,2129.550074
multiplier,180,BG4,PL8,BG,PL,FALSE,TRUE,0.090069,0,FALSE,1079.208526
multiplier,181,NL1,PL6,NL,PL,FALSE,FALSE,0.089786,0.26,FALSE,861.00269
multiplier,182,HU3,PL2,HU,PL,FALSE,TRUE,0.089376,0.06,FALSE,337.179653
multiplier,183,DE9,SE2,DE,SE,FALSE,FALSE,0.089365,0.12,FALSE,625.565235
multiplier,184,IE0,HU3,IE,HU,FALSE,FALSE,0.089204,0.04,FALSE,2140.332516
multiplier,185,ES1,ES6,ES,ES,TRUE,TRUE,0.088827,0.18,FALSE,634.775979
multiplier,186,FI1,PL2,FI,PL,FALSE,FALSE,0.088797,0.1,FALSE,1685.232642
multiplier,187,DE5,PL2,DE,PL,FALSE,FALSE,0.088445,0.05,FALSE,827.163274
multiplier,188,DE6,PL4,DE,PL,FALSE,FALSE,0.087807,0.11,FALSE,397.777578
multiplier,189,BE3,SE2,BE,SE,FALSE,FALSE,0.087347,0.16,FALSE,989.060125
multiplier,190,NL3,SE2,NL,SE,FALSE,FALSE,0.087287,0.2,FALSE,949.671726
multiplier,191,ES6,EL5,ES,EL,FALSE,TRUE,0.086724,0.12,FALSE,2249.02981
multiplier,192,DE9,PL4,DE,PL,FALSE,FALSE,0.085954,0.03,FALSE,477.178817
multiplier,193,DE6,PL2,DE,PL,FALSE,FALSE,0.085833,0.12,FALSE,774.837068
multiplier,194,ES3,EL3,ES,EL,FALSE,TRUE,0.085486,0.11,FALSE,2381.976999
multiplier,195,ES3,ES4,ES,ES,TRUE,TRUE,0.085216,0.18,TRUE,156.263198
multiplier,196,NL1,EL4,NL,EL,FALSE,FALSE,0.085131,0.33,FALSE,2445.455109
multiplier,197,FRM,ES6,FR,ES,FALSE,FALSE,0.08513,0.13,FALSE,1212.737309
multiplier,198,SI0,PL2,SI,PL,FALSE,TRUE,0.085106,0.2,FALSE,585.639737
multiplier,199,CY0,PL4,CY,PL,FALSE,FALSE,0.08485,0.09,FALSE,2391.344128
multiplier,200,ITC,PL4,IT,PL,FALSE,FALSE,0.084493,0.08,FALSE,997.974761
multiplier,201,DE9,PL6,DE,PL,FALSE,FALSE,0.084399,0.12,FALSE,696.792654
multiplier,202,LV0,PL5,LV,PL,FALSE,FALSE,0.084376,0,FALSE,882.319917
multiplier,203,DEB,SE1,DE,SE,FALSE,FALSE,0.084298,0.26,FALSE,1182.589581
multiplier,204,ES1,ES5,ES,ES,TRUE,TRUE,0.084129,0.12,FALSE,769.04876
multiplier,205,SI0,PL4,SI,PL,FALSE,TRUE,0.084033,0.09,FALSE,758.602279
multiplier,206,ITC,PL2,IT,PL,FALSE,FALSE,0.083999,0.07,FALSE,982.466745
multiplier,207,DE4,DEG,DE,DE,TRUE,TRUE,0.083988,0.15,FALSE,200.602557
multiplier,208,FR1,SE2,FR,SE,FALSE,FALSE,0.08289,0.22,FALSE,1232.360502
multiplier,209,CY0,EL4,CY,EL,FALSE,TRUE,0.082726,0.19,TRUE,801.427347
multiplier,210,CY0,PL2,CY,PL,FALSE,FALSE,0.082661,0.06,FALSE,1977.705168
multiplier,211,ES2,EL6,ES,EL,FALSE,TRUE,0.082573,0.08,FALSE,1955.034585
multiplier,212,EE0,PL2,EE,PL,FALSE,FALSE,0.082327,0,FALSE,1035.980239
multiplier,213,EE0,PL6,EE,PL,FALSE,FALSE,0.082278,0.02,FALSE,701.619705
multiplier,214,BG3,PL8,BG,PL,FALSE,TRUE,0.08225,0.18,FALSE,947.856459
multiplier,215,AT3,RO1,AT,RO,FALSE,FALSE,0.081906,0.11,FALSE,799.797954
multiplier,216,ES6,EL3,ES,EL,FALSE,TRUE,0.081658,0.08,FALSE,2422.335299
multiplier,217,BG4,HU2,BG,HU,FALSE,TRUE,0.08155,0,FALSE,754.409878
multiplier,218,DEG,SE2,DE,SE,FALSE,FALSE,0.081442,0.15,FALSE,732.810342
multiplier,219,AT2,RO1,AT,RO,FALSE,FALSE,0.08123,0.12,FALSE,673.866225
multiplier,220,ES3,EL6,ES,EL,FALSE,TRUE,0.080837,0.14,FALSE,2228.754208
multiplier,221,DE9,PL2,DE,PL,FALSE,FALSE,0.08078,0.05,FALSE,809.742937
multiplier,222,BG4,RO2,BG,RO,FALSE,TRUE,0.080636,0,FALSE,495.688785
multiplier,223,IE0,RO1,IE,RO,FALSE,FALSE,0.080454,0,FALSE,2359.374252
multiplier,224,FRL,SE2,FR,SE,FALSE,FALSE,0.080346,0.16,FALSE,1569.670275
multiplier,225,ES5,EL5,ES,EL,FALSE,TRUE,0.079975,0.13,FALSE,1612.825741
multiplier,226,DE1,SE1,DE,SE,FALSE,FALSE,0.079779,0.19,FALSE,1262.433017
multiplier,227,ES6,EL6,ES,EL,FALSE,TRUE,0.079705,0.1,FALSE,2283.07873
multiplier,228,IE0,PL2,IE,PL,FALSE,FALSE,0.079476,0,FALSE,1923.933597
multiplier,229,PT1,EL6,PT,EL,FALSE,TRUE,0.079125,0.14,FALSE,2634.564489
multiplier,230,IE0,PL4,IE,PL,FALSE,FALSE,0.078772,0,FALSE,1574.049633
multiplier,231,BG3,LV0,BG,LV,FALSE,FALSE,0.07868,0.38,FALSE,1494.919851
multiplier,232,FRH,FRI,FR,FR,TRUE,TRUE,0.078636,0.26,FALSE,425.888944
multiplier,233,AT3,PL4,AT,PL,FALSE,FALSE,0.077983,0.07,FALSE,607.481004
multiplier,234,ES5,ES6,ES,ES,TRUE,TRUE,0.077806,0.19,TRUE,639.188009
multiplier,235,AT3,PL2,AT,PL,FALSE,FALSE,0.077509,0.12,FALSE,540.272453
multiplier,236,DK0,PL4,DK,PL,FALSE,FALSE,0.077283,0.05,FALSE,563.023183
multiplier,237,NL3,PL4,NL,PL,FALSE,FALSE,0.077159,0.14,FALSE,844.859983
multiplier,238,DED,SE2,DE,SE,FALSE,FALSE,0.07714,0.11,FALSE,706.69228
multiplier,239,ITH,SE2,IT,SE,FALSE,FALSE,0.077093,0.19,FALSE,1324.431998
multiplier,240,DEC,SE1,DE,SE,FALSE,FALSE,0.077028,0.25,FALSE,1248.846603
multiplier,241,DEE,PL4,DE,PL,FALSE,FALSE,0.076993,0.05,FALSE,302.80399
multiplier,242,DEA,PL4,DE,PL,FALSE,FALSE,0.076939,0.06,FALSE,591.597377
multiplier,243,FRG,PL4,FR,PL,FALSE,FALSE,0.076658,0.08,FALSE,1351.296257
multiplier,244,FR1,PL4,FR,PL,FALSE,FALSE,0.076504,0.08,FALSE,1047.418325
multiplier,245,ES5,EL3,ES,EL,FALSE,TRUE,0.076501,0.12,FALSE,1799.955678
multiplier,246,DEC,SE3,DE,SE,FALSE,FALSE,0.076487,0.16,FALSE,1714.340086
multiplier,247,DE5,SE1,DE,SE,FALSE,FALSE,0.076261,0.1,FALSE,822.418861
multiplier,248,AT1,PL4,AT,PL,FALSE,FALSE,0.076235,0.13,FALSE,562.258954
multiplier,249,RO2,LT0,RO,LT,FALSE,FALSE,0.076226,0,FALSE,1063.781061
multiplier,250,ES5,ES4,ES,ES,TRUE,TRUE,0.0762,0.2,TRUE,748.179327
multiplier,251,FI1,PL6,FI,PL,FALSE,FALSE,0.075979,0.25,FALSE,1323.09768
multiplier,252,FRK,PL4,FR,PL,FALSE,FALSE,0.07583,0.09,FALSE,1158.84239
multiplier,253,PT1,EL5,PT,EL,FALSE,TRUE,0.075769,0.16,FALSE,2581.365222
multiplier,254,BE3,PL4,BE,PL,FALSE,FALSE,0.075719,0.07,FALSE,800.344442
multiplier,255,FRK,PL2,FR,PL,FALSE,FALSE,0.07545,0.06,FALSE,1238.996054
multiplier,256,PL9,PL7,PL,PL,TRUE,TRUE,0.075433,0.12,TRUE,166.943792
multiplier,257,FR1,PL2,FR,PL,FALSE,FALSE,0.075367,0.15,FALSE,1256.522176
multiplier,258,FRG,PL2,FR,PL,FALSE,FALSE,0.07536,0.09,FALSE,1555.009177
multiplier,259,PT3,RO3,PT,RO,FALSE,FALSE,0.075186,0.28,FALSE,3909.248284
multiplier,260,HU3,PL4,HU,PL,FALSE,TRUE,0.075069,0.02,FALSE,733.19288100000006
multiplier,261,FRE,PL4,FR,PL,FALSE,FALSE,0.075064,0.09,FALSE,956.588068
multiplier,262,PT1,EL3,PT,EL,FALSE,TRUE,0.074802,0.14,FALSE,2785.23618
multiplier,263,DE2,SE2,DE,SE,FALSE,FALSE,0.074764,0.07,FALSE,941.335608
multiplier,264,BE1,SE2,BE,SE,FALSE,FALSE,0.074728,0.11,FALSE,962.393684
multiplier,265,FRC,PL4,FR,PL,FALSE,FALSE,0.074718,0.08,FALSE,996.561135
multiplier,266,DEA,PL2,DE,PL,FALSE,FALSE,0.074609,0.06,FALSE,870.95347
multiplier,267,ITC,SE2,IT,SE,FALSE,FALSE,0.074417,0.14,FALSE,1389.54726
multiplier,268,LT0,PL9,LT,PL,FALSE,FALSE,0.074335,0,FALSE,360.191225
multiplier,269,DEE,PL2,DE,PL,FALSE,FALSE,0.074273,0.1,FALSE,603.293465
multiplier,270,RO4,LT0,RO,LT,FALSE,FALSE,0.073897,0,FALSE,1123.937807
multiplier,271,DK0,PL2,DK,PL,FALSE,FALSE,0.073767,0.07,FALSE,975.987933
multiplier,272,BG3,RO3,BG,RO,FALSE,TRUE,0.073732,0.28,TRUE,141.736789
multiplier,273,ES2,EL4,ES,EL,FALSE,TRUE,0.073612,0.13,FALSE,2325.6381
multiplier,274,AT1,PL2,AT,PL,FALSE,FALSE,0.073609,0.12,FALSE,379.550256
multiplier,275,FI1,SE2,FI,SE,FALSE,TRUE,0.07315,0.16,FALSE,1092.713142
multiplier,276,NL3,PL2,NL,PL,FALSE,FALSE,0.07314,0.07,FALSE,1133.080368
multiplier,277,FRH,SE2,FR,SE,FALSE,FALSE,0.072992,0.12,FALSE,1528.266108
multiplier,278,CZ0,PL7,CZ,PL,FALSE,TRUE,0.072791,0.33,FALSE,320.327581
multiplier,279,DE5,PL6,DE,PL,FALSE,FALSE,0.072788,0.11,FALSE,685.849023
multiplier,280,ES4,EL3,ES,EL,FALSE,TRUE,0.072676,0.12,FALSE,2537.23537
multiplier,281,DEC,PL8,DE,PL,FALSE,FALSE,0.072371,0.26,FALSE,1144.458807
multiplier,282,DE7,PL4,DE,PL,FALSE,FALSE,0.072301,0.08,FALSE,537.163156
multiplier,283,AT1,RO1,AT,RO,FALSE,FALSE,0.072253,0.11,FALSE,615.971757
multiplier,284,HU1,PL2,HU,PL,FALSE,TRUE,0.072209,0.01,FALSE,298.264619
multiplier,285,FRE,PL2,FR,PL,FALSE,FALSE,0.072125,0.07,FALSE,1202.968861
multiplier,286,ES5,EL6,ES,EL,FALSE,TRUE,0.072043,0.08,FALSE,1653.955221
multiplier,287,LU0,RO3,LU,RO,FALSE,FALSE,0.072032,0.22,FALSE,1625.686775
multiplier,288,PT2,PL4,PT,PL,FALSE,FALSE,0.072018,0.05,FALSE,3558.153387
multiplier,289,NL2,EL6,NL,EL,FALSE,FALSE,0.072009,0.1,FALSE,1901.695661
multiplier,290,DE7,SE2,DE,SE,FALSE,FALSE,0.071903,0.1,FALSE,817.402162
multiplier,291,DE9,PL8,DE,PL,FALSE,FALSE,0.071842,0.18,FALSE,956.18125
multiplier,292,FRC,PL2,FR,PL,FALSE,FALSE,0.071799,0.06,FALSE,1130.623836
multiplier,293,DE8,SE2,DE,SE,FALSE,FALSE,0.071789,0.16,FALSE,390.681502
multiplier,294,CY0,SE2,CY,SE,FALSE,FALSE,0.071649,0.16,FALSE,2823.761177
multiplier,295,BE2,SE3,BE,SE,FALSE,FALSE,0.0711,0.11,FALSE,1605.04311
multiplier,296,ES4,EL5,ES,EL,FALSE,TRUE,0.070668,0.05,FALSE,2328.680474
multiplier,297,DEG,PL4,DE,PL,FALSE,FALSE,0.070618,0.06,FALSE,388.671902
multiplier,298,SI0,HU3,SI,HU,FALSE,TRUE,0.070413,0.26,FALSE,495.536887
multiplier,299,FR1,RO1,FR,RO,FALSE,FALSE,0.070375,0.14,FALSE,1606.987957
multiplier,300,BE3,PL2,BE,PL,FALSE,FALSE,0.070325,0.06,FALSE,1039.908529
multiplier,301,DE7,PL2,DE,PL,FALSE,FALSE,0.070176,0.09,FALSE,761.950568
multiplier,302,HU2,PL2,HU,PL,FALSE,TRUE,0.070088,0.02,FALSE,397.039168
multiplier,303,ES6,ES5,ES,ES,TRUE,TRUE,0.070069,0.17,TRUE,639.188009
multiplier,304,DEA,SE2,DE,SE,FALSE,FALSE,0.070011,0.08,FALSE,782.244205
multiplier,305,DE1,PL8,DE,PL,FALSE,FALSE,0.069969,0.17,FALSE,1030.464239
multiplier,306,DEG,PL2,DE,PL,FALSE,FALSE,0.06982,0.08,FALSE,608.505305
multiplier,307,ITG,EL5,IT,EL,FALSE,TRUE,0.069766,0.21,FALSE,773.913735
multiplier,308,PT2,PL2,PT,PL,FALSE,FALSE,0.069662,0.05,FALSE,3788.781098
multiplier,309,DK0,SE3,DK,SE,FALSE,TRUE,0.069601,0.17,FALSE,943.28178
multiplier,310,ES1,EL5,ES,EL,FALSE,TRUE,0.069473,0.07,FALSE,2216.739748
multiplier,311,SI0,SE2,SI,SE,FALSE,FALSE,0.069433,0.21,FALSE,1232.13653
multiplier,312,MT0,SE2,MT,SE,FALSE,FALSE,0.069209,0.13,FALSE,2351.166722
multiplier,313,FRL,PL4,FR,PL,FALSE,FALSE,0.068814,0.09,FALSE,1217.680948
multiplier,314,ITG,EL6,IT,EL,FALSE,TRUE,0.068782,0.22,FALSE,753.034831
multiplier,315,RO3,LT0,RO,LT,FALSE,FALSE,0.068777,0,FALSE,1222.863634
multiplier,316,ITC,PL6,IT,PL,FALSE,FALSE,0.068722,0.13,FALSE,1189.217931
multiplier,317,DEE,SE3,DE,SE,FALSE,FALSE,0.068705,0.16,FALSE,1353.882712
multiplier,318,ITH,PL4,IT,PL,FALSE,FALSE,0.068643,0.05,FALSE,888.821768
multiplier,319,AT2,SE2,AT,SE,FALSE,FALSE,0.068568,0.09,FALSE,1131.512685
multiplier,320,NL2,EL3,NL,EL,FALSE,FALSE,0.068335,0.14,FALSE,2076.092452
multiplier,321,DE8,DEG,DE,DE,TRUE,TRUE,0.06829,0.24,FALSE,342.415337
multiplier,322,FI2,EL6,FI,EL,FALSE,FALSE,0.068275,0.05,FALSE,2345.682588
multiplier,323,LU0,RO4,LU,RO,FALSE,FALSE,0.068142,0.17,FALSE,1347.151629
multiplier,324,DE2,PL4,DE,PL,FALSE,FALSE,0.068092,0.03,FALSE,523.076361
multiplier,325,FRB,SE2,FR,SE,FALSE,FALSE,0.068015,0.09,FALSE,1368.110642
multiplier,326,ES4,EL6,ES,EL,FALSE,TRUE,0.067842,0.03,FALSE,2384.56767
multiplier,327,SI0,RO3,SI,RO,FALSE,TRUE,0.067816,0.34,FALSE,924.148312
multiplier,328,NL2,EL5,NL,EL,FALSE,FALSE,0.067697,0.09,FALSE,1758.459117
multiplier,329,ES6,ES4,ES,ES,TRUE,TRUE,0.067631,0.14,TRUE,340.318342
multiplier,330,ES1,EL6,ES,EL,FALSE,TRUE,0.067479,0.04,FALSE,2292.997137
multiplier,331,NL4,PL4,NL,PL,FALSE,FALSE,0.067464,0.01,FALSE,719.061614
multiplier,332,ES3,EL4,ES,EL,FALSE,TRUE,0.067417,0.04,FALSE,2578.34729
multiplier,333,FI2,ITG,FI,IT,FALSE,FALSE,0.067231,0.09,FALSE,2550.149271
multiplier,334,PT1,PL4,PT,PL,FALSE,FALSE,0.067008,0.03,FALSE,2372.28668
multiplier,335,ES3,ES5,ES,ES,TRUE,TRUE,0.066978,0.12,FALSE,598.200229
multiplier,336,DE4,PL4,DE,PL,FALSE,FALSE,0.066962,0.03,TRUE,221.512136
multiplier,337,NL4,PL2,NL,PL,FALSE,FALSE,0.066961,0.06,FALSE,1001.257549
multiplier,338,FI2,EL5,FI,EL,FALSE,FALSE,0.066827,0.01,FALSE,2186.193232
multiplier,339,ITG,PL4,IT,PL,FALSE,FALSE,0.066778,0.06,FALSE,1709.142273
multiplier,340,ITH,PL2,IT,PL,FALSE,FALSE,0.06671,0.05,FALSE,805.298202
multiplier,341,FRL,PL2,FR,PL,FALSE,FALSE,0.066489,0.07,FALSE,1235.678911
multiplier,342,CY0,PL6,CY,PL,FALSE,FALSE,0.066483,0.13,FALSE,2317.981825
multiplier,343,DED,PL4,DE,PL,FALSE,FALSE,0.066458,0.05,TRUE,278.910906
multiplier,344,LU0,PL4,LU,PL,FALSE,FALSE,0.066167,0.07,FALSE,761.878235
multiplier,345,FRI,PL4,FR,PL,FALSE,FALSE,0.066141,0.06,FALSE,1422.163488
multiplier,346,SI0,EL6,SI,EL,FALSE,FALSE,0.06582,0.22,FALSE,988.835132
multiplier,347,DE2,PL2,DE,PL,FALSE,FALSE,0.065803,0.03,FALSE,573.508752
multiplier,348,BE3,SE3,BE,SE,FALSE,FALSE,0.065769,0.2,FALSE,1669.927494
multiplier,349,FRD,SE3,FR,SE,FALSE,FALSE,0.06575,0.12,FALSE,1930.576702
multiplier,350,FRC,EL6,FR,EL,FALSE,FALSE,0.065641,0.15,FALSE,1656.195114
multiplier,351,BE2,RO1,BE,RO,FALSE,FALSE,0.065629,0.08,FALSE,1511.800588
multiplier,352,ES1,EL3,ES,EL,FALSE,TRUE,0.065619,0.05,FALSE,2456.385674
multiplier,353,AT3,SE2,AT,SE,FALSE,FALSE,0.065428,0.13,FALSE,1061.975763
multiplier,354,FRH,PL4,FR,PL,FALSE,FALSE,0.065326,0.06,FALSE,1417.876961
multiplier,355,ITC,HU3,IT,HU,FALSE,FALSE,0.06525,0.12,FALSE,952.088231
multiplier,356,FRH,EL6,FR,EL,FALSE,FALSE,0.06519,0.18,FALSE,2229.014294
multiplier,357,ES6,EL4,ES,EL,FALSE,TRUE,0.065083,0.08,FALSE,2582.535865
multiplier,358,PT1,PL2,PT,PL,FALSE,FALSE,0.064959,0.07,FALSE,2499.341932
multiplier,359,DE4,PL2,DE,PL,FALSE,FALSE,0.06478,0.06,FALSE,559.37168
multiplier,360,ITG,PL2,IT,PL,FALSE,FALSE,0.064699,0.1,FALSE,1469.165062
multiplier,361,IE0,HU1,IE,HU,FALSE,FALSE,0.064613,0,FALSE,2022.493501
multiplier,362,DEE,PL6,DE,PL,FALSE,FALSE,0.064612,0.07,FALSE,530.371717
multiplier,363,SK0,EE0,SK,EE,FALSE,FALSE,0.06454,0.24,FALSE,1212.76841
multiplier,364,DEF,DE4,DE,DE,TRUE,TRUE,0.064222,0.17,FALSE,260.036241
multiplier,365,FRC,EL3,FR,EL,FALSE,FALSE,0.064188,0.16,FALSE,1832.59165
multiplier,366,AT3,PL6,AT,PL,FALSE,FALSE,0.064064,0.12,FALSE,769.615683
multiplier,367,NL4,EL3,NL,EL,FALSE,FALSE,0.064045,0.1,FALSE,2031.869663
multiplier,368,FRK,SE2,FR,SE,FALSE,FALSE,0.064019,0.1,FALSE,1466.016315
multiplier,369,DEF,PL4,DE,PL,FALSE,FALSE,0.063929,0.05,FALSE,417.040832
multiplier,370,SI0,RO4,SI,RO,FALSE,TRUE,0.063887,0.21,FALSE,641.204507
multiplier,371,ITG,EL3,IT,EL,FALSE,TRUE,0.06384,0.12,FALSE,866.347981
multiplier,372,DED,PL2,DE,PL,FALSE,FALSE,0.063832,0.05,FALSE,454.377692
multiplier,373,DE6,SE2,DE,SE,FALSE,FALSE,0.063823,0.07,FALSE,487.992844
multiplier,374,SI0,EL5,SI,EL,FALSE,FALSE,0.06374,0.2,FALSE,849.046302
multiplier,375,FRI,PL2,FR,PL,FALSE,FALSE,0.063454,0.08,FALSE,1551.471772
multiplier,376,NL3,HU3,NL,HU,FALSE,FALSE,0.063413,0.13,FALSE,1321.732155
multiplier,377,EE0,PL5,EE,PL,FALSE,FALSE,0.063251,0.03,FALSE,1037.175373
multiplier,378,FRJ,PL4,FR,PL,FALSE,FALSE,0.063168,0.06,FALSE,1437.244396
multiplier,379,ES5,EL4,ES,EL,FALSE,TRUE,0.063134,0.14,FALSE,1983.782436
multiplier,380,FRH,EL5,FR,EL,FALSE,FALSE,0.063107,0.11,FALSE,2120.007272
multiplier,381,FRG,EL3,FR,EL,FALSE,FALSE,0.063103,0.16,FALSE,2258.891417
multiplier,382,DE6,EL6,DE,EL,FALSE,FALSE,0.063044,0.12,FALSE,1845.277206
multiplier,383,AT2,PL4,AT,PL,FALSE,FALSE,0.063035,0.03,FALSE,654.283741
multiplier,384,DEB,DEA,DE,DE,TRUE,TRUE,0.062797,0.17,TRUE,165.023608
multiplier,385,FRH,EL3,FR,EL,FALSE,FALSE,0.06279,0.13,FALSE,2403.989753
multiplier,386,FI2,EL3,FI,EL,FALSE,FALSE,0.062706,0.01,FALSE,2480.572741
multiplier,387,FRD,PL4,FR,PL,FALSE,FALSE,0.062694,0.05,FALSE,1189.417442
multiplier,388,FI2,ES4,FI,ES,FALSE,FALSE,0.062548,0.03,FALSE,2826.075998
multiplier,389,FRH,PL2,FR,PL,FALSE,FALSE,0.062504,0.07,FALSE,1651.285469
multiplier,390,FRB,FRF,FR,FR,TRUE,TRUE,0.062438,0.13,FALSE,337.482191
multiplier,391,FRC,EL5,FR,EL,FALSE,FALSE,0.062387,0.11,FALSE,1540.615978
multiplier,392,LU0,PL2,LU,PL,FALSE,FALSE,0.062381,0.04,FALSE,979.372626
multiplier,393,FRK,RO1,FR,RO,FALSE,FALSE,0.06226,0.1,FALSE,1484.851484
multiplier,394,NL2,EL4,NL,EL,FALSE,FALSE,0.062197,0.13,FALSE,2389.874772
multiplier,395,FRD,EL5,FR,EL,FALSE,FALSE,0.062159,0.15,FALSE,1951.313081
multiplier,396,NL4,EL5,NL,EL,FALSE,FALSE,0.062141,0.15,FALSE,1717.286184
multiplier,397,DE9,SE3,DE,SE,FALSE,FALSE,0.062087,0.12,FALSE,1334.62058
multiplier,398,DEF,PL2,DE,PL,FALSE,FALSE,0.062038,0.07,FALSE,808.010531
multiplier,399,DE9,DEC,DE,DE,TRUE,TRUE,0.062036,0.17,FALSE,380.37132
multiplier,400,NL4,EL6,NL,EL,FALSE,FALSE,0.061966,0.11,FALSE,1856.041262
multiplier,401,FRG,EL5,FR,EL,FALSE,FALSE,0.061908,0.16,FALSE,1977.98931
multiplier,402,ES3,ES2,ES,ES,TRUE,TRUE,0.061867,0.14,FALSE,299.877193
multiplier,403,DE8,DED,DE,DE,TRUE,TRUE,0.061787,0.22,FALSE,339.991701
multiplier,404,DEF,SE2,DE,SE,FALSE,FALSE,0.061743,0.09,FALSE,444.604613
multiplier,405,PT2,RO1,PT,RO,FALSE,FALSE,0.061664,0.08,FALSE,4098.383984
multiplier,406,DE2,DEG,DE,DE,TRUE,TRUE,0.061654,0.15,TRUE,231.464276
multiplier,407,FRE,RO1,FR,RO,FALSE,FALSE,0.061633,0.08,FALSE,1583.464001
multiplier,408,FRE,EL5,FR,EL,FALSE,FALSE,0.061585,0.18,FALSE,1799.60881
multiplier,409,FI1,PL8,FI,PL,FALSE,FALSE,0.06151,0.2,FALSE,1472.185549
multiplier,410,FRF,EL5,FR,EL,FALSE,FALSE,0.061427,0.11,FALSE,1555.821059
multiplier,411,NL1,RO1,NL,RO,FALSE,FALSE,0.061338,0.03,FALSE,1439.594858
multiplier,412,DEG,DEE,DE,DE,TRUE,TRUE,0.06132,0.23,TRUE,124.982812
multiplier,413,DEF,DE8,DE,DE,TRUE,TRUE,0.061255,0.13,TRUE,167.705845
multiplier,414,FRF,PL4,FR,PL,FALSE,FALSE,0.061228,0.03,FALSE,844.195543
multiplier,415,HU1,PL4,HU,PL,FALSE,TRUE,0.061179,0,FALSE,656.756374
multiplier,416,PT1,SE2,PT,SE,FALSE,FALSE,0.061089,0.09,FALSE,2566.447245
multiplier,417,ITI,SE2,IT,SE,FALSE,FALSE,0.060813,0.08,FALSE,1603.291407
multiplier,418,CZ0,PL9,CZ,PL,FALSE,TRUE,0.060805,0.07,FALSE,484.654395
multiplier,419,PT2,SE2,PT,SE,FALSE,FALSE,0.060801,0.12,FALSE,3592.299402
multiplier,420,NL3,RO1,NL,RO,FALSE,FALSE,0.06062,0.09,FALSE,1544.67574
multiplier,421,DE6,EL5,DE,EL,FALSE,FALSE,0.060604,0.11,FALSE,1692.401151
multiplier,422,DE7,DE4,DE,DE,TRUE,TRUE,0.0606,0.21,FALSE,327.599301
multiplier,423,DEG,DE2,DE,DE,TRUE,TRUE,0.06058,0.26,TRUE,231.464276
multiplier,424,ITH,RO1,IT,RO,FALSE,FALSE,0.060576,0.05,FALSE,961.991182
multiplier,425,AT2,PL2,AT,PL,FALSE,FALSE,0.060561,0.01,FALSE,487.913846
multiplier,426,FRL,EL6,FR,EL,FALSE,FALSE,0.060513,0.15,FALSE,1449.353429
multiplier,427,DE4,SE2,DE,SE,FALSE,FALSE,0.060462,0.06,FALSE,540.188843
multiplier,428,BE2,PL4,BE,PL,FALSE,FALSE,0.060397,0.03,FALSE,827.714486
multiplier,429,FRG,SE2,FR,SE,FALSE,FALSE,0.060304,0.08,FALSE,1508.367982
multiplier,430,FRD,EL6,FR,EL,FALSE,FALSE,0.060177,0.08,FALSE,2068.934061
multiplier,431,NL3,EL6,NL,EL,FALSE,FALSE,0.060176,0.15,FALSE,1959.878813
multiplier,432,FI1,RO1,FI,RO,FALSE,FALSE,0.060093,0.08,FALSE,2012.760417
multiplier,433,DK0,PL6,DK,PL,FALSE,FALSE,0.06005,0.11,FALSE,695.120016
multiplier,434,BE3,RO1,BE,RO,FALSE,FALSE,0.059979,0.06,FALSE,1426.163136
multiplier,435,DE6,HU3,DE,HU,FALSE,FALSE,0.059978,0.12,FALSE,1050.033551
multiplier,436,ITI,EL5,IT,EL,FALSE,TRUE,0.05989,0.1,FALSE,840.490966
multiplier,437,FR1,EL3,FR,EL,FALSE,FALSE,0.059875,0.2,FALSE,2063.543595
multiplier,438,BE2,SE1,BE,SE,FALSE,FALSE,0.059822,0.21,FALSE,1191.288438
multiplier,439,ES7,ES5,ES,ES,TRUE,TRUE,0.059729,0.15,FALSE,2170.691726
multiplier,440,DE6,EL3,DE,EL,FALSE,FALSE,0.059581,0.12,FALSE,2013.198996
multiplier,441,PT3,RO4,PT,RO,FALSE,FALSE,0.059563,0.16,FALSE,3647.233156
multiplier,442,FRE,EL3,FR,EL,FALSE,FALSE,0.059517,0.12,FALSE,2104.061215
multiplier,443,FRL,EL5,FR,EL,FALSE,FALSE,0.059512,0.14,FALSE,1359.10358
multiplier,444,FR1,EL5,FR,EL,FALSE,FALSE,0.059491,0.2,FALSE,1766.950319
multiplier,445,IE0,PL6,IE,PL,FALSE,FALSE,0.059465,0,FALSE,1771.469852
multiplier,446,SI0,EL3,SI,EL,FALSE,FALSE,0.059451,0.17,FALSE,1164.056765
multiplier,447,FRD,PL2,FR,PL,FALSE,FALSE,0.059437,0.05,FALSE,1427.174777
multiplier,448,AT1,PL6,AT,PL,FALSE,FALSE,0.059434,0.1,FALSE,676.064461
multiplier,449,DEB,PL4,DE,PL,FALSE,FALSE,0.059339,0.03,FALSE,682.135399
multiplier,450,FRJ,EL3,FR,EL,FALSE,FALSE,0.059318,0.09,FALSE,1897.315852
multiplier,451,FRF,PL2,FR,PL,FALSE,FALSE,0.059295,0.03,FALSE,1021.865171
multiplier,452,NL2,RO1,NL,RO,FALSE,FALSE,0.059201,0.03,FALSE,1412.287612
multiplier,453,FRF,EL6,FR,EL,FALSE,FALSE,0.059171,0.07,FALSE,1682.688406
multiplier,454,NL1,PL8,NL,PL,FALSE,FALSE,0.059064,0.17,FALSE,1132.898948
multiplier,455,FRC,SE2,FR,SE,FALSE,FALSE,0.059039,0.08,FALSE,1272.113667
multiplier,456,DEG,SE3,DE,SE,FALSE,FALSE,0.059019,0.08,FALSE,1478.682345
multiplier,457,IE0,RO4,IE,RO,FALSE,FALSE,0.058887,0.03,FALSE,2375.038148
multiplier,458,FRE,EL6,FR,EL,FALSE,FALSE,0.058869,0.13,FALSE,1926.877069
multiplier,459,BG3,LT0,BG,LT,FALSE,FALSE,0.058814,0.18,FALSE,1332.780808
multiplier,460,NL3,SE3,NL,SE,FALSE,FALSE,0.058794,0.17,FALSE,1588.620573
multiplier,461,FRI,AT2,FR,AT,FALSE,TRUE,0.058784,0.22,FALSE,1145.658604
multiplier,462,FRF,EL3,FR,EL,FALSE,FALSE,0.058736,0.09,FALSE,1859.872662
multiplier,463,BG3,RO4,BG,RO,FALSE,TRUE,0.058679,0.07,TRUE,283.635772
multiplier,464,ITG,SE2,IT,SE,FALSE,FALSE,0.058658,0.11,FALSE,2181.003362
multiplier,465,FRJ,PL2,FR,PL,FALSE,FALSE,0.058644,0.03,FALSE,1508.698866
multiplier,466,FRE,PL6,FR,PL,FALSE,FALSE,0.05863,0.11,FALSE,1183.50096
multiplier,467,MT0,FR1,MT,FR,FALSE,FALSE,0.058627,0.23,FALSE,1698.081548
multiplier,468,BE1,PL4,BE,PL,FALSE,FALSE,0.058568,0.05,FALSE,823.165212
multiplier,469,SK0,SE2,SK,SE,FALSE,FALSE,0.058556,0.04,FALSE,1001.562684
multiplier,470,HU2,PL4,HU,PL,FALSE,TRUE,0.058539,0,FALSE,687.145429
multiplier,471,ITH,EL5,IT,EL,FALSE,TRUE,0.058536,0.15,FALSE,994.396991
multiplier,472,FR1,SE3,FR,SE,FALSE,FALSE,0.058526,0.2,FALSE,1890.684419
multiplier,473,DE4,DEA,DE,DE,TRUE,TRUE,0.05846,0.12,FALSE,370.185885
multiplier,474,FRE,SE2,FR,SE,FALSE,FALSE,0.058419,0.07,FALSE,1105.25328
multiplier,475,FRF,SE2,FR,SE,FALSE,FALSE,0.05833,0.11,FALSE,1098.622071
multiplier,476,ITH,HU3,IT,HU,FALSE,FALSE,0.05831,0.12,FALSE,744.642032
multiplier,477,DE9,DEG,DE,DE,TRUE,TRUE,0.058296,0.12,TRUE,253.288616
multiplier,478,FRK,PL6,FR,PL,FALSE,FALSE,0.058276,0.07,FALSE,1373.984309
multiplier,479,PT1,EL4,PT,EL,FALSE,TRUE,0.058272,0.13,FALSE,2971.977639
multiplier,480,FRK,EL5,FR,EL,FALSE,FALSE,0.058232,0.13,FALSE,1496.164264
multiplier,481,NL4,SE2,NL,SE,FALSE,FALSE,0.058223,0.04,FALSE,865.146086
multiplier,482,BE2,PL2,BE,PL,FALSE,FALSE,0.05822,0.03,FALSE,1105.414218
multiplier,483,ITI,EL6,IT,EL,FALSE,TRUE,0.058206,0.05,FALSE,931.065585
multiplier,484,FRL,EL3,FR,EL,FALSE,FALSE,0.058157,0.15,FALSE,1619.738851
multiplier,485,NL2,PL4,NL,PL,FALSE,FALSE,0.05813,0.06,FALSE,657.36803
multiplier,486,FI1,SE3,FI,SE,FALSE,TRUE,0.058128,0.15,TRUE,546.575338
multiplier,487,DEC,RO1,DE,RO,FALSE,FALSE,0.057975,0.03,FALSE,1287.535332
multiplier,488,FRD,EL3,FR,EL,FALSE,FALSE,0.057873,0.1,FALSE,2245.485134
multiplier,489,FR1,HU3,FR,HU,FALSE,FALSE,0.05778,0.12,FALSE,1376.829221
multiplier,490,FRG,EL6,FR,EL,FALSE,FALSE,0.057743,0.11,FALSE,2084.443886
multiplier,491,ES4,EL4,ES,EL,FALSE,TRUE,0.05774,0.06,FALSE,2730.976498
multiplier,492,ITI,EL3,IT,EL,FALSE,TRUE,0.057563,0.09,FALSE,1103.029278
multiplier,493,AT1,SE2,AT,SE,FALSE,FALSE,0.057548,0.08,FALSE,1046.650153
multiplier,494,BE1,RO1,BE,RO,FALSE,FALSE,0.057527,0.08,FALSE,1495.607827
multiplier,495,PT2,PL6,PT,PL,FALSE,FALSE,0.057495,0.1,FALSE,3783.09986
multiplier,496,PT2,HU3,PT,HU,FALSE,FALSE,0.057454,0.11,FALSE,3870.059837
multiplier,497,DE8,PL4,DE,PL,FALSE,FALSE,0.057419,0.03,TRUE,252.409746
multiplier,498,FRK,EL6,FR,EL,FALSE,FALSE,0.05739,0.15,FALSE,1596.822129
multiplier,499,FRJ,FRG,FR,FR,TRUE,TRUE,0.05737,0.19,FALSE,496.745254
multiplier,500,FRF,AT2,FR,AT,FALSE,TRUE,0.057317,0.19,FALSE,713.540901
multiplier,501,FRD,FRG,FR,FR,TRUE,TRUE,0.057194,0.19,TRUE,198.067577
multiplier,502,FR1,PL6,FR,PL,FALSE,FALSE,0.056991,0.14,FALSE,1275.012087
multiplier,503,CZ0,LT0,CZ,LT,FALSE,FALSE,0.056966,0.13,FALSE,817.502286
multiplier,504,SI0,PL6,SI,PL,FALSE,TRUE,0.056963,0.14,FALSE,888.175056
multiplier,505,MT0,EL6,MT,EL,FALSE,TRUE,0.056942,0.13,FALSE,788.049907
multiplier,506,CY0,PL8,CY,PL,FALSE,FALSE,0.056887,0.16,FALSE,2010.590327
multiplier,507,PT1,RO1,PT,RO,FALSE,FALSE,0.056855,0.03,FALSE,2725.544197
multiplier,508,FRI,SE2,FR,SE,FALSE,FALSE,0.056819,0.09,FALSE,1660.159118
multiplier,509,NL3,EL3,NL,EL,FALSE,FALSE,0.056763,0.14,FALSE,2136.449829
multiplier,510,FR1,EL6,FR,EL,FALSE,FALSE,0.056732,0.13,FALSE,1886.714093
multiplier,511,FRB,PL2,FR,PL,FALSE,FALSE,0.0567,0.04,FALSE,1357.837312
multiplier,512,ITF,PL4,IT,PL,FALSE,FALSE,0.056673,0.01,FALSE,1393.710518
multiplier,513,FRF,RO1,FR,RO,FALSE,FALSE,0.05662,0.09,FALSE,1367.848703
multiplier,514,FRI,RO1,FR,RO,FALSE,FALSE,0.056479,0.05,FALSE,1817.581933
multiplier,515,FRB,PL4,FR,PL,FALSE,FALSE,0.056467,0.01,FALSE,1171.156348
multiplier,516,DE2,FRB,DE,FR,FALSE,TRUE,0.056455,0.17,FALSE,790.544706
multiplier,517,DE2,DED,DE,DE,TRUE,TRUE,0.056449,0.16,TRUE,246.357949
multiplier,518,FRG,RO1,FR,RO,FALSE,FALSE,0.056433,0.06,FALSE,1885.113242
multiplier,519,DE8,PL2,DE,PL,FALSE,FALSE,0.056402,0.03,FALSE,655.383383
multiplier,520,DEE,PL8,DE,PL,FALSE,FALSE,0.056273,0.09,FALSE,761.376855
multiplier,521,ES5,PL4,ES,PL,FALSE,FALSE,0.056236,0.02,FALSE,1775.283979
multiplier,522,PT2,EL5,PT,EL,FALSE,TRUE,0.056206,0.12,FALSE,4047.021371
multiplier,523,FRK,EL3,FR,EL,FALSE,FALSE,0.056149,0.12,FALSE,1770.155124
multiplier,524,BE1,PL2,BE,PL,FALSE,FALSE,0.056084,0.01,FALSE,1093.307403
multiplier,525,PT3,PL4,PT,PL,FALSE,FALSE,0.05603,0.01,FALSE,3418.53637
multiplier,526,NL2,PL2,NL,PL,FALSE,FALSE,0.056022,0.02,FALSE,976.047647
multiplier,527,PL2,PL6,PL,PL,TRUE,TRUE,0.055948,0.06,FALSE,390.047177
multiplier,528,PT3,PL2,PT,PL,FALSE,FALSE,0.055937,0.07,FALSE,3548.584785
multiplier,529,ITC,RO1,IT,RO,FALSE,FALSE,0.055839,0.06,FALSE,1171.837601
multiplier,530,FRC,HU3,FR,HU,FALSE,FALSE,0.055793,0.08,FALSE,1203.047733
multiplier,531,NL3,EL5,NL,EL,FALSE,FALSE,0.055759,0.08,FALSE,1824.698613
multiplier,532,AT1,EL6,AT,EL,FALSE,FALSE,0.055659,0.14,FALSE,1087.141301
multiplier,533,FRI,EL3,FR,EL,FALSE,FALSE,0.055612,0.17,FALSE,2072.789936
multiplier,534,PT1,HU3,PT,HU,FALSE,FALSE,0.055607,0.11,FALSE,2506.942031
multiplier,535,DEB,PL2,DE,PL,FALSE,FALSE,0.05555,0,FALSE,892.867866
multiplier,536,AT1,EL5,AT,EL,FALSE,FALSE,0.05547,0.13,FALSE,934.466705
multiplier,537,NL4,RO1,NL,RO,FALSE,FALSE,0.055418,0.05,FALSE,1416.040528
multiplier,538,SK0,SE1,SK,SE,FALSE,FALSE,0.055417,0.1,FALSE,1181.333362
multiplier,539,MT0,RO1,MT,RO,FALSE,FALSE,0.055379,0.07,FALSE,1435.713568
multiplier,540,PT3,SE2,PT,SE,FALSE,FALSE,0.055346,0.1,FALSE,3585.821898
multiplier,541,PT2,EL6,PT,EL,FALSE,TRUE,0.055332,0.08,FALSE,4111.757788
multiplier,542,SK0,PL4,SK,PL,FALSE,TRUE,0.05532,0,FALSE,519.175994
multiplier,543,NL3,PL6,NL,PL,FALSE,FALSE,0.055189,0.03,FALSE,1068.077385
multiplier,544,FRJ,EL5,FR,EL,FALSE,FALSE,0.055157,0.08,FALSE,1649.701652
multiplier,545,LT0,SK0,LT,SK,FALSE,FALSE,0.055029,0.17,FALSE,808.543308
multiplier,546,ES5,PL2,ES,PL,FALSE,FALSE,0.054988,0.06,FALSE,1759.03885
multiplier,547,FI1,EL6,FI,EL,FALSE,FALSE,0.054961,0.14,FALSE,2861.464035
multiplier,548,ITI,PL4,IT,PL,FALSE,FALSE,0.054939,0,FALSE,1150.0593
multiplier,549,ES2,ES3,ES,ES,TRUE,TRUE,0.05488,0.19,FALSE,299.877193
multiplier,550,FRE,HU3,FR,HU,FALSE,FALSE,0.054776,0.11,FALSE,1355.433275
multiplier,551,DE6,PL6,DE,PL,FALSE,FALSE,0.054764,0.1,FALSE,601.084453
multiplier,552,ITH,EL6,IT,EL,FALSE,TRUE,0.054758,0.09,FALSE,1114.413979
multiplier,553,MT0,EL5,MT,EL,FALSE,TRUE,0.054749,0.16,FALSE,841.7215
multiplier,554,NL4,PL6,NL,PL,FALSE,FALSE,0.054673,0.04,FALSE,944.155839
multiplier,555,CY0,SE3,CY,SE,FALSE,FALSE,0.05467,0.14,FALSE,3387.000334
multiplier,556,FRG,PL6,FR,PL,FALSE,FALSE,0.05463,0.09,FALSE,1578.923075
multiplier,557,BE3,PL6,BE,PL,FALSE,FALSE,0.054615,0.09,FALSE,1027.86816
multiplier,558,ITC,SE3,IT,SE,FALSE,FALSE,0.054501,0.15,FALSE,2132.751571
multiplier,559,FRC,PL6,FR,PL,FALSE,FALSE,0.05447,0.1,FALSE,1218.566476
multiplier,560,FRJ,EL6,FR,EL,FALSE,FALSE,0.054462000000000003,0.04,FALSE,1730.880095
multiplier,561,ITG,EL4,IT,EL,FALSE,TRUE,0.054424,0.14,FALSE,1012.961352
multiplier,562,NL2,SI0,NL,SI,FALSE,FALSE,0.054421,0.18,FALSE,913.44962
multiplier,563,DE2,SE3,DE,SE,FALSE,FALSE,0.054368,0.05,FALSE,1691.261432
multiplier,564,FRM,ES2,FR,ES,FALSE,FALSE,0.054318,0.11,FALSE,807.635573
multiplier,565,FRJ,ES2,FR,ES,FALSE,FALSE,0.05422,0.11,TRUE,314.237805
multiplier,566,FRH,RO1,FR,RO,FALSE,FALSE,0.054071,0.04,FALSE,2001.708938
multiplier,567,DE5,PL8,DE,PL,FALSE,FALSE,0.054032,0.06,FALSE,958.365819
multiplier,568,FRC,EL4,FR,EL,FALSE,FALSE,0.054023,0.11,FALSE,2116.132
multiplier,569,ITF,PL2,IT,PL,FALSE,FALSE,0.054023,0.04,FALSE,1124.051026
multiplier,570,ITH,EL3,IT,EL,FALSE,TRUE,0.054012,0.08,FALSE,1291.454381
multiplier,571,MT0,PL6,MT,PL,FALSE,FALSE,0.054,0.08,FALSE,1984.172052
multiplier,572,ITF,SE2,IT,SE,FALSE,FALSE,0.053951,0.02,FALSE,1876.119232
multiplier,573,NL2,FRI,NL,FR,FALSE,TRUE,0.053925,0.13,FALSE,909.797851
multiplier,574,DEA,PL6,DE,PL,FALSE,FALSE,0.053804,0.05,FALSE,818.020113
multiplier,575,DE2,DE8,DE,DE,TRUE,TRUE,0.053752,0.14,FALSE,557.830585
multiplier,576,FI1,EL5,FI,EL,FALSE,FALSE,0.053734,0.12,FALSE,2706.055929
multiplier,577,FI1,EL3,FI,EL,FALSE,FALSE,0.053669,0.16,FALSE,2978.408722
multiplier,578,ITC,PL8,IT,PL,FALSE,FALSE,0.053668,0.07,FALSE,1251.655609
multiplier,579,SK0,EL5,SK,EL,FALSE,FALSE,0.053648,0.08,FALSE,922.995385
multiplier,580,ITH,PL6,IT,PL,FALSE,FALSE,0.053619,0.13,FALSE,1056.658034
multiplier,581,FRB,EL3,FR,EL,FALSE,FALSE,0.053515,0.08,FALSE,2081.744059
multiplier,582,SI0,HU1,SI,HU,FALSE,TRUE,0.053502,0.19,FALSE,389.494588
multiplier,583,FI1,HU3,FI,HU,FALSE,FALSE,0.053493,0.15,FALSE,1991.789942
multiplier,584,SK0,PL2,SK,PL,FALSE,TRUE,0.053453,0,TRUE,177.423221
multiplier,585,FRH,EL4,FR,EL,FALSE,FALSE,0.053428,0.12,FALSE,2675.77745
multiplier,586,AT1,EL3,AT,EL,FALSE,FALSE,0.053272,0.14,FALSE,1255.285793
multiplier,587,FRI,EL6,FR,EL,FALSE,FALSE,0.053238,0.11,FALSE,1902.725211
multiplier,588,ITF,EL6,IT,EL,FALSE,TRUE,0.053191,0.09,FALSE,554.807144
multiplier,589,ITI,PL2,IT,PL,FALSE,FALSE,0.053178,0,FALSE,992.114498
multiplier,590,DE3,PL4,DE,PL,FALSE,FALSE,0.053104,0.03,FALSE,173.241826
multiplier,591,FRI,EL5,FR,EL,FALSE,FALSE,0.053075,0.13,FALSE,1811.364802
multiplier,592,DE2,PL6,DE,PL,FALSE,FALSE,0.053033,0.03,FALSE,716.989815
multiplier,593,FRL,SE3,FR,SE,FALSE,FALSE,0.052914,0.1,FALSE,2298.127644
multiplier,594,AT3,PL8,AT,PL,FALSE,FALSE,0.052885,0.14,FALSE,808.585199
multiplier,595,PT1,PL6,PT,PL,FALSE,FALSE,0.052871,0.06,FALSE,2597.414928
multiplier,596,FRG,HU3,FR,HU,FALSE,FALSE,0.052823,0.1,FALSE,1654.722432
multiplier,597,DED,SE3,DE,SE,FALSE,FALSE,0.052808,0.11,FALSE,1456.117955
multiplier,598,MT0,EL3,MT,EL,FALSE,TRUE,0.052739,0.09,FALSE,870.242851
multiplier,599,ITF,EL5,IT,EL,FALSE,TRUE,0.052725,0.06,FALSE,508.196303
multiplier,600,DEE,SE1,DE,SE,FALSE,FALSE,0.052661,0.17,FALSE,852.269689
multiplier,601,DEA,AT2,DE,AT,FALSE,TRUE,0.05258,0.17,FALSE,724.135332
multiplier,602,ITI,FRI,IT,FR,FALSE,FALSE,0.052525,0.12,FALSE,972.587525
multiplier,603,BG4,PL7,BG,PL,FALSE,TRUE,0.052521,0,FALSE,1095.189913
multiplier,604,PT2,EL3,PT,EL,FALSE,TRUE,0.052516,0.1,FALSE,4267.679199
multiplier,605,ITI,FRK,IT,FR,FALSE,FALSE,0.052515,0.16,FALSE,668.035287
multiplier,606,DEE,HU3,DE,HU,FALSE,FALSE,0.052446,0.09,FALSE,852.085282
multiplier,607,EE0,PL8,EE,PL,FALSE,FALSE,0.052392,0,FALSE,811.100641
multiplier,608,ES3,FRI,ES,FR,FALSE,FALSE,0.052381,0.09,FALSE,605.663714
multiplier,609,FRJ,SE2,FR,SE,FALSE,FALSE,0.052345,0.04,FALSE,1730.462748
multiplier,610,ITI,FRF,IT,FR,FALSE,FALSE,0.052338,0.15,FALSE,823.399325
multiplier,611,DE7,PL6,DE,PL,FALSE,FALSE,0.052266,0.08,FALSE,763.824404
multiplier,612,BE1,AT3,BE,AT,FALSE,TRUE,0.052174,0.15,FALSE,741.280922
multiplier,613,FRB,EL5,FR,EL,FALSE,FALSE,0.052146,0.07,FALSE,1794.39629
multiplier,614,LU0,PL6,LU,PL,FALSE,FALSE,0.05202,0.09,FALSE,989.28738
multiplier,615,LU0,RO2,LU,RO,FALSE,FALSE,0.051962,0.19,FALSE,1628.83796
multiplier,616,AT2,EL6,AT,EL,FALSE,FALSE,0.051914,0.1,FALSE,1047.4172819999999
multiplier,617,NL2,AT3,NL,AT,FALSE,TRUE,0.051885,0.15,FALSE,722.811547
multiplier,618,DED,PL6,DE,PL,FALSE,FALSE,0.051866,0.07,FALSE,486.284477
multiplier,619,DE7,SE3,DE,SE,FALSE,FALSE,0.05182,0.17,FALSE,1546.806674
multiplier,620,FRB,EL6,FR,EL,FALSE,FALSE,0.051789,0.06,FALSE,1906.084003
multiplier,621,DEG,PL6,DE,PL,FALSE,FALSE,0.051765,0,FALSE,612.329173
multiplier,622,DK0,PL8,DK,PL,FALSE,FALSE,0.051711,0.08,FALSE,1015.555422
multiplier,623,FRM,FRI,FR,FR,TRUE,TRUE,0.051694,0.09,FALSE,768.617925
multiplier,624,BE3,EL5,BE,EL,FALSE,FALSE,0.051682,0.09,FALSE,1673.020465
multiplier,625,NL1,HU3,NL,HU,FALSE,FALSE,0.05156,0.13,FALSE,1229.381445
multiplier,626,AT1,PL8,AT,PL,FALSE,FALSE,0.051471,0.16,FALSE,653.408011
multiplier,627,DE9,DE8,DE,DE,TRUE,TRUE,0.051432,0.2,TRUE,281.294555
multiplier,628,DEA,FRF,DE,FR,FALSE,TRUE,0.051417,0.16,FALSE,318.231789
multiplier,629,NL3,SE1,NL,SE,FALSE,FALSE,0.051304,0.17,FALSE,1184.168869
multiplier,630,DED,HU3,DE,HU,FALSE,FALSE,0.051296,0.05,FALSE,680.671619
multiplier,631,DE8,SE3,DE,SE,FALSE,FALSE,0.051279,0.12,FALSE,1136.753147
multiplier,632,AT3,EL5,AT,EL,FALSE,FALSE,0.051274,0.11,FALSE,1035.776534
multiplier,633,DK0,NL3,DK,NL,FALSE,FALSE,0.051229,0.18,FALSE,655.138627
multiplier,634,FRK,PL8,FR,PL,FALSE,FALSE,0.051161,0.12,FALSE,1495.154397
multiplier,635,DEA,DEE,DE,DE,TRUE,TRUE,0.051112,0.17,FALSE,291.343192
multiplier,636,DE9,SE1,DE,SE,FALSE,FALSE,0.051085,0.08,FALSE,872.077077
multiplier,637,BE3,EL6,BE,EL,FALSE,FALSE,0.051036,0.08,FALSE,1805.82434
multiplier,638,SI0,EL4,SI,EL,FALSE,FALSE,0.051025,0.25,FALSE,1476.425802
multiplier,639,SK0,PL6,SK,PL,FALSE,TRUE,0.050966,0,FALSE,550.743079
multiplier,640,FRJ,EL4,FR,EL,FALSE,FALSE,0.050832,0.09,FALSE,2136.481802
multiplier,641,DE7,EL3,DE,EL,FALSE,FALSE,0.050821,0.17,FALSE,1799.585341
multiplier,642,BE1,EL5,BE,EL,FALSE,FALSE,0.050819,0.1,FALSE,1763.027552
multiplier,643,MT0,SE3,MT,SE,FALSE,FALSE,0.050778,0.16,FALSE,3095.818063
multiplier,644,DE7,RO1,DE,RO,FALSE,FALSE,0.050764,0.05,FALSE,1164.959072
multiplier,645,ES4,PL4,ES,PL,FALSE,FALSE,0.050701,0,FALSE,2144.979786
multiplier,646,ITC,EL6,IT,EL,FALSE,TRUE,0.05069,0.14,FALSE,1281.545183
multiplier,647,ES2,ES6,ES,ES,TRUE,TRUE,0.050664,0.16,FALSE,539.632936
multiplier,648,ES1,EL4,ES,EL,FALSE,TRUE,0.05066,0.04,FALSE,2681.976493
multiplier,649,FRH,SE3,FR,SE,FALSE,FALSE,0.050647,0.08,FALSE,2111.04872
multiplier,650,FRC,RO1,FR,RO,FALSE,FALSE,0.050534,0.04,FALSE,1433.033295
multiplier,651,AT3,HU3,AT,HU,FALSE,FALSE,0.050454,0.12,FALSE,569.440059
multiplier,652,BE1,SE3,BE,SE,FALSE,FALSE,0.050451,0.1,FALSE,1619.940154
multiplier,653,AT2,PL6,AT,PL,FALSE,FALSE,0.050413,0.03,FALSE,781.53077
multiplier,654,DE3,PL2,DE,PL,FALSE,FALSE,0.050404,0,FALSE,517.996025
multiplier,655,FRK,HU3,FR,HU,FALSE,FALSE,0.05035,0.08,FALSE,1259.560751
multiplier,656,NL3,EL4,NL,EL,FALSE,FALSE,0.050309,0.2,FALSE,2441.426014
multiplier,657,DEE,RO1,DE,RO,FALSE,FALSE,0.050298,0.02,FALSE,1055.542636
multiplier,658,DEA,SE3,DE,SE,FALSE,FALSE,0.050283,0.06,FALSE,1485.388018
multiplier,659,FRD,SE1,FR,SE,FALSE,FALSE,0.050048,0.14,FALSE,1548.424236
multiplier,660,BE3,SE1,BE,SE,FALSE,FALSE,0.050002,0.09,FALSE,1232.680971
multiplier,661,DE7,EL5,DE,EL,FALSE,FALSE,0.049954,0.12,FALSE,1482.079434
multiplier,662,AT2,HU3,AT,HU,FALSE,FALSE,0.049939,0.04,FALSE,445.765117
multiplier,663,BE3,HU3,BE,HU,FALSE,FALSE,0.049905,0.04,FALSE,1199.360296
multiplier,664,BE2,EL5,BE,EL,FALSE,FALSE,0.049873,0.1,FALSE,1785.197953
multiplier,665,FRJ,FRI,FR,FR,TRUE,TRUE,0.049868,0.13,TRUE,213.711584
multiplier,666,FRL,PL6,FR,PL,FALSE,FALSE,0.049798,0.1,FALSE,1420.521599
multiplier,667,DE5,DED,DE,DE,TRUE,TRUE,0.049781,0.12,FALSE,403.204344
multiplier,668,DE2,DEA,DE,DE,TRUE,TRUE,0.049668,0.11,FALSE,427.197428
multiplier,669,LU0,LT0,LU,LT,FALSE,FALSE,0.049645,0.14,FALSE,1331.07378
multiplier,670,ES4,PT1,ES,PT,FALSE,TRUE,0.049643,0.12,TRUE,255.312658
multiplier,671,AT3,SE3,AT,SE,FALSE,FALSE,0.049518,0.12,FALSE,1810.768104
multiplier,672,DEB,DEG,DE,DE,TRUE,TRUE,0.049502,0.18,FALSE,302.025229
multiplier,673,PT2,PL8,PT,PL,FALSE,FALSE,0.049459,0.08,FALSE,4006.334486
multiplier,674,ES1,FRB,ES,FR,FALSE,FALSE,0.049411,0.07,FALSE,690.904887
multiplier,675,DE7,EL6,DE,EL,FALSE,FALSE,0.049408,0.09,FALSE,1625.205133
multiplier,676,DEG,DEA,DE,DE,TRUE,TRUE,0.049314,0.22,FALSE,264.722322
multiplier,677,ITH,SE3,IT,SE,FALSE,FALSE,0.049309,0.15,FALSE,2074.450765
multiplier,678,ES7,ES6,ES,ES,TRUE,TRUE,0.049302,0.1,FALSE,1544.829932
multiplier,679,BE1,FRI,BE,FR,FALSE,TRUE,0.049289,0.24,FALSE,708.520964
multiplier,680,ITC,EL5,IT,EL,FALSE,TRUE,0.049257,0.09,FALSE,1173.461011
multiplier,681,FRI,PL6,FR,PL,FALSE,FALSE,0.049248,0.13,FALSE,1645.75358
multiplier,682,PT3,RO2,PT,RO,FALSE,FALSE,0.049236,0.22,FALSE,4008.675076
multiplier,683,AT3,EL6,AT,EL,FALSE,FALSE,0.049067,0.09,FALSE,1179.244602
multiplier,684,FRD,EL4,FR,EL,FALSE,FALSE,0.049049,0.1,FALSE,2529.157306
multiplier,685,AT3,RO4,AT,RO,FALSE,FALSE,0.049039,0.18,FALSE,767.918485
multiplier,686,BE1,EL6,BE,EL,FALSE,FALSE,0.049027,0.07,FALSE,1897.314437
multiplier,687,LU0,LV0,LU,LV,FALSE,FALSE,0.048979,0.16,FALSE,1523.947866
multiplier,688,DE6,SE3,DE,SE,FALSE,FALSE,0.048874,0.09,FALSE,1204.49881
multiplier,689,FRI,HU3,FR,HU,FALSE,FALSE,0.048791,0.07,FALSE,1591.220121
multiplier,690,DE4,PL6,DE,PL,FALSE,FALSE,0.048647,0.01,FALSE,447.960744
multiplier,691,NL2,HU3,NL,HU,FALSE,FALSE,0.048608,0.06,FALSE,1197.245086
multiplier,692,ES2,PL4,ES,PL,FALSE,FALSE,0.048586,0.01,FALSE,1746.069832
multiplier,693,ITF,EL3,IT,EL,FALSE,TRUE,0.048554,0.04,FALSE,715.236541
multiplier,694,ES1,PL4,ES,PL,FALSE,FALSE,0.048539,0.05,FALSE,1858.422285
multiplier,695,BE1,EL3,BE,EL,FALSE,FALSE,0.048528,0.05,FALSE,2074.009399
multiplier,696,NL4,PL8,NL,PL,FALSE,FALSE,0.048527,0.06,FALSE,1181.328946
multiplier,697,ES2,PL2,ES,PL,FALSE,FALSE,0.048431,0.03,FALSE,1822.25326
multiplier,698,DE7,DEG,DE,DE,TRUE,TRUE,0.048362,0.19,TRUE,159.150149
multiplier,699,ES6,ES7,ES,ES,TRUE,TRUE,0.048352,0.13,FALSE,1544.829932
multiplier,700,DEA,RO1,DE,RO,FALSE,FALSE,0.048268,0.02,FALSE,1292.496237
multiplier,701,ITC,EL3,IT,EL,FALSE,TRUE,0.048251,0.11,FALSE,1456.945553
multiplier,702,FRL,SE1,FR,SE,FALSE,FALSE,0.048237,0.21,FALSE,1817.228174
multiplier,703,DK0,SE1,DK,SE,FALSE,TRUE,0.048229,0.14,FALSE,538.140082
multiplier,704,DE8,HU3,DE,HU,FALSE,FALSE,0.04821,0.04,FALSE,955.875449
multiplier,705,FRB,RO1,FR,RO,FALSE,FALSE,0.048202,0.04,FALSE,1684.635231
multiplier,706,BE3,EL3,BE,EL,FALSE,FALSE,0.048144,0.06,FALSE,1982.690368
multiplier,707,AT3,EL3,AT,EL,FALSE,FALSE,0.047977,0.1,FALSE,1353.326915
multiplier,708,MT0,HU3,MT,HU,FALSE,FALSE,0.047929,0.06,FALSE,1353.896582
multiplier,709,ES4,PL2,ES,PL,FALSE,FALSE,0.047922,0.01,FALSE,2255.534413
multiplier,710,FRM,AT1,FR,AT,FALSE,TRUE,0.047903,0.1,FALSE,835.449194
multiplier,711,NL3,PL8,NL,PL,FALSE,FALSE,0.047896,0.08,FALSE,1311.628749
multiplier,712,ITF,RO1,IT,RO,FALSE,FALSE,0.047864,0.03,FALSE,958.069292
multiplier,713,NL4,EL4,NL,EL,FALSE,FALSE,0.047848,0.08,FALSE,2340.978315
multiplier,714,AT2,SE3,AT,SE,FALSE,FALSE,0.04776,0.05,FALSE,1873.399879
multiplier,715,ITG,PL6,IT,PL,FALSE,FALSE,0.047727,0.06,FALSE,1822.417359
multiplier,716,FRL,RO1,FR,RO,FALSE,FALSE,0.04772,0.09,FALSE,1423.118145
multiplier,717,FI2,EL4,FI,EL,FALSE,FALSE,0.047702,0,FALSE,2800.871002
multiplier,718,EE0,HU3,EE,HU,FALSE,FALSE,0.047668,0.04,FALSE,1332.51159
multiplier,719,FRM,ES1,FR,ES,FALSE,FALSE,0.047663,0.11,FALSE,1138.524536
multiplier,720,ITG,ES6,IT,ES,FALSE,TRUE,0.047602,0.16,FALSE,1571.425523
multiplier,721,FRM,ITF,FR,IT,FALSE,FALSE,0.047587,0.11,FALSE,603.615186
multiplier,722,FR1,SE1,FR,SE,FALSE,FALSE,0.047557,0.19,FALSE,1472.896689
multiplier,723,NL4,HU3,NL,HU,FALSE,FALSE,0.047534,0.07,FALSE,1194.52376
multiplier,724,DEC,DE9,DE,DE,TRUE,TRUE,0.047518,0.13,FALSE,380.37132
multiplier,725,DE3,SE2,DE,SE,FALSE,FALSE,0.047509,0.01,FALSE,528.442714
multiplier,726,FRF,PL6,FR,PL,FALSE,FALSE,0.047483,0.06,FALSE,1069.707103
multiplier,727,ITG,HU3,IT,HU,FALSE,FALSE,0.047444,0.12,FALSE,1212.018026
multiplier,728,ITC,HU1,IT,HU,FALSE,FALSE,0.047442,0.14,FALSE,841.906433
multiplier,729,AT2,FRI,AT,FR,FALSE,TRUE,0.047397,0.16,FALSE,1145.658604
multiplier,730,DEF,SE3,DE,SE,FALSE,FALSE,0.047278,0.09,FALSE,1151.15014
multiplier,731,ES7,EL6,ES,EL,FALSE,TRUE,0.047278,0.04,FALSE,3756.657602
multiplier,732,FRD,RO1,FR,RO,FALSE,FALSE,0.04727,0.05,FALSE,1790.13773
multiplier,733,DE1,DEG,DE,DE,TRUE,TRUE,0.047265,0.12,FALSE,294.016791
multiplier,734,PT3,EL5,PT,EL,FALSE,TRUE,0.047219,0.11,FALSE,3547.248913
multiplier,735,IE0,RO3,IE,RO,FALSE,FALSE,0.04717,0,FALSE,2647.004276
multiplier,736,BE2,EL6,BE,EL,FALSE,FALSE,0.047114,0.06,FALSE,1919.976909
multiplier,737,PT3,EL3,PT,EL,FALSE,TRUE,0.047107,0.1,FALSE,3713.101189
multiplier,738,FRD,PL6,FR,PL,FALSE,FALSE,0.047046,0.07,FALSE,1416.259792
multiplier,739,IE0,PL8,IE,PL,FALSE,FALSE,0.046926,0,FALSE,2061.377954
multiplier,740,ES7,EL3,ES,EL,FALSE,TRUE,0.046881,0.03,FALSE,3876.045482
multiplier,741,ES7,EL5,ES,EL,FALSE,TRUE,0.046876,0.04,FALSE,3745.661248
multiplier,742,BE1,SE1,BE,SE,FALSE,FALSE,0.046863,0.11,FALSE,1201.269218
multiplier,743,ES3,ES6,ES,ES,TRUE,TRUE,0.046859,0.07,FALSE,330.104907
multiplier,744,PT2,EL4,PT,EL,FALSE,TRUE,0.046786,0.14,FALSE,4463.703689
multiplier,745,DE3,DEA,DE,DE,TRUE,TRUE,0.046785,0.13,FALSE,418.398253
multiplier,746,ES1,SE2,ES,SE,FALSE,FALSE,0.046759,0.02,FALSE,2047.269486
multiplier,747,SI0,RO2,SI,RO,FALSE,TRUE,0.046738,0.25,FALSE,978.570395
multiplier,748,DEG,HU3,DE,HU,FALSE,FALSE,0.046668,0.07,FALSE,813.982079
multiplier,749,ES2,HU3,ES,HU,FALSE,FALSE,0.046665,0.06,FALSE,1806.755548
multiplier,750,ITI,SE3,IT,SE,FALSE,FALSE,0.046665,0.08,FALSE,2353.084648
multiplier,751,FRG,EL4,FR,EL,FALSE,FALSE,0.046618,0.07,FALSE,2528.167795
multiplier,752,FRE,FRD,FR,FR,TRUE,TRUE,0.046603,0.2,TRUE,232.844641
multiplier,753,ES6,PL4,ES,PL,FALSE,FALSE,0.046585,0.02,FALSE,2281.894245
multiplier,754,FRE,EL4,FR,EL,FALSE,FALSE,0.046572,0.08,FALSE,2400.027243
multiplier,755,DE2,PL8,DE,PL,FALSE,FALSE,0.046539,0.05,FALSE,821.153977
multiplier,756,FRB,SE3,FR,SE,FALSE,FALSE,0.046516,0.08,FALSE,2024.426898
multiplier,757,SK0,EL6,SK,EL,FALSE,FALSE,0.046483,0.07,FALSE,1082.854997
multiplier,758,FRL,EL4,FR,EL,FALSE,FALSE,0.04648,0.1,FALSE,1874.89745
multiplier,759,DEA,EL5,DE,EL,FALSE,FALSE,0.046472,0.05,FALSE,1622.930897
multiplier,760,AT2,EL5,AT,EL,FALSE,FALSE,0.046457,0.01,FALSE,900.694546
multiplier,761,ITH,EL4,IT,EL,FALSE,TRUE,0.046435,0.15,FALSE,1584.559895
multiplier,762,DEF,DEB,DE,DE,TRUE,TRUE,0.046434,0.16,FALSE,498.269468
multiplier,763,SI0,SE3,SI,SE,FALSE,FALSE,0.046426,0.15,FALSE,1976.212499
multiplier,764,FI2,ES3,FI,ES,FALSE,FALSE,0.046421,0.03,FALSE,2725.004366
multiplier,765,DEB,PL6,DE,PL,FALSE,FALSE,0.046412,0.04,FALSE,908.967045
multiplier,766,DE6,RO1,DE,RO,FALSE,FALSE,0.046389,0.05,FALSE,1243.87683
multiplier,767,FRH,PL6,FR,PL,FALSE,FALSE,0.046388,0.02,FALSE,1644.562999
multiplier,768,DE9,PL9,DE,PL,FALSE,FALSE,0.046383,0.15,FALSE,840.787068
multiplier,769,DE6,PL8,DE,PL,FALSE,FALSE,0.04633,0.11,FALSE,885.305113
multiplier,770,ES1,PL2,ES,PL,FALSE,FALSE,0.046314,0,FALSE,2007.932156
multiplier,771,BE2,PL6,BE,PL,FALSE,FALSE,0.046278,0.06,FALSE,1052.519357
multiplier,772,DE6,EL4,DE,EL,FALSE,FALSE,0.046257,0.11,FALSE,2336.144177
multiplier,773,DEA,EL6,DE,EL,FALSE,FALSE,0.046237,0.09,FALSE,1765.813724
multiplier,774,FRE,PL8,FR,PL,FALSE,FALSE,0.046223,0.14,FALSE,1403.871108
multiplier,775,DED,DE1,DE,DE,TRUE,TRUE,0.046199,0.15,FALSE,402.672843
multiplier,776,AT3,RO3,AT,RO,FALSE,FALSE,0.046194,0.12,FALSE,1049.398437
multiplier,777,AT2,EL3,AT,EL,FALSE,FALSE,0.046172,0.06,FALSE,1219.903072
multiplier,778,ITI,ES5,IT,ES,FALSE,TRUE,0.046103,0.14,FALSE,852.861287
multiplier,779,DK0,RO1,DK,RO,FALSE,FALSE,0.04609,0.01,FALSE,1456.555029
multiplier,780,DE3,DE9,DE,DE,TRUE,TRUE,0.046058,0.13,FALSE,310.456089
multiplier,781,ITG,RO1,IT,RO,FALSE,FALSE,0.046053,0.04,FALSE,1311.621855
multiplier,782,FR1,EL4,FR,EL,FALSE,FALSE,0.046028,0.1,FALSE,2350.726934
multiplier,783,DE8,PL6,DE,PL,FALSE,FALSE,0.046015,0.03,FALSE,440.81394
multiplier,784,FRK,SE3,FR,SE,FALSE,FALSE,0.045989,0.1,FALSE,2177.769545
multiplier,785,DE2,RO1,DE,RO,FALSE,FALSE,0.045985,0.03,FALSE,911.174433
multiplier,786,PT1,PL8,PT,PL,FALSE,FALSE,0.04598,0.07,FALSE,2750.777322
multiplier,787,DE8,RO1,DE,RO,FALSE,FALSE,0.045952,0.06,FALSE,1133.926768
multiplier,788,ES7,ITG,ES,IT,FALSE,TRUE,0.045903,0.1,FALSE,3009.89825
multiplier,789,DEF,PL6,DE,PL,FALSE,FALSE,0.045891,0.03,FALSE,607.361807
multiplier,790,DEG,PL8,DE,PL,FALSE,FALSE,0.045729,0.11,FALSE,803.779177
multiplier,791,FRM,PL4,FR,PL,FALSE,FALSE,0.045725,0,FALSE,1306.259406
multiplier,792,DED,RO1,DE,RO,FALSE,FALSE,0.045674,0.02,FALSE,888.688816
multiplier,793,DEG,RO1,DE,RO,FALSE,FALSE,0.045588,0.03,FALSE,1029.736248
multiplier,794,ES5,HU3,ES,HU,FALSE,FALSE,0.045573,0.05,FALSE,1670.758858
multiplier,795,ES1,PT1,ES,PT,FALSE,TRUE,0.045572,0.08,TRUE,519.908776
multiplier,796,DEA,FRE,DE,FR,FALSE,TRUE,0.045523,0.12,FALSE,365.830294
multiplier,797,FR1,PL8,FR,PL,FALSE,FALSE,0.045476,0.09,FALSE,1474.136125
multiplier,798,NL3,HU1,NL,HU,FALSE,FALSE,0.045476,0.09,FALSE,1202.377329
multiplier,799,DEF,EL5,DE,EL,FALSE,FALSE,0.045475,0.08,FALSE,1743.238323
multiplier,800,FRL,HU3,FR,HU,FALSE,FALSE,0.045473,0.08,FALSE,1206.174159
multiplier,801,ES2,SE2,ES,SE,FALSE,FALSE,0.045465,0.01,FALSE,2017.557297
