i,j,from_nuts1,to_nuts1,from_country,to_country,from_group,to_group,same_country,same_group,pip,w_mean,mult,is_queen,is_knn,dist_km
1,2,AT1,AT2,AT,AT,Western,Western,TRUE,TRUE,0.19,0.015384,0.025583,TRUE,TRUE,109.991318
1,3,AT1,AT3,AT,AT,Western,Western,TRUE,TRUE,0.15,0.012264,0.021284,TRUE,TRUE,187.784521
1,4,AT1,BE1,AT,BE,Western,Western,FALSE,TRUE,0.21,0.015854,0.02108,FALSE,FALSE,896.326124
1,5,AT1,BE2,AT,BE,Western,Western,FALSE,TRUE,0.2,0.010805,0.020256,FALSE,FALSE,914.736476
1,6,AT1,BE3,AT,BE,Western,Western,FALSE,TRUE,0.18,0.03091,0.034161,FALSE,FALSE,819.95063
1,7,AT1,BG3,AT,BG,Western,CEE,FALSE,FALSE,0.17,0.010695,0.01598,FALSE,FALSE,879.994085
1,8,AT1,BG4,AT,BG,Western,CEE,FALSE,FALSE,0.2,0.01428,0.021379,FALSE,FALSE,928.022384
1,9,AT1,CY0,AT,CY,Western,Southern,FALSE,FALSE,0.17,0.011396,0.019593,FALSE,FALSE,2007.311372
1,10,AT1,CZ0,AT,CZ,Western,CEE,FALSE,FALSE,0.19,0.013783,0.031717,TRUE,TRUE,208.779709
1,11,AT1,DE1,AT,DE,Western,Western,FALSE,TRUE,0.17,0.01101,0.022887,FALSE,FALSE,510.740797
1,12,AT1,DE2,AT,DE,Western,Western,FALSE,TRUE,0.2,0.010866,0.021088,FALSE,FALSE,301.692619
1,13,AT1,DE3,AT,DE,Western,Western,FALSE,TRUE,0.19,0.014918,0.021436,FALSE,FALSE,545.296224
1,14,AT1,DE4,AT,DE,Western,Western,FALSE,TRUE,0.25,0.022137,0.028571,FALSE,FALSE,559.564195
1,15,AT1,DE5,AT,DE,Western,Western,FALSE,TRUE,0.13,0.009358,0.018254,FALSE,FALSE,766.526901
1,16,AT1,DE6,AT,DE,Western,Western,FALSE,TRUE,0.19,0.010881,0.017806,FALSE,FALSE,758.180838
1,17,AT1,DE7,AT,DE,Western,Western,FALSE,TRUE,0.17,0.008225,0.016763,FALSE,FALSE,577.522241
1,18,AT1,DE8,AT,DE,Western,Western,FALSE,TRUE,0.21,0.012221,0.022594,FALSE,FALSE,711.175474
1,19,AT1,DE9,AT,DE,Western,Western,FALSE,TRUE,0.21,0.012482,0.022396,FALSE,FALSE,725.485193
1,20,AT1,DEA,AT,DE,Western,Western,FALSE,TRUE,0.15,0.014802,0.024233,FALSE,FALSE,715.214497
1,21,AT1,DEB,AT,DE,Western,Western,FALSE,TRUE,0.17,0.011049,0.020861,FALSE,FALSE,668.070517
1,22,AT1,DEC,AT,DE,Western,Western,FALSE,TRUE,0.15,0.006851,0.021208,FALSE,FALSE,675.527238
1,23,AT1,DED,AT,DE,Western,Western,FALSE,TRUE,0.16,0.016968,0.028326,FALSE,FALSE,378.4763
1,24,AT1,DEE,AT,DE,Western,Western,FALSE,TRUE,0.17,0.0116,0.0196,FALSE,FALSE,546.774088
1,25,AT1,DEF,AT,DE,Western,Western,FALSE,TRUE,0.18,0.011147,0.023311,FALSE,FALSE,809.781699
1,26,AT1,DEG,AT,DE,Western,Western,FALSE,TRUE,0.15,0.011694,0.023127,FALSE,FALSE,472.968093
1,27,AT1,DK0,AT,DK,Western,Northern,FALSE,FALSE,0.19,0.011797,0.021624,FALSE,FALSE,1032.431564
1,28,AT1,EE0,AT,EE,Western,Baltics,FALSE,FALSE,0.15,0.008806,0.016105,FALSE,FALSE,1372.129684
1,29,AT1,EL3,AT,EL,Western,Southern,FALSE,FALSE,0.14,0.008431,0.053272,FALSE,FALSE,1255.285793
1,30,AT1,EL4,AT,EL,Western,Southern,FALSE,FALSE,0.16,0.01001,0.044682,FALSE,FALSE,1577.964708
1,31,AT1,EL5,AT,EL,Western,Southern,FALSE,FALSE,0.13,0.007645,0.05547,FALSE,FALSE,934.466705
1,32,AT1,EL6,AT,EL,Western,Southern,FALSE,FALSE,0.14,0.009788,0.055659,FALSE,FALSE,1087.141301
1,33,AT1,ES1,AT,ES,Western,Southern,FALSE,FALSE,0.11,0.007006,0.018815,FALSE,FALSE,1678.544473
1,34,AT1,ES2,AT,ES,Western,Southern,FALSE,FALSE,0.22,0.018303,0.026541,FALSE,FALSE,1464.132686
1,35,AT1,ES3,AT,ES,Western,Southern,FALSE,FALSE,0.13,0.006883,0.019238,FALSE,FALSE,1761.895337
1,36,AT1,ES4,AT,ES,Western,Southern,FALSE,FALSE,0.26,0.019991,0.031631,FALSE,FALSE,1905.515429
1,37,AT1,ES5,AT,ES,Western,Southern,FALSE,FALSE,0.25,0.020132,0.034848,FALSE,FALSE,1381.083907
1,38,AT1,ES6,AT,ES,Western,Southern,FALSE,FALSE,0.15,0.012264,0.028957,FALSE,FALSE,1965.607355
1,39,AT1,ES7,AT,ES,Western,Southern,FALSE,FALSE,0.19,0.012772,0.019317,FALSE,FALSE,3505.946864
1,40,AT1,FI1,AT,FI,Western,Northern,FALSE,FALSE,0.23,0.014415,0.024091,FALSE,FALSE,1998.3911
1,41,AT1,FI2,AT,FI,Western,Northern,FALSE,FALSE,0.16,0.008314,0.013177,FALSE,FALSE,1398.362025
1,42,AT1,FR1,AT,FR,Western,Western,FALSE,TRUE,0.18,0.012118,0.021209,FALSE,FALSE,991.194173
1,43,AT1,FRB,AT,FR,Western,Western,FALSE,TRUE,0.15,0.009606,0.022694,FALSE,FALSE,1069.824902
1,44,AT1,FRC,AT,FR,Western,Western,FALSE,TRUE,0.18,0.010443,0.02168,FALSE,FALSE,821.231659
1,45,AT1,FRD,AT,FR,Western,Western,FALSE,TRUE,0.24,0.02525,0.030973,FALSE,FALSE,1174.991383
1,46,AT1,FRE,AT,FR,Western,Western,FALSE,TRUE,0.24,0.016473,0.025177,FALSE,FALSE,973.097132
1,47,AT1,FRF,AT,FR,Western,Western,FALSE,TRUE,0.16,0.011023,0.022838,FALSE,FALSE,752.308153
1,48,AT1,FRG,AT,FR,Western,Western,FALSE,TRUE,0.11,0.00586,0.018903,FALSE,FALSE,1270.41177
1,49,AT1,FRH,AT,FR,Western,Western,FALSE,TRUE,0.15,0.012696,0.02208,FALSE,FALSE,1385.74389
1,50,AT1,FRI,AT,FR,Western,Western,FALSE,TRUE,0.15,0.012351000000000001,0.023264,FALSE,FALSE,1221.068388
1,51,AT1,FRJ,AT,FR,Western,Western,FALSE,TRUE,0.14,0.007599,0.017923,FALSE,FALSE,1153.638053
1,52,AT1,FRK,AT,FR,Western,Western,FALSE,TRUE,0.17,0.016402,0.024715,FALSE,FALSE,894.828007
1,53,AT1,FRL,AT,FR,Western,Western,FALSE,TRUE,0.1,0.006601,0.017587,FALSE,FALSE,868.672062
1,54,AT1,FRM,AT,FR,Western,Western,FALSE,TRUE,0.19,0.00964,0.018668,FALSE,FALSE,835.449194
1,55,AT1,HU1,AT,HU,Western,CEE,FALSE,FALSE,0.05,0.002734,0.031634,FALSE,TRUE,263.664739
1,56,AT1,HU2,AT,HU,Western,CEE,FALSE,FALSE,0.06,0.003521,0.020893,TRUE,TRUE,173.622306
1,57,AT1,HU3,AT,HU,Western,CEE,FALSE,FALSE,0.11,0.006256,0.045183,FALSE,FALSE,385.659813
1,58,AT1,IE0,AT,IE,Western,Western,FALSE,TRUE,0.12,0.005057,0.009961,FALSE,FALSE,1773.72807
1,59,AT1,ITC,AT,IT,Western,Southern,FALSE,FALSE,0.18,0.012272,0.021094,FALSE,FALSE,612.464886
1,60,AT1,ITF,AT,IT,Western,Southern,FALSE,FALSE,0.17,0.010437,0.021161,FALSE,FALSE,831.451899
1,61,AT1,ITG,AT,IT,Western,Southern,FALSE,FALSE,0.13,0.008276,0.017361,FALSE,FALSE,1151.792589
1,62,AT1,ITH,AT,IT,Western,Southern,FALSE,FALSE,0.21,0.014271,0.023543,FALSE,FALSE,426.557242
1,63,AT1,ITI,AT,IT,Western,Southern,FALSE,FALSE,0.17,0.011161,0.020073,FALSE,FALSE,624.953997
1,64,AT1,LT0,AT,LT,Western,Baltics,FALSE,FALSE,0.13,0.008172,0.029258,FALSE,FALSE,983.503014
1,65,AT1,LU0,AT,LU,Western,Western,FALSE,TRUE,0.23,0.014465,0.020121,FALSE,FALSE,747.447757
1,66,AT1,LV0,AT,LV,Western,Baltics,FALSE,FALSE,0.16,0.011529,0.025571,FALSE,FALSE,1201.180466
1,67,AT1,MT0,AT,MT,Western,Southern,FALSE,FALSE,0.16,0.00921,0.018636,FALSE,FALSE,1317.289012
1,68,AT1,NL1,AT,NL,Western,Western,FALSE,TRUE,0.09,0.004137,0.012421,FALSE,FALSE,889.74598
1,69,AT1,NL2,AT,NL,Western,Western,FALSE,TRUE,0.2,0.01343,0.021214,FALSE,FALSE,846.312797
1,70,AT1,NL3,AT,NL,Western,Western,FALSE,TRUE,0.13,0.010461,0.019761,FALSE,FALSE,950.462851
1,71,AT1,NL4,AT,NL,Western,Western,FALSE,TRUE,0.2,0.015479,0.02299,FALSE,FALSE,827.633929
1,72,AT1,PL2,AT,PL,Western,CEE,FALSE,FALSE,0.12,0.005272,0.073609,FALSE,FALSE,379.550256
1,73,AT1,PL4,AT,PL,Western,CEE,FALSE,FALSE,0.13,0.006643,0.076235,FALSE,FALSE,562.258954
1,74,AT1,PL5,AT,PL,Western,CEE,FALSE,FALSE,0.09,0.005147,0.016456,FALSE,FALSE,344.579038
1,75,AT1,PL6,AT,PL,Western,CEE,FALSE,FALSE,0.1,0.005598,0.059434,FALSE,FALSE,676.064461
1,76,AT1,PL7,AT,PL,Western,CEE,FALSE,FALSE,0.16,0.010733,0.018896,FALSE,FALSE,465.044568
1,77,AT1,PL8,AT,PL,Western,CEE,FALSE,FALSE,0.16,0.009115,0.051471,FALSE,FALSE,653.408011
1,78,AT1,PL9,AT,PL,Western,CEE,FALSE,FALSE,0.13,0.005966,0.027624,FALSE,FALSE,630.133106
1,79,AT1,PT1,AT,PT,Western,Southern,FALSE,FALSE,0.21,0.013705,0.022213,FALSE,FALSE,2153.989622
1,80,AT1,PT2,AT,PT,Western,Southern,FALSE,FALSE,0.18,0.013515,0.020187,FALSE,FALSE,3491.823304
1,81,AT1,PT3,AT,PT,Western,Southern,FALSE,FALSE,0.1,0.008479,0.014477,FALSE,FALSE,3199.006596
1,82,AT1,RO1,AT,RO,Western,CEE,FALSE,FALSE,0.11,0.005733,0.072253,FALSE,FALSE,615.971757
1,83,AT1,RO2,AT,RO,Western,CEE,FALSE,FALSE,0.18,0.0099,0.032543,FALSE,FALSE,889.37373
1,84,AT1,RO3,AT,RO,Western,CEE,FALSE,FALSE,0.08,0.003259,0.039939,FALSE,FALSE,878.38196
1,85,AT1,RO4,AT,RO,Western,CEE,FALSE,FALSE,0.17,0.009595,0.044538,FALSE,FALSE,601.79503
1,86,AT1,SE1,AT,SE,Western,Northern,FALSE,FALSE,0.14,0.007407,0.034172,FALSE,FALSE,1257.33403
1,87,AT1,SE2,AT,SE,Western,Northern,FALSE,FALSE,0.08,0.00376,0.057548,FALSE,FALSE,1046.650153
1,88,AT1,SE3,AT,SE,Western,Northern,FALSE,FALSE,0.12,0.005493,0.040379,FALSE,FALSE,1782.534964
1,89,AT1,SI0,AT,SI,Western,CEE,FALSE,FALSE,0.26,0.03023,0.03315,TRUE,TRUE,214.209371
1,90,AT1,SK0,AT,SK,Western,CEE,FALSE,FALSE,0.2,0.015381,0.019085,TRUE,TRUE,235.56018
2,1,AT2,AT1,AT,AT,Western,Western,TRUE,TRUE,0.11,0.013694,0.021116,TRUE,TRUE,109.991318
2,3,AT2,AT3,AT,AT,Western,Western,TRUE,TRUE,0.14,0.02483,0.031236,TRUE,TRUE,142.419959
2,4,AT2,BE1,AT,BE,Western,Western,FALSE,TRUE,0.07,0.009335,0.019858,FALSE,FALSE,883.580845
2,5,AT2,BE2,AT,BE,Western,Western,FALSE,TRUE,0.08,0.008601,0.017632,FALSE,FALSE,903.85537
2,6,AT2,BE3,AT,BE,Western,Western,FALSE,TRUE,0.12,0.021986,0.030262,FALSE,FALSE,800.49044
2,7,AT2,BG3,AT,BG,Western,CEE,FALSE,FALSE,0.12,0.018468,0.021942,FALSE,FALSE,896.106667
2,8,AT2,BG4,AT,BG,Western,CEE,FALSE,FALSE,0.12,0.011769,0.020692,FALSE,FALSE,925.846005
2,9,AT2,CY0,AT,CY,Western,Southern,FALSE,FALSE,0.11,0.019246,0.024325,FALSE,FALSE,2007.827924
2,10,AT2,CZ0,AT,CZ,Western,CEE,FALSE,FALSE,0.07,0.007617,0.027449,FALSE,TRUE,301.858039
2,11,AT2,DE1,AT,DE,Western,Western,FALSE,TRUE,0.13,0.016288,0.025715,FALSE,FALSE,477.25939
2,12,AT2,DE2,AT,DE,Western,Western,FALSE,TRUE,0.16,0.014301,0.026084,FALSE,TRUE,296.99169
2,13,AT2,DE3,AT,DE,Western,Western,FALSE,TRUE,0.11,0.011113,0.0193,FALSE,FALSE,616.29563
2,14,AT2,DE4,AT,DE,Western,Western,FALSE,TRUE,0.06,0.005738,0.018144,FALSE,FALSE,623.471849
2,15,AT2,DE5,AT,DE,Western,Western,FALSE,TRUE,0.09,0.008439,0.01726,FALSE,FALSE,803.613689
2,16,AT2,DE6,AT,DE,Western,Western,FALSE,TRUE,0.11,0.008814,0.016671,FALSE,FALSE,807.675321
2,17,AT2,DE7,AT,DE,Western,Western,FALSE,TRUE,0.18,0.032182,0.033208,FALSE,FALSE,583.394303
2,18,AT2,DE8,AT,DE,Western,Western,FALSE,TRUE,0.12,0.011395,0.022163,FALSE,FALSE,779.89987
2,19,AT2,DE9,AT,DE,Western,Western,FALSE,TRUE,0.18,0.017654,0.026466,FALSE,FALSE,757.365753
2,20,AT2,DEA,AT,DE,Western,Western,FALSE,TRUE,0.09,0.00928,0.01997,FALSE,FALSE,724.135332
2,21,AT2,DEB,AT,DE,Western,Western,FALSE,TRUE,0.13,0.014447,0.02485,FALSE,FALSE,652.44858
2,22,AT2,DEC,AT,DE,Western,Western,FALSE,TRUE,0.16,0.0212,0.033501,FALSE,FALSE,649.035799
2,23,AT2,DED,AT,DE,Western,Western,FALSE,TRUE,0.17,0.016421,0.02876,FALSE,FALSE,440.279948
2,24,AT2,DEE,AT,DE,Western,Western,FALSE,TRUE,0.11,0.012337,0.021289,FALSE,FALSE,597.055328
2,25,AT2,DEF,AT,DE,Western,Western,FALSE,TRUE,0.14,0.015506,0.026636,FALSE,FALSE,862.100767
2,26,AT2,DEG,AT,DE,Western,Western,FALSE,TRUE,0.09,0.009041,0.021403,FALSE,FALSE,505.26657
2,27,AT2,DK0,AT,DK,Western,Northern,FALSE,FALSE,0.09,0.008378,0.016636,FALSE,FALSE,1092.185172
2,28,AT2,EE0,AT,EE,Western,Baltics,FALSE,FALSE,0.19,0.021251,0.025502,FALSE,FALSE,1479.696133
2,29,AT2,EL3,AT,EL,Western,Southern,FALSE,FALSE,0.06,0.004397,0.046172,FALSE,FALSE,1219.903072
2,30,AT2,EL4,AT,EL,Western,Southern,FALSE,FALSE,0.07,0.00779,0.039307,FALSE,FALSE,1537.924621
2,31,AT2,EL5,AT,EL,Western,Southern,FALSE,FALSE,0.01,0.00125,0.046457,FALSE,FALSE,900.694546
2,32,AT2,EL6,AT,EL,Western,Southern,FALSE,FALSE,0.1,0.008982,0.051914,FALSE,FALSE,1047.4172819999999
2,33,AT2,ES1,AT,ES,Western,Southern,FALSE,FALSE,0.05,0.004288,0.016001,FALSE,FALSE,1601.346256
2,34,AT2,ES2,AT,ES,Western,Southern,FALSE,FALSE,0.07,0.005233,0.018223,FALSE,FALSE,1373.054071
2,35,AT2,ES3,AT,ES,Western,Southern,FALSE,FALSE,0.1,0.008568,0.019399,FALSE,FALSE,1672.002118
2,36,AT2,ES4,AT,ES,Western,Southern,FALSE,FALSE,0.08,0.012163,0.023316,FALSE,FALSE,1817.761694
2,37,AT2,ES5,AT,ES,Western,Southern,FALSE,FALSE,0.08,0.009214,0.022887,FALSE,FALSE,1276.386665
2,38,AT2,ES6,AT,ES,Western,Southern,FALSE,FALSE,0.04,0.005012,0.020733,FALSE,FALSE,1867.493945
2,39,AT2,ES7,AT,ES,Western,Southern,FALSE,FALSE,0.12,0.011074,0.018515,FALSE,FALSE,3409.885369
2,40,AT2,FI1,AT,FI,Western,Northern,FALSE,FALSE,0.13,0.012782,0.024852,FALSE,FALSE,2102.089844
2,41,AT2,FI2,AT,FI,Western,Northern,FALSE,FALSE,0.13,0.011201,0.01448,FALSE,FALSE,1497.065805
2,42,AT2,FR1,AT,FR,Western,Western,FALSE,TRUE,0.06,0.005093,0.016106,FALSE,FALSE,948.596424
2,43,AT2,FRB,AT,FR,Western,Western,FALSE,TRUE,0.14,0.014701,0.026922,FALSE,FALSE,1015.965751
2,44,AT2,FRC,AT,FR,Western,Western,FALSE,TRUE,0.11,0.014034,0.028222,FALSE,FALSE,761.250628
2,45,AT2,FRD,AT,FR,Western,Western,FALSE,TRUE,0.09,0.006084,0.0156,FALSE,FALSE,1134.999375
2,46,AT2,FRE,AT,FR,Western,Western,FALSE,TRUE,0.1,0.013904,0.024523,FALSE,FALSE,945.625302
2,47,AT2,FRF,AT,FR,Western,Western,FALSE,TRUE,0.08,0.019564,0.028339,FALSE,FALSE,713.540901
2,48,AT2,FRG,AT,FR,Western,Western,FALSE,TRUE,0.13,0.015319,0.026712,FALSE,FALSE,1215.72932
2,49,AT2,FRH,AT,FR,Western,Western,FALSE,TRUE,0.11,0.029062,0.033935,FALSE,FALSE,1337.943307
2,50,AT2,FRI,AT,FR,Western,Western,FALSE,TRUE,0.16,0.035589,0.047397,FALSE,FALSE,1145.658604
2,51,AT2,FRJ,AT,FR,Western,Western,FALSE,TRUE,0.09,0.00929,0.018283,FALSE,FALSE,1065.415992
2,52,AT2,FRK,AT,FR,Western,Western,FALSE,TRUE,0.11,0.021383,0.027673,FALSE,FALSE,814.811774
2,53,AT2,FRL,AT,FR,Western,Western,FALSE,TRUE,0.07,0.008764,0.017577,FALSE,FALSE,774.191354
2,54,AT2,FRM,AT,FR,Western,Western,FALSE,TRUE,0.15,0.014076,0.021335,FALSE,FALSE,726.240663
2,55,AT2,HU1,AT,HU,Western,CEE,FALSE,FALSE,0.09,0.007951,0.041671,FALSE,FALSE,328.973513
2,56,AT2,HU2,AT,HU,Western,CEE,FALSE,FALSE,0.08,0.008756,0.021987,FALSE,TRUE,198.970824
2,57,AT2,HU3,AT,HU,Western,CEE,FALSE,FALSE,0.04,0.003024,0.049939,FALSE,FALSE,445.765117
2,58,AT2,IE0,AT,IE,Western,Western,FALSE,TRUE,0.13,0.010674,0.013976,FALSE,FALSE,1764.49956
2,59,AT2,ITC,AT,IT,Western,Southern,FALSE,FALSE,0.05,0.004775,0.015555,FALSE,FALSE,517.479727
2,60,AT2,ITF,AT,IT,Western,Southern,FALSE,FALSE,0.07,0.005699,0.01628,FALSE,FALSE,745.383652
2,61,AT2,ITG,AT,IT,Western,Southern,FALSE,FALSE,0.06,0.00737,0.016489,FALSE,FALSE,1054.901934
2,62,AT2,ITH,AT,IT,Western,Southern,FALSE,FALSE,0.08,0.011196,0.018244,TRUE,TRUE,322.501735
2,63,AT2,ITI,AT,IT,Western,Southern,FALSE,FALSE,0.05,0.005649,0.016761,FALSE,FALSE,516.067642
2,64,AT2,LT0,AT,LT,Western,Baltics,FALSE,FALSE,0.09,0.010739,0.035802,FALSE,FALSE,1092.944673
2,65,AT2,LU0,AT,LU,Western,Western,FALSE,TRUE,0.1,0.014775,0.020244,FALSE,FALSE,725.517995
2,66,AT2,LV0,AT,LV,Western,Baltics,FALSE,FALSE,0.18,0.01715,0.033065,FALSE,FALSE,1310.729258
2,67,AT2,MT0,AT,MT,Western,Southern,FALSE,FALSE,0.11,0.009489,0.019833,FALSE,FALSE,1222.645201
2,68,AT2,NL1,AT,NL,Western,Western,FALSE,TRUE,0.06,0.006067,0.014572,FALSE,FALSE,910.056367
2,69,AT2,NL2,AT,NL,Western,Western,FALSE,TRUE,0.11,0.01444,0.021766,FALSE,FALSE,859.000745
2,70,AT2,NL3,AT,NL,Western,Western,FALSE,TRUE,0.13,0.014939,0.022089,FALSE,FALSE,941.618951
2,71,AT2,NL4,AT,NL,Western,Western,FALSE,TRUE,0.14,0.017931,0.028334,FALSE,FALSE,825.686563
2,72,AT2,PL2,AT,PL,Western,CEE,FALSE,FALSE,0.01,0.001667,0.060561,FALSE,FALSE,487.913846
2,73,AT2,PL4,AT,PL,Western,CEE,FALSE,FALSE,0.03,0.002469,0.063035,FALSE,FALSE,654.283741
2,74,AT2,PL5,AT,PL,Western,CEE,FALSE,FALSE,0.05,0.003422,0.017438,FALSE,FALSE,447.127988
2,75,AT2,PL6,AT,PL,Western,CEE,FALSE,FALSE,0.03,0.002475,0.050413,FALSE,FALSE,781.53077
2,76,AT2,PL7,AT,PL,Western,CEE,FALSE,FALSE,0.06,0.006168,0.014195,FALSE,FALSE,574.861337
2,77,AT2,PL8,AT,PL,Western,CEE,FALSE,FALSE,0.06,0.003926,0.041169,FALSE,FALSE,761.858182
2,78,AT2,PL9,AT,PL,Western,CEE,FALSE,FALSE,0.06,0.00449,0.023386,FALSE,FALSE,740.111211
2,79,AT2,PT1,AT,PT,Western,Southern,FALSE,FALSE,0.07,0.006711,0.017613,FALSE,FALSE,2068.090807
2,80,AT2,PT2,AT,PT,Western,Southern,FALSE,FALSE,0.08,0.009617,0.01627,FALSE,FALSE,3424.622682
2,81,AT2,PT3,AT,PT,Western,Southern,FALSE,FALSE,0.12,0.013438,0.017543,FALSE,FALSE,3110.019839
2,82,AT2,RO1,AT,RO,Western,CEE,FALSE,FALSE,0.12,0.013208,0.08123,FALSE,FALSE,673.866225
2,83,AT2,RO2,AT,RO,Western,CEE,FALSE,FALSE,0.07,0.007569,0.031558,FALSE,FALSE,944.45819
2,84,AT2,RO3,AT,RO,Western,CEE,FALSE,FALSE,0.04,0.004141,0.04243,FALSE,FALSE,911.516523
2,85,AT2,RO4,AT,RO,Western,CEE,FALSE,FALSE,0.05,0.003851,0.042388,FALSE,FALSE,628.91182
2,86,AT2,SE1,AT,SE,Western,Northern,FALSE,FALSE,0.14,0.012917,0.042792,FALSE,FALSE,1349.070166
2,87,AT2,SE2,AT,SE,Western,Northern,FALSE,FALSE,0.09,0.007235,0.068568,FALSE,FALSE,1131.512685
2,88,AT2,SE3,AT,SE,Western,Northern,FALSE,FALSE,0.05,0.006067,0.04776,FALSE,FALSE,1873.399879
2,89,AT2,SI0,AT,SI,Western,CEE,FALSE,FALSE,0.08,0.008917,0.019566,TRUE,TRUE,106.705994
2,90,AT2,SK0,AT,SK,Western,CEE,FALSE,FALSE,0.11,0.012948,0.018918,FALSE,FALSE,334.55361
3,1,AT3,AT1,AT,AT,Western,Western,TRUE,TRUE,0.14,0.013258,0.02112,TRUE,TRUE,187.784521
3,2,AT3,AT2,AT,AT,Western,Western,TRUE,TRUE,0.2,0.015165,0.025021,TRUE,TRUE,142.419959
3,4,AT3,BE1,AT,BE,Western,Western,FALSE,TRUE,0.19,0.016706,0.022598,FALSE,FALSE,741.280922
3,5,AT3,BE2,AT,BE,Western,Western,FALSE,TRUE,0.14,0.010647,0.019874,FALSE,FALSE,761.676502
3,6,AT3,BE3,AT,BE,Western,Western,FALSE,TRUE,0.15,0.016462,0.025266,FALSE,FALSE,658.100111
3,7,AT3,BG3,AT,BG,Western,CEE,FALSE,FALSE,0.24,0.019323,0.022633,FALSE,FALSE,1037.701293
3,8,AT3,BG4,AT,BG,Western,CEE,FALSE,FALSE,0.14,0.008883,0.019577,FALSE,FALSE,1068.095872
3,9,AT3,CY0,AT,CY,Western,Southern,FALSE,FALSE,0.12,0.008301,0.016842,FALSE,FALSE,2150.008479
3,10,AT3,CZ0,AT,CZ,Western,CEE,FALSE,FALSE,0.14,0.015072,0.031381,TRUE,TRUE,284.295375
3,11,AT3,DE1,AT,DE,Western,Western,FALSE,TRUE,0.13,0.00941,0.021761,TRUE,FALSE,336.044129
3,12,AT3,DE2,AT,DE,Western,Western,FALSE,TRUE,0.16,0.012571,0.024017,TRUE,TRUE,161.899184
3,13,AT3,DE3,AT,DE,Western,Western,FALSE,TRUE,0.19,0.013492,0.020176,FALSE,FALSE,534.897251
3,14,AT3,DE4,AT,DE,Western,Western,FALSE,TRUE,0.15,0.010507,0.018974,FALSE,FALSE,532.435657
3,15,AT3,DE5,AT,DE,Western,Western,FALSE,TRUE,0.13,0.009263,0.017979,FALSE,FALSE,682.15602
3,16,AT3,DE6,AT,DE,Western,Western,FALSE,TRUE,0.07,0.004167,0.01272,FALSE,FALSE,696.758135
3,17,AT3,DE7,AT,DE,Western,Western,FALSE,TRUE,0.09,0.007474,0.016061,FALSE,FALSE,446.343318
3,18,AT3,DE8,AT,DE,Western,Western,FALSE,TRUE,0.15,0.012506,0.021648,FALSE,FALSE,691.028347
3,19,AT3,DE9,AT,DE,Western,Western,FALSE,TRUE,0.2,0.018425,0.026994,FALSE,FALSE,632.650016
3,20,AT3,DEA,AT,DE,Western,Western,FALSE,TRUE,0.12,0.008828,0.021483,FALSE,FALSE,587.170652
3,21,AT3,DEB,AT,DE,Western,Western,FALSE,TRUE,0.17,0.011593,0.021007,FALSE,FALSE,510.125591
3,22,AT3,DEC,AT,DE,Western,Western,FALSE,TRUE,0.16,0.011209,0.024601,FALSE,FALSE,507.05781
3,23,AT3,DED,AT,DE,Western,Western,FALSE,TRUE,0.13,0.012466,0.023198,FALSE,FALSE,355.552819
3,24,AT3,DEE,AT,DE,Western,Western,FALSE,TRUE,0.16,0.014878,0.021775,FALSE,FALSE,491.370396
3,25,AT3,DEF,AT,DE,Western,Western,FALSE,TRUE,0.17,0.011492,0.022416,FALSE,FALSE,753.160687
3,26,AT3,DEG,AT,DE,Western,Western,FALSE,TRUE,0.22,0.018126,0.025279,FALSE,FALSE,386.016139
3,27,AT3,DK0,AT,DK,Western,Northern,FALSE,FALSE,0.2,0.015573,0.021536,FALSE,FALSE,988.476019
3,28,AT3,EE0,AT,EE,Western,Baltics,FALSE,FALSE,0.15,0.010079,0.016263,FALSE,FALSE,1470.838205
3,29,AT3,EL3,AT,EL,Western,Southern,FALSE,FALSE,0.1,0.005226,0.047977,FALSE,FALSE,1353.326915
3,30,AT3,EL4,AT,EL,Western,Southern,FALSE,FALSE,0.09,0.005084,0.039777,FALSE,FALSE,1668.348709
3,31,AT3,EL5,AT,EL,Western,Southern,FALSE,FALSE,0.11,0.009657,0.051274,FALSE,FALSE,1035.776534
3,32,AT3,EL6,AT,EL,Western,Southern,FALSE,FALSE,0.09,0.008177,0.049067,FALSE,FALSE,1179.244602
3,33,AT3,ES1,AT,ES,Western,Southern,FALSE,FALSE,0.17,0.011698,0.021187,FALSE,FALSE,1491.5556
3,34,AT3,ES2,AT,ES,Western,Southern,FALSE,FALSE,0.14,0.01098,0.022232,FALSE,FALSE,1284.840473
3,35,AT3,ES3,AT,ES,Western,Southern,FALSE,FALSE,0.19,0.013025,0.021394,FALSE,FALSE,1581.162913
3,36,AT3,ES4,AT,ES,Western,Southern,FALSE,FALSE,0.2,0.015326,0.026859,FALSE,FALSE,1723.041422
3,37,AT3,ES5,AT,ES,Western,Southern,FALSE,FALSE,0.11,0.01883,0.030296,FALSE,FALSE,1225.698883
3,38,AT3,ES6,AT,ES,Western,Southern,FALSE,FALSE,0.17,0.014286,0.030721,FALSE,FALSE,1794.117826
3,39,AT3,ES7,AT,ES,Western,Southern,FALSE,FALSE,0.12,0.007394,0.016051,FALSE,FALSE,3330.505346
3,40,AT3,FI1,AT,FI,Western,Northern,FALSE,FALSE,0.13,0.012005,0.020504,FALSE,FALSE,2073.003778
3,41,AT3,FI2,AT,FI,Western,Northern,FALSE,FALSE,0.15,0.008251,0.012984,FALSE,FALSE,1454.614883
3,42,AT3,FR1,AT,FR,Western,Western,FALSE,TRUE,0.15,0.012846,0.021032,FALSE,FALSE,811.480835
3,43,AT3,FRB,AT,FR,Western,Western,FALSE,TRUE,0.16,0.011873,0.023856,FALSE,FALSE,884.862195
3,44,AT3,FRC,AT,FR,Western,Western,FALSE,TRUE,0.16,0.017258,0.026583,FALSE,FALSE,634.241279
3,45,AT3,FRD,AT,FR,Western,Western,FALSE,TRUE,0.12,0.0074,0.016556,FALSE,FALSE,997.055239
3,46,AT3,FRE,AT,FR,Western,Western,FALSE,TRUE,0.16,0.010858,0.021982,FALSE,FALSE,804.117638
3,47,AT3,FRF,AT,FR,Western,Western,FALSE,TRUE,0.14,0.011894,0.02278,FALSE,FALSE,574.547368
3,48,AT3,FRG,AT,FR,Western,Western,FALSE,TRUE,0.16,0.015955,0.026117,FALSE,FALSE,1085.317887
3,49,AT3,FRH,AT,FR,Western,Western,FALSE,TRUE,0.17,0.012321,0.02188,FALSE,FALSE,1203.625786
3,50,AT3,FRI,AT,FR,Western,Western,FALSE,TRUE,0.1,0.006286,0.019437,FALSE,FALSE,1033.889616
3,51,AT3,FRJ,AT,FR,Western,Western,FALSE,TRUE,0.16,0.011703,0.020647,FALSE,FALSE,972.527868
3,52,AT3,FRK,AT,FR,Western,Western,FALSE,TRUE,0.18,0.015667,0.024795,FALSE,FALSE,709.464594
3,53,AT3,FRL,AT,FR,Western,Western,FALSE,TRUE,0.13,0.009342,0.018316,FALSE,FALSE,695.406507
3,54,AT3,FRM,AT,FR,Western,Western,FALSE,TRUE,0.18,0.016802,0.02235,FALSE,FALSE,708.892719
3,55,AT3,HU1,AT,HU,Western,CEE,FALSE,FALSE,0.08,0.006258,0.035422,FALSE,FALSE,448.33992
3,56,AT3,HU2,AT,HU,Western,CEE,FALSE,FALSE,0.08,0.004568,0.023496,FALSE,TRUE,334.012434
3,57,AT3,HU3,AT,HU,Western,CEE,FALSE,FALSE,0.12,0.008773,0.050454,FALSE,FALSE,569.440059
3,58,AT3,IE0,AT,IE,Western,Western,FALSE,TRUE,0.21,0.015341,0.017835,FALSE,FALSE,1622.198153
3,59,AT3,ITC,AT,IT,Western,Southern,FALSE,FALSE,0.15,0.009243,0.017797,FALSE,FALSE,443.070605
3,60,AT3,ITF,AT,IT,Western,Southern,FALSE,FALSE,0.13,0.008352,0.017581,FALSE,FALSE,836.694266
3,61,AT3,ITG,AT,IT,Western,Southern,FALSE,FALSE,0.17,0.012211,0.02176,FALSE,FALSE,1121.167918
3,62,AT3,ITH,AT,IT,Western,Southern,FALSE,FALSE,0.13,0.009951,0.017929,TRUE,TRUE,287.049058
3,63,AT3,ITI,AT,IT,Western,Southern,FALSE,FALSE,0.15,0.009157,0.018374,FALSE,FALSE,544.083292
3,64,AT3,LT0,AT,LT,Western,Baltics,FALSE,FALSE,0.13,0.012732,0.036336,FALSE,FALSE,1101.795699
3,65,AT3,LU0,AT,LU,Western,Western,FALSE,TRUE,0.18,0.012991,0.018976,FALSE,FALSE,583.20548
3,66,AT3,LV0,AT,LV,Western,Baltics,FALSE,FALSE,0.21,0.019732,0.033679,FALSE,FALSE,1319.323252
3,67,AT3,MT0,AT,MT,Western,Southern,FALSE,FALSE,0.12,0.010844,0.022552,FALSE,FALSE,1292.792484
3,68,AT3,NL1,AT,NL,Western,Western,FALSE,TRUE,0.15,0.010878,0.016536,FALSE,FALSE,777.107986
3,69,AT3,NL2,AT,NL,Western,Western,FALSE,TRUE,0.17,0.012564,0.021367,FALSE,FALSE,722.811547
3,70,AT3,NL3,AT,NL,Western,Western,FALSE,TRUE,0.14,0.010542,0.019317,FALSE,FALSE,799.606587
3,71,AT3,NL4,AT,NL,Western,Western,FALSE,TRUE,0.13,0.00785,0.017581,FALSE,FALSE,684.972522
3,72,AT3,PL2,AT,PL,Western,CEE,FALSE,FALSE,0.12,0.007583,0.077509,FALSE,FALSE,540.272453
3,73,AT3,PL4,AT,PL,Western,CEE,FALSE,FALSE,0.07,0.003096,0.077983,FALSE,FALSE,607.481004
3,74,AT3,PL5,AT,PL,Western,CEE,FALSE,FALSE,0.08,0.006626,0.018029,FALSE,FALSE,437.163169
3,75,AT3,PL6,AT,PL,Western,CEE,FALSE,FALSE,0.12,0.007742,0.064064,FALSE,FALSE,769.615683
3,76,AT3,PL7,AT,PL,Western,CEE,FALSE,FALSE,0.17,0.014061,0.020628,FALSE,FALSE,597.939041
3,77,AT3,PL8,AT,PL,Western,CEE,FALSE,FALSE,0.14,0.009191,0.052885,FALSE,FALSE,808.585199
3,78,AT3,PL9,AT,PL,Western,CEE,FALSE,FALSE,0.08,0.005269,0.026408,FALSE,FALSE,764.482066
3,79,AT3,PT1,AT,PT,Western,Southern,FALSE,FALSE,0.14,0.010967,0.020636,FALSE,FALSE,1970.199605
3,80,AT3,PT2,AT,PT,Western,Southern,FALSE,FALSE,0.13,0.009762,0.016625,FALSE,FALSE,3304.239855
3,81,AT3,PT3,AT,PT,Western,Southern,FALSE,FALSE,0.11,0.007939,0.014128,FALSE,FALSE,3016.833645
3,82,AT3,RO1,AT,RO,Western,CEE,FALSE,FALSE,0.11,0.006895,0.081906,FALSE,FALSE,799.797954
3,83,AT3,RO2,AT,RO,Western,CEE,FALSE,FALSE,0.15,0.010824,0.033145,FALSE,FALSE,1072.591975
3,84,AT3,RO3,AT,RO,Western,CEE,FALSE,FALSE,0.12,0.007487,0.046194,FALSE,FALSE,1049.398437
3,85,AT3,RO4,AT,RO,Western,CEE,FALSE,FALSE,0.18,0.012874,0.049039,FALSE,FALSE,767.918485
3,86,AT3,SE1,AT,SE,Western,Northern,FALSE,FALSE,0.15,0.011559,0.037602,FALSE,FALSE,1290.906099
3,87,AT3,SE2,AT,SE,Western,Northern,FALSE,FALSE,0.13,0.008092,0.065428,FALSE,FALSE,1061.975763
3,88,AT3,SE3,AT,SE,Western,Northern,FALSE,FALSE,0.12,0.00662,0.049518,FALSE,FALSE,1810.768104
3,89,AT3,SI0,AT,SI,Western,CEE,FALSE,FALSE,0.16,0.024913,0.029289,FALSE,TRUE,195.048481
3,90,AT3,SK0,AT,SK,Western,CEE,FALSE,FALSE,0.18,0.010491,0.016277,FALSE,FALSE,418.269944
4,1,BE1,AT1,BE,AT,Western,Western,FALSE,TRUE,0.12,0.025384,0.030026,FALSE,FALSE,896.326124
4,2,BE1,AT2,BE,AT,Western,Western,FALSE,TRUE,0.12,0.010203,0.025446,FALSE,FALSE,883.580845
4,3,BE1,AT3,BE,AT,Western,Western,FALSE,TRUE,0.15,0.05658,0.052174,FALSE,FALSE,741.280922
4,5,BE1,BE2,BE,BE,Western,Western,TRUE,TRUE,0.11,0.01185,0.020458,TRUE,TRUE,24.711719
4,6,BE1,BE3,BE,BE,Western,Western,TRUE,TRUE,0.12,0.011698,0.024303,FALSE,TRUE,95.548968
4,7,BE1,BG3,BE,BG,Western,CEE,FALSE,FALSE,0.11,0.008449,0.014529,FALSE,FALSE,1774.44555
4,8,BE1,BG4,BE,BG,Western,CEE,FALSE,FALSE,0.1,0.00818,0.023968,FALSE,FALSE,1809.376694
4,9,BE1,CY0,BE,CY,Western,Southern,FALSE,FALSE,0.08,0.007461,0.015963,FALSE,FALSE,2891.254779
4,10,BE1,CZ0,BE,CZ,Western,CEE,FALSE,FALSE,0.07,0.007071,0.030616,FALSE,FALSE,814.565072
4,11,BE1,DE1,BE,DE,Western,Western,FALSE,TRUE,0.07,0.006046,0.019896,FALSE,FALSE,417.320823
4,12,BE1,DE2,BE,DE,Western,Western,FALSE,TRUE,0.14,0.015523,0.025094,FALSE,FALSE,595.185675
4,13,BE1,DE3,BE,DE,Western,Western,FALSE,TRUE,0.07,0.004874,0.015777,FALSE,FALSE,650.1564
4,14,BE1,DE4,BE,DE,Western,Western,FALSE,TRUE,0.14,0.018687,0.027568,FALSE,FALSE,601.655015
4,15,BE1,DE5,BE,DE,Western,Western,FALSE,TRUE,0.09,0.009463,0.018357,FALSE,FALSE,395.376564
4,16,BE1,DE6,BE,DE,Western,Western,FALSE,TRUE,0.08,0.005267,0.014057,FALSE,FALSE,491.500021
4,17,BE1,DE7,BE,DE,Western,Western,FALSE,TRUE,0.05,0.002451,0.013836,FALSE,FALSE,333.40858
4,18,BE1,DE8,BE,DE,Western,Western,FALSE,TRUE,0.06,0.004522,0.017014,FALSE,FALSE,644.019459
4,19,BE1,DE9,BE,DE,Western,Western,FALSE,TRUE,0.02,0.002338,0.016805,FALSE,FALSE,362.812141
4,20,BE1,DEA,BE,DE,Western,Western,FALSE,TRUE,0.06,0.007234,0.019186,FALSE,FALSE,232.357121
4,21,BE1,DEB,BE,DE,Western,Western,FALSE,TRUE,0.08,0.008493,0.021595,FALSE,FALSE,231.163152
4,22,BE1,DEC,BE,DE,Western,Western,FALSE,TRUE,0.08,0.01239,0.025726,FALSE,FALSE,248.193816
4,23,BE1,DED,BE,DE,Western,Western,FALSE,TRUE,0.16,0.020839,0.034187,FALSE,FALSE,640.209702
4,24,BE1,DEE,BE,DE,Western,Western,FALSE,TRUE,0.12,0.022657,0.02868,FALSE,FALSE,523.699806
4,25,BE1,DEF,BE,DE,Western,Western,FALSE,TRUE,0.08,0.011325,0.024697,FALSE,FALSE,522.320354
4,26,BE1,DEG,BE,DE,Western,Western,FALSE,TRUE,0.07,0.008021,0.021763,FALSE,FALSE,485.120982
4,27,BE1,DK0,BE,DK,Western,Northern,FALSE,FALSE,0.16,0.016131,0.024278,FALSE,FALSE,680.282652
4,28,BE1,EE0,BE,EE,Western,Baltics,FALSE,FALSE,0.13,0.012382,0.018305,FALSE,FALSE,1607.706007
4,29,BE1,EL3,BE,EL,Western,Southern,FALSE,FALSE,0.05,0.004524,0.048528,FALSE,FALSE,2074.009399
4,30,BE1,EL4,BE,EL,Western,Southern,FALSE,FALSE,0.04,0.002635,0.03812,FALSE,FALSE,2378.122797
4,31,BE1,EL5,BE,EL,Western,Southern,FALSE,FALSE,0.1,0.006497,0.050819,FALSE,FALSE,1763.027552
4,32,BE1,EL6,BE,EL,Western,Southern,FALSE,FALSE,0.07,0.004552,0.049027,FALSE,FALSE,1897.314437
4,33,BE1,ES1,BE,ES,Western,Southern,FALSE,FALSE,0.17,0.022541,0.030108,FALSE,FALSE,1086.011249
4,34,BE1,ES2,BE,ES,Western,Southern,FALSE,FALSE,0.07,0.004755,0.019972,FALSE,FALSE,1075.115755
4,35,BE1,ES3,BE,ES,Western,Southern,FALSE,FALSE,0.07,0.009041,0.019093,FALSE,FALSE,1304.460382
4,36,BE1,ES4,BE,ES,Western,Southern,FALSE,FALSE,0.12,0.011625,0.026728,FALSE,FALSE,1402.751617
4,37,BE1,ES5,BE,ES,Western,Southern,FALSE,FALSE,0.1,0.013882,0.02512,FALSE,FALSE,1255.151764
4,38,BE1,ES6,BE,ES,Western,Southern,FALSE,FALSE,0.11,0.01276,0.032009,FALSE,FALSE,1606.542514
4,39,BE1,ES7,BE,ES,Western,Southern,FALSE,FALSE,0.09,0.007921,0.019071,FALSE,FALSE,3025.063352
4,40,BE1,FI1,BE,FI,Western,Northern,FALSE,FALSE,0.1,0.013497,0.024869,FALSE,FALSE,2045.77142
4,41,BE1,FI2,BE,FI,Western,Northern,FALSE,FALSE,0.11,0.01258,0.01717,FALSE,FALSE,1423.324492
4,42,BE1,FR1,BE,FR,Western,Western,FALSE,TRUE,0.1,0.012392,0.021875,FALSE,FALSE,272.702287
4,43,BE1,FRB,BE,FR,Western,Western,FALSE,TRUE,0.13,0.035688,0.043138,FALSE,FALSE,408.362387
4,44,BE1,FRC,BE,FR,Western,Western,FALSE,TRUE,0.11,0.014442,0.027172,FALSE,FALSE,395.601148
4,45,BE1,FRD,BE,FR,Western,Western,FALSE,TRUE,0.07,0.00876,0.019188,FALSE,FALSE,370.697489
4,46,BE1,FRE,BE,FR,Western,Western,FALSE,TRUE,0.09,0.008646,0.024054,FALSE,TRUE,143.766651
4,47,BE1,FRF,BE,FR,Western,Western,FALSE,TRUE,0.11,0.016687,0.028903,FALSE,FALSE,251.823018
4,48,BE1,FRG,BE,FR,Western,Western,FALSE,TRUE,0.07,0.005821,0.021758,FALSE,FALSE,550.647136
4,49,BE1,FRH,BE,FR,Western,Western,FALSE,TRUE,0.17,0.022097,0.031365,FALSE,FALSE,597.210398
4,50,BE1,FRI,BE,FR,Western,Western,FALSE,TRUE,0.24,0.046227,0.049289,FALSE,FALSE,708.520964
4,51,BE1,FRJ,BE,FR,Western,Western,FALSE,TRUE,0.12,0.010926,0.019701,FALSE,FALSE,817.110128
4,52,BE1,FRK,BE,FR,Western,Western,FALSE,TRUE,0.06,0.01421,0.025434,FALSE,FALSE,597.727741
4,53,BE1,FRL,BE,FR,Western,Western,FALSE,TRUE,0.09,0.010781,0.01966,FALSE,FALSE,759.609062
4,54,BE1,FRM,BE,FR,Western,Western,FALSE,TRUE,0.08,0.010325,0.019208,FALSE,FALSE,1036.883131
4,55,BE1,HU1,BE,HU,Western,CEE,FALSE,FALSE,0.02,0.001435,0.027558,FALSE,FALSE,1150.902974
4,56,BE1,HU2,BE,HU,Western,CEE,FALSE,FALSE,0.03,0.001455,0.017803,FALSE,FALSE,1065.529814
4,57,BE1,HU3,BE,HU,Western,CEE,FALSE,FALSE,0.04,0.002049,0.038016,FALSE,FALSE,1271.028645
4,58,BE1,IE0,BE,IE,Western,Western,FALSE,TRUE,0.19,0.029449,0.029282,FALSE,FALSE,880.920753
4,59,BE1,ITC,BE,IT,Western,Southern,FALSE,FALSE,0.09,0.008601,0.018284,FALSE,FALSE,711.719338
4,60,BE1,ITF,BE,IT,Western,Southern,FALSE,FALSE,0.12,0.017555,0.029224,FALSE,FALSE,1465.0387
4,61,BE1,ITG,BE,IT,Western,Southern,FALSE,FALSE,0.12,0.01221,0.023362,FALSE,FALSE,1650.945774
4,62,BE1,ITH,BE,IT,Western,Southern,FALSE,FALSE,0.08,0.005874,0.016502,FALSE,FALSE,802.536709
4,63,BE1,ITI,BE,IT,Western,Southern,FALSE,FALSE,0.07,0.006273,0.015685,FALSE,FALSE,1067.540685
4,64,BE1,LT0,BE,LT,Western,Baltics,FALSE,FALSE,0.05,0.002573,0.022684,FALSE,FALSE,1377.428537
4,65,BE1,LU0,BE,LU,Western,Western,FALSE,TRUE,0.15,0.019791,0.024063,FALSE,TRUE,168.361792
4,66,BE1,LV0,BE,LV,Western,Baltics,FALSE,FALSE,0.03,0.003064,0.018782,FALSE,FALSE,1557.568653
4,67,BE1,MT0,BE,MT,Western,Southern,FALSE,FALSE,0.15,0.020674,0.032669,FALSE,FALSE,1821.090936
4,68,BE1,NL1,BE,NL,Western,Western,FALSE,TRUE,0.08,0.007628,0.014985,FALSE,FALSE,269.294872
4,69,BE1,NL2,BE,NL,Western,Western,FALSE,TRUE,0.1,0.019691,0.02761,FALSE,TRUE,204.862537
4,70,BE1,NL3,BE,NL,Western,Western,FALSE,TRUE,0.17,0.031415,0.037875,FALSE,TRUE,65.011851
4,71,BE1,NL4,BE,NL,Western,Western,FALSE,TRUE,0.07,0.013912,0.022831,FALSE,TRUE,105.566817
4,72,BE1,PL2,BE,PL,Western,CEE,FALSE,FALSE,0.01,2.94e-4,0.056084,FALSE,FALSE,1093.307403
4,73,BE1,PL4,BE,PL,Western,CEE,FALSE,FALSE,0.05,0.002758,0.058568,FALSE,FALSE,823.165212
4,74,BE1,PL5,BE,PL,Western,CEE,FALSE,FALSE,0.03,0.00251,0.013795,FALSE,FALSE,878.257193
4,75,BE1,PL6,BE,PL,Western,CEE,FALSE,FALSE,0,0,0.043852,FALSE,FALSE,1048.82794
4,76,BE1,PL7,BE,PL,Western,CEE,FALSE,FALSE,0.08,0.007043,0.016893,FALSE,FALSE,1055.966752
4,77,BE1,PL8,BE,PL,Western,CEE,FALSE,FALSE,0.04,0.00378,0.037567,FALSE,FALSE,1281.11559
4,78,BE1,PL9,BE,PL,Western,CEE,FALSE,FALSE,0.04,0.003025,0.020202,FALSE,FALSE,1175.174397
4,79,BE1,PT1,BE,PT,Western,Southern,FALSE,FALSE,0.07,0.012203,0.023214,FALSE,FALSE,1605.781789
4,80,BE1,PT2,BE,PT,Western,Southern,FALSE,FALSE,0.05,0.005962,0.014923,FALSE,FALSE,2735.0411
4,81,BE1,PT3,BE,PT,Western,Southern,FALSE,FALSE,0.11,0.015729,0.020615,FALSE,FALSE,2634.661587
4,82,BE1,RO1,BE,RO,Western,CEE,FALSE,FALSE,0.08,0.005163,0.057527,FALSE,FALSE,1495.607827
4,83,BE1,RO2,BE,RO,Western,CEE,FALSE,FALSE,0.05,0.002729,0.024941,FALSE,FALSE,1766.3821
4,84,BE1,RO3,BE,RO,Western,CEE,FALSE,FALSE,0.02,0.001178,0.031113,FALSE,FALSE,1773.637356
4,85,BE1,RO4,BE,RO,Western,CEE,FALSE,FALSE,0.04,0.003264,0.031071,FALSE,FALSE,1498.075457
4,86,BE1,SE1,BE,SE,Western,Northern,FALSE,FALSE,0.11,0.014713,0.046863,FALSE,FALSE,1201.269218
4,87,BE1,SE2,BE,SE,Western,Northern,FALSE,FALSE,0.11,0.009728,0.074728,FALSE,FALSE,962.393684
4,88,BE1,SE3,BE,SE,Western,Northern,FALSE,FALSE,0.1,0.008078,0.050451,FALSE,FALSE,1619.940154
4,89,BE1,SI0,BE,SI,Western,CEE,FALSE,FALSE,0.1,0.014953,0.026259,FALSE,FALSE,915.724726
4,90,BE1,SK0,BE,SK,Western,CEE,FALSE,FALSE,0.04,0.003912,0.011975,FALSE,FALSE,1066.653212
5,1,BE2,AT1,BE,AT,Western,Western,FALSE,TRUE,0.17,0.035665,0.037343,FALSE,FALSE,914.736476
5,2,BE2,AT2,BE,AT,Western,Western,FALSE,TRUE,0.17,0.042469,0.044602,FALSE,FALSE,903.85537
5,3,BE2,AT3,BE,AT,Western,Western,FALSE,TRUE,0.15,0.016726,0.024014,FALSE,FALSE,761.676502
5,4,BE2,BE1,BE,BE,Western,Western,TRUE,TRUE,0.05,0.006031,0.014521,TRUE,TRUE,24.711719
5,6,BE2,BE3,BE,BE,Western,Western,TRUE,TRUE,0.1,0.014687,0.02336,TRUE,TRUE,120.101115
5,7,BE2,BG3,BE,BG,Western,CEE,FALSE,FALSE,0.09,0.009118,0.017538,FALSE,FALSE,1793.512864
5,8,BE2,BG4,BE,BG,Western,CEE,FALSE,FALSE,0.11,0.008896,0.016149,FALSE,FALSE,1829.701184
5,9,BE2,CY0,BE,CY,Western,Southern,FALSE,FALSE,0.09,0.00824,0.018261,FALSE,FALSE,2911.669741
5,10,BE2,CZ0,BE,CZ,Western,CEE,FALSE,FALSE,0.09,0.00859,0.024937,FALSE,FALSE,828.891249
5,11,BE2,DE1,BE,DE,Western,Western,FALSE,TRUE,0.09,0.011183,0.023352,FALSE,FALSE,439.718073
5,12,BE2,DE2,BE,DE,Western,Western,FALSE,TRUE,0.13,0.012376,0.023251,FALSE,FALSE,614.068149
5,13,BE2,DE3,BE,DE,Western,Western,FALSE,TRUE,0.17,0.022791,0.026438,FALSE,FALSE,655.096878
5,14,BE2,DE4,BE,DE,Western,Western,FALSE,TRUE,0.1,0.021122,0.027518,FALSE,FALSE,606.367045
5,15,BE2,DE5,BE,DE,Western,Western,FALSE,TRUE,0.12,0.01153,0.019935,FALSE,FALSE,391.545817
5,16,BE2,DE6,BE,DE,Western,Western,FALSE,TRUE,0.09,0.007295,0.016845,FALSE,FALSE,487.766345
5,17,BE2,DE7,BE,DE,Western,Western,FALSE,TRUE,0.11,0.014671,0.021565,FALSE,FALSE,347.857527
5,18,BE2,DE8,BE,DE,Western,Western,FALSE,TRUE,0.08,0.005881,0.01753,FALSE,FALSE,642.655042
5,19,BE2,DE9,BE,DE,Western,Western,FALSE,TRUE,0.07,0.007143,0.018924,FALSE,FALSE,362.173389
5,20,BE2,DEA,BE,DE,Western,Western,FALSE,TRUE,0.09,0.014996,0.02542,FALSE,FALSE,239.443936
5,21,BE2,DEB,BE,DE,Western,Western,FALSE,TRUE,0.11,0.0125,0.022232,FALSE,FALSE,251.913025
5,22,BE2,DEC,BE,DE,Western,Western,FALSE,TRUE,0.07,0.00774,0.024858,FALSE,FALSE,271.669055
5,23,BE2,DED,BE,DE,Western,Western,FALSE,TRUE,0.1,0.019232,0.03082,FALSE,FALSE,651.588012
5,24,BE2,DEE,BE,DE,Western,Western,FALSE,TRUE,0.11,0.013419,0.023874,FALSE,FALSE,530.087311
5,25,BE2,DEF,BE,DE,Western,Western,FALSE,TRUE,0.08,0.00681,0.022449,FALSE,FALSE,516.189732
5,26,BE2,DEG,BE,DE,Western,Western,FALSE,TRUE,0.19,0.026659,0.040368,FALSE,FALSE,496.911529
5,27,BE2,DK0,BE,DK,Western,Northern,FALSE,FALSE,0.12,0.013024,0.02203,FALSE,FALSE,667.177912
5,28,BE2,EE0,BE,EE,Western,Baltics,FALSE,FALSE,0.13,0.011148,0.018545,FALSE,FALSE,1603.226922
5,29,BE2,EL3,BE,EL,Western,Southern,FALSE,FALSE,0.04,0.002697,0.044374,FALSE,FALSE,2096.604094
5,30,BE2,EL4,BE,EL,Western,Southern,FALSE,FALSE,0.04,0.003788,0.03485,FALSE,FALSE,2401.216777
5,31,BE2,EL5,BE,EL,Western,Southern,FALSE,FALSE,0.1,0.009647,0.049873,FALSE,FALSE,1785.197953
5,32,BE2,EL6,BE,EL,Western,Southern,FALSE,FALSE,0.06,0.006072,0.047114,FALSE,FALSE,1919.976909
5,33,BE2,ES1,BE,ES,Western,Southern,FALSE,FALSE,0.13,0.013632,0.024334,FALSE,FALSE,1093.482213
5,34,BE2,ES2,BE,ES,Western,Southern,FALSE,FALSE,0.14,0.014733,0.026893,FALSE,FALSE,1090.123474
5,35,BE2,ES3,BE,ES,Western,Southern,FALSE,FALSE,0.12,0.013628,0.023554,FALSE,FALSE,1316.059681
5,36,BE2,ES4,BE,ES,Western,Southern,FALSE,FALSE,0.07,0.007003,0.023676,FALSE,FALSE,1412.341092
5,37,BE2,ES5,BE,ES,Western,Southern,FALSE,FALSE,0.1,0.010741,0.027986,FALSE,FALSE,1275.340447
5,38,BE2,ES6,BE,ES,Western,Southern,FALSE,FALSE,0.1,0.009086,0.027334,FALSE,FALSE,1620.057185
5,39,BE2,ES7,BE,ES,Western,Southern,FALSE,FALSE,0.06,0.005662,0.013905,FALSE,FALSE,3032.312004
5,40,BE2,FI1,BE,FI,Western,Northern,FALSE,FALSE,0.11,0.010395,0.020998,FALSE,FALSE,2034.817949
5,41,BE2,FI2,BE,FI,Western,Northern,FALSE,FALSE,0.09,0.008998,0.015916,FALSE,FALSE,1414.117515
5,42,BE2,FR1,BE,FR,Western,Western,FALSE,TRUE,0.15,0.017246,0.027412,FALSE,FALSE,285.859609
5,43,BE2,FRB,BE,FR,Western,Western,FALSE,TRUE,0.13,0.013935,0.028488,FALSE,FALSE,420.745991
5,44,BE2,FRC,BE,FR,Western,Western,FALSE,TRUE,0.07,0.005934,0.019162,FALSE,FALSE,418.314162
5,45,BE2,FRD,BE,FR,Western,Western,FALSE,TRUE,0.09,0.009733,0.020879,FALSE,FALSE,371.919084
5,46,BE2,FRE,BE,FR,Western,Western,FALSE,TRUE,0.03,0.003028,0.016304,TRUE,TRUE,151.611482
5,47,BE2,FRF,BE,FR,Western,Western,FALSE,TRUE,0.11,0.011641,0.02486,FALSE,FALSE,276.417793
5,48,BE2,FRG,BE,FR,Western,Western,FALSE,TRUE,0.14,0.020761,0.030715,FALSE,FALSE,556.075035
5,49,BE2,FRH,BE,FR,Western,Western,FALSE,TRUE,0.1,0.009166,0.019035,FALSE,FALSE,596.480324
5,50,BE2,FRI,BE,FR,Western,Western,FALSE,TRUE,0.13,0.014169,0.026526,FALSE,FALSE,722.616685
5,51,BE2,FRJ,BE,FR,Western,Western,FALSE,TRUE,0.07,0.007947,0.018016,FALSE,FALSE,835.597601
5,52,BE2,FRK,BE,FR,Western,Western,FALSE,TRUE,0.11,0.018418,0.027244,FALSE,FALSE,619.654364
5,53,BE2,FRL,BE,FR,Western,Western,FALSE,TRUE,0.11,0.02004,0.028388,FALSE,FALSE,782.836428
5,54,BE2,FRM,BE,FR,Western,Western,FALSE,TRUE,0.14,0.015303,0.023781,FALSE,FALSE,1061.34769
5,55,BE2,HU1,BE,HU,Western,CEE,FALSE,FALSE,0.05,0.006312,0.036185,FALSE,FALSE,1168.131904
5,56,BE2,HU2,BE,HU,Western,CEE,FALSE,FALSE,0.06,0.006495,0.018249,FALSE,FALSE,1084.553879
5,57,BE2,HU3,BE,HU,Western,CEE,FALSE,FALSE,0.03,0.003133,0.044092,FALSE,FALSE,1287.925848
5,58,BE2,IE0,BE,IE,Western,Western,FALSE,TRUE,0.06,0.004849,0.010517,FALSE,FALSE,860.833425
5,59,BE2,ITC,BE,IT,Western,Southern,FALSE,FALSE,0.08,0.005629,0.015852,FALSE,FALSE,736.430067
5,60,BE2,ITF,BE,IT,Western,Southern,FALSE,FALSE,0.13,0.024687,0.030781,FALSE,FALSE,1489.24774
5,61,BE2,ITG,BE,IT,Western,Southern,FALSE,FALSE,0.1,0.009827,0.019888,FALSE,FALSE,1675.656736
5,62,BE2,ITH,BE,IT,Western,Southern,FALSE,FALSE,0.12,0.011949,0.022749,FALSE,FALSE,826.539654
5,63,BE2,ITI,BE,IT,Western,Southern,FALSE,FALSE,0.08,0.010887,0.020794,FALSE,FALSE,1092.093246
5,64,BE2,LT0,BE,LT,Western,Baltics,FALSE,FALSE,0.07,0.005849,0.026834,FALSE,FALSE,1378.608503
5,65,BE2,LU0,BE,LU,Western,Western,FALSE,TRUE,0.09,0.007594,0.016781,FALSE,TRUE,192.112411
5,66,BE2,LV0,BE,LV,Western,Baltics,FALSE,FALSE,0.08,0.007281,0.020844,FALSE,FALSE,1556.650417
5,67,BE2,MT0,BE,MT,Western,Southern,FALSE,FALSE,0.13,0.012234,0.019797,FALSE,FALSE,1845.800764
5,68,BE2,NL1,BE,NL,Western,Western,FALSE,TRUE,0.14,0.014489,0.019513,FALSE,FALSE,256.936258
5,69,BE2,NL2,BE,NL,Western,Western,FALSE,TRUE,0.15,0.014527,0.023431,FALSE,TRUE,197.034481
5,70,BE2,NL3,BE,NL,Western,Western,FALSE,TRUE,0.12,0.011377,0.019727,TRUE,TRUE,40.649746
5,71,BE2,NL4,BE,NL,Western,Western,FALSE,TRUE,0.14,0.014366,0.02218,TRUE,TRUE,108.774294
5,72,BE2,PL2,BE,PL,Western,CEE,FALSE,FALSE,0.03,0.002505,0.05822,FALSE,FALSE,1105.414218
5,73,BE2,PL4,BE,PL,Western,CEE,FALSE,FALSE,0.03,0.002436,0.060397,FALSE,FALSE,827.714486
5,74,BE2,PL5,BE,PL,Western,CEE,FALSE,FALSE,0.04,0.003484,0.014414,FALSE,FALSE,889.088031
5,75,BE2,PL6,BE,PL,Western,CEE,FALSE,FALSE,0.06,0.004947,0.046278,FALSE,FALSE,1052.519357
5,76,BE2,PL7,BE,PL,Western,CEE,FALSE,FALSE,0.03,0.003548,0.012494,FALSE,FALSE,1065.347547
5,77,BE2,PL8,BE,PL,Western,CEE,FALSE,FALSE,0.04,0.00269,0.037275,FALSE,FALSE,1289.415392
5,78,BE2,PL9,BE,PL,Western,CEE,FALSE,FALSE,0.07,0.005898,0.023168,FALSE,FALSE,1182.091126
5,79,BE2,PT1,BE,PT,Western,Southern,FALSE,FALSE,0.08,0.020064,0.026456,FALSE,FALSE,1612.956559
5,80,BE2,PT2,BE,PT,Western,Southern,FALSE,FALSE,0.03,0.003512,0.013724,FALSE,FALSE,2730.643649
5,81,BE2,PT3,BE,PT,Western,Southern,FALSE,FALSE,0.09,0.007678,0.015706,FALSE,FALSE,2639.304331
5,82,BE2,RO1,BE,RO,Western,CEE,FALSE,FALSE,0.08,0.007833,0.065629,FALSE,FALSE,1511.800588
5,83,BE2,RO2,BE,RO,Western,CEE,FALSE,FALSE,0.06,0.005125,0.026134,FALSE,FALSE,1782.11445
5,84,BE2,RO3,BE,RO,Western,CEE,FALSE,FALSE,0.02,0.001917,0.034928,FALSE,FALSE,1791.39605
5,85,BE2,RO4,BE,RO,Western,CEE,FALSE,FALSE,0.09,0.011266,0.040593,FALSE,FALSE,1516.530568
5,86,BE2,SE1,BE,SE,Western,Northern,FALSE,FALSE,0.21,0.023278,0.059822,FALSE,FALSE,1191.288438
5,87,BE2,SE2,BE,SE,Western,Northern,FALSE,FALSE,0.16,0.020538,0.10102,FALSE,FALSE,953.898334
5,88,BE2,SE3,BE,SE,Western,Northern,FALSE,FALSE,0.11,0.012343,0.0711,FALSE,FALSE,1605.04311
5,89,BE2,SI0,BE,SI,Western,CEE,FALSE,FALSE,0.09,0.008349,0.01876,FALSE,FALSE,937.446858
5,90,BE2,SK0,BE,SK,Western,CEE,FALSE,FALSE,0.07,0.007762,0.013757,FALSE,FALSE,1082.072447
6,1,BE3,AT1,BE,AT,Western,Western,FALSE,TRUE,0.1,0.012548,0.022398,FALSE,FALSE,819.95063
6,2,BE3,AT2,BE,AT,Western,Western,FALSE,TRUE,0.16,0.014565,0.026032,FALSE,FALSE,800.49044
6,3,BE3,AT3,BE,AT,Western,Western,FALSE,TRUE,0.16,0.015486,0.024019,FALSE,FALSE,658.100111
6,4,BE3,BE1,BE,BE,Western,Western,TRUE,TRUE,0.11,0.011447,0.021695,FALSE,TRUE,95.548968
6,5,BE3,BE2,BE,BE,Western,Western,TRUE,TRUE,0.08,0.006968,0.018039,TRUE,TRUE,120.101115
6,7,BE3,BG3,BE,BG,Western,CEE,FALSE,FALSE,0.09,0.006534,0.011788,FALSE,FALSE,1694.590199
6,8,BE3,BG4,BE,BG,Western,CEE,FALSE,FALSE,0.09,0.007464,0.014812,FALSE,FALSE,1725.254565
6,9,BE3,CY0,BE,CY,Western,Southern,FALSE,FALSE,0.13,0.01157,0.018172,FALSE,FALSE,2806.55505
6,10,BE3,CZ0,BE,CZ,Western,CEE,FALSE,FALSE,0.05,0.003157,0.019333,FALSE,FALSE,753.93578
6,11,BE3,DE1,BE,DE,Western,Western,FALSE,TRUE,0.13,0.011725,0.023616,FALSE,FALSE,328.04306
6,12,BE3,DE2,BE,DE,Western,Western,FALSE,TRUE,0.1,0.00808,0.020388,FALSE,FALSE,518.332681
6,13,BE3,DE3,BE,DE,Western,Western,FALSE,TRUE,0.14,0.014518,0.021133,FALSE,FALSE,627.617604
6,14,BE3,DE4,BE,DE,Western,Western,FALSE,TRUE,0.12,0.013812,0.021348,FALSE,FALSE,580.707282
6,15,BE3,DE5,BE,DE,Western,Western,FALSE,TRUE,0.1,0.008565,0.018565,FALSE,FALSE,412.203771
6,16,BE3,DE6,BE,DE,Western,Western,FALSE,TRUE,0.11,0.010447,0.017858,FALSE,FALSE,505.277508
6,17,BE3,DE7,BE,DE,Western,Western,FALSE,TRUE,0.13,0.011503,0.018236,FALSE,FALSE,279.587267
6,18,BE3,DE8,BE,DE,Western,Western,FALSE,TRUE,0.16,0.012688,0.022484,FALSE,FALSE,646.030241
6,19,BE3,DE9,BE,DE,Western,Western,FALSE,TRUE,0.12,0.011426,0.021216,FALSE,FALSE,368.886786
6,20,BE3,DEA,BE,DE,Western,Western,FALSE,TRUE,0.19,0.016669,0.024871,TRUE,FALSE,217.147187
6,21,BE3,DEB,BE,DE,Western,Western,FALSE,TRUE,0.17,0.027511,0.03335,TRUE,TRUE,152.581845
6,22,BE3,DEC,BE,DE,Western,Western,FALSE,TRUE,0.11,0.011279,0.023097,FALSE,TRUE,155.874419
6,23,BE3,DED,BE,DE,Western,Western,FALSE,TRUE,0.04,0.004797,0.021771,FALSE,FALSE,592.482652
6,24,BE3,DEE,BE,DE,Western,Western,FALSE,TRUE,0.1,0.01741,0.025493,FALSE,FALSE,497.544253
6,25,BE3,DEF,BE,DE,Western,Western,FALSE,TRUE,0.17,0.019332,0.029186,FALSE,FALSE,544.503673
6,26,BE3,DEG,BE,DE,Western,Western,FALSE,TRUE,0.08,0.006191,0.023015999999999998,FALSE,FALSE,438.08975
6,27,BE3,DK0,BE,DK,Western,Northern,FALSE,FALSE,0.09,0.00844,0.018371,FALSE,FALSE,726.70228
6,28,BE3,EE0,BE,EE,Western,Baltics,FALSE,FALSE,0.15,0.016779,0.020644,FALSE,FALSE,1616.468962
6,29,BE3,EL3,BE,EL,Western,Southern,FALSE,FALSE,0.06,0.004056,0.048144,FALSE,FALSE,1982.690368
6,30,BE3,EL4,BE,EL,Western,Southern,FALSE,FALSE,0.05,0.004546,0.039521,FALSE,FALSE,2285.381773
6,31,BE3,EL5,BE,EL,Western,Southern,FALSE,FALSE,0.09,0.006506,0.051682,FALSE,FALSE,1673.020465
6,32,BE3,EL6,BE,EL,Western,Southern,FALSE,FALSE,0.08,0.008936,0.051036,FALSE,FALSE,1805.82434
6,33,BE3,ES1,BE,ES,Western,Southern,FALSE,FALSE,0.12,0.011739,0.02195,FALSE,FALSE,1074.100258
6,34,BE3,ES2,BE,ES,Western,Southern,FALSE,FALSE,0.09,0.009029,0.019971,FALSE,FALSE,1031.322441
6,35,BE3,ES3,BE,ES,Western,Southern,FALSE,FALSE,0.12,0.01162,0.019432,FALSE,FALSE,1274.611618
6,36,BE3,ES4,BE,ES,Western,Southern,FALSE,FALSE,0.14,0.014373,0.025161,FALSE,FALSE,1381.008016
6,37,BE3,ES5,BE,ES,Western,Southern,FALSE,FALSE,0.14,0.017124,0.030181,FALSE,FALSE,1186.880238
6,38,BE3,ES6,BE,ES,Western,Southern,FALSE,FALSE,0.12,0.015393,0.033341,FALSE,FALSE,1567.814466
6,39,BE3,ES7,BE,ES,Western,Southern,FALSE,FALSE,0.17,0.016013,0.021694,FALSE,FALSE,3010.724935
6,40,BE3,FI1,BE,FI,Western,Northern,FALSE,FALSE,0.16,0.021217,0.028279,FALSE,FALSE,2079.330842
6,41,BE3,FI2,BE,FI,Western,Northern,FALSE,FALSE,0.1,0.008465,0.013326,FALSE,FALSE,1451.039132
6,42,BE3,FR1,BE,FR,Western,Western,FALSE,TRUE,0.16,0.025553,0.031111,FALSE,FALSE,251.780622
6,43,BE3,FRB,BE,FR,Western,Western,FALSE,TRUE,0.11,0.009422,0.021336,FALSE,FALSE,384.149206
6,44,BE3,FRC,BE,FR,Western,Western,FALSE,TRUE,0.13,0.015546,0.026085,FALSE,FALSE,317.756149
6,45,BE3,FRD,BE,FR,Western,Western,FALSE,TRUE,0.2,0.022645,0.028284,FALSE,FALSE,392.9608
6,46,BE3,FRE,BE,FR,Western,Western,FALSE,TRUE,0.18,0.018479,0.027538,TRUE,FALSE,163.23559
6,47,BE3,FRF,BE,FR,Western,Western,FALSE,TRUE,0.08,0.006624,0.020709,TRUE,TRUE,160.26093
6,48,BE3,FRG,BE,FR,Western,Western,FALSE,TRUE,0.13,0.011857,0.02675,FALSE,FALSE,552.054288
6,49,BE3,FRH,BE,FR,Western,Western,FALSE,TRUE,0.12,0.012114,0.021733,FALSE,FALSE,621.266275
6,50,BE3,FRI,BE,FR,Western,Western,FALSE,TRUE,0.09,0.007029,0.019763,FALSE,FALSE,671.111974
6,51,BE3,FRJ,BE,FR,Western,Western,FALSE,TRUE,0.1,0.015325,0.024353,FALSE,FALSE,758.476527
6,52,BE3,FRK,BE,FR,Western,Western,FALSE,TRUE,0.1,0.008594,0.018603,FALSE,FALSE,522.685752
6,53,BE3,FRL,BE,FR,Western,Western,FALSE,TRUE,0.15,0.015765,0.021512,FALSE,FALSE,676.368463
6,54,BE3,FRM,BE,FR,Western,Western,FALSE,TRUE,0.09,0.006982,0.016989,FALSE,FALSE,945.160816
6,55,BE3,HU1,BE,HU,Western,CEE,FALSE,FALSE,0.07,0.008893,0.040512,FALSE,FALSE,1078.246299
6,56,BE3,HU2,BE,HU,Western,CEE,FALSE,FALSE,0.07,0.008266,0.020457,FALSE,FALSE,986.549106
6,57,BE3,HU3,BE,HU,Western,CEE,FALSE,FALSE,0.04,0.005769,0.049905,FALSE,FALSE,1199.360296
6,58,BE3,IE0,BE,IE,Western,Western,FALSE,TRUE,0.04,0.002445,0.008615,FALSE,FALSE,966.437641
6,59,BE3,ITC,BE,IT,Western,Southern,FALSE,FALSE,0.13,0.010513,0.019114,FALSE,FALSE,617.198275
6,60,BE3,ITF,BE,IT,Western,Southern,FALSE,FALSE,0.15,0.011587,0.021747,FALSE,FALSE,1369.786248
6,61,BE3,ITG,BE,IT,Western,Southern,FALSE,FALSE,0.07,0.010159,0.018742,FALSE,FALSE,1556.121787
6,62,BE3,ITH,BE,IT,Western,Southern,FALSE,FALSE,0.1,0.036189,0.037175,FALSE,FALSE,707.71852
6,63,BE3,ITI,BE,IT,Western,Southern,FALSE,FALSE,0.13,0.013564,0.022929,FALSE,FALSE,972.000151
6,64,BE3,LT0,BE,LT,Western,Baltics,FALSE,FALSE,0.08,0.008097,0.028501,FALSE,FALSE,1364.864097
6,65,BE3,LU0,BE,LU,Western,Western,FALSE,TRUE,0.13,0.018441,0.022979,TRUE,TRUE,75.998377
6,66,BE3,LV0,BE,LV,Western,Baltics,FALSE,FALSE,0.07,0.004637,0.022037,FALSE,FALSE,1552.623065
6,67,BE3,MT0,BE,MT,Western,Southern,FALSE,FALSE,0.16,0.013469,0.021715,FALSE,FALSE,1726.528198
6,68,BE3,NL1,BE,NL,Western,Western,FALSE,TRUE,0.09,0.004999,0.011668,FALSE,FALSE,321.56041
6,69,BE3,NL2,BE,NL,Western,Western,FALSE,TRUE,0.09,0.010215,0.020723,FALSE,FALSE,246.742547
6,70,BE3,NL3,BE,NL,Western,Western,FALSE,TRUE,0.13,0.014751,0.023969,FALSE,FALSE,160.560278
6,71,BE3,NL4,BE,NL,Western,Western,FALSE,TRUE,0.11,0.012087,0.022433,TRUE,TRUE,131.960834
6,72,BE3,PL2,BE,PL,Western,CEE,FALSE,FALSE,0.06,0.004457,0.070325,FALSE,FALSE,1039.908529
6,73,BE3,PL4,BE,PL,Western,CEE,FALSE,FALSE,0.07,0.00436,0.075719,FALSE,FALSE,800.344442
6,74,BE3,PL5,BE,PL,Western,CEE,FALSE,FALSE,0.1,0.007847,0.018788,FALSE,FALSE,830.71757
6,75,BE3,PL6,BE,PL,Western,CEE,FALSE,FALSE,0.09,0.008967,0.054615,FALSE,FALSE,1027.86816
6,76,BE3,PL7,BE,PL,Western,CEE,FALSE,FALSE,0.06,0.004481,0.012938,FALSE,FALSE,1013.099351
6,77,BE3,PL8,BE,PL,Western,CEE,FALSE,FALSE,0.07,0.003882,0.04203,FALSE,FALSE,1241.564521
6,78,BE3,PL9,BE,PL,Western,CEE,FALSE,FALSE,0.08,0.008593,0.030372,FALSE,FALSE,1141.260067
6,79,BE3,PT1,BE,PT,Western,Southern,FALSE,FALSE,0.1,0.013975,0.022362,FALSE,FALSE,1593.38345
6,80,BE3,PT2,BE,PT,Western,Southern,FALSE,FALSE,0.1,0.009711,0.017121,FALSE,FALSE,2765.766403
6,81,BE3,PT3,BE,PT,Western,Southern,FALSE,FALSE,0.1,0.010401,0.016902,FALSE,FALSE,2630.961899
6,82,BE3,RO1,BE,RO,Western,CEE,FALSE,FALSE,0.06,0.005328,0.059979,FALSE,FALSE,1426.163136
6,83,BE3,RO2,BE,RO,Western,CEE,FALSE,FALSE,0.08,0.005664,0.026016,FALSE,FALSE,1698.299157
6,84,BE3,RO3,BE,RO,Western,CEE,FALSE,FALSE,0.05,0.003486,0.031239,FALSE,FALSE,1698.331269
6,85,BE3,RO4,BE,RO,Western,CEE,FALSE,FALSE,0.03,0.002405,0.030372,FALSE,FALSE,1420.552769
6,86,BE3,SE1,BE,SE,Western,Northern,FALSE,FALSE,0.09,0.008387,0.050002,FALSE,FALSE,1232.680971
6,87,BE3,SE2,BE,SE,Western,Northern,FALSE,FALSE,0.16,0.017932,0.087347,FALSE,FALSE,989.060125
6,88,BE3,SE3,BE,SE,Western,Northern,FALSE,FALSE,0.2,0.017889,0.065769,FALSE,FALSE,1669.927494
6,89,BE3,SI0,BE,SI,Western,CEE,FALSE,FALSE,0.13,0.016051,0.023397,FALSE,FALSE,827.588873
6,90,BE3,SK0,BE,SK,Western,CEE,FALSE,FALSE,0.09,0.006243,0.013668,FALSE,FALSE,1000.874909
7,1,BG3,AT1,BG,AT,CEE,Western,FALSE,FALSE,0.11,0.011067,0.016921,FALSE,FALSE,879.994085
7,2,BG3,AT2,BG,AT,CEE,Western,FALSE,FALSE,0.15,0.023281,0.03041,FALSE,FALSE,896.106667
7,3,BG3,AT3,BG,AT,CEE,Western,FALSE,FALSE,0.13,0.011114,0.019395,FALSE,FALSE,1037.701293
7,4,BG3,BE1,BG,BE,CEE,Western,FALSE,FALSE,0.08,0.008851,0.014403,FALSE,FALSE,1774.44555
7,5,BG3,BE2,BG,BE,CEE,Western,FALSE,FALSE,0.13,0.014009,0.021055,FALSE,FALSE,1793.512864
7,6,BG3,BE3,BG,BE,CEE,Western,FALSE,FALSE,0.06,0.008656,0.017803,FALSE,FALSE,1694.590199
7,8,BG3,BG4,BG,BG,CEE,CEE,TRUE,TRUE,0.13,0.010762,0.014945,TRUE,TRUE,156.103155
7,9,BG3,CY0,BG,CY,CEE,Southern,FALSE,FALSE,0.12,0.012488,0.016219,FALSE,FALSE,1136.433826
7,10,BG3,CZ0,BG,CZ,CEE,CEE,FALSE,TRUE,0.19,0.016778,0.027763,FALSE,FALSE,1013.281336
7,11,BG3,DE1,BG,DE,CEE,Western,FALSE,FALSE,0.08,0.006627,0.01721,FALSE,FALSE,1373.358769
7,12,BG3,DE2,BG,DE,CEE,Western,FALSE,FALSE,0.09,0.009803,0.017173,FALSE,FALSE,1179.448885
7,13,BG3,DE3,BG,DE,CEE,Western,FALSE,FALSE,0.19,0.023533,0.026309,FALSE,FALSE,1340.917243
7,14,BG3,DE4,BG,DE,CEE,Western,FALSE,FALSE,0.08,0.007605,0.014409,FALSE,FALSE,1372.845278
7,15,BG3,DE5,BG,DE,CEE,Western,FALSE,FALSE,0.05,0.003662,0.010716,FALSE,FALSE,1619.669531
7,16,BG3,DE6,BG,DE,CEE,Western,FALSE,FALSE,0.1,0.005945,0.012723,FALSE,FALSE,1589.846356
7,17,BG3,DE7,BG,DE,CEE,Western,FALSE,FALSE,0.11,0.009057,0.014933,FALSE,FALSE,1457.180984
7,18,BG3,DE8,BG,DE,CEE,Western,FALSE,FALSE,0.11,0.007619,0.015432,FALSE,FALSE,1495.466461
7,19,BG3,DE9,BG,DE,CEE,Western,FALSE,FALSE,0.12,0.011051,0.019955,FALSE,FALSE,1586.695968
7,20,BG3,DEA,BG,DE,CEE,Western,FALSE,FALSE,0.08,0.008994,0.016073,FALSE,FALSE,1593.605407
7,21,BG3,DEB,BG,DE,CEE,Western,FALSE,FALSE,0.07,0.006624,0.015126,FALSE,FALSE,1544.390486
7,22,BG3,DEC,BG,DE,CEE,Western,FALSE,FALSE,0.15,0.012121,0.020162,FALSE,FALSE,1544.738921
7,23,BG3,DED,BG,DE,CEE,Western,FALSE,FALSE,0.1,0.008391,0.016789,FALSE,FALSE,1216.46746
7,24,BG3,DEE,BG,DE,CEE,Western,FALSE,FALSE,0.04,0.006661,0.015262,FALSE,FALSE,1389.308822
7,25,BG3,DEF,BG,DE,CEE,Western,FALSE,FALSE,0.16,0.014315,0.022153,FALSE,FALSE,1632.577554
7,26,BG3,DEG,BG,DE,CEE,Western,FALSE,FALSE,0.08,0.006464,0.01868,FALSE,FALSE,1341.441789
7,27,BG3,DK0,BG,DK,CEE,Northern,FALSE,FALSE,0.12,0.008649,0.016626,FALSE,FALSE,1823.118518
7,28,BG3,EE0,BG,EE,CEE,Baltics,FALSE,FALSE,0.19,0.014885,0.019942,FALSE,FALSE,1725.603581
7,29,BG3,EL3,BG,EL,CEE,Southern,FALSE,FALSE,0.04,0.001607,0.034615,FALSE,FALSE,604.45244
7,30,BG3,EL4,BG,EL,CEE,Southern,FALSE,FALSE,0.06,0.002564,0.026815,FALSE,FALSE,902.701685
7,31,BG3,EL5,BG,EL,CEE,Southern,FALSE,FALSE,0.1,0.007989,0.037738,FALSE,TRUE,411.859172
7,32,BG3,EL6,BG,EL,CEE,Southern,FALSE,FALSE,0.03,0.001526,0.034398,FALSE,TRUE,528.684403
7,33,BG3,ES1,BG,ES,CEE,Southern,FALSE,FALSE,0.11,0.009365,0.018022,FALSE,FALSE,2412.535761
7,34,BG3,ES2,BG,ES,CEE,Southern,FALSE,FALSE,0.1,0.008899,0.019162,FALSE,FALSE,2120.467263
7,35,BG3,ES3,BG,ES,CEE,Southern,FALSE,FALSE,0.2,0.027936,0.030184,FALSE,FALSE,2414.899443
7,36,BG3,ES4,BG,ES,CEE,Southern,FALSE,FALSE,0.14,0.013554,0.026678,FALSE,FALSE,2569.822987
7,37,BG3,ES5,BG,ES,CEE,Southern,FALSE,FALSE,0.1,0.01002,0.024983000000000002,FALSE,FALSE,1895.668042
7,38,BG3,ES6,BG,ES,CEE,Southern,FALSE,FALSE,0.11,0.009979,0.026659,FALSE,FALSE,2534.073514
7,39,BG3,ES7,BG,ES,CEE,Southern,FALSE,FALSE,0.09,0.009834,0.016292,FALSE,FALSE,4059.683989
7,40,BG3,FI1,BG,FI,CEE,Northern,FALSE,FALSE,0.15,0.012206,0.020153,FALSE,FALSE,2384.1310790000002
7,41,BG3,FI2,BG,FI,CEE,Northern,FALSE,FALSE,0.14,0.012417,0.014843,FALSE,FALSE,1913.728879
7,42,BG3,FR1,BG,FR,CEE,Western,FALSE,FALSE,0.1,0.009699,0.015763,FALSE,FALSE,1840.396014
7,43,BG3,FRB,BG,FR,CEE,Western,FALSE,FALSE,0.09,0.009929,0.019501,FALSE,FALSE,1896.362514
7,44,BG3,FRC,BG,FR,CEE,Western,FALSE,FALSE,0.12,0.009814,0.019568,FALSE,FALSE,1637.710252
7,45,BG3,FRD,BG,FR,CEE,Western,FALSE,FALSE,0.1,0.007726,0.016906,FALSE,FALSE,2027.542626
7,46,BG3,FRE,BG,FR,CEE,Western,FALSE,FALSE,0.09,0.00519,0.015165,FALSE,FALSE,1841.7013
7,47,BG3,FRF,BG,FR,CEE,Western,FALSE,FALSE,0.18,0.014788,0.022607,FALSE,FALSE,1608.34718
7,48,BG3,FRG,BG,FR,CEE,Western,FALSE,FALSE,0.1,0.013589,0.023672,FALSE,FALSE,2092.582073
7,49,BG3,FRH,BG,FR,CEE,Western,FALSE,FALSE,0.07,0.006531,0.015037,FALSE,FALSE,2222.802705
7,50,BG3,FRI,BG,FR,CEE,Western,FALSE,FALSE,0.04,0.005989,0.019288,FALSE,FALSE,1975.98435
7,51,BG3,FRJ,BG,FR,CEE,Western,FALSE,FALSE,0.09,0.006892,0.015529,FALSE,FALSE,1846.000471
7,52,BG3,FRK,BG,FR,CEE,Western,FALSE,FALSE,0.14,0.009286,0.018544,FALSE,FALSE,1644.120783
7,53,BG3,FRL,BG,FR,CEE,Western,FALSE,FALSE,0.06,0.006327,0.012998,FALSE,FALSE,1542.42248
7,54,BG3,FRM,BG,FR,CEE,Western,FALSE,FALSE,0.19,0.023059,0.027074,FALSE,FALSE,1326.547514
7,55,BG3,HU1,BG,HU,CEE,CEE,FALSE,TRUE,0.09,0.005198,0.033898,FALSE,FALSE,644.130496
7,56,BG3,HU2,BG,HU,CEE,CEE,FALSE,TRUE,0.07,0.006045,0.016057,FALSE,FALSE,708.959021
7,57,BG3,HU3,BG,HU,CEE,CEE,FALSE,TRUE,0.07,0.004838,0.041102,FALSE,FALSE,540.479547
7,58,BG3,IE0,BG,IE,CEE,Western,FALSE,FALSE,0.03,0.001788,0.005605,FALSE,FALSE,2653.466169
7,59,BG3,ITC,BG,IT,CEE,Southern,FALSE,FALSE,0.1,0.007799,0.014909,FALSE,FALSE,1314.616087
7,60,BG3,ITF,BG,IT,CEE,Southern,FALSE,FALSE,0.15,0.016755,0.021662,FALSE,FALSE,841.352573
7,61,BG3,ITG,BG,IT,CEE,Southern,FALSE,FALSE,0.07,0.00883,0.018083,FALSE,FALSE,1157.852021
7,62,BG3,ITH,BG,IT,CEE,Southern,FALSE,FALSE,0.1,0.006236,0.012744,FALSE,FALSE,1108.306704
7,63,BG3,ITI,BG,IT,CEE,Southern,FALSE,FALSE,0.09,0.007276,0.016768,FALSE,FALSE,1057.000139
7,64,BG3,LT0,BG,LT,CEE,Baltics,FALSE,FALSE,0.18,0.021935,0.058814,FALSE,FALSE,1332.780808
7,65,BG3,LU0,BG,LU,CEE,Western,FALSE,FALSE,0.07,0.00491,0.010355,FALSE,FALSE,1620.305966
7,66,BG3,LV0,BG,LV,CEE,Baltics,FALSE,FALSE,0.38,0.077731,0.07868,FALSE,FALSE,1494.919851
7,67,BG3,MT0,BG,MT,CEE,Southern,FALSE,FALSE,0.06,0.003609,0.011833,FALSE,FALSE,1244.357297
7,68,BG3,NL1,BG,NL,CEE,Western,FALSE,FALSE,0.08,0.006611,0.011654,FALSE,FALSE,1759.926924
7,69,BG3,NL2,BG,NL,CEE,Western,FALSE,FALSE,0.13,0.0105,0.018336,FALSE,FALSE,1722.27771
7,70,BG3,NL3,BG,NL,CEE,Western,FALSE,FALSE,0.07,0.006183,0.015161000000000001,FALSE,FALSE,1829.817746
7,71,BG3,NL4,BG,NL,CEE,Western,FALSE,FALSE,0.17,0.023219,0.027111,FALSE,FALSE,1707.627704
7,72,BG3,PL2,BG,PL,CEE,CEE,FALSE,TRUE,0.09,0.005987,0.112401,FALSE,FALSE,856.281502
7,73,BG3,PL4,BG,PL,CEE,CEE,FALSE,TRUE,0.13,0.010615,0.121921,FALSE,FALSE,1266.567166
7,74,BG3,PL5,BG,PL,CEE,CEE,FALSE,TRUE,0.21,0.022307,0.035255,FALSE,FALSE,1046.193381
7,75,BG3,PL6,BG,PL,CEE,CEE,FALSE,TRUE,0.22,0.027243,0.104551,FALSE,FALSE,1223.323043
7,76,BG3,PL7,BG,PL,CEE,CEE,FALSE,TRUE,0.25,0.0324,0.031763,FALSE,FALSE,985.904056
7,77,BG3,PL8,BG,PL,CEE,CEE,FALSE,TRUE,0.18,0.023917,0.08225,FALSE,FALSE,947.856459
7,78,BG3,PL9,BG,PL,CEE,CEE,FALSE,TRUE,0.09,0.00864,0.041663,FALSE,FALSE,1046.610347
7,79,BG3,PT1,BG,PT,CEE,Southern,FALSE,FALSE,0.09,0.009038,0.01782,FALSE,FALSE,2825.110717
7,80,BG3,PT2,BG,PT,CEE,Southern,FALSE,FALSE,0.06,0.005457,0.01166,FALSE,FALSE,4253.586925
7,81,BG3,PT3,BG,PT,CEE,Southern,FALSE,FALSE,0.05,0.002543,0.009094,FALSE,FALSE,3827.582724
7,82,BG3,RO1,BG,RO,CEE,CEE,FALSE,TRUE,0.18,0.01909,0.12323,FALSE,TRUE,391.174946
7,83,BG3,RO2,BG,RO,CEE,CEE,FALSE,TRUE,0.1,0.005872,0.041864,TRUE,TRUE,339.799871
7,84,BG3,RO3,BG,RO,CEE,CEE,FALSE,TRUE,0.28,0.028426,0.073732,TRUE,TRUE,141.736789
7,85,BG3,RO4,BG,RO,CEE,CEE,FALSE,TRUE,0.07,0.004042,0.058679,TRUE,TRUE,283.635772
7,86,BG3,SE1,BG,SE,CEE,Northern,FALSE,FALSE,0.06,0.005127,0.023232,FALSE,FALSE,1860.104521
7,87,BG3,SE2,BG,SE,CEE,Northern,FALSE,FALSE,0.03,0.001477,0.039852,FALSE,FALSE,1722.01769
7,88,BG3,SE3,BG,SE,CEE,Northern,FALSE,FALSE,0.05,0.001843,0.02842,FALSE,FALSE,2353.459349
7,89,BG3,SI0,BG,SI,CEE,CEE,FALSE,TRUE,0.15,0.012595,0.019372,FALSE,FALSE,892.292596
7,90,BG3,SK0,BG,SK,CEE,CEE,FALSE,TRUE,0.11,0.008188,0.014127,FALSE,FALSE,765.39165
8,1,BG4,AT1,BG,AT,CEE,Western,FALSE,FALSE,0,0,0.001256,FALSE,FALSE,928.022384
8,2,BG4,AT2,BG,AT,CEE,Western,FALSE,FALSE,0,0,0.001172,FALSE,FALSE,925.846005
8,3,BG4,AT3,BG,AT,CEE,Western,FALSE,FALSE,0,0,0.001625,FALSE,FALSE,1068.095872
8,4,BG4,BE1,BG,BE,CEE,Western,FALSE,FALSE,0,0,0.002629,FALSE,FALSE,1809.376694
8,5,BG4,BE2,BG,BE,CEE,Western,FALSE,FALSE,0,0,0.001022,FALSE,FALSE,1829.701184
8,6,BG4,BE3,BG,BE,CEE,Western,FALSE,FALSE,0,0,0.001523,FALSE,FALSE,1725.254565
8,7,BG4,BG3,BG,BG,CEE,CEE,TRUE,TRUE,0.01,0.005,0.014803,TRUE,TRUE,156.103155
8,9,BG4,CY0,BG,CY,CEE,Southern,FALSE,FALSE,0,0,0.00183,FALSE,FALSE,1082.030353
8,10,BG4,CZ0,BG,CZ,CEE,CEE,FALSE,TRUE,1,0.983333,0.708872,FALSE,FALSE,1083.619423
8,11,BG4,DE1,BG,DE,CEE,Western,FALSE,FALSE,0,0,0.002136,FALSE,FALSE,1398.996314
8,12,BG4,DE2,BG,DE,CEE,Western,FALSE,FALSE,0,0,0.001692,FALSE,FALSE,1219.110736
8,13,BG4,DE3,BG,DE,CEE,Western,FALSE,FALSE,0,0,9.99e-4,FALSE,FALSE,1422.165134
8,14,BG4,DE4,BG,DE,CEE,Western,FALSE,FALSE,0,0,0.002567,FALSE,FALSE,1450.372581
8,15,BG4,DE5,BG,DE,CEE,Western,FALSE,FALSE,0,0,0.00107,FALSE,FALSE,1686.326167
8,16,BG4,DE6,BG,DE,CEE,Western,FALSE,FALSE,0,0,0.003425,FALSE,FALSE,1664.371405
8,17,BG4,DE7,BG,DE,CEE,Western,FALSE,FALSE,0,0,7.85e-4,FALSE,FALSE,1502.952958
8,18,BG4,DE8,BG,DE,CEE,Western,FALSE,FALSE,0,0,0.00153,FALSE,FALSE,1581.560756
8,19,BG4,DE9,BG,DE,CEE,Western,FALSE,FALSE,0,0,0.002317,FALSE,FALSE,1649.338893
8,20,BG4,DEA,BG,DE,CEE,Western,FALSE,FALSE,0,0,0.002127,FALSE,FALSE,1642.119384
8,21,BG4,DEB,BG,DE,CEE,Western,FALSE,FALSE,0,0,0.001223,FALSE,FALSE,1578.219014
8,22,BG4,DEC,BG,DE,CEE,Western,FALSE,FALSE,0,0,0.001235,FALSE,FALSE,1572.036949
8,23,BG4,DED,BG,DE,CEE,Western,FALSE,FALSE,0,0,0.001457,FALSE,FALSE,1284.924066
8,24,BG4,DEE,BG,DE,CEE,Western,FALSE,FALSE,0,0,0.002733,FALSE,FALSE,1458.508453
8,25,BG4,DEF,BG,DE,CEE,Western,FALSE,FALSE,0,0,0.003355,FALSE,FALSE,1710.201938
8,26,BG4,DEG,BG,DE,CEE,Western,FALSE,FALSE,0,0,0.001046,FALSE,FALSE,1399.116219
8,27,BG4,DK0,BG,DK,CEE,Northern,FALSE,FALSE,0,0,0.001859,FALSE,FALSE,1910.941224
8,28,BG4,EE0,BG,EE,CEE,Baltics,FALSE,FALSE,0,0,0.007876,FALSE,FALSE,1868.408159
8,29,BG4,EL3,BG,EL,CEE,Southern,FALSE,FALSE,0,0,0.021316,FALSE,TRUE,452.235529
8,30,BG4,EL4,BG,EL,CEE,Southern,FALSE,FALSE,0,0,0.019807,FALSE,FALSE,759.493066
8,31,BG4,EL5,BG,EL,CEE,Southern,FALSE,FALSE,0,0,0.024456,TRUE,TRUE,268.76149
8,32,BG4,EL6,BG,EL,CEE,Southern,FALSE,FALSE,0,0,0.027265,FALSE,TRUE,373.504647
8,33,BG4,ES1,BG,ES,CEE,Southern,FALSE,FALSE,0,0,0.002001,FALSE,FALSE,2379.498413
8,34,BG4,ES2,BG,ES,CEE,Southern,FALSE,FALSE,0,0,0.002612,FALSE,FALSE,2072.439284
8,35,BG4,ES3,BG,ES,CEE,Southern,FALSE,FALSE,0,0,0.002781,FALSE,FALSE,2362.473845
8,36,BG4,ES4,BG,ES,CEE,Southern,FALSE,FALSE,0,0,0.00139,FALSE,FALSE,2518.339891
8,37,BG4,ES5,BG,ES,CEE,Southern,FALSE,FALSE,0,0,0.003631,FALSE,FALSE,1824.263913
8,38,BG4,ES6,BG,ES,CEE,Southern,FALSE,FALSE,0,0,0.003021,FALSE,FALSE,2463.379933
8,39,BG4,ES7,BG,ES,CEE,Southern,FALSE,FALSE,0,0,0.002362,FALSE,FALSE,3977.163078
8,40,BG4,FI1,BG,FI,CEE,Northern,FALSE,FALSE,0,0,0.004472,FALSE,FALSE,2528.727702
8,41,BG4,FI2,BG,FI,CEE,Northern,FALSE,FALSE,0,0,0.001253,FALSE,FALSE,2044.565354
8,42,BG4,FR1,BG,FR,CEE,Western,FALSE,FALSE,0,0,0.001704,FALSE,FALSE,1852.664105
8,43,BG4,FRB,BG,FR,CEE,Western,FALSE,FALSE,0.01,0.003333,0.003389,FALSE,FALSE,1898.126415
8,44,BG4,FRC,BG,FR,CEE,Western,FALSE,FALSE,0,0,0.001987,FALSE,FALSE,1639.656932
8,45,BG4,FRD,BG,FR,CEE,Western,FALSE,FALSE,0,0,0.001453,FALSE,FALSE,2039.771577
8,46,BG4,FRE,BG,FR,CEE,Western,FALSE,FALSE,0,0,0.001683,FALSE,FALSE,1865.71638
8,47,BG4,FRF,BG,FR,CEE,Western,FALSE,FALSE,0,0,0.002341,FALSE,FALSE,1626.875267
8,48,BG4,FRG,BG,FR,CEE,Western,FALSE,FALSE,0,0,0.002808,FALSE,FALSE,2090.482002
8,49,BG4,FRH,BG,FR,CEE,Western,FALSE,FALSE,0,0,9.03e-4,FALSE,FALSE,2225.789931
8,50,BG4,FRI,BG,FR,CEE,Western,FALSE,FALSE,0,0,0.002358,FALSE,FALSE,1953.808027
8,51,BG4,FRJ,BG,FR,CEE,Western,FALSE,FALSE,0,0,8.85e-4,FALSE,FALSE,1810.529981
8,52,BG4,FRK,BG,FR,CEE,Western,FALSE,FALSE,0,0,0.001402,FALSE,FALSE,1626.535536
8,53,BG4,FRL,BG,FR,CEE,Western,FALSE,FALSE,0,0,0.002135,FALSE,FALSE,1510.19159
8,54,BG4,FRM,BG,FR,CEE,Western,FALSE,FALSE,0,0,0.001126,FALSE,FALSE,1268.48404
8,55,BG4,HU1,BG,HU,CEE,CEE,FALSE,TRUE,0,0,0.143879,FALSE,FALSE,717.63208
8,56,BG4,HU2,BG,HU,CEE,CEE,FALSE,TRUE,0,0,0.08155,FALSE,FALSE,754.409878
8,57,BG4,HU3,BG,HU,CEE,CEE,FALSE,TRUE,0,0,0.164137,FALSE,FALSE,629.844959
8,58,BG4,IE0,BG,IE,CEE,Western,FALSE,FALSE,0,0,5.47e-4,FALSE,FALSE,2690.291229
8,59,BG4,ITC,BG,IT,CEE,Southern,FALSE,FALSE,0,0,0.002611,FALSE,FALSE,1296.648344
8,60,BG4,ITF,BG,IT,CEE,Southern,FALSE,FALSE,0,0,0.001361,FALSE,FALSE,740.200634
8,61,BG4,ITG,BG,IT,CEE,Southern,FALSE,FALSE,0,0,0.003232,FALSE,FALSE,1035.460703
8,62,BG4,ITH,BG,IT,CEE,Southern,FALSE,FALSE,0,0,0.002263,FALSE,FALSE,1097.850707
8,63,BG4,ITI,BG,IT,CEE,Southern,FALSE,FALSE,0,0,0.003224,FALSE,FALSE,1006.148918
8,64,BG4,LT0,BG,LT,CEE,Baltics,FALSE,FALSE,0,0,0.04244,FALSE,FALSE,1470.881139
8,65,BG4,LU0,BG,LU,CEE,Western,FALSE,FALSE,0,0,0.001021,FALSE,FALSE,1649.813212
8,66,BG4,LV0,BG,LV,CEE,Baltics,FALSE,FALSE,0.02,0.008333,0.027994,FALSE,FALSE,1639.362934
8,67,BG4,MT0,BG,MT,CEE,Southern,FALSE,FALSE,0,0,0.001008,FALSE,FALSE,1109.973282
8,68,BG4,NL1,BG,NL,CEE,Western,FALSE,FALSE,0,0,0.00215,FALSE,FALSE,1817.284205
8,69,BG4,NL2,BG,NL,CEE,Western,FALSE,FALSE,0,0,0.002389,FALSE,FALSE,1774.163538
8,70,BG4,NL3,BG,NL,CEE,Western,FALSE,FALSE,0,0,0.001056,FALSE,FALSE,1867.395732
8,71,BG4,NL4,BG,NL,CEE,Western,FALSE,FALSE,0,0,0.001184,FALSE,FALSE,1749.823631
8,72,BG4,PL2,BG,PL,CEE,CEE,FALSE,TRUE,0,0,0.128362,FALSE,FALSE,960.964258
8,73,BG4,PL4,BG,PL,CEE,CEE,FALSE,TRUE,0,0,0.133442,FALSE,FALSE,1363.031766
8,74,BG4,PL5,BG,PL,CEE,CEE,FALSE,TRUE,0,0,0.02383,FALSE,FALSE,1135.031375
8,75,BG4,PL6,BG,PL,CEE,CEE,FALSE,TRUE,0,0,0.117344,FALSE,FALSE,1339.561295
8,76,BG4,PL7,BG,PL,CEE,CEE,FALSE,TRUE,0,0,0.052521,FALSE,FALSE,1095.189913
8,77,BG4,PL8,BG,PL,CEE,CEE,FALSE,TRUE,0,0,0.090069,FALSE,FALSE,1079.208526
8,78,BG4,PL9,BG,PL,CEE,CEE,FALSE,TRUE,0,0,0.043377,FALSE,FALSE,1170.593397
8,79,BG4,PT1,BG,PT,CEE,Southern,FALSE,FALSE,0,0,0.001058,FALSE,FALSE,2773.042022
8,80,BG4,PT2,BG,PT,CEE,Southern,FALSE,FALSE,0,0,0.00229,FALSE,FALSE,4219.11314
8,81,BG4,PT3,BG,PT,CEE,Southern,FALSE,FALSE,0,0,0.003258,FALSE,FALSE,3760.649716
8,82,BG4,RO1,BG,RO,CEE,CEE,FALSE,TRUE,0,0,0.16852,FALSE,FALSE,521.039594
8,83,BG4,RO2,BG,RO,CEE,CEE,FALSE,TRUE,0,0,0.080636,FALSE,TRUE,495.688785
8,84,BG4,RO3,BG,RO,CEE,CEE,FALSE,TRUE,0,0,0.096512,FALSE,TRUE,297.139505
8,85,BG4,RO4,BG,RO,CEE,CEE,FALSE,TRUE,0,0,0.12078,FALSE,TRUE,372.255907
8,86,BG4,SE1,BG,SE,CEE,Northern,FALSE,FALSE,0,0,0.002736,FALSE,FALSE,1980.557199
8,87,BG4,SE2,BG,SE,CEE,Northern,FALSE,FALSE,0,0,0.006602,FALSE,FALSE,1830.899507
8,88,BG4,SE3,BG,SE,CEE,Northern,FALSE,FALSE,0,0,0.005668,FALSE,FALSE,2481.351994
8,89,BG4,SI0,BG,SI,CEE,CEE,FALSE,TRUE,0,0,0.005771,FALSE,FALSE,903.912404
8,90,BG4,SK0,BG,SK,CEE,CEE,FALSE,TRUE,0,0,0.007716,FALSE,FALSE,848.946425
9,1,CY0,AT1,CY,AT,Southern,Western,FALSE,FALSE,0.13,0.016452,0.024671,FALSE,FALSE,2007.311372
9,2,CY0,AT2,CY,AT,Southern,Western,FALSE,FALSE,0.12,0.014562,0.023668,FALSE,FALSE,2007.827924
9,3,CY0,AT3,CY,AT,Southern,Western,FALSE,FALSE,0.07,0.008384,0.019965,FALSE,FALSE,2150.008479
9,4,CY0,BE1,CY,BE,Southern,Western,FALSE,FALSE,0.13,0.013882,0.019906,FALSE,FALSE,2891.254779
9,5,CY0,BE2,CY,BE,Southern,Western,FALSE,FALSE,0.09,0.010028,0.016908,FALSE,FALSE,2911.669741
9,6,CY0,BE3,CY,BE,Southern,Western,FALSE,FALSE,0.08,0.007524,0.017496,FALSE,FALSE,2806.55505
9,7,CY0,BG3,CY,BG,Southern,CEE,FALSE,FALSE,0.09,0.007447,0.012935,FALSE,TRUE,1136.433826
9,8,CY0,BG4,CY,BG,Southern,CEE,FALSE,FALSE,0.08,0.006409,0.013113,FALSE,TRUE,1082.030353
9,10,CY0,CZ0,CY,CZ,Southern,CEE,FALSE,FALSE,0.07,0.008497,0.021486,FALSE,FALSE,2149.59214
9,11,CY0,DE1,CY,DE,Southern,Western,FALSE,FALSE,0.13,0.010872,0.022471,FALSE,FALSE,2479.580676
9,12,CY0,DE2,CY,DE,Southern,Western,FALSE,FALSE,0.07,0.006768,0.017331,FALSE,FALSE,2300.879385
9,13,CY0,DE3,CY,DE,Southern,Western,FALSE,FALSE,0.05,0.005777,0.015126,FALSE,FALSE,2475.517107
9,14,CY0,DE4,CY,DE,Southern,Western,FALSE,FALSE,0.11,0.011552,0.018898,FALSE,FALSE,2508.506774
9,15,CY0,DE5,CY,DE,Southern,Western,FALSE,FALSE,0.1,0.010538,0.017345,FALSE,FALSE,2755.924168
9,16,CY0,DE6,CY,DE,Southern,Western,FALSE,FALSE,0.09,0.006601,0.014482,FALSE,FALSE,2725.900409
9,17,CY0,DE7,CY,DE,Southern,Western,FALSE,FALSE,0.05,0.005097,0.013369,FALSE,FALSE,2583.907105
9,18,CY0,DE8,CY,DE,Southern,Western,FALSE,FALSE,0.04,0.003608,0.013845,FALSE,FALSE,2627.24826
9,19,CY0,DE9,CY,DE,Southern,Western,FALSE,FALSE,0.15,0.015325,0.022444,FALSE,FALSE,2722.203312
9,20,CY0,DEA,CY,DE,Southern,Western,FALSE,FALSE,0.1,0.008846,0.018208,FALSE,FALSE,2722.440577
9,21,CY0,DEB,CY,DE,Southern,Western,FALSE,FALSE,0.11,0.013311,0.020679,FALSE,FALSE,2660.091914
9,22,CY0,DEC,CY,DE,Southern,Western,FALSE,FALSE,0.12,0.011587,0.022299,FALSE,FALSE,2652.744395
9,23,CY0,DED,CY,DE,Southern,Western,FALSE,FALSE,0.08,0.008203,0.020199,FALSE,FALSE,2352.730241
9,24,CY0,DEE,CY,DE,Southern,Western,FALSE,FALSE,0.08,0.006963,0.01646,FALSE,FALSE,2525.699945
9,25,CY0,DEF,CY,DE,Southern,Western,FALSE,FALSE,0.13,0.012912,0.022762,FALSE,FALSE,2767.875107
9,26,CY0,DEG,CY,DE,Southern,Western,FALSE,FALSE,0.06,0.008921,0.018643,FALSE,FALSE,2475.024353
9,27,CY0,DK0,CY,DK,Southern,Northern,FALSE,FALSE,0.14,0.013851,0.020762,FALSE,FALSE,2952.562936
9,28,CY0,EE0,CY,EE,Southern,Baltics,FALSE,FALSE,0.06,0.004274,0.010553,FALSE,FALSE,2688.551358
9,29,CY0,EL3,CY,EL,Southern,Southern,FALSE,TRUE,0.34,0.039,0.116256,FALSE,TRUE,930.173915
9,30,CY0,EL4,CY,EL,Southern,Southern,FALSE,TRUE,0.19,0.019041,0.082726,TRUE,TRUE,801.427347
9,31,CY0,EL5,CY,EL,Southern,Southern,FALSE,TRUE,0.24,0.03273,0.113923,FALSE,TRUE,1171.855284
9,32,CY0,EL6,CY,EL,Southern,Southern,FALSE,TRUE,0.26,0.036577,0.115643,FALSE,TRUE,1087.125973
9,33,CY0,ES1,CY,ES,Southern,Southern,FALSE,TRUE,0.11,0.011638,0.020475,FALSE,FALSE,3379.761035
9,34,CY0,ES2,CY,ES,Southern,Southern,FALSE,TRUE,0.05,0.006163,0.021803,FALSE,FALSE,3041.490386
9,35,CY0,ES3,CY,ES,Southern,Southern,FALSE,TRUE,0.14,0.011808,0.02009,FALSE,FALSE,3312.043513
9,36,CY0,ES4,CY,ES,Southern,Southern,FALSE,TRUE,0.16,0.016301,0.02624,FALSE,FALSE,3467.370157
9,37,CY0,ES5,CY,ES,Southern,Southern,FALSE,TRUE,0.13,0.010739,0.025611,FALSE,FALSE,2729.398574
9,38,CY0,ES6,CY,ES,Southern,Southern,FALSE,TRUE,0.07,0.011012,0.027862,FALSE,FALSE,3347.786162
9,39,CY0,ES7,CY,ES,Southern,Southern,FALSE,TRUE,0.11,0.012523,0.018927,FALSE,FALSE,4774.927673
9,40,CY0,FI1,CY,FI,Southern,Northern,FALSE,FALSE,0.12,0.010847,0.020014,FALSE,FALSE,3307.023343
9,41,CY0,FI2,CY,FI,Southern,Northern,FALSE,FALSE,0.15,0.012633,0.015482,FALSE,FALSE,2942.825189
9,42,CY0,FR1,CY,FR,Southern,Western,FALSE,FALSE,0.12,0.009939,0.016815,FALSE,FALSE,2925.016082
9,43,CY0,FRB,CY,FR,Southern,Western,FALSE,FALSE,0.11,0.010423,0.020821,FALSE,FALSE,2960.876702
9,44,CY0,FRC,CY,FR,Southern,Western,FALSE,FALSE,0.11,0.010154,0.021079,FALSE,FALSE,2704.609151
9,45,CY0,FRD,CY,FR,Southern,Western,FALSE,FALSE,0.17,0.017128,0.023879,FALSE,FALSE,3111.289614
9,46,CY0,FRE,CY,FR,Southern,Western,FALSE,FALSE,0.11,0.012808,0.022261,FALSE,FALSE,2944.772227
9,47,CY0,FRF,CY,FR,Southern,Western,FALSE,FALSE,0.11,0.011387,0.022791,FALSE,FALSE,2704.040682
9,48,CY0,FRG,CY,FR,Southern,Western,FALSE,FALSE,0.14,0.023383,0.030487,FALSE,FALSE,3147.474452
9,49,CY0,FRH,CY,FR,Southern,Western,FALSE,FALSE,0.12,0.011225,0.018526,FALSE,FALSE,3287.759055
9,50,CY0,FRI,CY,FR,Southern,Western,FALSE,FALSE,0.06,0.005112,0.018729,FALSE,FALSE,2982.480366
9,51,CY0,FRJ,CY,FR,Southern,Western,FALSE,FALSE,0.08,0.006912,0.01627,FALSE,FALSE,2816.078518
9,52,CY0,FRK,CY,FR,Southern,Western,FALSE,FALSE,0.14,0.01454,0.025892,FALSE,FALSE,2667.863978
9,53,CY0,FRL,CY,FR,Southern,Western,FALSE,FALSE,0.14,0.016445,0.02573,FALSE,FALSE,2529.585896
9,54,CY0,FRM,CY,FR,Southern,Western,FALSE,FALSE,0.23,0.028171,0.03152,FALSE,FALSE,2241.408853
9,55,CY0,HU1,CY,HU,Southern,CEE,FALSE,FALSE,0.07,0.006645,0.025952,FALSE,FALSE,1780.31065
9,56,CY0,HU2,CY,HU,Southern,CEE,FALSE,FALSE,0.06,0.005973,0.02086,FALSE,FALSE,1833.897382
9,57,CY0,HU3,CY,HU,Southern,CEE,FALSE,FALSE,0.02,0.001333,0.037035,FALSE,FALSE,1675.904737
9,58,CY0,IE0,CY,IE,Southern,Western,FALSE,FALSE,0.03,0.001755,0.008104,FALSE,FALSE,3772.12263
9,59,CY0,ITC,CY,IT,Southern,Southern,FALSE,TRUE,0.12,0.013821,0.02045,FALSE,FALSE,2343.689445
9,60,CY0,ITF,CY,IT,Southern,Southern,FALSE,TRUE,0.17,0.021839,0.027058,FALSE,FALSE,1641.301197
9,61,CY0,ITG,CY,IT,Southern,Southern,FALSE,TRUE,0.07,0.007964,0.016613,FALSE,FALSE,1780.147588
9,62,CY0,ITH,CY,IT,Southern,Southern,FALSE,TRUE,0.11,0.011493,0.02009,FALSE,FALSE,2157.732147
9,63,CY0,ITI,CY,IT,Southern,Southern,FALSE,TRUE,0.12,0.014567,0.020889,FALSE,FALSE,2010.258361
9,64,CY0,LT0,CY,LT,Southern,Baltics,FALSE,FALSE,0.04,0.003255,0.018097,FALSE,FALSE,2345.462339
9,65,CY0,LU0,CY,LU,Southern,Western,FALSE,FALSE,0.1,0.01598,0.021067,FALSE,FALSE,2730.949997
9,66,CY0,LV0,CY,LV,Southern,Baltics,FALSE,FALSE,0.06,0.004008,0.01574,FALSE,FALSE,2456.097446
9,67,CY0,MT0,CY,MT,Southern,Southern,FALSE,TRUE,0.09,0.009156,0.019126,FALSE,FALSE,1750.817197
9,68,CY0,NL1,CY,NL,Southern,Western,FALSE,FALSE,0.19,0.023379,0.02644,FALSE,FALSE,2893.815081
9,69,CY0,NL2,CY,NL,Southern,Western,FALSE,FALSE,0.12,0.014126,0.021455,FALSE,FALSE,2853.381453
9,70,CY0,NL3,CY,NL,Southern,Western,FALSE,FALSE,0.1,0.008113,0.016263,FALSE,FALSE,2949.416642
9,71,CY0,NL4,CY,NL,Southern,Western,FALSE,FALSE,0.08,0.0083320000000000009,0.015928,FALSE,FALSE,2831.595921
9,72,CY0,PL2,CY,PL,Southern,CEE,FALSE,FALSE,0.06,0.00667,0.082661,FALSE,FALSE,1977.705168
9,73,CY0,PL4,CY,PL,Southern,CEE,FALSE,FALSE,0.09,0.009029,0.08485,FALSE,FALSE,2391.344128
9,74,CY0,PL5,CY,PL,Southern,CEE,FALSE,FALSE,0.07,0.005412,0.01365,FALSE,FALSE,2178.434978
9,75,CY0,PL6,CY,PL,Southern,CEE,FALSE,FALSE,0.13,0.015159,0.066483,FALSE,FALSE,2317.981825
9,76,CY0,PL7,CY,PL,Southern,CEE,FALSE,FALSE,0.13,0.013127,0.01841,FALSE,FALSE,2098.744129
9,77,CY0,PL8,CY,PL,Southern,CEE,FALSE,FALSE,0.16,0.017635,0.056887,FALSE,FALSE,2010.590327
9,78,CY0,PL9,CY,PL,Southern,CEE,FALSE,FALSE,0.07,0.008361,0.029344,FALSE,FALSE,2127.503166
9,79,CY0,PT1,CY,PT,Southern,Southern,FALSE,TRUE,0.1,0.016571,0.02194,FALSE,FALSE,3715.359066
9,80,CY0,PT2,CY,PT,Southern,Southern,FALSE,TRUE,0.09,0.006418,0.014562,FALSE,FALSE,5197.240593
9,81,CY0,PT3,CY,PT,Southern,Southern,FALSE,TRUE,0.06,0.005116,0.011001,FALSE,FALSE,4633.120976
9,82,CY0,RO1,CY,RO,Southern,CEE,FALSE,FALSE,0.05,0.003216,0.042088,FALSE,FALSE,1497.264849
9,83,CY0,RO2,CY,RO,Southern,CEE,FALSE,FALSE,0.03,0.00138,0.016824,FALSE,FALSE,1295.180893
9,84,CY0,RO3,CY,RO,Southern,CEE,FALSE,FALSE,0.01,8.33e-4,0.023536,FALSE,TRUE,1183.971137
9,85,CY0,RO4,CY,RO,Southern,CEE,FALSE,FALSE,0.01,6.67e-4,0.023617,FALSE,FALSE,1419.966843
9,86,CY0,SE1,CY,SE,Southern,Northern,FALSE,FALSE,0.05,0.006013,0.036428,FALSE,FALSE,2930.431878
9,87,CY0,SE2,CY,SE,Southern,Northern,FALSE,FALSE,0.16,0.014682,0.071649,FALSE,FALSE,2823.761177
9,88,CY0,SE3,CY,SE,Southern,Northern,FALSE,FALSE,0.14,0.013145,0.05467,FALSE,FALSE,3387.000334
9,89,CY0,SI0,CY,SI,Southern,CEE,FALSE,FALSE,0.09,0.009586,0.017693,FALSE,FALSE,1981.900373
9,90,CY0,SK0,CY,SK,Southern,CEE,FALSE,FALSE,0.1,0.008409,0.013646,FALSE,FALSE,1901.012885
10,1,CZ0,AT1,CZ,AT,CEE,Western,FALSE,FALSE,0,0,0.001607,TRUE,TRUE,208.779709
10,2,CZ0,AT2,CZ,AT,CEE,Western,FALSE,FALSE,0,0,0.001601,FALSE,FALSE,301.858039
10,3,CZ0,AT3,CZ,AT,CEE,Western,FALSE,FALSE,0,0,0.002115,TRUE,TRUE,284.295375
10,4,CZ0,BE1,CZ,BE,CEE,Western,FALSE,FALSE,0.02,0.002917,0.00321,FALSE,FALSE,814.565072
10,5,CZ0,BE2,CZ,BE,CEE,Western,FALSE,FALSE,0,0,0.001392,FALSE,FALSE,828.891249
10,6,CZ0,BE3,CZ,BE,CEE,Western,FALSE,FALSE,0,0,0.002082,FALSE,FALSE,753.93578
10,7,CZ0,BG3,CZ,BG,CEE,CEE,FALSE,TRUE,0.07,0.0195,0.015664,FALSE,FALSE,1013.281336
10,8,CZ0,BG4,CZ,BG,CEE,CEE,FALSE,TRUE,0.06,0.012429,0.011495,FALSE,FALSE,1083.619423
10,9,CZ0,CY0,CZ,CY,CEE,Southern,FALSE,FALSE,0.01,0.00125,0.002482,FALSE,FALSE,2149.59214
10,11,CZ0,DE1,CZ,DE,CEE,Western,FALSE,FALSE,0,0,0.002944,FALSE,FALSE,496.343019
10,12,CZ0,DE2,CZ,DE,CEE,Western,FALSE,FALSE,0,0,0.002257,TRUE,TRUE,279.889156
10,13,CZ0,DE3,CZ,DE,CEE,Western,FALSE,FALSE,0,0,0.001349,FALSE,FALSE,347.216564
10,14,CZ0,DE4,CZ,DE,CEE,Western,FALSE,FALSE,0.01,0.0025,0.003516,FALSE,FALSE,369.256598
10,15,CZ0,DE5,CZ,DE,CEE,Western,FALSE,FALSE,0,0,0.001483,FALSE,FALSE,606.392261
10,16,CZ0,DE6,CZ,DE,CEE,Western,FALSE,FALSE,0.02,0.005333,0.004771,FALSE,FALSE,580.818435
10,17,CZ0,DE7,CZ,DE,CEE,Western,FALSE,FALSE,0,0,0.001087,FALSE,FALSE,481.192739
10,18,CZ0,DE8,CZ,DE,CEE,Western,FALSE,FALSE,0,0,0.002103,FALSE,FALSE,512.627058
10,19,CZ0,DE9,CZ,DE,CEE,Western,FALSE,FALSE,0.02,0.003,0.003224,FALSE,FALSE,574.801154
10,20,CZ0,DEA,CZ,DE,CEE,Western,FALSE,FALSE,0,0,0.002361,FALSE,FALSE,603.334633
10,21,CZ0,DEB,CZ,DE,CEE,Western,FALSE,FALSE,0,0,0.001606,FALSE,FALSE,603.978214
10,22,CZ0,DEC,CZ,DE,CEE,Western,FALSE,FALSE,0,0,0.001746,FALSE,FALSE,631.533231
10,23,CZ0,DED,CZ,DE,CEE,Western,FALSE,FALSE,0,0,0.002065,TRUE,TRUE,203.2082
10,24,CZ0,DEE,CZ,DE,CEE,Western,FALSE,FALSE,0.02,0.003611,0.003768,FALSE,FALSE,376.205139
10,25,CZ0,DEF,CZ,DE,CEE,Western,FALSE,FALSE,0.01,0.001667,0.003879,FALSE,FALSE,627.712564
10,26,CZ0,DEG,CZ,DE,CEE,Western,FALSE,FALSE,0,0,0.0014,FALSE,FALSE,339.560889
10,27,CZ0,DK0,CZ,DK,CEE,Northern,FALSE,FALSE,0.01,0.00125,0.00262,FALSE,FALSE,839.448928
10,28,CZ0,EE0,CZ,EE,CEE,Baltics,FALSE,FALSE,0.01,0.0025,0.010314,FALSE,FALSE,1189.870978
10,29,CZ0,EL3,CZ,EL,CEE,Southern,FALSE,FALSE,0.03,0.007833,0.030643,FALSE,FALSE,1440.943986
10,30,CZ0,EL4,CZ,EL,CEE,Southern,FALSE,FALSE,0.04,0.010278,0.028146,FALSE,FALSE,1766.140789
10,31,CZ0,EL5,CZ,EL,CEE,Southern,FALSE,FALSE,0.03,0.005611,0.033799,FALSE,FALSE,1121.108521
10,32,CZ0,EL6,CZ,EL,CEE,Southern,FALSE,FALSE,0.06,0.018333,0.037727,FALSE,FALSE,1277.269982
10,33,CZ0,ES1,CZ,ES,CEE,Southern,FALSE,FALSE,0.01,0.00125,0.002752,FALSE,FALSE,1714.46667
10,34,CZ0,ES2,CZ,ES,CEE,Southern,FALSE,FALSE,0.01,0.0025,0.00305,FALSE,FALSE,1540.204866
10,35,CZ0,ES3,CZ,ES,CEE,Southern,FALSE,FALSE,0.01,0.0025,0.002951,FALSE,FALSE,1831.628458
10,36,CZ0,ES4,CZ,ES,CEE,Southern,FALSE,FALSE,0,0,0.00193,FALSE,FALSE,1967.909799
10,37,CZ0,ES5,CZ,ES,CEE,Southern,FALSE,FALSE,0.02,0.005333,0.006192,FALSE,FALSE,1505.989659
10,38,CZ0,ES6,CZ,ES,CEE,Southern,FALSE,FALSE,0,0,0.003816,FALSE,FALSE,2060.472732
10,39,CZ0,ES7,CZ,ES,CEE,Southern,FALSE,FALSE,0.01,0.002,0.002594,FALSE,FALSE,3588.641803
10,40,CZ0,FI1,CZ,FI,CEE,Northern,FALSE,FALSE,0.03,0.0065,0.006219,FALSE,FALSE,1802.963805
10,41,CZ0,FI2,CZ,FI,CEE,Northern,FALSE,FALSE,0,0,0.001716,FALSE,FALSE,1195.25131
10,42,CZ0,FR1,CZ,FR,CEE,Western,FALSE,FALSE,0,0,0.002283,FALSE,FALSE,963.10553
10,43,CZ0,FRB,CZ,FR,CEE,Western,FALSE,FALSE,0,0,0.001406,FALSE,FALSE,1062.5794760000001
10,44,CZ0,FRC,CZ,FR,CEE,Western,FALSE,FALSE,0,0,0.002615,FALSE,FALSE,836.020918
10,45,CZ0,FRD,CZ,FR,CEE,Western,FALSE,FALSE,0,0,0.002045,FALSE,FALSE,1136.505638
10,46,CZ0,FRE,CZ,FR,CEE,Western,FALSE,FALSE,0,0,0.002204,FALSE,FALSE,915.970876
10,47,CZ0,FRF,CZ,FR,CEE,Western,FALSE,FALSE,0.01,0.00125,0.003136,FALSE,FALSE,727.163448
10,48,CZ0,FRG,CZ,FR,CEE,Western,FALSE,FALSE,0.01,0.0025,0.003885,FALSE,FALSE,1260.175772
10,49,CZ0,FRH,CZ,FR,CEE,Western,FALSE,FALSE,0,0,0.001258,FALSE,FALSE,1358.908738
10,50,CZ0,FRI,CZ,FR,CEE,Western,FALSE,FALSE,0.01,0.002,0.003258,FALSE,FALSE,1258.9777
10,51,CZ0,FRJ,CZ,FR,CEE,Western,FALSE,FALSE,0,0,0.001243,FALSE,FALSE,1225.977993
10,52,CZ0,FRK,CZ,FR,CEE,Western,FALSE,FALSE,0,0,0.001935,FALSE,FALSE,952.277734
10,53,CZ0,FRL,CZ,FR,CEE,Western,FALSE,FALSE,0,0,0.0027,FALSE,FALSE,965.244305
10,54,CZ0,FRM,CZ,FR,CEE,Western,FALSE,FALSE,0,0,0.001163,FALSE,FALSE,992.15713
10,55,CZ0,HU1,CZ,HU,CEE,CEE,FALSE,TRUE,0.42,0.130095,0.20362,FALSE,FALSE,369.316678
10,56,CZ0,HU2,CZ,HU,CEE,CEE,FALSE,TRUE,0.26,0.082333,0.115485,FALSE,FALSE,351.620454
10,57,CZ0,HU3,CZ,HU,CEE,CEE,FALSE,TRUE,0.12,0.027206,0.232251,FALSE,FALSE,478.067157
10,58,CZ0,IE0,CZ,IE,CEE,Western,FALSE,FALSE,0,0,7.13e-4,FALSE,FALSE,1669.455737
10,59,CZ0,ITC,CZ,IT,CEE,Southern,FALSE,FALSE,0.01,0.001,0.003657,FALSE,FALSE,719.897929
10,60,CZ0,ITF,CZ,IT,CEE,Southern,FALSE,FALSE,0,0,0.001738,FALSE,FALSE,1039.932549
10,61,CZ0,ITG,CZ,IT,CEE,Southern,FALSE,FALSE,0.01,0.003333,0.004463,FALSE,FALSE,1356.31634
10,62,CZ0,ITH,CZ,IT,CEE,Southern,FALSE,FALSE,0.01,0.0025,0.003272,FALSE,FALSE,570.520228
10,63,CZ0,ITI,CZ,IT,CEE,Southern,FALSE,FALSE,0.02,0.0035,0.004094,FALSE,FALSE,809.403889
10,64,CZ0,LT0,CZ,LT,CEE,Baltics,FALSE,FALSE,0.13,0.051944,0.056966,FALSE,FALSE,817.502286
10,65,CZ0,LU0,CZ,LU,CEE,Western,FALSE,FALSE,0,0,0.001381,FALSE,FALSE,689.980396
10,66,CZ0,LV0,CZ,LV,CEE,Baltics,FALSE,FALSE,0.01,0.0025,0.031211,FALSE,FALSE,1035.043545
10,67,CZ0,MT0,CZ,MT,CEE,Southern,FALSE,FALSE,0,0,0.001349,FALSE,FALSE,1523.25898
10,68,CZ0,NL1,CZ,NL,CEE,Western,FALSE,FALSE,0.01,0.0025,0.002965,FALSE,FALSE,751.58678
10,69,CZ0,NL2,CZ,NL,CEE,Western,FALSE,FALSE,0.01,0.001667,0.003353,FALSE,FALSE,722.015913
10,70,CZ0,NL3,CZ,NL,CEE,Western,FALSE,FALSE,0,0,0.001479,FALSE,FALSE,859.693998
10,71,CZ0,NL4,CZ,NL,CEE,Western,FALSE,FALSE,0,0,0.001664,FALSE,FALSE,729.304327
10,72,CZ0,PL2,CZ,PL,CEE,CEE,FALSE,TRUE,0.13,0.032417,0.180135,TRUE,TRUE,295.475872
10,73,CZ0,PL4,CZ,PL,CEE,CEE,FALSE,TRUE,0.06,0.013762,0.187099,FALSE,FALSE,354.046089
10,74,CZ0,PL5,CZ,PL,CEE,CEE,FALSE,TRUE,0.11,0.030417,0.033907,TRUE,TRUE,153.268347
10,75,CZ0,PL6,CZ,PL,CEE,CEE,FALSE,TRUE,0.25,0.067917,0.164811,FALSE,FALSE,488.312324
10,76,CZ0,PL7,CZ,PL,CEE,CEE,FALSE,TRUE,0.33,0.0915,0.072791,FALSE,FALSE,320.327581
10,77,CZ0,PL8,CZ,PL,CEE,CEE,FALSE,TRUE,0.12,0.030706,0.126365,FALSE,FALSE,542.918136
10,78,CZ0,PL9,CZ,PL,CEE,CEE,FALSE,TRUE,0.07,0.01204,0.060805,FALSE,FALSE,484.654395
10,79,CZ0,PT1,CZ,PT,CEE,Southern,FALSE,FALSE,0,0,0.001445,FALSE,FALSE,2209.491609
10,80,CZ0,PT2,CZ,PT,CEE,Southern,FALSE,FALSE,0.01,0.002,0.003173,FALSE,FALSE,3493.916254
10,81,CZ0,PT3,CZ,PT,CEE,Southern,FALSE,FALSE,0.02,0.005,0.004534,FALSE,FALSE,3259.52694
10,82,CZ0,RO1,CZ,RO,CEE,CEE,FALSE,TRUE,0.13,0.030111,0.236509,FALSE,FALSE,690.316705
10,83,CZ0,RO2,CZ,RO,CEE,CEE,FALSE,TRUE,0.28,0.076583,0.113392,FALSE,FALSE,956.478764
10,84,CZ0,RO3,CZ,RO,CEE,CEE,FALSE,TRUE,0.17,0.039429,0.135507,FALSE,FALSE,986.060955
10,85,CZ0,RO4,CZ,RO,CEE,CEE,FALSE,TRUE,0.4,0.114917,0.171469,FALSE,FALSE,729.660329
10,86,CZ0,SE1,CZ,SE,CEE,Northern,FALSE,FALSE,0,0,0.003759,FALSE,FALSE,1049.385848
10,87,CZ0,SE2,CZ,SE,CEE,Northern,FALSE,FALSE,0,0,0.008809,FALSE,FALSE,838.009412
10,88,CZ0,SE3,CZ,SE,CEE,Northern,FALSE,FALSE,0.02,0.003111,0.007663,FALSE,FALSE,1574.400157
10,89,CZ0,SI0,CZ,SI,CEE,CEE,FALSE,TRUE,0.03,0.007333,0.00789,FALSE,FALSE,407.65042
10,90,CZ0,SK0,CZ,SK,CEE,CEE,FALSE,TRUE,0.04,0.010333,0.010224,TRUE,TRUE,257.954605
11,1,DE1,AT1,DE,AT,Western,Western,FALSE,TRUE,0.07,0.009929,0.01669,FALSE,FALSE,510.740797
11,2,DE1,AT2,DE,AT,Western,Western,FALSE,TRUE,0.06,0.007466,0.021221,FALSE,FALSE,477.25939
11,3,DE1,AT3,DE,AT,Western,Western,FALSE,TRUE,0.04,0.004667,0.014231,TRUE,FALSE,336.044129
11,4,DE1,BE1,DE,BE,Western,Western,FALSE,TRUE,0.06,0.00791,0.014521,FALSE,FALSE,417.320823
11,5,DE1,BE2,DE,BE,Western,Western,FALSE,TRUE,0.06,0.007647,0.018102,FALSE,FALSE,439.718073
11,6,DE1,BE3,DE,BE,Western,Western,FALSE,TRUE,0.07,0.007563,0.017655,FALSE,FALSE,328.04306
11,7,DE1,BG3,DE,BG,Western,CEE,FALSE,FALSE,0.04,0.002739,0.008056,FALSE,FALSE,1373.358769
11,8,DE1,BG4,DE,BG,Western,CEE,FALSE,FALSE,0.07,0.006985,0.018243,FALSE,FALSE,1398.996314
11,9,DE1,CY0,DE,CY,Western,Southern,FALSE,FALSE,0.1,0.007063,0.013196,FALSE,FALSE,2479.580676
11,10,DE1,CZ0,DE,CZ,Western,CEE,FALSE,FALSE,0.04,0.005102,0.022624,FALSE,FALSE,496.343019
11,12,DE1,DE2,DE,DE,Western,Western,TRUE,TRUE,0.05,0.006778,0.018136,TRUE,TRUE,221.549052
11,13,DE1,DE3,DE,DE,Western,Western,TRUE,TRUE,0.12,0.014408,0.018849,FALSE,FALSE,525.922536
11,14,DE1,DE4,DE,DE,Western,Western,TRUE,TRUE,0.09,0.010077,0.01787,FALSE,FALSE,494.199111
11,15,DE1,DE5,DE,DE,Western,Western,TRUE,TRUE,0.18,0.020937,0.02892,FALSE,FALSE,494.979708
11,16,DE1,DE6,DE,DE,Western,Western,TRUE,TRUE,0.13,0.014265,0.018191,FALSE,FALSE,552.726227
11,17,DE1,DE7,DE,DE,Western,Western,TRUE,TRUE,0.15,0.021934,0.030924,TRUE,TRUE,211.79899
11,18,DE1,DE8,DE,DE,Western,Western,TRUE,TRUE,0.08,0.007468,0.017492,FALSE,FALSE,626.45138
11,19,DE1,DE9,DE,DE,Western,Western,TRUE,TRUE,0.13,0.019086,0.024902,FALSE,FALSE,437.069996
11,20,DE1,DEA,DE,DE,Western,Western,TRUE,TRUE,0.16,0.017146,0.026772,FALSE,FALSE,323.831566
11,21,DE1,DEB,DE,DE,Western,Western,TRUE,TRUE,0.16,0.016071,0.026872,TRUE,TRUE,192.186134
11,22,DE1,DEC,DE,DE,Western,Western,TRUE,TRUE,0.4,0.227884,0.176561,FALSE,TRUE,173.17481
11,23,DE1,DED,DE,DE,Western,Western,TRUE,TRUE,0.1,0.01409,0.022019,FALSE,FALSE,402.672843
11,24,DE1,DEE,DE,DE,Western,Western,TRUE,TRUE,0.09,0.00639,0.016106,FALSE,FALSE,413.629479
11,25,DE1,DEF,DE,DE,Western,Western,TRUE,TRUE,0.08,0.007555,0.018633,FALSE,FALSE,609.188684
11,26,DE1,DEG,DE,DE,Western,Western,TRUE,TRUE,0.12,0.042342,0.047265,FALSE,TRUE,294.016791
11,27,DE1,DK0,DE,DK,Western,Northern,FALSE,FALSE,0.07,0.006102,0.013873,FALSE,FALSE,841.546163
11,28,DE1,EE0,DE,EE,Western,Baltics,FALSE,FALSE,0.05,0.004309,0.0115,FALSE,FALSE,1554.186828
11,29,DE1,EL3,DE,EL,Western,Southern,FALSE,FALSE,0.05,0.003082,0.033071,FALSE,FALSE,1656.91206
11,30,DE1,EL4,DE,EL,Western,Southern,FALSE,FALSE,0.03,0.002226,0.028124,FALSE,FALSE,1962.539892
11,31,DE1,EL5,DE,EL,Western,Southern,FALSE,FALSE,0.02,0.00188,0.032689,FALSE,FALSE,1345.745969
11,32,DE1,EL6,DE,EL,Western,Southern,FALSE,FALSE,0.03,0.001601,0.032483,FALSE,FALSE,1480.338175
11,33,DE1,ES1,DE,ES,Western,Southern,FALSE,FALSE,0.04,0.003455,0.012817,FALSE,FALSE,1221.102079
11,34,DE1,ES2,DE,ES,Western,Southern,FALSE,FALSE,0.03,0.002394,0.012618,FALSE,FALSE,1075.258374
11,35,DE1,ES3,DE,ES,Western,Southern,FALSE,FALSE,0.04,0.003542,0.011572,FALSE,FALSE,1356.953449
11,36,DE1,ES4,DE,ES,Western,Southern,FALSE,FALSE,0.08,0.007557,0.018228,FALSE,FALSE,1486.591497
11,37,DE1,ES5,DE,ES,Western,Southern,FALSE,FALSE,0.03,0.002532,0.016549,FALSE,FALSE,1116.059686
11,38,DE1,ES6,DE,ES,Western,Southern,FALSE,FALSE,0.06,0.004734,0.018176,FALSE,FALSE,1609.283471
11,39,DE1,ES7,DE,ES,Western,Southern,FALSE,FALSE,0.02,0.00101,0.010506,FALSE,FALSE,3116.800092
11,40,DE1,FI1,DE,FI,Western,Northern,FALSE,FALSE,0.1,0.009598,0.021074,FALSE,FALSE,2094.451553
11,41,DE1,FI2,DE,FI,Western,Northern,FALSE,FALSE,0.02,0.001026,0.008073,FALSE,FALSE,1459.540258
11,42,DE1,FR1,DE,FR,Western,Western,FALSE,TRUE,0.12,0.012759,0.020639,FALSE,FALSE,481.120966
11,43,DE1,FRB,DE,FR,Western,Western,FALSE,TRUE,0.04,0.001916,0.017607,FALSE,FALSE,569.015224
11,44,DE1,FRC,DE,FR,Western,Western,FALSE,TRUE,0.07,0.008464,0.02445,FALSE,FALSE,341.554543
11,45,DE1,FRD,DE,FR,Western,Western,FALSE,TRUE,0.12,0.012426,0.018849,FALSE,FALSE,664.252984
11,46,DE1,FRE,DE,FR,Western,Western,FALSE,TRUE,0.07,0.008845,0.018209,FALSE,FALSE,468.376576
11,47,DE1,FRF,DE,FR,Western,Western,FALSE,TRUE,0.09,0.014185,0.023232,TRUE,TRUE,241.764755
11,48,DE1,FRG,DE,FR,Western,Western,FALSE,TRUE,0.08,0.006008,0.015181,FALSE,FALSE,768.519394
11,49,DE1,FRH,DE,FR,Western,Western,FALSE,TRUE,0.09,0.006809,0.017871,FALSE,FALSE,877.086485
11,50,DE1,FRI,DE,FR,Western,Western,FALSE,TRUE,0.07,0.005332,0.016961,FALSE,FALSE,768.902495
11,51,DE1,FRJ,DE,FR,Western,Western,FALSE,TRUE,0.06,0.004661,0.012648,FALSE,FALSE,764.624839
11,52,DE1,FRK,DE,FR,Western,Western,FALSE,TRUE,0.07,0.006787,0.01587,FALSE,FALSE,485.950739
11,53,DE1,FRL,DE,FR,Western,Western,FALSE,TRUE,0.11,0.010712,0.017806,FALSE,FALSE,557.293225
11,54,DE1,FRM,DE,FR,Western,Western,FALSE,TRUE,0.05,0.0043,0.014929,FALSE,FALSE,728.728383
11,55,DE1,HU1,DE,HU,Western,CEE,FALSE,FALSE,0.03,0.00304,0.029661,FALSE,FALSE,774.063314
11,56,DE1,HU2,DE,HU,Western,CEE,FALSE,FALSE,0.08,0.006986,0.018077,FALSE,FALSE,669.355569
11,57,DE1,HU3,DE,HU,Western,CEE,FALSE,FALSE,0.07,0.004931,0.04024,FALSE,FALSE,896.137174
11,58,DE1,IE0,DE,IE,Western,Western,FALSE,TRUE,0.14,0.018705,0.022033,FALSE,FALSE,1294.393538
11,59,DE1,ITC,DE,IT,Western,Southern,FALSE,FALSE,0.08,0.006647,0.016918,FALSE,FALSE,384.467434
11,60,DE1,ITF,DE,IT,Western,Southern,FALSE,FALSE,0.05,0.004335,0.012969,FALSE,FALSE,1064.983489
11,61,DE1,ITG,DE,IT,Western,Southern,FALSE,FALSE,0.09,0.010291,0.017799,FALSE,FALSE,1285.884448
11,62,DE1,ITH,DE,IT,Western,Southern,FALSE,FALSE,0.07,0.005815,0.016381,FALSE,FALSE,402.99014
11,63,DE1,ITI,DE,IT,Western,Southern,FALSE,FALSE,0.05,0.004681,0.013455,FALSE,FALSE,686.985169
11,64,DE1,LT0,DE,LT,Western,Baltics,FALSE,FALSE,0.08,0.008674,0.02166,FALSE,FALSE,1238.158266
11,65,DE1,LU0,DE,LU,Western,Western,FALSE,TRUE,0.05,0.004349,0.01308,FALSE,TRUE,252.074407
11,66,DE1,LV0,DE,LV,Western,Baltics,FALSE,FALSE,0.04,0.003177,0.014249,FALSE,FALSE,1445.591201
11,67,DE1,MT0,DE,MT,Western,Southern,FALSE,FALSE,0.07,0.00689,0.019041,FALSE,FALSE,1459.204875
11,68,DE1,NL1,DE,NL,Western,Western,FALSE,TRUE,0.03,0.003076,0.010629,FALSE,FALSE,522.056133
11,69,DE1,NL2,DE,NL,Western,Western,FALSE,TRUE,0.04,0.006111,0.016142,FALSE,FALSE,452.134832
11,70,DE1,NL3,DE,NL,Western,Western,FALSE,TRUE,0.08,0.009989,0.016034,FALSE,FALSE,479.543387
11,71,DE1,NL4,DE,NL,Western,Western,FALSE,TRUE,0.1,0.010856,0.018603,FALSE,FALSE,381.997635
11,72,DE1,PL2,DE,PL,Western,CEE,FALSE,FALSE,0.11,0.013091,0.114132,FALSE,FALSE,791.712302
11,73,DE1,PL4,DE,PL,Western,CEE,FALSE,FALSE,0.05,0.003009,0.113401,FALSE,FALSE,673.133485
11,74,DE1,PL5,DE,PL,Western,CEE,FALSE,FALSE,0.16,0.023466,0.029269,FALSE,FALSE,613.204899
11,75,DE1,PL6,DE,PL,Western,CEE,FALSE,FALSE,0.13,0.013008,0.095556,FALSE,FALSE,888.490979
11,76,DE1,PL7,DE,PL,Western,CEE,FALSE,FALSE,0.09,0.017437,0.024423,FALSE,FALSE,800.329884
11,77,DE1,PL8,DE,PL,Western,CEE,FALSE,FALSE,0.17,0.015127,0.069969,FALSE,FALSE,1030.464239
11,78,DE1,PL9,DE,PL,Western,CEE,FALSE,FALSE,0.13,0.011417,0.04,FALSE,FALSE,952.264584
11,79,DE1,PT1,DE,PT,Western,Southern,FALSE,FALSE,0.09,0.012842,0.021281,FALSE,FALSE,1722.79926
11,80,DE1,PT2,DE,PT,Western,Southern,FALSE,FALSE,0.05,0.004733,0.012482,FALSE,FALSE,3000.514894
11,81,DE1,PT3,DE,PT,Western,Southern,FALSE,FALSE,0.03,0.00353,0.010349,FALSE,FALSE,2773.057855
11,82,DE1,RO1,DE,RO,Western,CEE,FALSE,FALSE,0.03,0.002065,0.039596,FALSE,FALSE,1126.100375
11,83,DE1,RO2,DE,RO,Western,CEE,FALSE,FALSE,0.02,0.001546,0.01574,FALSE,FALSE,1399.569301
11,84,DE1,RO3,DE,RO,Western,CEE,FALSE,FALSE,0.02,0.001003,0.02273,FALSE,FALSE,1384.622811
11,85,DE1,RO4,DE,RO,Western,CEE,FALSE,FALSE,0.02,9.73e-4,0.022981,FALSE,FALSE,1103.747251
11,86,DE1,SE1,DE,SE,Western,Northern,FALSE,FALSE,0.19,0.02471,0.079779,FALSE,FALSE,1262.433017
11,87,DE1,SE2,DE,SE,Western,Northern,FALSE,FALSE,0.2,0.02821,0.129003,FALSE,FALSE,1015.72616
11,88,DE1,SE3,DE,SE,Western,Northern,FALSE,FALSE,0.17,0.024892,0.093919,FALSE,FALSE,1752.997218
11,89,DE1,SI0,DE,SI,Western,CEE,FALSE,FALSE,0.04,0.003948,0.012898,FALSE,FALSE,499.552963
11,90,DE1,SK0,DE,SK,Western,CEE,FALSE,FALSE,0.04,0.004686,0.009187,FALSE,FALSE,716.34709
12,1,DE2,AT1,DE,AT,Western,Western,FALSE,TRUE,0.08,0.012949,0.02286,FALSE,FALSE,301.692619
12,2,DE2,AT2,DE,AT,Western,Western,FALSE,TRUE,0.08,0.012109,0.025803,FALSE,TRUE,296.99169
12,3,DE2,AT3,DE,AT,Western,Western,FALSE,TRUE,0.09,0.021782,0.032074,TRUE,TRUE,161.899184
12,4,DE2,BE1,DE,BE,Western,Western,FALSE,TRUE,0.11,0.018058,0.02436,FALSE,FALSE,595.185675
12,5,DE2,BE2,DE,BE,Western,Western,FALSE,TRUE,0.06,0.012123,0.020343,FALSE,FALSE,614.068149
12,6,DE2,BE3,DE,BE,Western,Western,FALSE,TRUE,0.07,0.010151,0.025407,FALSE,FALSE,518.332681
12,7,DE2,BG3,DE,BG,Western,CEE,FALSE,FALSE,0.07,0.009004,0.014656,FALSE,FALSE,1179.448885
12,8,DE2,BG4,DE,BG,Western,CEE,FALSE,FALSE,0.01,0.001111,0.010643,FALSE,FALSE,1219.110736
12,9,DE2,CY0,DE,CY,Western,Southern,FALSE,FALSE,0.05,0.006234,0.016412,FALSE,FALSE,2300.879385
12,10,DE2,CZ0,DE,CZ,Western,CEE,FALSE,FALSE,0.04,0.004458,0.018967,TRUE,TRUE,279.889156
12,11,DE2,DE1,DE,DE,Western,Western,TRUE,TRUE,0.11,0.032804,0.04255,TRUE,TRUE,221.549052
12,13,DE2,DE3,DE,DE,Western,Western,TRUE,TRUE,0.07,0.009915,0.023008,FALSE,FALSE,414.849711
12,14,DE2,DE4,DE,DE,Western,Western,TRUE,TRUE,0.08,0.016048,0.024958,FALSE,FALSE,401.793779
12,15,DE2,DE5,DE,DE,Western,Western,TRUE,TRUE,0.08,0.015659,0.022772,FALSE,FALSE,522.996852
12,16,DE2,DE6,DE,DE,Western,Western,TRUE,TRUE,0.06,0.01875,0.027727,FALSE,FALSE,544.143578
12,17,DE2,DE7,DE,DE,Western,Western,TRUE,TRUE,0.13,0.019907,0.026447,TRUE,TRUE,286.411252
12,18,DE2,DE8,DE,DE,Western,Western,TRUE,TRUE,0.14,0.047449,0.053752,FALSE,FALSE,557.830585
12,19,DE2,DE9,DE,DE,Western,Western,TRUE,TRUE,0.13,0.042706,0.043362,FALSE,FALSE,472.189991
12,20,DE2,DEA,DE,DE,Western,Western,TRUE,TRUE,0.11,0.040596,0.049668,FALSE,FALSE,427.197428
12,21,DE2,DEB,DE,DE,Western,Western,TRUE,TRUE,0.08,0.012097,0.023841,FALSE,FALSE,366.379065
12,22,DE2,DEC,DE,DE,Western,Western,TRUE,TRUE,0.04,0.016667,0.037122,FALSE,FALSE,376.362546
12,23,DE2,DED,DE,DE,Western,Western,TRUE,TRUE,0.16,0.054879,0.056449,TRUE,TRUE,246.357949
12,24,DE2,DEE,DE,DE,Western,Western,TRUE,TRUE,0.07,0.022903,0.037164,FALSE,FALSE,346.824866
12,25,DE2,DEF,DE,DE,Western,Western,TRUE,TRUE,0.06,0.014219,0.028518,FALSE,FALSE,601.51621
12,26,DE2,DEG,DE,DE,Western,Western,TRUE,TRUE,0.15,0.058998,0.061654,TRUE,TRUE,231.464276
12,27,DE2,DK0,DE,DK,Western,Northern,FALSE,FALSE,0.1,0.023714,0.033145,FALSE,FALSE,839.070072
12,28,DE2,EE0,DE,EE,Western,Baltics,FALSE,FALSE,0.05,0.006595,0.013098,FALSE,FALSE,1407.275343
12,29,DE2,EL3,DE,EL,Western,Southern,FALSE,FALSE,0.02,0.001625,0.03868,FALSE,FALSE,1514.470695
12,30,DE2,EL4,DE,EL,Western,Southern,FALSE,FALSE,0.01,6.67e-4,0.031476,FALSE,FALSE,1830.099696
12,31,DE2,EL5,DE,EL,Western,Southern,FALSE,FALSE,0.02,0.002338,0.039619,FALSE,FALSE,1196.288604
12,32,DE2,EL6,DE,EL,Western,Southern,FALSE,FALSE,0.02,0.002167,0.038633,FALSE,FALSE,1340.731587
12,33,DE2,ES1,DE,ES,Western,Southern,FALSE,FALSE,0.04,0.010076,0.021026,FALSE,FALSE,1434.775394
12,34,DE2,ES2,DE,ES,Western,Southern,FALSE,FALSE,0.03,0.002986,0.019288,FALSE,FALSE,1265.194243
12,35,DE2,ES3,DE,ES,Western,Southern,FALSE,FALSE,0.06,0.010778,0.019382,FALSE,FALSE,1554.404578
12,36,DE2,ES4,DE,ES,Western,Southern,FALSE,FALSE,0.04,0.004131,0.021455,FALSE,FALSE,1689.251167
12,37,DE2,ES5,DE,ES,Western,Southern,FALSE,FALSE,0.06,0.005415,0.024383,FALSE,FALSE,1257.071095
12,38,DE2,ES6,DE,ES,Western,Southern,FALSE,FALSE,0.07,0.009492,0.027357,FALSE,FALSE,1790.600419
12,39,DE2,ES7,DE,ES,Western,Southern,FALSE,FALSE,0.05,0.007083,0.014985,FALSE,FALSE,3312.94642
12,40,DE2,FI1,DE,FI,Western,Northern,FALSE,FALSE,0.08,0.021498,0.028091,FALSE,FALSE,1984.303109
12,41,DE2,FI2,DE,FI,Western,Northern,FALSE,FALSE,0.06,0.006322,0.013603,FALSE,FALSE,1356.387357
12,42,DE2,FR1,DE,FR,Western,Western,FALSE,TRUE,0.02,0.003,0.017654,FALSE,FALSE,700.138516
12,43,DE2,FRB,DE,FR,Western,Western,FALSE,TRUE,0.17,0.056832,0.056455,FALSE,FALSE,790.544706
12,44,DE2,FRC,DE,FR,Western,Western,FALSE,TRUE,0.09,0.018611,0.029683,FALSE,FALSE,557.200309
12,45,DE2,FRD,DE,FR,Western,Western,FALSE,TRUE,0.08,0.011873,0.022184,FALSE,FALSE,880.534015
12,46,DE2,FRE,DE,FR,Western,Western,FALSE,TRUE,0.04,0.010909,0.034721,FALSE,FALSE,672.834843
12,47,DE2,FRF,DE,FR,Western,Western,FALSE,TRUE,0.05,0.005308,0.026004,FALSE,FALSE,460.835725
12,48,DE2,FRG,DE,FR,Western,Western,FALSE,TRUE,0.09,0.01154,0.024729,FALSE,FALSE,990.046774
12,49,DE2,FRH,DE,FR,Western,Western,FALSE,TRUE,0.09,0.013076,0.023146,FALSE,FALSE,1096.839773
12,50,DE2,FRI,DE,FR,Western,Western,FALSE,TRUE,0.04,0.005278,0.021924,FALSE,FALSE,979.089964
12,51,DE2,FRJ,DE,FR,Western,Western,FALSE,TRUE,0.07,0.007524,0.019193,FALSE,FALSE,951.142442
12,52,DE2,FRK,DE,FR,Western,Western,FALSE,TRUE,0.04,0.004006,0.016242,FALSE,FALSE,675.155861
12,53,DE2,FRL,DE,FR,Western,Western,FALSE,TRUE,0.04,0.005338,0.016215,FALSE,FALSE,704.105354
12,54,DE2,FRM,DE,FR,Western,Western,FALSE,TRUE,0.03,0.002181,0.013894,FALSE,FALSE,788.597096
12,55,DE2,HU1,DE,HU,Western,CEE,FALSE,FALSE,0,0,0.024309,FALSE,FALSE,560.969094
12,56,DE2,HU2,DE,HU,Western,CEE,FALSE,FALSE,0.01,9.09e-4,0.015582,FALSE,FALSE,470.492758
12,57,DE2,HU3,DE,HU,Western,CEE,FALSE,FALSE,0.03,0.004667,0.035875,FALSE,FALSE,682.638347
12,58,DE2,IE0,DE,IE,Western,Western,FALSE,TRUE,0.04,0.005048,0.010238,FALSE,FALSE,1474.298735
12,59,DE2,ITC,DE,IT,Western,Southern,FALSE,FALSE,0.08,0.0125,0.022356,FALSE,FALSE,475.214322
12,60,DE2,ITF,DE,IT,Western,Southern,FALSE,FALSE,0.05,0.005903,0.018205,FALSE,FALSE,989.52539
12,61,DE2,ITG,DE,IT,Western,Southern,FALSE,FALSE,0.07,0.005353,0.019215,FALSE,FALSE,1259.00034
12,62,DE2,ITH,DE,IT,Western,Southern,FALSE,FALSE,0.07,0.012115,0.023121,FALSE,FALSE,383.25839
12,63,DE2,ITI,DE,IT,Western,Southern,FALSE,FALSE,0.06,0.009207,0.02274,FALSE,FALSE,666.906109
12,64,DE2,LT0,DE,LT,Western,Baltics,FALSE,FALSE,0.01,5.56e-4,0.019157,FALSE,FALSE,1063.030197
12,65,DE2,LU0,DE,LU,Western,Western,FALSE,TRUE,0.03,0.00245,0.013914,FALSE,FALSE,446.308529
12,66,DE2,LV0,DE,LV,Western,Baltics,FALSE,FALSE,0.05,0.005375,0.018324,FALSE,FALSE,1276.668219
12,67,DE2,MT0,DE,MT,Western,Southern,FALSE,FALSE,0.08,0.00956,0.018931,FALSE,FALSE,1432.041143
12,68,DE2,NL1,DE,NL,Western,Western,FALSE,TRUE,0.04,0.004514,0.013542,FALSE,FALSE,615.392326
12,69,DE2,NL2,DE,NL,Western,Western,FALSE,TRUE,0.09,0.013201,0.020551,FALSE,FALSE,562.318079
12,70,DE2,NL3,DE,NL,Western,Western,FALSE,TRUE,0.03,0.004242,0.017347,FALSE,FALSE,650.489793
12,71,DE2,NL4,DE,NL,Western,Western,FALSE,TRUE,0.06,0.009719,0.020542,FALSE,FALSE,530.72479
12,72,DE2,PL2,DE,PL,Western,CEE,FALSE,FALSE,0.03,0.004583,0.065803,FALSE,FALSE,573.508752
12,73,DE2,PL4,DE,PL,Western,CEE,FALSE,FALSE,0.03,0.002214,0.068092,FALSE,FALSE,523.076361
12,74,DE2,PL5,DE,PL,Western,CEE,FALSE,FALSE,0.05,0.004048,0.014657,FALSE,FALSE,411.087022
12,75,DE2,PL6,DE,PL,Western,CEE,FALSE,FALSE,0.03,0.004107,0.053033,FALSE,FALSE,716.989815
12,76,DE2,PL7,DE,PL,Western,CEE,FALSE,FALSE,0.05,0.005095,0.015306,FALSE,FALSE,594.215327
12,77,DE2,PL8,DE,PL,Western,CEE,FALSE,FALSE,0.05,0.009357,0.046539,FALSE,FALSE,821.153977
12,78,DE2,PL9,DE,PL,Western,CEE,FALSE,FALSE,0.01,6.25e-4,0.023433,FALSE,FALSE,753.181989
12,79,DE2,PT1,DE,PT,Western,Southern,FALSE,FALSE,0.09,0.01383,0.023979,FALSE,FALSE,1929.960483
12,80,DE2,PT2,DE,PT,Western,Southern,FALSE,FALSE,0.06,0.006115,0.01498,FALSE,FALSE,3221.874013
12,81,DE2,PT3,DE,PT,Western,Southern,FALSE,FALSE,0.03,0.003889,0.012023,FALSE,FALSE,2980.139281
12,82,DE2,RO1,DE,RO,Western,CEE,FALSE,FALSE,0.03,0.003006,0.045985,FALSE,FALSE,911.174433
12,83,DE2,RO2,DE,RO,Western,CEE,FALSE,FALSE,0.02,0.001409,0.017887,FALSE,FALSE,1184.311307
12,84,DE2,RO3,DE,RO,Western,CEE,FALSE,FALSE,0.01,0.001111,0.024933,FALSE,FALSE,1180.028829
12,85,DE2,RO4,DE,RO,Western,CEE,FALSE,FALSE,0.01,7.14e-4,0.026302,FALSE,FALSE,903.060212
12,86,DE2,SE1,DE,SE,Western,Northern,FALSE,FALSE,0.02,0.001984,0.037178,FALSE,FALSE,1178.748919
12,87,DE2,SE2,DE,SE,Western,Northern,FALSE,FALSE,0.07,0.011101,0.074764,FALSE,FALSE,941.335608
12,88,DE2,SE3,DE,SE,Western,Northern,FALSE,FALSE,0.05,0.007262,0.054368,FALSE,FALSE,1691.261432
12,89,DE2,SI0,DE,SI,Western,CEE,FALSE,FALSE,0.06,0.011238,0.024135,FALSE,FALSE,356.270998
12,90,DE2,SK0,DE,SK,Western,CEE,FALSE,FALSE,0.02,0.001056,0.008565,FALSE,FALSE,495.492952
13,1,DE3,AT1,DE,AT,Western,Western,FALSE,TRUE,0.08,0.032576,0.037589,FALSE,FALSE,545.296224
13,2,DE3,AT2,DE,AT,Western,Western,FALSE,TRUE,0.05,0.010467,0.023151,FALSE,FALSE,616.29563
13,3,DE3,AT3,DE,AT,Western,Western,FALSE,TRUE,0.05,0.02202,0.030611,FALSE,FALSE,534.897251
13,4,DE3,BE1,DE,BE,Western,Western,FALSE,TRUE,0.05,0.005197,0.016686,FALSE,FALSE,650.1564
13,5,DE3,BE2,DE,BE,Western,Western,FALSE,TRUE,0.05,0.012024,0.027331,FALSE,FALSE,655.096878
13,6,DE3,BE3,DE,BE,Western,Western,FALSE,TRUE,0.07,0.020861,0.02809,FALSE,FALSE,627.617604
13,7,DE3,BG3,DE,BG,Western,CEE,FALSE,FALSE,0.03,0.003742,0.01191,FALSE,FALSE,1340.917243
13,8,DE3,BG4,DE,BG,Western,CEE,FALSE,FALSE,0.01,5.88e-4,0.012067,FALSE,FALSE,1422.165134
13,9,DE3,CY0,DE,CY,Western,Southern,FALSE,FALSE,0.04,0.01,0.018459,FALSE,FALSE,2475.517107
13,10,DE3,CZ0,DE,CZ,Western,CEE,FALSE,FALSE,0.04,0.004838,0.017838,FALSE,FALSE,347.216564
13,11,DE3,DE1,DE,DE,Western,Western,TRUE,TRUE,0.07,0.02754,0.036336,FALSE,FALSE,525.922536
13,12,DE3,DE2,DE,DE,Western,Western,TRUE,TRUE,0.07,0.025588,0.031042,FALSE,FALSE,414.849711
13,14,DE3,DE4,DE,DE,Western,Western,TRUE,TRUE,0.08,0.014495,0.021712,TRUE,TRUE,48.983487
13,15,DE3,DE5,DE,DE,Western,Western,TRUE,TRUE,0.08,0.014509,0.023926,FALSE,FALSE,315.551533
13,16,DE3,DE6,DE,DE,Western,Western,TRUE,TRUE,0.07,0.01077,0.016815,FALSE,TRUE,256.856137
13,17,DE3,DE7,DE,DE,Western,Western,TRUE,TRUE,0.1,0.024524,0.028481,FALSE,FALSE,369.618981
13,18,DE3,DE8,DE,DE,Western,Western,TRUE,TRUE,0.09,0.013211,0.032068,FALSE,TRUE,166.022197
13,19,DE3,DE9,DE,DE,Western,Western,TRUE,TRUE,0.13,0.04681,0.046058,FALSE,FALSE,310.456089
13,20,DE3,DEA,DE,DE,Western,Western,TRUE,TRUE,0.13,0.037726,0.046785,FALSE,FALSE,418.398253
13,21,DE3,DEB,DE,DE,Western,Western,TRUE,TRUE,0.1,0.020607,0.027065,FALSE,FALSE,513.453494
13,22,DE3,DEC,DE,DE,Western,Western,TRUE,TRUE,0.06,0.00827,0.031549,FALSE,FALSE,570.252424
13,23,DE3,DED,DE,DE,Western,Western,TRUE,TRUE,0.05,0.004414,0.020582,FALSE,TRUE,179.527827
13,24,DE3,DEE,DE,DE,Western,Western,TRUE,TRUE,0.04,0.004601,0.023146,FALSE,TRUE,130.613625
13,25,DE3,DEF,DE,DE,Western,Western,TRUE,TRUE,0.08,0.01782,0.027341,FALSE,FALSE,293.009723
13,26,DE3,DEG,DE,DE,Western,Western,TRUE,TRUE,0.12,0.028043,0.037072,FALSE,TRUE,232.416836
13,27,DE3,DK0,DE,DK,Western,Northern,FALSE,FALSE,0.03,0.003262,0.016619,FALSE,FALSE,492.508664
13,28,DE3,EE0,DE,EE,Western,Baltics,FALSE,FALSE,0,0,0.008618,FALSE,FALSE,1029.700192
13,29,DE3,EL3,DE,EL,Western,Southern,FALSE,FALSE,0.02,0.001023,0.035583,FALSE,FALSE,1787.990796
13,30,DE3,EL4,DE,EL,Western,Southern,FALSE,FALSE,0.02,0.002778,0.030038,FALSE,FALSE,2113.321531
13,31,DE3,EL5,DE,EL,Western,Southern,FALSE,FALSE,0.03,0.002935,0.037272,FALSE,FALSE,1468.294957
13,32,DE3,EL6,DE,EL,Western,Southern,FALSE,FALSE,0.01,7.69e-4,0.037344,FALSE,FALSE,1624.455034
13,33,DE3,ES1,DE,ES,Western,Southern,FALSE,FALSE,0.06,0.008128,0.018258,FALSE,FALSE,1689.778113
13,34,DE3,ES2,DE,ES,Western,Southern,FALSE,FALSE,0.04,0.004933,0.021227,FALSE,FALSE,1589.304303
13,35,DE3,ES3,DE,ES,Western,Southern,FALSE,FALSE,0.05,0.010936,0.019114,FALSE,FALSE,1860.441942
13,36,DE3,ES4,DE,ES,Western,Southern,FALSE,FALSE,0.04,0.009185,0.024885,FALSE,FALSE,1980.653622
13,37,DE3,ES5,DE,ES,Western,Southern,FALSE,FALSE,0.03,0.007909,0.022661,FALSE,FALSE,1640.051384
13,38,DE3,ES6,DE,ES,Western,Southern,FALSE,FALSE,0.04,0.004727,0.020381,FALSE,FALSE,2127.243541
13,39,DE3,ES7,DE,ES,Western,Southern,FALSE,FALSE,0.05,0.010444,0.018377,FALSE,FALSE,3615.116932
13,40,DE3,FI1,DE,FI,Western,Northern,FALSE,FALSE,0.04,0.008088,0.018701,FALSE,FALSE,1576.676044
13,41,DE3,FI2,DE,FI,Western,Northern,FALSE,FALSE,0.05,0.003951,0.012006,FALSE,FALSE,944.955662
13,42,DE3,FR1,DE,FR,Western,Western,FALSE,TRUE,0.06,0.022,0.026559,FALSE,FALSE,875.69812
13,43,DE3,FRB,DE,FR,Western,Western,FALSE,TRUE,0.06,0.008775,0.021447,FALSE,FALSE,1000.909102
13,44,DE3,FRC,DE,FR,Western,Western,FALSE,TRUE,0.11,0.019951,0.031386,FALSE,FALSE,835.869364
13,45,DE3,FRD,DE,FR,Western,Western,FALSE,TRUE,0.07,0.008092,0.018903,FALSE,FALSE,1016.189632
13,46,DE3,FRE,DE,FR,Western,Western,FALSE,TRUE,0.08,0.010241,0.022089,FALSE,FALSE,783.367742
13,47,DE3,FRF,DE,FR,Western,Western,FALSE,TRUE,0.1,0.016488,0.029415,FALSE,FALSE,678.024767
13,48,DE3,FRG,DE,FR,Western,Western,FALSE,TRUE,0.09,0.038148,0.041366,FALSE,FALSE,1179.083043
13,49,DE3,FRH,DE,FR,Western,Western,FALSE,TRUE,0.05,0.010011,0.022516,FALSE,FALSE,1244.637067
13,50,DE3,FRI,DE,FR,Western,Western,FALSE,TRUE,0.05,0.008561,0.021859,FALSE,FALSE,1258.020737
13,51,DE3,FRJ,DE,FR,Western,Western,FALSE,TRUE,0.03,0.00702,0.019212,FALSE,FALSE,1283.862703
13,52,DE3,FRK,DE,FR,Western,Western,FALSE,TRUE,0.04,0.005356,0.018527,FALSE,FALSE,1007.072449
13,53,DE3,FRL,DE,FR,Western,Western,FALSE,TRUE,0.06,0.009937,0.018452,FALSE,FALSE,1080.723158
13,54,DE3,FRM,DE,FR,Western,Western,FALSE,TRUE,0.05,0.010922,0.020595,FALSE,FALSE,1201.925916
13,55,DE3,HU1,DE,HU,Western,CEE,FALSE,FALSE,0.01,5.88e-4,0.023425,FALSE,FALSE,704.559224
13,56,DE3,HU2,DE,HU,Western,CEE,FALSE,FALSE,0.01,4.35e-4,0.014769,FALSE,FALSE,698.699722
13,57,DE3,HU3,DE,HU,Western,CEE,FALSE,FALSE,0.03,0.002594,0.033224,FALSE,FALSE,800.441789
13,58,DE3,IE0,DE,IE,Western,Western,FALSE,TRUE,0.03,0.002854,0.008646,FALSE,FALSE,1420.356155
13,59,DE3,ITC,DE,IT,Western,Southern,FALSE,FALSE,0.11,0.035795,0.038709,FALSE,FALSE,877.157452
13,60,DE3,ITF,DE,IT,Western,Southern,FALSE,FALSE,0.06,0.009672,0.023536,FALSE,FALSE,1360.545417
13,61,DE3,ITG,DE,IT,Western,Southern,FALSE,FALSE,0.06,0.014861,0.02204,FALSE,FALSE,1655.800302
13,62,DE3,ITH,DE,IT,Western,Southern,FALSE,FALSE,0.06,0.025595,0.030283,FALSE,FALSE,796.963436
13,63,DE3,ITI,DE,IT,Western,Southern,FALSE,FALSE,0.09,0.025482,0.032989,FALSE,FALSE,1074.880347
13,64,DE3,LT0,DE,LT,Western,Baltics,FALSE,FALSE,0,0,0.015597,FALSE,FALSE,739.887264
13,65,DE3,LU0,DE,LU,Western,Western,FALSE,TRUE,0.04,0.005033,0.014016,FALSE,FALSE,591.224245
13,66,DE3,LV0,DE,LV,Western,Baltics,FALSE,FALSE,0.02,0.001546,0.011836,FALSE,FALSE,935.796562
13,67,DE3,MT0,DE,MT,Western,Southern,FALSE,FALSE,0.04,0.004356,0.014681,FALSE,FALSE,1826.990227
13,68,DE3,NL1,DE,NL,Western,Western,FALSE,TRUE,0.02,0.001909,0.010901,FALSE,FALSE,488.064383
13,69,DE3,NL2,DE,NL,Western,Western,FALSE,TRUE,0.04,0.008164,0.018501,FALSE,FALSE,489.259987
13,70,DE3,NL3,DE,NL,Western,Western,FALSE,TRUE,0.05,0.004293,0.01472,FALSE,FALSE,673.173125
13,71,DE3,NL4,DE,NL,Western,Western,FALSE,TRUE,0.04,0.012992,0.020521,FALSE,FALSE,546.360419
13,72,DE3,PL2,DE,PL,Western,CEE,FALSE,FALSE,0,0,0.050404,FALSE,FALSE,517.996025
13,73,DE3,PL4,DE,PL,Western,CEE,FALSE,FALSE,0.03,0.002608,0.053104,FALSE,TRUE,173.241826
13,74,DE3,PL5,DE,PL,Western,CEE,FALSE,FALSE,0.01,5.88e-4,0.01043,FALSE,FALSE,299.903416
13,75,DE3,PL6,DE,PL,Western,CEE,FALSE,FALSE,0,0,0.037709,FALSE,FALSE,400.353078
13,76,DE3,PL7,DE,PL,Western,CEE,FALSE,FALSE,0.03,0.00327,0.011835,FALSE,FALSE,436.966119
13,77,DE3,PL8,DE,PL,Western,CEE,FALSE,FALSE,0.03,0.002853,0.033018,FALSE,FALSE,645.759031
13,78,DE3,PL9,DE,PL,Western,CEE,FALSE,FALSE,0.02,0.001176,0.018504,FALSE,FALSE,530.993915
13,79,DE3,PT1,DE,PT,Western,Southern,FALSE,FALSE,0.1,0.01592,0.026416,FALSE,FALSE,2205.204131
13,80,DE3,PT2,DE,PT,Western,Southern,FALSE,FALSE,0.03,0.002778,0.011155,FALSE,FALSE,3385.197388
13,81,DE3,PT3,DE,PT,Western,Southern,FALSE,FALSE,0.04,0.005426,0.012752,FALSE,FALSE,3249.889643
13,82,DE3,RO1,DE,RO,Western,CEE,FALSE,FALSE,0,0,0.03621,FALSE,FALSE,988.586018
13,83,DE3,RO2,DE,RO,Western,CEE,FALSE,FALSE,0,0,0.015773,FALSE,FALSE,1236.687652
13,84,DE3,RO3,DE,RO,Western,CEE,FALSE,FALSE,0,0,0.020704,FALSE,FALSE,1297.637961
13,85,DE3,RO4,DE,RO,Western,CEE,FALSE,FALSE,0,0,0.02125,FALSE,FALSE,1059.34888
13,86,DE3,SE1,DE,SE,Western,Northern,FALSE,FALSE,0.03,0.003366,0.02683,FALSE,FALSE,763.905662
13,87,DE3,SE2,DE,SE,Western,Northern,FALSE,FALSE,0.01,0.00125,0.047509,FALSE,FALSE,528.442714
13,88,DE3,SE3,DE,SE,Western,Northern,FALSE,FALSE,0.01,8.33e-4,0.034565,FALSE,FALSE,1278.450443
13,89,DE3,SI0,DE,SI,Western,CEE,FALSE,FALSE,0.05,0.007116,0.018804,FALSE,FALSE,711.981493
13,90,DE3,SK0,DE,SK,Western,CEE,FALSE,FALSE,0.01,8.33e-4,0.008152,FALSE,FALSE,575.802098
14,1,DE4,AT1,DE,AT,Western,Western,FALSE,TRUE,0.1,0.016509,0.023351,FALSE,FALSE,559.564195
14,2,DE4,AT2,DE,AT,Western,Western,FALSE,TRUE,0.06,0.013936,0.025942,FALSE,FALSE,623.471849
14,3,DE4,AT3,DE,AT,Western,Western,FALSE,TRUE,0.09,0.017122,0.025743,FALSE,FALSE,532.435657
14,4,DE4,BE1,DE,BE,Western,Western,FALSE,TRUE,0.04,0.004255,0.014537,FALSE,FALSE,601.655015
14,5,DE4,BE2,DE,BE,Western,Western,FALSE,TRUE,0.03,0.002929,0.015599,FALSE,FALSE,606.367045
14,6,DE4,BE3,DE,BE,Western,Western,FALSE,TRUE,0.06,0.019269,0.030246,FALSE,FALSE,580.707282
14,7,DE4,BG3,DE,BG,Western,CEE,FALSE,FALSE,0.06,0.007344,0.014796,FALSE,FALSE,1372.845278
14,8,DE4,BG4,DE,BG,Western,CEE,FALSE,FALSE,0.02,0.001769,0.012416,FALSE,FALSE,1450.372581
14,9,DE4,CY0,DE,CY,Western,Southern,FALSE,FALSE,0.1,0.015244,0.021369,FALSE,FALSE,2508.506774
14,10,DE4,CZ0,DE,CZ,Western,CEE,FALSE,FALSE,0.02,0.00188,0.017558,FALSE,FALSE,369.256598
14,11,DE4,DE1,DE,DE,Western,Western,TRUE,TRUE,0.12,0.017984,0.036821,FALSE,FALSE,494.199111
14,12,DE4,DE2,DE,DE,Western,Western,TRUE,TRUE,0.09,0.01644,0.029035,FALSE,FALSE,401.793779
14,13,DE4,DE3,DE,DE,Western,Western,TRUE,TRUE,0.05,0.003503,0.019715,TRUE,TRUE,48.983487
14,15,DE4,DE5,DE,DE,Western,Western,TRUE,TRUE,0.11,0.026769,0.034347,FALSE,FALSE,269.758275
14,16,DE4,DE6,DE,DE,Western,Western,TRUE,TRUE,0.15,0.029546,0.037509,FALSE,TRUE,218.283104
14,17,DE4,DE7,DE,DE,Western,Western,TRUE,TRUE,0.06,0.013642,0.021381,FALSE,FALSE,327.599301
14,18,DE4,DE8,DE,DE,Western,Western,TRUE,TRUE,0.14,0.039016,0.042657,TRUE,TRUE,158.5943
14,19,DE4,DE9,DE,DE,Western,Western,TRUE,TRUE,0.1,0.013571,0.028948,TRUE,FALSE,262.120851
14,20,DE4,DEA,DE,DE,Western,Western,TRUE,TRUE,0.12,0.052158,0.05846,FALSE,FALSE,370.185885
14,21,DE4,DEB,DE,DE,Western,Western,TRUE,TRUE,0.06,0.009825,0.022168,FALSE,FALSE,470.043432
14,22,DE4,DEC,DE,DE,Western,Western,TRUE,TRUE,0.08,0.015714,0.03433,FALSE,FALSE,528.39385
14,23,DE4,DED,DE,DE,Western,Western,TRUE,TRUE,0.23,0.129905,0.11475,TRUE,TRUE,183.271954
14,24,DE4,DEE,DE,DE,Western,Western,TRUE,TRUE,0.13,0.03653,0.043789,TRUE,TRUE,86.548003
14,25,DE4,DEF,DE,DE,Western,Western,TRUE,TRUE,0.08,0.022063,0.033915,FALSE,FALSE,260.036241
14,26,DE4,DEG,DE,DE,Western,Western,TRUE,TRUE,0.15,0.091183,0.083988,FALSE,TRUE,200.602557
14,27,DE4,DK0,DE,DK,Western,Northern,FALSE,FALSE,0.03,0.003031,0.01445,FALSE,FALSE,472.953531
14,28,DE4,EE0,DE,EE,Western,Baltics,FALSE,FALSE,0.03,0.002854,0.009308,FALSE,FALSE,1066.402445
14,29,DE4,EL3,DE,EL,Western,Southern,FALSE,FALSE,0.01,7.69e-4,0.038113,FALSE,FALSE,1809.078031
14,30,DE4,EL4,DE,EL,Western,Southern,FALSE,FALSE,0.03,0.002436,0.030926,FALSE,FALSE,2133.665275
14,31,DE4,EL5,DE,EL,Western,Southern,FALSE,FALSE,0.03,0.002333,0.039362,FALSE,FALSE,1488.770659
14,32,DE4,EL6,DE,EL,Western,Southern,FALSE,FALSE,0.01,6.67e-4,0.037045,FALSE,FALSE,1643.823183
14,33,DE4,ES1,DE,ES,Western,Southern,FALSE,FALSE,0.02,0.001667,0.014487,FALSE,FALSE,1645.502177
14,34,DE4,ES2,DE,ES,Western,Southern,FALSE,FALSE,0.04,0.00404,0.0165,FALSE,FALSE,1550.767595
14,35,DE4,ES3,DE,ES,Western,Southern,FALSE,FALSE,0.03,0.002222,0.014428,FALSE,FALSE,1819.700537
14,36,DE4,ES4,DE,ES,Western,Southern,FALSE,FALSE,0.03,0.006762,0.023098,FALSE,FALSE,1938.528323
14,37,DE4,ES5,DE,ES,Western,Southern,FALSE,FALSE,0.05,0.008622,0.023795,FALSE,FALSE,1610.097101
14,38,DE4,ES6,DE,ES,Western,Southern,FALSE,FALSE,0.06,0.013769,0.031033,FALSE,FALSE,2089.350025
14,39,DE4,ES7,DE,ES,Western,Southern,FALSE,FALSE,0.03,0.002303,0.012641,FALSE,FALSE,3572.913338
14,40,DE4,FI1,DE,FI,Western,Northern,FALSE,FALSE,0.09,0.012184,0.027495,FALSE,FALSE,1602.291187
14,41,DE4,FI2,DE,FI,Western,Northern,FALSE,FALSE,0.02,0.001497,0.009636,FALSE,FALSE,968.602418
14,42,DE4,FR1,DE,FR,Western,Western,FALSE,TRUE,0.08,0.015936,0.025466,FALSE,FALSE,829.654519
14,43,DE4,FRB,DE,FR,Western,Western,FALSE,TRUE,0.08,0.011551,0.024856,FALSE,FALSE,955.883553
14,44,DE4,FRC,DE,FR,Western,Western,FALSE,TRUE,0.08,0.009662,0.034664,FALSE,FALSE,796.315723
14,45,DE4,FRD,DE,FR,Western,Western,FALSE,TRUE,0.06,0.013936,0.02152,FALSE,FALSE,968.306047
14,46,DE4,FRE,DE,FR,Western,Western,FALSE,TRUE,0.02,0.001955,0.02027,FALSE,FALSE,735.540241
14,47,DE4,FRF,DE,FR,Western,Western,FALSE,TRUE,0.04,0.006436,0.036573,FALSE,FALSE,635.833727
14,48,DE4,FRG,DE,FR,Western,Western,FALSE,TRUE,0.06,0.008333,0.02608,FALSE,FALSE,1132.535516
14,49,DE4,FRH,DE,FR,Western,Western,FALSE,TRUE,0.09,0.009984,0.020338,FALSE,FALSE,1196.653984
14,50,DE4,FRI,DE,FR,Western,Western,FALSE,TRUE,0.02,0.001955,0.018521,FALSE,FALSE,1216.275845
14,51,DE4,FRJ,DE,FR,Western,Western,FALSE,TRUE,0.09,0.014745,0.025439,FALSE,FALSE,1247.039769
14,52,DE4,FRK,DE,FR,Western,Western,FALSE,TRUE,0.04,0.002962,0.017258,FALSE,FALSE,971.345633
14,53,DE4,FRL,DE,FR,Western,Western,FALSE,TRUE,0.07,0.012659,0.020084,FALSE,FALSE,1050.980195
14,54,DE4,FRM,DE,FR,Western,Western,FALSE,TRUE,0.05,0.004559,0.016943,FALSE,FALSE,1183.870149
14,55,DE4,HU1,DE,HU,Western,CEE,FALSE,FALSE,0.05,0.005364,0.031993,FALSE,FALSE,733.080222
14,56,DE4,HU2,DE,HU,Western,CEE,FALSE,FALSE,0.01,0.001429,0.017668,FALSE,FALSE,718.518071
14,57,DE4,HU3,DE,HU,Western,CEE,FALSE,FALSE,0.03,0.00286,0.041348,FALSE,FALSE,832.630458
14,58,DE4,IE0,DE,IE,Western,Western,FALSE,TRUE,0.06,0.0046,0.012958,FALSE,FALSE,1373.845486
14,59,DE4,ITC,DE,IT,Western,Southern,FALSE,FALSE,0.06,0.007436,0.019314,FALSE,FALSE,854.324166
14,60,DE4,ITF,DE,IT,Western,Southern,FALSE,FALSE,0.05,0.006392,0.015884,FALSE,FALSE,1364.502366
14,61,DE4,ITG,DE,IT,Western,Southern,FALSE,FALSE,0.09,0.013182,0.023721,FALSE,FALSE,1653.087845
14,62,DE4,ITH,DE,IT,Western,Southern,FALSE,FALSE,0.04,0.004111,0.01566,FALSE,FALSE,785.0451
14,63,DE4,ITI,DE,IT,Western,Southern,FALSE,FALSE,0.07,0.008786,0.021139,FALSE,FALSE,1067.0041
14,64,DE4,LT0,DE,LT,Western,Baltics,FALSE,FALSE,0.05,0.005047,0.019639,FALSE,FALSE,785.140599
14,65,DE4,LU0,DE,LU,Western,Western,FALSE,TRUE,0.06,0.009327,0.019674,FALSE,FALSE,546.238713
14,66,DE4,LV0,DE,LV,Western,Baltics,FALSE,FALSE,0.04,0.004111,0.016555,FALSE,FALSE,978.599328
14,67,DE4,MT0,DE,MT,Western,Southern,FALSE,FALSE,0.07,0.007565,0.018984,FALSE,FALSE,1825.04821
14,68,DE4,NL1,DE,NL,Western,Western,FALSE,TRUE,0.06,0.010643,0.016207,FALSE,FALSE,440.757907
14,69,DE4,NL2,DE,NL,Western,Western,FALSE,TRUE,0.06,0.008919,0.021801,FALSE,FALSE,440.498107
14,70,DE4,NL3,DE,NL,Western,Western,FALSE,TRUE,0.08,0.019556,0.02913,FALSE,FALSE,624.238704
14,71,DE4,NL4,DE,NL,Western,Western,FALSE,TRUE,0.08,0.012944,0.025152,FALSE,FALSE,497.660549
14,72,DE4,PL2,DE,PL,Western,CEE,FALSE,FALSE,0.06,0.005543,0.06478,FALSE,FALSE,559.37168
14,73,DE4,PL4,DE,PL,Western,CEE,FALSE,FALSE,0.03,0.002817,0.066962,TRUE,TRUE,221.512136
14,74,DE4,PL5,DE,PL,Western,CEE,FALSE,FALSE,0.02,0.002769,0.014575,FALSE,FALSE,338.546809
14,75,DE4,PL6,DE,PL,Western,CEE,FALSE,FALSE,0.01,6.67e-4,0.048647,FALSE,FALSE,447.960744
14,76,DE4,PL7,DE,PL,Western,CEE,FALSE,FALSE,0.04,0.005436,0.016406,FALSE,FALSE,483.201086
14,77,DE4,PL8,DE,PL,Western,CEE,FALSE,FALSE,0.06,0.005816,0.042273,FALSE,FALSE,694.104929
14,78,DE4,PL9,DE,PL,Western,CEE,FALSE,FALSE,0.04,0.002706,0.024841,FALSE,FALSE,579.87598
14,79,DE4,PT1,DE,PT,Western,Southern,FALSE,FALSE,0.05,0.006953,0.018102,FALSE,FALSE,2161.669837
14,80,DE4,PT2,DE,PT,Western,Southern,FALSE,FALSE,0.03,0.002212,0.011828,FALSE,FALSE,3336.662838
14,81,DE4,PT3,DE,PT,Western,Southern,FALSE,FALSE,0.06,0.006476,0.013319,FALSE,FALSE,3205.435952
14,82,DE4,RO1,DE,RO,Western,CEE,FALSE,FALSE,0.04,0.003072,0.042386,FALSE,FALSE,1025.70633
14,83,DE4,RO2,DE,RO,Western,CEE,FALSE,FALSE,0,0,0.016806,FALSE,FALSE,1276.794721
14,84,DE4,RO3,DE,RO,Western,CEE,FALSE,FALSE,0.01,5.26e-4,0.023442,FALSE,FALSE,1333.165667
14,85,DE4,RO4,DE,RO,Western,CEE,FALSE,FALSE,0.02,0.001296,0.023582,FALSE,FALSE,1090.350435
14,86,DE4,SE1,DE,SE,Western,Northern,FALSE,FALSE,0.06,0.004516,0.034431,FALSE,FALSE,780.711835
14,87,DE4,SE2,DE,SE,Western,Northern,FALSE,FALSE,0.06,0.006091,0.060462,FALSE,FALSE,540.188843
14,88,DE4,SE3,DE,SE,Western,Northern,FALSE,FALSE,0.04,0.002898,0.041844,FALSE,FALSE,1289.69715
14,89,DE4,SI0,DE,SI,Western,CEE,FALSE,FALSE,0.07,0.008566,0.019453,FALSE,FALSE,715.446247
14,90,DE4,SK0,DE,SK,Western,CEE,FALSE,FALSE,0.02,0.001436,0.008097,FALSE,FALSE,607.536147
15,1,DE5,AT1,DE,AT,Western,Western,FALSE,TRUE,0.01,0.001667,0.012975,FALSE,FALSE,766.526901
15,2,DE5,AT2,DE,AT,Western,Western,FALSE,TRUE,0.08,0.013103,0.023105,FALSE,FALSE,803.613689
15,3,DE5,AT3,DE,AT,Western,Western,FALSE,TRUE,0.02,0.001576,0.014281,FALSE,FALSE,682.15602
15,4,DE5,BE1,DE,BE,Western,Western,FALSE,TRUE,0.04,0.003547,0.014116,FALSE,FALSE,395.376564
15,5,DE5,BE2,DE,BE,Western,Western,FALSE,TRUE,0.05,0.004876,0.017376,FALSE,FALSE,391.545817
15,6,DE5,BE3,DE,BE,Western,Western,FALSE,TRUE,0.07,0.009298,0.017995,FALSE,FALSE,412.203771
15,7,DE5,BG3,DE,BG,Western,CEE,FALSE,FALSE,0.03,0.002572,0.0083320000000000009,FALSE,FALSE,1619.669531
15,8,DE5,BG4,DE,BG,Western,CEE,FALSE,FALSE,0.02,0.001909,0.010887,FALSE,FALSE,1686.326167
15,9,DE5,CY0,DE,CY,Western,Southern,FALSE,FALSE,0.03,0.002465,0.010839,FALSE,FALSE,2755.924168
15,10,DE5,CZ0,DE,CZ,Western,CEE,FALSE,FALSE,0.02,0.001222,0.015926,FALSE,FALSE,606.392261
15,11,DE5,DE1,DE,DE,Western,Western,TRUE,TRUE,0.25,0.18542,0.147845,FALSE,FALSE,494.979708
15,12,DE5,DE2,DE,DE,Western,Western,TRUE,TRUE,0.07,0.007722,0.020197,FALSE,FALSE,522.996852
15,13,DE5,DE3,DE,DE,Western,Western,TRUE,TRUE,0.08,0.007921,0.016472,FALSE,FALSE,315.551533
15,14,DE5,DE4,DE,DE,Western,Western,TRUE,TRUE,0.1,0.011411,0.017845,FALSE,FALSE,269.758275
15,16,DE5,DE6,DE,DE,Western,Western,TRUE,TRUE,0.08,0.017269,0.022563,FALSE,TRUE,96.225046
15,17,DE5,DE7,DE,DE,Western,Western,TRUE,TRUE,0.06,0.008742,0.017467,FALSE,FALSE,283.38676
15,18,DE5,DE8,DE,DE,Western,Western,TRUE,TRUE,0.07,0.008028,0.018907,FALSE,FALSE,254.999636
15,19,DE5,DE9,DE,DE,Western,Western,TRUE,TRUE,0.1,0.019686,0.025192,TRUE,TRUE,57.960578
15,20,DE5,DEA,DE,DE,Western,Western,TRUE,TRUE,0.05,0.004761,0.01581,FALSE,TRUE,207.517675
15,21,DE5,DEB,DE,DE,Western,Western,TRUE,TRUE,0.08,0.012282,0.022193,FALSE,FALSE,368.653384
15,22,DE5,DEC,DE,DE,Western,Western,TRUE,TRUE,0.31,0.186362,0.187367,FALSE,FALSE,435.105299
15,23,DE5,DED,DE,DE,Western,Western,TRUE,TRUE,0.12,0.043389,0.049781,FALSE,FALSE,403.204344
15,24,DE5,DEE,DE,DE,Western,Western,TRUE,TRUE,0.12,0.012969,0.025084,FALSE,TRUE,231.003088
15,25,DE5,DEF,DE,DE,Western,Western,TRUE,TRUE,0.06,0.0056,0.0168,FALSE,TRUE,132.96658
15,26,DE5,DEG,DE,DE,Western,Western,TRUE,TRUE,0.09,0.039317,0.043876,FALSE,FALSE,298.365158
15,27,DE5,DK0,DE,DK,Western,Northern,FALSE,FALSE,0.08,0.008682,0.016525,FALSE,FALSE,348.028867
15,28,DE5,EE0,DE,EE,Western,Baltics,FALSE,FALSE,0.04,0.005965,0.014295,FALSE,FALSE,1212.332171
15,29,DE5,EL3,DE,EL,Western,Southern,FALSE,FALSE,0.06,0.004841,0.038912,FALSE,FALSE,2019.791222
15,30,DE5,EL4,DE,EL,Western,Southern,FALSE,FALSE,0.04,0.006667,0.032506,FALSE,FALSE,2340.257772
15,31,DE5,EL5,DE,EL,Western,Southern,FALSE,FALSE,0.03,0.00454,0.039903,FALSE,FALSE,1699.230443
15,32,DE5,EL6,DE,EL,Western,Southern,FALSE,FALSE,0.04,0.003456,0.041173,FALSE,FALSE,1849.263626
15,33,DE5,ES1,DE,ES,Western,Southern,FALSE,FALSE,0.02,0.001588,0.012483,FALSE,FALSE,1479.6443
15,34,DE5,ES2,DE,ES,Western,Southern,FALSE,FALSE,0.04,0.003421,0.014611,FALSE,FALSE,1440.525832
15,35,DE5,ES3,DE,ES,Western,Southern,FALSE,FALSE,0.03,0.004769,0.014496,FALSE,FALSE,1686.798966
15,36,DE5,ES4,DE,ES,Western,Southern,FALSE,FALSE,0.02,0.001909,0.012119,FALSE,FALSE,1791.732485
15,37,DE5,ES5,DE,ES,Western,Southern,FALSE,FALSE,0.09,0.00768,0.019413,FALSE,FALSE,1564.762036
15,38,DE5,ES6,DE,ES,Western,Southern,FALSE,FALSE,0.02,0.001667,0.015163,FALSE,FALSE,1978.481201
15,39,DE5,ES7,DE,ES,Western,Southern,FALSE,FALSE,0.02,0.005588,0.012936,FALSE,FALSE,3418.431831
15,40,DE5,FI1,DE,FI,Western,Northern,FALSE,FALSE,0.09,0.022461,0.03012,FALSE,FALSE,1669.111252
15,41,DE5,FI2,DE,FI,Western,Northern,FALSE,FALSE,0.04,0.002532,0.009143,FALSE,FALSE,1039.156047
15,42,DE5,FR1,DE,FR,Western,Western,FALSE,TRUE,0.05,0.009365,0.018132,FALSE,FALSE,658.940354
15,43,DE5,FRB,DE,FR,Western,Western,FALSE,TRUE,0.04,0.003687,0.01908,FALSE,FALSE,793.962309
15,44,DE5,FRC,DE,FR,Western,Western,FALSE,TRUE,0.05,0.004274,0.017334,FALSE,FALSE,700.290903
15,45,DE5,FRD,DE,FR,Western,Western,FALSE,TRUE,0.04,0.002913,0.01165,FALSE,FALSE,763.297698
15,46,DE5,FRE,DE,FR,Western,Western,FALSE,TRUE,0.07,0.0068780000000000004,0.015668,FALSE,FALSE,538.97825
15,47,DE5,FRF,DE,FR,Western,Western,FALSE,TRUE,0.03,0.004519,0.015258,FALSE,FALSE,525.745218
15,48,DE5,FRG,DE,FR,Western,Western,FALSE,TRUE,0.01,4.76e-4,0.012574,FALSE,FALSE,946.004202
15,49,DE5,FRH,DE,FR,Western,Western,FALSE,TRUE,0.02,0.00202,0.015132,FALSE,FALSE,985.924144
15,50,DE5,FRI,DE,FR,Western,Western,FALSE,TRUE,0.03,0.002222,0.013915,FALSE,FALSE,1083.056673
15,51,DE5,FRJ,DE,FR,Western,Western,FALSE,TRUE,0.05,0.007075,0.017681,FALSE,FALSE,1157.104969
15,52,DE5,FRK,DE,FR,Western,Western,FALSE,TRUE,0.09,0.014222,0.021596,FALSE,FALSE,899.503642
15,53,DE5,FRL,DE,FR,Western,Western,FALSE,TRUE,0.05,0.011144,0.019024,FALSE,FALSE,1020.976822
15,54,DE5,FRM,DE,FR,Western,Western,FALSE,TRUE,0.02,0.001032,0.010943,FALSE,FALSE,1223.519356
15,55,DE5,HU1,DE,HU,Western,CEE,FALSE,FALSE,0.03,0.00302,0.027354,FALSE,FALSE,975.61558
15,56,DE5,HU2,DE,HU,Western,CEE,FALSE,FALSE,0.08,0.008357,0.019862,FALSE,FALSE,937.104936
15,57,DE5,HU3,DE,HU,Western,CEE,FALSE,FALSE,0.03,0.002635,0.037824,FALSE,FALSE,1083.026467
15,58,DE5,IE0,DE,IE,Western,Western,FALSE,TRUE,0.02,0.002909,0.011713,FALSE,FALSE,1104.890822
15,59,DE5,ITC,DE,IT,Western,Southern,FALSE,FALSE,0.05,0.003761,0.013395,FALSE,FALSE,878.809909
15,60,DE5,ITF,DE,IT,Western,Southern,FALSE,FALSE,0.03,0.003222,0.01543,FALSE,FALSE,1510.898665
15,61,DE5,ITG,DE,IT,Western,Southern,FALSE,FALSE,0.04,0.005872,0.016026,FALSE,FALSE,1764.6571
15,62,DE5,ITH,DE,IT,Western,Southern,FALSE,FALSE,0.05,0.002921,0.015105,FALSE,FALSE,874.162291
15,63,DE5,ITI,DE,IT,Western,Southern,FALSE,FALSE,0.04,0.003269,0.011994,FALSE,FALSE,1164.676768
15,64,DE5,LT0,DE,LT,Western,Baltics,FALSE,FALSE,0.02,0.003611,0.018068,FALSE,FALSE,995.981726
15,65,DE5,LU0,DE,LU,Western,Western,FALSE,TRUE,0.08,0.01119,0.016121,FALSE,FALSE,411.923446
15,66,DE5,LV0,DE,LV,Western,Baltics,FALSE,FALSE,0.05,0.004353,0.015175,FALSE,FALSE,1167.476204
15,67,DE5,MT0,DE,MT,Western,Southern,FALSE,FALSE,0.08,0.006424,0.017834,FALSE,FALSE,1938.413728
15,68,DE5,NL1,DE,NL,Western,Western,FALSE,TRUE,0.07,0.006162,0.013578,FALSE,TRUE,175.720476
15,69,DE5,NL2,DE,NL,Western,Western,FALSE,TRUE,0.04,0.003267,0.014869,FALSE,TRUE,198.291934
15,70,DE5,NL3,DE,NL,Western,Western,FALSE,TRUE,0.06,0.007448,0.017636,FALSE,FALSE,397.222889
15,71,DE5,NL4,DE,NL,Western,Western,FALSE,TRUE,0.06,0.010619,0.018833,FALSE,FALSE,292.704113
15,72,DE5,PL2,DE,PL,Western,CEE,FALSE,FALSE,0.05,0.005889,0.088445,FALSE,FALSE,827.163274
15,73,DE5,PL4,DE,PL,Western,CEE,FALSE,FALSE,0.02,0.001984,0.09091,FALSE,FALSE,473.33633
15,74,DE5,PL5,DE,PL,Western,CEE,FALSE,FALSE,0.04,0.002743,0.017218,FALSE,FALSE,604.606903
15,75,DE5,PL6,DE,PL,Western,CEE,FALSE,FALSE,0.11,0.011298,0.072788,FALSE,FALSE,685.849023
15,76,DE5,PL7,DE,PL,Western,CEE,FALSE,FALSE,0.06,0.009163,0.017534,FALSE,FALSE,752.479655
15,77,DE5,PL8,DE,PL,Western,CEE,FALSE,FALSE,0.06,0.005504,0.054032,FALSE,FALSE,958.365819
15,78,DE5,PL9,DE,PL,Western,CEE,FALSE,FALSE,0.04,0.005345,0.032381,FALSE,FALSE,839.502885
15,79,DE5,PT1,DE,PT,Western,Southern,FALSE,FALSE,0.03,0.002131,0.01268,FALSE,FALSE,1999.552791
15,80,DE5,PT2,DE,PT,Western,Southern,FALSE,FALSE,0.07,0.012321,0.017954,FALSE,FALSE,3106.959375
15,81,DE5,PT3,DE,PT,Western,Southern,FALSE,FALSE,0.02,0.00188,0.009233,FALSE,FALSE,3030.037317
15,82,DE5,RO1,DE,RO,Western,CEE,FALSE,FALSE,0.03,0.00265,0.039255,FALSE,FALSE,1285.810304
15,83,DE5,RO2,DE,RO,Western,CEE,FALSE,FALSE,0.01,5.56e-4,0.014771,FALSE,FALSE,1541.812955
15,84,DE5,RO3,DE,RO,Western,CEE,FALSE,FALSE,0,0,0.020361,FALSE,FALSE,1589.051351
15,85,DE5,RO4,DE,RO,Western,CEE,FALSE,FALSE,0.02,0.001111,0.020805,FALSE,FALSE,1336.042005
15,86,DE5,SE1,DE,SE,Western,Northern,FALSE,FALSE,0.1,0.015488,0.076261,FALSE,FALSE,822.418861
15,87,DE5,SE2,DE,SE,Western,Northern,FALSE,FALSE,0.19,0.028429,0.136381,FALSE,FALSE,577.339558
15,88,DE5,SE3,DE,SE,Western,Northern,FALSE,FALSE,0.18,0.03031,0.096333,FALSE,FALSE,1279.241437
15,89,DE5,SI0,DE,SI,Western,CEE,FALSE,FALSE,0.05,0.005453,0.012704,FALSE,FALSE,877.098696
15,90,DE5,SK0,DE,SK,Western,CEE,FALSE,FALSE,0,0,0.00612,FALSE,FALSE,859.232461
16,1,DE6,AT1,DE,AT,Western,Western,FALSE,TRUE,0.1,0.012881,0.02135,FALSE,FALSE,758.180838
16,2,DE6,AT2,DE,AT,Western,Western,FALSE,TRUE,0.09,0.008161,0.024716,FALSE,FALSE,807.675321
16,3,DE6,AT3,DE,AT,Western,Western,FALSE,TRUE,0.09,0.006784,0.020197,FALSE,FALSE,696.758135
16,4,DE6,BE1,DE,BE,Western,Western,FALSE,TRUE,0.14,0.01195,0.01881,FALSE,FALSE,491.500021
16,5,DE6,BE2,DE,BE,Western,Western,FALSE,TRUE,0.1,0.00897,0.017747,FALSE,FALSE,487.766345
16,6,DE6,BE3,DE,BE,Western,Western,FALSE,TRUE,0.16,0.028063,0.033881,FALSE,FALSE,505.277508
16,7,DE6,BG3,DE,BG,Western,CEE,FALSE,FALSE,0.06,0.003856,0.009926,FALSE,FALSE,1589.846356
16,8,DE6,BG4,DE,BG,Western,CEE,FALSE,FALSE,0.03,0.003472,0.015148,FALSE,FALSE,1664.371405
16,9,DE6,CY0,DE,CY,Western,Southern,FALSE,FALSE,0.13,0.010509,0.017394,FALSE,FALSE,2725.900409
16,10,DE6,CZ0,DE,CZ,Western,CEE,FALSE,FALSE,0.06,0.003451,0.020955,FALSE,FALSE,580.818435
16,11,DE6,DE1,DE,DE,Western,Western,TRUE,TRUE,0.15,0.020523,0.031716,FALSE,FALSE,552.726227
16,12,DE6,DE2,DE,DE,Western,Western,TRUE,TRUE,0.08,0.008625,0.021325,FALSE,FALSE,544.143578
16,13,DE6,DE3,DE,DE,Western,Western,TRUE,TRUE,0.14,0.010546,0.01979,FALSE,TRUE,256.856137
16,14,DE6,DE4,DE,DE,Western,Western,TRUE,TRUE,0.17,0.017565,0.025366,FALSE,TRUE,218.283104
16,15,DE6,DE5,DE,DE,Western,Western,TRUE,TRUE,0.2,0.029173,0.032324,FALSE,TRUE,96.225046
16,17,DE6,DE7,DE,DE,Western,Western,TRUE,TRUE,0.16,0.014006,0.022423,FALSE,FALSE,343.145712
16,18,DE6,DE8,DE,DE,Western,Western,TRUE,TRUE,0.14,0.015578,0.025246,FALSE,TRUE,162.981538
16,19,DE6,DE9,DE,DE,Western,Western,TRUE,TRUE,0.08,0.008826,0.019907,TRUE,TRUE,137.784018
16,20,DE6,DEA,DE,DE,Western,Western,TRUE,TRUE,0.18,0.021556,0.030136,FALSE,FALSE,294.472506
16,21,DE6,DEB,DE,DE,Western,Western,TRUE,TRUE,0.14,0.01132,0.02044,FALSE,FALSE,448.464064
16,22,DE6,DEC,DE,DE,Western,Western,TRUE,TRUE,0.1,0.011188,0.027087,FALSE,FALSE,514.968942
16,23,DE6,DED,DE,DE,Western,Western,TRUE,TRUE,0.14,0.013559,0.029415,FALSE,FALSE,381.984894
16,24,DE6,DEE,DE,DE,Western,Western,TRUE,TRUE,0.17,0.017247,0.025841,FALSE,TRUE,211.650647
16,25,DE6,DEF,DE,DE,Western,Western,TRUE,TRUE,0.13,0.015804,0.02872,TRUE,TRUE,58.046508
16,26,DE6,DEG,DE,DE,Western,Western,TRUE,TRUE,0.13,0.024053,0.032539,FALSE,FALSE,312.687885
16,27,DE6,DK0,DE,DK,Western,Northern,FALSE,FALSE,0.14,0.011341,0.018895,FALSE,FALSE,296.431804
16,28,DE6,EE0,DE,EE,Western,Baltics,FALSE,FALSE,0.07,0.004953,0.011103,FALSE,FALSE,1116.268161
16,29,DE6,EL3,DE,EL,Western,Southern,FALSE,FALSE,0.12,0.011838,0.059581,FALSE,FALSE,2013.198996
16,30,DE6,EL4,DE,EL,Western,Southern,FALSE,FALSE,0.11,0.007959,0.046257,FALSE,FALSE,2336.144177
16,31,DE6,EL5,DE,EL,Western,Southern,FALSE,FALSE,0.11,0.008863,0.060604,FALSE,FALSE,1692.401151
16,32,DE6,EL6,DE,EL,Western,Southern,FALSE,FALSE,0.12,0.016012,0.063044,FALSE,FALSE,1845.277206
16,33,DE6,ES1,DE,ES,Western,Southern,FALSE,FALSE,0.15,0.014358,0.024635,FALSE,FALSE,1575.086885
16,34,DE6,ES2,DE,ES,Western,Southern,FALSE,FALSE,0.12,0.011165,0.02368,FALSE,FALSE,1530.072004
16,35,DE6,ES3,DE,ES,Western,Southern,FALSE,FALSE,0.05,0.003914,0.015078,FALSE,FALSE,1779.550647
16,36,DE6,ES4,DE,ES,Western,Southern,FALSE,FALSE,0.11,0.01155,0.025662,FALSE,FALSE,1885.943023
16,37,DE6,ES5,DE,ES,Western,Southern,FALSE,FALSE,0.11,0.010175,0.028233,FALSE,FALSE,1642.979813
16,38,DE6,ES6,DE,ES,Western,Southern,FALSE,FALSE,0.17,0.018884,0.033499,FALSE,FALSE,2068.762732
16,39,DE6,ES7,DE,ES,Western,Southern,FALSE,FALSE,0.12,0.010599,0.019261,FALSE,FALSE,3513.660048
16,40,DE6,FI1,DE,FI,Western,Northern,FALSE,FALSE,0.12,0.013362,0.021486,FALSE,FALSE,1580.704167
16,41,DE6,FI2,DE,FI,Western,Northern,FALSE,FALSE,0.14,0.012722,0.016795,FALSE,FALSE,948.682649
16,42,DE6,FR1,DE,FR,Western,Western,FALSE,TRUE,0.15,0.016323,0.0255,FALSE,FALSE,753.67663
16,43,DE6,FRB,DE,FR,Western,Western,FALSE,TRUE,0.14,0.012112,0.023066,FALSE,FALSE,888.300997
16,44,DE6,FRC,DE,FR,Western,Western,FALSE,TRUE,0.14,0.012578,0.02498,FALSE,FALSE,784.608036
16,45,DE6,FRD,DE,FR,Western,Western,FALSE,TRUE,0.08,0.01229,0.021391,FALSE,FALSE,859.481117
16,46,DE6,FRE,DE,FR,Western,Western,FALSE,TRUE,0.13,0.010696,0.022692,FALSE,FALSE,635.024661
16,47,DE6,FRF,DE,FR,Western,Western,FALSE,TRUE,0.1,0.012043,0.025889,FALSE,FALSE,610.780005
16,48,DE6,FRG,DE,FR,Western,Western,FALSE,TRUE,0.15,0.011241,0.023293,FALSE,FALSE,1042.078199
16,49,DE6,FRH,DE,FR,Western,Western,FALSE,TRUE,0.17,0.016207,0.025269,FALSE,FALSE,1081.783486
16,50,DE6,FRI,DE,FR,Western,Western,FALSE,TRUE,0.04,0.002352,0.020498,FALSE,FALSE,1174.989427
16,51,DE6,FRJ,DE,FR,Western,Western,FALSE,TRUE,0.13,0.012939,0.021442,FALSE,FALSE,1242.749186
16,52,DE6,FRK,DE,FR,Western,Western,FALSE,TRUE,0.14,0.013182,0.021293,FALSE,FALSE,980.603175
16,53,DE6,FRL,DE,FR,Western,Western,FALSE,TRUE,0.13,0.017497,0.023943,FALSE,FALSE,1093.774752
16,54,DE6,FRM,DE,FR,Western,Western,FALSE,TRUE,0.09,0.007708,0.017831,FALSE,FALSE,1279.50114
16,55,DE6,HU1,DE,HU,Western,CEE,FALSE,FALSE,0.08,0.006145,0.041642,FALSE,FALSE,948.287924
16,56,DE6,HU2,DE,HU,Western,CEE,FALSE,FALSE,0.12,0.012832,0.027553,FALSE,FALSE,923.990137
16,57,DE6,HU3,DE,HU,Western,CEE,FALSE,FALSE,0.12,0.011043,0.059978,FALSE,FALSE,1050.033551
16,58,DE6,IE0,DE,IE,Western,Western,FALSE,TRUE,0.14,0.016186,0.018199,FALSE,FALSE,1176.454158
16,59,DE6,ITC,DE,IT,Western,Southern,FALSE,FALSE,0.16,0.015087,0.022469,FALSE,FALSE,936.629577
16,60,DE6,ITF,DE,IT,Western,Southern,FALSE,FALSE,0.12,0.014866,0.024533,FALSE,FALSE,1532.5801
16,61,DE6,ITG,DE,IT,Western,Southern,FALSE,FALSE,0.12,0.00996,0.019704,FALSE,FALSE,1799.904463
16,62,DE6,ITH,DE,IT,Western,Southern,FALSE,FALSE,0.21,0.02059,0.027721,FALSE,FALSE,912.527321
16,63,DE6,ITI,DE,IT,Western,Southern,FALSE,FALSE,0.11,0.010938,0.019383,FALSE,FALSE,1202.46923
16,64,DE6,LT0,DE,LT,Western,Baltics,FALSE,FALSE,0.05,0.00309,0.018263,FALSE,FALSE,903.412078
16,65,DE6,LU0,DE,LU,Western,Western,FALSE,TRUE,0.12,0.01093,0.017424,FALSE,FALSE,499.638649
16,66,DE6,LV0,DE,LV,Western,Baltics,FALSE,FALSE,0.02,0.00101,0.014986,FALSE,FALSE,1072.24827
16,67,DE6,MT0,DE,MT,Western,Southern,FALSE,FALSE,0.14,0.014444,0.02398,FALSE,FALSE,1973.401173
16,68,DE6,NL1,DE,NL,Western,Western,FALSE,TRUE,0.12,0.011767,0.018424,FALSE,FALSE,262.657211
16,69,DE6,NL2,DE,NL,Western,Western,FALSE,TRUE,0.18,0.015651,0.023797,FALSE,FALSE,293.800367
16,70,DE6,NL3,DE,NL,Western,Western,FALSE,TRUE,0.09,0.009395,0.017363,FALSE,FALSE,492.954327
16,71,DE6,NL4,DE,NL,Western,Western,FALSE,TRUE,0.14,0.014197,0.022923,FALSE,FALSE,388.377879
16,72,DE6,PL2,DE,PL,Western,CEE,FALSE,FALSE,0.12,0.010461,0.085833,FALSE,FALSE,774.837068
16,73,DE6,PL4,DE,PL,Western,CEE,FALSE,FALSE,0.11,0.012273,0.087807,FALSE,FALSE,397.777578
16,74,DE6,PL5,DE,PL,Western,CEE,FALSE,FALSE,0.05,0.00478,0.014999,FALSE,FALSE,555.959566
16,75,DE6,PL6,DE,PL,Western,CEE,FALSE,FALSE,0.1,0.008137,0.054764,FALSE,FALSE,601.084453
16,76,DE6,PL7,DE,PL,Western,CEE,FALSE,FALSE,0.06,0.00574,0.014158,FALSE,FALSE,688.844348
16,77,DE6,PL8,DE,PL,Western,CEE,FALSE,FALSE,0.11,0.007815,0.04633,FALSE,FALSE,885.305113
16,78,DE6,PL9,DE,PL,Western,CEE,FALSE,FALSE,0.11,0.008094,0.027303,FALSE,FALSE,763.218978
16,79,DE6,PT1,DE,PT,Western,Southern,FALSE,FALSE,0.16,0.012752,0.021759,FALSE,FALSE,2094.978976
16,80,DE6,PT2,DE,PT,Western,Southern,FALSE,FALSE,0.17,0.015802,0.021536,FALSE,FALSE,3199.73411
16,81,DE6,PT3,DE,PT,Western,Southern,FALSE,FALSE,0.13,0.014023,0.019026,FALSE,FALSE,3126.148927
16,82,DE6,RO1,DE,RO,Western,CEE,FALSE,FALSE,0.05,0.003305,0.046389,FALSE,FALSE,1243.87683
16,83,DE6,RO2,DE,RO,Western,CEE,FALSE,FALSE,0.03,0.001948,0.018386,FALSE,FALSE,1493.501773
16,84,DE6,RO3,DE,RO,Western,CEE,FALSE,FALSE,0.03,0.001744,0.025706,FALSE,FALSE,1551.424459
16,85,DE6,RO4,DE,RO,Western,CEE,FALSE,FALSE,0.06,0.003232,0.026417,FALSE,FALSE,1306.915963
16,86,DE6,SE1,DE,SE,Western,Northern,FALSE,FALSE,0.07,0.004114,0.03327,FALSE,FALSE,734.90174
16,87,DE6,SE2,DE,SE,Western,Northern,FALSE,FALSE,0.07,0.005746,0.063823,FALSE,FALSE,487.992844
16,88,DE6,SE3,DE,SE,Western,Northern,FALSE,FALSE,0.09,0.007915,0.048874,FALSE,FALSE,1204.49881
16,89,DE6,SI0,DE,SI,Western,CEE,FALSE,FALSE,0.1,0.008315,0.018853,FALSE,FALSE,889.464879
16,90,DE6,SK0,DE,SK,Western,CEE,FALSE,FALSE,0.05,0.003138,0.009953,FALSE,FALSE,824.944171
17,1,DE7,AT1,DE,AT,Western,Western,FALSE,TRUE,0.13,0.013246,0.021726,FALSE,FALSE,577.522241
17,2,DE7,AT2,DE,AT,Western,Western,FALSE,TRUE,0.12,0.010963,0.025312,FALSE,FALSE,583.394303
17,3,DE7,AT3,DE,AT,Western,Western,FALSE,TRUE,0.17,0.013051,0.022957,FALSE,FALSE,446.343318
17,4,DE7,BE1,DE,BE,Western,Western,FALSE,TRUE,0.1,0.007556,0.019284,FALSE,FALSE,333.40858
17,5,DE7,BE2,DE,BE,Western,Western,FALSE,TRUE,0.12,0.01142,0.021258,FALSE,FALSE,347.857527
17,6,DE7,BE3,DE,BE,Western,Western,FALSE,TRUE,0.14,0.011518,0.023605,FALSE,FALSE,279.587267
17,7,DE7,BG3,DE,BG,Western,CEE,FALSE,FALSE,0.1,0.006528,0.012945,FALSE,FALSE,1457.180984
17,8,DE7,BG4,DE,BG,Western,CEE,FALSE,FALSE,0.06,0.003112,0.013077,FALSE,FALSE,1502.952958
17,9,DE7,CY0,DE,CY,Western,Southern,FALSE,FALSE,0.11,0.007605,0.015943,FALSE,FALSE,2583.907105
17,10,DE7,CZ0,DE,CZ,Western,CEE,FALSE,FALSE,0.07,0.003448,0.018524,FALSE,FALSE,481.192739
17,11,DE7,DE1,DE,DE,Western,Western,TRUE,TRUE,0.14,0.009589,0.031147,TRUE,TRUE,211.79899
17,12,DE7,DE2,DE,DE,Western,Western,TRUE,TRUE,0.14,0.0146,0.024185,TRUE,FALSE,286.411252
17,13,DE7,DE3,DE,DE,Western,Western,TRUE,TRUE,0.18,0.016841,0.022721,FALSE,FALSE,369.618981
17,14,DE7,DE4,DE,DE,Western,Western,TRUE,TRUE,0.21,0.068213,0.0606,FALSE,FALSE,327.599301
17,15,DE7,DE5,DE,DE,Western,Western,TRUE,TRUE,0.2,0.032606,0.037174,FALSE,FALSE,283.38676
17,16,DE7,DE6,DE,DE,Western,Western,TRUE,TRUE,0.18,0.014149,0.020282,FALSE,FALSE,343.145712
17,18,DE7,DE8,DE,DE,Western,Western,TRUE,TRUE,0.17,0.012118,0.024212,FALSE,FALSE,434.849556
17,19,DE7,DE9,DE,DE,Western,Western,TRUE,TRUE,0.22,0.021676,0.0309,TRUE,TRUE,225.576747
17,20,DE7,DEA,DE,DE,Western,Western,TRUE,TRUE,0.15,0.021371,0.031188,TRUE,TRUE,140.870033
17,21,DE7,DEB,DE,DE,Western,Western,TRUE,TRUE,0.2,0.017454,0.029033,TRUE,TRUE,145.198236
17,22,DE7,DEC,DE,DE,Western,Western,TRUE,TRUE,0.19,0.013352,0.029149,FALSE,TRUE,200.817443
17,23,DE7,DED,DE,DE,Western,Western,TRUE,TRUE,0.17,0.028285,0.0387,FALSE,FALSE,312.9146
17,24,DE7,DEE,DE,DE,Western,Western,TRUE,TRUE,0.11,0.007371,0.024142,FALSE,FALSE,241.062791
17,25,DE7,DEF,DE,DE,Western,Western,TRUE,TRUE,0.12,0.009699,0.025835,FALSE,FALSE,398.722297
17,26,DE7,DEG,DE,DE,Western,Western,TRUE,TRUE,0.19,0.019218,0.048362,TRUE,TRUE,159.150149
17,27,DE7,DK0,DE,DK,Western,Northern,FALSE,FALSE,0.11,0.007054,0.016321,FALSE,FALSE,629.783472
17,28,DE7,EE0,DE,EE,Western,Baltics,FALSE,FALSE,0.09,0.006614,0.013169,FALSE,FALSE,1391.837909
17,29,DE7,EL3,DE,EL,Western,Southern,FALSE,FALSE,0.17,0.010835,0.050821,FALSE,FALSE,1799.585341
17,30,DE7,EL4,DE,EL,Western,Southern,FALSE,FALSE,0.07,0.004329,0.040275,FALSE,FALSE,2113.567711
17,31,DE7,EL5,DE,EL,Western,Southern,FALSE,FALSE,0.12,0.007301,0.049954,FALSE,FALSE,1482.079434
17,32,DE7,EL6,DE,EL,Western,Southern,FALSE,FALSE,0.09,0.005869,0.049408,FALSE,FALSE,1625.205133
17,33,DE7,ES1,DE,ES,Western,Southern,FALSE,FALSE,0.15,0.011117,0.020261,FALSE,FALSE,1321.281269
17,34,DE7,ES2,DE,ES,Western,Southern,FALSE,FALSE,0.13,0.012131,0.024266,FALSE,FALSE,1225.15817
17,35,DE7,ES3,DE,ES,Western,Southern,FALSE,FALSE,0.12,0.010578,0.021661,FALSE,FALSE,1492.173109
17,36,DE7,ES4,DE,ES,Western,Southern,FALSE,FALSE,0.1,0.007087,0.02281,FALSE,FALSE,1611.17139
17,37,DE7,ES5,DE,ES,Western,Southern,FALSE,FALSE,0.07,0.004713,0.020556,FALSE,FALSE,1306.887321
17,38,DE7,ES6,DE,ES,Western,Southern,FALSE,FALSE,0.12,0.009348,0.028711,FALSE,FALSE,1764.389681
17,39,DE7,ES7,DE,ES,Western,Southern,FALSE,FALSE,0.14,0.010919,0.019155,FALSE,FALSE,3245.619385
17,40,DE7,FI1,DE,FI,Western,Northern,FALSE,FALSE,0.17,0.01524,0.025653,FALSE,FALSE,1904.923678
17,41,DE7,FI2,DE,FI,Western,Northern,FALSE,FALSE,0.09,0.00511,0.010964,FALSE,FALSE,1269.640339
17,42,DE7,FR1,DE,FR,Western,Western,FALSE,TRUE,0.11,0.007218,0.020477,FALSE,FALSE,514.808609
17,43,DE7,FRB,DE,FR,Western,Western,FALSE,TRUE,0.16,0.015998,0.028483,FALSE,FALSE,634.800395
17,44,DE7,FRC,DE,FR,Western,Western,FALSE,TRUE,0.16,0.01637,0.027278,FALSE,FALSE,470.148574
17,45,DE7,FRD,DE,FR,Western,Western,FALSE,TRUE,0.12,0.008313,0.019493,FALSE,FALSE,671.603053
17,46,DE7,FRE,DE,FR,Western,Western,FALSE,TRUE,0.19,0.011566,0.024555,FALSE,FALSE,442.729573
17,47,DE7,FRF,DE,FR,Western,Western,FALSE,TRUE,0.15,0.009822,0.023631,FALSE,FALSE,308.443188
17,48,DE7,FRG,DE,FR,Western,Western,FALSE,TRUE,0.1,0.010145,0.022971,FALSE,FALSE,819.553677
17,49,DE7,FRH,DE,FR,Western,Western,FALSE,TRUE,0.16,0.00973,0.018745,FALSE,FALSE,899.142416
17,50,DE7,FRI,DE,FR,Western,Western,FALSE,TRUE,0.17,0.016481,0.027379,FALSE,FALSE,888.733981
17,51,DE7,FRJ,DE,FR,Western,Western,FALSE,TRUE,0.22,0.033178,0.037476,FALSE,FALSE,924.815264
17,52,DE7,FRK,DE,FR,Western,Western,FALSE,TRUE,0.16,0.020335,0.028465,FALSE,FALSE,652.903629
17,53,DE7,FRL,DE,FR,Western,Western,FALSE,TRUE,0.14,0.011618,0.020982,FALSE,FALSE,753.212489
17,54,DE7,FRM,DE,FR,Western,Western,FALSE,TRUE,0.19,0.016495,0.023215,FALSE,FALSE,940.526895
17,55,DE7,HU1,DE,HU,Western,CEE,FALSE,FALSE,0.05,0.005214,0.031813,FALSE,FALSE,824.158413
17,56,DE7,HU2,DE,HU,Western,CEE,FALSE,FALSE,0.07,0.005617,0.019407,FALSE,FALSE,750.32096
17,57,DE7,HU3,DE,HU,Western,CEE,FALSE,FALSE,0.07,0.004796,0.043769,FALSE,FALSE,942.754966
17,58,DE7,IE0,DE,IE,Western,Western,FALSE,TRUE,0.13,0.008776,0.013781,FALSE,FALSE,1198.506981
17,59,DE7,ITC,DE,IT,Western,Southern,FALSE,FALSE,0.21,0.014752,0.022501,FALSE,FALSE,596.137945
17,60,DE7,ITF,DE,IT,Western,Southern,FALSE,FALSE,0.13,0.009371,0.020536,FALSE,FALSE,1248.091764
17,61,DE7,ITG,DE,IT,Western,Southern,FALSE,FALSE,0.11,0.009063,0.017512,FALSE,FALSE,1487.541463
17,62,DE7,ITH,DE,IT,Western,Southern,FALSE,FALSE,0.14,0.020109,0.02612,FALSE,FALSE,597.727832
17,63,DE7,ITI,DE,IT,Western,Southern,FALSE,FALSE,0.2,0.016477,0.023013,FALSE,FALSE,887.129132
17,64,DE7,LT0,DE,LT,Western,Baltics,FALSE,FALSE,0.06,0.004957,0.021558,FALSE,FALSE,1108.288738
17,65,DE7,LU0,DE,LU,Western,Western,FALSE,TRUE,0.18,0.012734,0.020011,FALSE,TRUE,227.977429
17,66,DE7,LV0,DE,LV,Western,Baltics,FALSE,FALSE,0.07,0.005451,0.018098,FALSE,FALSE,1305.382856
17,67,DE7,MT0,DE,MT,Western,Southern,FALSE,FALSE,0.12,0.008842,0.018745,FALSE,FALSE,1661.23685
17,68,DE7,NL1,DE,NL,Western,Western,FALSE,TRUE,0.11,0.008859,0.015543,FALSE,FALSE,334.301008
17,69,DE7,NL2,DE,NL,Western,Western,FALSE,TRUE,0.17,0.01483,0.023287,FALSE,FALSE,276.51054
17,70,DE7,NL3,DE,NL,Western,Western,FALSE,TRUE,0.11,0.00652,0.015686,FALSE,FALSE,379.761993
17,71,DE7,NL4,DE,NL,Western,Western,FALSE,TRUE,0.15,0.014073,0.023076,FALSE,FALSE,251.843703
17,72,DE7,PL2,DE,PL,Western,CEE,FALSE,FALSE,0.09,0.005696,0.070176,FALSE,FALSE,761.950568
17,73,DE7,PL4,DE,PL,Western,CEE,FALSE,FALSE,0.08,0.004506,0.072301,FALSE,FALSE,537.163156
17,74,DE7,PL5,DE,PL,Western,CEE,FALSE,FALSE,0.11,0.005219,0.014307,FALSE,FALSE,551.145738
17,75,DE7,PL6,DE,PL,Western,CEE,FALSE,FALSE,0.08,0.005591,0.052266,FALSE,FALSE,763.824404
17,76,DE7,PL7,DE,PL,Western,CEE,FALSE,FALSE,0.11,0.008983,0.015805,FALSE,FALSE,733.8127
17,77,DE7,PL8,DE,PL,Western,CEE,FALSE,FALSE,0.07,0.003805,0.043521,FALSE,FALSE,962.885432
17,78,DE7,PL9,DE,PL,Western,CEE,FALSE,FALSE,0.11,0.007805,0.026388000000000002,FALSE,FALSE,865.23694
17,79,DE7,PT1,DE,PT,Western,Southern,FALSE,FALSE,0.09,0.008725,0.017306,FALSE,FALSE,1835.835903
17,80,DE7,PT2,DE,PT,Western,Southern,FALSE,FALSE,0.09,0.005679,0.015219,FALSE,FALSE,3043.551151
17,81,DE7,PT3,DE,PT,Western,Southern,FALSE,FALSE,0.09,0.005524,0.013197,FALSE,FALSE,2881.424133
17,82,DE7,RO1,DE,RO,Western,CEE,FALSE,FALSE,0.05,0.00279,0.050764,FALSE,FALSE,1164.959072
17,83,DE7,RO2,DE,RO,Western,CEE,FALSE,FALSE,0.03,0.001303,0.019356,FALSE,FALSE,1434.635322
17,84,DE7,RO3,DE,RO,Western,CEE,FALSE,FALSE,0.06,0.004653,0.029243,FALSE,FALSE,1448.573136
17,85,DE7,RO4,DE,RO,Western,CEE,FALSE,FALSE,0.08,0.004645,0.030695,FALSE,FALSE,1177.202284
17,86,DE7,SE1,DE,SE,Western,Northern,FALSE,FALSE,0.09,0.005882,0.041379,FALSE,FALSE,1065.338916
17,87,DE7,SE2,DE,SE,Western,Northern,FALSE,FALSE,0.1,0.007411,0.071903,FALSE,FALSE,817.402162
17,88,DE7,SE3,DE,SE,Western,Northern,FALSE,FALSE,0.17,0.011833,0.05182,FALSE,FALSE,1546.806674
17,89,DE7,SI0,DE,SI,Western,CEE,FALSE,FALSE,0.17,0.012875,0.024145,FALSE,FALSE,637.210669
17,90,DE7,SK0,DE,SK,Western,CEE,FALSE,FALSE,0.1,0.006128,0.012588,FALSE,FALSE,734.432317
18,1,DE8,AT1,DE,AT,Western,Western,FALSE,TRUE,0.07,0.006897,0.019868,FALSE,FALSE,711.175474
18,2,DE8,AT2,DE,AT,Western,Western,FALSE,TRUE,0.13,0.014491,0.028619,FALSE,FALSE,779.89987
18,3,DE8,AT3,DE,AT,Western,Western,FALSE,TRUE,0.07,0.008171,0.018986,FALSE,FALSE,691.028347
18,4,DE8,BE1,DE,BE,Western,Western,FALSE,TRUE,0.07,0.008972,0.018444,FALSE,FALSE,644.019459
18,5,DE8,BE2,DE,BE,Western,Western,FALSE,TRUE,0.12,0.011552,0.025343,FALSE,FALSE,642.655042
18,6,DE8,BE3,DE,BE,Western,Western,FALSE,TRUE,0.07,0.0061,0.020028,FALSE,FALSE,646.030241
18,7,DE8,BG3,DE,BG,Western,CEE,FALSE,FALSE,0.07,0.007686,0.014952,FALSE,FALSE,1495.466461
18,8,DE8,BG4,DE,BG,Western,CEE,FALSE,FALSE,0.07,0.006073,0.015258,FALSE,FALSE,1581.560756
18,9,DE8,CY0,DE,CY,Western,Southern,FALSE,FALSE,0.07,0.003214,0.012955,FALSE,FALSE,2627.24826
18,10,DE8,CZ0,DE,CZ,Western,CEE,FALSE,FALSE,0.07,0.002677,0.01966,FALSE,FALSE,512.627058
18,11,DE8,DE1,DE,DE,Western,Western,TRUE,TRUE,0.16,0.020578,0.032772,FALSE,FALSE,626.45138
18,12,DE8,DE2,DE,DE,Western,Western,TRUE,TRUE,0.09,0.008461,0.029188,FALSE,FALSE,557.830585
18,13,DE8,DE3,DE,DE,Western,Western,TRUE,TRUE,0.13,0.019573,0.02677,FALSE,TRUE,166.022197
18,14,DE8,DE4,DE,DE,Western,Western,TRUE,TRUE,0.13,0.017283,0.03079,TRUE,TRUE,158.5943
18,15,DE8,DE5,DE,DE,Western,Western,TRUE,TRUE,0.1,0.010082,0.024619,FALSE,TRUE,254.999636
18,16,DE8,DE6,DE,DE,Western,Western,TRUE,TRUE,0.15,0.015071,0.022733,FALSE,TRUE,162.981538
18,17,DE8,DE7,DE,DE,Western,Western,TRUE,TRUE,0.07,0.011567,0.02098,FALSE,FALSE,434.849556
18,19,DE8,DE9,DE,DE,Western,Western,TRUE,TRUE,0.08,0.006615,0.020111,TRUE,FALSE,281.294555
18,20,DE8,DEA,DE,DE,Western,Western,TRUE,TRUE,0.16,0.018498,0.030509,FALSE,FALSE,429.142366
18,21,DE8,DEB,DE,DE,Western,Western,TRUE,TRUE,0.12,0.012588,0.026267,FALSE,FALSE,564.059427
18,22,DE8,DEC,DE,DE,Western,Western,TRUE,TRUE,0.13,0.016253,0.036698,FALSE,FALSE,628.212239
18,23,DE8,DED,DE,DE,Western,Western,TRUE,TRUE,0.22,0.054594,0.061787,FALSE,FALSE,339.991701
18,24,DE8,DEE,DE,DE,Western,Western,TRUE,TRUE,0.15,0.019678,0.029024,FALSE,TRUE,217.435074
18,25,DE8,DEF,DE,DE,Western,Western,TRUE,TRUE,0.3,0.160729,0.131389,TRUE,TRUE,167.705845
18,26,DE8,DEG,DE,DE,Western,Western,TRUE,TRUE,0.24,0.067906,0.06829,FALSE,FALSE,342.415337
18,27,DE8,DK0,DE,DK,Western,Northern,FALSE,FALSE,0.06,0.00507,0.016136,FALSE,FALSE,329.53207
18,28,DE8,EE0,DE,EE,Western,Baltics,FALSE,FALSE,0.04,0.002412,0.01055,FALSE,FALSE,970.808232
18,29,DE8,EL3,DE,EL,Western,Southern,FALSE,FALSE,0.07,0.003084,0.041886,FALSE,FALSE,1952.681864
18,30,DE8,EL4,DE,EL,Western,Southern,FALSE,FALSE,0.09,0.005391,0.037517,FALSE,FALSE,2278.281847
18,31,DE8,EL5,DE,EL,Western,Southern,FALSE,FALSE,0.04,0.003027,0.041837,FALSE,FALSE,1633.316274
18,32,DE8,EL6,DE,EL,Western,Southern,FALSE,FALSE,0.04,0.001868,0.041034,FALSE,FALSE,1789.834055
18,33,DE8,ES1,DE,ES,Western,Southern,FALSE,FALSE,0.12,0.010396,0.020218,FALSE,FALSE,1720.090135
18,34,DE8,ES2,DE,ES,Western,Southern,FALSE,FALSE,0.1,0.00751,0.021608,FALSE,FALSE,1654.423063
18,35,DE8,ES3,DE,ES,Western,Southern,FALSE,FALSE,0.09,0.00944,0.02082,FALSE,FALSE,1913.137138
18,36,DE8,ES4,DE,ES,Western,Southern,FALSE,FALSE,0.12,0.00847,0.02033,FALSE,FALSE,2024.79803
18,37,DE8,ES5,DE,ES,Western,Southern,FALSE,FALSE,0.08,0.004933,0.021617,FALSE,FALSE,1739.289493
18,38,DE8,ES6,DE,ES,Western,Southern,FALSE,FALSE,0.1,0.005741,0.024586,FALSE,FALSE,2194.054723
18,39,DE8,ES7,DE,ES,Western,Southern,FALSE,FALSE,0.07,0.004498,0.015615,FALSE,FALSE,3656.332743
18,40,DE8,FI1,DE,FI,Western,Northern,FALSE,FALSE,0.1,0.014981,0.024913,FALSE,FALSE,1470.717354
18,41,DE8,FI2,DE,FI,Western,Northern,FALSE,FALSE,0.15,0.010892,0.015127,FALSE,FALSE,835.327978
18,42,DE8,FR1,DE,FR,Western,Western,FALSE,TRUE,0.06,0.007588,0.021409,FALSE,FALSE,897.518818
18,43,DE8,FRB,DE,FR,Western,Western,FALSE,TRUE,0.06,0.007284,0.02331,FALSE,FALSE,1029.963326
18,44,DE8,FRC,DE,FR,Western,Western,FALSE,TRUE,0.1,0.009026,0.026439,FALSE,FALSE,900.967737
18,45,DE8,FRD,DE,FR,Western,Western,FALSE,TRUE,0.11,0.013987,0.026453,FALSE,FALSE,1014.318183
18,46,DE8,FRE,DE,FR,Western,Western,FALSE,TRUE,0.1,0.0191,0.030239,FALSE,FALSE,786.127059
18,47,DE8,FRF,DE,FR,Western,Western,FALSE,TRUE,0.11,0.016627,0.029495,FALSE,FALSE,731.500741
18,48,DE8,FRG,DE,FR,Western,Western,FALSE,TRUE,0.12,0.01293,0.028917000000000002,FALSE,FALSE,1192.340619
18,49,DE8,FRH,DE,FR,Western,Western,FALSE,TRUE,0.18,0.03287,0.038826,FALSE,FALSE,1238.82354
18,50,DE8,FRI,DE,FR,Western,Western,FALSE,TRUE,0.12,0.010905,0.024093,FALSE,FALSE,1307.474539
18,51,DE8,FRJ,DE,FR,Western,Western,FALSE,TRUE,0.01,0.002,0.017597,FALSE,FALSE,1358.191534
18,52,DE8,FRK,DE,FR,Western,Western,FALSE,TRUE,0.05,0.003819,0.016187,FALSE,FALSE,1087.697272
18,53,DE8,FRL,DE,FR,Western,Western,FALSE,TRUE,0.07,0.010436,0.019461,FALSE,FALSE,1182.415752
18,54,DE8,FRM,DE,FR,Western,Western,FALSE,TRUE,0.06,0.003276,0.013611,FALSE,FALSE,1333.512792
18,55,DE8,HU1,DE,HU,Western,CEE,FALSE,FALSE,0.08,0.00347,0.03392,FALSE,FALSE,864.826174
18,56,DE8,HU2,DE,HU,Western,CEE,FALSE,FALSE,0.09,0.007369,0.025895,FALSE,FALSE,864.243888
18,57,DE8,HU3,DE,HU,Western,CEE,FALSE,FALSE,0.04,0.004294,0.04821,FALSE,FALSE,955.875449
18,58,DE8,IE0,DE,IE,Western,Western,FALSE,TRUE,0.03,0.001056,0.008762,FALSE,FALSE,1331.649147
18,59,DE8,ITC,DE,IT,Western,Southern,FALSE,FALSE,0.12,0.019615,0.026236,FALSE,FALSE,998.887909
18,60,DE8,ITF,DE,IT,Western,Southern,FALSE,FALSE,0.06,0.002489,0.013682,FALSE,FALSE,1522.41462
18,61,DE8,ITG,DE,IT,Western,Southern,FALSE,FALSE,0.09,0.007832,0.016941,FALSE,FALSE,1811.558278
18,62,DE8,ITH,DE,IT,Western,Southern,FALSE,FALSE,0.11,0.011628,0.022506,FALSE,FALSE,940.557345
18,63,DE8,ITI,DE,IT,Western,Southern,FALSE,FALSE,0.13,0.02546,0.031252,FALSE,FALSE,1224.253666
18,64,DE8,LT0,DE,LT,Western,Baltics,FALSE,FALSE,0.07,0.005157,0.020713,FALSE,FALSE,741.112536
18,65,DE8,LU0,DE,LU,Western,Western,FALSE,TRUE,0.09,0.008751,0.016697,FALSE,FALSE,628.270623
18,66,DE8,LV0,DE,LV,Western,Baltics,FALSE,FALSE,0.07,0.00486,0.016003,FALSE,FALSE,914.020814
18,67,DE8,MT0,DE,MT,Western,Southern,FALSE,FALSE,0.09,0.006023,0.019609,FALSE,FALSE,1983.589278
18,68,DE8,NL1,DE,NL,Western,Western,FALSE,TRUE,0.05,0.003414,0.012628,FALSE,FALSE,425.624079
18,69,DE8,NL2,DE,NL,Western,Western,FALSE,TRUE,0.09,0.006309,0.022045,FALSE,FALSE,452.873028
18,70,DE8,NL3,DE,NL,Western,Western,FALSE,TRUE,0.06,0.002879,0.013742,FALSE,FALSE,651.057842
18,71,DE8,NL4,DE,NL,Western,Western,FALSE,TRUE,0.11,0.013174,0.026927,FALSE,FALSE,538.953654
18,72,DE8,PL2,DE,PL,Western,CEE,FALSE,FALSE,0.03,0.00107,0.056402,FALSE,FALSE,655.383383
18,73,DE8,PL4,DE,PL,Western,CEE,FALSE,FALSE,0.03,9.84e-4,0.057419,TRUE,TRUE,252.409746
18,74,DE8,PL5,DE,PL,Western,CEE,FALSE,FALSE,0.05,0.002367,0.013712,FALSE,FALSE,449.301361
18,75,DE8,PL6,DE,PL,Western,CEE,FALSE,FALSE,0.03,0.001267,0.046015,FALSE,FALSE,440.81394
18,76,DE8,PL7,DE,PL,Western,CEE,FALSE,FALSE,0.07,0.004086,0.014121,FALSE,FALSE,553.962408
18,77,DE8,PL8,DE,PL,Western,CEE,FALSE,FALSE,0.11,0.007005,0.040337,FALSE,FALSE,735.697118
18,78,DE8,PL9,DE,PL,Western,CEE,FALSE,FALSE,0.02,7.99e-4,0.0194,FALSE,FALSE,610.629603
18,79,DE8,PT1,DE,PT,Western,Southern,FALSE,FALSE,0.07,0.013483,0.023638,FALSE,FALSE,2239.407128
18,80,DE8,PT2,DE,PT,Western,Southern,FALSE,FALSE,0.07,0.004404,0.016612,FALSE,FALSE,3361.795414
18,81,DE8,PT3,DE,PT,Western,Southern,FALSE,FALSE,0.08,0.00458,0.012221,FALSE,FALSE,3275.552515
18,82,DE8,RO1,DE,RO,Western,CEE,FALSE,FALSE,0.06,0.003363,0.045952,FALSE,FALSE,1133.926768
18,83,DE8,RO2,DE,RO,Western,CEE,FALSE,FALSE,0.02,5.47e-4,0.018771,FALSE,FALSE,1372.740552
18,84,DE8,RO3,DE,RO,Western,CEE,FALSE,FALSE,0,0,0.024527,FALSE,FALSE,1445.650291
18,85,DE8,RO4,DE,RO,Western,CEE,FALSE,FALSE,0.01,4.17e-4,0.026223,FALSE,FALSE,1215.762282
18,86,DE8,SE1,DE,SE,Western,Northern,FALSE,FALSE,0.05,0.002011,0.03356,FALSE,FALSE,636.20046
18,87,DE8,SE2,DE,SE,Western,Northern,FALSE,FALSE,0.16,0.012004,0.071789,FALSE,FALSE,390.681502
18,88,DE8,SE3,DE,SE,Western,Northern,FALSE,FALSE,0.12,0.005945,0.051279,FALSE,FALSE,1136.753147
18,89,DE8,SI0,DE,SI,Western,CEE,FALSE,FALSE,0.11,0.015377,0.024332,FALSE,FALSE,873.335799
18,90,DE8,SK0,DE,SK,Western,CEE,FALSE,FALSE,0.06,0.003642,0.010494,FALSE,FALSE,732.932118
19,1,DE9,AT1,DE,AT,Western,Western,FALSE,TRUE,0.1,0.013929,0.021657,FALSE,FALSE,725.485193
19,2,DE9,AT2,DE,AT,Western,Western,FALSE,TRUE,0.11,0.010013,0.024409,FALSE,FALSE,757.365753
19,3,DE9,AT3,DE,AT,Western,Western,FALSE,TRUE,0.09,0.019592,0.025973,FALSE,FALSE,632.650016
19,4,DE9,BE1,DE,BE,Western,Western,FALSE,TRUE,0.07,0.009492,0.018042,FALSE,FALSE,362.812141
19,5,DE9,BE2,DE,BE,Western,Western,FALSE,TRUE,0.06,0.008373,0.018698,FALSE,FALSE,362.173389
19,6,DE9,BE3,DE,BE,Western,Western,FALSE,TRUE,0.1,0.027758,0.031795,FALSE,FALSE,368.886786
19,7,DE9,BG3,DE,BG,Western,CEE,FALSE,FALSE,0.1,0.010953,0.01499,FALSE,FALSE,1586.695968
19,8,DE9,BG4,DE,BG,Western,CEE,FALSE,FALSE,0.06,0.004352,0.012912,FALSE,FALSE,1649.338893
19,9,DE9,CY0,DE,CY,Western,Southern,FALSE,FALSE,0.09,0.007311,0.01372,FALSE,FALSE,2722.203312
19,10,DE9,CZ0,DE,CZ,Western,CEE,FALSE,FALSE,0.02,0.001685,0.016129,FALSE,FALSE,574.801154
19,11,DE9,DE1,DE,DE,Western,Western,TRUE,TRUE,0.25,0.117255,0.100599,FALSE,FALSE,437.069996
19,12,DE9,DE2,DE,DE,Western,Western,TRUE,TRUE,0.12,0.014171,0.025466,FALSE,FALSE,472.189991
19,13,DE9,DE3,DE,DE,Western,Western,TRUE,TRUE,0.11,0.013421,0.025159,FALSE,FALSE,310.456089
19,14,DE9,DE4,DE,DE,Western,Western,TRUE,TRUE,0.15,0.025035,0.030183,TRUE,FALSE,262.120851
19,15,DE9,DE5,DE,DE,Western,Western,TRUE,TRUE,0.14,0.015964,0.025871,TRUE,TRUE,57.960578
19,16,DE9,DE6,DE,DE,Western,Western,TRUE,TRUE,0.11,0.013911,0.019073,TRUE,TRUE,137.784018
19,17,DE9,DE7,DE,DE,Western,Western,TRUE,TRUE,0.17,0.027339,0.032586,TRUE,FALSE,225.576747
19,18,DE9,DE8,DE,DE,Western,Western,TRUE,TRUE,0.2,0.057593,0.051432,TRUE,FALSE,281.294555
19,20,DE9,DEA,DE,DE,Western,Western,TRUE,TRUE,0.17,0.019964,0.032607,TRUE,TRUE,156.712758
19,21,DE9,DEB,DE,DE,Western,Western,TRUE,TRUE,0.11,0.012974,0.025533,FALSE,FALSE,313.776271
19,22,DE9,DEC,DE,DE,Western,Western,TRUE,TRUE,0.17,0.032164,0.062036,FALSE,FALSE,380.37132
19,23,DE9,DED,DE,DE,Western,Western,TRUE,TRUE,0.09,0.011341,0.02213,FALSE,FALSE,372.379879
19,24,DE9,DEE,DE,DE,Western,Western,TRUE,TRUE,0.14,0.037854,0.039619,TRUE,TRUE,206.652356
19,25,DE9,DEF,DE,DE,Western,Western,TRUE,TRUE,0.11,0.017122,0.029652,TRUE,TRUE,184.580666
19,26,DE9,DEG,DE,DE,Western,Western,TRUE,TRUE,0.12,0.020702,0.058296,TRUE,FALSE,253.288616
19,27,DE9,DK0,DE,DK,Western,Northern,FALSE,FALSE,0.07,0.009067,0.019638,FALSE,FALSE,405.829364
19,28,DE9,EE0,DE,EE,Western,Baltics,FALSE,FALSE,0.04,0.00339,0.011387,FALSE,FALSE,1248.835671
19,29,DE9,EL3,DE,EL,Western,Southern,FALSE,FALSE,0,0,0.032515,FALSE,FALSE,1975.801608
19,30,DE9,EL4,DE,EL,Western,Southern,FALSE,FALSE,0.05,0.003427,0.030059,FALSE,FALSE,2295.133354
19,31,DE9,EL5,DE,EL,Western,Southern,FALSE,FALSE,0.04,0.002873,0.035143,FALSE,FALSE,1655.576814
19,32,DE9,EL6,DE,EL,Western,Southern,FALSE,FALSE,0.02,0.001534,0.033747,FALSE,FALSE,1804.369341
19,33,DE9,ES1,DE,ES,Western,Southern,FALSE,FALSE,0.02,0.001026,0.012991,FALSE,FALSE,1441.240538
19,34,DE9,ES2,DE,ES,Western,Southern,FALSE,FALSE,0.09,0.007512,0.019502,FALSE,FALSE,1392.296153
19,35,DE9,ES3,DE,ES,Western,Southern,FALSE,FALSE,0.06,0.004742,0.016149,FALSE,FALSE,1642.377625
19,36,DE9,ES4,DE,ES,Western,Southern,FALSE,FALSE,0.05,0.00452,0.019188,FALSE,FALSE,1749.89407
19,37,DE9,ES5,DE,ES,Western,Southern,FALSE,FALSE,0.11,0.013359,0.022582,FALSE,FALSE,1509.930233
19,38,DE9,ES6,DE,ES,Western,Southern,FALSE,FALSE,0.02,0.001929,0.016589,FALSE,FALSE,1930.982899
19,39,DE9,ES7,DE,ES,Western,Southern,FALSE,FALSE,0.08,0.008921,0.016217,FALSE,FALSE,3379.04353
19,40,DE9,FI1,DE,FI,Western,Northern,FALSE,FALSE,0.1,0.007898,0.018343,FALSE,FALSE,1718.220215
19,41,DE9,FI2,DE,FI,Western,Northern,FALSE,FALSE,0.02,0.001929,0.007762,FALSE,FALSE,1086.458465
19,42,DE9,FR1,DE,FR,Western,Western,FALSE,TRUE,0.07,0.006171,0.017964,FALSE,FALSE,618.860376
19,43,DE9,FRB,DE,FR,Western,Western,FALSE,TRUE,0.05,0.005898,0.019703,FALSE,FALSE,752.737696
19,44,DE9,FRC,DE,FR,Western,Western,FALSE,TRUE,0.08,0.008381,0.024242,FALSE,FALSE,648.018447
19,45,DE9,FRD,DE,FR,Western,Western,FALSE,TRUE,0.07,0.006119,0.018097,FALSE,FALSE,733.334301
19,46,DE9,FRE,DE,FR,Western,Western,FALSE,TRUE,0.07,0.008292,0.021224,FALSE,FALSE,504.863602
19,47,DE9,FRF,DE,FR,Western,Western,FALSE,TRUE,0.1,0.007947,0.02053,FALSE,FALSE,473.816383
19,48,DE9,FRG,DE,FR,Western,Western,FALSE,TRUE,0.07,0.00646,0.017501,FALSE,FALSE,911.326132
19,49,DE9,FRH,DE,FR,Western,Western,FALSE,TRUE,0.1,0.011407,0.024604,FALSE,FALSE,958.653672
19,50,DE9,FRI,DE,FR,Western,Western,FALSE,TRUE,0.04,0.00431,0.017009,FALSE,FALSE,1037.537344
19,51,DE9,FRJ,DE,FR,Western,Western,FALSE,TRUE,0.08,0.010209,0.021599,FALSE,FALSE,1105.781299
19,52,DE9,FRK,DE,FR,Western,Western,FALSE,TRUE,0.1,0.011439,0.021997,FALSE,FALSE,845.657921
19,53,DE9,FRL,DE,FR,Western,Western,FALSE,TRUE,0.06,0.005076,0.015151,FALSE,FALSE,964.501134
19,54,DE9,FRM,DE,FR,Western,Western,FALSE,TRUE,0.04,0.001889,0.013157,FALSE,FALSE,1165.568698
19,55,DE9,HU1,DE,HU,Western,CEE,FALSE,FALSE,0.04,0.001909,0.023176,FALSE,FALSE,942.736666
19,56,DE9,HU2,DE,HU,Western,CEE,FALSE,FALSE,0.04,0.003201,0.017204,FALSE,FALSE,897.475743
19,57,DE9,HU3,DE,HU,Western,CEE,FALSE,FALSE,0.02,0.001292,0.031764,FALSE,FALSE,1052.809545
19,58,DE9,IE0,DE,IE,Western,Western,FALSE,TRUE,0.03,0.004325,0.010745,FALSE,FALSE,1115.225384
19,59,DE9,ITC,DE,IT,Western,Southern,FALSE,FALSE,0.1,0.010639,0.019652,FALSE,FALSE,820.850382
19,60,DE9,ITF,DE,IT,Western,Southern,FALSE,FALSE,0.08,0.008883,0.018655,FALSE,FALSE,1457.948635
19,61,DE9,ITG,DE,IT,Western,Southern,FALSE,FALSE,0.1,0.01215,0.020157,FALSE,FALSE,1708.672157
19,62,DE9,ITH,DE,IT,Western,Southern,FALSE,FALSE,0.08,0.008118,0.019339,FALSE,FALSE,818.086522
19,63,DE9,ITI,DE,IT,Western,Southern,FALSE,FALSE,0.11,0.013447,0.020409,FALSE,FALSE,1108.483671
19,64,DE9,LT0,DE,LT,Western,Baltics,FALSE,FALSE,0.05,0.006947,0.022145,FALSE,FALSE,1017.012022
19,65,DE9,LU0,DE,LU,Western,Western,FALSE,TRUE,0.12,0.011351,0.018099,FALSE,FALSE,361.937455
19,66,DE9,LV0,DE,LV,Western,Baltics,FALSE,FALSE,0.05,0.004693,0.015274,FALSE,FALSE,1194.808465
19,67,DE9,MT0,DE,MT,Western,Southern,FALSE,FALSE,0.05,0.005364,0.014865,FALSE,FALSE,1882.43317
19,68,DE9,NL1,DE,NL,Western,Western,FALSE,TRUE,0.05,0.003094,0.010159,TRUE,TRUE,181.782061
19,69,DE9,NL2,DE,NL,Western,Western,FALSE,TRUE,0.1,0.015508,0.023982,TRUE,TRUE,180.288892
19,70,DE9,NL3,DE,NL,Western,Western,FALSE,TRUE,0.1,0.01241,0.022161,FALSE,FALSE,373.223046
19,71,DE9,NL4,DE,NL,Western,Western,FALSE,TRUE,0.09,0.009718,0.022132,FALSE,FALSE,257.659562
19,72,DE9,PL2,DE,PL,Western,CEE,FALSE,FALSE,0.05,0.004288,0.08078,FALSE,FALSE,809.742937
19,73,DE9,PL4,DE,PL,Western,CEE,FALSE,FALSE,0.03,0.001991,0.085954,FALSE,FALSE,477.178817
19,74,DE9,PL5,DE,PL,Western,CEE,FALSE,FALSE,0.07,0.007024,0.01741,FALSE,FALSE,586.519381
19,75,DE9,PL6,DE,PL,Western,CEE,FALSE,FALSE,0.12,0.012225,0.084399,FALSE,FALSE,696.792654
19,76,DE9,PL7,DE,PL,Western,CEE,FALSE,FALSE,0.11,0.010399,0.018177,FALSE,FALSE,743.608581
19,77,DE9,PL8,DE,PL,Western,CEE,FALSE,FALSE,0.18,0.023047,0.071842,FALSE,FALSE,956.18125
19,78,DE9,PL9,DE,PL,Western,CEE,FALSE,FALSE,0.15,0.020063,0.046383,FALSE,FALSE,840.787068
19,79,DE9,PT1,DE,PT,Western,Southern,FALSE,FALSE,0.09,0.009977,0.019082,FALSE,FALSE,1960.966365
19,80,DE9,PT2,DE,PT,Western,Southern,FALSE,FALSE,0.08,0.009605,0.018223,FALSE,FALSE,3088.407376
19,81,DE9,PT3,DE,PT,Western,Southern,FALSE,FALSE,0.03,0.001455,0.010505,FALSE,FALSE,2995.00527
19,82,DE9,RO1,DE,RO,Western,CEE,FALSE,FALSE,0.04,0.002496,0.041308,FALSE,FALSE,1260.169107
19,83,DE9,RO2,DE,RO,Western,CEE,FALSE,FALSE,0.01,4.55e-4,0.01851,FALSE,FALSE,1519.625114
19,84,DE9,RO3,DE,RO,Western,CEE,FALSE,FALSE,0.03,0.001514,0.022618,FALSE,FALSE,1560.365385
19,85,DE9,RO4,DE,RO,Western,CEE,FALSE,FALSE,0.01,5e-4,0.023485,FALSE,FALSE,1303.150041
19,86,DE9,SE1,DE,SE,Western,Northern,FALSE,FALSE,0.08,0.010421,0.051085,FALSE,FALSE,872.077077
19,87,DE9,SE2,DE,SE,Western,Northern,FALSE,FALSE,0.12,0.013442,0.089365,FALSE,FALSE,625.565235
19,88,DE9,SE3,DE,SE,Western,Northern,FALSE,FALSE,0.12,0.011883,0.062087,FALSE,FALSE,1334.62058
19,89,DE9,SI0,DE,SI,Western,CEE,FALSE,FALSE,0.08,0.008499,0.019243,FALSE,FALSE,827.693067
19,90,DE9,SK0,DE,SK,Western,CEE,FALSE,FALSE,0.02,0.001678,0.008338,FALSE,FALSE,830.601368
20,1,DEA,AT1,DE,AT,Western,Western,FALSE,TRUE,0.08,0.009263,0.017681,FALSE,FALSE,715.214497
20,2,DEA,AT2,DE,AT,Western,Western,FALSE,TRUE,0.17,0.051245,0.05258,FALSE,FALSE,724.135332
20,3,DEA,AT3,DE,AT,Western,Western,FALSE,TRUE,0.11,0.01227,0.022098,FALSE,FALSE,587.170652
20,4,DEA,BE1,DE,BE,Western,Western,FALSE,TRUE,0.05,0.004897,0.014598,FALSE,FALSE,232.357121
20,5,DEA,BE2,DE,BE,Western,Western,FALSE,TRUE,0.1,0.026299,0.031045,FALSE,FALSE,239.443936
20,6,DEA,BE3,DE,BE,Western,Western,FALSE,TRUE,0.07,0.020171,0.033244,TRUE,FALSE,217.147187
20,7,DEA,BG3,DE,BG,Western,CEE,FALSE,FALSE,0.08,0.008976,0.014816,FALSE,FALSE,1593.605407
20,8,DEA,BG4,DE,BG,Western,CEE,FALSE,FALSE,0.01,6.67e-4,0.013348,FALSE,FALSE,1642.119384
20,9,DEA,CY0,DE,CY,Western,Southern,FALSE,FALSE,0.03,0.00317,0.015038,FALSE,FALSE,2722.440577
20,10,DEA,CZ0,DE,CZ,Western,CEE,FALSE,FALSE,0.04,0.006064,0.022542,FALSE,FALSE,603.334633
20,11,DEA,DE1,DE,DE,Western,Western,TRUE,TRUE,0.12,0.015756,0.032297,FALSE,FALSE,323.831566
20,12,DEA,DE2,DE,DE,Western,Western,TRUE,TRUE,0.06,0.006481,0.016723,FALSE,FALSE,427.197428
20,13,DEA,DE3,DE,DE,Western,Western,TRUE,TRUE,0.08,0.020085,0.027535,FALSE,FALSE,418.398253
20,14,DEA,DE4,DE,DE,Western,Western,TRUE,TRUE,0.12,0.012509,0.023955,FALSE,FALSE,370.185885
20,15,DEA,DE5,DE,DE,Western,Western,TRUE,TRUE,0.12,0.017169,0.02386,FALSE,FALSE,207.517675
20,16,DEA,DE6,DE,DE,Western,Western,TRUE,TRUE,0.07,0.005973,0.017024,FALSE,FALSE,294.472506
20,17,DEA,DE7,DE,DE,Western,Western,TRUE,TRUE,0.1,0.011608,0.022199,TRUE,TRUE,140.870033
20,18,DEA,DE8,DE,DE,Western,Western,TRUE,TRUE,0.08,0.013598,0.024595,FALSE,FALSE,429.142366
20,19,DEA,DE9,DE,DE,Western,Western,TRUE,TRUE,0.09,0.012634,0.025502,TRUE,TRUE,156.712758
20,21,DEA,DEB,DE,DE,Western,Western,TRUE,TRUE,0.07,0.012511,0.022302,TRUE,TRUE,165.023608
20,22,DEA,DEC,DE,DE,Western,Western,TRUE,TRUE,0.17,0.024609,0.039113,FALSE,FALSE,230.310485
20,23,DEA,DED,DE,DE,Western,Western,TRUE,TRUE,0.08,0.010602,0.025535,FALSE,FALSE,416.640915
20,24,DEA,DEE,DE,DE,Western,Western,TRUE,TRUE,0.17,0.052299,0.051112,FALSE,FALSE,291.343192
20,25,DEA,DEF,DE,DE,Western,Western,TRUE,TRUE,0.13,0.018897,0.031687,FALSE,FALSE,339.764115
20,26,DEA,DEG,DE,DE,Western,Western,TRUE,TRUE,0.11,0.009564,0.022525,FALSE,FALSE,264.722322
20,27,DEA,DK0,DE,DK,Western,Northern,FALSE,FALSE,0.08,0.008229,0.018021,FALSE,FALSE,547.61357
20,28,DEA,EE0,DE,EE,Western,Baltics,FALSE,FALSE,0.07,0.00822,0.01524,FALSE,FALSE,1399.868423
20,29,DEA,EL3,DE,EL,Western,Southern,FALSE,FALSE,0.05,0.002768,0.044217,FALSE,FALSE,1940.322205
20,30,DEA,EL4,DE,EL,Western,Southern,FALSE,FALSE,0.01,6.67e-4,0.03407,FALSE,FALSE,2253.887596
20,31,DEA,EL5,DE,EL,Western,Southern,FALSE,FALSE,0.05,0.004499,0.046472,FALSE,FALSE,1622.930897
20,32,DEA,EL6,DE,EL,Western,Southern,FALSE,FALSE,0.09,0.009242,0.046237,FALSE,FALSE,1765.813724
20,33,DEA,ES1,DE,ES,Western,Southern,FALSE,FALSE,0.06,0.010388,0.02145,FALSE,FALSE,1291.187882
20,34,DEA,ES2,DE,ES,Western,Southern,FALSE,FALSE,0.05,0.01201,0.025554,FALSE,FALSE,1235.601491
20,35,DEA,ES3,DE,ES,Western,Southern,FALSE,FALSE,0.06,0.006625,0.019413,FALSE,FALSE,1486.990324
20,36,DEA,ES4,DE,ES,Western,Southern,FALSE,FALSE,0.13,0.016402,0.031532,FALSE,FALSE,1596.298875
20,37,DEA,ES5,DE,ES,Western,Southern,FALSE,FALSE,0.06,0.005727,0.02296,FALSE,FALSE,1358.590339
20,38,DEA,ES6,DE,ES,Western,Southern,FALSE,FALSE,0.11,0.017785,0.031018,FALSE,FALSE,1774.367539
20,39,DEA,ES7,DE,ES,Western,Southern,FALSE,FALSE,0.09,0.009856,0.018657,FALSE,FALSE,3227.229383
20,40,DEA,FI1,DE,FI,Western,Northern,FALSE,FALSE,0.17,0.034793,0.037225,FALSE,FALSE,1874.849501
20,41,DEA,FI2,DE,FI,Western,Northern,FALSE,FALSE,0.05,0.003956,0.012173,FALSE,FALSE,1243.154699
20,42,DEA,FR1,DE,FR,Western,Western,FALSE,TRUE,0.06,0.004825,0.019128,FALSE,FALSE,468.911051
20,43,DEA,FRB,DE,FR,Western,Western,FALSE,TRUE,0.07,0.007856,0.020727,FALSE,FALSE,600.827933
20,44,DEA,FRC,DE,FR,Western,Western,FALSE,TRUE,0.13,0.018043,0.040746,FALSE,FALSE,492.773633
20,45,DEA,FRD,DE,FR,Western,Western,FALSE,TRUE,0.05,0.004677,0.015758,FALSE,FALSE,598.364732
20,46,DEA,FRE,DE,FR,Western,Western,FALSE,TRUE,0.12,0.042761,0.045523,FALSE,FALSE,365.830294
20,47,DEA,FRF,DE,FR,Western,Western,FALSE,TRUE,0.16,0.050315,0.051417,FALSE,FALSE,318.231789
20,48,DEA,FRG,DE,FR,Western,Western,FALSE,TRUE,0.11,0.024515,0.035639,FALSE,FALSE,767.289628
20,49,DEA,FRH,DE,FR,Western,Western,FALSE,TRUE,0.12,0.022594,0.029217,FALSE,FALSE,826.550325
20,50,DEA,FRI,DE,FR,Western,Western,FALSE,TRUE,0.11,0.013181,0.03014,FALSE,FALSE,881.73933
20,51,DEA,FRJ,DE,FR,Western,Western,FALSE,TRUE,0.08,0.012816,0.021404,FALSE,FALSE,949.802964
20,52,DEA,FRK,DE,FR,Western,Western,FALSE,TRUE,0.04,0.003742,0.014828,FALSE,FALSE,692.524213
20,53,DEA,FRL,DE,FR,Western,Western,FALSE,TRUE,0.09,0.0088940000000000009,0.017365,FALSE,FALSE,819.150229
20,54,DEA,FRM,DE,FR,Western,Western,FALSE,TRUE,0.04,0.004125,0.017347,FALSE,FALSE,1040.39488
20,55,DEA,HU1,DE,HU,Western,CEE,FALSE,FALSE,0.04,0.003567,0.031624,FALSE,FALSE,956.746111
20,56,DEA,HU2,DE,HU,Western,CEE,FALSE,FALSE,0.07,0.004957,0.018304,FALSE,FALSE,888.543437
20,57,DEA,HU3,DE,HU,Western,CEE,FALSE,FALSE,0.03,0.00329,0.040065,FALSE,FALSE,1073.653167
20,58,DEA,IE0,DE,IE,Western,Western,FALSE,TRUE,0.11,0.009064,0.014483,FALSE,FALSE,1067.048977
20,59,DEA,ITC,DE,IT,Western,Southern,FALSE,FALSE,0.13,0.022289,0.028521,FALSE,FALSE,696.242058
20,60,DEA,ITF,DE,IT,Western,Southern,FALSE,FALSE,0.03,0.002049,0.013582,FALSE,FALSE,1381.2563
20,61,DEA,ITG,DE,IT,Western,Southern,FALSE,FALSE,0.03,0.003254,0.014881,FALSE,FALSE,1609.708872
20,62,DEA,ITH,DE,IT,Western,Southern,FALSE,FALSE,0.11,0.014025,0.021995,FALSE,FALSE,724.23262
20,63,DEA,ITI,DE,IT,Western,Southern,FALSE,FALSE,0.04,0.004625,0.015165,FALSE,FALSE,1010.508022
20,64,DEA,LT0,DE,LT,Western,Baltics,FALSE,FALSE,0.05,0.004372,0.022132,FALSE,FALSE,1150.711147
20,65,DEA,LU0,DE,LU,Western,Western,FALSE,TRUE,0.07,0.007894,0.018028,FALSE,TRUE,205.255841
20,66,DEA,LV0,DE,LV,Western,Baltics,FALSE,FALSE,0.06,0.006777,0.019504,FALSE,FALSE,1336.211171
20,67,DEA,MT0,DE,MT,Western,Southern,FALSE,FALSE,0.06,0.009569,0.020351,FALSE,FALSE,1783.036103
20,68,DEA,NL1,DE,NL,Western,Western,FALSE,TRUE,0.05,0.004317,0.013242,FALSE,TRUE,199.247765
20,69,DEA,NL2,DE,NL,Western,Western,FALSE,TRUE,0.07,0.007967,0.019444,TRUE,TRUE,136.006177
20,70,DEA,NL3,DE,NL,Western,Western,FALSE,TRUE,0.14,0.014392,0.02144,FALSE,FALSE,263.113849
20,71,DEA,NL4,DE,NL,Western,Western,FALSE,TRUE,0.12,0.014431,0.023175,TRUE,TRUE,131.59957
20,72,DEA,PL2,DE,PL,Western,CEE,FALSE,FALSE,0.06,0.006031,0.074609,FALSE,FALSE,870.95347
20,73,DEA,PL4,DE,PL,Western,CEE,FALSE,FALSE,0.06,0.004363,0.076939,FALSE,FALSE,591.597377
20,74,DEA,PL5,DE,PL,Western,CEE,FALSE,FALSE,0.04,0.004492,0.017189,FALSE,FALSE,652.217582
20,75,DEA,PL6,DE,PL,Western,CEE,FALSE,FALSE,0.05,0.00511,0.053804,FALSE,FALSE,818.020113
20,76,DEA,PL7,DE,PL,Western,CEE,FALSE,FALSE,0.05,0.003252,0.01395,FALSE,FALSE,826.44884
20,77,DEA,PL8,DE,PL,Western,CEE,FALSE,FALSE,0.08,0.00782,0.044844,FALSE,FALSE,1049.988839
20,78,DEA,PL9,DE,PL,Western,CEE,FALSE,FALSE,0.07,0.008115,0.027457,FALSE,FALSE,942.978069
20,79,DEA,PT1,DE,PT,Western,Southern,FALSE,FALSE,0.1,0.009785,0.02041,FALSE,FALSE,1810.3356900000001
20,80,DEA,PT2,DE,PT,Western,Southern,FALSE,FALSE,0.09,0.014956,0.02054,FALSE,FALSE,2967.051216
20,81,DEA,PT3,DE,PT,Western,Southern,FALSE,FALSE,0.07,0.006575,0.013827,FALSE,FALSE,2847.988417
20,82,DEA,RO1,DE,RO,Western,CEE,FALSE,FALSE,0.02,0.001125,0.048268,FALSE,FALSE,1292.496237
20,83,DEA,RO2,DE,RO,Western,CEE,FALSE,FALSE,0.02,9.01e-4,0.020223,FALSE,FALSE,1559.803232
20,84,DEA,RO3,DE,RO,Western,CEE,FALSE,FALSE,0,0,0.025706,FALSE,FALSE,1581.142319
20,85,DEA,RO4,DE,RO,Western,CEE,FALSE,FALSE,0.02,0.001245,0.02754,FALSE,FALSE,1312.502827
20,86,DEA,SE1,DE,SE,Western,Northern,FALSE,FALSE,0.07,0.005587,0.036236,FALSE,FALSE,1028.546232
20,87,DEA,SE2,DE,SE,Western,Northern,FALSE,FALSE,0.08,0.008054,0.070011,FALSE,FALSE,782.244205
20,88,DEA,SE3,DE,SE,Western,Northern,FALSE,FALSE,0.06,0.005186,0.050283,FALSE,FALSE,1485.388018
20,89,DEA,SI0,DE,SI,Western,CEE,FALSE,FALSE,0.09,0.012608,0.022051,FALSE,FALSE,777.462135
20,90,DEA,SK0,DE,SK,Western,CEE,FALSE,FALSE,0.02,0.001125,0.008753,FALSE,FALSE,860.259095
21,1,DEB,AT1,DE,AT,Western,Western,FALSE,TRUE,0.1,0.009583,0.019079,FALSE,FALSE,668.070517
21,2,DEB,AT2,DE,AT,Western,Western,FALSE,TRUE,0.1,0.013328,0.02473,FALSE,FALSE,652.44858
21,3,DEB,AT3,DE,AT,Western,Western,FALSE,TRUE,0.08,0.007487,0.018768,FALSE,FALSE,510.125591
21,4,DEB,BE1,DE,BE,Western,Western,FALSE,TRUE,0.13,0.017569,0.027189,FALSE,FALSE,231.163152
21,5,DEB,BE2,DE,BE,Western,Western,FALSE,TRUE,0.1,0.018976,0.027841,FALSE,FALSE,251.913025
21,6,DEB,BE3,DE,BE,Western,Western,FALSE,TRUE,0.14,0.027392,0.033072,TRUE,TRUE,152.581845
21,7,DEB,BG3,DE,BG,Western,CEE,FALSE,FALSE,0.04,0.004683,0.012871,FALSE,FALSE,1544.390486
21,8,DEB,BG4,DE,BG,Western,CEE,FALSE,FALSE,0.02,7.02e-4,0.012141,FALSE,FALSE,1578.219014
21,9,DEB,CY0,DE,CY,Western,Southern,FALSE,FALSE,0.06,0.006753,0.014129,FALSE,FALSE,2660.091914
21,10,DEB,CZ0,DE,CZ,Western,CEE,FALSE,FALSE,0.04,0.001989,0.016128,FALSE,FALSE,603.978214
21,11,DEB,DE1,DE,DE,Western,Western,TRUE,TRUE,0.12,0.028107,0.038304,TRUE,FALSE,192.186134
21,12,DEB,DE2,DE,DE,Western,Western,TRUE,TRUE,0.14,0.028941,0.034258,FALSE,FALSE,366.379065
21,13,DEB,DE3,DE,DE,Western,Western,TRUE,TRUE,0.09,0.007812,0.018006,FALSE,FALSE,513.453494
21,14,DEB,DE4,DE,DE,Western,Western,TRUE,TRUE,0.14,0.018667,0.027945,FALSE,FALSE,470.043432
21,15,DEB,DE5,DE,DE,Western,Western,TRUE,TRUE,0.08,0.009086,0.019209,FALSE,FALSE,368.653384
21,16,DEB,DE6,DE,DE,Western,Western,TRUE,TRUE,0.14,0.012714,0.02443,FALSE,FALSE,448.464064
21,17,DEB,DE7,DE,DE,Western,Western,TRUE,TRUE,0.13,0.016842,0.022777,TRUE,TRUE,145.198236
21,18,DEB,DE8,DE,DE,Western,Western,TRUE,TRUE,0.12,0.015272,0.028813,FALSE,FALSE,564.059427
21,19,DEB,DE9,DE,DE,Western,Western,TRUE,TRUE,0.11,0.012923,0.025332,FALSE,FALSE,313.776271
21,20,DEB,DEA,DE,DE,Western,Western,TRUE,TRUE,0.17,0.061258,0.062797,TRUE,TRUE,165.023608
21,22,DEB,DEC,DE,DE,Western,Western,TRUE,TRUE,0.12,0.014316,0.03546,TRUE,TRUE,66.604721
21,23,DEB,DED,DE,DE,Western,Western,TRUE,TRUE,0.17,0.022599,0.031852,FALSE,FALSE,452.250319
21,24,DEB,DEE,DE,DE,Western,Western,TRUE,TRUE,0.21,0.025745,0.035383,FALSE,FALSE,383.672305
21,25,DEB,DEF,DE,DE,Western,Western,TRUE,TRUE,0.13,0.026314,0.036421,FALSE,FALSE,498.269468
21,26,DEB,DEG,DE,DE,Western,Western,TRUE,TRUE,0.18,0.044487,0.049502,FALSE,FALSE,302.025229
21,27,DEB,DK0,DE,DK,Western,Northern,FALSE,FALSE,0.07,0.011047,0.018947,FALSE,FALSE,712.313135
21,28,DEB,EE0,DE,EE,Western,Baltics,FALSE,FALSE,0.04,0.002639,0.010081,FALSE,FALSE,1529.719325
21,29,DEB,EL3,DE,EL,Western,Southern,FALSE,FALSE,0.02,0.001979,0.038582,FALSE,FALSE,1847.193112
21,30,DEB,EL4,DE,EL,Western,Southern,FALSE,FALSE,0.06,0.005119,0.030961,FALSE,FALSE,2154.094876
21,31,DEB,EL5,DE,EL,Western,Southern,FALSE,FALSE,0.03,0.002186,0.040675,FALSE,FALSE,1534.537358
21,32,DEB,EL6,DE,EL,Western,Southern,FALSE,FALSE,0.05,0.003874,0.042875,FALSE,FALSE,1670.872224
21,33,DEB,ES1,DE,ES,Western,Southern,FALSE,FALSE,0.09,0.007673,0.016385,FALSE,FALSE,1176.525246
21,34,DEB,ES2,DE,ES,Western,Southern,FALSE,FALSE,0.08,0.010679,0.021298,FALSE,FALSE,1090.370574
21,35,DEB,ES3,DE,ES,Western,Southern,FALSE,FALSE,0.07,0.010265,0.02142,FALSE,FALSE,1352.260134
21,36,DEB,ES4,DE,ES,Western,Southern,FALSE,FALSE,0.02,0.002812,0.019575,FALSE,FALSE,1468.902029
21,37,DEB,ES5,DE,ES,Western,Southern,FALSE,FALSE,0.08,0.011717,0.025721,FALSE,FALSE,1196.232732
21,38,DEB,ES6,DE,ES,Western,Southern,FALSE,FALSE,0.04,0.003929,0.021866,FALSE,FALSE,1630.003477
21,39,DEB,ES7,DE,ES,Western,Southern,FALSE,FALSE,0.09,0.012225,0.018009,FALSE,FALSE,3103.123088
21,40,DEB,FI1,DE,FI,Western,Northern,FALSE,FALSE,0.09,0.008367,0.017801,FALSE,FALSE,2026.974939
21,41,DEB,FI2,DE,FI,Western,Northern,FALSE,FALSE,0.03,0.001513,0.008538,FALSE,FALSE,1392.982423
21,42,DEB,FR1,DE,FR,Western,Western,FALSE,TRUE,0.09,0.016033,0.025388,FALSE,FALSE,371.14271
21,43,DEB,FRB,DE,FR,Western,Western,FALSE,TRUE,0.09,0.009255,0.02294,FALSE,FALSE,489.614835
21,44,DEB,FRC,DE,FR,Western,Western,FALSE,TRUE,0.11,0.01063,0.022938,FALSE,FALSE,337.866031
21,45,DEB,FRD,DE,FR,Western,Western,FALSE,TRUE,0.09,0.012884,0.020957,FALSE,FALSE,534.491187
21,46,DEB,FRE,DE,FR,Western,Western,FALSE,TRUE,0.11,0.027068,0.03268,FALSE,FALSE,312.279124
21,47,DEB,FRF,DE,FR,Western,Western,FALSE,TRUE,0.12,0.012916,0.026611,TRUE,TRUE,167.75916900000001
21,48,DEB,FRG,DE,FR,Western,Western,FALSE,TRUE,0.03,0.002623,0.019894,FALSE,FALSE,675.622581
21,49,DEB,FRH,DE,FR,Western,Western,FALSE,TRUE,0.08,0.008678,0.021467,FALSE,FALSE,760.129256
21,50,DEB,FRI,DE,FR,Western,Western,FALSE,TRUE,0.08,0.01305,0.027847,FALSE,FALSE,747.42107
21,51,DEB,FRJ,DE,FR,Western,Western,FALSE,TRUE,0.1,0.012277,0.020193,FALSE,FALSE,796.225263
21,52,DEB,FRK,DE,FR,Western,Western,FALSE,TRUE,0.06,0.003218,0.015932,FALSE,FALSE,532.193831
21,53,DEB,FRL,DE,FR,Western,Western,FALSE,TRUE,0.1,0.016043,0.022563,FALSE,FALSE,654.210709
21,54,DEB,FRM,DE,FR,Western,Western,FALSE,TRUE,0.11,0.015397,0.021409,FALSE,FALSE,881.145847
21,55,DEB,HU1,DE,HU,Western,CEE,FALSE,FALSE,0.01,4.17e-4,0.023843,FALSE,FALSE,925.745847
21,56,DEB,HU2,DE,HU,Western,CEE,FALSE,FALSE,0.06,0.004581,0.015502,FALSE,FALSE,835.754906
21,57,DEB,HU3,DE,HU,Western,CEE,FALSE,FALSE,0.01,3.23e-4,0.031259,FALSE,FALSE,1046.803206
21,58,DEB,IE0,DE,IE,Western,Western,FALSE,TRUE,0.09,0.0087,0.014374,FALSE,FALSE,1112.072812
21,59,DEB,ITC,DE,IT,Western,Southern,FALSE,FALSE,0.09,0.008194,0.017482,FALSE,FALSE,539.058977
21,60,DEB,ITF,DE,IT,Western,Southern,FALSE,FALSE,0.11,0.018088,0.027074,FALSE,FALSE,1255.227617
21,61,DEB,ITG,DE,IT,Western,Southern,FALSE,FALSE,0.06,0.009897,0.020838,FALSE,FALSE,1465.194628
21,62,DEB,ITH,DE,IT,Western,Southern,FALSE,FALSE,0.13,0.013769,0.024217,FALSE,FALSE,591.688653
21,63,DEB,ITI,DE,IT,Western,Southern,FALSE,FALSE,0.13,0.015499,0.02392,FALSE,FALSE,870.091237
21,64,DEB,LT0,DE,LT,Western,Baltics,FALSE,FALSE,0.05,0.004505,0.02082,FALSE,FALSE,1252.901641
21,65,DEB,LU0,DE,LU,Western,Western,FALSE,TRUE,0.13,0.022896,0.026107000000000002,TRUE,TRUE,86.557927
21,66,DEB,LV0,DE,LV,Western,Baltics,FALSE,FALSE,0.02,0.001417,0.013382,FALSE,FALSE,1448.62751
21,67,DEB,MT0,DE,MT,Western,Southern,FALSE,FALSE,0.12,0.011378,0.022398,FALSE,FALSE,1637.718263
21,68,DEB,NL1,DE,NL,Western,Western,FALSE,TRUE,0.08,0.00581,0.013472,FALSE,FALSE,348.072194
21,69,DEB,NL2,DE,NL,Western,Western,FALSE,TRUE,0.11,0.008321,0.02071,FALSE,FALSE,272.974024
21,70,DEB,NL3,DE,NL,Western,Western,FALSE,TRUE,0.05,0.00481,0.015494,FALSE,FALSE,290.62815
21,71,DEB,NL4,DE,NL,Western,Western,FALSE,TRUE,0.06,0.007548,0.020359,FALSE,TRUE,190.610284
21,72,DEB,PL2,DE,PL,Western,CEE,FALSE,FALSE,0,0,0.05555,FALSE,FALSE,892.867866
21,73,DEB,PL4,DE,PL,Western,CEE,FALSE,FALSE,0.03,0.00168,0.059339,FALSE,FALSE,682.135399
21,74,DEB,PL5,DE,PL,Western,CEE,FALSE,FALSE,0.03,0.002825,0.012337,FALSE,FALSE,688.376591
21,75,DEB,PL6,DE,PL,Western,CEE,FALSE,FALSE,0.04,0.004028,0.046412,FALSE,FALSE,908.967045
21,76,DEB,PL7,DE,PL,Western,CEE,FALSE,FALSE,0.03,0.002905,0.01217,FALSE,FALSE,873.359451
21,77,DEB,PL8,DE,PL,Western,CEE,FALSE,FALSE,0.08,0.005947,0.039799,FALSE,FALSE,1103.537091
21,78,DEB,PL9,DE,PL,Western,CEE,FALSE,FALSE,0.05,0.002982,0.022984,FALSE,FALSE,1008.495555
21,79,DEB,PT1,DE,PT,Western,Southern,FALSE,FALSE,0.12,0.016091,0.023341,FALSE,FALSE,1691.798567
21,80,DEB,PT2,DE,PT,Western,Southern,FALSE,FALSE,0.04,0.004261,0.013079,FALSE,FALSE,2903.175444
21,81,DEB,PT3,DE,PT,Western,Southern,FALSE,FALSE,0.05,0.003904,0.012631,FALSE,FALSE,2736.6894
21,82,DEB,RO1,DE,RO,Western,CEE,FALSE,FALSE,0.02,0.001222,0.034635,FALSE,FALSE,1273.599162
21,83,DEB,RO2,DE,RO,Western,CEE,FALSE,FALSE,0,0,0.014209,FALSE,FALSE,1545.802061
21,84,DEB,RO3,DE,RO,Western,CEE,FALSE,FALSE,0.02,8.39e-4,0.019683,FALSE,FALSE,1546.358583
21,85,DEB,RO4,DE,RO,Western,CEE,FALSE,FALSE,0,0,0.01984,FALSE,FALSE,1269.233964
21,86,DEB,SE1,DE,SE,Western,Northern,FALSE,FALSE,0.26,0.044482,0.084298,FALSE,FALSE,1182.589581
21,87,DEB,SE2,DE,SE,Western,Northern,FALSE,FALSE,0.18,0.029988,0.144245,FALSE,FALSE,934.929325
21,88,DEB,SE3,DE,SE,Western,Northern,FALSE,FALSE,0.13,0.020349,0.102877,FALSE,FALSE,1647.891445
21,89,DEB,SI0,DE,SI,Western,CEE,FALSE,FALSE,0.03,0.001974,0.013408,FALSE,FALSE,686.07797
21,90,DEB,SK0,DE,SK,Western,CEE,FALSE,FALSE,0.02,7.29e-4,0.008289,FALSE,FALSE,848.87058
22,1,DEC,AT1,DE,AT,Western,Western,FALSE,TRUE,0.13,0.009188,0.017776,FALSE,FALSE,675.527238
22,2,DEC,AT2,DE,AT,Western,Western,FALSE,TRUE,0.11,0.010774,0.019938,FALSE,FALSE,649.035799
22,3,DEC,AT3,DE,AT,Western,Western,FALSE,TRUE,0.09,0.008265,0.019541,FALSE,FALSE,507.05781
22,4,DEC,BE1,DE,BE,Western,Western,FALSE,TRUE,0.12,0.01135,0.017542,FALSE,FALSE,248.193816
22,5,DEC,BE2,DE,BE,Western,Western,FALSE,TRUE,0.13,0.012441,0.019888,FALSE,FALSE,271.669055
22,6,DEC,BE3,DE,BE,Western,Western,FALSE,TRUE,0.15,0.015237,0.021029,FALSE,TRUE,155.874419
22,7,DEC,BG3,DE,BG,Western,CEE,FALSE,FALSE,0.04,0.003658,0.00903,FALSE,FALSE,1544.738921
22,8,DEC,BG4,DE,BG,Western,CEE,FALSE,FALSE,0.03,0.002572,0.01327,FALSE,FALSE,1572.036949
22,9,DEC,CY0,DE,CY,Western,Southern,FALSE,FALSE,0.06,0.005014,0.012223,FALSE,FALSE,2652.744395
22,10,DEC,CZ0,DE,CZ,Western,CEE,FALSE,FALSE,0.09,0.005131,0.019595,FALSE,FALSE,631.533231
22,11,DEC,DE1,DE,DE,Western,Western,TRUE,TRUE,0.12,0.008698,0.0193,FALSE,TRUE,173.17481
22,12,DEC,DE2,DE,DE,Western,Western,TRUE,TRUE,0.14,0.012814,0.022484,FALSE,FALSE,376.362546
22,13,DEC,DE3,DE,DE,Western,Western,TRUE,TRUE,0.04,0.0031,0.012091,FALSE,FALSE,570.252424
22,14,DEC,DE4,DE,DE,Western,Western,TRUE,TRUE,0.1,0.013142,0.020513,FALSE,FALSE,528.39385
22,15,DEC,DE5,DE,DE,Western,Western,TRUE,TRUE,0.12,0.012384,0.019623,FALSE,FALSE,435.105299
22,16,DEC,DE6,DE,DE,Western,Western,TRUE,TRUE,0.07,0.006104,0.014061,FALSE,FALSE,514.968942
22,17,DEC,DE7,DE,DE,Western,Western,TRUE,TRUE,0.1,0.014682,0.019782,FALSE,TRUE,200.817443
22,18,DEC,DE8,DE,DE,Western,Western,TRUE,TRUE,0.11,0.013731,0.024061,FALSE,FALSE,628.212239
22,19,DEC,DE9,DE,DE,Western,Western,TRUE,TRUE,0.13,0.050226,0.047518,FALSE,FALSE,380.37132
22,20,DEC,DEA,DE,DE,Western,Western,TRUE,TRUE,0.1,0.009866,0.019928,FALSE,TRUE,230.310485
22,21,DEC,DEB,DE,DE,Western,Western,TRUE,TRUE,0.19,0.023587,0.026929,TRUE,TRUE,66.604721
22,23,DEC,DED,DE,DE,Western,Western,TRUE,TRUE,0.1,0.008764,0.020055,FALSE,FALSE,494.733961
22,24,DEC,DEE,DE,DE,Western,Western,TRUE,TRUE,0.11,0.010396,0.020872,FALSE,FALSE,441.848164
22,25,DEC,DEF,DE,DE,Western,Western,TRUE,TRUE,0.19,0.018959,0.02596,FALSE,FALSE,564.873622
22,26,DEC,DEG,DE,DE,Western,Western,TRUE,TRUE,0.14,0.015768,0.022731,FALSE,FALSE,350.51413
22,27,DEC,DK0,DE,DK,Western,Northern,FALSE,FALSE,0.11,0.009498,0.017144,FALSE,FALSE,777.922849
22,28,DEC,EE0,DE,EE,Western,Baltics,FALSE,FALSE,0.18,0.017758,0.02017,FALSE,FALSE,1591.39753
22,29,DEC,EL3,DE,EL,Western,Southern,FALSE,FALSE,0.05,0.003982,0.036272,FALSE,FALSE,1826.868713
22,30,DEC,EL4,DE,EL,Western,Southern,FALSE,FALSE,0.05,0.00629,0.031266,FALSE,FALSE,2130.078148
22,31,DEC,EL5,DE,EL,Western,Southern,FALSE,FALSE,0.03,0.002992,0.037541,FALSE,FALSE,1517.184176
22,32,DEC,EL6,DE,EL,Western,Southern,FALSE,FALSE,0.08,0.005206,0.039619,FALSE,FALSE,1650.029774
22,33,DEC,ES1,DE,ES,Western,Southern,FALSE,FALSE,0.08,0.004501,0.014523,FALSE,FALSE,1122.822984
22,34,DEC,ES2,DE,ES,Western,Southern,FALSE,FALSE,0.06,0.004128,0.015188,FALSE,FALSE,1026.799679
22,35,DEC,ES3,DE,ES,Western,Southern,FALSE,FALSE,0.1,0.009874,0.017278,FALSE,FALSE,1291.563321
22,36,DEC,ES4,DE,ES,Western,Southern,FALSE,FALSE,0.05,0.003488,0.016725,FALSE,FALSE,1410.41473
22,37,DEC,ES5,DE,ES,Western,Southern,FALSE,FALSE,0.05,0.006274,0.018522,FALSE,FALSE,1129.696081
22,38,DEC,ES6,DE,ES,Western,Southern,FALSE,FALSE,0.04,0.003922,0.020418,FALSE,FALSE,1566.37299
22,39,DEC,ES7,DE,ES,Western,Southern,FALSE,FALSE,0.07,0.007288,0.013839,FALSE,FALSE,3044.875004
22,40,DEC,FI1,DE,FI,Western,Northern,FALSE,FALSE,0.11,0.012622,0.019756,FALSE,FALSE,2092.893286
22,41,DEC,FI2,DE,FI,Western,Northern,FALSE,FALSE,0.07,0.005764,0.010572,FALSE,FALSE,1458.658843
22,42,DEC,FR1,DE,FR,Western,Western,FALSE,TRUE,0.13,0.013451,0.02118,FALSE,FALSE,332.130195
22,43,DEC,FRB,DE,FR,Western,Western,FALSE,TRUE,0.14,0.020368,0.026541,FALSE,FALSE,441.428816
22,44,DEC,FRC,DE,FR,Western,Western,FALSE,TRUE,0.12,0.010558,0.020484,FALSE,FALSE,272.787818
22,45,DEC,FRD,DE,FR,Western,Western,FALSE,TRUE,0.08,0.00615,0.016188,FALSE,FALSE,506.282369
22,46,DEC,FRE,DE,FR,Western,Western,FALSE,TRUE,0.07,0.010143,0.01985,FALSE,FALSE,297.836921
22,47,DEC,FRF,DE,FR,Western,Western,FALSE,TRUE,0.1,0.00938,0.018851,TRUE,TRUE,107.921626
22,48,DEC,FRG,DE,FR,Western,Western,FALSE,TRUE,0.11,0.010537,0.020749,FALSE,FALSE,633.347745
22,49,DEC,FRH,DE,FR,Western,Western,FALSE,TRUE,0.14,0.016146,0.024316,FALSE,FALSE,727.375536
22,50,DEC,FRI,DE,FR,Western,Western,FALSE,TRUE,0.06,0.006256,0.021167,FALSE,FALSE,687.917504
22,51,DEC,FRJ,DE,FR,Western,Western,FALSE,TRUE,0.09,0.008816,0.018071,FALSE,FALSE,730.729922
22,52,DEC,FRK,DE,FR,Western,Western,FALSE,TRUE,0.13,0.018552,0.024423,FALSE,FALSE,465.642575
22,53,DEC,FRL,DE,FR,Western,Western,FALSE,TRUE,0.11,0.009411,0.016354,FALSE,FALSE,589.084689
22,54,DEC,FRM,DE,FR,Western,Western,FALSE,TRUE,0.1,0.012505,0.017846,FALSE,FALSE,824.178618
22,55,DEC,HU1,DE,HU,Western,CEE,FALSE,FALSE,0.07,0.006038,0.028988,FALSE,FALSE,936.961853
22,56,DEC,HU2,DE,HU,Western,CEE,FALSE,FALSE,0.05,0.002209,0.015088,FALSE,FALSE,838.571718
22,57,DEC,HU3,DE,HU,Western,CEE,FALSE,FALSE,0.02,0.001825,0.03474,FALSE,FALSE,1058.794491
22,58,DEC,IE0,DE,IE,Western,Western,FALSE,TRUE,0.08,0.01279,0.014571,FALSE,FALSE,1121.513189
22,59,DEC,ITC,DE,IT,Western,Southern,FALSE,FALSE,0.16,0.018653,0.022833,FALSE,FALSE,485.092005
22,60,DEC,ITF,DE,IT,Western,Southern,FALSE,FALSE,0.14,0.012798,0.019144,FALSE,FALSE,1219.330801
22,61,DEC,ITG,DE,IT,Western,Southern,FALSE,FALSE,0.08,0.006699,0.014642,FALSE,FALSE,1417.960397
22,62,DEC,ITH,DE,IT,Western,Southern,FALSE,FALSE,0.12,0.016447,0.021809,FALSE,FALSE,555.768285
22,63,DEC,ITI,DE,IT,Western,Southern,FALSE,FALSE,0.12,0.00995,0.017804,FALSE,FALSE,826.966185
22,64,DEC,LT0,DE,LT,Western,Baltics,FALSE,FALSE,0.08,0.007532,0.026652,FALSE,FALSE,1307.893462
22,65,DEC,LU0,DE,LU,Western,Western,FALSE,TRUE,0.11,0.013815,0.017389,TRUE,TRUE,80.12453
22,66,DEC,LV0,DE,LV,Western,Baltics,FALSE,FALSE,0.11,0.014201,0.025081,FALSE,FALSE,1506.047377
22,67,DEC,MT0,DE,MT,Western,Southern,FALSE,FALSE,0.08,0.007465,0.018105,FALSE,FALSE,1589.771094
22,68,DEC,NL1,DE,NL,Western,Western,FALSE,TRUE,0.09,0.007119,0.013059,FALSE,FALSE,405.872959
22,69,DEC,NL2,DE,NL,Western,Western,FALSE,TRUE,0.09,0.007941,0.018961,FALSE,FALSE,329.198688
22,70,DEC,NL3,DE,NL,Western,Western,FALSE,TRUE,0.09,0.008498,0.016713,FALSE,FALSE,312.176521
22,71,DEC,NL4,DE,NL,Western,Western,FALSE,TRUE,0.09,0.007627,0.018427,FALSE,FALSE,234.294925
22,72,DEC,PL2,DE,PL,Western,CEE,FALSE,FALSE,0.16,0.016058,0.129193,FALSE,FALSE,924.444629
22,73,DEC,PL4,DE,PL,Western,CEE,FALSE,FALSE,0.16,0.01716,0.139188,FALSE,FALSE,736.290815
22,74,DEC,PL5,DE,PL,Western,CEE,FALSE,FALSE,0.16,0.015393,0.024165,FALSE,FALSE,726.783364
22,75,DEC,PL6,DE,PL,Western,CEE,FALSE,FALSE,0.35,0.051090000000000003,0.111263,FALSE,FALSE,961.930168
22,76,DEC,PL7,DE,PL,Western,CEE,FALSE,FALSE,0.1,0.011706,0.017785,FALSE,FALSE,913.465741
22,77,DEC,PL8,DE,PL,Western,CEE,FALSE,FALSE,0.26,0.028643,0.072371,FALSE,FALSE,1144.458807
22,78,DEC,PL9,DE,PL,Western,CEE,FALSE,FALSE,0.06,0.004875,0.043011,FALSE,FALSE,1053.632253
22,79,DEC,PT1,DE,PT,Western,Southern,FALSE,FALSE,0.14,0.013225,0.020018,FALSE,FALSE,1636.004258
22,80,DEC,PT2,DE,PT,Western,Southern,FALSE,FALSE,0.06,0.005783,0.012983,FALSE,FALSE,2865.69074
22,81,DEC,PT3,DE,PT,Western,Southern,FALSE,FALSE,0.05,0.00351,0.009904,FALSE,FALSE,2682.631943
22,82,DEC,RO1,DE,RO,Western,CEE,FALSE,FALSE,0.03,0.001615,0.057975,FALSE,FALSE,1287.535332
22,83,DEC,RO2,DE,RO,Western,CEE,FALSE,FALSE,0.06,0.005212,0.023977,FALSE,FALSE,1560.661032
22,84,DEC,RO3,DE,RO,Western,CEE,FALSE,FALSE,0.1,0.008479,0.035523,FALSE,FALSE,1552.797344
22,85,DEC,RO4,DE,RO,Western,CEE,FALSE,FALSE,0.04,0.003501,0.032133,FALSE,FALSE,1273.162216
22,86,DEC,SE1,DE,SE,Western,Northern,FALSE,FALSE,0.25,0.035626,0.077028,FALSE,FALSE,1248.846603
22,87,DEC,SE2,DE,SE,Western,Northern,FALSE,FALSE,0.22,0.024456,0.114448,FALSE,FALSE,1001.099549
22,88,DEC,SE3,DE,SE,Western,Northern,FALSE,FALSE,0.16,0.015521,0.076487,FALSE,FALSE,1714.340086
22,89,DEC,SI0,DE,SI,Western,CEE,FALSE,FALSE,0.08,0.007413,0.016057,FALSE,FALSE,672.450225
22,90,DEC,SK0,DE,SK,Western,CEE,FALSE,FALSE,0.09,0.007416,0.012112,FALSE,FALSE,868.609693
23,1,DED,AT1,DE,AT,Western,Western,FALSE,TRUE,0.12,0.010268,0.019645,FALSE,FALSE,378.4763
23,2,DED,AT2,DE,AT,Western,Western,FALSE,TRUE,0.14,0.016696,0.0274,FALSE,FALSE,440.279948
23,3,DED,AT3,DE,AT,Western,Western,FALSE,TRUE,0.12,0.014483,0.023528,FALSE,FALSE,355.552819
23,4,DED,BE1,DE,BE,Western,Western,FALSE,TRUE,0.2,0.029224,0.031644,FALSE,FALSE,640.209702
23,5,DED,BE2,DE,BE,Western,Western,FALSE,TRUE,0.11,0.009717,0.020168,FALSE,FALSE,651.588012
23,6,DED,BE3,DE,BE,Western,Western,FALSE,TRUE,0.12,0.012991,0.02165,FALSE,FALSE,592.482652
23,7,DED,BG3,DE,BG,Western,CEE,FALSE,FALSE,0.08,0.006424,0.013886,FALSE,FALSE,1216.46746
23,8,DED,BG4,DE,BG,Western,CEE,FALSE,FALSE,0.09,0.004558,0.018629,FALSE,FALSE,1284.924066
23,9,DED,CY0,DE,CY,Western,Southern,FALSE,FALSE,0.1,0.005571,0.013841,FALSE,FALSE,2352.730241
23,10,DED,CZ0,DE,CZ,Western,CEE,FALSE,FALSE,0.08,0.00564,0.024233,TRUE,TRUE,203.2082
23,11,DED,DE1,DE,DE,Western,Western,TRUE,TRUE,0.15,0.038279,0.046199,FALSE,FALSE,402.672843
23,12,DED,DE2,DE,DE,Western,Western,TRUE,TRUE,0.2,0.043143,0.045166,TRUE,TRUE,246.357949
23,13,DED,DE3,DE,DE,Western,Western,TRUE,TRUE,0.17,0.034655,0.035586,FALSE,TRUE,179.527827
23,14,DED,DE4,DE,DE,Western,Western,TRUE,TRUE,0.09,0.016723,0.024957,TRUE,TRUE,183.271954
23,15,DED,DE5,DE,DE,Western,Western,TRUE,TRUE,0.18,0.016817,0.025456,FALSE,FALSE,403.204344
23,16,DED,DE6,DE,DE,Western,Western,TRUE,TRUE,0.13,0.015171,0.02496,FALSE,FALSE,381.984894
23,17,DED,DE7,DE,DE,Western,Western,TRUE,TRUE,0.08,0.004588,0.015318,FALSE,FALSE,312.9146
23,18,DED,DE8,DE,DE,Western,Western,TRUE,TRUE,0.18,0.019195,0.027171,FALSE,FALSE,339.991701
23,19,DED,DE9,DE,DE,Western,Western,TRUE,TRUE,0.14,0.019403,0.039662,FALSE,FALSE,372.379879
23,20,DED,DEA,DE,DE,Western,Western,TRUE,TRUE,0.14,0.036032,0.042506,FALSE,FALSE,416.640915
23,21,DED,DEB,DE,DE,Western,Western,TRUE,TRUE,0.18,0.03181,0.037316,FALSE,FALSE,452.250319
23,22,DED,DEC,DE,DE,Western,Western,TRUE,TRUE,0.13,0.013892,0.030255,FALSE,FALSE,494.733961
23,24,DED,DEE,DE,DE,Western,Western,TRUE,TRUE,0.18,0.036602,0.038952,TRUE,TRUE,173.596417
23,25,DED,DEF,DE,DE,Western,Western,TRUE,TRUE,0.16,0.013378,0.027888,FALSE,FALSE,431.989186
23,26,DED,DEG,DE,DE,Western,Western,TRUE,TRUE,0.16,0.019787,0.036501,TRUE,TRUE,155.276329
23,27,DED,DK0,DE,DK,Western,Northern,FALSE,FALSE,0.11,0.009702,0.017291,FALSE,FALSE,654.68472
23,28,DED,EE0,DE,EE,Western,Baltics,FALSE,FALSE,0.08,0.003692,0.011423,FALSE,FALSE,1165.070373
23,29,DED,EL3,DE,EL,Western,Southern,FALSE,FALSE,0.06,0.003141,0.040021,FALSE,FALSE,1631.956225
23,30,DED,EL4,DE,EL,Western,Southern,FALSE,FALSE,0.06,0.003468,0.03449,FALSE,FALSE,1955.571024
23,31,DED,EL5,DE,EL,Western,Southern,FALSE,FALSE,0.1,0.006298,0.041304,FALSE,FALSE,1311.250162
23,32,DED,EL6,DE,EL,Western,Southern,FALSE,FALSE,0.04,0.00204,0.039758,FALSE,FALSE,1465.049245
23,33,DED,ES1,DE,ES,Western,Southern,FALSE,FALSE,0.1,0.006433,0.019736,FALSE,FALSE,1612.25697
23,34,DED,ES2,DE,ES,Western,Southern,FALSE,FALSE,0.06,0.004301,0.017964,FALSE,FALSE,1477.83942
23,35,DED,ES3,DE,ES,Western,Southern,FALSE,FALSE,0.08,0.00547,0.020224,FALSE,FALSE,1759.065143
23,36,DED,ES4,DE,ES,Western,Southern,FALSE,FALSE,0.07,0.004487,0.01918,FALSE,FALSE,1886.924711
23,37,DED,ES5,DE,ES,Western,Southern,FALSE,FALSE,0.08,0.010728,0.025171,FALSE,FALSE,1496.510445
23,38,DED,ES6,DE,ES,Western,Southern,FALSE,FALSE,0.14,0.010488,0.028376,FALSE,FALSE,2010.819556
23,39,DED,ES7,DE,ES,Western,Southern,FALSE,FALSE,0.16,0.016992,0.022988,FALSE,FALSE,3518.677492
23,40,DED,FI1,DE,FI,Western,Northern,FALSE,FALSE,0.17,0.028477,0.03539,FALSE,FALSE,1738.054035
23,41,DED,FI2,DE,FI,Western,Northern,FALSE,FALSE,0.1,0.007204,0.012755,FALSE,FALSE,1111.169001
23,42,DED,FR1,DE,FR,Western,Western,FALSE,TRUE,0.09,0.009722,0.020949,FALSE,FALSE,822.970769
23,43,DED,FRB,DE,FR,Western,Western,FALSE,TRUE,0.11,0.006622,0.028282,FALSE,FALSE,936.142087
23,44,DED,FRC,DE,FR,Western,Western,FALSE,TRUE,0.22,0.020346,0.031069,FALSE,FALSE,737.505423
23,45,DED,FRD,DE,FR,Western,Western,FALSE,TRUE,0.09,0.007614,0.020278,FALSE,FALSE,984.284589
23,46,DED,FRE,DE,FR,Western,Western,FALSE,TRUE,0.14,0.015779,0.027536,FALSE,FALSE,755.551382
23,47,DED,FRF,DE,FR,Western,Western,FALSE,TRUE,0.14,0.013338,0.028198,FALSE,FALSE,599.88428
23,48,DED,FRG,DE,FR,Western,Western,FALSE,TRUE,0.15,0.019621,0.030463,FALSE,FALSE,1126.773038
23,49,DED,FRH,DE,FR,Western,Western,FALSE,TRUE,0.14,0.020383,0.028271,FALSE,FALSE,1211.390267
23,50,DED,FRI,DE,FR,Western,Western,FALSE,TRUE,0.11,0.010487,0.023901,FALSE,FALSE,1166.179153
23,51,DED,FRJ,DE,FR,Western,Western,FALSE,TRUE,0.12,0.009775,0.018841,FALSE,FALSE,1166.508167
23,52,DED,FRK,DE,FR,Western,Western,FALSE,TRUE,0.14,0.009251,0.020369,FALSE,FALSE,887.74051
23,53,DED,FRL,DE,FR,Western,Western,FALSE,TRUE,0.11,0.00842,0.015529,FALSE,FALSE,939.39258
23,54,DED,FRM,DE,FR,Western,Western,FALSE,TRUE,0.08,0.009484,0.02037,FALSE,FALSE,1034.222383
23,55,DED,HU1,DE,HU,Western,CEE,FALSE,FALSE,0.08,0.005874,0.03604,FALSE,FALSE,572.419789
23,56,DED,HU2,DE,HU,Western,CEE,FALSE,FALSE,0.12,0.010522,0.026484,FALSE,FALSE,542.084145
23,57,DED,HU3,DE,HU,Western,CEE,FALSE,FALSE,0.05,0.003708,0.051296,FALSE,FALSE,680.671619
23,58,DED,IE0,DE,IE,Western,Western,FALSE,TRUE,0.23,0.01925,0.021592,FALSE,FALSE,1475.804663
23,59,DED,ITC,DE,IT,Western,Southern,FALSE,FALSE,0.11,0.011139,0.024933,FALSE,FALSE,719.804959
23,60,DED,ITF,DE,IT,Western,Southern,FALSE,FALSE,0.08,0.008966,0.021047,FALSE,FALSE,1182.557923
23,61,DED,ITG,DE,IT,Western,Southern,FALSE,FALSE,0.1,0.008778,0.018219,FALSE,FALSE,1476.284556
23,62,DED,ITH,DE,IT,Western,Southern,FALSE,FALSE,0.12,0.007569,0.015894,FALSE,FALSE,622.820796
23,63,DED,ITI,DE,IT,Western,Southern,FALSE,FALSE,0.11,0.007793,0.018158,FALSE,FALSE,897.027266
23,64,DED,LT0,DE,LT,Western,Baltics,FALSE,FALSE,0.05,0.004227,0.020787,FALSE,FALSE,835.864603
23,65,DED,LU0,DE,LU,Western,Western,FALSE,TRUE,0.1,0.005989,0.013626,FALSE,FALSE,538.115597
23,66,DED,LV0,DE,LV,Western,Baltics,FALSE,FALSE,0.07,0.005329,0.017251,FALSE,FALSE,1044.97406
23,67,DED,MT0,DE,MT,Western,Southern,FALSE,FALSE,0.11,0.006128,0.021761,FALSE,FALSE,1647.466187
23,68,DED,NL1,DE,NL,Western,Western,FALSE,TRUE,0.09,0.005326,0.013023,FALSE,FALSE,550.915045
23,69,DED,NL2,DE,NL,Western,Western,FALSE,TRUE,0.14,0.011451,0.023686,FALSE,FALSE,526.364703
23,70,DED,NL3,DE,NL,Western,Western,FALSE,TRUE,0.1,0.0118,0.021196,FALSE,FALSE,678.750326
23,71,DED,NL4,DE,NL,Western,Western,FALSE,TRUE,0.07,0.00475,0.014868,FALSE,FALSE,546.906573
23,72,DED,PL2,DE,PL,Western,CEE,FALSE,FALSE,0.05,0.002829,0.063832,FALSE,FALSE,454.377692
23,73,DED,PL4,DE,PL,Western,CEE,FALSE,FALSE,0.05,0.001985,0.066458,TRUE,FALSE,278.910906
23,74,DED,PL5,DE,PL,Western,CEE,FALSE,FALSE,0.07,0.0036,0.014119,TRUE,TRUE,238.536042
23,75,DED,PL6,DE,PL,Western,CEE,FALSE,FALSE,0.07,0.003885,0.051866,FALSE,FALSE,486.284477
23,76,DED,PL7,DE,PL,Western,CEE,FALSE,FALSE,0.09,0.00568,0.015214,FALSE,FALSE,421.299356
23,77,DED,PL8,DE,PL,Western,CEE,FALSE,FALSE,0.09,0.006943,0.043548,FALSE,FALSE,651.288004
23,78,DED,PL9,DE,PL,Western,CEE,FALSE,FALSE,0.07,0.004446,0.024229,FALSE,FALSE,559.152935
23,79,DED,PT1,DE,PT,Western,Southern,FALSE,FALSE,0.1,0.005386,0.016412,FALSE,FALSE,2120.067267
23,80,DED,PT2,DE,PT,Western,Southern,FALSE,FALSE,0.08,0.0054729999999999996,0.01519,FALSE,FALSE,3355.261702
23,81,DED,PT3,DE,PT,Western,Southern,FALSE,FALSE,0.12,0.012512,0.017954,FALSE,FALSE,3169.442415
23,82,DED,RO1,DE,RO,Western,CEE,FALSE,FALSE,0.02,0.001114,0.045674,FALSE,FALSE,888.688816
23,83,DED,RO2,DE,RO,Western,CEE,FALSE,FALSE,0.03,0.001362,0.020446,FALSE,FALSE,1150.83567
23,84,DED,RO3,DE,RO,Western,CEE,FALSE,FALSE,0.04,0.003002,0.026851,FALSE,FALSE,1187.993103
23,85,DED,RO4,DE,RO,Western,CEE,FALSE,FALSE,0.05,0.002021,0.026213,FALSE,FALSE,932.838259
23,86,DED,SE1,DE,SE,Western,Northern,FALSE,FALSE,0.1,0.006041,0.04525,FALSE,FALSE,938.496125
23,87,DED,SE2,DE,SE,Western,Northern,FALSE,FALSE,0.11,0.009061,0.07714,FALSE,FALSE,706.69228
23,88,DED,SE3,DE,SE,Western,Northern,FALSE,FALSE,0.11,0.008757,0.052808,FALSE,FALSE,1456.117955
23,89,DED,SI0,DE,SI,Western,CEE,FALSE,FALSE,0.14,0.014641,0.023032,FALSE,FALSE,533.551858
23,90,DED,SK0,DE,SK,Western,CEE,FALSE,FALSE,0.07,0.003853,0.009853,FALSE,FALSE,458.252164
24,1,DEE,AT1,DE,AT,Western,Western,FALSE,TRUE,0.06,0.005524,0.017193,FALSE,FALSE,546.774088
24,2,DEE,AT2,DE,AT,Western,Western,FALSE,TRUE,0.17,0.03864,0.039796,FALSE,FALSE,597.055328
24,3,DEE,AT3,DE,AT,Western,Western,FALSE,TRUE,0.08,0.008901,0.020039,FALSE,FALSE,491.370396
24,4,DEE,BE1,DE,BE,Western,Western,FALSE,TRUE,0.09,0.01454,0.022903,FALSE,FALSE,523.699806
24,5,DEE,BE2,DE,BE,Western,Western,FALSE,TRUE,0.13,0.015663,0.024124,FALSE,FALSE,530.087311
24,6,DEE,BE3,DE,BE,Western,Western,FALSE,TRUE,0.07,0.006266,0.018487,FALSE,FALSE,497.544253
24,7,DEE,BG3,DE,BG,Western,CEE,FALSE,FALSE,0.04,0.004242,0.011363,FALSE,FALSE,1389.308822
24,8,DEE,BG4,DE,BG,Western,CEE,FALSE,FALSE,0.1,0.008303,0.018112,FALSE,FALSE,1458.508453
24,9,DEE,CY0,DE,CY,Western,Southern,FALSE,FALSE,0.11,0.008699,0.015781,FALSE,FALSE,2525.699945
24,10,DEE,CZ0,DE,CZ,Western,CEE,FALSE,FALSE,0.09,0.008559,0.026958,FALSE,FALSE,376.205139
24,11,DEE,DE1,DE,DE,Western,Western,TRUE,TRUE,0.16,0.025757,0.035666,FALSE,FALSE,413.629479
24,12,DEE,DE2,DE,DE,Western,Western,TRUE,TRUE,0.15,0.026644,0.031815,FALSE,FALSE,346.824866
24,13,DEE,DE3,DE,DE,Western,Western,TRUE,TRUE,0.13,0.013496,0.020343,FALSE,TRUE,130.613625
24,14,DEE,DE4,DE,DE,Western,Western,TRUE,TRUE,0.14,0.014351,0.026593,TRUE,TRUE,86.548003
24,15,DEE,DE5,DE,DE,Western,Western,TRUE,TRUE,0.16,0.033229,0.036125,FALSE,FALSE,231.003088
24,16,DEE,DE6,DE,DE,Western,Western,TRUE,TRUE,0.08,0.008131,0.016383000000000002,FALSE,TRUE,211.650647
24,17,DEE,DE7,DE,DE,Western,Western,TRUE,TRUE,0.14,0.016097,0.022731,FALSE,FALSE,241.062791
24,18,DEE,DE8,DE,DE,Western,Western,TRUE,TRUE,0.08,0.006487,0.018184,FALSE,TRUE,217.435074
24,19,DEE,DE9,DE,DE,Western,Western,TRUE,TRUE,0.13,0.023961,0.02749,TRUE,TRUE,206.652356
24,20,DEE,DEA,DE,DE,Western,Western,TRUE,TRUE,0.09,0.011823,0.024892,FALSE,FALSE,291.343192
24,21,DEE,DEB,DE,DE,Western,Western,TRUE,TRUE,0.18,0.020668,0.026672,FALSE,FALSE,383.672305
24,22,DEE,DEC,DE,DE,Western,Western,TRUE,TRUE,0.11,0.017219,0.034932,FALSE,FALSE,441.848164
24,23,DEE,DED,DE,DE,Western,Western,TRUE,TRUE,0.15,0.018511,0.02751,TRUE,TRUE,173.596417
24,25,DEE,DEF,DE,DE,Western,Western,TRUE,TRUE,0.14,0.018161,0.028258,FALSE,FALSE,265.078754
24,26,DEE,DEG,DE,DE,Western,Western,TRUE,TRUE,0.14,0.015844,0.029954,TRUE,TRUE,124.982812
24,27,DEE,DK0,DE,DK,Western,Northern,FALSE,FALSE,0.18,0.026214,0.033233,FALSE,FALSE,497.384907
24,28,DEE,EE0,DE,EE,Western,Baltics,FALSE,FALSE,0.11,0.013264,0.017933,FALSE,FALSE,1152.105063
24,29,DEE,EL3,DE,EL,Western,Southern,FALSE,FALSE,0.05,0.003533,0.038295,FALSE,FALSE,1801.999033
24,30,DEE,EL4,DE,EL,Western,Southern,FALSE,FALSE,0.03,0.001769,0.032526,FALSE,FALSE,2124.672357
24,31,DEE,EL5,DE,EL,Western,Southern,FALSE,FALSE,0.04,0.002767,0.039498,FALSE,FALSE,1481.181538
24,32,DEE,EL6,DE,EL,Western,Southern,FALSE,FALSE,0.05,0.00471,0.040642,FALSE,FALSE,1633.752107
24,33,DEE,ES1,DE,ES,Western,Southern,FALSE,FALSE,0.06,0.003807,0.015437,FALSE,FALSE,1559.554509
24,34,DEE,ES2,DE,ES,Western,Southern,FALSE,FALSE,0.06,0.005858,0.016752,FALSE,FALSE,1464.793237
24,35,DEE,ES3,DE,ES,Western,Southern,FALSE,FALSE,0.08,0.00753,0.017,FALSE,FALSE,1733.201852
24,36,DEE,ES4,DE,ES,Western,Southern,FALSE,FALSE,0.03,0.001714,0.017306,FALSE,FALSE,1852.000466
24,37,DEE,ES5,DE,ES,Western,Southern,FALSE,FALSE,0.06,0.005644,0.021444,FALSE,FALSE,1529.457333
24,38,DEE,ES6,DE,ES,Western,Southern,FALSE,FALSE,0.11,0.011368,0.024176,FALSE,FALSE,2003.571278
24,39,DEE,ES7,DE,ES,Western,Southern,FALSE,FALSE,0.11,0.010679,0.018687,FALSE,FALSE,3486.39808
24,40,DEE,FI1,DE,FI,Western,Northern,FALSE,FALSE,0.13,0.023619,0.028451,FALSE,FALSE,1680.84542
24,41,DEE,FI2,DE,FI,Western,Northern,FALSE,FALSE,0.06,0.005155,0.01247,FALSE,FALSE,1046.071751
24,42,DEE,FR1,DE,FR,Western,Western,FALSE,TRUE,0.1,0.009943,0.018581,FALSE,FALSE,745.124971
24,43,DEE,FRB,DE,FR,Western,Western,FALSE,TRUE,0.13,0.011355,0.025895,FALSE,FALSE,870.379745
24,44,DEE,FRC,DE,FR,Western,Western,FALSE,TRUE,0.11,0.021004,0.02885,FALSE,FALSE,710.124723
24,45,DEE,FRD,DE,FR,Western,Western,FALSE,TRUE,0.03,0.001917,0.015725,FALSE,FALSE,887.355667
24,46,DEE,FRE,DE,FR,Western,Western,FALSE,TRUE,0.11,0.013448,0.024883,FALSE,FALSE,654.52795
24,47,DEE,FRF,DE,FR,Western,Western,FALSE,TRUE,0.07,0.006088,0.018308,FALSE,FALSE,549.291656
24,48,DEE,FRG,DE,FR,Western,Western,FALSE,TRUE,0.1,0.008363,0.020786,FALSE,FALSE,1048.66301
24,49,DEE,FRH,DE,FR,Western,Western,FALSE,TRUE,0.09,0.007753,0.02362,FALSE,FALSE,1115.957364
24,50,DEE,FRI,DE,FR,Western,Western,FALSE,TRUE,0.1,0.012824,0.028546,FALSE,FALSE,1129.728034
24,51,DEE,FRJ,DE,FR,Western,Western,FALSE,TRUE,0.1,0.009669,0.019427,FALSE,FALSE,1161.830169
24,52,DEE,FRK,DE,FR,Western,Western,FALSE,TRUE,0.05,0.003928,0.015489,FALSE,FALSE,886.832445
24,53,DEE,FRL,DE,FR,Western,Western,FALSE,TRUE,0.11,0.011278,0.020456,FALSE,FALSE,970.916224
24,54,DEE,FRM,DE,FR,Western,Western,FALSE,TRUE,0.04,0.002755,0.013337,FALSE,FALSE,1116.166644
24,55,DEE,HU1,DE,HU,Western,CEE,FALSE,FALSE,0.08,0.007897,0.038654,FALSE,FALSE,745.508184
24,56,DEE,HU2,DE,HU,Western,CEE,FALSE,FALSE,0.04,0.004491,0.02292,FALSE,FALSE,713.773442
24,57,DEE,HU3,DE,HU,Western,CEE,FALSE,FALSE,0.09,0.009052,0.052446,FALSE,FALSE,852.085282
24,58,DEE,IE0,DE,IE,Western,Western,FALSE,TRUE,0.13,0.01497,0.018774,FALSE,FALSE,1320.92325
24,59,DEE,ITC,DE,IT,Western,Southern,FALSE,FALSE,0.09,0.009715,0.017717,FALSE,FALSE,781.751963
24,60,DEE,ITF,DE,IT,Western,Southern,FALSE,FALSE,0.14,0.014773,0.022147,FALSE,FALSE,1328.005045
24,61,DEE,ITG,DE,IT,Western,Southern,FALSE,FALSE,0.1,0.007794,0.016397,FALSE,FALSE,1605.539524
24,62,DEE,ITH,DE,IT,Western,Southern,FALSE,FALSE,0.07,0.00565,0.014979,FALSE,FALSE,726.874653
24,63,DEE,ITI,DE,IT,Western,Southern,FALSE,FALSE,0.15,0.015317,0.02169,FALSE,FALSE,1013.278273
24,64,DEE,LT0,DE,LT,Western,Baltics,FALSE,FALSE,0.08,0.005573,0.022746,FALSE,FALSE,870.39465
24,65,DEE,LU0,DE,LU,Western,Western,FALSE,TRUE,0.13,0.013142,0.020735,FALSE,FALSE,460.679165
24,66,DEE,LV0,DE,LV,Western,Baltics,FALSE,FALSE,0.04,0.002338,0.014439,FALSE,FALSE,1064.965901
24,67,DEE,MT0,DE,MT,Western,Southern,FALSE,FALSE,0.07,0.00911,0.021676,FALSE,FALSE,1778.402715
24,68,DEE,NL1,DE,NL,Western,Western,FALSE,TRUE,0.06,0.005269,0.012994,FALSE,FALSE,388.339962
24,69,DEE,NL2,DE,NL,Western,Western,FALSE,TRUE,0.09,0.010669,0.020751,FALSE,FALSE,376.098994
24,70,DEE,NL3,DE,NL,Western,Western,FALSE,TRUE,0.2,0.040854,0.040227,FALSE,FALSE,550.644987
24,71,DEE,NL4,DE,NL,Western,Western,FALSE,TRUE,0.12,0.036366,0.039932,FALSE,FALSE,421.423307
24,72,DEE,PL2,DE,PL,Western,CEE,FALSE,FALSE,0.1,0.005691,0.074273,FALSE,FALSE,603.293465
24,73,DEE,PL4,DE,PL,Western,CEE,FALSE,FALSE,0.05,0.003376,0.076993,FALSE,FALSE,302.80399
24,74,DEE,PL5,DE,PL,Western,CEE,FALSE,FALSE,0.03,0.004588,0.014973,FALSE,FALSE,380.107074
24,75,DEE,PL6,DE,PL,Western,CEE,FALSE,FALSE,0.07,0.006196,0.064612,FALSE,FALSE,530.371717
24,76,DEE,PL7,DE,PL,Western,CEE,FALSE,FALSE,0.18,0.019103,0.02698,FALSE,FALSE,542.315311
24,77,DEE,PL8,DE,PL,Western,CEE,FALSE,FALSE,0.09,0.009047,0.056273,FALSE,FALSE,761.376855
24,78,DEE,PL9,DE,PL,Western,CEE,FALSE,FALSE,0.08,0.007521,0.030163,FALSE,FALSE,652.049024
24,79,DEE,PT1,DE,PT,Western,Southern,FALSE,FALSE,0.11,0.011262,0.019391,FALSE,FALSE,2075.422584
24,80,DEE,PT2,DE,PT,Western,Southern,FALSE,FALSE,0.12,0.009804,0.016659,FALSE,FALSE,3258.067122
24,81,DEE,PT3,DE,PT,Western,Southern,FALSE,FALSE,0.07,0.007905,0.013615,FALSE,FALSE,3119.597556
24,82,DEE,RO1,DE,RO,Western,CEE,FALSE,FALSE,0.02,0.001435,0.050298,FALSE,FALSE,1055.542636
24,83,DEE,RO2,DE,RO,Western,CEE,FALSE,FALSE,0.03,0.002169,0.020551,FALSE,FALSE,1313.488961
24,84,DEE,RO3,DE,RO,Western,CEE,FALSE,FALSE,0,0,0.028496,FALSE,FALSE,1358.088309
24,85,DEE,RO4,DE,RO,Western,CEE,FALSE,FALSE,0.07,0.005378,0.032007,FALSE,FALSE,1105.733388
24,86,DEE,SE1,DE,SE,Western,Northern,FALSE,FALSE,0.17,0.015494,0.052661,FALSE,FALSE,852.269689
24,87,DEE,SE2,DE,SE,Western,Northern,FALSE,FALSE,0.13,0.013121,0.09498,FALSE,FALSE,607.873769
24,88,DEE,SE3,DE,SE,Western,Northern,FALSE,FALSE,0.16,0.017568,0.068705,FALSE,FALSE,1353.882712
24,89,DEE,SI0,DE,SI,Western,CEE,FALSE,FALSE,0.08,0.007344,0.017119,FALSE,FALSE,681.608519
24,90,DEE,SK0,DE,SK,Western,CEE,FALSE,FALSE,0.03,0.002345,0.008571,FALSE,FALSE,628.232781
25,1,DEF,AT1,DE,AT,Western,Western,FALSE,TRUE,0.05,0.004206,0.017139,FALSE,FALSE,809.781699
25,2,DEF,AT2,DE,AT,Western,Western,FALSE,TRUE,0.12,0.024858,0.037512,FALSE,FALSE,862.100767
25,3,DEF,AT3,DE,AT,Western,Western,FALSE,TRUE,0.11,0.00853,0.023412,FALSE,FALSE,753.160687
25,4,DEF,BE1,DE,BE,Western,Western,FALSE,TRUE,0.08,0.008172,0.021229,FALSE,FALSE,522.320354
25,5,DEF,BE2,DE,BE,Western,Western,FALSE,TRUE,0.12,0.019348,0.0259,FALSE,FALSE,516.189732
25,6,DEF,BE3,DE,BE,Western,Western,FALSE,TRUE,0.06,0.006918,0.024271,FALSE,FALSE,544.503673
25,7,DEF,BG3,DE,BG,Western,CEE,FALSE,FALSE,0.02,0.001476,0.010221,FALSE,FALSE,1632.577554
25,8,DEF,BG4,DE,BG,Western,CEE,FALSE,FALSE,0.07,0.004291,0.014416,FALSE,FALSE,1710.201938
25,9,DEF,CY0,DE,CY,Western,Southern,FALSE,FALSE,0.09,0.008841,0.017202,FALSE,FALSE,2767.875107
25,10,DEF,CZ0,DE,CZ,Western,CEE,FALSE,FALSE,0.04,0.00373,0.020698,FALSE,FALSE,627.712564
25,11,DEF,DE1,DE,DE,Western,Western,TRUE,TRUE,0.09,0.013535,0.032836,FALSE,FALSE,609.188684
25,12,DEF,DE2,DE,DE,Western,Western,TRUE,TRUE,0.08,0.020281,0.034934,FALSE,FALSE,601.51621
25,13,DEF,DE3,DE,DE,Western,Western,TRUE,TRUE,0.09,0.007681,0.018191,FALSE,FALSE,293.009723
25,14,DEF,DE4,DE,DE,Western,Western,TRUE,TRUE,0.17,0.072212,0.064222,FALSE,TRUE,260.036241
25,15,DEF,DE5,DE,DE,Western,Western,TRUE,TRUE,0.09,0.015188,0.023832,FALSE,TRUE,132.96658
25,16,DEF,DE6,DE,DE,Western,Western,TRUE,TRUE,0.1,0.011753,0.018907,TRUE,TRUE,58.046508
25,17,DEF,DE7,DE,DE,Western,Western,TRUE,TRUE,0.13,0.011877,0.021112,FALSE,FALSE,398.722297
25,18,DEF,DE8,DE,DE,Western,Western,TRUE,TRUE,0.13,0.060606,0.061255,TRUE,TRUE,167.705845
25,19,DEF,DE9,DE,DE,Western,Western,TRUE,TRUE,0.1,0.01905,0.031268,TRUE,TRUE,184.580666
25,20,DEF,DEA,DE,DE,Western,Western,TRUE,TRUE,0.1,0.006681,0.018929,FALSE,FALSE,339.764115
25,21,DEF,DEB,DE,DE,Western,Western,TRUE,TRUE,0.16,0.043995,0.046434,FALSE,FALSE,498.269468
25,22,DEF,DEC,DE,DE,Western,Western,TRUE,TRUE,0.13,0.013882,0.030158,FALSE,FALSE,564.873622
25,23,DEF,DED,DE,DE,Western,Western,TRUE,TRUE,0.05,0.006391,0.036688,FALSE,FALSE,431.989186
25,24,DEF,DEE,DE,DE,Western,Western,TRUE,TRUE,0.06,0.004446,0.020447,FALSE,TRUE,265.078754
25,26,DEF,DEG,DE,DE,Western,Western,TRUE,TRUE,0.12,0.035035,0.043654,FALSE,FALSE,370.066793
25,27,DEF,DK0,DE,DK,Western,Northern,FALSE,FALSE,0.11,0.012151,0.020093,TRUE,TRUE,238.429861
25,28,DEF,EE0,DE,EE,Western,Baltics,FALSE,FALSE,0.04,0.001497,0.009837,FALSE,FALSE,1088.101432
25,29,DEF,EL3,DE,EL,Western,Southern,FALSE,FALSE,0.05,0.003932,0.045271,FALSE,FALSE,2063.943518
25,30,DEF,EL4,DE,EL,Western,Southern,FALSE,FALSE,0.04,0.002764,0.036728,FALSE,FALSE,2387.478936
25,31,DEF,EL5,DE,EL,Western,Southern,FALSE,FALSE,0.08,0.005947,0.045475,FALSE,FALSE,1743.238323
25,32,DEF,EL6,DE,EL,Western,Southern,FALSE,FALSE,0.02,0.001588,0.044031,FALSE,FALSE,1896.832529
25,33,DEF,ES1,DE,ES,Western,Southern,FALSE,FALSE,0.08,0.006885,0.020185,FALSE,FALSE,1608.241418
25,34,DEF,ES2,DE,ES,Western,Southern,FALSE,FALSE,0.06,0.004236,0.020845,FALSE,FALSE,1573.481917
25,35,DEF,ES3,DE,ES,Western,Southern,FALSE,FALSE,0.08,0.004966,0.015912,FALSE,FALSE,1818.834893
25,36,DEF,ES4,DE,ES,Western,Southern,FALSE,FALSE,0.09,0.009337,0.024551,FALSE,FALSE,1922.480367
25,37,DEF,ES5,DE,ES,Western,Southern,FALSE,FALSE,0.06,0.005337,0.021563,FALSE,FALSE,1694.22718
25,38,DEF,ES6,DE,ES,Western,Southern,FALSE,FALSE,0.06,0.005146,0.022519,FALSE,FALSE,2111.356329
25,39,DEF,ES7,DE,ES,Western,Southern,FALSE,FALSE,0.02,0.001294,0.012704,FALSE,FALSE,3547.2936
25,40,DEF,FI1,DE,FI,Western,Northern,FALSE,FALSE,0.08,0.011737,0.02203,FALSE,FALSE,1536.146935
25,41,DEF,FI2,DE,FI,Western,Northern,FALSE,FALSE,0.06,0.004999,0.012729,FALSE,FALSE,906.547742
25,42,DEF,FR1,DE,FR,Western,Western,FALSE,TRUE,0.1,0.011837,0.021295,FALSE,FALSE,789.438976
25,43,DEF,FRB,DE,FR,Western,Western,FALSE,TRUE,0.1,0.02203,0.033742,FALSE,FALSE,924.876882
25,44,DEF,FRC,DE,FR,Western,Western,FALSE,TRUE,0.12,0.013916,0.026065,FALSE,FALSE,832.240117
25,45,DEF,FRD,DE,FR,Western,Western,FALSE,TRUE,0.07,0.00582,0.019764,FALSE,FALSE,885.84015
25,46,DEF,FRE,DE,FR,Western,Western,FALSE,TRUE,0.12,0.017801,0.030151,FALSE,FALSE,666.032322
25,47,DEF,FRF,DE,FR,Western,Western,FALSE,TRUE,0.1,0.016239,0.026577,FALSE,FALSE,657.838076
25,48,DEF,FRG,DE,FR,Western,Western,FALSE,TRUE,0.15,0.031612,0.037054,FALSE,FALSE,1072.232174
25,49,DEF,FRH,DE,FR,Western,Western,FALSE,TRUE,0.13,0.03833,0.043,FALSE,FALSE,1104.9451
25,50,DEF,FRI,DE,FR,Western,Western,FALSE,TRUE,0.13,0.010897,0.028397,FALSE,FALSE,1215.572335
25,51,DEF,FRJ,DE,FR,Western,Western,FALSE,TRUE,0.11,0.028942,0.034286,FALSE,FALSE,1289.566708
25,52,DEF,FRK,DE,FR,Western,Western,FALSE,TRUE,0.09,0.012052,0.024925,FALSE,FALSE,1030.237704
25,53,DEF,FRL,DE,FR,Western,Western,FALSE,TRUE,0.1,0.027771,0.032917,FALSE,FALSE,1147.064578
25,54,DEF,FRM,DE,FR,Western,Western,FALSE,TRUE,0.11,0.010395,0.022817,FALSE,FALSE,1336.623923
25,55,DEF,HU1,DE,HU,Western,CEE,FALSE,FALSE,0.02,0.001806,0.02556,FALSE,FALSE,993.070401
25,56,DEF,HU2,DE,HU,Western,CEE,FALSE,FALSE,0.02,6.39e-4,0.015682,FALSE,FALSE,973.818481
25,57,DEF,HU3,DE,HU,Western,CEE,FALSE,FALSE,0.04,0.002654,0.034238,FALSE,FALSE,1092.201128
25,58,DEF,IE0,DE,IE,Western,Western,FALSE,TRUE,0.04,0.001815,0.009074,FALSE,FALSE,1164.296129
25,59,DEF,ITC,DE,IT,Western,Southern,FALSE,FALSE,0.11,0.020841,0.027092,FALSE,FALSE,993.392117
25,60,DEF,ITF,DE,IT,Western,Southern,FALSE,FALSE,0.09,0.010292,0.022785,FALSE,FALSE,1589.382819
25,61,DEF,ITG,DE,IT,Western,Southern,FALSE,FALSE,0.05,0.004106,0.01806,FALSE,FALSE,1857.816413
25,62,DEF,ITH,DE,IT,Western,Southern,FALSE,FALSE,0.12,0.010885,0.022711,FALSE,FALSE,970.570974
25,63,DEF,ITI,DE,IT,Western,Southern,FALSE,FALSE,0.09,0.010221,0.021956,FALSE,FALSE,1260.493249
25,64,DEF,LT0,DE,LT,Western,Baltics,FALSE,FALSE,0.02,5.64e-4,0.021061,FALSE,FALSE,894.929691
25,65,DEF,LU0,DE,LU,Western,Western,FALSE,TRUE,0.04,0.006353,0.016217,FALSE,FALSE,544.647277
25,66,DEF,LV0,DE,LV,Western,Baltics,FALSE,FALSE,0.08,0.004818,0.018332,FALSE,FALSE,1055.493543
25,67,DEF,MT0,DE,MT,Western,Southern,FALSE,FALSE,0.11,0.015846,0.025553,FALSE,FALSE,2031.292204
25,68,DEF,NL1,DE,NL,Western,Western,FALSE,TRUE,0.07,0.007371,0.015235,FALSE,FALSE,275.297174
25,69,DEF,NL2,DE,NL,Western,Western,FALSE,TRUE,0.14,0.032615,0.040085,FALSE,FALSE,319.359514
25,70,DEF,NL3,DE,NL,Western,Western,FALSE,TRUE,0.05,0.004211,0.018449,FALSE,FALSE,517.213613
25,71,DEF,NL4,DE,NL,Western,Western,FALSE,TRUE,0.12,0.025457,0.034082,FALSE,FALSE,422.183003
25,72,DEF,PL2,DE,PL,Western,CEE,FALSE,FALSE,0.07,0.005537,0.062038,FALSE,FALSE,808.010531
25,73,DEF,PL4,DE,PL,Western,CEE,FALSE,FALSE,0.05,0.003108,0.063929,FALSE,FALSE,417.040832
25,74,DEF,PL5,DE,PL,Western,CEE,FALSE,FALSE,0.04,0.004504,0.014685,FALSE,FALSE,592.662356
25,75,DEF,PL6,DE,PL,Western,CEE,FALSE,FALSE,0.03,0.001794,0.045891,FALSE,FALSE,607.361807
25,76,DEF,PL7,DE,PL,Western,CEE,FALSE,FALSE,0.05,0.002903,0.013365,FALSE,FALSE,715.004778
25,77,DEF,PL8,DE,PL,Western,CEE,FALSE,FALSE,0.04,0.003706,0.037182,FALSE,FALSE,902.746047
25,78,DEF,PL9,DE,PL,Western,CEE,FALSE,FALSE,0.01,0.00125,0.020351,FALSE,FALSE,778.160459
25,79,DEF,PT1,DE,PT,Western,Southern,FALSE,FALSE,0.04,0.002051,0.015982,FALSE,FALSE,2128.066035
25,80,DEF,PT2,DE,PT,Western,Southern,FALSE,FALSE,0.09,0.013499,0.019607,FALSE,FALSE,3212.032905
25,81,DEF,PT3,DE,PT,Western,Southern,FALSE,FALSE,0.02,0.001699,0.008532,FALSE,FALSE,3155.244791
25,82,DEF,RO1,DE,RO,Western,CEE,FALSE,FALSE,0,0,0.043134,FALSE,FALSE,1281.398592
25,83,DEF,RO2,DE,RO,Western,CEE,FALSE,FALSE,0.01,2.94e-4,0.017243,FALSE,FALSE,1527.180312
25,84,DEF,RO3,DE,RO,Western,CEE,FALSE,FALSE,0.02,0.001127,0.024234,FALSE,FALSE,1590.64613
25,85,DEF,RO4,DE,RO,Western,CEE,FALSE,FALSE,0.03,0.00178,0.024719,FALSE,FALSE,1350.27943
25,86,DEF,SE1,DE,SE,Western,Northern,FALSE,FALSE,0.03,0.002413,0.032053,FALSE,FALSE,689.4534
25,87,DEF,SE2,DE,SE,Western,Northern,FALSE,FALSE,0.09,0.006987,0.061743,FALSE,FALSE,444.604613
25,88,DEF,SE3,DE,SE,Western,Northern,FALSE,FALSE,0.09,0.007603,0.047278,FALSE,FALSE,1151.15014
25,89,DEF,SI0,DE,SI,Western,CEE,FALSE,FALSE,0.04,0.002999,0.019712,FALSE,FALSE,945.287772
25,90,DEF,SK0,DE,SK,Western,CEE,FALSE,FALSE,0.06,0.003808,0.010803,FALSE,FALSE,867.187261
26,1,DEG,AT1,DE,AT,Western,Western,FALSE,TRUE,0.08,0.005892,0.016879,FALSE,FALSE,472.968093
26,2,DEG,AT2,DE,AT,Western,Western,FALSE,TRUE,0.12,0.010577,0.02452,FALSE,FALSE,505.26657
26,3,DEG,AT3,DE,AT,Western,Western,FALSE,TRUE,0.12,0.009518,0.021261,FALSE,FALSE,386.016139
26,4,DEG,BE1,DE,BE,Western,Western,FALSE,TRUE,0.1,0.008348,0.019803,FALSE,FALSE,485.120982
26,5,DEG,BE2,DE,BE,Western,Western,FALSE,TRUE,0.09,0.01044,0.019053,FALSE,FALSE,496.911529
26,6,DEG,BE3,DE,BE,Western,Western,FALSE,TRUE,0.1,0.009606,0.022589,FALSE,FALSE,438.08975
26,7,DEG,BG3,DE,BG,Western,CEE,FALSE,FALSE,0.07,0.005297,0.012845,FALSE,FALSE,1341.441789
26,8,DEG,BG4,DE,BG,Western,CEE,FALSE,FALSE,0.02,0.001726,0.01521,FALSE,FALSE,1399.116219
26,9,DEG,CY0,DE,CY,Western,Southern,FALSE,FALSE,0.06,0.003704,0.012867,FALSE,FALSE,2475.024353
26,10,DEG,CZ0,DE,CZ,Western,CEE,FALSE,FALSE,0.06,0.004594,0.02191,FALSE,FALSE,339.560889
26,11,DEG,DE1,DE,DE,Western,Western,TRUE,TRUE,0.12,0.014992,0.032566,FALSE,FALSE,294.016791
26,12,DEG,DE2,DE,DE,Western,Western,TRUE,TRUE,0.26,0.066848,0.06058,TRUE,TRUE,231.464276
26,13,DEG,DE3,DE,DE,Western,Western,TRUE,TRUE,0.1,0.009545,0.021937,FALSE,TRUE,232.416836
26,14,DEG,DE4,DE,DE,Western,Western,TRUE,TRUE,0.14,0.008513,0.020001,FALSE,TRUE,200.602557
26,15,DEG,DE5,DE,DE,Western,Western,TRUE,TRUE,0.07,0.013667,0.021974,FALSE,FALSE,298.365158
26,16,DEG,DE6,DE,DE,Western,Western,TRUE,TRUE,0.09,0.011838,0.019538,FALSE,FALSE,312.687885
26,17,DEG,DE7,DE,DE,Western,Western,TRUE,TRUE,0.14,0.019679,0.026178,TRUE,TRUE,159.150149
26,18,DEG,DE8,DE,DE,Western,Western,TRUE,TRUE,0.19,0.03115,0.042996,FALSE,FALSE,342.415337
26,19,DEG,DE9,DE,DE,Western,Western,TRUE,TRUE,0.18,0.034752,0.041117,TRUE,TRUE,253.288616
26,20,DEG,DEA,DE,DE,Western,Western,TRUE,TRUE,0.22,0.043889,0.049314,FALSE,FALSE,264.722322
26,21,DEG,DEB,DE,DE,Western,Western,TRUE,TRUE,0.14,0.014751,0.026162,FALSE,FALSE,302.025229
26,22,DEG,DEC,DE,DE,Western,Western,TRUE,TRUE,0.23,0.025025,0.039716,FALSE,FALSE,350.51413
26,23,DEG,DED,DE,DE,Western,Western,TRUE,TRUE,0.15,0.02765,0.038428,TRUE,TRUE,155.276329
26,24,DEG,DEE,DE,DE,Western,Western,TRUE,TRUE,0.23,0.066463,0.06132,TRUE,TRUE,124.982812
26,25,DEG,DEF,DE,DE,Western,Western,TRUE,TRUE,0.11,0.011684,0.025243,FALSE,FALSE,370.066793
26,27,DEG,DK0,DE,DK,Western,Northern,FALSE,FALSE,0.12,0.010233,0.01851,FALSE,FALSE,607.832049
26,28,DEG,EE0,DE,EE,Western,Baltics,FALSE,FALSE,0.08,0.004689,0.013232,FALSE,FALSE,1261.955579
26,29,DEG,EL3,DE,EL,Western,Southern,FALSE,FALSE,0.05,0.003709,0.041098,FALSE,FALSE,1722.645726
26,30,DEG,EL4,DE,EL,Western,Southern,FALSE,FALSE,0.06,0.006157,0.035434,FALSE,FALSE,2042.399871
26,31,DEG,EL5,DE,EL,Western,Southern,FALSE,FALSE,0.05,0.002967,0.042608,FALSE,FALSE,1402.344645
26,32,DEG,EL6,DE,EL,Western,Southern,FALSE,FALSE,0.05,0.003933,0.04388,FALSE,FALSE,1551.509358
26,33,DEG,ES1,DE,ES,Western,Southern,FALSE,FALSE,0.1,0.009171,0.019821,FALSE,FALSE,1473.149576
26,34,DEG,ES2,DE,ES,Western,Southern,FALSE,FALSE,0.09,0.008284,0.023076,FALSE,FALSE,1359.008921
26,35,DEG,ES3,DE,ES,Western,Southern,FALSE,FALSE,0.11,0.008577,0.018256,FALSE,FALSE,1633.283999
26,36,DEG,ES4,DE,ES,Western,Southern,FALSE,FALSE,0.1,0.009299,0.023679,FALSE,FALSE,1756.501413
26,37,DEG,ES5,DE,ES,Western,Southern,FALSE,FALSE,0.15,0.018552,0.029058,FALSE,FALSE,1409.588361
26,38,DEG,ES6,DE,ES,Western,Southern,FALSE,FALSE,0.09,0.00608,0.025103,FALSE,FALSE,1896.175452
26,39,DEG,ES7,DE,ES,Western,Southern,FALSE,FALSE,0.08,0.005374,0.014957,FALSE,FALSE,3390.520693
26,40,DEG,FI1,DE,FI,Western,Northern,FALSE,FALSE,0.13,0.029753,0.032754,FALSE,FALSE,1802.633764
26,41,DEG,FI2,DE,FI,Western,Northern,FALSE,FALSE,0.09,0.006711,0.013529,FALSE,FALSE,1168.512521
26,42,DEG,FR1,DE,FR,Western,Western,FALSE,TRUE,0.14,0.021067,0.027791,FALSE,FALSE,673.021265
26,43,DEG,FRB,DE,FR,Western,Western,FALSE,TRUE,0.15,0.019956,0.034833,FALSE,FALSE,790.41761
26,44,DEG,FRC,DE,FR,Western,Western,FALSE,TRUE,0.1,0.008605,0.023612,FALSE,FALSE,607.930133
26,45,DEG,FRD,DE,FR,Western,Western,FALSE,TRUE,0.13,0.017621,0.023725,FALSE,FALSE,830.591313
26,46,DEG,FRE,DE,FR,Western,Western,FALSE,TRUE,0.05,0.003602,0.020964,FALSE,FALSE,600.910514
26,47,DEG,FRF,DE,FR,Western,Western,FALSE,TRUE,0.12,0.013006,0.024948,FALSE,FALSE,457.916696
26,48,DEG,FRG,DE,FR,Western,Western,FALSE,TRUE,0.06,0.004581,0.022997,FALSE,FALSE,977.620347
26,49,DEG,FRH,DE,FR,Western,Western,FALSE,TRUE,0.06,0.003847,0.014259,FALSE,FALSE,1058.262472
26,50,DEG,FRI,DE,FR,Western,Western,FALSE,TRUE,0.08,0.006273,0.019557,FALSE,FALSE,1033.769921
26,51,DEG,FRJ,DE,FR,Western,Western,FALSE,TRUE,0.11,0.007899,0.018928,FALSE,FALSE,1052.207277
26,52,DEG,FRK,DE,FR,Western,Western,FALSE,TRUE,0.1,0.017087,0.02511,FALSE,FALSE,774.949219
26,53,DEG,FRL,DE,FR,Western,Western,FALSE,TRUE,0.1,0.009334,0.018289,FALSE,FALSE,850.412491
26,54,DEG,FRM,DE,FR,Western,Western,FALSE,TRUE,0.09,0.009156,0.016952,FALSE,FALSE,991.292378
26,55,DEG,HU1,DE,HU,Western,CEE,FALSE,FALSE,0.05,0.003284,0.033409,FALSE,FALSE,699.623869
26,56,DEG,HU2,DE,HU,Western,CEE,FALSE,FALSE,0.1,0.008585,0.023112,FALSE,FALSE,645.691892
26,57,DEG,HU3,DE,HU,Western,CEE,FALSE,FALSE,0.07,0.004801,0.046668,FALSE,FALSE,813.982079
26,58,DEG,IE0,DE,IE,Western,Western,FALSE,TRUE,0.12,0.011748,0.016786,FALSE,FALSE,1329.900478
26,59,DEG,ITC,DE,IT,Western,Southern,FALSE,FALSE,0.11,0.009269,0.019001,FALSE,FALSE,656.964764
26,60,DEG,ITF,DE,IT,Western,Southern,FALSE,FALSE,0.07,0.006504,0.017706,FALSE,FALSE,1220.307561
26,61,DEG,ITG,DE,IT,Western,Southern,FALSE,FALSE,0.12,0.014069,0.02397,FALSE,FALSE,1488.960398
26,62,DEG,ITH,DE,IT,Western,Southern,FALSE,FALSE,0.14,0.01045,0.021068,FALSE,FALSE,605.517369
26,63,DEG,ITI,DE,IT,Western,Southern,FALSE,FALSE,0.08,0.008474,0.019086,FALSE,FALSE,893.717983
26,64,DEG,LT0,DE,LT,Western,Baltics,FALSE,FALSE,0.09,0.007429,0.022634,FALSE,FALSE,959.905703
26,65,DEG,LU0,DE,LU,Western,Western,FALSE,TRUE,0.1,0.007131,0.014648,FALSE,FALSE,386.57721
26,66,DEG,LV0,DE,LV,Western,Baltics,FALSE,FALSE,0.04,0.004631,0.015878,FALSE,FALSE,1161.92317
26,67,DEG,MT0,DE,MT,Western,Southern,FALSE,FALSE,0.11,0.010935,0.022227,FALSE,FALSE,1662.249335
26,68,DEG,NL1,DE,NL,Western,Western,FALSE,TRUE,0.14,0.009241,0.015859,FALSE,FALSE,418.790755
26,69,DEG,NL2,DE,NL,Western,Western,FALSE,TRUE,0.1,0.011145,0.022536,FALSE,FALSE,383.294592
26,70,DEG,NL3,DE,NL,Western,Western,FALSE,TRUE,0.11,0.009836,0.01927,FALSE,FALSE,524.974093
26,71,DEG,NL4,DE,NL,Western,Western,FALSE,TRUE,0.1,0.013732,0.021725,FALSE,FALSE,393.35295
26,72,DEG,PL2,DE,PL,Western,CEE,FALSE,FALSE,0.08,0.005614,0.06982,FALSE,FALSE,608.505305
26,73,DEG,PL4,DE,PL,Western,CEE,FALSE,FALSE,0.06,0.003648,0.070618,FALSE,FALSE,388.671902
26,74,DEG,PL5,DE,PL,Western,CEE,FALSE,FALSE,0.07,0.005669,0.017754,FALSE,FALSE,393.763614
26,75,DEG,PL6,DE,PL,Western,CEE,FALSE,FALSE,0,0,0.051765,FALSE,FALSE,612.329173
26,76,DEG,PL7,DE,PL,Western,CEE,FALSE,FALSE,0.06,0.004172,0.014233,FALSE,FALSE,575.010494
26,77,DEG,PL8,DE,PL,Western,CEE,FALSE,FALSE,0.11,0.008942,0.045729,FALSE,FALSE,803.779177
26,78,DEG,PL9,DE,PL,Western,CEE,FALSE,FALSE,0.05,0.004742,0.024528,FALSE,FALSE,706.57455
26,79,DEG,PT1,DE,PT,Western,Southern,FALSE,FALSE,0.11,0.006963,0.019343,FALSE,FALSE,1985.104634
26,80,DEG,PT2,DE,PT,Western,Southern,FALSE,FALSE,0.08,0.00566,0.016243,FALSE,FALSE,3202.699594
26,81,DEG,PT3,DE,PT,Western,Southern,FALSE,FALSE,0.07,0.007785,0.014421,FALSE,FALSE,3032.648395
26,82,DEG,RO1,DE,RO,Western,CEE,FALSE,FALSE,0.03,0.002127,0.045588,FALSE,FALSE,1029.736248
26,83,DEG,RO2,DE,RO,Western,CEE,FALSE,FALSE,0.01,4.76e-4,0.017909,FALSE,FALSE,1295.818013
26,84,DEG,RO3,DE,RO,Western,CEE,FALSE,FALSE,0.01,7.69e-4,0.025366,FALSE,FALSE,1322.36597
26,85,DEG,RO4,DE,RO,Western,CEE,FALSE,FALSE,0.04,0.003902,0.027239,FALSE,FALSE,1058.593461
26,86,DEG,SE1,DE,SE,Western,Northern,FALSE,FALSE,0.09,0.009338,0.041905,FALSE,FALSE,976.822825
26,87,DEG,SE2,DE,SE,Western,Northern,FALSE,FALSE,0.15,0.016045,0.081442,FALSE,FALSE,732.810342
26,88,DEG,SE3,DE,SE,Western,Northern,FALSE,FALSE,0.08,0.007224,0.059019,FALSE,FALSE,1478.682345
26,89,DEG,SI0,DE,SI,Western,CEE,FALSE,FALSE,0.09,0.008558,0.021411,FALSE,FALSE,580.305712
26,90,DEG,SK0,DE,SK,Western,CEE,FALSE,FALSE,0.02,0.001429,0.009054,FALSE,FALSE,597.274643
27,1,DK0,AT1,DK,AT,Northern,Western,FALSE,FALSE,0.08,0.015648,0.02367,FALSE,FALSE,1032.431564
27,2,DK0,AT2,DK,AT,Northern,Western,FALSE,FALSE,0.1,0.011513,0.024903,FALSE,FALSE,1092.185172
27,3,DK0,AT3,DK,AT,Northern,Western,FALSE,FALSE,0.17,0.01842,0.028593,FALSE,FALSE,988.476019
27,4,DK0,BE1,DK,BE,Northern,Western,FALSE,FALSE,0.1,0.009179,0.017858,FALSE,FALSE,680.282652
27,5,DK0,BE2,DK,BE,Northern,Western,FALSE,FALSE,0.13,0.016738,0.024138,FALSE,FALSE,667.177912
27,6,DK0,BE3,DK,BE,Northern,Western,FALSE,FALSE,0.15,0.019903,0.025824,FALSE,FALSE,726.70228
27,7,DK0,BG3,DK,BG,Northern,CEE,FALSE,FALSE,0.1,0.006059,0.01362,FALSE,FALSE,1823.118518
27,8,DK0,BG4,DK,BG,Northern,CEE,FALSE,FALSE,0.14,0.009247,0.017961,FALSE,FALSE,1910.941224
27,9,DK0,CY0,DK,CY,Northern,Southern,FALSE,FALSE,0.1,0.007091,0.017597,FALSE,FALSE,2952.562936
27,10,DK0,CZ0,DK,CZ,Northern,CEE,FALSE,FALSE,0.1,0.010005,0.027291,FALSE,FALSE,839.448928
27,11,DK0,DE1,DK,DE,Northern,Western,FALSE,FALSE,0.1,0.008075,0.022669,FALSE,FALSE,841.546163
27,12,DK0,DE2,DK,DE,Northern,Western,FALSE,FALSE,0.14,0.0147,0.022698,FALSE,FALSE,839.070072
27,13,DK0,DE3,DK,DE,Northern,Western,FALSE,FALSE,0.12,0.011106,0.020144,FALSE,FALSE,492.508664
27,14,DK0,DE4,DK,DE,Northern,Western,FALSE,FALSE,0.09,0.009051,0.020234,FALSE,FALSE,472.953531
27,15,DK0,DE5,DK,DE,Northern,Western,FALSE,FALSE,0.22,0.024641,0.029493,FALSE,TRUE,348.028867
27,16,DK0,DE6,DK,DE,Northern,Western,FALSE,FALSE,0.05,0.002691,0.012158,FALSE,TRUE,296.431804
27,17,DK0,DE7,DK,DE,Northern,Western,FALSE,FALSE,0.08,0.006356,0.014832,FALSE,FALSE,629.783472
27,18,DK0,DE8,DK,DE,Northern,Western,FALSE,FALSE,0.14,0.011965,0.021595,FALSE,TRUE,329.53207
27,19,DK0,DE9,DK,DE,Northern,Western,FALSE,FALSE,0.1,0.012275,0.020537,FALSE,TRUE,405.829364
27,20,DK0,DEA,DK,DE,Northern,Western,FALSE,FALSE,0.09,0.007917,0.018329,FALSE,FALSE,547.61357
27,21,DK0,DEB,DK,DE,Northern,Western,FALSE,FALSE,0.15,0.01984,0.025079,FALSE,FALSE,712.313135
27,22,DK0,DEC,DK,DE,Northern,Western,FALSE,FALSE,0.1,0.011552,0.028203,FALSE,FALSE,777.922849
27,23,DK0,DED,DK,DE,Northern,Western,FALSE,FALSE,0.14,0.012511,0.024153,FALSE,FALSE,654.68472
27,24,DK0,DEE,DK,DE,Northern,Western,FALSE,FALSE,0.11,0.010792,0.019874,FALSE,FALSE,497.384907
27,25,DK0,DEF,DK,DE,Northern,Western,FALSE,FALSE,0.15,0.012922,0.023951,TRUE,TRUE,238.429861
27,26,DK0,DEG,DK,DE,Northern,Western,FALSE,FALSE,0.12,0.010936,0.023176,FALSE,FALSE,607.832049
27,28,DK0,EE0,DK,EE,Northern,Baltics,FALSE,FALSE,0.05,0.00253,0.011139,FALSE,FALSE,1009.907838
27,29,DK0,EL3,DK,EL,Northern,Southern,FALSE,FALSE,0.07,0.004418,0.043484,FALSE,FALSE,2280.388054
27,30,DK0,EL4,DK,EL,Northern,Southern,FALSE,FALSE,0.09,0.004522,0.035294,FALSE,FALSE,2605.527053
27,31,DK0,EL5,DK,EL,Northern,Southern,FALSE,FALSE,0.09,0.006063,0.044538,FALSE,FALSE,1960.499949
27,32,DK0,EL6,DK,EL,Northern,Southern,FALSE,FALSE,0.02,9.92e-4,0.042431,FALSE,FALSE,2116.188868
27,33,DK0,ES1,DK,ES,Northern,Southern,FALSE,FALSE,0.17,0.014121,0.022072,FALSE,FALSE,1750.146061
27,34,DK0,ES2,DK,ES,Northern,Southern,FALSE,FALSE,0.14,0.030521,0.034926,FALSE,FALSE,1754.402673
27,35,DK0,ES3,DK,ES,Northern,Southern,FALSE,FALSE,0.12,0.010627,0.020616,FALSE,FALSE,1982.76036
27,36,DK0,ES4,DK,ES,Northern,Southern,FALSE,FALSE,0.13,0.014329,0.028181,FALSE,FALSE,2075.285127
27,37,DK0,ES5,DK,ES,Northern,Southern,FALSE,FALSE,0.15,0.014191,0.029712,FALSE,FALSE,1904.357746
27,38,DK0,ES6,DK,ES,Northern,Southern,FALSE,FALSE,0.13,0.015482,0.032522,FALSE,FALSE,2286.823998
27,39,DK0,ES7,DK,ES,Northern,Southern,FALSE,FALSE,0.08,0.009301,0.019342,FALSE,FALSE,3683.555893
27,40,DK0,FI1,DK,FI,Northern,Northern,FALSE,TRUE,0.11,0.008567,0.020653,FALSE,FALSE,1371.611671
27,41,DK0,FI2,DK,FI,Northern,Northern,FALSE,TRUE,0.2,0.019487,0.022142,FALSE,FALSE,764.857444
27,42,DK0,FR1,DK,FR,Northern,Western,FALSE,FALSE,0.09,0.010483,0.02068,FALSE,FALSE,952.733063
27,43,DK0,FRB,DK,FR,Northern,Western,FALSE,FALSE,0.14,0.024055,0.032855,FALSE,FALSE,1087.917277
27,44,DK0,FRC,DK,FR,Northern,Western,FALSE,FALSE,0.13,0.009639,0.02211,FALSE,FALSE,1034.27187
27,45,DK0,FRD,DK,FR,Northern,Western,FALSE,FALSE,0.12,0.010475,0.020219,FALSE,FALSE,1013.898166
27,46,DK0,FRE,DK,FR,Northern,Western,FALSE,FALSE,0.09,0.012342,0.023358,FALSE,FALSE,817.546748
27,47,DK0,FRF,DK,FR,Northern,Western,FALSE,FALSE,0.08,0.005047,0.019111,FALSE,FALSE,860.628309
27,48,DK0,FRG,DK,FR,Northern,Western,FALSE,FALSE,0.1,0.006687,0.021612,FALSE,FALSE,1209.617656
27,49,DK0,FRH,DK,FR,Northern,Western,FALSE,FALSE,0.15,0.024157,0.029929,FALSE,FALSE,1215.954213
27,50,DK0,FRI,DK,FR,Northern,Western,FALSE,FALSE,0.16,0.013136,0.027274,FALSE,FALSE,1388.745421
27,51,DK0,FRJ,DK,FR,Northern,Western,FALSE,FALSE,0.09,0.011498,0.021035,FALSE,FALSE,1484.784423
27,52,DK0,FRK,DK,FR,Northern,Western,FALSE,FALSE,0.13,0.012927,0.023167,FALSE,FALSE,1237.248445
27,53,DK0,FRL,DK,FR,Northern,Western,FALSE,FALSE,0.14,0.024592,0.029365,FALSE,FALSE,1366.460849
27,54,DK0,FRM,DK,FR,Northern,Western,FALSE,FALSE,0.11,0.011278,0.020991,FALSE,FALSE,1570.238423
27,55,DK0,HU1,DK,HU,Northern,CEE,FALSE,FALSE,0.11,0.00815,0.033906,FALSE,FALSE,1194.357397
27,56,DK0,HU2,DK,HU,Northern,CEE,FALSE,FALSE,0.07,0.004822,0.021092,FALSE,FALSE,1190.458842
27,57,DK0,HU3,DK,HU,Northern,CEE,FALSE,FALSE,0.04,0.001452,0.043548,FALSE,FALSE,1284.367863
27,58,DK0,IE0,DK,IE,Northern,Western,FALSE,FALSE,0.12,0.0088940000000000009,0.01341,FALSE,FALSE,1133.862413
27,59,DK0,ITC,DK,IT,Northern,Southern,FALSE,FALSE,0.08,0.00815,0.017455,FALSE,FALSE,1225.914809
27,60,DK0,ITF,DK,IT,Northern,Southern,FALSE,FALSE,0.15,0.011242,0.027438,FALSE,FALSE,1825.16612
27,61,DK0,ITG,DK,IT,Northern,Southern,FALSE,FALSE,0.14,0.009863,0.024035,FALSE,FALSE,2096.18875
27,62,DK0,ITH,DK,IT,Northern,Southern,FALSE,FALSE,0.08,0.008666,0.018445,FALSE,FALSE,1208.889685
27,63,DK0,ITI,DK,IT,Northern,Southern,FALSE,FALSE,0.08,0.00612,0.016916,FALSE,FALSE,1498.895789
27,64,DK0,LT0,DK,LT,Northern,Baltics,FALSE,FALSE,0.1,0.006081,0.021825,FALSE,FALSE,909.668412
27,65,DK0,LU0,DK,LU,Northern,Western,FALSE,FALSE,0.12,0.013484,0.020275,FALSE,FALSE,743.866545
27,66,DK0,LV0,DK,LV,Northern,Baltics,FALSE,FALSE,0.04,0.002213,0.015486,FALSE,FALSE,1029.397203
27,67,DK0,MT0,DK,MT,Northern,Southern,FALSE,FALSE,0.18,0.02905,0.033935,FALSE,FALSE,2269.635667
27,68,DK0,NL1,DK,NL,Northern,Western,FALSE,FALSE,0.06,0.004821,0.012973,FALSE,TRUE,411.012334
27,69,DK0,NL2,DK,NL,Northern,Western,FALSE,FALSE,0.09,0.008329,0.01803,FALSE,FALSE,480.905017
27,70,DK0,NL3,DK,NL,Northern,Western,FALSE,FALSE,0.18,0.053233,0.051229,FALSE,FALSE,655.138627
27,71,DK0,NL4,DK,NL,Northern,Western,FALSE,FALSE,0.12,0.009795,0.020535,FALSE,FALSE,595.410127
27,72,DK0,PL2,DK,PL,Northern,CEE,FALSE,FALSE,0.07,0.00499,0.073767,FALSE,FALSE,975.987933
27,73,DK0,PL4,DK,PL,Northern,CEE,FALSE,FALSE,0.05,0.004299,0.077283,FALSE,FALSE,563.023183
27,74,DK0,PL5,DK,PL,Northern,CEE,FALSE,FALSE,0.06,0.00461,0.015233,FALSE,FALSE,777.290627
27,75,DK0,PL6,DK,PL,Northern,CEE,FALSE,FALSE,0.11,0.007581,0.06005,FALSE,FALSE,695.120016
27,76,DK0,PL7,DK,PL,Northern,CEE,FALSE,FALSE,0.14,0.012631,0.020613,FALSE,FALSE,863.514014
27,77,DK0,PL8,DK,PL,Northern,CEE,FALSE,FALSE,0.08,0.008148,0.051711,FALSE,FALSE,1015.555422
27,78,DK0,PL9,DK,PL,Northern,CEE,FALSE,FALSE,0.09,0.007477,0.03028,FALSE,FALSE,886.690733
27,79,DK0,PT1,DK,PT,Northern,Southern,FALSE,FALSE,0.15,0.023509,0.029932,FALSE,FALSE,2266.406645
27,80,DK0,PT2,DK,PT,Northern,Southern,FALSE,FALSE,0.09,0.014654,0.02225,FALSE,FALSE,3262.846857
27,81,DK0,PT3,DK,PT,Northern,Southern,FALSE,FALSE,0.11,0.01071,0.01809,FALSE,FALSE,3274.084505
27,82,DK0,RO1,DK,RO,Northern,CEE,FALSE,FALSE,0.01,2.63e-4,0.04609,FALSE,FALSE,1456.555029
27,83,DK0,RO2,DK,RO,Northern,CEE,FALSE,FALSE,0.04,0.002545,0.019794,FALSE,FALSE,1687.023429
27,84,DK0,RO3,DK,RO,Northern,CEE,FALSE,FALSE,0.04,0.002175,0.027692,FALSE,FALSE,1769.370978
27,85,DK0,RO4,DK,RO,Northern,CEE,FALSE,FALSE,0.06,0.004776,0.030009,FALSE,FALSE,1544.398662
27,86,DK0,SE1,DK,SE,Northern,Northern,FALSE,TRUE,0.14,0.014365,0.048229,FALSE,FALSE,538.140082
27,87,DK0,SE2,DK,SE,Northern,Northern,FALSE,TRUE,0.17,0.01597,0.093959,FALSE,TRUE,329.757518
27,88,DK0,SE3,DK,SE,Northern,Northern,FALSE,TRUE,0.17,0.014058,0.069601,FALSE,FALSE,943.28178
27,89,DK0,SI0,DK,SI,Northern,CEE,FALSE,FALSE,0.07,0.007197,0.016097,FALSE,FALSE,1178.889637
27,90,DK0,SK0,DK,SK,Northern,CEE,FALSE,FALSE,0.06,0.003077,0.010371,FALSE,FALSE,1062.121414
28,1,EE0,AT1,EE,AT,Baltics,Western,FALSE,FALSE,0,0,0.003007,FALSE,FALSE,1372.129684
28,2,EE0,AT2,EE,AT,Baltics,Western,FALSE,FALSE,0,0,0.003987,FALSE,FALSE,1479.696133
28,3,EE0,AT3,EE,AT,Baltics,Western,FALSE,FALSE,0.03,0.010333,0.010044,FALSE,FALSE,1470.838205
28,4,EE0,BE1,EE,BE,Baltics,Western,FALSE,FALSE,0,0,0.003518,FALSE,FALSE,1607.706007
28,5,EE0,BE2,EE,BE,Baltics,Western,FALSE,FALSE,0,0,0.003752,FALSE,FALSE,1603.226922
28,6,EE0,BE3,EE,BE,Baltics,Western,FALSE,FALSE,0.01,0.002,0.004639,FALSE,FALSE,1616.468962
28,7,EE0,BG3,EE,BG,Baltics,CEE,FALSE,FALSE,0,0,0.002572,FALSE,FALSE,1725.603581
28,8,EE0,BG4,EE,BG,Baltics,CEE,FALSE,FALSE,0.03,0.0075,0.011221,FALSE,FALSE,1868.408159
28,9,EE0,CY0,EE,CY,Baltics,Southern,FALSE,FALSE,0,0,0.003167,FALSE,FALSE,2688.551358
28,10,EE0,CZ0,EE,CZ,Baltics,CEE,FALSE,FALSE,0,0,0.0141,FALSE,FALSE,1189.870978
28,11,EE0,DE1,EE,DE,Baltics,Western,FALSE,FALSE,0,0,0.00475,FALSE,FALSE,1554.186828
28,12,EE0,DE2,EE,DE,Baltics,Western,FALSE,FALSE,0.03,0.008667,0.011016,FALSE,FALSE,1407.275343
28,13,EE0,DE3,EE,DE,Baltics,Western,FALSE,FALSE,0,0,0.003537,FALSE,FALSE,1029.700192
28,14,EE0,DE4,EE,DE,Baltics,Western,FALSE,FALSE,0.11,0.048333,0.037519,FALSE,FALSE,1066.402445
28,15,EE0,DE5,EE,DE,Baltics,Western,FALSE,FALSE,0.01,0.005,0.007928,FALSE,FALSE,1212.332171
28,16,EE0,DE6,EE,DE,Baltics,Western,FALSE,FALSE,0,0,0.005373,FALSE,FALSE,1116.268161
28,17,EE0,DE7,EE,DE,Baltics,Western,FALSE,FALSE,0.01,0.001667,0.005504,FALSE,FALSE,1391.837909
28,18,EE0,DE8,EE,DE,Baltics,Western,FALSE,FALSE,0,0,0.002973,FALSE,FALSE,970.808232
28,19,EE0,DE9,EE,DE,Baltics,Western,FALSE,FALSE,0,0,0.004858,FALSE,FALSE,1248.835671
28,20,EE0,DEA,EE,DE,Baltics,Western,FALSE,FALSE,0,0,0.006949,FALSE,FALSE,1399.868423
28,21,EE0,DEB,EE,DE,Baltics,Western,FALSE,FALSE,0,0,0.004623,FALSE,FALSE,1529.719325
28,22,EE0,DEC,EE,DE,Baltics,Western,FALSE,FALSE,0,0,0.00515,FALSE,FALSE,1591.39753
28,23,EE0,DED,EE,DE,Baltics,Western,FALSE,FALSE,0.01,0.003333,0.016756,FALSE,FALSE,1165.070373
28,24,EE0,DEE,EE,DE,Baltics,Western,FALSE,FALSE,0.01,0.0025,0.005625,FALSE,FALSE,1152.105063
28,25,EE0,DEF,EE,DE,Baltics,Western,FALSE,FALSE,0.01,0.002,0.005744,FALSE,FALSE,1088.101432
28,26,EE0,DEG,EE,DE,Baltics,Western,FALSE,FALSE,0.01,0.002,0.004822,FALSE,FALSE,1261.955579
28,27,EE0,DK0,EE,DK,Baltics,Northern,FALSE,FALSE,0.01,0.003333,0.004507,FALSE,FALSE,1009.907838
28,29,EE0,EL3,EE,EL,Baltics,Southern,FALSE,FALSE,0,0,0.009894,FALSE,FALSE,2317.106853
28,30,EE0,EL4,EE,EL,Baltics,Southern,FALSE,FALSE,0,0,0.008111,FALSE,FALSE,2627.229103
28,31,EE0,EL5,EE,EL,Baltics,Southern,FALSE,FALSE,0,0,0.010957,FALSE,FALSE,2043.718234
28,32,EE0,EL6,EE,EL,Baltics,Southern,FALSE,FALSE,0,0,0.011413,FALSE,FALSE,2199.096289
28,33,EE0,ES1,EE,ES,Baltics,Southern,FALSE,FALSE,0,0,0.003266,FALSE,FALSE,2690.043768
28,34,EE0,ES2,EE,ES,Baltics,Southern,FALSE,FALSE,0.01,0.0025,0.005287,FALSE,FALSE,2616.815762
28,35,EE0,ES3,EE,ES,Baltics,Southern,FALSE,FALSE,0,0,0.003568,FALSE,FALSE,2881.850663
28,36,EE0,ES4,EE,ES,Baltics,Southern,FALSE,FALSE,0,0,0.004121,FALSE,FALSE,2995.399347
28,37,EE0,ES5,EE,ES,Baltics,Southern,FALSE,FALSE,0.01,0.0025,0.00555,FALSE,FALSE,2661.506694
28,38,EE0,ES6,EE,ES,Baltics,Southern,FALSE,FALSE,0,0,0.006541,FALSE,FALSE,3155.675253
28,39,EE0,ES7,EE,ES,Baltics,Southern,FALSE,FALSE,0,0,0.001953,FALSE,FALSE,4627.095959
28,40,EE0,FI1,EE,FI,Baltics,Northern,FALSE,FALSE,0.06,0.0275,0.025322,FALSE,TRUE,662.377086
28,41,EE0,FI2,EE,FI,Baltics,Northern,FALSE,FALSE,0,0,0.002239,FALSE,TRUE,353.904318
28,42,EE0,FR1,EE,FR,Baltics,Western,FALSE,FALSE,0,0,0.003398,FALSE,FALSE,1867.499624
28,43,EE0,FRB,EE,FR,Baltics,Western,FALSE,FALSE,0,0,0.003621,FALSE,FALSE,2000.577689
28,44,EE0,FRC,EE,FR,Baltics,Western,FALSE,FALSE,0.05,0.0175,0.017648,FALSE,FALSE,1861.90732
28,45,EE0,FRD,EE,FR,Baltics,Western,FALSE,FALSE,0,0,0.003092,FALSE,FALSE,1973.868403
28,46,EE0,FRE,EE,FR,Baltics,Western,FALSE,FALSE,0,0,0.0036,FALSE,FALSE,1751.289313
28,47,EE0,FRF,EE,FR,Baltics,Western,FALSE,FALSE,0,0,0.005067,FALSE,FALSE,1697.372668
28,48,EE0,FRG,EE,FR,Baltics,Western,FALSE,FALSE,0.02,0.008333,0.011036,FALSE,FALSE,2158.333482
28,49,EE0,FRH,EE,FR,Baltics,Western,FALSE,FALSE,0,0,0.003247,FALSE,FALSE,2192.393619
28,50,EE0,FRI,EE,FR,Baltics,Western,FALSE,FALSE,0,0,0.004999,FALSE,FALSE,2276.503429
28,51,EE0,FRJ,EE,FR,Baltics,Western,FALSE,FALSE,0.01,0.001667,0.004708,FALSE,FALSE,2313.270069
28,52,EE0,FRK,EE,FR,Baltics,Western,FALSE,FALSE,0,0,0.003401,FALSE,FALSE,2036.77061
28,53,EE0,FRL,EE,FR,Baltics,Western,FALSE,FALSE,0,0,0.002694,FALSE,FALSE,2103.619524
28,54,EE0,FRM,EE,FR,Baltics,Western,FALSE,FALSE,0,0,0.003168,FALSE,FALSE,2179.406732
28,55,EE0,HU1,EE,HU,Baltics,CEE,FALSE,FALSE,0.01,0.005,0.031162,FALSE,FALSE,1329.535161
28,56,EE0,HU2,EE,HU,Baltics,CEE,FALSE,FALSE,0.03,0.011667,0.020849,FALSE,FALSE,1431.176735
28,57,EE0,HU3,EE,HU,Baltics,CEE,FALSE,FALSE,0.04,0.012833,0.047668,FALSE,FALSE,1332.51159
28,58,EE0,IE0,EE,IE,Baltics,Western,FALSE,FALSE,0,0,0.001374,FALSE,FALSE,2127.272598
28,59,EE0,ITC,EE,IT,Baltics,Southern,FALSE,FALSE,0,0,0.004247,FALSE,FALSE,1882.422313
28,60,EE0,ITF,EE,IT,Baltics,Southern,FALSE,FALSE,0,0,0.004264,FALSE,FALSE,2159.98888
28,61,EE0,ITG,EE,IT,Baltics,Southern,FALSE,FALSE,0,0,0.004095,FALSE,FALSE,2504.165888
28,62,EE0,ITH,EE,IT,Baltics,Southern,FALSE,FALSE,0,0,0.003373,FALSE,FALSE,1757.777767
28,63,EE0,ITI,EE,IT,Baltics,Southern,FALSE,FALSE,0.04,0.013333,0.013746,FALSE,FALSE,1995.354595
28,64,EE0,LT0,EE,LT,Baltics,Baltics,FALSE,TRUE,0.41,0.233667,0.247784,FALSE,TRUE,410.223778
28,65,EE0,LU0,EE,LU,Baltics,Western,FALSE,FALSE,0,0,0.002392,FALSE,FALSE,1598.079225
28,66,EE0,LV0,EE,LV,Baltics,Baltics,FALSE,TRUE,0.32,0.129833,0.163282,TRUE,TRUE,234.25381
28,67,EE0,MT0,EE,MT,Baltics,Southern,FALSE,FALSE,0,0,0.002186,FALSE,FALSE,2660.353932
28,68,EE0,NL1,EE,NL,Baltics,Western,FALSE,FALSE,0,0,0.002791,FALSE,FALSE,1360.6014950000001
28,69,EE0,NL2,EE,NL,Baltics,Western,FALSE,FALSE,0,0,0.005755,FALSE,FALSE,1407.075426
28,70,EE0,NL3,EE,NL,Baltics,Western,FALSE,FALSE,0.01,0.003333,0.005048,FALSE,FALSE,1605.314962
28,71,EE0,NL4,EE,NL,Baltics,Western,FALSE,FALSE,0,0,0.003321,FALSE,FALSE,1504.492806
28,72,EE0,PL2,EE,PL,Baltics,CEE,FALSE,FALSE,0,0,0.082327,FALSE,FALSE,1035.980239
28,73,EE0,PL4,EE,PL,Baltics,CEE,FALSE,FALSE,0,0,0.091701,FALSE,FALSE,886.226651
28,74,EE0,PL5,EE,PL,Baltics,CEE,FALSE,FALSE,0.03,0.0075,0.063251,FALSE,FALSE,1037.175373
28,75,EE0,PL6,EE,PL,Baltics,CEE,FALSE,FALSE,0.02,0.0045,0.082278,FALSE,TRUE,701.619705
28,76,EE0,PL7,EE,PL,Baltics,CEE,FALSE,FALSE,0,0,0.004636,FALSE,FALSE,915.579953
28,77,EE0,PL8,EE,PL,Baltics,CEE,FALSE,FALSE,0,0,0.052392,FALSE,FALSE,811.100641
28,78,EE0,PL9,EE,PL,Baltics,CEE,FALSE,FALSE,0.01,0.001667,0.028542,FALSE,FALSE,765.273495
28,79,EE0,PT1,EE,PT,Baltics,Southern,FALSE,FALSE,0,0,0.004554,FALSE,FALSE,3209.677737
28,80,EE0,PT2,EE,PT,Baltics,Southern,FALSE,FALSE,0.14,0.056667,0.042318,FALSE,FALSE,4272.491458
28,81,EE0,PT3,EE,PT,Baltics,Southern,FALSE,FALSE,0,0,0.002436,FALSE,FALSE,4242.352879
28,82,EE0,RO1,EE,RO,Baltics,CEE,FALSE,FALSE,0.67,0.264667,0.465464,FALSE,FALSE,1351.008648
28,83,EE0,RO2,EE,RO,Baltics,CEE,FALSE,FALSE,0.11,0.0345,0.139558,FALSE,FALSE,1436.074733
28,84,EE0,RO3,EE,RO,Baltics,CEE,FALSE,FALSE,0,0,0.184627,FALSE,FALSE,1608.178846
28,85,EE0,RO4,EE,RO,Baltics,CEE,FALSE,FALSE,0.09,0.022333,0.187106,FALSE,FALSE,1529.467743
28,86,EE0,SE1,EE,SE,Baltics,Northern,FALSE,FALSE,0.02,0.008333,0.017201,FALSE,TRUE,521.23688
28,87,EE0,SE2,EE,SE,Baltics,Northern,FALSE,FALSE,0.02,0.005,0.043535,FALSE,TRUE,680.238724
28,88,EE0,SE3,EE,SE,Baltics,Northern,FALSE,FALSE,0.05,0.015333,0.039656,FALSE,FALSE,741.14645
28,89,EE0,SI0,EE,SI,Baltics,CEE,FALSE,FALSE,0.01,0.002,0.003848,FALSE,FALSE,1585.895518
28,90,EE0,SK0,EE,SK,Baltics,CEE,FALSE,FALSE,0.04,0.011167,0.020955,FALSE,FALSE,1212.76841
29,1,EL3,AT1,EL,AT,Southern,Western,FALSE,FALSE,0,0,2.19e-4,FALSE,FALSE,1255.285793
29,2,EL3,AT2,EL,AT,Southern,Western,FALSE,FALSE,0,0,1.69e-4,FALSE,FALSE,1219.903072
29,3,EL3,AT3,EL,AT,Southern,Western,FALSE,FALSE,0,0,7.8e-5,FALSE,FALSE,1353.326915
29,4,EL3,BE1,EL,BE,Southern,Western,FALSE,FALSE,0,0,1.03e-4,FALSE,FALSE,2074.009399
29,5,EL3,BE2,EL,BE,Southern,Western,FALSE,FALSE,0,0,2.78e-4,FALSE,FALSE,2096.604094
29,6,EL3,BE3,EL,BE,Southern,Western,FALSE,FALSE,0,0,1.44e-4,FALSE,FALSE,1982.690368
29,7,EL3,BG3,EL,BG,Southern,CEE,FALSE,FALSE,0,0,1.27e-4,FALSE,TRUE,604.45244
29,8,EL3,BG4,EL,BG,Southern,CEE,FALSE,FALSE,0,0,1.75e-4,FALSE,TRUE,452.235529
29,9,EL3,CY0,EL,CY,Southern,Southern,FALSE,TRUE,0,0,6.6e-5,FALSE,FALSE,930.173915
29,10,EL3,CZ0,EL,CZ,Southern,CEE,FALSE,FALSE,0,0,2.7e-4,FALSE,FALSE,1440.943986
29,11,EL3,DE1,EL,DE,Southern,Western,FALSE,FALSE,0,0,4.8e-5,FALSE,FALSE,1656.91206
29,12,EL3,DE2,EL,DE,Southern,Western,FALSE,FALSE,0,0,1.61e-4,FALSE,FALSE,1514.470695
29,13,EL3,DE3,EL,DE,Southern,Western,FALSE,FALSE,0,0,1.39e-4,FALSE,FALSE,1787.990796
29,14,EL3,DE4,EL,DE,Southern,Western,FALSE,FALSE,0,0,1.72e-4,FALSE,FALSE,1809.078031
29,15,EL3,DE5,EL,DE,Southern,Western,FALSE,FALSE,0,0,0.00104,FALSE,FALSE,2019.791222
29,16,EL3,DE6,EL,DE,Southern,Western,FALSE,FALSE,0,0,3.7e-5,FALSE,FALSE,2013.198996
29,17,EL3,DE7,EL,DE,Southern,Western,FALSE,FALSE,0,0,2.41e-4,FALSE,FALSE,1799.585341
29,18,EL3,DE8,EL,DE,Southern,Western,FALSE,FALSE,0,0,2.61e-4,FALSE,FALSE,1952.681864
29,19,EL3,DE9,EL,DE,Southern,Western,FALSE,FALSE,0,0,9e-5,FALSE,FALSE,1975.801608
29,20,EL3,DEA,EL,DE,Southern,Western,FALSE,FALSE,0,0,1.69e-4,FALSE,FALSE,1940.322205
29,21,EL3,DEB,EL,DE,Southern,Western,FALSE,FALSE,0,0,2.61e-4,FALSE,FALSE,1847.193112
29,22,EL3,DEC,EL,DE,Southern,Western,FALSE,FALSE,0,0,1.03e-4,FALSE,FALSE,1826.868713
29,23,EL3,DED,EL,DE,Southern,Western,FALSE,FALSE,0,0,1.53e-4,FALSE,FALSE,1631.956225
29,24,EL3,DEE,EL,DE,Southern,Western,FALSE,FALSE,0,0,8e-5,FALSE,FALSE,1801.999033
29,25,EL3,DEF,EL,DE,Southern,Western,FALSE,FALSE,0,0,1.97e-4,FALSE,FALSE,2063.943518
29,26,EL3,DEG,EL,DE,Southern,Western,FALSE,FALSE,0,0,8.3e-5,FALSE,FALSE,1722.645726
29,27,EL3,DK0,EL,DK,Southern,Northern,FALSE,FALSE,0,0,4.8e-5,FALSE,FALSE,2280.388054
29,28,EL3,EE0,EL,EE,Southern,Baltics,FALSE,FALSE,0,0,9.5e-5,FALSE,FALSE,2317.106853
29,30,EL3,EL4,EL,EL,Southern,Southern,TRUE,TRUE,0.83,0.815,0.780961,FALSE,TRUE,326.624355
29,31,EL3,EL5,EL,EL,Southern,Southern,TRUE,TRUE,0,0,0.538618,FALSE,TRUE,320.819885
29,32,EL3,EL6,EL,EL,Southern,Southern,TRUE,TRUE,0.19,0.18,0.758231,TRUE,TRUE,177.185599
29,33,EL3,ES1,EL,ES,Southern,Southern,FALSE,TRUE,0.01,0.005,0.004543,FALSE,FALSE,2456.385674
29,34,EL3,ES2,EL,ES,Southern,Southern,FALSE,TRUE,0,0,0.001626,FALSE,FALSE,2113.242815
29,35,EL3,ES3,EL,ES,Southern,Southern,FALSE,TRUE,0,0,7.02e-4,FALSE,FALSE,2381.976999
29,36,EL3,ES4,EL,ES,Southern,Southern,FALSE,TRUE,0,0,1.85e-4,FALSE,FALSE,2537.23537
29,37,EL3,ES5,EL,ES,Southern,Southern,FALSE,TRUE,0,0,1.12e-4,FALSE,FALSE,1799.955678
29,38,EL3,ES6,EL,ES,Southern,Southern,FALSE,TRUE,0,0,1.55e-4,FALSE,FALSE,2422.335299
29,39,EL3,ES7,EL,ES,Southern,Southern,FALSE,TRUE,0,0,5.1e-5,FALSE,FALSE,3876.045482
29,40,EL3,FI1,EL,FI,Southern,Northern,FALSE,FALSE,0,0,1.75e-4,FALSE,FALSE,2978.408722
29,41,EL3,FI2,EL,FI,Southern,Northern,FALSE,FALSE,0,0,3.6e-5,FALSE,FALSE,2480.572741
29,42,EL3,FR1,EL,FR,Southern,Western,FALSE,FALSE,0,0,0.002766,FALSE,FALSE,2063.543595
29,43,EL3,FRB,EL,FR,Southern,Western,FALSE,FALSE,0,0,7.5e-5,FALSE,FALSE,2081.744059
29,44,EL3,FRC,EL,FR,Southern,Western,FALSE,FALSE,0,0,6.17e-4,FALSE,FALSE,1832.59165
29,45,EL3,FRD,EL,FR,Southern,Western,FALSE,FALSE,0,0,5.7e-5,FALSE,FALSE,2245.485134
29,46,EL3,FRE,EL,FR,Southern,Western,FALSE,FALSE,0,0,1.14e-4,FALSE,FALSE,2104.061215
29,47,EL3,FRF,EL,FR,Southern,Western,FALSE,FALSE,0,0,9.9e-5,FALSE,FALSE,1859.872662
29,48,EL3,FRG,EL,FR,Southern,Western,FALSE,FALSE,0,0,3.66e-4,FALSE,FALSE,2258.891417
29,49,EL3,FRH,EL,FR,Southern,Western,FALSE,FALSE,0,0,5.8e-5,FALSE,FALSE,2403.989753
29,50,EL3,FRI,EL,FR,Southern,Western,FALSE,FALSE,0,0,1.62e-4,FALSE,FALSE,2072.789936
29,51,EL3,FRJ,EL,FR,Southern,Western,FALSE,FALSE,0,0,1.18e-4,FALSE,FALSE,1897.315852
29,52,EL3,FRK,EL,FR,Southern,Western,FALSE,FALSE,0,0,1.04e-4,FALSE,FALSE,1770.155124
29,53,EL3,FRL,EL,FR,Southern,Western,FALSE,FALSE,0,0,0.002644,FALSE,FALSE,1619.738851
29,54,EL3,FRM,EL,FR,Southern,Western,FALSE,FALSE,0,0,6.7e-5,FALSE,FALSE,1318.513148
29,55,EL3,HU1,EL,HU,Southern,CEE,FALSE,FALSE,0,0,2.48e-4,FALSE,FALSE,1098.329461
29,56,EL3,HU2,EL,HU,Southern,CEE,FALSE,FALSE,0,0,2.97e-4,FALSE,FALSE,1090.612287
29,57,EL3,HU3,EL,HU,Southern,CEE,FALSE,FALSE,0,0,3.82e-4,FALSE,FALSE,1035.630658
29,58,EL3,IE0,EL,IE,Southern,Western,FALSE,FALSE,0,0,4.7e-5,FALSE,FALSE,2943.287742
29,59,EL3,ITC,EL,IT,Southern,Southern,FALSE,TRUE,0,0,0.002069,FALSE,FALSE,1456.945553
29,60,EL3,ITF,EL,IT,Southern,Southern,FALSE,TRUE,0,0,1.06e-4,FALSE,TRUE,715.236541
29,61,EL3,ITG,EL,IT,Southern,Southern,FALSE,TRUE,0,0,0.003392,FALSE,FALSE,866.347981
29,62,EL3,ITH,EL,IT,Southern,Southern,FALSE,TRUE,0,0,2.39e-4,FALSE,FALSE,1291.454381
29,63,EL3,ITI,EL,IT,Southern,Southern,FALSE,TRUE,0,0,5.2e-5,FALSE,FALSE,1103.029278
29,64,EL3,LT0,EL,LT,Southern,Baltics,FALSE,FALSE,0,0,1.6e-4,FALSE,FALSE,1916.172187
29,65,EL3,LU0,EL,LU,Southern,Western,FALSE,FALSE,0,0,4e-5,FALSE,FALSE,1906.963485
29,66,EL3,LV0,EL,LV,Southern,Baltics,FALSE,FALSE,0,0,2.01e-4,FALSE,FALSE,2089.401255
29,67,EL3,MT0,EL,MT,Southern,Southern,FALSE,TRUE,0,0,6.5e-5,FALSE,FALSE,870.242851
29,68,EL3,NL1,EL,NL,Southern,Western,FALSE,FALSE,0,0,0.001701,FALSE,FALSE,2129.550074
29,69,EL3,NL2,EL,NL,Southern,Western,FALSE,FALSE,0,0,5.6e-5,FALSE,FALSE,2076.092452
29,70,EL3,NL3,EL,NL,Southern,Western,FALSE,FALSE,0,0,1.79e-4,FALSE,FALSE,2136.449829
29,71,EL3,NL4,EL,NL,Southern,Western,FALSE,FALSE,0,0,4.09e-4,FALSE,FALSE,2031.869663
29,72,EL3,PL2,EL,PL,Southern,CEE,FALSE,FALSE,0,0,6.18e-4,FALSE,FALSE,1372.78974
29,73,EL3,PL4,EL,PL,Southern,CEE,FALSE,FALSE,0,0,5.97e-4,FALSE,FALSE,1755.017126
29,74,EL3,PL5,EL,PL,Southern,CEE,FALSE,FALSE,0,0,1.14e-4,FALSE,FALSE,1520.189649
29,75,EL3,PL6,EL,PL,Southern,CEE,FALSE,FALSE,0,0,3.94e-4,FALSE,FALSE,1760.472492
29,76,EL3,PL7,EL,PL,Southern,CEE,FALSE,FALSE,0,0,1.64e-4,FALSE,FALSE,1510.228114
29,77,EL3,PL8,EL,PL,Southern,CEE,FALSE,FALSE,0,0,3.33e-4,FALSE,FALSE,1519.73608
29,78,EL3,PL9,EL,PL,Southern,CEE,FALSE,FALSE,0,0,2.13e-4,FALSE,FALSE,1602.671359
29,79,EL3,PT1,EL,PT,Southern,Southern,FALSE,TRUE,0,0,1.24e-4,FALSE,FALSE,2785.23618
29,80,EL3,PT2,EL,PT,Southern,Southern,FALSE,TRUE,0,0,3.77e-4,FALSE,FALSE,4267.679199
29,81,EL3,PT3,EL,PT,Southern,Southern,FALSE,TRUE,0,0,3.57e-4,FALSE,FALSE,3713.101189
29,82,EL3,RO1,EL,RO,Southern,CEE,FALSE,FALSE,0,0,4.35e-4,FALSE,FALSE,966.31503
29,83,EL3,RO2,EL,RO,Southern,CEE,FALSE,FALSE,0,0,2.02e-4,FALSE,FALSE,937.126275
29,84,EL3,RO3,EL,RO,Southern,CEE,FALSE,FALSE,0,0,2.14e-4,FALSE,TRUE,739.959092
29,85,EL3,RO4,EL,RO,Southern,CEE,FALSE,FALSE,0,0,2.47e-4,FALSE,FALSE,796.785538
29,86,EL3,SE1,EL,SE,Southern,Northern,FALSE,FALSE,0,0,4.04e-4,FALSE,FALSE,2402.848459
29,87,EL3,SE2,EL,SE,Southern,Northern,FALSE,FALSE,0,0,9.14e-4,FALSE,FALSE,2236.732069
29,88,EL3,SE3,EL,SE,Southern,Northern,FALSE,FALSE,0,0,4.08e-4,FALSE,FALSE,2912.466789
29,89,EL3,SI0,EL,SI,Southern,CEE,FALSE,FALSE,0,0,7.4e-5,FALSE,FALSE,1164.056765
29,90,EL3,SK0,EL,SK,Southern,CEE,FALSE,FALSE,0,0,3.1e-5,FALSE,FALSE,1236.306632
30,1,EL4,AT1,EL,AT,Southern,Western,FALSE,FALSE,0,0,1.2e-4,FALSE,FALSE,1577.964708
30,2,EL4,AT2,EL,AT,Southern,Western,FALSE,FALSE,0,0,9.6e-5,FALSE,FALSE,1537.924621
30,3,EL4,AT3,EL,AT,Southern,Western,FALSE,FALSE,0,0,6.9e-5,FALSE,FALSE,1668.348709
30,4,EL4,BE1,EL,BE,Southern,Western,FALSE,FALSE,0,0,1.01e-4,FALSE,FALSE,2378.122797
30,5,EL4,BE2,EL,BE,Southern,Western,FALSE,FALSE,0,0,2.44e-4,FALSE,FALSE,2401.216777
30,6,EL4,BE3,EL,BE,Southern,Western,FALSE,FALSE,0,0,8.2e-5,FALSE,FALSE,2285.381773
30,7,EL4,BG3,EL,BG,Southern,CEE,FALSE,FALSE,0,0,7.2e-5,FALSE,TRUE,902.701685
30,8,EL4,BG4,EL,BG,Southern,CEE,FALSE,FALSE,0,0,2.23e-4,FALSE,TRUE,759.493066
30,9,EL4,CY0,EL,CY,Southern,Southern,FALSE,TRUE,0,0,7.3e-5,FALSE,TRUE,801.427347
30,10,EL4,CZ0,EL,CZ,Southern,CEE,FALSE,FALSE,0,0,3.04e-4,FALSE,FALSE,1766.140789
30,11,EL4,DE1,EL,DE,Southern,Western,FALSE,FALSE,0,0,5.1e-5,FALSE,FALSE,1962.539892
30,12,EL4,DE2,EL,DE,Southern,Western,FALSE,FALSE,0,0,1.65e-4,FALSE,FALSE,1830.099696
30,13,EL4,DE3,EL,DE,Southern,Western,FALSE,FALSE,0,0,1.44e-4,FALSE,FALSE,2113.321531
30,14,EL4,DE4,EL,DE,Southern,Western,FALSE,FALSE,0,0,1.32e-4,FALSE,FALSE,2133.665275
30,15,EL4,DE5,EL,DE,Southern,Western,FALSE,FALSE,0,0,0.001031,FALSE,FALSE,2340.257772
30,16,EL4,DE6,EL,DE,Southern,Western,FALSE,FALSE,0,0,3.8e-5,FALSE,FALSE,2336.144177
30,17,EL4,DE7,EL,DE,Southern,Western,FALSE,FALSE,0,0,2.01e-4,FALSE,FALSE,2113.567711
30,18,EL4,DE8,EL,DE,Southern,Western,FALSE,FALSE,0,0,3.2e-4,FALSE,FALSE,2278.281847
30,19,EL4,DE9,EL,DE,Southern,Western,FALSE,FALSE,0,0,9.7e-5,FALSE,FALSE,2295.133354
30,20,EL4,DEA,EL,DE,Southern,Western,FALSE,FALSE,0,0,1.79e-4,FALSE,FALSE,2253.887596
30,21,EL4,DEB,EL,DE,Southern,Western,FALSE,FALSE,0,0,1.81e-4,FALSE,FALSE,2154.094876
30,22,EL4,DEC,EL,DE,Southern,Western,FALSE,FALSE,0,0,1.12e-4,FALSE,FALSE,2130.078148
30,23,EL4,DED,EL,DE,Southern,Western,FALSE,FALSE,0,0,1.5e-4,FALSE,FALSE,1955.571024
30,24,EL4,DEE,EL,DE,Southern,Western,FALSE,FALSE,0,0,8e-5,FALSE,FALSE,2124.672357
30,25,EL4,DEF,EL,DE,Southern,Western,FALSE,FALSE,0,0,2.53e-4,FALSE,FALSE,2387.478936
30,26,EL4,DEG,EL,DE,Southern,Western,FALSE,FALSE,0,0,7.3e-5,FALSE,FALSE,2042.399871
30,27,EL4,DK0,EL,DK,Southern,Northern,FALSE,FALSE,0,0,4.7e-5,FALSE,FALSE,2605.527053
30,28,EL4,EE0,EL,EE,Southern,Baltics,FALSE,FALSE,0,0,9.3e-5,FALSE,FALSE,2627.229103
30,29,EL4,EL3,EL,EL,Southern,Southern,TRUE,TRUE,0,0,0.496849,TRUE,TRUE,326.624355
30,31,EL4,EL5,EL,EL,Southern,Southern,TRUE,TRUE,0,0,0.701303,FALSE,TRUE,645.032891
30,32,EL4,EL6,EL,EL,Southern,Southern,TRUE,TRUE,1,1,0.9865,FALSE,TRUE,491.069626
30,33,EL4,ES1,EL,ES,Southern,Southern,FALSE,TRUE,0,0,0.001961,FALSE,FALSE,2681.976493
30,34,EL4,ES2,EL,ES,Southern,Southern,FALSE,TRUE,0,0,6.54e-4,FALSE,FALSE,2325.6381
30,35,EL4,ES3,EL,ES,Southern,Southern,FALSE,TRUE,0,0,3.16e-4,FALSE,FALSE,2578.34729
30,36,EL4,ES4,EL,ES,Southern,Southern,FALSE,TRUE,0,0,2.17e-4,FALSE,FALSE,2730.976498
30,37,EL4,ES5,EL,ES,Southern,Southern,FALSE,TRUE,0,0,1.48e-4,FALSE,FALSE,1983.782436
30,38,EL4,ES6,EL,ES,Southern,Southern,FALSE,TRUE,0,0,1.03e-4,FALSE,FALSE,2582.535865
30,39,EL4,ES7,EL,ES,Southern,Southern,FALSE,TRUE,0,0,5.6e-5,FALSE,FALSE,3979.93237
30,40,EL4,FI1,EL,FI,Southern,Northern,FALSE,FALSE,0,0,1.87e-4,FALSE,FALSE,3286.626389
30,41,EL4,FI2,EL,FI,Southern,Northern,FALSE,FALSE,0,0,3.4e-5,FALSE,FALSE,2800.871002
30,42,EL4,FR1,EL,FR,Southern,Western,FALSE,FALSE,0,0,0.001672,FALSE,FALSE,2350.726934
30,43,EL4,FRB,EL,FR,Southern,Western,FALSE,FALSE,0,0,6.7e-5,FALSE,FALSE,2358.866624
30,44,EL4,FRC,EL,FR,Southern,Western,FALSE,FALSE,0,0,2.63e-4,FALSE,FALSE,2116.132
30,45,EL4,FRD,EL,FR,Southern,Western,FALSE,FALSE,0,0,7.5e-5,FALSE,FALSE,2529.157306
30,46,EL4,FRE,EL,FR,Southern,Western,FALSE,FALSE,0,0,1.3e-4,FALSE,FALSE,2400.027243
30,47,EL4,FRF,EL,FR,Southern,Western,FALSE,FALSE,0,0,9.5e-5,FALSE,FALSE,2156.330735
30,48,EL4,FRG,EL,FR,Southern,Western,FALSE,FALSE,0,0,4.46e-4,FALSE,FALSE,2528.167795
30,49,EL4,FRH,EL,FR,Southern,Western,FALSE,FALSE,0,0,5.8e-5,FALSE,FALSE,2675.77745
30,50,EL4,FRI,EL,FR,Southern,Western,FALSE,FALSE,0,0,2.02e-4,FALSE,FALSE,2323.545958
30,51,EL4,FRJ,EL,FR,Southern,Western,FALSE,FALSE,0,0,9.7e-5,FALSE,FALSE,2136.481802
30,52,EL4,FRK,EL,FR,Southern,Western,FALSE,FALSE,0,0,8.7e-5,FALSE,FALSE,2036.184802
30,53,EL4,FRL,EL,FR,Southern,Western,FALSE,FALSE,0,0,0.002588,FALSE,FALSE,1874.89745
30,54,EL4,FRM,EL,FR,Southern,Western,FALSE,FALSE,0,0,5.8e-5,FALSE,FALSE,1556.884583
30,55,EL4,HU1,EL,HU,Southern,CEE,FALSE,FALSE,0,0,2.72e-4,FALSE,FALSE,1424.949168
30,56,EL4,HU2,EL,HU,Southern,CEE,FALSE,FALSE,0,0,3.47e-4,FALSE,FALSE,1415.192735
30,57,EL4,HU3,EL,HU,Southern,CEE,FALSE,FALSE,0,0,4.4e-4,FALSE,FALSE,1360.90427
30,58,EL4,IE0,EL,IE,Southern,Western,FALSE,FALSE,0,0,5.5e-5,FALSE,FALSE,3239.343716
30,59,EL4,ITC,EL,IT,Southern,Southern,FALSE,TRUE,0,0,0.00256,FALSE,FALSE,1735.478771
30,60,EL4,ITF,EL,IT,Southern,Southern,FALSE,TRUE,0,0,1.1e-4,FALSE,FALSE,961.72323
30,61,EL4,ITG,EL,IT,Southern,Southern,FALSE,TRUE,0,0,0.003398,FALSE,FALSE,1012.961352
30,62,EL4,ITH,EL,IT,Southern,Southern,FALSE,TRUE,0,0,2.79e-4,FALSE,FALSE,1584.559895
30,63,EL4,ITI,EL,IT,Southern,Southern,FALSE,TRUE,0,0,4.1e-5,FALSE,FALSE,1369.859328
30,64,EL4,LT0,EL,LT,Southern,Baltics,FALSE,FALSE,0,0,1.74e-4,FALSE,FALSE,2230.342778
30,65,EL4,LU0,EL,LU,Southern,Western,FALSE,FALSE,0,0,3.6e-5,FALSE,FALSE,2210.158769
30,66,EL4,LV0,EL,LV,Southern,Baltics,FALSE,FALSE,0,0,2.36e-4,FALSE,FALSE,2397.278801
30,67,EL4,MT0,EL,MT,Southern,Southern,FALSE,TRUE,0,0,6e-5,FALSE,TRUE,960.316646
30,68,EL4,NL1,EL,NL,Southern,Western,FALSE,FALSE,0,0,0.002254,FALSE,FALSE,2445.455109
30,69,EL4,NL2,EL,NL,Southern,Western,FALSE,FALSE,0,0,4.6e-5,FALSE,FALSE,2389.874772
30,70,EL4,NL3,EL,NL,Southern,Western,FALSE,FALSE,0,0,2.28e-4,FALSE,FALSE,2441.426014
30,71,EL4,NL4,EL,NL,Southern,Western,FALSE,FALSE,0,0,5.09e-4,FALSE,FALSE,2340.978315
30,72,EL4,PL2,EL,PL,Southern,CEE,FALSE,FALSE,0,0,6.68e-4,FALSE,FALSE,1698.063552
30,73,EL4,PL4,EL,PL,Southern,CEE,FALSE,FALSE,0,0,6.32e-4,FALSE,FALSE,2081.6414
30,74,EL4,PL5,EL,PL,Southern,CEE,FALSE,FALSE,0,0,1.04e-4,FALSE,FALSE,1846.784137
30,75,EL4,PL6,EL,PL,Southern,CEE,FALSE,FALSE,0,0,3.7e-4,FALSE,FALSE,2084.813926
30,76,EL4,PL7,EL,PL,Southern,CEE,FALSE,FALSE,0,0,1.34e-4,FALSE,FALSE,1835.263086
30,77,EL4,PL8,EL,PL,Southern,CEE,FALSE,FALSE,0,0,2.81e-4,FALSE,FALSE,1837.20169
30,78,EL4,PL9,EL,PL,Southern,CEE,FALSE,FALSE,0,0,2.02e-4,FALSE,FALSE,1923.975891
30,79,EL4,PT1,EL,PT,Southern,Southern,FALSE,TRUE,0,0,1.27e-4,FALSE,FALSE,2971.977639
30,80,EL4,PT2,EL,PT,Southern,Southern,FALSE,TRUE,0,0,4.53e-4,FALSE,FALSE,4463.703689
30,81,EL4,PT3,EL,PT,Southern,Southern,FALSE,TRUE,0,0,3.58e-4,FALSE,FALSE,3854.386627
30,82,EL4,RO1,EL,RO,Southern,CEE,FALSE,FALSE,0,0,4.69e-4,FALSE,FALSE,1280.137172
30,83,EL4,RO2,EL,RO,Southern,CEE,FALSE,FALSE,0,0,2.3e-4,FALSE,FALSE,1219.113406
30,84,EL4,RO3,EL,RO,Southern,CEE,FALSE,FALSE,0,0,2.28e-4,FALSE,FALSE,1028.685564
30,85,EL4,RO4,EL,RO,Southern,CEE,FALSE,FALSE,0,0,2.45e-4,FALSE,FALSE,1117.930475
30,86,EL4,SE1,EL,SE,Southern,Northern,FALSE,FALSE,0,0,1.72e-4,FALSE,FALSE,2727.3231
30,87,EL4,SE2,EL,SE,Southern,Northern,FALSE,FALSE,0,0,8.02e-4,FALSE,FALSE,2563.094776
30,88,EL4,SE3,EL,SE,Southern,Northern,FALSE,FALSE,0,0,4.94e-4,FALSE,FALSE,3234.828136
30,89,EL4,SI0,EL,SI,Southern,CEE,FALSE,FALSE,0,0,7.7e-5,FALSE,FALSE,1476.425802
30,90,EL4,SK0,EL,SK,Southern,CEE,FALSE,FALSE,0,0,3.2e-5,FALSE,FALSE,1562.905096
31,1,EL5,AT1,EL,AT,Southern,Western,FALSE,FALSE,0,0,1.95e-4,FALSE,FALSE,934.466705
31,2,EL5,AT2,EL,AT,Southern,Western,FALSE,FALSE,0,0,1.72e-4,FALSE,FALSE,900.694546
31,3,EL5,AT3,EL,AT,Southern,Western,FALSE,FALSE,0,0,1.23e-4,FALSE,FALSE,1035.776534
31,4,EL5,BE1,EL,BE,Southern,Western,FALSE,FALSE,0,0,1.62e-4,FALSE,FALSE,1763.027552
31,5,EL5,BE2,EL,BE,Southern,Western,FALSE,FALSE,0,0,3.61e-4,FALSE,FALSE,1785.197953
31,6,EL5,BE3,EL,BE,Southern,Western,FALSE,FALSE,0,0,1.47e-4,FALSE,FALSE,1673.020465
31,7,EL5,BG3,EL,BG,Southern,CEE,FALSE,FALSE,0,0,1.09e-4,FALSE,TRUE,411.859172
31,8,EL5,BG4,EL,BG,Southern,CEE,FALSE,FALSE,0,0,4.17e-4,TRUE,TRUE,268.76149
31,9,EL5,CY0,EL,CY,Southern,Southern,FALSE,TRUE,0,0,1.26e-4,FALSE,FALSE,1171.855284
31,10,EL5,CZ0,EL,CZ,Southern,CEE,FALSE,FALSE,0,0,4.64e-4,FALSE,FALSE,1121.108521
31,11,EL5,DE1,EL,DE,Southern,Western,FALSE,FALSE,0,0,8e-5,FALSE,FALSE,1345.745969
31,12,EL5,DE2,EL,DE,Southern,Western,FALSE,FALSE,0,0,1.76e-4,FALSE,FALSE,1196.288604
31,13,EL5,DE3,EL,DE,Southern,Western,FALSE,FALSE,0,0,1.53e-4,FALSE,FALSE,1468.294957
31,14,EL5,DE4,EL,DE,Southern,Western,FALSE,FALSE,0,0,2.49e-4,FALSE,FALSE,1488.770659
31,15,EL5,DE5,EL,DE,Southern,Western,FALSE,FALSE,0,0,7.97e-4,FALSE,FALSE,1699.230443
31,16,EL5,DE6,EL,DE,Southern,Western,FALSE,FALSE,0,0,5.4e-5,FALSE,FALSE,1692.401151
31,17,EL5,DE7,EL,DE,Southern,Western,FALSE,FALSE,0,0,2.98e-4,FALSE,FALSE,1482.079434
31,18,EL5,DE8,EL,DE,Southern,Western,FALSE,FALSE,0,0,5.38e-4,FALSE,FALSE,1633.316274
31,19,EL5,DE9,EL,DE,Southern,Western,FALSE,FALSE,0,0,1.35e-4,FALSE,FALSE,1655.576814
31,20,EL5,DEA,EL,DE,Southern,Western,FALSE,FALSE,0,0,2.15e-4,FALSE,FALSE,1622.930897
31,21,EL5,DEB,EL,DE,Southern,Western,FALSE,FALSE,0,0,3.39e-4,FALSE,FALSE,1534.537358
31,22,EL5,DEC,EL,DE,Southern,Western,FALSE,FALSE,0,0,1.39e-4,FALSE,FALSE,1517.184176
31,23,EL5,DED,EL,DE,Southern,Western,FALSE,FALSE,0,0,1.68e-4,FALSE,FALSE,1311.250162
31,24,EL5,DEE,EL,DE,Southern,Western,FALSE,FALSE,0,0,1.23e-4,FALSE,FALSE,1481.181538
31,25,EL5,DEF,EL,DE,Southern,Western,FALSE,FALSE,0,0,4.64e-4,FALSE,FALSE,1743.238323
31,26,EL5,DEG,EL,DE,Southern,Western,FALSE,FALSE,0,0,1.14e-4,FALSE,FALSE,1402.344645
31,27,EL5,DK0,EL,DK,Southern,Northern,FALSE,FALSE,0,0,7.1e-5,FALSE,FALSE,1960.499949
31,28,EL5,EE0,EL,EE,Southern,Baltics,FALSE,FALSE,0,0,1.08e-4,FALSE,FALSE,2043.718234
31,29,EL5,EL3,EL,EL,Southern,Southern,TRUE,TRUE,1,0.99,0.978598,FALSE,TRUE,320.819885
31,30,EL5,EL4,EL,EL,Southern,Southern,TRUE,TRUE,0,0,0.551273,FALSE,FALSE,645.032891
31,32,EL5,EL6,EL,EL,Southern,Southern,TRUE,TRUE,0,0,0.537823,TRUE,TRUE,160.307124
31,33,EL5,ES1,EL,ES,Southern,Southern,FALSE,TRUE,0,0,0.003618,FALSE,FALSE,2216.739748
31,34,EL5,ES2,EL,ES,Southern,Southern,FALSE,TRUE,0,0,0.001221,FALSE,FALSE,1890.58136
31,35,EL5,ES3,EL,ES,Southern,Southern,FALSE,TRUE,0,0,5.71e-4,FALSE,FALSE,2172.424978
31,36,EL5,ES4,EL,ES,Southern,Southern,FALSE,TRUE,0,0,3.95e-4,FALSE,FALSE,2328.680474
31,37,EL5,ES5,EL,ES,Southern,Southern,FALSE,TRUE,0,0,2.77e-4,FALSE,FALSE,1612.825741
31,38,EL5,ES6,EL,ES,Southern,Southern,FALSE,TRUE,0,0,1.51e-4,FALSE,FALSE,2249.02981
31,39,EL5,ES7,EL,ES,Southern,Southern,FALSE,TRUE,0,0,8.1e-5,FALSE,FALSE,3745.661248
31,40,EL5,FI1,EL,FI,Southern,Northern,FALSE,FALSE,0,0,2.24e-4,FALSE,FALSE,2706.055929
31,41,EL5,FI2,EL,FI,Southern,Northern,FALSE,FALSE,0,0,4.9e-5,FALSE,FALSE,2186.193232
31,42,EL5,FR1,EL,FR,Southern,Western,FALSE,FALSE,0,0,0.002043,FALSE,FALSE,1766.950319
31,43,EL5,FRB,EL,FR,Southern,Western,FALSE,FALSE,0,0,9.7e-5,FALSE,FALSE,1794.39629
31,44,EL5,FRC,EL,FR,Southern,Western,FALSE,FALSE,0,0,4.92e-4,FALSE,FALSE,1540.615978
31,45,EL5,FRD,EL,FR,Southern,Western,FALSE,FALSE,0,0,1.36e-4,FALSE,FALSE,1951.313081
31,46,EL5,FRE,EL,FR,Southern,Western,FALSE,FALSE,0,0,2.36e-4,FALSE,FALSE,1799.60881
31,47,EL5,FRF,EL,FR,Southern,Western,FALSE,FALSE,0,0,1.41e-4,FALSE,FALSE,1555.821059
31,48,EL5,FRG,EL,FR,Southern,Western,FALSE,FALSE,0,0,7.99e-4,FALSE,FALSE,1977.98931
31,49,EL5,FRH,EL,FR,Southern,Western,FALSE,FALSE,0,0,7e-5,FALSE,FALSE,2120.007272
31,50,EL5,FRI,EL,FR,Southern,Western,FALSE,FALSE,0,0,3.64e-4,FALSE,FALSE,1811.364802
31,51,EL5,FRJ,EL,FR,Southern,Western,FALSE,FALSE,0,0,1.36e-4,FALSE,FALSE,1649.701652
31,52,EL5,FRK,EL,FR,Southern,Western,FALSE,FALSE,0,0,1.41e-4,FALSE,FALSE,1496.164264
31,53,EL5,FRL,EL,FR,Southern,Western,FALSE,FALSE,0,0,0.001973,FALSE,FALSE,1359.10358
31,54,EL5,FRM,EL,FR,Southern,Western,FALSE,FALSE,0,0,1.08e-4,FALSE,FALSE,1083.399197
31,55,EL5,HU1,EL,HU,Southern,CEE,FALSE,FALSE,0,0,3.97e-4,FALSE,FALSE,784.697363
31,56,EL5,HU2,EL,HU,Southern,CEE,FALSE,FALSE,0,0,5.27e-4,FALSE,FALSE,770.254536
31,57,EL5,HU3,EL,HU,Southern,CEE,FALSE,FALSE,0,0,6.86e-4,FALSE,FALSE,732.314896
31,58,EL5,IE0,EL,IE,Southern,Western,FALSE,FALSE,0,0,8.1e-5,FALSE,FALSE,2637.08269
31,59,EL5,ITC,EL,IT,Southern,Southern,FALSE,TRUE,0.01,0.005,0.004697,FALSE,FALSE,1173.461011
31,60,EL5,ITF,EL,IT,Southern,Southern,FALSE,TRUE,0,0,1.04e-4,FALSE,TRUE,508.196303
31,61,EL5,ITG,EL,IT,Southern,Southern,FALSE,TRUE,0,0,0.00254,FALSE,FALSE,773.913735
31,62,EL5,ITH,EL,IT,Southern,Southern,FALSE,TRUE,0,0,4.9e-4,FALSE,FALSE,994.396991
31,63,EL5,ITI,EL,IT,Southern,Southern,FALSE,TRUE,0,0,6.5e-5,FALSE,FALSE,840.490966
31,64,EL5,LT0,EL,LT,Southern,Baltics,FALSE,FALSE,0,0,3.18e-4,FALSE,FALSE,1636.965356
31,65,EL5,LU0,EL,LU,Southern,Western,FALSE,FALSE,0,0,6.8e-5,FALSE,FALSE,1597.076216
31,66,EL5,LV0,EL,LV,Southern,Baltics,FALSE,FALSE,0,0,4.32e-4,FALSE,FALSE,1821.398368
31,67,EL5,MT0,EL,MT,Southern,Southern,FALSE,TRUE,0,0,7.6e-5,FALSE,FALSE,841.7215
31,68,EL5,NL1,EL,NL,Southern,Western,FALSE,FALSE,0.01,0.005,0.004427,FALSE,FALSE,1810.732596
31,69,EL5,NL2,EL,NL,Southern,Western,FALSE,FALSE,0,0,6e-5,FALSE,FALSE,1758.459117
31,70,EL5,NL3,EL,NL,Southern,Western,FALSE,FALSE,0,0,4.3e-4,FALSE,FALSE,1824.698613
31,71,EL5,NL4,EL,NL,Southern,Western,FALSE,FALSE,0,0,8.54e-4,FALSE,FALSE,1717.286184
31,72,EL5,PL2,EL,PL,Southern,CEE,FALSE,FALSE,0,0,0.00118,FALSE,FALSE,1067.459412
31,73,EL5,PL4,EL,PL,Southern,CEE,FALSE,FALSE,0,0,0.001117,FALSE,FALSE,1439.972282
31,74,EL5,PL5,EL,PL,Southern,CEE,FALSE,FALSE,0,0,1.79e-4,FALSE,FALSE,1204.40943
31,75,EL5,PL6,EL,PL,Southern,CEE,FALSE,FALSE,0,0,6.03e-4,FALSE,FALSE,1457.237125
31,76,EL5,PL7,EL,PL,Southern,CEE,FALSE,FALSE,0,0,2.45e-4,FALSE,FALSE,1205.335363
31,77,EL5,PL8,EL,PL,Southern,CEE,FALSE,FALSE,0,0,4.09e-4,FALSE,FALSE,1236.062961
31,78,EL5,PL9,EL,PL,Southern,CEE,FALSE,FALSE,0,0,3.06e-4,FALSE,FALSE,1308.840317
31,79,EL5,PT1,EL,PT,Southern,Southern,FALSE,TRUE,0,0,1.37e-4,FALSE,FALSE,2581.365222
31,80,EL5,PT2,EL,PT,Southern,Southern,FALSE,TRUE,0,0,7.63e-4,FALSE,FALSE,4047.021371
31,81,EL5,PT3,EL,PT,Southern,Southern,FALSE,TRUE,0,0,5.66e-4,FALSE,FALSE,3547.248913
31,82,EL5,RO1,EL,RO,Southern,CEE,FALSE,FALSE,0,0,7.48e-4,FALSE,FALSE,701.229683
31,83,EL5,RO2,EL,RO,Southern,CEE,FALSE,FALSE,0,0,3.82e-4,FALSE,FALSE,745.185553
31,84,EL5,RO3,EL,RO,Southern,CEE,FALSE,FALSE,0,0,3.96e-4,FALSE,TRUE,551.698259
31,85,EL5,RO4,EL,RO,Southern,CEE,FALSE,FALSE,0,0,3.7e-4,FALSE,TRUE,514.780429
31,86,EL5,SE1,EL,SE,Southern,Northern,FALSE,FALSE,0,0,3.21e-4,FALSE,FALSE,2097.96252
31,87,EL5,SE2,EL,SE,Southern,Northern,FALSE,FALSE,0,0,0.001302,FALSE,FALSE,1924.558012
31,88,EL5,SE3,EL,SE,Southern,Northern,FALSE,FALSE,0,0,7.67e-4,FALSE,FALSE,2612.588729
31,89,EL5,SI0,EL,SI,Southern,CEE,FALSE,FALSE,0,0,7.8e-5,FALSE,FALSE,849.046302
31,90,EL5,SK0,EL,SK,Southern,CEE,FALSE,FALSE,0,0,3.8e-5,FALSE,FALSE,922.995385
32,1,EL6,AT1,EL,AT,Southern,Western,FALSE,FALSE,0,0,1.65e-4,FALSE,FALSE,1087.141301
32,2,EL6,AT2,EL,AT,Southern,Western,FALSE,FALSE,0,0,1.32e-4,FALSE,FALSE,1047.4172819999999
32,3,EL6,AT3,EL,AT,Southern,Western,FALSE,FALSE,0,0,9.5e-5,FALSE,FALSE,1179.244602
32,4,EL6,BE1,EL,BE,Southern,Western,FALSE,FALSE,0,0,1.4e-4,FALSE,FALSE,1897.314437
32,5,EL6,BE2,EL,BE,Southern,Western,FALSE,FALSE,0,0,3.36e-4,FALSE,FALSE,1919.976909
32,6,EL6,BE3,EL,BE,Southern,Western,FALSE,FALSE,0,0,1.12e-4,FALSE,FALSE,1805.82434
32,7,EL6,BG3,EL,BG,Southern,CEE,FALSE,FALSE,0,0,9.8e-5,FALSE,TRUE,528.684403
32,8,EL6,BG4,EL,BG,Southern,CEE,FALSE,FALSE,0,0,3.11e-4,FALSE,TRUE,373.504647
32,9,EL6,CY0,EL,CY,Southern,Southern,FALSE,TRUE,0,0,1.01e-4,FALSE,FALSE,1087.125973
32,10,EL6,CZ0,EL,CZ,Southern,CEE,FALSE,FALSE,0,0,4.22e-4,FALSE,FALSE,1277.269982
32,11,EL6,DE1,EL,DE,Southern,Western,FALSE,FALSE,0,0,7e-5,FALSE,FALSE,1480.338175
32,12,EL6,DE2,EL,DE,Southern,Western,FALSE,FALSE,0,0,2.27e-4,FALSE,FALSE,1340.731587
32,13,EL6,DE3,EL,DE,Southern,Western,FALSE,FALSE,0,0,1.98e-4,FALSE,FALSE,1624.455034
32,14,EL6,DE4,EL,DE,Southern,Western,FALSE,FALSE,0,0,1.81e-4,FALSE,FALSE,1643.823183
32,15,EL6,DE5,EL,DE,Southern,Western,FALSE,FALSE,0,0,0.001415,FALSE,FALSE,1849.263626
32,16,EL6,DE6,EL,DE,Southern,Western,FALSE,FALSE,0,0,5.2e-5,FALSE,FALSE,1845.277206
32,17,EL6,DE7,EL,DE,Southern,Western,FALSE,FALSE,0,0,2.76e-4,FALSE,FALSE,1625.205133
32,18,EL6,DE8,EL,DE,Southern,Western,FALSE,FALSE,0,0,4.4e-4,FALSE,FALSE,1789.834055
32,19,EL6,DE9,EL,DE,Southern,Western,FALSE,FALSE,0,0,1.33e-4,FALSE,FALSE,1804.369341
32,20,EL6,DEA,EL,DE,Southern,Western,FALSE,FALSE,0,0,2.47e-4,FALSE,FALSE,1765.813724
32,21,EL6,DEB,EL,DE,Southern,Western,FALSE,FALSE,0,0,2.49e-4,FALSE,FALSE,1670.872224
32,22,EL6,DEC,EL,DE,Southern,Western,FALSE,FALSE,0,0,1.54e-4,FALSE,FALSE,1650.029774
32,23,EL6,DED,EL,DE,Southern,Western,FALSE,FALSE,0,0,2.07e-4,FALSE,FALSE,1465.049245
32,24,EL6,DEE,EL,DE,Southern,Western,FALSE,FALSE,0,0,1.1e-4,FALSE,FALSE,1633.752107
32,25,EL6,DEF,EL,DE,Southern,Western,FALSE,FALSE,0,0,3.48e-4,FALSE,FALSE,1896.832529
32,26,EL6,DEG,EL,DE,Southern,Western,FALSE,FALSE,0,0,1.02e-4,FALSE,FALSE,1551.509358
32,27,EL6,DK0,EL,DK,Southern,Northern,FALSE,FALSE,0,0,6.5e-5,FALSE,FALSE,2116.188868
32,28,EL6,EE0,EL,EE,Southern,Baltics,FALSE,FALSE,0,0,1.28e-4,FALSE,FALSE,2199.096289
32,29,EL6,EL3,EL,EL,Southern,Southern,TRUE,TRUE,0,0,0.695564,TRUE,TRUE,177.185599
32,30,EL6,EL4,EL,EL,Southern,Southern,TRUE,TRUE,0,0,0.393278,FALSE,TRUE,491.069626
32,31,EL6,EL5,EL,EL,Southern,Southern,TRUE,TRUE,1,0.995,0.982195,TRUE,TRUE,160.307124
32,33,EL6,ES1,EL,ES,Southern,Southern,FALSE,TRUE,0,0,0.002692,FALSE,FALSE,2292.997137
32,34,EL6,ES2,EL,ES,Southern,Southern,FALSE,TRUE,0,0,8.97e-4,FALSE,FALSE,1955.034585
32,35,EL6,ES3,EL,ES,Southern,Southern,FALSE,TRUE,0,0,4.35e-4,FALSE,FALSE,2228.754208
32,36,EL6,ES4,EL,ES,Southern,Southern,FALSE,TRUE,0,0,2.99e-4,FALSE,FALSE,2384.56767
32,37,EL6,ES5,EL,ES,Southern,Southern,FALSE,TRUE,0,0,2.05e-4,FALSE,FALSE,1653.955221
32,38,EL6,ES6,EL,ES,Southern,Southern,FALSE,TRUE,0,0,1.41e-4,FALSE,FALSE,2283.07873
32,39,EL6,ES7,EL,ES,Southern,Southern,FALSE,TRUE,0,0,7.7e-5,FALSE,FALSE,3756.657602
32,40,EL6,FI1,EL,FI,Southern,Northern,FALSE,FALSE,0,0,2.57e-4,FALSE,FALSE,2861.464035
32,41,EL6,FI2,EL,FI,Southern,Northern,FALSE,FALSE,0,0,4.7e-5,FALSE,FALSE,2345.682588
32,42,EL6,FR1,EL,FR,Southern,Western,FALSE,FALSE,0,0,0.002294,FALSE,FALSE,1886.714093
32,43,EL6,FRB,EL,FR,Southern,Western,FALSE,FALSE,0,0,9.3e-5,FALSE,FALSE,1906.084003
32,44,EL6,FRC,EL,FR,Southern,Western,FALSE,FALSE,0,0,3.61e-4,FALSE,FALSE,1656.195114
32,45,EL6,FRD,EL,FR,Southern,Western,FALSE,FALSE,0,0,1.04e-4,FALSE,FALSE,2068.934061
32,46,EL6,FRE,EL,FR,Southern,Western,FALSE,FALSE,0,0,1.79e-4,FALSE,FALSE,1926.877069
32,47,EL6,FRF,EL,FR,Southern,Western,FALSE,FALSE,0,0,1.3e-4,FALSE,FALSE,1682.688406
32,48,EL6,FRG,EL,FR,Southern,Western,FALSE,FALSE,0,0,6.17e-4,FALSE,FALSE,2084.443886
32,49,EL6,FRH,EL,FR,Southern,Western,FALSE,FALSE,0,0,8e-5,FALSE,FALSE,2229.014294
32,50,EL6,FRI,EL,FR,Southern,Western,FALSE,FALSE,0,0,2.83e-4,FALSE,FALSE,1902.725211
32,51,EL6,FRJ,EL,FR,Southern,Western,FALSE,FALSE,0,0,1.33e-4,FALSE,FALSE,1730.880095
32,52,EL6,FRK,EL,FR,Southern,Western,FALSE,FALSE,0,0,1.19e-4,FALSE,FALSE,1596.822129
32,53,EL6,FRL,EL,FR,Southern,Western,FALSE,FALSE,0,0,0.003552,FALSE,FALSE,1449.353429
32,54,EL6,FRM,EL,FR,Southern,Western,FALSE,FALSE,0,0,7.9e-5,FALSE,FALSE,1154.491532
32,55,EL6,HU1,EL,HU,Southern,CEE,FALSE,FALSE,0,0,3.77e-4,FALSE,FALSE,944.56909
32,56,EL6,HU2,EL,HU,Southern,CEE,FALSE,FALSE,0,0,4.82e-4,FALSE,FALSE,925.79456
32,57,EL6,HU3,EL,HU,Southern,CEE,FALSE,FALSE,0,0,6.1e-4,FALSE,FALSE,892.346874
32,58,EL6,IE0,EL,IE,Southern,Western,FALSE,FALSE,0,0,7.6e-5,FALSE,FALSE,2766.119082
32,59,EL6,ITC,EL,IT,Southern,Southern,FALSE,TRUE,0,0,0.003513,FALSE,FALSE,1281.545183
32,60,EL6,ITF,EL,IT,Southern,Southern,FALSE,TRUE,0,0,1.51e-4,FALSE,TRUE,554.807144
32,61,EL6,ITG,EL,IT,Southern,Southern,FALSE,TRUE,0.01,0.005,0.004664,FALSE,FALSE,753.034831
32,62,EL6,ITH,EL,IT,Southern,Southern,FALSE,TRUE,0,0,3.83e-4,FALSE,FALSE,1114.413979
32,63,EL6,ITI,EL,IT,Southern,Southern,FALSE,TRUE,0,0,5.7e-5,FALSE,FALSE,931.065585
32,64,EL6,LT0,EL,LT,Southern,Baltics,FALSE,FALSE,0,0,2.4e-4,FALSE,FALSE,1793.457318
32,65,EL6,LU0,EL,LU,Southern,Western,FALSE,FALSE,0,0,5e-5,FALSE,FALSE,1730.1367
32,66,EL6,LV0,EL,LV,Southern,Baltics,FALSE,FALSE,0,0,3.25e-4,FALSE,FALSE,1975.272011
32,67,EL6,MT0,EL,MT,Southern,Southern,FALSE,TRUE,0,0,8.2e-5,FALSE,FALSE,788.049907
32,68,EL6,NL1,EL,NL,Southern,Western,FALSE,FALSE,0,0,0.003163,FALSE,FALSE,1956.085965
32,69,EL6,NL2,EL,NL,Southern,Western,FALSE,FALSE,0,0,6.4e-5,FALSE,FALSE,1901.695661
32,70,EL6,NL3,EL,NL,Southern,Western,FALSE,FALSE,0,0,3.19e-4,FALSE,FALSE,1959.878813
32,71,EL6,NL4,EL,NL,Southern,Western,FALSE,FALSE,0,0,7.05e-4,FALSE,FALSE,1856.041262
32,72,EL6,PL2,EL,PL,Southern,CEE,FALSE,FALSE,0,0,9.31e-4,FALSE,FALSE,1227.730147
32,73,EL6,PL4,EL,PL,Southern,CEE,FALSE,FALSE,0,0,8.79e-4,FALSE,FALSE,1599.200335
32,74,EL6,PL5,EL,PL,Southern,CEE,FALSE,FALSE,0,0,1.44e-4,FALSE,FALSE,1363.470836
32,75,EL6,PL6,EL,PL,Southern,CEE,FALSE,FALSE,0,0,5.13e-4,FALSE,FALSE,1617.458436
32,76,EL6,PL7,EL,PL,Southern,CEE,FALSE,FALSE,0,0,1.86e-4,FALSE,FALSE,1365.60471
32,77,EL6,PL8,EL,PL,Southern,CEE,FALSE,FALSE,0,0,3.87e-4,FALSE,FALSE,1393.21626
32,78,EL6,PL9,EL,PL,Southern,CEE,FALSE,FALSE,0,0,2.79e-4,FALSE,FALSE,1467.98881
32,79,EL6,PT1,EL,PT,Southern,Southern,FALSE,TRUE,0,0,1.75e-4,FALSE,FALSE,2634.564489
32,80,EL6,PT2,EL,PT,Southern,Southern,FALSE,TRUE,0,0,6.27e-4,FALSE,FALSE,4111.757788
32,81,EL6,PT3,EL,PT,Southern,Southern,FALSE,TRUE,0,0,4.92e-4,FALSE,FALSE,3578.270859
32,82,EL6,RO1,EL,RO,Southern,CEE,FALSE,FALSE,0,0,6.45e-4,FALSE,FALSE,851.945678
32,83,EL6,RO2,EL,RO,Southern,CEE,FALSE,FALSE,0,0,3.16e-4,FALSE,FALSE,868.402596
32,84,EL6,RO3,EL,RO,Southern,CEE,FALSE,FALSE,0,0,3.15e-4,FALSE,FALSE,670.303192
32,85,EL6,RO4,EL,RO,Southern,CEE,FALSE,FALSE,0,0,3.38e-4,FALSE,TRUE,669.701746
32,86,EL6,SE1,EL,SE,Southern,Northern,FALSE,FALSE,0,0,2.37e-4,FALSE,FALSE,2258.265911
32,87,EL6,SE2,EL,SE,Southern,Northern,FALSE,FALSE,0,0,0.001113,FALSE,FALSE,2084.377272
32,88,EL6,SE3,EL,SE,Southern,Northern,FALSE,FALSE,0,0,6.87e-4,FALSE,FALSE,2772.690575
32,89,EL6,SI0,EL,SI,Southern,CEE,FALSE,FALSE,0,0,1.06e-4,FALSE,FALSE,988.835132
32,90,EL6,SK0,EL,SK,Southern,CEE,FALSE,FALSE,0,0,4.4e-5,FALSE,FALSE,1082.854997
33,1,ES1,AT1,ES,AT,Southern,Western,FALSE,FALSE,0.07,0.013375,0.027695,FALSE,FALSE,1678.544473
33,2,ES1,AT2,ES,AT,Southern,Western,FALSE,FALSE,0.06,0.017505,0.026843,FALSE,FALSE,1601.346256
33,3,ES1,AT3,ES,AT,Southern,Western,FALSE,FALSE,0.03,0.004017,0.01852,FALSE,FALSE,1491.5556
33,4,ES1,BE1,ES,BE,Southern,Western,FALSE,FALSE,0.03,0.003255,0.018343,FALSE,FALSE,1086.011249
33,5,ES1,BE2,ES,BE,Southern,Western,FALSE,FALSE,0.04,0.011838,0.022136,FALSE,FALSE,1093.482213
33,6,ES1,BE3,ES,BE,Southern,Western,FALSE,FALSE,0.07,0.013255,0.024685,FALSE,FALSE,1074.100258
33,7,ES1,BG3,ES,BG,Southern,CEE,FALSE,FALSE,0.03,0.002747,0.011226,FALSE,FALSE,2412.535761
33,8,ES1,BG4,ES,BG,Southern,CEE,FALSE,FALSE,0,0,0.011627,FALSE,FALSE,2379.498413
33,9,ES1,CY0,ES,CY,Southern,Southern,FALSE,TRUE,0.06,0.022417,0.027985,FALSE,FALSE,3379.761035
33,10,ES1,CZ0,ES,CZ,Southern,CEE,FALSE,FALSE,0.02,0.001422,0.018623,FALSE,FALSE,1714.46667
33,11,ES1,DE1,ES,DE,Southern,Western,FALSE,FALSE,0.02,0.001458,0.019316,FALSE,FALSE,1221.102079
33,12,ES1,DE2,ES,DE,Southern,Western,FALSE,FALSE,0.03,0.002167,0.016554,FALSE,FALSE,1434.775394
33,13,ES1,DE3,ES,DE,Southern,Western,FALSE,FALSE,0.02,0.0020830000000000002,0.016521,FALSE,FALSE,1689.778113
33,14,ES1,DE4,ES,DE,Southern,Western,FALSE,FALSE,0.07,0.01076,0.021547,FALSE,FALSE,1645.502177
33,15,ES1,DE5,ES,DE,Southern,Western,FALSE,FALSE,0.03,0.008922,0.01828,FALSE,FALSE,1479.6443
33,16,ES1,DE6,ES,DE,Southern,Western,FALSE,FALSE,0.04,0.002958,0.012463,FALSE,FALSE,1575.086885
33,17,ES1,DE7,ES,DE,Southern,Western,FALSE,FALSE,0.02,0.003125,0.014463,FALSE,FALSE,1321.281269
33,18,ES1,DE8,ES,DE,Southern,Western,FALSE,FALSE,0,0,0.013629,FALSE,FALSE,1720.090135
33,19,ES1,DE9,ES,DE,Southern,Western,FALSE,FALSE,0.03,0.004444,0.016393,FALSE,FALSE,1441.240538
33,20,ES1,DEA,ES,DE,Southern,Western,FALSE,FALSE,0.04,0.003199,0.019065,FALSE,FALSE,1291.187882
33,21,ES1,DEB,ES,DE,Southern,Western,FALSE,FALSE,0.03,0.002047,0.016505,FALSE,FALSE,1176.525246
33,22,ES1,DEC,ES,DE,Southern,Western,FALSE,FALSE,0.01,5.88e-4,0.015671,FALSE,FALSE,1122.822984
33,23,ES1,DED,ES,DE,Southern,Western,FALSE,FALSE,0.04,0.00872,0.021193,FALSE,FALSE,1612.25697
33,24,ES1,DEE,ES,DE,Southern,Western,FALSE,FALSE,0.03,0.001958,0.015361,FALSE,FALSE,1559.554509
33,25,ES1,DEF,ES,DE,Southern,Western,FALSE,FALSE,0.03,0.002088,0.019025,FALSE,FALSE,1608.241418
33,26,ES1,DEG,ES,DE,Southern,Western,FALSE,FALSE,0.03,0.006167,0.020862,FALSE,FALSE,1473.149576
33,27,ES1,DK0,ES,DK,Southern,Northern,FALSE,FALSE,0.06,0.021504,0.026882,FALSE,FALSE,1750.146061
33,28,ES1,EE0,ES,EE,Southern,Baltics,FALSE,FALSE,0.03,0.001838,0.009505,FALSE,FALSE,2690.043768
33,29,ES1,EL3,ES,EL,Southern,Southern,FALSE,TRUE,0.05,0.006033,0.065619,FALSE,FALSE,2456.385674
33,30,ES1,EL4,ES,EL,Southern,Southern,FALSE,TRUE,0.04,0.003468,0.05066,FALSE,FALSE,2681.976493
33,31,ES1,EL5,ES,EL,Southern,Southern,FALSE,TRUE,0.07,0.011387,0.069473,FALSE,FALSE,2216.739748
33,32,ES1,EL6,ES,EL,Southern,Southern,FALSE,TRUE,0.04,0.010595,0.067479,FALSE,FALSE,2292.997137
33,34,ES1,ES2,ES,ES,Southern,Southern,TRUE,TRUE,0.17,0.114611,0.097088,TRUE,TRUE,373.518298
33,35,ES1,ES3,ES,ES,Southern,Southern,TRUE,TRUE,0.06,0.011755,0.031348,FALSE,TRUE,309.060454
33,36,ES1,ES4,ES,ES,Southern,Southern,TRUE,TRUE,0.14,0.092917,0.091201,TRUE,TRUE,337.352889
33,37,ES1,ES5,ES,ES,Southern,Southern,TRUE,TRUE,0.12,0.085,0.084129,FALSE,FALSE,769.04876
33,38,ES1,ES6,ES,ES,Southern,Southern,TRUE,TRUE,0.18,0.093233,0.088827,FALSE,FALSE,634.775979
33,39,ES1,ES7,ES,ES,Southern,Southern,TRUE,TRUE,0.04,0.023429,0.028414,FALSE,FALSE,1939.057397
33,40,ES1,FI1,ES,FI,Southern,Northern,FALSE,FALSE,0.04,0.007262,0.020773,FALSE,FALSE,3121.73866
33,41,ES1,FI2,ES,FI,Southern,Northern,FALSE,FALSE,0.05,0.003867,0.012993,FALSE,FALSE,2506.640906
33,42,ES1,FR1,ES,FR,Southern,Western,FALSE,FALSE,0.06,0.014278,0.024916,FALSE,FALSE,822.618459
33,43,ES1,FRB,ES,FR,Southern,Western,FALSE,FALSE,0.07,0.022367,0.049411,FALSE,FALSE,690.904887
33,44,ES1,FRC,ES,FR,Southern,Western,FALSE,FALSE,0.08,0.019926,0.032477,FALSE,FALSE,879.556866
33,45,ES1,FRD,ES,FR,Southern,Western,FALSE,FALSE,0.06,0.013885,0.023903,FALSE,FALSE,736.924072
33,46,ES1,FRE,ES,FR,Southern,Western,FALSE,FALSE,0.07,0.004723,0.022938,FALSE,FALSE,942.483978
33,47,ES1,FRF,ES,FR,Southern,Western,FALSE,FALSE,0.04,0.009755,0.032417,FALSE,FALSE,1015.234444
33,48,ES1,FRG,ES,FR,Southern,Western,FALSE,FALSE,0.03,0.012111,0.025854,FALSE,TRUE,540.556163
33,49,ES1,FRH,ES,FR,Southern,Western,FALSE,FALSE,0.05,0.00413,0.019819,FALSE,TRUE,562.172172
33,50,ES1,FRI,ES,FR,Southern,Western,FALSE,FALSE,0.07,0.014063,0.031035,FALSE,TRUE,457.847342
33,51,ES1,FRJ,ES,FR,Southern,Western,FALSE,FALSE,0.09,0.032625,0.039577,FALSE,FALSE,569.11111
33,52,ES1,FRK,ES,FR,Southern,Western,FALSE,FALSE,0.04,0.0085,0.022106,FALSE,FALSE,786.735633
33,53,ES1,FRL,ES,FR,Southern,Western,FALSE,FALSE,0.05,0.006938,0.016075,FALSE,FALSE,870.462348
33,54,ES1,FRM,ES,FR,Southern,Western,FALSE,FALSE,0.04,0.005792,0.019887,FALSE,FALSE,1138.524536
33,55,ES1,HU1,ES,HU,Southern,CEE,FALSE,FALSE,0.01,5.88e-4,0.024938,FALSE,FALSE,1930.23869
33,56,ES1,HU2,ES,HU,Southern,CEE,FALSE,FALSE,0.03,0.002047,0.016081,FALSE,FALSE,1795.269651
33,57,ES1,HU3,ES,HU,Southern,CEE,FALSE,FALSE,0.01,6.25e-4,0.034114,FALSE,FALSE,2046.295407
33,58,ES1,IE0,ES,IE,Southern,Western,FALSE,FALSE,0.02,0.001778,0.009156,FALSE,FALSE,1165.594335
33,59,ES1,ITC,ES,IT,Southern,Southern,FALSE,TRUE,0.05,0.011429,0.022222,FALSE,FALSE,1105.054381
33,60,ES1,ITF,ES,IT,Southern,Southern,FALSE,TRUE,0.06,0.009301,0.028753,FALSE,FALSE,1741.14931
33,61,ES1,ITG,ES,IT,Southern,Southern,FALSE,TRUE,0.07,0.019917,0.026805,FALSE,FALSE,1698.551842
33,62,ES1,ITH,ES,IT,Southern,Southern,FALSE,TRUE,0.03,0.002088,0.016738,FALSE,FALSE,1316.002015
33,63,ES1,ITI,ES,IT,Southern,Southern,FALSE,TRUE,0.06,0.016833,0.026069,FALSE,FALSE,1378.641093
33,64,ES1,LT0,ES,LT,Southern,Baltics,FALSE,FALSE,0.01,5.88e-4,0.015459,FALSE,FALSE,2429.425983
33,65,ES1,LU0,ES,LU,Southern,Western,FALSE,FALSE,0.05,0.006797,0.016605,FALSE,FALSE,1099.501157
33,66,ES1,LV0,ES,LV,Southern,Baltics,FALSE,FALSE,0,0,0.012057,FALSE,FALSE,2623.419289
33,67,ES1,MT0,ES,MT,Southern,Southern,FALSE,TRUE,0.03,0.006838,0.018631,FALSE,FALSE,1814.8904
33,68,ES1,NL1,ES,NL,Southern,Western,FALSE,FALSE,0.03,0.001922,0.011265,FALSE,FALSE,1347.602094
33,69,ES1,NL2,ES,NL,Southern,Western,FALSE,FALSE,0.05,0.005588,0.019826,FALSE,FALSE,1290.268547
33,70,ES1,NL3,ES,NL,Southern,Western,FALSE,FALSE,0.03,0.003497,0.017841,FALSE,FALSE,1098.466627
33,71,ES1,NL4,ES,NL,Southern,Western,FALSE,FALSE,0.05,0.008909,0.021226,FALSE,FALSE,1186.952644
33,72,ES1,PL2,ES,PL,Southern,CEE,FALSE,FALSE,0,0,0.046314,FALSE,FALSE,2007.932156
33,73,ES1,PL4,ES,PL,Southern,CEE,FALSE,FALSE,0.05,0.004142,0.048539,FALSE,FALSE,1858.422285
33,74,ES1,PL5,ES,PL,Southern,CEE,FALSE,FALSE,0.01,5.88e-4,0.010747,FALSE,FALSE,1833.795908
33,75,ES1,PL6,ES,PL,Southern,CEE,FALSE,FALSE,0.01,6.25e-4,0.034973,FALSE,FALSE,2084.648453
33,76,ES1,PL7,ES,PL,Southern,CEE,FALSE,FALSE,0.03,0.002569,0.011221,FALSE,FALSE,2021.207542
33,77,ES1,PL8,ES,PL,Southern,CEE,FALSE,FALSE,0.03,0.002088,0.030115,FALSE,FALSE,2251.555393
33,78,ES1,PL9,ES,PL,Southern,CEE,FALSE,FALSE,0,0,0.014823,FALSE,FALSE,2170.146081
33,79,ES1,PT1,ES,PT,Southern,Southern,FALSE,TRUE,0.08,0.044576,0.045572,TRUE,TRUE,519.908776
33,80,ES1,PT2,ES,PT,Southern,Southern,FALSE,TRUE,0.04,0.003551,0.016984,FALSE,FALSE,1841.104513
33,81,ES1,PT3,ES,PT,Southern,Southern,FALSE,TRUE,0.12,0.022933,0.025952,FALSE,FALSE,1560.164695
33,82,ES1,RO1,ES,RO,Southern,CEE,FALSE,FALSE,0.02,0.001576,0.036471,FALSE,FALSE,2271.298505
33,83,ES1,RO2,ES,RO,Southern,CEE,FALSE,FALSE,0,0,0.014672,FALSE,FALSE,2536.388779
33,84,ES1,RO3,ES,RO,Southern,CEE,FALSE,FALSE,0,0,0.020569,FALSE,FALSE,2468.920674
33,85,ES1,RO4,ES,RO,Southern,CEE,FALSE,FALSE,0,0,0.021111,FALSE,FALSE,2190.86045
33,86,ES1,SE1,ES,SE,Southern,Northern,FALSE,FALSE,0.02,0.002017,0.027926,FALSE,FALSE,2282.544558
33,87,ES1,SE2,ES,SE,Southern,Northern,FALSE,FALSE,0.02,0.001458,0.046759,FALSE,FALSE,2047.269486
33,88,ES1,SE3,ES,SE,Southern,Northern,FALSE,FALSE,0.02,0.0025,0.03288,FALSE,FALSE,2664.680035
33,89,ES1,SI0,ES,SI,Southern,CEE,FALSE,FALSE,0.05,0.004284,0.018402,FALSE,FALSE,1557.856013
33,90,ES1,SK0,ES,SK,Southern,CEE,FALSE,FALSE,0.02,0.001838,0.008571,FALSE,FALSE,1908.881385
34,1,ES2,AT1,ES,AT,Southern,Western,FALSE,FALSE,0.09,0.015696,0.023446,FALSE,FALSE,1464.132686
34,2,ES2,AT2,ES,AT,Southern,Western,FALSE,FALSE,0.09,0.013638,0.026132,FALSE,FALSE,1373.054071
34,3,ES2,AT3,ES,AT,Southern,Western,FALSE,FALSE,0.1,0.01215,0.02199,FALSE,FALSE,1284.840473
34,4,ES2,BE1,ES,BE,Southern,Western,FALSE,FALSE,0.06,0.005414,0.016742,FALSE,FALSE,1075.115755
34,5,ES2,BE2,ES,BE,Southern,Western,FALSE,FALSE,0.09,0.014603,0.024125,FALSE,FALSE,1090.123474
34,6,ES2,BE3,ES,BE,Southern,Western,FALSE,FALSE,0.08,0.022088,0.026776,FALSE,FALSE,1031.322441
34,7,ES2,BG3,ES,BG,Southern,CEE,FALSE,FALSE,0.06,0.007565,0.013411,FALSE,FALSE,2120.467263
34,8,ES2,BG4,ES,BG,Southern,CEE,FALSE,FALSE,0.05,0.005048,0.012269,FALSE,FALSE,2072.439284
34,9,ES2,CY0,ES,CY,Southern,Southern,FALSE,TRUE,0.13,0.021448,0.025802,FALSE,FALSE,3041.490386
34,10,ES2,CZ0,ES,CZ,Southern,CEE,FALSE,FALSE,0.05,0.004933,0.019854,FALSE,FALSE,1540.204866
34,11,ES2,DE1,ES,DE,Southern,Western,FALSE,FALSE,0.04,0.007444,0.020951,FALSE,FALSE,1075.258374
34,12,ES2,DE2,ES,DE,Southern,Western,FALSE,FALSE,0.15,0.014656,0.024439,FALSE,FALSE,1265.194243
34,13,ES2,DE3,ES,DE,Southern,Western,FALSE,FALSE,0.08,0.007767,0.017375,FALSE,FALSE,1589.304303
34,14,ES2,DE4,ES,DE,Southern,Western,FALSE,FALSE,0.05,0.003081,0.01449,FALSE,FALSE,1550.767595
34,15,ES2,DE5,ES,DE,Southern,Western,FALSE,FALSE,0.07,0.005453,0.016659,FALSE,FALSE,1440.525832
34,16,ES2,DE6,ES,DE,Southern,Western,FALSE,FALSE,0.05,0.007047,0.0166,FALSE,FALSE,1530.072004
34,17,ES2,DE7,ES,DE,Southern,Western,FALSE,FALSE,0.03,0.003213,0.011584,FALSE,FALSE,1225.15817
34,18,ES2,DE8,ES,DE,Southern,Western,FALSE,FALSE,0.05,0.003927,0.015128,FALSE,FALSE,1654.423063
34,19,ES2,DE9,ES,DE,Southern,Western,FALSE,FALSE,0.08,0.009857,0.018644,FALSE,FALSE,1392.296153
34,20,ES2,DEA,ES,DE,Southern,Western,FALSE,FALSE,0.07,0.009256,0.020797,FALSE,FALSE,1235.601491
34,21,ES2,DEB,ES,DE,Southern,Western,FALSE,FALSE,0.09,0.00957,0.020635,FALSE,FALSE,1090.370574
34,22,ES2,DEC,ES,DE,Southern,Western,FALSE,FALSE,0.03,0.003833,0.017549,FALSE,FALSE,1026.799679
34,23,ES2,DED,ES,DE,Southern,Western,FALSE,FALSE,0.09,0.015793,0.027511,FALSE,FALSE,1477.83942
34,24,ES2,DEE,ES,DE,Southern,Western,FALSE,FALSE,0.07,0.005089,0.016114,FALSE,FALSE,1464.793237
34,25,ES2,DEF,ES,DE,Southern,Western,FALSE,FALSE,0.06,0.008679,0.02443,FALSE,FALSE,1573.481917
34,26,ES2,DEG,ES,DE,Southern,Western,FALSE,FALSE,0.05,0.006576,0.020393,FALSE,FALSE,1359.008921
34,27,ES2,DK0,ES,DK,Southern,Northern,FALSE,FALSE,0.06,0.006788,0.016494,FALSE,FALSE,1754.402673
34,28,ES2,EE0,ES,EE,Southern,Baltics,FALSE,FALSE,0.02,0.001929,0.008927,FALSE,FALSE,2616.815762
34,29,ES2,EL3,ES,EL,Southern,Southern,FALSE,TRUE,0.17,0.024465,0.091547,FALSE,FALSE,2113.242815
34,30,ES2,EL4,ES,EL,Southern,Southern,FALSE,TRUE,0.13,0.022113,0.073612,FALSE,FALSE,2325.6381
34,31,ES2,EL5,ES,EL,Southern,Southern,FALSE,TRUE,0.13,0.023897,0.090369,FALSE,FALSE,1890.58136
34,32,ES2,EL6,ES,EL,Southern,Southern,FALSE,TRUE,0.08,0.00752,0.082573,FALSE,FALSE,1955.034585
34,33,ES2,ES1,ES,ES,Southern,Southern,TRUE,TRUE,0.11,0.026627,0.031819,TRUE,TRUE,373.518298
34,35,ES2,ES3,ES,ES,Southern,Southern,TRUE,TRUE,0.19,0.049913,0.05488,FALSE,TRUE,299.877193
34,36,ES2,ES4,ES,ES,Southern,Southern,TRUE,TRUE,0.09,0.019665,0.030694,TRUE,TRUE,451.092935
34,37,ES2,ES5,ES,ES,Southern,Southern,TRUE,TRUE,0.13,0.032104,0.042402,TRUE,TRUE,398.149498
34,38,ES2,ES6,ES,ES,Southern,Southern,TRUE,TRUE,0.16,0.040265,0.050664,FALSE,TRUE,539.632936
34,39,ES2,ES7,ES,ES,Southern,Southern,TRUE,TRUE,0.09,0.018401,0.025416,FALSE,FALSE,2048.447458
34,40,ES2,FI1,ES,FI,Southern,Northern,FALSE,FALSE,0.06,0.006843,0.017173,FALSE,FALSE,3109.615136
34,41,ES2,FI2,ES,FI,Southern,Northern,FALSE,FALSE,0.02,0.002159,0.009326,FALSE,FALSE,2478.754166
34,42,ES2,FR1,ES,FR,Southern,Western,FALSE,FALSE,0.09,0.014432,0.024104,FALSE,FALSE,805.037285
34,43,ES2,FRB,ES,FR,Southern,Western,FALSE,FALSE,0.13,0.019721,0.033236,FALSE,FALSE,673.596836
34,44,ES2,FRC,ES,FR,Southern,Western,FALSE,FALSE,0.11,0.022866,0.037025,FALSE,FALSE,755.011615
34,45,ES2,FRD,ES,FR,Southern,Western,FALSE,FALSE,0.09,0.020015,0.03011,FALSE,FALSE,804.984249
34,46,ES2,FRE,ES,FR,Southern,Western,FALSE,FALSE,0.13,0.022466,0.029914,FALSE,FALSE,944.424698
34,47,ES2,FRF,ES,FR,Southern,Western,FALSE,FALSE,0.12,0.010705,0.023039,FALSE,FALSE,923.017406
34,48,ES2,FRG,ES,FR,Southern,Western,FALSE,FALSE,0.1,0.018202,0.031869,FALSE,FALSE,624.377826
34,49,ES2,FRH,ES,FR,Southern,Western,FALSE,FALSE,0.07,0.009556,0.020447,FALSE,FALSE,724.753028
34,50,ES2,FRI,ES,FR,Southern,Western,FALSE,FALSE,0.09,0.017178,0.031791,TRUE,TRUE,369.268428
34,51,ES2,FRJ,ES,FR,Southern,Western,FALSE,FALSE,0.1,0.018214,0.027019,TRUE,TRUE,314.237805
34,52,ES2,FRK,ES,FR,Southern,Western,FALSE,FALSE,0.06,0.007445,0.017457,FALSE,FALSE,591.150271
34,53,ES2,FRL,ES,FR,Southern,Western,FALSE,FALSE,0.09,0.014371,0.02125,FALSE,FALSE,600.611171
34,54,ES2,FRM,ES,FR,Southern,Western,FALSE,FALSE,0.15,0.023939,0.029656,FALSE,FALSE,807.635573
34,55,ES2,HU1,ES,HU,Southern,CEE,FALSE,FALSE,0.04,0.005293,0.035014000000000003,FALSE,FALSE,1697.954131
34,56,ES2,HU2,ES,HU,Southern,CEE,FALSE,FALSE,0.1,0.007986,0.021987,FALSE,FALSE,1555.463378
34,57,ES2,HU3,ES,HU,Southern,CEE,FALSE,FALSE,0.06,0.005577,0.046665,FALSE,FALSE,1806.755548
34,58,ES2,IE0,ES,IE,Southern,Western,FALSE,FALSE,0.01,0.001111,0.007107,FALSE,FALSE,1410.251147
34,59,ES2,ITC,ES,IT,Southern,Southern,FALSE,TRUE,0.07,0.006871,0.018086,FALSE,FALSE,856.155698
34,60,ES2,ITF,ES,IT,Southern,Southern,FALSE,TRUE,0.12,0.036218,0.044108,FALSE,FALSE,1400.312929
34,61,ES2,ITG,ES,IT,Southern,Southern,FALSE,TRUE,0.09,0.020818,0.026282,FALSE,FALSE,1331.838882
34,62,ES2,ITH,ES,IT,Southern,Southern,FALSE,TRUE,0.11,0.013338,0.021826,FALSE,FALSE,1062.153786
34,63,ES2,ITI,ES,IT,Southern,Southern,FALSE,TRUE,0.07,0.006133,0.013762,FALSE,FALSE,1066.6
34,64,ES2,LT0,ES,LT,Southern,Baltics,FALSE,FALSE,0.02,0.00254,0.02143,FALSE,FALSE,2313.384182
34,65,ES2,LU0,ES,LU,Southern,Western,FALSE,FALSE,0.07,0.012531,0.018667,FALSE,FALSE,1030.569012
34,66,ES2,LV0,ES,LV,Southern,Baltics,FALSE,FALSE,0.05,0.004423,0.016774,FALSE,FALSE,2519.707672
34,67,ES2,MT0,ES,MT,Southern,Southern,FALSE,TRUE,0.07,0.009808,0.018873,FALSE,FALSE,1443.513134
34,68,ES2,NL1,ES,NL,Southern,Western,FALSE,FALSE,0.1,0.014968,0.020075,FALSE,FALSE,1343.727938
34,69,ES2,NL2,ES,NL,Southern,Western,FALSE,FALSE,0.06,0.010651,0.024831,FALSE,FALSE,1274.027467
34,70,ES2,NL3,ES,NL,Southern,Western,FALSE,FALSE,0.07,0.009917,0.020563,FALSE,FALSE,1108.34764
34,71,ES2,NL4,ES,NL,Southern,Western,FALSE,FALSE,0.06,0.006604,0.018684,FALSE,FALSE,1160.421273
34,72,ES2,PL2,ES,PL,Southern,CEE,FALSE,FALSE,0.03,0.002205,0.048431,FALSE,FALSE,1822.25326
34,73,ES2,PL4,ES,PL,Southern,CEE,FALSE,FALSE,0.01,3.57e-4,0.048586,FALSE,FALSE,1746.069832
34,74,ES2,PL5,ES,PL,Southern,CEE,FALSE,FALSE,0.03,0.001958,0.012589,FALSE,FALSE,1676.163147
34,75,ES2,PL6,ES,PL,Southern,CEE,FALSE,FALSE,0.02,0.00119,0.035353,FALSE,FALSE,1963.722205
34,76,ES2,PL7,ES,PL,Southern,CEE,FALSE,FALSE,0.01,5e-4,0.009799,FALSE,FALSE,1858.796795
34,77,ES2,PL8,ES,PL,Southern,CEE,FALSE,FALSE,0.01,4.55e-4,0.027515,FALSE,FALSE,2082.871208
34,78,ES2,PL9,ES,PL,Southern,CEE,FALSE,FALSE,0.02,0.0015,0.017071,FALSE,FALSE,2018.270368
34,79,ES2,PT1,ES,PT,Southern,Southern,FALSE,TRUE,0.09,0.01202,0.029362,FALSE,FALSE,706.060432
34,80,ES2,PT2,ES,PT,Southern,Southern,FALSE,TRUE,0.05,0.004181,0.014283,FALSE,FALSE,2157.328733
34,81,ES2,PT3,ES,PT,Southern,Southern,FALSE,TRUE,0.12,0.017689,0.021656,FALSE,FALSE,1737.525514
34,82,ES2,RO1,ES,RO,Southern,CEE,FALSE,FALSE,0.01,3.57e-4,0.041959,FALSE,FALSE,2022.647982
34,83,ES2,RO2,ES,RO,Southern,CEE,FALSE,FALSE,0.03,0.002431,0.017782,FALSE,FALSE,2277.705948
34,84,ES2,RO3,ES,RO,Southern,CEE,FALSE,FALSE,0.05,0.003286,0.025529,FALSE,FALSE,2190.177781
34,85,ES2,RO4,ES,RO,Southern,CEE,FALSE,FALSE,0.02,0.001818,0.025108,FALSE,FALSE,1920.362158
34,86,ES2,SE1,ES,SE,Southern,Northern,FALSE,FALSE,0.06,0.004578,0.029226,FALSE,FALSE,2262.870052
34,87,ES2,SE2,ES,SE,Southern,Northern,FALSE,FALSE,0.01,3.57e-4,0.045465,FALSE,FALSE,2017.557297
34,88,ES2,SE3,ES,SE,Southern,Northern,FALSE,FALSE,0.03,0.002266,0.032249,FALSE,FALSE,2695.026296
34,89,ES2,SI0,ES,SI,Southern,CEE,FALSE,FALSE,0.08,0.015538,0.024215,FALSE,FALSE,1311.219479
34,90,ES2,SK0,ES,SK,Southern,CEE,FALSE,FALSE,0.07,0.006901,0.012255,FALSE,FALSE,1699.602803
35,1,ES3,AT1,ES,AT,Southern,Western,FALSE,FALSE,0.07,0.011781,0.024084,FALSE,FALSE,1761.895337
35,2,ES3,AT2,ES,AT,Southern,Western,FALSE,FALSE,0.05,0.010857,0.027296,FALSE,FALSE,1672.002118
35,3,ES3,AT3,ES,AT,Southern,Western,FALSE,FALSE,0.04,0.00275,0.016887,FALSE,FALSE,1581.162913
35,4,ES3,BE1,ES,BE,Southern,Western,FALSE,FALSE,0.09,0.013247,0.02187,FALSE,FALSE,1304.460382
35,5,ES3,BE2,ES,BE,Southern,Western,FALSE,FALSE,0.09,0.013507,0.022,FALSE,FALSE,1316.059681
35,6,ES3,BE3,ES,BE,Southern,Western,FALSE,FALSE,0.04,0.008595,0.019031,FALSE,FALSE,1274.611618
35,7,ES3,BG3,ES,BG,Southern,CEE,FALSE,FALSE,0.1,0.012708,0.019937,FALSE,FALSE,2414.899443
35,8,ES3,BG4,ES,BG,Southern,CEE,FALSE,FALSE,0.01,0.001667,0.010481,FALSE,FALSE,2362.473845
35,9,ES3,CY0,ES,CY,Southern,Southern,FALSE,TRUE,0.1,0.011933,0.019061,FALSE,FALSE,3312.043513
35,10,ES3,CZ0,ES,CZ,Southern,CEE,FALSE,FALSE,0.02,0.002167,0.016771,FALSE,FALSE,1831.628458
35,11,ES3,DE1,ES,DE,Southern,Western,FALSE,FALSE,0.05,0.007085,0.025323,FALSE,FALSE,1356.953449
35,12,ES3,DE2,ES,DE,Southern,Western,FALSE,FALSE,0.03,0.005111,0.018516,FALSE,FALSE,1554.404578
35,13,ES3,DE3,ES,DE,Southern,Western,FALSE,FALSE,0.06,0.013078,0.021411,FALSE,FALSE,1860.441942
35,14,ES3,DE4,ES,DE,Southern,Western,FALSE,FALSE,0.04,0.006838,0.018321,FALSE,FALSE,1819.700537
35,15,ES3,DE5,ES,DE,Southern,Western,FALSE,FALSE,0.06,0.007667,0.019536,FALSE,FALSE,1686.798966
35,16,ES3,DE6,ES,DE,Southern,Western,FALSE,FALSE,0.05,0.0085,0.016272,FALSE,FALSE,1779.550647
35,17,ES3,DE7,ES,DE,Southern,Western,FALSE,FALSE,0.03,0.004167,0.013873,FALSE,FALSE,1492.173109
35,18,ES3,DE8,ES,DE,Southern,Western,FALSE,FALSE,0.04,0.005766,0.020645,FALSE,FALSE,1913.137138
35,19,ES3,DE9,ES,DE,Southern,Western,FALSE,FALSE,0.03,0.001909,0.017109,FALSE,FALSE,1642.377625
35,20,ES3,DEA,ES,DE,Southern,Western,FALSE,FALSE,0.07,0.005692,0.017425,FALSE,FALSE,1486.990324
35,21,ES3,DEB,ES,DE,Southern,Western,FALSE,FALSE,0.05,0.004178,0.020767999999999998,FALSE,FALSE,1352.260134
35,22,ES3,DEC,ES,DE,Southern,Western,FALSE,FALSE,0.02,8.17e-4,0.019312,FALSE,FALSE,1291.563321
35,23,ES3,DED,ES,DE,Southern,Western,FALSE,FALSE,0.06,0.017101,0.028351,FALSE,FALSE,1759.065143
35,24,ES3,DEE,ES,DE,Southern,Western,FALSE,FALSE,0.01,4.35e-4,0.015822,FALSE,FALSE,1733.201852
35,25,ES3,DEF,ES,DE,Southern,Western,FALSE,FALSE,0.08,0.015337,0.026446,FALSE,FALSE,1818.834893
35,26,ES3,DEG,ES,DE,Southern,Western,FALSE,FALSE,0.04,0.005167,0.020366,FALSE,FALSE,1633.283999
35,27,ES3,DK0,ES,DK,Southern,Northern,FALSE,FALSE,0.12,0.019879,0.025054,FALSE,FALSE,1982.76036
35,28,ES3,EE0,ES,EE,Southern,Baltics,FALSE,FALSE,0.01,5e-4,0.009173,FALSE,FALSE,2881.850663
35,29,ES3,EL3,ES,EL,Southern,Southern,FALSE,TRUE,0.11,0.011327,0.085486,FALSE,FALSE,2381.976999
35,30,ES3,EL4,ES,EL,Southern,Southern,FALSE,TRUE,0.04,0.004468,0.067417,FALSE,FALSE,2578.34729
35,31,ES3,EL5,ES,EL,Southern,Southern,FALSE,TRUE,0.16,0.032816,0.092284,FALSE,FALSE,2172.424978
35,32,ES3,EL6,ES,EL,Southern,Southern,FALSE,TRUE,0.14,0.021305,0.080837,FALSE,FALSE,2228.754208
35,33,ES3,ES1,ES,ES,Southern,Southern,TRUE,TRUE,0.08,0.018449,0.026364,FALSE,TRUE,309.060454
35,34,ES3,ES2,ES,ES,Southern,Southern,TRUE,TRUE,0.14,0.062932,0.061867,FALSE,TRUE,299.877193
35,36,ES3,ES4,ES,ES,Southern,Southern,TRUE,TRUE,0.18,0.077361,0.085216,TRUE,TRUE,156.263198
35,37,ES3,ES5,ES,ES,Southern,Southern,TRUE,TRUE,0.12,0.05159,0.066978,FALSE,TRUE,598.200229
35,38,ES3,ES6,ES,ES,Southern,Southern,TRUE,TRUE,0.07,0.018995,0.046859,FALSE,TRUE,330.104907
35,39,ES3,ES7,ES,ES,Southern,Southern,TRUE,TRUE,0.1,0.030317,0.031707,FALSE,FALSE,1759.90024
35,40,ES3,FI1,ES,FI,Southern,Northern,FALSE,FALSE,0.08,0.025095,0.030744,FALSE,FALSE,3350.134805
35,41,ES3,FI2,ES,FI,Southern,Northern,FALSE,FALSE,0.1,0.015318,0.019216,FALSE,FALSE,2725.004366
35,42,ES3,FR1,ES,FR,Southern,Western,FALSE,FALSE,0.11,0.017086,0.02991,FALSE,FALSE,1032.081406
35,43,ES3,FRB,ES,FR,Southern,Western,FALSE,FALSE,0.07,0.018333,0.032223,FALSE,FALSE,896.201439
35,44,ES3,FRC,ES,FR,Southern,Western,FALSE,FALSE,0.11,0.023359,0.036441,FALSE,FALSE,1025.359128
35,45,ES3,FRD,ES,FR,Southern,Western,FALSE,FALSE,0.04,0.004504,0.017,FALSE,FALSE,987.013066
35,46,ES3,FRE,ES,FR,Southern,Western,FALSE,FALSE,0.06,0.027076,0.035234,FALSE,FALSE,1165.228224
35,47,ES3,FRF,ES,FR,Southern,Western,FALSE,FALSE,0.09,0.023429,0.035128,FALSE,FALSE,1184.805046
35,48,ES3,FRG,ES,FR,Southern,Western,FALSE,FALSE,0.07,0.008013,0.022685,FALSE,FALSE,790.211016
35,49,ES3,FRH,ES,FR,Southern,Western,FALSE,FALSE,0.04,0.012338,0.022123,FALSE,FALSE,845.186939
35,50,ES3,FRI,ES,FR,Southern,Western,FALSE,FALSE,0.09,0.049244,0.052381,FALSE,TRUE,605.663714
35,51,ES3,FRJ,ES,FR,Southern,Western,FALSE,FALSE,0.07,0.006544,0.021882,FALSE,FALSE,608.636954
35,52,ES3,FRK,ES,FR,Southern,Western,FALSE,FALSE,0.07,0.011142,0.027618,FALSE,FALSE,879.427718
35,53,ES3,FRL,ES,FR,Southern,Western,FALSE,FALSE,0.05,0.013733,0.023592,FALSE,FALSE,900.400532
35,54,ES3,FRM,ES,FR,Southern,Western,FALSE,FALSE,0.11,0.017513,0.02637,FALSE,FALSE,1094.223572
35,55,ES3,HU1,ES,HU,Southern,CEE,FALSE,FALSE,0.01,4.35e-4,0.02271,FALSE,FALSE,1997.471992
35,56,ES3,HU2,ES,HU,Southern,CEE,FALSE,FALSE,0,0,0.013345,FALSE,FALSE,1855.20765
35,57,ES3,HU3,ES,HU,Southern,CEE,FALSE,FALSE,0.03,0.002667,0.03126,FALSE,FALSE,2106.573304
35,58,ES3,IE0,ES,IE,Southern,Western,FALSE,FALSE,0.04,0.00254,0.00912,FALSE,FALSE,1473.853999
35,59,ES3,ITC,ES,IT,Southern,Southern,FALSE,TRUE,0.02,0.003095,0.014711,FALSE,FALSE,1155.573994
35,60,ES3,ITF,ES,IT,Southern,Southern,FALSE,TRUE,0.1,0.025891,0.038322,FALSE,FALSE,1674.656404
35,61,ES3,ITG,ES,IT,Southern,Southern,FALSE,TRUE,0.09,0.0315,0.036352,FALSE,FALSE,1570.827321
35,62,ES3,ITH,ES,IT,Southern,Southern,FALSE,TRUE,0.08,0.009118,0.017897,FALSE,FALSE,1362.001386
35,63,ES3,ITI,ES,IT,Southern,Southern,FALSE,TRUE,0.05,0.005738,0.014788,FALSE,FALSE,1358.713209
35,64,ES3,LT0,ES,LT,Southern,Baltics,FALSE,FALSE,0.01,4.17e-4,0.01543,FALSE,FALSE,2592.142826
35,65,ES3,LU0,ES,LU,Southern,Western,FALSE,FALSE,0.05,0.005336,0.013454,FALSE,FALSE,1284.89842
35,66,ES3,LV0,ES,LV,Southern,Baltics,FALSE,FALSE,0.04,0.002326,0.013077,FALSE,FALSE,2795.086264
35,67,ES3,MT0,ES,MT,Southern,Southern,FALSE,TRUE,0.02,0.001409,0.012505,FALSE,FALSE,1664.537921
35,68,ES3,NL1,ES,NL,Southern,Western,FALSE,FALSE,0.05,0.004573,0.015517,FALSE,FALSE,1572.973835
35,69,ES3,NL2,ES,NL,Southern,Western,FALSE,FALSE,0.11,0.016022,0.024989,FALSE,FALSE,1508.435919
35,70,ES3,NL3,ES,NL,Southern,Western,FALSE,FALSE,0.05,0.007854,0.018202,FALSE,FALSE,1328.003055
35,71,ES3,NL4,ES,NL,Southern,Western,FALSE,FALSE,0.04,0.006744,0.021211,FALSE,FALSE,1398.256665
35,72,ES3,PL2,ES,PL,Southern,CEE,FALSE,FALSE,0.01,4.17e-4,0.040896,FALSE,FALSE,2116.605075
35,73,ES3,PL4,ES,PL,Southern,CEE,FALSE,FALSE,0,0,0.042808,FALSE,FALSE,2021.880812
35,74,ES3,PL5,ES,PL,Southern,CEE,FALSE,FALSE,0.02,0.00175,0.009711,FALSE,FALSE,1964.341495
35,75,ES3,PL6,ES,PL,Southern,CEE,FALSE,FALSE,0.02,0.002143,0.03394,FALSE,FALSE,2242.985176
35,76,ES3,PL7,ES,PL,Southern,CEE,FALSE,FALSE,0.01,5e-4,0.009183,FALSE,FALSE,2148.619437
35,77,ES3,PL8,ES,PL,Southern,CEE,FALSE,FALSE,0,0,0.026763,FALSE,FALSE,2374.537259
35,78,ES3,PL9,ES,PL,Southern,CEE,FALSE,FALSE,0.02,9.17e-4,0.015598,FALSE,FALSE,2306.054912
35,79,ES3,PT1,ES,PT,Southern,Southern,FALSE,TRUE,0.01,0.002,0.015738,FALSE,TRUE,410.60379
35,80,ES3,PT2,ES,PT,Southern,Southern,FALSE,TRUE,0.06,0.008429,0.017584,FALSE,FALSE,1887.022038
35,81,ES3,PT3,ES,PT,Southern,Southern,FALSE,TRUE,0.08,0.008328,0.015514,FALSE,FALSE,1438.077985
35,82,ES3,RO1,ES,RO,Southern,CEE,FALSE,FALSE,0.01,4e-4,0.038983,FALSE,FALSE,2322.469259
35,83,ES3,RO2,ES,RO,Southern,CEE,FALSE,FALSE,0.01,4.35e-4,0.01634,FALSE,FALSE,2576.994591
35,84,ES3,RO3,ES,RO,Southern,CEE,FALSE,FALSE,0.01,5e-4,0.022739,FALSE,FALSE,2487.225665
35,85,ES3,RO4,ES,RO,Southern,CEE,FALSE,FALSE,0.01,4.35e-4,0.023303,FALSE,FALSE,2218.832709
35,86,ES3,SE1,ES,SE,Southern,Northern,FALSE,FALSE,0,0,0.022293,FALSE,FALSE,2504.781876
35,87,ES3,SE2,ES,SE,Southern,Northern,FALSE,FALSE,0.01,0.001429,0.040523000000000003,FALSE,FALSE,2263.049911
35,88,ES3,SE3,ES,SE,Southern,Northern,FALSE,FALSE,0,0,0.028008,FALSE,FALSE,2913.60693
35,89,ES3,SI0,ES,SI,Southern,CEE,FALSE,FALSE,0.04,0.004169,0.017186,FALSE,FALSE,1611.037158
35,90,ES3,SK0,ES,SK,Southern,CEE,FALSE,FALSE,0.03,0.001761,0.008991,FALSE,FALSE,1997.17541
36,1,ES4,AT1,ES,AT,Southern,Western,FALSE,FALSE,0.07,0.008269,0.024828,FALSE,FALSE,1905.515429
36,2,ES4,AT2,ES,AT,Southern,Western,FALSE,FALSE,0.06,0.012353,0.025877,FALSE,FALSE,1817.761694
36,3,ES4,AT3,ES,AT,Southern,Western,FALSE,FALSE,0.06,0.011099,0.021851,FALSE,FALSE,1723.041422
36,4,ES4,BE1,ES,BE,Southern,Western,FALSE,FALSE,0.07,0.006207,0.017063,FALSE,FALSE,1402.751617
36,5,ES4,BE2,ES,BE,Southern,Western,FALSE,FALSE,0.07,0.013806,0.022903,FALSE,FALSE,1412.341092
36,6,ES4,BE3,ES,BE,Southern,Western,FALSE,FALSE,0.03,0.002678,0.018664,FALSE,FALSE,1381.008016
36,7,ES4,BG3,ES,BG,Southern,CEE,FALSE,FALSE,0.07,0.007281,0.017515,FALSE,FALSE,2569.822987
36,8,ES4,BG4,ES,BG,Southern,CEE,FALSE,FALSE,0.04,0.003238,0.012933,FALSE,FALSE,2518.339891
36,9,ES4,CY0,ES,CY,Southern,Southern,FALSE,TRUE,0.05,0.02525,0.029452,FALSE,FALSE,3467.370157
36,10,ES4,CZ0,ES,CZ,Southern,CEE,FALSE,FALSE,0.07,0.004959,0.021111,FALSE,FALSE,1967.909799
36,11,ES4,DE1,ES,DE,Southern,Western,FALSE,FALSE,0.04,0.004289,0.016798,FALSE,FALSE,1486.591497
36,12,ES4,DE2,ES,DE,Southern,Western,FALSE,FALSE,0.03,0.002381,0.015521,FALSE,FALSE,1689.251167
36,13,ES4,DE3,ES,DE,Southern,Western,FALSE,FALSE,0.03,0.001941,0.014141,FALSE,FALSE,1980.653622
36,14,ES4,DE4,ES,DE,Southern,Western,FALSE,FALSE,0.03,0.002468,0.014544,FALSE,FALSE,1938.528323
36,15,ES4,DE5,ES,DE,Southern,Western,FALSE,FALSE,0.02,9e-4,0.013392,FALSE,FALSE,1791.732485
36,16,ES4,DE6,ES,DE,Southern,Western,FALSE,FALSE,0.03,0.001729,0.014539,FALSE,FALSE,1885.943023
36,17,ES4,DE7,ES,DE,Southern,Western,FALSE,FALSE,0.03,0.002011,0.012887,FALSE,FALSE,1611.17139
36,18,ES4,DE8,ES,DE,Southern,Western,FALSE,FALSE,0.07,0.012389,0.021757,FALSE,FALSE,2024.79803
36,19,ES4,DE9,ES,DE,Southern,Western,FALSE,FALSE,0.05,0.006817,0.019935,FALSE,FALSE,1749.89407
36,20,ES4,DEA,ES,DE,Southern,Western,FALSE,FALSE,0.06,0.006206,0.017355,FALSE,FALSE,1596.298875
36,21,ES4,DEB,ES,DE,Southern,Western,FALSE,FALSE,0.07,0.005004,0.019991,FALSE,FALSE,1468.902029
36,22,ES4,DEC,ES,DE,Southern,Western,FALSE,FALSE,0.03,0.003051,0.017245,FALSE,FALSE,1410.41473
36,23,ES4,DED,ES,DE,Southern,Western,FALSE,FALSE,0.03,0.003965,0.018975,FALSE,FALSE,1886.924711
36,24,ES4,DEE,ES,DE,Southern,Western,FALSE,FALSE,0.05,0.006377,0.01607,FALSE,FALSE,1852.000466
36,25,ES4,DEF,ES,DE,Southern,Western,FALSE,FALSE,0.03,0.002008,0.02094,FALSE,FALSE,1922.480367
36,26,ES4,DEG,ES,DE,Southern,Western,FALSE,FALSE,0.06,0.006067,0.018368,FALSE,FALSE,1756.501413
36,27,ES4,DK0,ES,DK,Southern,Northern,FALSE,FALSE,0.05,0.005254,0.01593,FALSE,FALSE,2075.285127
36,28,ES4,EE0,ES,EE,Southern,Baltics,FALSE,FALSE,0.08,0.008117,0.014666,FALSE,FALSE,2995.399347
36,29,ES4,EL3,ES,EL,Southern,Southern,FALSE,TRUE,0.12,0.017442,0.072676,FALSE,FALSE,2537.23537
36,30,ES4,EL4,ES,EL,Southern,Southern,FALSE,TRUE,0.06,0.005293,0.05774,FALSE,FALSE,2730.976498
36,31,ES4,EL5,ES,EL,Southern,Southern,FALSE,TRUE,0.05,0.009921,0.070668,FALSE,FALSE,2328.680474
36,32,ES4,EL6,ES,EL,Southern,Southern,FALSE,TRUE,0.03,0.001277,0.067842,FALSE,FALSE,2384.56767
36,33,ES4,ES1,ES,ES,Southern,Southern,TRUE,TRUE,0.07,0.030671,0.040341,TRUE,TRUE,337.352889
36,34,ES4,ES2,ES,ES,Southern,Southern,TRUE,TRUE,0.1,0.02999,0.038946,TRUE,TRUE,451.092935
36,35,ES4,ES3,ES,ES,Southern,Southern,TRUE,TRUE,0.13,0.024452,0.033161,TRUE,TRUE,156.263198
36,37,ES4,ES5,ES,ES,Southern,Southern,TRUE,TRUE,0.18,0.101839,0.094441,TRUE,TRUE,748.179327
36,38,ES4,ES6,ES,ES,Southern,Southern,TRUE,TRUE,0.16,0.106662,0.102178,TRUE,TRUE,340.318342
36,39,ES4,ES7,ES,ES,Southern,Southern,TRUE,TRUE,0.05,0.005789,0.016475,FALSE,FALSE,1634.463442
36,40,ES4,FI1,ES,FI,Southern,Northern,FALSE,FALSE,0.03,0.002158,0.016828,FALSE,FALSE,3446.230833
36,41,ES4,FI2,ES,FI,Southern,Northern,FALSE,FALSE,0.08,0.010424,0.017691,FALSE,FALSE,2826.075998
36,42,ES4,FR1,ES,FR,Southern,Western,FALSE,FALSE,0.06,0.015404,0.025299,FALSE,FALSE,1133.041524
36,43,ES4,FRB,ES,FR,Southern,Western,FALSE,FALSE,0.09,0.020447,0.035259,FALSE,FALSE,997.770314
36,44,ES4,FRC,ES,FR,Southern,Western,FALSE,FALSE,0.09,0.023296999999999998,0.034306,FALSE,FALSE,1149.898224
36,45,ES4,FRD,ES,FR,Southern,Western,FALSE,FALSE,0.06,0.011955,0.023738,FALSE,FALSE,1066.355601
36,46,ES4,FRE,ES,FR,Southern,Western,FALSE,FALSE,0.1,0.016855,0.035773,FALSE,FALSE,1260.731873
36,47,ES4,FRF,ES,FR,Southern,Western,FALSE,FALSE,0.03,0.004135,0.021973,FALSE,FALSE,1302.743889
36,48,ES4,FRG,ES,FR,Southern,Western,FALSE,FALSE,0.07,0.01086,0.025553,FALSE,FALSE,868.398678
36,49,ES4,FRH,ES,FR,Southern,Western,FALSE,FALSE,0.11,0.013076,0.027538,FALSE,FALSE,899.415087
36,50,ES4,FRI,ES,FR,Southern,Western,FALSE,FALSE,0.07,0.02346,0.035718,FALSE,TRUE,722.845314
36,51,ES4,FRJ,ES,FR,Southern,Western,FALSE,FALSE,0.06,0.010694,0.025173,FALSE,FALSE,752.379139
36,52,ES4,FRK,ES,FR,Southern,Western,FALSE,FALSE,0.08,0.007827,0.026708,FALSE,FALSE,1016.544827
36,53,ES4,FRL,ES,FR,Southern,Western,FALSE,FALSE,0.11,0.021896,0.027158,FALSE,FALSE,1049.294622
36,54,ES4,FRM,ES,FR,Southern,Western,FALSE,FALSE,0.11,0.032207,0.034301,FALSE,FALSE,1250.252971
36,55,ES4,HU1,ES,HU,Southern,CEE,FALSE,FALSE,0.02,0.003718,0.029159,FALSE,FALSE,2144.474632
36,56,ES4,HU2,ES,HU,Southern,CEE,FALSE,FALSE,0.01,3.45e-4,0.015868,FALSE,FALSE,2003.147608
36,57,ES4,HU3,ES,HU,Southern,CEE,FALSE,FALSE,0.04,0.003746,0.039068,FALSE,FALSE,2254.862868
36,58,ES4,IE0,ES,IE,Southern,Western,FALSE,FALSE,0.02,8.93e-4,0.007751,FALSE,FALSE,1482.194621
36,59,ES4,ITC,ES,IT,Southern,Southern,FALSE,TRUE,0.05,0.007944,0.018459,FALSE,FALSE,1302.909739
36,60,ES4,ITF,ES,IT,Southern,Southern,FALSE,TRUE,0.13,0.02447,0.035146,FALSE,FALSE,1830.62712
36,61,ES4,ITG,ES,IT,Southern,Southern,FALSE,TRUE,0.08,0.012867,0.022188,FALSE,FALSE,1721.757576
36,62,ES4,ITH,ES,IT,Southern,Southern,FALSE,TRUE,0.07,0.010519,0.01813,FALSE,FALSE,1510.849927
36,63,ES4,ITI,ES,IT,Southern,Southern,FALSE,TRUE,0.06,0.011028,0.023067,FALSE,FALSE,1514.093322
36,64,ES4,LT0,ES,LT,Southern,Baltics,FALSE,FALSE,0.03,0.002008,0.017669,FALSE,FALSE,2716.405741
36,65,ES4,LU0,ES,LU,Southern,Western,FALSE,FALSE,0.1,0.0088,0.020275,FALSE,FALSE,1397.545407
36,66,ES4,LV0,ES,LV,Southern,Baltics,FALSE,FALSE,0.01,5.26e-4,0.013344,FALSE,FALSE,2916.425429
36,67,ES4,MT0,ES,MT,Southern,Southern,FALSE,TRUE,0.05,0.004698,0.01586,FALSE,FALSE,1811.360026
36,68,ES4,NL1,ES,NL,Southern,Western,FALSE,FALSE,0.06,0.005798,0.015617,FALSE,FALSE,1668.650274
36,69,ES4,NL2,ES,NL,Southern,Western,FALSE,FALSE,0.1,0.010633,0.019933,FALSE,FALSE,1607.60469
36,70,ES4,NL3,ES,NL,Southern,Western,FALSE,FALSE,0.06,0.010516,0.018109,FALSE,FALSE,1420.705138
36,71,ES4,NL4,ES,NL,Southern,Western,FALSE,FALSE,0.07,0.006642,0.02002,FALSE,FALSE,1500.349596
36,72,ES4,PL2,ES,PL,Southern,CEE,FALSE,FALSE,0.01,0.001111,0.047922,FALSE,FALSE,2255.534413
36,73,ES4,PL4,ES,PL,Southern,CEE,FALSE,FALSE,0,0,0.050701,FALSE,FALSE,2144.979786
36,74,ES4,PL5,ES,PL,Southern,CEE,FALSE,FALSE,0.04,0.002377,0.010975,FALSE,FALSE,2097.422405
36,75,ES4,PL6,ES,PL,Southern,CEE,FALSE,FALSE,0,0,0.037708,FALSE,FALSE,2368.218877
36,76,ES4,PL7,ES,PL,Southern,CEE,FALSE,FALSE,0.03,0.001972,0.010361,FALSE,FALSE,2282.912488
36,77,ES4,PL8,ES,PL,Southern,CEE,FALSE,FALSE,0.01,5.56e-4,0.032891,FALSE,FALSE,2510.358974
36,78,ES4,PL9,ES,PL,Southern,CEE,FALSE,FALSE,0.03,0.002587,0.019212,FALSE,FALSE,2438.270968
36,79,ES4,PT1,ES,PT,Southern,Southern,FALSE,TRUE,0.12,0.050871,0.049643,TRUE,TRUE,255.312658
36,80,ES4,PT2,ES,PT,Southern,Southern,FALSE,TRUE,0.14,0.028381,0.030804,FALSE,FALSE,1733.132907
36,81,ES4,PT3,ES,PT,Southern,Southern,FALSE,TRUE,0.06,0.00784,0.018322,FALSE,FALSE,1293.797327
36,82,ES4,RO1,ES,RO,Southern,CEE,FALSE,FALSE,0,0,0.041013,FALSE,FALSE,2472.362495
36,83,ES4,RO2,ES,RO,Southern,CEE,FALSE,FALSE,0,0,0.017374,FALSE,FALSE,2728.490017
36,84,ES4,RO3,ES,RO,Southern,CEE,FALSE,FALSE,0,0,0.023492,FALSE,FALSE,2640.980467
36,85,ES4,RO4,ES,RO,Southern,CEE,FALSE,FALSE,0.03,0.001625,0.024069,FALSE,FALSE,2371.453464
36,86,ES4,SE1,ES,SE,Southern,Northern,FALSE,FALSE,0.04,0.002367,0.02724,FALSE,FALSE,2603.6295
36,87,ES4,SE2,ES,SE,Southern,Northern,FALSE,FALSE,0.03,0.00173,0.0449,FALSE,FALSE,2364.931136
36,88,ES4,SE3,ES,SE,Southern,Northern,FALSE,FALSE,0,0,0.031531000000000003,FALSE,FALSE,2996.782871
36,89,ES4,SI0,ES,SI,Southern,CEE,FALSE,FALSE,0.08,0.022328,0.029953,FALSE,FALSE,1759.510763
36,90,ES4,SK0,ES,SK,Southern,CEE,FALSE,FALSE,0.06,0.006959,0.01192,FALSE,FALSE,2140.309026
37,1,ES5,AT1,ES,AT,Southern,Western,FALSE,FALSE,0.11,0.014196,0.024373,FALSE,FALSE,1381.083907
37,2,ES5,AT2,ES,AT,Southern,Western,FALSE,FALSE,0.06,0.005978,0.026988,FALSE,FALSE,1276.386665
37,3,ES5,AT3,ES,AT,Southern,Western,FALSE,FALSE,0.1,0.020779,0.026769,FALSE,FALSE,1225.698883
37,4,ES5,BE1,ES,BE,Southern,Western,FALSE,FALSE,0.02,0.002011,0.016015,FALSE,FALSE,1255.151764
37,5,ES5,BE2,ES,BE,Southern,Western,FALSE,FALSE,0.05,0.003074,0.016485,FALSE,FALSE,1275.340447
37,6,ES5,BE3,ES,BE,Southern,Western,FALSE,FALSE,0.04,0.003447,0.014243,FALSE,FALSE,1186.880238
37,7,ES5,BG3,ES,BG,Southern,CEE,FALSE,FALSE,0.11,0.011011,0.017633,FALSE,FALSE,1895.668042
37,8,ES5,BG4,ES,BG,Southern,CEE,FALSE,FALSE,0.06,0.007565,0.01631,FALSE,FALSE,1824.263913
37,9,ES5,CY0,ES,CY,Southern,Southern,FALSE,TRUE,0.05,0.004971,0.018485,FALSE,FALSE,2729.398574
37,10,ES5,CZ0,ES,CZ,Southern,CEE,FALSE,FALSE,0.06,0.003443,0.021856,FALSE,FALSE,1505.989659
37,11,ES5,DE1,ES,DE,Southern,Western,FALSE,FALSE,0.04,0.004343,0.018333,FALSE,FALSE,1116.059686
37,12,ES5,DE2,ES,DE,Southern,Western,FALSE,FALSE,0.06,0.005742,0.019295,FALSE,FALSE,1257.071095
37,13,ES5,DE3,ES,DE,Southern,Western,FALSE,FALSE,0.09,0.005453,0.014994,FALSE,FALSE,1640.051384
37,14,ES5,DE4,ES,DE,Southern,Western,FALSE,FALSE,0.06,0.00791,0.021578,FALSE,FALSE,1610.097101
37,15,ES5,DE5,ES,DE,Southern,Western,FALSE,FALSE,0.07,0.005961,0.01618,FALSE,FALSE,1564.762036
37,16,ES5,DE6,ES,DE,Southern,Western,FALSE,FALSE,0.08,0.011154,0.017539,FALSE,FALSE,1642.979813
37,17,ES5,DE7,ES,DE,Southern,Western,FALSE,FALSE,0.11,0.012895,0.019229,FALSE,FALSE,1306.887321
37,18,ES5,DE8,ES,DE,Southern,Western,FALSE,FALSE,0.1,0.015455,0.023403,FALSE,FALSE,1739.289493
37,19,ES5,DE9,ES,DE,Southern,Western,FALSE,FALSE,0.06,0.005246,0.017949,FALSE,FALSE,1509.930233
37,20,ES5,DEA,ES,DE,Southern,Western,FALSE,FALSE,0.07,0.007735,0.020498,FALSE,FALSE,1358.590339
37,21,ES5,DEB,ES,DE,Southern,Western,FALSE,FALSE,0.11,0.009999,0.022243,FALSE,FALSE,1196.232732
37,22,ES5,DEC,ES,DE,Southern,Western,FALSE,FALSE,0.06,0.005078,0.019496,FALSE,FALSE,1129.696081
37,23,ES5,DED,ES,DE,Southern,Western,FALSE,FALSE,0.1,0.010057,0.025449,FALSE,FALSE,1496.510445
37,24,ES5,DEE,ES,DE,Southern,Western,FALSE,FALSE,0.06,0.009931,0.020708,FALSE,FALSE,1529.457333
37,25,ES5,DEF,ES,DE,Southern,Western,FALSE,FALSE,0.05,0.003661,0.021024,FALSE,FALSE,1694.22718
37,26,ES5,DEG,ES,DE,Southern,Western,FALSE,FALSE,0.08,0.008695,0.022796,FALSE,FALSE,1409.588361
37,27,ES5,DK0,ES,DK,Southern,Northern,FALSE,FALSE,0.1,0.017636,0.024761,FALSE,FALSE,1904.357746
37,28,ES5,EE0,ES,EE,Southern,Baltics,FALSE,FALSE,0.06,0.00497,0.012209,FALSE,FALSE,2661.506694
37,29,ES5,EL3,ES,EL,Southern,Southern,FALSE,TRUE,0.12,0.013363,0.076501,FALSE,FALSE,1799.955678
37,30,ES5,EL4,ES,EL,Southern,Southern,FALSE,TRUE,0.14,0.01553,0.063134,FALSE,FALSE,1983.782436
37,31,ES5,EL5,ES,EL,Southern,Southern,FALSE,TRUE,0.13,0.01981,0.079975,FALSE,FALSE,1612.825741
37,32,ES5,EL6,ES,EL,Southern,Southern,FALSE,TRUE,0.08,0.008716,0.072043,FALSE,FALSE,1653.955221
37,33,ES5,ES1,ES,ES,Southern,Southern,TRUE,TRUE,0.12,0.035702,0.040915,FALSE,FALSE,769.04876
37,34,ES5,ES2,ES,ES,Southern,Southern,TRUE,TRUE,0.12,0.036834,0.044097,TRUE,TRUE,398.149498
37,35,ES5,ES3,ES,ES,Southern,Southern,TRUE,TRUE,0.16,0.023864,0.035341,FALSE,TRUE,598.200229
37,36,ES5,ES4,ES,ES,Southern,Southern,TRUE,TRUE,0.2,0.076136,0.0762,TRUE,FALSE,748.179327
37,38,ES5,ES6,ES,ES,Southern,Southern,TRUE,TRUE,0.19,0.078812,0.077806,TRUE,TRUE,639.188009
37,39,ES5,ES7,ES,ES,Southern,Southern,TRUE,TRUE,0.08,0.004811,0.018059,FALSE,FALSE,2170.691726
37,40,ES5,FI1,ES,FI,Southern,Northern,FALSE,FALSE,0.11,0.01146,0.022858,FALSE,FALSE,3209.647325
37,41,ES5,FI2,ES,FI,Southern,Northern,FALSE,FALSE,0.09,0.012719,0.016792,FALSE,FALSE,2574.352259
37,42,ES5,FR1,ES,FR,Southern,Western,FALSE,FALSE,0.08,0.007253,0.018913,FALSE,FALSE,1013.236986
37,43,ES5,FRB,ES,FR,Southern,Western,FALSE,FALSE,0.08,0.005332,0.021455,FALSE,FALSE,905.432803
37,44,ES5,FRC,ES,FR,Southern,Western,FALSE,FALSE,0.06,0.005667,0.018224,FALSE,FALSE,871.357681
37,45,ES5,FRD,ES,FR,Southern,Western,FALSE,FALSE,0.1,0.008165,0.021075,FALSE,FALSE,1076.897874
37,46,ES5,FRE,ES,FR,Southern,Western,FALSE,FALSE,0.09,0.011288,0.023117,FALSE,FALSE,1149.738608
37,47,ES5,FRF,ES,FR,Southern,Western,FALSE,FALSE,0.06,0.009133,0.022633,FALSE,FALSE,1043.889317
37,48,ES5,FRG,ES,FR,Southern,Western,FALSE,FALSE,0.13,0.028453,0.035119,FALSE,FALSE,931.678675
37,49,ES5,FRH,ES,FR,Southern,Western,FALSE,FALSE,0.08,0.010062,0.024175,FALSE,FALSE,1059.69743
37,50,ES5,FRI,ES,FR,Southern,Western,FALSE,FALSE,0.13,0.027502,0.036283,FALSE,TRUE,641.406923
37,51,ES5,FRJ,ES,FR,Southern,Western,FALSE,FALSE,0.07,0.014035,0.024617,TRUE,TRUE,453.301102
37,52,ES5,FRK,ES,FR,Southern,Western,FALSE,FALSE,0.09,0.010346,0.023494,FALSE,FALSE,667.207215
37,53,ES5,FRL,ES,FR,Southern,Western,FALSE,FALSE,0.07,0.006719,0.016684,FALSE,TRUE,559.329294
37,54,ES5,FRM,ES,FR,Southern,Western,FALSE,FALSE,0.11,0.022425,0.03164,FALSE,TRUE,581.633837
37,55,ES5,HU1,ES,HU,Southern,CEE,FALSE,FALSE,0.05,0.004472,0.032755,FALSE,FALSE,1576.969132
37,56,ES5,HU2,ES,HU,Southern,CEE,FALSE,FALSE,0.04,0.003134,0.018834,FALSE,FALSE,1430.614651
37,57,ES5,HU3,ES,HU,Southern,CEE,FALSE,FALSE,0.05,0.006083,0.045573,FALSE,FALSE,1670.758858
37,58,ES5,IE0,ES,IE,Southern,Western,FALSE,FALSE,0.02,0.001667,0.006924,FALSE,FALSE,1755.717758
37,59,ES5,ITC,ES,IT,Southern,Southern,FALSE,TRUE,0.1,0.021424,0.027327,FALSE,FALSE,786.626602
37,60,ES5,ITF,ES,IT,Southern,Southern,FALSE,TRUE,0.12,0.032116,0.035903,FALSE,FALSE,1106.186549
37,61,ES5,ITG,ES,IT,Southern,Southern,FALSE,TRUE,0.08,0.016125,0.025039,FALSE,FALSE,973.586903
37,62,ES5,ITH,ES,IT,Southern,Southern,FALSE,TRUE,0.09,0.009855,0.023527,FALSE,FALSE,954.585122
37,63,ES5,ITI,ES,IT,Southern,Southern,FALSE,TRUE,0.08,0.008455,0.019307,FALSE,FALSE,852.861287
37,64,ES5,LT0,ES,LT,Southern,Baltics,FALSE,FALSE,0.04,0.001699,0.018838,FALSE,FALSE,2317.760031
37,65,ES5,LU0,ES,LU,Southern,Western,FALSE,FALSE,0.04,0.00279,0.016821,FALSE,FALSE,1160.86921
37,66,ES5,LV0,ES,LV,Southern,Baltics,FALSE,FALSE,0.04,0.001544,0.017008,FALSE,FALSE,2532.859333
37,67,ES5,MT0,ES,MT,Southern,Southern,FALSE,TRUE,0.09,0.010124,0.018751,FALSE,FALSE,1067.322127
37,68,ES5,NL1,ES,NL,Southern,Western,FALSE,FALSE,0.08,0.00592,0.015661,FALSE,FALSE,1507.998748
37,69,ES5,NL2,ES,NL,Southern,Western,FALSE,FALSE,0.11,0.019162,0.027189,FALSE,FALSE,1431.865233
37,70,ES5,NL3,ES,NL,Southern,Western,FALSE,FALSE,0.08,0.010435,0.019948,FALSE,FALSE,1303.339477
37,71,ES5,NL4,ES,NL,Southern,Western,FALSE,FALSE,0.11,0.007566,0.018345,FALSE,FALSE,1318.106197
37,72,ES5,PL2,ES,PL,Southern,CEE,FALSE,FALSE,0.06,0.003603,0.054988,FALSE,FALSE,1759.03885
37,73,ES5,PL4,ES,PL,Southern,CEE,FALSE,FALSE,0.02,8.61e-4,0.056236,FALSE,FALSE,1775.283979
37,74,ES5,PL5,ES,PL,Southern,CEE,FALSE,FALSE,0.06,0.004275,0.014135,FALSE,FALSE,1655.227961
37,75,ES5,PL6,ES,PL,Southern,CEE,FALSE,FALSE,0.01,6.25e-4,0.041157,FALSE,FALSE,1973.817888
37,76,ES5,PL7,ES,PL,Southern,CEE,FALSE,FALSE,0.02,0.001773,0.009151,FALSE,FALSE,1823.475911
37,77,ES5,PL8,ES,PL,Southern,CEE,FALSE,FALSE,0.03,0.00256,0.034758,FALSE,FALSE,2031.40634
37,78,ES5,PL9,ES,PL,Southern,CEE,FALSE,FALSE,0.05,0.005511,0.02193,FALSE,FALSE,1989.693731
37,79,ES5,PT1,ES,PT,Southern,Southern,FALSE,TRUE,0.11,0.033715,0.039638,FALSE,FALSE,988.706426
37,80,ES5,PT2,ES,PT,Southern,Southern,FALSE,TRUE,0.16,0.02175,0.031098,FALSE,FALSE,2479.980299
37,81,ES5,PT3,ES,PT,Southern,Southern,FALSE,TRUE,0.08,0.005258,0.014941,FALSE,FALSE,1936.68194
37,82,ES5,RO1,ES,RO,Southern,CEE,FALSE,FALSE,0.01,3.45e-4,0.045141,FALSE,FALSE,1866.093862
37,83,ES5,RO2,ES,RO,Southern,CEE,FALSE,FALSE,0.02,7.88e-4,0.017549,FALSE,FALSE,2100.006413
37,84,ES5,RO3,ES,RO,Southern,CEE,FALSE,FALSE,0.01,3.33e-4,0.02614,FALSE,FALSE,1984.591919
37,85,ES5,RO4,ES,RO,Southern,CEE,FALSE,FALSE,0.02,0.002143,0.025714,FALSE,FALSE,1734.422372
37,86,ES5,SE1,ES,SE,Southern,Northern,FALSE,FALSE,0.01,9.09e-4,0.023944,FALSE,FALSE,2372.224359
37,87,ES5,SE2,ES,SE,Southern,Northern,FALSE,FALSE,0.04,0.002847,0.041581,FALSE,FALSE,2124.261429
37,88,ES5,SE3,ES,SE,Southern,Northern,FALSE,FALSE,0.02,7.85e-4,0.028079,FALSE,FALSE,2843.891636
37,89,ES5,SI0,ES,SI,Southern,CEE,FALSE,FALSE,0.09,0.009069,0.017906,FALSE,FALSE,1191.680612
37,90,ES5,SK0,ES,SK,Southern,CEE,FALSE,FALSE,0.08,0.007746,0.013911,FALSE,FALSE,1610.628238
38,1,ES6,AT1,ES,AT,Southern,Western,FALSE,FALSE,0.04,0.005595,0.016694,FALSE,FALSE,1965.607355
38,2,ES6,AT2,ES,AT,Southern,Western,FALSE,FALSE,0.07,0.013076,0.028894,FALSE,FALSE,1867.493945
38,3,ES6,AT3,ES,AT,Southern,Western,FALSE,FALSE,0.03,0.006667,0.015758,FALSE,FALSE,1794.117826
38,4,ES6,BE1,ES,BE,Southern,Western,FALSE,FALSE,0.07,0.010512,0.020181,FALSE,FALSE,1606.542514
38,5,ES6,BE2,ES,BE,Southern,Western,FALSE,FALSE,0.07,0.007544,0.01666,FALSE,FALSE,1620.057185
38,6,ES6,BE3,ES,BE,Southern,Western,FALSE,FALSE,0.07,0.00873,0.020877,FALSE,FALSE,1567.814466
38,7,ES6,BG3,ES,BG,Southern,CEE,FALSE,FALSE,0.04,0.005,0.012053,FALSE,FALSE,2534.073514
38,8,ES6,BG4,ES,BG,Southern,CEE,FALSE,FALSE,0.02,0.002576,0.01139,FALSE,FALSE,2463.379933
38,9,ES6,CY0,ES,CY,Southern,Southern,FALSE,TRUE,0.08,0.033825,0.033775,FALSE,FALSE,3347.786162
38,10,ES6,CZ0,ES,CZ,Southern,CEE,FALSE,FALSE,0.05,0.005846,0.018775,FALSE,FALSE,2060.472732
38,11,ES6,DE1,ES,DE,Southern,Western,FALSE,FALSE,0.02,0.004762,0.017219,FALSE,FALSE,1609.283471
38,12,ES6,DE2,ES,DE,Southern,Western,FALSE,FALSE,0.04,0.004449,0.016396,FALSE,FALSE,1790.600419
38,13,ES6,DE3,ES,DE,Southern,Western,FALSE,FALSE,0.04,0.005115,0.014880000000000001,FALSE,FALSE,2127.243541
38,14,ES6,DE4,ES,DE,Southern,Western,FALSE,FALSE,0.06,0.009782,0.019164,FALSE,FALSE,2089.350025
38,15,ES6,DE5,ES,DE,Southern,Western,FALSE,FALSE,0.07,0.009147,0.019069,FALSE,FALSE,1978.481201
38,16,ES6,DE6,ES,DE,Southern,Western,FALSE,FALSE,0,0,0.012575,FALSE,FALSE,2068.762732
38,17,ES6,DE7,ES,DE,Southern,Western,FALSE,FALSE,0.04,0.009881,0.016587,FALSE,FALSE,1764.389681
38,18,ES6,DE8,ES,DE,Southern,Western,FALSE,FALSE,0.01,0.001429,0.01407,FALSE,FALSE,2194.054723
38,19,ES6,DE9,ES,DE,Southern,Western,FALSE,FALSE,0.04,0.005095,0.018257,FALSE,FALSE,1930.982899
38,20,ES6,DEA,ES,DE,Southern,Western,FALSE,FALSE,0.02,0.002667,0.013439,FALSE,FALSE,1774.367539
38,21,ES6,DEB,ES,DE,Southern,Western,FALSE,FALSE,0.09,0.014187,0.023474,FALSE,FALSE,1630.003477
38,22,ES6,DEC,ES,DE,Southern,Western,FALSE,FALSE,0.03,0.003909,0.018775,FALSE,FALSE,1566.37299
38,23,ES6,DED,ES,DE,Southern,Western,FALSE,FALSE,0.03,0.005444,0.021918,FALSE,FALSE,2010.819556
38,24,ES6,DEE,ES,DE,Southern,Western,FALSE,FALSE,0.05,0.007131,0.016449,FALSE,FALSE,2003.571278
38,25,ES6,DEF,ES,DE,Southern,Western,FALSE,FALSE,0.04,0.005247,0.018105,FALSE,FALSE,2111.356329
38,26,ES6,DEG,ES,DE,Southern,Western,FALSE,FALSE,0.02,0.001742,0.014263,FALSE,FALSE,1896.175452
38,27,ES6,DK0,ES,DK,Southern,Northern,FALSE,FALSE,0.03,0.0075,0.020098,FALSE,FALSE,2286.823998
38,28,ES6,EE0,ES,EE,Southern,Baltics,FALSE,FALSE,0.01,0.001,0.00957,FALSE,FALSE,3155.675253
38,29,ES6,EL3,ES,EL,Southern,Southern,FALSE,TRUE,0.08,0.011325,0.081658,FALSE,FALSE,2422.335299
38,30,ES6,EL4,ES,EL,Southern,Southern,FALSE,TRUE,0.08,0.016635,0.065083,FALSE,FALSE,2582.535865
38,31,ES6,EL5,ES,EL,Southern,Southern,FALSE,TRUE,0.12,0.025699,0.086724,FALSE,FALSE,2249.02981
38,32,ES6,EL6,ES,EL,Southern,Southern,FALSE,TRUE,0.1,0.016413,0.079705,FALSE,FALSE,2283.07873
38,33,ES6,ES1,ES,ES,Southern,Southern,TRUE,TRUE,0.05,0.011298,0.024656,FALSE,TRUE,634.775979
38,34,ES6,ES2,ES,ES,Southern,Southern,TRUE,TRUE,0.06,0.008429,0.025859,FALSE,TRUE,539.632936
38,35,ES6,ES3,ES,ES,Southern,Southern,TRUE,TRUE,0.12,0.042742,0.044528,FALSE,TRUE,330.104907
38,36,ES6,ES4,ES,ES,Southern,Southern,TRUE,TRUE,0.14,0.06204,0.067631,TRUE,TRUE,340.318342
38,37,ES6,ES5,ES,ES,Southern,Southern,TRUE,TRUE,0.17,0.07452,0.070069,TRUE,TRUE,639.188009
38,39,ES6,ES7,ES,ES,Southern,Southern,TRUE,TRUE,0.13,0.046992,0.048352,FALSE,FALSE,1544.829932
38,40,ES6,FI1,ES,FI,Southern,Northern,FALSE,FALSE,0.08,0.011885,0.019736,FALSE,FALSE,3647.107833
38,41,ES6,FI2,ES,FI,Southern,Northern,FALSE,FALSE,0.11,0.017152,0.019755,FALSE,FALSE,3017.325414
38,42,ES6,FR1,ES,FR,Southern,Western,FALSE,FALSE,0.07,0.018,0.02764,FALSE,FALSE,1334.228978
38,43,ES6,FRB,ES,FR,Southern,Western,FALSE,FALSE,0.07,0.023262,0.031243,FALSE,FALSE,1199.650255
38,44,ES6,FRC,ES,FR,Southern,Western,FALSE,FALSE,0.06,0.007496,0.030447,FALSE,FALSE,1294.327875
38,45,ES6,FRD,ES,FR,Southern,Western,FALSE,FALSE,0.09,0.019135,0.026051,FALSE,FALSE,1306.425035
38,46,ES6,FRE,ES,FR,Southern,Western,FALSE,FALSE,0.08,0.014552,0.025846,FALSE,FALSE,1471.25471
38,47,ES6,FRF,ES,FR,Southern,Western,FALSE,FALSE,0.11,0.021572,0.030566,FALSE,FALSE,1462.625627
38,48,ES6,FRG,ES,FR,Southern,Western,FALSE,FALSE,0.05,0.012409,0.028923,FALSE,FALSE,1111.899596
38,49,ES6,FRH,ES,FR,Southern,Western,FALSE,FALSE,0.06,0.01229,0.023183,FALSE,FALSE,1174.156876
38,50,ES6,FRI,ES,FR,Southern,Western,FALSE,FALSE,0.07,0.013762,0.030914,FALSE,FALSE,898.288452
38,51,ES6,FRJ,ES,FR,Southern,Western,FALSE,FALSE,0.15,0.022461,0.033465,FALSE,TRUE,844.690853
38,52,ES6,FRK,ES,FR,Southern,Western,FALSE,FALSE,0.04,0.006706,0.020509,FALSE,FALSE,1123.343396
38,53,ES6,FRL,ES,FR,Southern,Western,FALSE,FALSE,0.09,0.016893,0.026118,FALSE,FALSE,1098.722783
38,54,ES6,FRM,ES,FR,Southern,Western,FALSE,FALSE,0.08,0.018266,0.024974,FALSE,FALSE,1212.737309
38,55,ES6,HU1,ES,HU,Southern,CEE,FALSE,FALSE,0.03,0.00375,0.025427,FALSE,FALSE,2183.057225
38,56,ES6,HU2,ES,HU,Southern,CEE,FALSE,FALSE,0.02,0.002667,0.014926,FALSE,FALSE,2037.439428
38,57,ES6,HU3,ES,HU,Southern,CEE,FALSE,FALSE,0.02,0.001909,0.032536,FALSE,FALSE,2284.215444
38,58,ES6,IE0,ES,IE,Southern,Western,FALSE,FALSE,0.03,0.003095,0.008376,FALSE,FALSE,1800.03783
38,59,ES6,ITC,ES,IT,Southern,Southern,FALSE,TRUE,0.05,0.007452,0.019235,FALSE,FALSE,1353.422107
38,60,ES6,ITF,ES,IT,Southern,Southern,FALSE,TRUE,0.09,0.028445,0.034873,FALSE,FALSE,1741.178618
38,61,ES6,ITG,ES,IT,Southern,Southern,FALSE,TRUE,0.05,0.012778,0.023642,FALSE,FALSE,1571.425523
38,62,ES6,ITH,ES,IT,Southern,Southern,FALSE,TRUE,0.06,0.009464,0.018668,FALSE,FALSE,1546.966219
38,63,ES6,ITI,ES,IT,Southern,Southern,FALSE,TRUE,0.09,0.014845,0.023655,FALSE,FALSE,1485.243121
38,64,ES6,LT0,ES,LT,Southern,Baltics,FALSE,FALSE,0.01,7.14e-4,0.016129,FALSE,FALSE,2846.623001
38,65,ES6,LU0,ES,LU,Southern,Western,FALSE,FALSE,0.09,0.011798,0.017834,FALSE,FALSE,1569.57585
38,66,ES6,LV0,ES,LV,Southern,Baltics,FALSE,FALSE,0.01,0.001429,0.014067,FALSE,FALSE,3054.873347
38,67,ES6,MT0,ES,MT,Southern,Southern,FALSE,TRUE,0.06,0.006385,0.016242,FALSE,FALSE,1633.349167
38,68,ES6,NL1,ES,NL,Southern,Western,FALSE,FALSE,0.06,0.012171,0.018608,FALSE,FALSE,1875.829469
38,69,ES6,NL2,ES,NL,Southern,Western,FALSE,FALSE,0.08,0.009314,0.018476,FALSE,FALSE,1808.059825
38,70,ES6,NL3,ES,NL,Southern,Western,FALSE,FALSE,0.06,0.013048,0.021177,FALSE,FALSE,1635.257125
38,71,ES6,NL4,ES,NL,Southern,Western,FALSE,FALSE,0.08,0.021135,0.025929,FALSE,FALSE,1695.449443
38,72,ES6,PL2,ES,PL,Southern,CEE,FALSE,FALSE,0.01,0.001,0.044567,FALSE,FALSE,2334.384961
38,73,ES6,PL4,ES,PL,Southern,CEE,FALSE,FALSE,0.02,0.001909,0.046585,FALSE,FALSE,2281.894245
38,74,ES6,PL5,ES,PL,Southern,CEE,FALSE,FALSE,0,0,0.009614,FALSE,FALSE,2201.196229
38,75,ES6,PL6,ES,PL,Southern,CEE,FALSE,FALSE,0,0,0.032028,FALSE,FALSE,2497.10313
38,76,ES6,PL7,ES,PL,Southern,CEE,FALSE,FALSE,0.03,0.002917,0.011437,FALSE,FALSE,2380.640019
38,77,ES6,PL8,ES,PL,Southern,CEE,FALSE,FALSE,0,0,0.027682,FALSE,FALSE,2600.508342
38,78,ES6,PL9,ES,PL,Southern,CEE,FALSE,FALSE,0,0,0.014093,FALSE,FALSE,2542.808133
38,79,ES6,PT1,ES,PT,Southern,Southern,FALSE,TRUE,0.05,0.008457,0.017296,TRUE,TRUE,456.205261
38,80,ES6,PT2,ES,PT,Southern,Southern,FALSE,TRUE,0.07,0.014929,0.020705,FALSE,FALSE,1914.390669
38,81,ES6,PT3,ES,PT,Southern,Southern,FALSE,TRUE,0.04,0.006548,0.014815,FALSE,FALSE,1298.357203
38,82,ES6,RO1,ES,RO,Southern,CEE,FALSE,FALSE,0,0,0.035753,FALSE,FALSE,2488.608838
38,83,ES6,RO2,ES,RO,Southern,CEE,FALSE,FALSE,0.01,0.001,0.015985,FALSE,FALSE,2730.043018
38,84,ES6,RO3,ES,RO,Southern,CEE,FALSE,FALSE,0,0,0.019665,FALSE,FALSE,2620.632413
38,85,ES6,RO4,ES,RO,Southern,CEE,FALSE,FALSE,0,0,0.020139,FALSE,FALSE,2365.540694
38,86,ES6,SE1,ES,SE,Southern,Northern,FALSE,FALSE,0.03,0.002742,0.02688,FALSE,FALSE,2800.385951
38,87,ES6,SE2,ES,SE,Southern,Northern,FALSE,FALSE,0.01,9.09e-4,0.044044,FALSE,FALSE,2555.780147
38,88,ES6,SE3,ES,SE,Southern,Northern,FALSE,FALSE,0.02,0.002576,0.032274,FALSE,FALSE,3223.841938
38,89,ES6,SI0,ES,SI,Southern,CEE,FALSE,FALSE,0.04,0.005571,0.01625,FALSE,FALSE,1793.641589
38,90,ES6,SK0,ES,SK,Southern,CEE,FALSE,FALSE,0.01,0.00125,0.008385,FALSE,FALSE,2200.357798
39,1,ES7,AT1,ES,AT,Southern,Western,FALSE,FALSE,0.03,0.0125,0.023245,FALSE,FALSE,3505.946864
39,2,ES7,AT2,ES,AT,Southern,Western,FALSE,FALSE,0.03,0.012833,0.026771,FALSE,FALSE,3409.885369
39,3,ES7,AT3,ES,AT,Southern,Western,FALSE,FALSE,0.01,7.69e-4,0.01063,FALSE,FALSE,3330.505346
39,4,ES7,BE1,ES,BE,Southern,Western,FALSE,FALSE,0.03,0.008,0.014309,FALSE,FALSE,3025.063352
39,5,ES7,BE2,ES,BE,Southern,Western,FALSE,FALSE,0.02,0.002429,0.012067,FALSE,FALSE,3032.312004
39,6,ES7,BE3,ES,BE,Southern,Western,FALSE,FALSE,0.04,0.014103,0.023252,FALSE,FALSE,3010.724935
39,7,ES7,BG3,ES,BG,Southern,CEE,FALSE,FALSE,0.03,0.004583,0.009028,FALSE,FALSE,4059.683989
39,8,ES7,BG4,ES,BG,Southern,CEE,FALSE,FALSE,0.01,0.001429,0.009806,FALSE,FALSE,3977.163078
39,9,ES7,CY0,ES,CY,Southern,Southern,FALSE,TRUE,0.05,0.009031,0.020195,FALSE,FALSE,4774.927673
39,10,ES7,CZ0,ES,CZ,Southern,CEE,FALSE,FALSE,0.03,0.004936,0.015482,FALSE,FALSE,3588.641803
39,11,ES7,DE1,ES,DE,Southern,Western,FALSE,FALSE,0.01,0.001,0.011127,FALSE,FALSE,3116.800092
39,12,ES7,DE2,ES,DE,Southern,Western,FALSE,FALSE,0.04,0.004929,0.013189,FALSE,FALSE,3312.94642
39,13,ES7,DE3,ES,DE,Southern,Western,FALSE,FALSE,0.04,0.009167,0.018112,FALSE,FALSE,3615.116932
39,14,ES7,DE4,ES,DE,Southern,Western,FALSE,FALSE,0.02,0.01125,0.019513,FALSE,FALSE,3572.913338
39,15,ES7,DE5,ES,DE,Southern,Western,FALSE,FALSE,0.05,0.009838,0.016836,FALSE,FALSE,3418.431831
39,16,ES7,DE6,ES,DE,Southern,Western,FALSE,FALSE,0.02,0.0020830000000000002,0.010705,FALSE,FALSE,3513.660048
39,17,ES7,DE7,ES,DE,Southern,Western,FALSE,FALSE,0.03,0.004698,0.012349,FALSE,FALSE,3245.619385
39,18,ES7,DE8,ES,DE,Southern,Western,FALSE,FALSE,0.03,0.003262,0.012056,FALSE,FALSE,3656.332743
39,19,ES7,DE9,ES,DE,Southern,Western,FALSE,FALSE,0.01,0.001667,0.015658,FALSE,FALSE,3379.04353
39,20,ES7,DEA,ES,DE,Southern,Western,FALSE,FALSE,0.04,0.014429,0.020859,FALSE,FALSE,3227.229383
39,21,ES7,DEB,ES,DE,Southern,Western,FALSE,FALSE,0.04,0.011742,0.01985,FALSE,FALSE,3103.123088
39,22,ES7,DEC,ES,DE,Southern,Western,FALSE,FALSE,0.01,0.001,0.014865,FALSE,FALSE,3044.875004
39,23,ES7,DED,ES,DE,Southern,Western,FALSE,FALSE,0,0,0.014415,FALSE,FALSE,3518.677492
39,24,ES7,DEE,ES,DE,Southern,Western,FALSE,FALSE,0.06,0.008345,0.017533,FALSE,FALSE,3486.39808
39,25,ES7,DEF,ES,DE,Southern,Western,FALSE,FALSE,0.03,0.005353,0.015087,FALSE,FALSE,3547.2936
39,26,ES7,DEG,ES,DE,Southern,Western,FALSE,FALSE,0.01,0.001,0.015999,FALSE,FALSE,3390.520693
39,27,ES7,DK0,ES,DK,Southern,Northern,FALSE,FALSE,0.08,0.025936,0.028483,FALSE,FALSE,3683.555893
39,28,ES7,EE0,ES,EE,Southern,Baltics,FALSE,FALSE,0,0,0.0068,FALSE,FALSE,4627.095959
39,29,ES7,EL3,ES,EL,Southern,Southern,FALSE,TRUE,0.03,0.005671,0.046881,FALSE,FALSE,3876.045482
39,30,ES7,EL4,ES,EL,Southern,Southern,FALSE,TRUE,0.04,0.006364,0.036846,FALSE,FALSE,3979.93237
39,31,ES7,EL5,ES,EL,Southern,Southern,FALSE,TRUE,0.04,0.006186,0.046876,FALSE,FALSE,3745.661248
39,32,ES7,EL6,ES,EL,Southern,Southern,FALSE,TRUE,0.04,0.005671,0.047278,FALSE,FALSE,3756.657602
39,33,ES7,ES1,ES,ES,Southern,Southern,TRUE,TRUE,0.09,0.028519,0.030066,FALSE,TRUE,1939.057397
39,34,ES7,ES2,ES,ES,Southern,Southern,TRUE,TRUE,0.1,0.037012,0.043359,FALSE,FALSE,2048.447458
39,35,ES7,ES3,ES,ES,Southern,Southern,TRUE,TRUE,0.08,0.032492,0.035179,FALSE,TRUE,1759.90024
39,36,ES7,ES4,ES,ES,Southern,Southern,TRUE,TRUE,0.1,0.032512,0.040015,FALSE,TRUE,1634.463442
39,37,ES7,ES5,ES,ES,Southern,Southern,TRUE,TRUE,0.15,0.055353,0.059729,FALSE,FALSE,2170.691726
39,38,ES7,ES6,ES,ES,Southern,Southern,TRUE,TRUE,0.1,0.041634,0.049302,FALSE,TRUE,1544.829932
39,40,ES7,FI1,ES,FI,Southern,Northern,FALSE,FALSE,0.08,0.014864,0.022366,FALSE,FALSE,5053.037292
39,41,ES7,FI2,ES,FI,Southern,Northern,FALSE,FALSE,0.05,0.0074400000000000004,0.015494,FALSE,FALSE,4443.924477
39,42,ES7,FR1,ES,FR,Southern,Western,FALSE,FALSE,0.04,0.005333,0.012745,FALSE,FALSE,2760.226016
39,43,ES7,FRB,ES,FR,Southern,Western,FALSE,FALSE,0.01,0.0025,0.020108,FALSE,FALSE,2626.577109
39,44,ES7,FRC,ES,FR,Southern,Western,FALSE,FALSE,0.02,0.002917,0.012782,FALSE,FALSE,2783.12068
39,45,ES7,FRD,ES,FR,Southern,Western,FALSE,FALSE,0.04,0.017436,0.021503,FALSE,FALSE,2670.492915
39,46,ES7,FRE,ES,FR,Southern,Western,FALSE,FALSE,0.03,0.0075,0.017037,FALSE,FALSE,2881.49497
39,47,ES7,FRF,ES,FR,Southern,Western,FALSE,FALSE,0.04,0.009698,0.020193,FALSE,FALSE,2937.182254
39,48,ES7,FRG,ES,FR,Southern,Western,FALSE,FALSE,0.08,0.017452,0.034877,FALSE,FALSE,2477.398295
39,49,ES7,FRH,ES,FR,Southern,Western,FALSE,FALSE,0.02,0.0025,0.014512,FALSE,FALSE,2471.073592
39,50,ES7,FRI,ES,FR,Southern,Western,FALSE,FALSE,0.05,0.010667,0.027642,FALSE,FALSE,2357.220392
39,51,ES7,FRJ,ES,FR,Southern,Western,FALSE,FALSE,0.02,0.00375,0.014437,FALSE,FALSE,2362.664539
39,52,ES7,FRK,ES,FR,Southern,Western,FALSE,FALSE,0,0,0.015523,FALSE,FALSE,2637.863832
39,53,ES7,FRL,ES,FR,Southern,Western,FALSE,FALSE,0.04,0.013929,0.019255,FALSE,FALSE,2637.280379
39,54,ES7,FRM,ES,FR,Southern,Western,FALSE,FALSE,0.08,0.02975,0.031612,FALSE,FALSE,2751.542122
39,55,ES7,HU1,ES,HU,Southern,CEE,FALSE,FALSE,0.01,0.001,0.016906,FALSE,FALSE,3727.482599
39,56,ES7,HU2,ES,HU,Southern,CEE,FALSE,FALSE,0,0,0.012416,FALSE,FALSE,3582.038984
39,57,ES7,HU3,ES,HU,Southern,CEE,FALSE,FALSE,0,0,0.024087,FALSE,FALSE,3829.045155
39,58,ES7,IE0,ES,IE,Southern,Western,FALSE,FALSE,0,0,0.006006,FALSE,FALSE,2872.614319
39,59,ES7,ITC,ES,IT,Southern,Southern,FALSE,TRUE,0.04,0.006595,0.014378,FALSE,FALSE,2893.626938
39,60,ES7,ITF,ES,IT,Southern,Southern,FALSE,TRUE,0.07,0.033929,0.034712,FALSE,FALSE,3240.376717
39,61,ES7,ITG,ES,IT,Southern,Southern,FALSE,TRUE,0.1,0.0496,0.045903,FALSE,FALSE,3009.89825
39,62,ES7,ITH,ES,IT,Southern,Southern,FALSE,TRUE,0.01,0.0025,0.014456,FALSE,FALSE,3090.627408
39,63,ES7,ITI,ES,IT,Southern,Southern,FALSE,TRUE,0.05,0.010769,0.016797,FALSE,FALSE,3023.418057
39,64,ES7,LT0,ES,LT,Southern,Baltics,FALSE,FALSE,0.01,8.33e-4,0.011413,FALSE,FALSE,4350.308974
39,65,ES7,LU0,ES,LU,Southern,Western,FALSE,FALSE,0.01,8.33e-4,0.007646,FALSE,FALSE,3030.687466
39,66,ES7,LV0,ES,LV,Southern,Baltics,FALSE,FALSE,0,0,0.008369,FALSE,FALSE,4550.886126
39,67,ES7,MT0,ES,MT,Southern,Southern,FALSE,TRUE,0.04,0.008769,0.016754,FALSE,FALSE,3024.166018
39,68,ES7,NL1,ES,NL,Southern,Western,FALSE,FALSE,0.05,0.006576,0.011927,FALSE,FALSE,3285.378405
39,69,ES7,NL2,ES,NL,Southern,Western,FALSE,FALSE,0.04,0.007853,0.015826,FALSE,FALSE,3229.211432
39,70,ES7,NL3,ES,NL,Southern,Western,FALSE,FALSE,0.02,0.002198,0.012055,FALSE,FALSE,3036.162092
39,71,ES7,NL4,ES,NL,Southern,Western,FALSE,FALSE,0.05,0.01375,0.021078,FALSE,FALSE,3125.809806
39,72,ES7,PL2,ES,PL,Southern,CEE,FALSE,FALSE,0,0,0.030702,FALSE,FALSE,3869.604671
39,73,ES7,PL4,ES,PL,Southern,CEE,FALSE,FALSE,0.01,0.001,0.034232,FALSE,FALSE,3779.127909
39,74,ES7,PL5,ES,PL,Southern,CEE,FALSE,FALSE,0.01,0.001429,0.008013,FALSE,FALSE,3723.507005
39,75,ES7,PL6,ES,PL,Southern,CEE,FALSE,FALSE,0,0,0.026918,FALSE,FALSE,4001.66773
39,76,ES7,PL7,ES,PL,Southern,CEE,FALSE,FALSE,0,0,0.007882,FALSE,FALSE,3906.950024
39,77,ES7,PL8,ES,PL,Southern,CEE,FALSE,FALSE,0,0,0.022385,FALSE,FALSE,4131.308946
39,78,ES7,PL9,ES,PL,Southern,CEE,FALSE,FALSE,0,0,0.013379,FALSE,FALSE,4065.443614
39,79,ES7,PT1,ES,PT,Southern,Southern,FALSE,TRUE,0,0,0.014011,FALSE,TRUE,1419.355616
39,80,ES7,PT2,ES,PT,Southern,Southern,FALSE,TRUE,0.03,0.00619,0.014706,FALSE,TRUE,1390.094227
39,81,ES7,PT3,ES,PT,Southern,Southern,FALSE,TRUE,0.03,0.006429,0.013202,TRUE,TRUE,497.716854
39,82,ES7,RO1,ES,RO,Southern,CEE,FALSE,FALSE,0.01,7.69e-4,0.028391,FALSE,FALSE,4032.458363
39,83,ES7,RO2,ES,RO,Southern,CEE,FALSE,FALSE,0,0,0.011076,FALSE,FALSE,4270.456086
39,84,ES7,RO3,ES,RO,Southern,CEE,FALSE,FALSE,0,0,0.015807,FALSE,FALSE,4153.541783
39,85,ES7,RO4,ES,RO,Southern,CEE,FALSE,FALSE,0,0,0.016641,FALSE,FALSE,3905.021025
39,86,ES7,SE1,ES,SE,Southern,Northern,FALSE,FALSE,0.03,0.004269,0.027893,FALSE,FALSE,4218.915152
39,87,ES7,SE2,ES,SE,Southern,Northern,FALSE,FALSE,0,0,0.038879,FALSE,FALSE,3985.708394
39,88,ES7,SE3,ES,SE,Southern,Northern,FALSE,FALSE,0,0,0.027642,FALSE,FALSE,4577.12347
39,89,ES7,SI0,ES,SI,Southern,CEE,FALSE,FALSE,0,0,0.011876,FALSE,FALSE,3337.995473
39,90,ES7,SK0,ES,SK,Southern,CEE,FALSE,FALSE,0.01,0.00125,0.0063,FALSE,FALSE,3741.303734
40,1,FI1,AT1,FI,AT,Northern,Western,FALSE,FALSE,0.15,0.010782,0.018909,FALSE,FALSE,1998.3911
40,2,FI1,AT2,FI,AT,Northern,Western,FALSE,FALSE,0.25,0.0152,0.026643,FALSE,FALSE,2102.089844
40,3,FI1,AT3,FI,AT,Northern,Western,FALSE,FALSE,0.18,0.012977,0.021256,FALSE,FALSE,2073.003778
40,4,FI1,BE1,FI,BE,Northern,Western,FALSE,FALSE,0.18,0.011109,0.018761,FALSE,FALSE,2045.77142
40,5,FI1,BE2,FI,BE,Northern,Western,FALSE,FALSE,0.2,0.014507,0.021106,FALSE,FALSE,2034.817949
40,6,FI1,BE3,FI,BE,Northern,Western,FALSE,FALSE,0.17,0.007586,0.017447,FALSE,FALSE,2079.330842
40,7,FI1,BG3,FI,BG,Northern,CEE,FALSE,FALSE,0.14,0.010466,0.015234,FALSE,FALSE,2384.1310790000002
40,8,FI1,BG4,FI,BG,Northern,CEE,FALSE,FALSE,0.12,0.008668,0.016035,FALSE,FALSE,2528.727702
40,9,FI1,CY0,FI,CY,Northern,Southern,FALSE,FALSE,0.15,0.009746,0.01696,FALSE,FALSE,3307.023343
40,10,FI1,CZ0,FI,CZ,Northern,CEE,FALSE,FALSE,0.14,0.010362,0.025816,FALSE,FALSE,1802.963805
40,11,FI1,DE1,FI,DE,Northern,Western,FALSE,FALSE,0.21,0.016668,0.02763,FALSE,FALSE,2094.451553
40,12,FI1,DE2,FI,DE,Northern,Western,FALSE,FALSE,0.19,0.012037,0.0218,FALSE,FALSE,1984.303109
40,13,FI1,DE3,FI,DE,Northern,Western,FALSE,FALSE,0.14,0.011945,0.020148,FALSE,FALSE,1576.676044
40,14,FI1,DE4,FI,DE,Northern,Western,FALSE,FALSE,0.15,0.006836,0.017076,FALSE,FALSE,1602.291187
40,15,FI1,DE5,FI,DE,Northern,Western,FALSE,FALSE,0.22,0.016558,0.022555,FALSE,FALSE,1669.111252
40,16,FI1,DE6,FI,DE,Northern,Western,FALSE,FALSE,0.16,0.012121,0.018972,FALSE,FALSE,1580.704167
40,17,FI1,DE7,FI,DE,Northern,Western,FALSE,FALSE,0.22,0.012882,0.019383,FALSE,FALSE,1904.923678
40,18,FI1,DE8,FI,DE,Northern,Western,FALSE,FALSE,0.21,0.012975,0.022889,FALSE,FALSE,1470.717354
40,19,FI1,DE9,FI,DE,Northern,Western,FALSE,FALSE,0.16,0.011852,0.022623,FALSE,FALSE,1718.220215
40,20,FI1,DEA,FI,DE,Northern,Western,FALSE,FALSE,0.18,0.017241,0.025767,FALSE,FALSE,1874.849501
40,21,FI1,DEB,FI,DE,Northern,Western,FALSE,FALSE,0.1,0.008927,0.01918,FALSE,FALSE,2026.974939
40,22,FI1,DEC,FI,DE,Northern,Western,FALSE,FALSE,0.2,0.019666,0.031499,FALSE,FALSE,2092.893286
40,23,FI1,DED,FI,DE,Northern,Western,FALSE,FALSE,0.21,0.013693,0.025405,FALSE,FALSE,1738.054035
40,24,FI1,DEE,FI,DE,Northern,Western,FALSE,FALSE,0.07,0.003984,0.014264,FALSE,FALSE,1680.84542
40,25,FI1,DEF,FI,DE,Northern,Western,FALSE,FALSE,0.21,0.016204,0.027473,FALSE,FALSE,1536.146935
40,26,FI1,DEG,FI,DE,Northern,Western,FALSE,FALSE,0.18,0.013213,0.024906,FALSE,FALSE,1802.633764
40,27,FI1,DK0,FI,DK,Northern,Northern,FALSE,TRUE,0.15,0.017314,0.023073,FALSE,FALSE,1371.611671
40,28,FI1,EE0,FI,EE,Northern,Baltics,FALSE,FALSE,0.13,0.009428,0.015905,FALSE,TRUE,662.377086
40,29,FI1,EL3,FI,EL,Northern,Southern,FALSE,FALSE,0.16,0.010807,0.053669,FALSE,FALSE,2978.408722
40,30,FI1,EL4,FI,EL,Northern,Southern,FALSE,FALSE,0.15,0.008987,0.043849,FALSE,FALSE,3286.626389
40,31,FI1,EL5,FI,EL,Northern,Southern,FALSE,FALSE,0.12,0.008592,0.053734,FALSE,FALSE,2706.055929
40,32,FI1,EL6,FI,EL,Northern,Southern,FALSE,FALSE,0.14,0.010231,0.054961,FALSE,FALSE,2861.464035
40,33,FI1,ES1,FI,ES,Northern,Southern,FALSE,FALSE,0.14,0.014201,0.022794,FALSE,FALSE,3121.73866
40,34,FI1,ES2,FI,ES,Northern,Southern,FALSE,FALSE,0.14,0.008717,0.022207,FALSE,FALSE,3109.615136
40,35,FI1,ES3,FI,ES,Northern,Southern,FALSE,FALSE,0.16,0.016939,0.025189,FALSE,FALSE,3350.134805
40,36,FI1,ES4,FI,ES,Northern,Southern,FALSE,FALSE,0.15,0.008429,0.021387,FALSE,FALSE,3446.230833
40,37,FI1,ES5,FI,ES,Northern,Southern,FALSE,FALSE,0.19,0.008869,0.022718,FALSE,FALSE,3209.647325
40,38,FI1,ES6,FI,ES,Northern,Southern,FALSE,FALSE,0.15,0.008179,0.024668,FALSE,FALSE,3647.107833
40,39,FI1,ES7,FI,ES,Northern,Southern,FALSE,FALSE,0.2,0.011475,0.018678,FALSE,FALSE,5053.037292
40,41,FI1,FI2,FI,FI,Northern,Northern,TRUE,TRUE,0.16,0.010018,0.013977,FALSE,TRUE,635.389748
40,42,FI1,FR1,FI,FR,Northern,Western,FALSE,FALSE,0.2,0.012584,0.02143,FALSE,FALSE,2318.056124
40,43,FI1,FRB,FI,FR,Northern,Western,FALSE,FALSE,0.18,0.009043,0.020196,FALSE,FALSE,2453.934014
40,44,FI1,FRC,FI,FR,Northern,Western,FALSE,FALSE,0.19,0.015134,0.02511,FALSE,FALSE,2364.529485
40,45,FI1,FRD,FI,FR,Northern,Western,FALSE,FALSE,0.18,0.015193,0.021836,FALSE,FALSE,2385.234468
40,46,FI1,FRE,FI,FR,Northern,Western,FALSE,FALSE,0.19,0.012066,0.022686,FALSE,FALSE,2186.236107
40,47,FI1,FRF,FI,FR,Northern,Western,FALSE,FALSE,0.18,0.01382,0.025011,FALSE,FALSE,2191.271505
40,48,FI1,FRG,FI,FR,Northern,Western,FALSE,FALSE,0.15,0.010589,0.02074,FALSE,FALSE,2581.225874
40,49,FI1,FRH,FI,FR,Northern,Western,FALSE,FALSE,0.26,0.019106,0.02607,FALSE,FALSE,2582.355124
40,50,FI1,FRI,FI,FR,Northern,Western,FALSE,FALSE,0.19,0.013663,0.026015,FALSE,FALSE,2749.97675
40,51,FI1,FRJ,FI,FR,Northern,Western,FALSE,FALSE,0.15,0.007386,0.015599,FALSE,FALSE,2822.960063
40,52,FI1,FRK,FI,FR,Northern,Western,FALSE,FALSE,0.14,0.007126,0.019543,FALSE,FALSE,2556.687032
40,53,FI1,FRL,FI,FR,Northern,Western,FALSE,FALSE,0.14,0.009121,0.017266,FALSE,FALSE,2651.681874
40,54,FI1,FRM,FI,FR,Northern,Western,FALSE,FALSE,0.17,0.012591,0.018957,FALSE,FALSE,2771.866162
40,55,FI1,HU1,FI,HU,Northern,CEE,FALSE,FALSE,0.13,0.005904,0.038336,FALSE,FALSE,1982.166768
40,56,FI1,HU2,FI,HU,Northern,CEE,FALSE,FALSE,0.12,0.008419,0.024609,FALSE,FALSE,2075.019466
40,57,FI1,HU3,FI,HU,Northern,CEE,FALSE,FALSE,0.15,0.008851,0.053493,FALSE,FALSE,1991.789942
40,58,FI1,IE0,FI,IE,Northern,Western,FALSE,FALSE,0.07,0.004741,0.010732,FALSE,FALSE,2344.319847
40,59,FI1,ITC,FI,IT,Northern,Southern,FALSE,FALSE,0.23,0.018643,0.025123,FALSE,FALSE,2453.623345
40,60,FI1,ITF,FI,IT,Northern,Southern,FALSE,FALSE,0.16,0.008998,0.018976,FALSE,FALSE,2806.74395
40,61,FI1,ITG,FI,IT,Northern,Southern,FALSE,FALSE,0.17,0.016214,0.0239,FALSE,FALSE,3144.836928
40,62,FI1,ITH,FI,IT,Northern,Southern,FALSE,FALSE,0.12,0.010345,0.017042,FALSE,FALSE,2355.587774
40,63,FI1,ITI,FI,IT,Northern,Southern,FALSE,FALSE,0.26,0.019118,0.024091,FALSE,FALSE,2611.832262
40,64,FI1,LT0,FI,LT,Northern,Baltics,FALSE,FALSE,0.12,0.007041,0.026295,FALSE,TRUE,1070.494682
40,65,FI1,LU0,FI,LU,Northern,Western,FALSE,FALSE,0.17,0.013105,0.018699,FALSE,FALSE,2080.103235
40,66,FI1,LV0,FI,LV,Northern,Baltics,FALSE,FALSE,0.16,0.009997,0.022476,FALSE,TRUE,889.403342
40,67,FI1,MT0,FI,MT,Northern,Southern,FALSE,FALSE,0.2,0.019415,0.025432,FALSE,FALSE,3305.011146
40,68,FI1,NL1,FI,NL,Northern,Western,FALSE,FALSE,0.17,0.00981,0.015658,FALSE,FALSE,1778.003436
40,69,FI1,NL2,FI,NL,Northern,Western,FALSE,FALSE,0.11,0.007213,0.016712,FALSE,FALSE,1841.721347
40,70,FI1,NL3,FI,NL,Northern,Western,FALSE,FALSE,0.15,0.009574,0.017662,FALSE,FALSE,2025.525758
40,71,FI1,NL4,FI,NL,Northern,Western,FALSE,FALSE,0.2,0.014769,0.022315,FALSE,FALSE,1952.710486
40,72,FI1,PL2,FI,PL,Northern,CEE,FALSE,FALSE,0.1,0.006151,0.088797,FALSE,FALSE,1685.232642
40,73,FI1,PL4,FI,PL,Northern,CEE,FALSE,FALSE,0.12,0.005991,0.091285,FALSE,FALSE,1466.766574
40,74,FI1,PL5,FI,PL,Northern,CEE,FALSE,FALSE,0.13,0.006594,0.016074,FALSE,FALSE,1654.982245
40,75,FI1,PL6,FI,PL,Northern,CEE,FALSE,FALSE,0.25,0.019331,0.075979,FALSE,FALSE,1323.09768
40,76,FI1,PL7,FI,PL,Northern,CEE,FALSE,FALSE,0.19,0.012779,0.020054,FALSE,FALSE,1557.821816
40,77,FI1,PL8,FI,PL,Northern,CEE,FALSE,FALSE,0.2,0.015916,0.06151,FALSE,FALSE,1472.185549
40,78,FI1,PL9,FI,PL,Northern,CEE,FALSE,FALSE,0.17,0.010189,0.03403,FALSE,FALSE,1417.668988
40,79,FI1,PT1,FI,PT,Northern,Southern,FALSE,FALSE,0.15,0.010593,0.018737,FALSE,FALSE,3637.404161
40,80,FI1,PT2,FI,PT,Northern,Southern,FALSE,FALSE,0.04,0.003107,0.011874,FALSE,FALSE,4537.379597
40,81,FI1,PT3,FI,PT,Northern,Southern,FALSE,FALSE,0.13,0.007849,0.013568,FALSE,FALSE,4635.288629
40,82,FI1,RO1,FI,RO,Northern,CEE,FALSE,FALSE,0.08,0.004178,0.060093,FALSE,FALSE,2012.760417
40,83,FI1,RO2,FI,RO,Northern,CEE,FALSE,FALSE,0.09,0.004587,0.025291,FALSE,FALSE,2085.428512
40,84,FI1,RO3,FI,RO,Northern,CEE,FALSE,FALSE,0.1,0.005402,0.035662,FALSE,FALSE,2263.418744
40,85,FI1,RO4,FI,RO,Northern,CEE,FALSE,FALSE,0.12,0.008783,0.037339,FALSE,FALSE,2191.844729
40,86,FI1,SE1,FI,SE,Northern,Northern,FALSE,TRUE,0.2,0.013114,0.042605,FALSE,TRUE,846.763281
40,87,FI1,SE2,FI,SE,Northern,Northern,FALSE,TRUE,0.16,0.010331,0.07315,FALSE,TRUE,1092.713142
40,88,FI1,SE3,FI,SE,Northern,Northern,FALSE,TRUE,0.15,0.014687,0.058128,TRUE,TRUE,546.575338
40,89,FI1,SI0,FI,SI,Northern,CEE,FALSE,FALSE,0.1,0.011048,0.01885,FALSE,FALSE,2208.75697
40,90,FI1,SK0,FI,SK,Northern,CEE,FALSE,FALSE,0.16,0.009396,0.014028,FALSE,FALSE,1859.736666
41,1,FI2,AT1,FI,AT,Northern,Western,FALSE,FALSE,0.01,0.005,0.018165,FALSE,FALSE,1398.362025
41,2,FI2,AT2,FI,AT,Northern,Western,FALSE,FALSE,0.01,0.001429,0.02665,FALSE,FALSE,1497.065805
41,3,FI2,AT3,FI,AT,Northern,Western,FALSE,FALSE,0,0,0.017999,FALSE,FALSE,1454.614883
41,4,FI2,BE1,FI,BE,Northern,Western,FALSE,FALSE,0.04,0.028333,0.034649,FALSE,FALSE,1423.324492
41,5,FI2,BE2,FI,BE,Northern,Western,FALSE,FALSE,0,0,0.012704,FALSE,FALSE,1414.117515
41,6,FI2,BE3,FI,BE,Northern,Western,FALSE,FALSE,0.01,0.001429,0.01701,FALSE,FALSE,1451.039132
41,7,FI2,BG3,FI,BG,Northern,CEE,FALSE,FALSE,0,0,0.012253,FALSE,FALSE,1913.728879
41,8,FI2,BG4,FI,BG,Northern,CEE,FALSE,FALSE,0,0,0.010671,FALSE,FALSE,2044.565354
41,9,FI2,CY0,FI,CY,Northern,Southern,FALSE,FALSE,0,0,0.012012,FALSE,FALSE,2942.825189
41,10,FI2,CZ0,FI,CZ,Northern,CEE,FALSE,FALSE,0,0,0.015071,FALSE,FALSE,1195.25131
41,11,FI2,DE1,FI,DE,Northern,Western,FALSE,FALSE,0,0,0.015905,FALSE,FALSE,1459.540258
41,12,FI2,DE2,FI,DE,Northern,Western,FALSE,FALSE,0,0,0.01202,FALSE,FALSE,1356.387357
41,13,FI2,DE3,FI,DE,Northern,Western,FALSE,FALSE,0,0,0.011694,FALSE,FALSE,944.955662
41,14,FI2,DE4,FI,DE,Northern,Western,FALSE,FALSE,0.02,0.002262,0.014098,FALSE,FALSE,968.602418
41,15,FI2,DE5,FI,DE,Northern,Western,FALSE,FALSE,0.01,0.001429,0.013917,FALSE,FALSE,1039.156047
41,16,FI2,DE6,FI,DE,Northern,Western,FALSE,FALSE,0.03,0.007917,0.016398,FALSE,FALSE,948.682649
41,17,FI2,DE7,FI,DE,Northern,Western,FALSE,FALSE,0,0,0.013761,FALSE,FALSE,1269.640339
41,18,FI2,DE8,FI,DE,Northern,Western,FALSE,FALSE,0.03,0.011667,0.025812,FALSE,FALSE,835.327978
41,19,FI2,DE9,FI,DE,Northern,Western,FALSE,FALSE,0,0,0.011612,FALSE,FALSE,1086.458465
41,20,FI2,DEA,FI,DE,Northern,Western,FALSE,FALSE,0.01,8.33e-4,0.014665,FALSE,FALSE,1243.154699
41,21,FI2,DEB,FI,DE,Northern,Western,FALSE,FALSE,0,0,0.013729,FALSE,FALSE,1392.982423
41,22,FI2,DEC,FI,DE,Northern,Western,FALSE,FALSE,0,0,0.016297,FALSE,FALSE,1458.658843
41,23,FI2,DED,FI,DE,Northern,Western,FALSE,FALSE,0.03,0.0125,0.025487,FALSE,FALSE,1111.169001
41,24,FI2,DEE,FI,DE,Northern,Western,FALSE,FALSE,0.01,0.005,0.014863,FALSE,FALSE,1046.071751
41,25,FI2,DEF,FI,DE,Northern,Western,FALSE,FALSE,0.01,0.001429,0.01525,FALSE,FALSE,906.547742
41,26,FI2,DEG,FI,DE,Northern,Western,FALSE,FALSE,0,0,0.015308,FALSE,FALSE,1168.512521
41,27,FI2,DK0,FI,DK,Northern,Northern,FALSE,TRUE,0.02,0.015,0.026199,FALSE,FALSE,764.857444
41,28,FI2,EE0,FI,EE,Northern,Baltics,FALSE,FALSE,0.01,0.001429,0.008808,FALSE,TRUE,353.904318
41,29,FI2,EL3,FI,EL,Northern,Southern,FALSE,FALSE,0.01,8.33e-4,0.062706,FALSE,FALSE,2480.572741
41,30,FI2,EL4,FI,EL,Northern,Southern,FALSE,FALSE,0,0,0.047702,FALSE,FALSE,2800.871002
41,31,FI2,EL5,FI,EL,Northern,Southern,FALSE,FALSE,0.01,0.005,0.066827,FALSE,FALSE,2186.193232
41,32,FI2,EL6,FI,EL,Northern,Southern,FALSE,FALSE,0.05,0.014345,0.068275,FALSE,FALSE,2345.682588
41,33,FI2,ES1,FI,ES,Northern,Southern,FALSE,FALSE,0.03,0.015833,0.024895,FALSE,FALSE,2506.640906
41,34,FI2,ES2,FI,ES,Northern,Southern,FALSE,FALSE,0.01,0.005,0.028722,FALSE,FALSE,2478.754166
41,35,FI2,ES3,FI,ES,Northern,Southern,FALSE,FALSE,0.03,0.025,0.046421,FALSE,FALSE,2725.004366
41,36,FI2,ES4,FI,ES,Northern,Southern,FALSE,FALSE,0.03,0.015833,0.062548,FALSE,FALSE,2826.075998
41,37,FI2,ES5,FI,ES,Northern,Southern,FALSE,FALSE,0.34,0.33,0.252387,FALSE,FALSE,2574.352259
41,38,FI2,ES6,FI,ES,Northern,Southern,FALSE,FALSE,0.35,0.330833,0.267937,FALSE,FALSE,3017.325414
41,39,FI2,ES7,FI,ES,Northern,Southern,FALSE,FALSE,0.02,0.015,0.026336,FALSE,FALSE,4443.924477
41,40,FI2,FI1,FI,FI,Northern,Northern,TRUE,TRUE,0.02,0.00625,0.018683,FALSE,TRUE,635.389748
41,42,FI2,FR1,FI,FR,Northern,Western,FALSE,FALSE,0,0,0.014646,FALSE,FALSE,1693.98282
41,43,FI2,FRB,FI,FR,Northern,Western,FALSE,FALSE,0.03,0.008333,0.027536,FALSE,FALSE,1829.800906
41,44,FI2,FRC,FI,FR,Northern,Western,FALSE,FALSE,0.01,0.00125,0.020116,FALSE,FALSE,1730.786659
41,45,FI2,FRD,FI,FR,Northern,Western,FALSE,FALSE,0,0,0.020094,FALSE,FALSE,1773.611466
41,46,FI2,FRE,FI,FR,Northern,Western,FALSE,FALSE,0,0,0.015833,FALSE,FALSE,1565.676293
41,47,FI2,FRF,FI,FR,Northern,Western,FALSE,FALSE,0.01,8.33e-4,0.017373,FALSE,FALSE,1558.138446
41,48,FI2,FRG,FI,FR,Northern,Western,FALSE,FALSE,0,0,0.022138,FALSE,FALSE,1966.79579
41,49,FI2,FRH,FI,FR,Northern,Western,FALSE,FALSE,0.01,0.001429,0.01798,FALSE,FALSE,1980.043166
41,50,FI2,FRI,FI,FR,Northern,Western,FALSE,FALSE,0.02,0.00625,0.030637,FALSE,FALSE,2122.119879
41,51,FI2,FRJ,FI,FR,Northern,Western,FALSE,FALSE,0.01,0.001429,0.017002,FALSE,FALSE,2189.203789
41,52,FI2,FRK,FI,FR,Northern,Western,FALSE,FALSE,0.02,0.0020830000000000002,0.023108,FALSE,FALSE,1921.7415
41,53,FI2,FRL,FI,FR,Northern,Western,FALSE,FALSE,0,0,0.014685,FALSE,FALSE,2016.63962
41,54,FI2,FRM,FI,FR,Northern,Western,FALSE,FALSE,0.01,8.33e-4,0.014172,FALSE,FALSE,2144.98403
41,55,FI2,HU1,FI,HU,Northern,CEE,FALSE,FALSE,0,0,0.020687,FALSE,FALSE,1422.357763
41,56,FI2,HU2,FI,HU,Northern,CEE,FALSE,FALSE,0.01,8.33e-4,0.013606,FALSE,FALSE,1495.562303
41,57,FI2,HU3,FI,HU,Northern,CEE,FALSE,FALSE,0,0,0.030313,FALSE,FALSE,1454.758564
41,58,FI2,IE0,FI,IE,Northern,Western,FALSE,FALSE,0.01,0.001429,0.00801,FALSE,FALSE,1832.512682
41,59,FI2,ITC,FI,IT,Northern,Southern,FALSE,FALSE,0,0,0.017661,FALSE,FALSE,1821.927567
41,60,FI2,ITF,FI,IT,Northern,Southern,FALSE,FALSE,0,0,0.015491,FALSE,FALSE,2223.494417
41,61,FI2,ITG,FI,IT,Northern,Southern,FALSE,FALSE,0.09,0.075,0.067231,FALSE,FALSE,2550.149271
41,62,FI2,ITH,FI,IT,Northern,Southern,FALSE,FALSE,0.02,0.002857,0.017096,FALSE,FALSE,1732.796091
41,63,FI2,ITI,FI,IT,Northern,Southern,FALSE,FALSE,0.01,0.005,0.025314,FALSE,FALSE,1997.668005
41,64,FI2,LT0,FI,LT,Northern,Baltics,FALSE,FALSE,0,0,0.012661,FALSE,TRUE,597.386989
41,65,FI2,LU0,FI,LU,Northern,Western,FALSE,FALSE,0,0,0.013576,FALSE,FALSE,1448.269257
41,66,FI2,LV0,FI,LV,Northern,Baltics,FALSE,FALSE,0,0,0.010381,FALSE,TRUE,528.128325
41,67,FI2,MT0,FI,MT,Northern,Southern,FALSE,FALSE,0.02,0.008333,0.018935,FALSE,FALSE,2715.138421
41,68,FI2,NL1,FI,NL,Northern,Western,FALSE,FALSE,0,0,0.009806,FALSE,FALSE,1159.038868
41,69,FI2,NL2,FI,NL,Northern,Western,FALSE,FALSE,0.02,0.0020830000000000002,0.017105,FALSE,FALSE,1218.473278
41,70,FI2,NL3,FI,NL,Northern,Western,FALSE,FALSE,0,0,0.017286,FALSE,FALSE,1408.202393
41,71,FI2,NL4,FI,NL,Northern,Western,FALSE,FALSE,0.01,0.0025,0.015312,FALSE,FALSE,1326.931004
41,72,FI2,PL2,FI,PL,Northern,CEE,FALSE,FALSE,0.01,8.33e-4,0.035354,FALSE,FALSE,1125.692789
41,73,FI2,PL4,FI,PL,Northern,CEE,FALSE,FALSE,0,0,0.035349,FALSE,FALSE,847.611849
41,74,FI2,PL5,FI,PL,Northern,CEE,FALSE,FALSE,0,0,0.009648,FALSE,FALSE,1054.356782
41,75,FI2,PL6,FI,PL,Northern,CEE,FALSE,FALSE,0,0,0.02783,FALSE,FALSE,739.644985
41,76,FI2,PL7,FI,PL,Northern,CEE,FALSE,FALSE,0.01,0.00125,0.008326,FALSE,FALSE,989.751437
41,77,FI2,PL8,FI,PL,Northern,CEE,FALSE,FALSE,0,0,0.02357,FALSE,FALSE,966.086506
41,78,FI2,PL9,FI,PL,Northern,CEE,FALSE,FALSE,0,0,0.013547,FALSE,FALSE,878.196969
41,79,FI2,PT1,FI,PT,Northern,Southern,FALSE,FALSE,0.01,0.001429,0.022274,FALSE,FALSE,3025.133781
41,80,FI2,PT2,FI,PT,Northern,Southern,FALSE,FALSE,0.01,0.005,0.019614,FALSE,FALSE,4005.946382
41,81,FI2,PT3,FI,PT,Northern,Southern,FALSE,FALSE,0,0,0.012952,FALSE,FALSE,4038.503626
41,82,FI2,RO1,FI,RO,Northern,CEE,FALSE,FALSE,0,0,0.028425,FALSE,FALSE,1524.649786
41,83,FI2,RO2,FI,RO,Northern,CEE,FALSE,FALSE,0,0,0.011851,FALSE,FALSE,1658.934515
41,84,FI2,RO3,FI,RO,Northern,CEE,FALSE,FALSE,0,0,0.015608,FALSE,FALSE,1811.196615
41,85,FI2,RO4,FI,RO,Northern,CEE,FALSE,FALSE,0,0,0.016857,FALSE,FALSE,1683.824997
41,86,FI2,SE1,FI,SE,Northern,Northern,FALSE,TRUE,0,0,0.019807,TRUE,TRUE,226.81233
41,87,FI2,SE2,FI,SE,Northern,Northern,FALSE,TRUE,0,0,0.033676,FALSE,TRUE,461.999228
41,88,FI2,SE3,FI,SE,Northern,Northern,FALSE,TRUE,0,0,0.023606,FALSE,TRUE,444.497189
41,89,FI2,SI0,FI,SI,Northern,CEE,FALSE,FALSE,0,0,0.011915,FALSE,FALSE,1602.836523
41,90,FI2,SK0,FI,SK,Northern,CEE,FALSE,FALSE,0.01,0.001429,0.009401,FALSE,FALSE,1290.354358
42,1,FR1,AT1,FR,AT,Western,Western,FALSE,TRUE,0.14,0.009839,0.018973,FALSE,FALSE,991.194173
42,2,FR1,AT2,FR,AT,Western,Western,FALSE,TRUE,0.12,0.007954,0.021221,FALSE,FALSE,948.596424
42,3,FR1,AT3,FR,AT,Western,Western,FALSE,TRUE,0.11,0.006249,0.015284,FALSE,FALSE,811.480835
42,4,FR1,BE1,FR,BE,Western,Western,FALSE,TRUE,0.25,0.019025,0.024047,FALSE,TRUE,272.702287
42,5,FR1,BE2,FR,BE,Western,Western,FALSE,TRUE,0.17,0.012147,0.02226,FALSE,FALSE,285.859609
42,6,FR1,BE3,FR,BE,Western,Western,FALSE,TRUE,0.2,0.013934,0.02311,FALSE,TRUE,251.780622
42,7,FR1,BG3,FR,BG,Western,CEE,FALSE,FALSE,0.18,0.013501,0.016994,FALSE,FALSE,1840.396014
42,8,FR1,BG4,FR,BG,Western,CEE,FALSE,FALSE,0.15,0.011462,0.019452,FALSE,FALSE,1852.664105
42,9,FR1,CY0,FR,CY,Western,Southern,FALSE,FALSE,0.13,0.008891,0.016451,FALSE,FALSE,2925.016082
42,10,FR1,CZ0,FR,CZ,Western,CEE,FALSE,FALSE,0.08,0.004917,0.023854,FALSE,FALSE,963.10553
42,11,FR1,DE1,FR,DE,Western,Western,FALSE,TRUE,0.18,0.0161,0.027949,FALSE,FALSE,481.120966
42,12,FR1,DE2,FR,DE,Western,Western,FALSE,TRUE,0.15,0.012993,0.023438,FALSE,FALSE,700.138516
42,13,FR1,DE3,FR,DE,Western,Western,FALSE,TRUE,0.21,0.014587,0.022551,FALSE,FALSE,875.69812
42,14,FR1,DE4,FR,DE,Western,Western,FALSE,TRUE,0.15,0.009961,0.021231,FALSE,FALSE,829.654519
42,15,FR1,DE5,FR,DE,Western,Western,FALSE,TRUE,0.16,0.012148,0.019711,FALSE,FALSE,658.940354
42,16,FR1,DE6,FR,DE,Western,Western,FALSE,TRUE,0.17,0.010228,0.016904,FALSE,FALSE,753.67663
42,17,FR1,DE7,FR,DE,Western,Western,FALSE,TRUE,0.2,0.014074,0.021662,FALSE,FALSE,514.808609
42,18,FR1,DE8,FR,DE,Western,Western,FALSE,TRUE,0.18,0.011988,0.021998,FALSE,FALSE,897.518818
42,19,FR1,DE9,FR,DE,Western,Western,FALSE,TRUE,0.17,0.012473,0.021235,FALSE,FALSE,618.860376
42,20,FR1,DEA,FR,DE,Western,Western,FALSE,TRUE,0.15,0.008359,0.017547,FALSE,FALSE,468.911051
42,21,FR1,DEB,FR,DE,Western,Western,FALSE,TRUE,0.2,0.025521,0.030653,FALSE,FALSE,371.14271
42,22,FR1,DEC,FR,DE,Western,Western,FALSE,TRUE,0.16,0.009504,0.023132,FALSE,FALSE,332.130195
42,23,FR1,DED,FR,DE,Western,Western,FALSE,TRUE,0.18,0.010779,0.020971,FALSE,FALSE,822.970769
42,24,FR1,DEE,FR,DE,Western,Western,FALSE,TRUE,0.21,0.013978,0.022293,FALSE,FALSE,745.124971
42,25,FR1,DEF,FR,DE,Western,Western,FALSE,TRUE,0.14,0.01356,0.024866,FALSE,FALSE,789.438976
42,26,FR1,DEG,FR,DE,Western,Western,FALSE,TRUE,0.18,0.012589,0.022295,FALSE,FALSE,673.021265
42,27,FR1,DK0,FR,DK,Western,Northern,FALSE,FALSE,0.19,0.018895,0.024267,FALSE,FALSE,952.733063
42,28,FR1,EE0,FR,EE,Western,Baltics,FALSE,FALSE,0.1,0.005998,0.013235,FALSE,FALSE,1867.499624
42,29,FR1,EL3,FR,EL,Western,Southern,FALSE,FALSE,0.2,0.013579,0.059875,FALSE,FALSE,2063.543595
42,30,FR1,EL4,FR,EL,Western,Southern,FALSE,FALSE,0.1,0.007054,0.046028,FALSE,FALSE,2350.726934
42,31,FR1,EL5,FR,EL,Western,Southern,FALSE,FALSE,0.2,0.013881,0.059491,FALSE,FALSE,1766.950319
42,32,FR1,EL6,FR,EL,Western,Southern,FALSE,FALSE,0.13,0.008413,0.056732,FALSE,FALSE,1886.714093
42,33,FR1,ES1,FR,ES,Western,Southern,FALSE,FALSE,0.22,0.020699,0.026527,FALSE,FALSE,822.618459
42,34,FR1,ES2,FR,ES,Western,Southern,FALSE,FALSE,0.22,0.014164,0.023568,FALSE,FALSE,805.037285
42,35,FR1,ES3,FR,ES,Western,Southern,FALSE,FALSE,0.13,0.01046,0.020459,FALSE,FALSE,1032.081406
42,36,FR1,ES4,FR,ES,Western,Southern,FALSE,FALSE,0.19,0.011079,0.023262,FALSE,FALSE,1133.041524
42,37,FR1,ES5,FR,ES,Western,Southern,FALSE,FALSE,0.1,0.007816,0.020451,FALSE,FALSE,1013.236986
42,38,FR1,ES6,FR,ES,Western,Southern,FALSE,FALSE,0.21,0.014457,0.02919,FALSE,FALSE,1334.228978
42,39,FR1,ES7,FR,ES,Western,Southern,FALSE,FALSE,0.14,0.009201,0.016742,FALSE,FALSE,2760.226016
42,40,FR1,FI1,FR,FI,Western,Northern,FALSE,FALSE,0.17,0.012594,0.021534,FALSE,FALSE,2318.056124
42,41,FR1,FI2,FR,FI,Western,Northern,FALSE,FALSE,0.17,0.010518,0.014672,FALSE,FALSE,1693.98282
42,43,FR1,FRB,FR,FR,Western,Western,TRUE,TRUE,0.16,0.011336,0.022869,TRUE,TRUE,135.909397
42,44,FR1,FRC,FR,FR,Western,Western,TRUE,TRUE,0.22,0.018246,0.027189,TRUE,TRUE,237.787402
42,45,FR1,FRD,FR,FR,Western,Western,TRUE,TRUE,0.18,0.018433,0.025598,TRUE,TRUE,187.278714
42,46,FR1,FRE,FR,FR,Western,Western,TRUE,TRUE,0.15,0.010937,0.021167,TRUE,TRUE,140.357443
42,47,FR1,FRF,FR,FR,Western,Western,TRUE,TRUE,0.13,0.008227,0.020819,TRUE,TRUE,239.500395
42,48,FR1,FRG,FR,FR,Western,Western,TRUE,TRUE,0.1,0.006487,0.018087,FALSE,FALSE,304.752781
42,49,FR1,FRH,FR,FR,Western,Western,TRUE,TRUE,0.13,0.007326,0.0165,FALSE,FALSE,396.82644
42,50,FR1,FRI,FR,FR,Western,Western,TRUE,TRUE,0.17,0.009576,0.023716,FALSE,FALSE,436.878005
42,51,FR1,FRJ,FR,FR,Western,Western,TRUE,TRUE,0.14,0.010523,0.019989,FALSE,FALSE,563.784999
42,52,FR1,FRK,FR,FR,Western,Western,TRUE,TRUE,0.11,0.006459,0.01776,FALSE,FALSE,393.91263
42,53,FR1,FRL,FR,FR,Western,Western,TRUE,TRUE,0.11,0.007713,0.016487,FALSE,FALSE,576.834556
42,54,FR1,FRM,FR,FR,Western,Western,TRUE,TRUE,0.15,0.011975,0.018566,FALSE,FALSE,894.281649
42,55,FR1,HU1,FR,HU,Western,CEE,FALSE,FALSE,0.1,0.006034,0.04238,FALSE,FALSE,1254.782272
42,56,FR1,HU2,FR,HU,Western,CEE,FALSE,FALSE,0.19,0.018857,0.030563,FALSE,FALSE,1145.199509
42,57,FR1,HU3,FR,HU,Western,CEE,FALSE,FALSE,0.12,0.006556,0.05778,FALSE,FALSE,1376.829221
42,58,FR1,IE0,FR,IE,Western,Western,FALSE,TRUE,0.15,0.007821,0.01278,FALSE,FALSE,898.456237
42,59,FR1,ITC,FR,IT,Western,Southern,FALSE,FALSE,0.18,0.01355,0.020364,FALSE,FALSE,619.50191
42,60,FR1,ITF,FR,IT,Western,Southern,FALSE,FALSE,0.14,0.00997,0.020433,FALSE,FALSE,1403.382326
42,61,FR1,ITG,FR,IT,Western,Southern,FALSE,FALSE,0.15,0.009557,0.020029,FALSE,FALSE,1534.914504
42,62,FR1,ITH,FR,IT,Western,Southern,FALSE,FALSE,0.1,0.006406,0.016064,FALSE,FALSE,773.003254
42,63,FR1,ITI,FR,IT,Western,Southern,FALSE,FALSE,0.21,0.017117,0.023533,FALSE,FALSE,991.270156
42,64,FR1,LT0,FR,LT,Western,Baltics,FALSE,FALSE,0.15,0.008709,0.029015,FALSE,FALSE,1614.692952
42,65,FR1,LU0,FR,LU,Western,Western,FALSE,TRUE,0.18,0.010671,0.017385,FALSE,FALSE,286.882509
42,66,FR1,LV0,FR,LV,Western,Baltics,FALSE,FALSE,0.14,0.009755,0.022696,FALSE,FALSE,1804.021598
42,67,FR1,MT0,FR,MT,Western,Southern,FALSE,FALSE,0.1,0.005845,0.016672,FALSE,FALSE,1698.081548
42,68,FR1,NL1,FR,NL,Western,Western,FALSE,TRUE,0.13,0.008041,0.014221,FALSE,FALSE,541.886722
42,69,FR1,NL2,FR,NL,Western,Western,FALSE,TRUE,0.13,0.015211,0.022643,FALSE,FALSE,476.361958
42,70,FR1,NL3,FR,NL,Western,Western,FALSE,TRUE,0.21,0.015922,0.023929,FALSE,FALSE,303.476387
42,71,FR1,NL4,FR,NL,Western,Western,FALSE,TRUE,0.18,0.013835,0.021514,FALSE,FALSE,367.349291
42,72,FR1,PL2,FR,PL,Western,CEE,FALSE,FALSE,0.15,0.008992,0.075367,FALSE,FALSE,1256.522176
42,73,FR1,PL4,FR,PL,Western,CEE,FALSE,FALSE,0.08,0.004014,0.076504,FALSE,FALSE,1047.418325
42,74,FR1,PL5,FR,PL,Western,CEE,FALSE,FALSE,0.13,0.008426,0.019683,FALSE,FALSE,1057.636473
42,75,FR1,PL6,FR,PL,Western,CEE,FALSE,FALSE,0.14,0.008176,0.056991,FALSE,FALSE,1275.012087
42,76,FR1,PL7,FR,PL,Western,CEE,FALSE,FALSE,0.11,0.007023,0.014741,FALSE,FALSE,1243.572272
42,77,FR1,PL8,FR,PL,Western,CEE,FALSE,FALSE,0.09,0.005011,0.045476,FALSE,FALSE,1474.136125
42,78,FR1,PL9,FR,PL,Western,CEE,FALSE,FALSE,0.16,0.010906,0.029221,FALSE,FALSE,1379.584094
42,79,FR1,PT1,FR,PT,Western,Southern,FALSE,FALSE,0.15,0.010573,0.019601,FALSE,FALSE,1342.179609
42,80,FR1,PT2,FR,PT,Western,Southern,FALSE,FALSE,0.17,0.012055,0.01839,FALSE,FALSE,2533.883906
42,81,FR1,PT3,FR,PT,Western,Southern,FALSE,FALSE,0.2,0.017939,0.021379,FALSE,FALSE,2379.22505
42,82,FR1,RO1,FR,RO,Western,CEE,FALSE,FALSE,0.14,0.011611,0.070375,FALSE,FALSE,1606.987957
42,83,FR1,RO2,FR,RO,Western,CEE,FALSE,FALSE,0.1,0.005964,0.028932,FALSE,FALSE,1880.450655
42,84,FR1,RO3,FR,RO,Western,CEE,FALSE,FALSE,0.09,0.005767,0.039896,FALSE,FALSE,1860.026341
42,85,FR1,RO4,FR,RO,Western,CEE,FALSE,FALSE,0.11,0.006759,0.041155,FALSE,FALSE,1577.489701
42,86,FR1,SE1,FR,SE,Western,Northern,FALSE,FALSE,0.19,0.013639,0.047557,FALSE,FALSE,1472.896689
42,87,FR1,SE2,FR,SE,Western,Northern,FALSE,FALSE,0.22,0.01514,0.08289,FALSE,FALSE,1232.360502
42,88,FR1,SE3,FR,SE,Western,Northern,FALSE,FALSE,0.2,0.013499,0.058526,FALSE,FALSE,1890.684419
42,89,FR1,SI0,FR,SI,Western,CEE,FALSE,FALSE,0.12,0.009352,0.01922,FALSE,FALSE,950.180188
42,90,FR1,SK0,FR,SK,Western,CEE,FALSE,FALSE,0.25,0.018491,0.020925,FALSE,FALSE,1195.501425
43,1,FRB,AT1,FR,AT,Western,Western,FALSE,TRUE,0.08,0.015313,0.023875,FALSE,FALSE,1069.824902
43,2,FRB,AT2,FR,AT,Western,Western,FALSE,TRUE,0.13,0.038869,0.044239,FALSE,FALSE,1015.965751
43,3,FRB,AT3,FR,AT,Western,Western,FALSE,TRUE,0.04,0.005742,0.017016,FALSE,FALSE,884.862195
43,4,FRB,BE1,FR,BE,Western,Western,FALSE,TRUE,0.09,0.014713,0.022427,FALSE,FALSE,408.362387
43,5,FRB,BE2,FR,BE,Western,Western,FALSE,TRUE,0.09,0.031168,0.034798,FALSE,FALSE,420.745991
43,6,FRB,BE3,FR,BE,Western,Western,FALSE,TRUE,0.09,0.01537,0.025445,FALSE,FALSE,384.149206
43,7,FRB,BG3,FR,BG,Western,CEE,FALSE,FALSE,0.01,4.35e-4,0.009772,FALSE,FALSE,1896.362514
43,8,FRB,BG4,FR,BG,Western,CEE,FALSE,FALSE,0.12,0.011945,0.021954,FALSE,FALSE,1898.126415
43,9,FRB,CY0,FR,CY,Western,Southern,FALSE,FALSE,0.08,0.007158,0.017374,FALSE,FALSE,2960.876702
43,10,FRB,CZ0,FR,CZ,Western,CEE,FALSE,FALSE,0.03,0.001346,0.024152,FALSE,FALSE,1062.5794760000001
43,11,FRB,DE1,FR,DE,Western,Western,FALSE,TRUE,0.09,0.019777,0.033128,FALSE,FALSE,569.015224
43,12,FRB,DE2,FR,DE,Western,Western,FALSE,TRUE,0.13,0.010688,0.022821,FALSE,FALSE,790.544706
43,13,FRB,DE3,FR,DE,Western,Western,FALSE,TRUE,0.07,0.004696,0.016805,FALSE,FALSE,1000.909102
43,14,FRB,DE4,FR,DE,Western,Western,FALSE,TRUE,0.11,0.01034,0.020351,FALSE,FALSE,955.883553
43,15,FRB,DE5,FR,DE,Western,Western,FALSE,TRUE,0.04,0.0026,0.014041,FALSE,FALSE,793.962309
43,16,FRB,DE6,FR,DE,Western,Western,FALSE,TRUE,0.09,0.010874,0.018179,FALSE,FALSE,888.300997
43,17,FRB,DE7,FR,DE,Western,Western,FALSE,TRUE,0.05,0.003601,0.015083,FALSE,FALSE,634.800395
43,18,FRB,DE8,FR,DE,Western,Western,FALSE,TRUE,0.04,0.002453,0.0148,FALSE,FALSE,1029.963326
43,19,FRB,DE9,FR,DE,Western,Western,FALSE,TRUE,0.05,0.004218,0.016976,FALSE,FALSE,752.737696
43,20,FRB,DEA,FR,DE,Western,Western,FALSE,TRUE,0.11,0.023846,0.02981,FALSE,FALSE,600.827933
43,21,FRB,DEB,FR,DE,Western,Western,FALSE,TRUE,0.1,0.013246,0.030802,FALSE,FALSE,489.614835
43,22,FRB,DEC,FR,DE,Western,Western,FALSE,TRUE,0.12,0.012543,0.031651,FALSE,FALSE,441.428816
43,23,FRB,DED,FR,DE,Western,Western,FALSE,TRUE,0.1,0.009029,0.022313,FALSE,FALSE,936.142087
43,24,FRB,DEE,FR,DE,Western,Western,FALSE,TRUE,0.08,0.005703,0.017982,FALSE,FALSE,870.379745
43,25,FRB,DEF,FR,DE,Western,Western,FALSE,TRUE,0.09,0.012314,0.026395,FALSE,FALSE,924.876882
43,26,FRB,DEG,FR,DE,Western,Western,FALSE,TRUE,0.13,0.018824,0.028163,FALSE,FALSE,790.41761
43,27,FRB,DK0,FR,DK,Western,Northern,FALSE,FALSE,0.04,0.003664,0.013298,FALSE,FALSE,1087.917277
43,28,FRB,EE0,FR,EE,Western,Baltics,FALSE,FALSE,0.05,0.004487,0.013313,FALSE,FALSE,2000.577689
43,29,FRB,EL3,FR,EL,Western,Southern,FALSE,FALSE,0.08,0.009512,0.053515,FALSE,FALSE,2081.744059
43,30,FRB,EL4,FR,EL,Western,Southern,FALSE,FALSE,0.05,0.00318,0.041044,FALSE,FALSE,2358.866624
43,31,FRB,EL5,FR,EL,Western,Southern,FALSE,FALSE,0.07,0.004217,0.052146,FALSE,FALSE,1794.39629
43,32,FRB,EL6,FR,EL,Western,Southern,FALSE,FALSE,0.06,0.005069,0.051789,FALSE,FALSE,1906.084003
43,33,FRB,ES1,FR,ES,Western,Southern,FALSE,FALSE,0.06,0.005844,0.020252,FALSE,FALSE,690.904887
43,34,FRB,ES2,FR,ES,Western,Southern,FALSE,FALSE,0.14,0.015894,0.027721,FALSE,FALSE,673.596836
43,35,FRB,ES3,FR,ES,Western,Southern,FALSE,FALSE,0.05,0.007935,0.020147,FALSE,FALSE,896.201439
43,36,FRB,ES4,FR,ES,Western,Southern,FALSE,FALSE,0.06,0.01094,0.023491,FALSE,FALSE,997.770314
43,37,FRB,ES5,FR,ES,Western,Southern,FALSE,FALSE,0.04,0.002089,0.019686,FALSE,FALSE,905.432803
43,38,FRB,ES6,FR,ES,Western,Southern,FALSE,FALSE,0.1,0.014065,0.03232,FALSE,FALSE,1199.650255
43,39,FRB,ES7,FR,ES,Western,Southern,FALSE,FALSE,0.1,0.011022,0.020311,FALSE,FALSE,2626.577109
43,40,FRB,FI1,FR,FI,Western,Northern,FALSE,FALSE,0.1,0.014617,0.025128,FALSE,FALSE,2453.934014
43,41,FRB,FI2,FR,FI,Western,Northern,FALSE,FALSE,0.06,0.00396,0.011306,FALSE,FALSE,1829.800906
43,42,FRB,FR1,FR,FR,Western,Western,TRUE,TRUE,0.11,0.026055,0.032046,TRUE,TRUE,135.909397
43,44,FRB,FRC,FR,FR,Western,Western,TRUE,TRUE,0.14,0.028088,0.037755,TRUE,TRUE,258.822773
43,45,FRB,FRD,FR,FR,Western,Western,TRUE,TRUE,0.12,0.040355,0.042637,TRUE,TRUE,189.771124
43,46,FRB,FRE,FR,FR,Western,Western,TRUE,TRUE,0.13,0.035088,0.04109,FALSE,TRUE,271.750372
43,47,FRB,FRF,FR,FR,Western,Western,TRUE,TRUE,0.13,0.062885,0.062438,FALSE,FALSE,337.482191
43,48,FRB,FRG,FR,FR,Western,Western,TRUE,TRUE,0.15,0.017884,0.038685,TRUE,TRUE,200.591527
43,49,FRB,FRH,FR,FR,Western,Western,TRUE,TRUE,0.12,0.017053,0.027479,FALSE,TRUE,327.6839
43,50,FRB,FRI,FR,FR,Western,Western,TRUE,TRUE,0.13,0.029383,0.043725,TRUE,TRUE,304.370298
43,51,FRB,FRJ,FR,FR,Western,Western,TRUE,TRUE,0.11,0.017415,0.026973,FALSE,FALSE,452.183142
43,52,FRB,FRK,FR,FR,Western,Western,TRUE,TRUE,0.07,0.007824,0.020116,TRUE,FALSE,341.358152
43,53,FRB,FRL,FR,FR,Western,Western,TRUE,TRUE,0.07,0.016168,0.021687,FALSE,FALSE,525.873068
43,54,FRB,FRM,FR,FR,Western,Western,TRUE,TRUE,0.08,0.006642,0.020569,FALSE,FALSE,857.151403
43,55,FRB,HU1,FR,HU,Western,CEE,FALSE,FALSE,0.07,0.00452,0.031231,FALSE,FALSE,1332.803205
43,56,FRB,HU2,FR,HU,Western,CEE,FALSE,FALSE,0.06,0.00682,0.022281,FALSE,FALSE,1214.732849
43,57,FRB,HU3,FR,HU,Western,CEE,FALSE,FALSE,0.05,0.003177,0.044121,FALSE,FALSE,1454.223495
43,58,FRB,IE0,FR,IE,Western,Western,FALSE,TRUE,0.08,0.004828,0.013409,FALSE,FALSE,927.62991
43,59,FRB,ITC,FR,IT,Western,Southern,FALSE,FALSE,0.09,0.016489,0.02333,FALSE,FALSE,624.937372
43,60,FRB,ITF,FR,IT,Western,Southern,FALSE,FALSE,0.11,0.033409,0.038386,FALSE,FALSE,1401.791296
43,61,FRB,ITG,FR,IT,Western,Southern,FALSE,FALSE,0.1,0.011337,0.020194,FALSE,FALSE,1502.195282
43,62,FRB,ITH,FR,IT,Western,Southern,FALSE,FALSE,0.07,0.008372,0.017604,FALSE,FALSE,803.349962
43,63,FRB,ITI,FR,IT,Western,Southern,FALSE,FALSE,0.09,0.006458,0.01638,FALSE,FALSE,989.813389
43,64,FRB,LT0,FR,LT,Western,Baltics,FALSE,FALSE,0.03,0.001912,0.018301,FALSE,FALSE,1740.774007
43,65,FRB,LU0,FR,LU,Western,Western,FALSE,TRUE,0.08,0.01286,0.021898,FALSE,FALSE,409.7022
43,66,FRB,LV0,FR,LV,Western,Baltics,FALSE,FALSE,0.02,0.001032,0.016162,FALSE,FALSE,1932.906334
43,67,FRB,MT0,FR,MT,Western,Southern,FALSE,FALSE,0.06,0.006227,0.017609,FALSE,FALSE,1659.906129
43,68,FRB,NL1,FR,NL,Western,Western,FALSE,TRUE,0.08,0.010021,0.016352,FALSE,FALSE,677.314131
43,69,FRB,NL2,FR,NL,Western,Western,FALSE,TRUE,0.13,0.01067,0.023753,FALSE,FALSE,612.262916
43,70,FRB,NL3,FR,NL,Western,Western,FALSE,TRUE,0.13,0.034652,0.035673,FALSE,FALSE,435.881699
43,71,FRB,NL4,FR,NL,Western,Western,FALSE,TRUE,0.08,0.006887,0.017736,FALSE,FALSE,502.989175
43,72,FRB,PL2,FR,PL,Western,CEE,FALSE,FALSE,0.04,0.002874,0.0567,FALSE,FALSE,1357.837312
43,73,FRB,PL4,FR,PL,Western,CEE,FALSE,FALSE,0.01,5.56e-4,0.056467,FALSE,FALSE,1171.156348
43,74,FRB,PL5,FR,PL,Western,CEE,FALSE,FALSE,0.03,0.002074,0.011549,FALSE,FALSE,1166.68457
43,75,FRB,PL6,FR,PL,Western,CEE,FALSE,FALSE,0.05,0.003029,0.043772,FALSE,FALSE,1398.322026
43,76,FRB,PL7,FR,PL,Western,CEE,FALSE,FALSE,0.02,0.001818,0.012061,FALSE,FALSE,1353.884009
43,77,FRB,PL8,FR,PL,Western,CEE,FALSE,FALSE,0.07,0.004573,0.036809,FALSE,FALSE,1585.032946
43,78,FRB,PL9,FR,PL,Western,CEE,FALSE,FALSE,0.05,0.002707,0.019886,FALSE,FALSE,1495.045351
43,79,FRB,PT1,FR,PT,Western,Southern,FALSE,FALSE,0.08,0.00812,0.017753,FALSE,FALSE,1209.58094
43,80,FRB,PT2,FR,PT,Western,Southern,FALSE,FALSE,0.06,0.003794,0.012494,FALSE,FALSE,2431.760245
43,81,FRB,PT3,FR,PT,Western,Southern,FALSE,FALSE,0.08,0.007888,0.01514,FALSE,FALSE,2249.879399
43,82,FRB,RO1,FR,RO,Western,CEE,FALSE,FALSE,0.04,0.002465,0.048202,FALSE,FALSE,1684.635231
43,83,FRB,RO2,FR,RO,Western,CEE,FALSE,FALSE,0.02,0.001241,0.019878,FALSE,FALSE,1957.430617
43,84,FRB,RO3,FR,RO,Western,CEE,FALSE,FALSE,0.02,0.001143,0.026521,FALSE,FALSE,1925.031945
43,85,FRB,RO4,FR,RO,Western,CEE,FALSE,FALSE,0.04,0.002426,0.027808,FALSE,FALSE,1641.585806
43,86,FRB,SE1,FR,SE,Western,Northern,FALSE,FALSE,0.11,0.008091,0.040966,FALSE,FALSE,1608.803817
43,87,FRB,SE2,FR,SE,Western,Northern,FALSE,FALSE,0.09,0.00731,0.068015,FALSE,FALSE,1368.110642
43,88,FRB,SE3,FR,SE,Western,Northern,FALSE,FALSE,0.08,0.005319,0.046516,FALSE,FALSE,2024.426898
43,89,FRB,SI0,FR,SI,Western,CEE,FALSE,FALSE,0.07,0.009533,0.023034,FALSE,FALSE,1004.322249
43,90,FRB,SK0,FR,SK,Western,CEE,FALSE,FALSE,0.06,0.007222,0.012813,FALSE,FALSE,1284.308553
44,1,FRC,AT1,FR,AT,Western,Western,FALSE,TRUE,0.13,0.025135,0.030933,FALSE,FALSE,821.231659
44,2,FRC,AT2,FR,AT,Western,Western,FALSE,TRUE,0.07,0.00486,0.021863,FALSE,FALSE,761.250628
44,3,FRC,AT3,FR,AT,Western,Western,FALSE,TRUE,0.12,0.009411,0.027671,FALSE,FALSE,634.241279
44,4,FRC,BE1,FR,BE,Western,Western,FALSE,TRUE,0.19,0.016848,0.022909,FALSE,FALSE,395.601148
44,5,FRC,BE2,FR,BE,Western,Western,FALSE,TRUE,0.18,0.040034,0.039208,FALSE,FALSE,418.314162
44,6,FRC,BE3,FR,BE,Western,Western,FALSE,TRUE,0.12,0.010396,0.023015,FALSE,TRUE,317.756149
44,7,FRC,BG3,FR,BG,Western,CEE,FALSE,FALSE,0.12,0.008724,0.015068,FALSE,FALSE,1637.710252
44,8,FRC,BG4,FR,BG,Western,CEE,FALSE,FALSE,0.12,0.009334,0.017787,FALSE,FALSE,1639.656932
44,9,FRC,CY0,FR,CY,Western,Southern,FALSE,FALSE,0.13,0.009565,0.018232,FALSE,FALSE,2704.609151
44,10,FRC,CZ0,FR,CZ,Western,CEE,FALSE,FALSE,0.05,0.004957,0.023575,FALSE,FALSE,836.020918
44,11,FRC,DE1,FR,DE,Western,Western,FALSE,TRUE,0.12,0.013095,0.026903,FALSE,FALSE,341.554543
44,12,FRC,DE2,FR,DE,Western,Western,FALSE,TRUE,0.12,0.010013,0.019406,FALSE,FALSE,557.200309
44,13,FRC,DE3,FR,DE,Western,Western,FALSE,TRUE,0.15,0.012169,0.020612,FALSE,FALSE,835.869364
44,14,FRC,DE4,FR,DE,Western,Western,FALSE,TRUE,0.11,0.009697,0.020545,FALSE,FALSE,796.315723
44,15,FRC,DE5,FR,DE,Western,Western,FALSE,TRUE,0.14,0.011977,0.022313,FALSE,FALSE,700.290903
44,16,FRC,DE6,FR,DE,Western,Western,FALSE,TRUE,0.18,0.016668,0.020979,FALSE,FALSE,784.608036
44,17,FRC,DE7,FR,DE,Western,Western,FALSE,TRUE,0.09,0.006715,0.017068,FALSE,FALSE,470.148574
44,18,FRC,DE8,FR,DE,Western,Western,FALSE,TRUE,0.1,0.0064,0.015876,FALSE,FALSE,900.967737
44,19,FRC,DE9,FR,DE,Western,Western,FALSE,TRUE,0.16,0.012268,0.020824,FALSE,FALSE,648.018447
44,20,FRC,DEA,FR,DE,Western,Western,FALSE,TRUE,0.17,0.022193,0.028959,FALSE,FALSE,492.773633
44,21,FRC,DEB,FR,DE,Western,Western,FALSE,TRUE,0.13,0.011473,0.024578,FALSE,FALSE,337.866031
44,22,FRC,DEC,FR,DE,Western,Western,FALSE,TRUE,0.17,0.017362,0.029175,FALSE,TRUE,272.787818
44,23,FRC,DED,FR,DE,Western,Western,FALSE,TRUE,0.11,0.00801,0.020664,FALSE,FALSE,737.505423
44,24,FRC,DEE,FR,DE,Western,Western,FALSE,TRUE,0.11,0.017306,0.025588,FALSE,FALSE,710.124723
44,25,FRC,DEF,FR,DE,Western,Western,FALSE,TRUE,0.15,0.021371,0.030064,FALSE,FALSE,832.240117
44,26,FRC,DEG,FR,DE,Western,Western,FALSE,TRUE,0.12,0.008978,0.022286,FALSE,FALSE,607.930133
44,27,FRC,DK0,FR,DK,Western,Northern,FALSE,FALSE,0.11,0.005421,0.01468,FALSE,FALSE,1034.27187
44,28,FRC,EE0,FR,EE,Western,Baltics,FALSE,FALSE,0.07,0.004109,0.011765,FALSE,FALSE,1861.90732
44,29,FRC,EL3,FR,EL,Western,Southern,FALSE,FALSE,0.16,0.015298,0.064188,FALSE,FALSE,1832.59165
44,30,FRC,EL4,FR,EL,Western,Southern,FALSE,FALSE,0.11,0.011605,0.054023,FALSE,FALSE,2116.132
44,31,FRC,EL5,FR,EL,Western,Southern,FALSE,FALSE,0.11,0.007339,0.062387,FALSE,FALSE,1540.615978
44,32,FRC,EL6,FR,EL,Western,Southern,FALSE,FALSE,0.15,0.014651,0.065641,FALSE,FALSE,1656.195114
44,33,FRC,ES1,FR,ES,Western,Southern,FALSE,FALSE,0.12,0.010637,0.021392,FALSE,FALSE,879.556866
44,34,FRC,ES2,FR,ES,Western,Southern,FALSE,FALSE,0.12,0.015235,0.029677,FALSE,FALSE,755.011615
44,35,FRC,ES3,FR,ES,Western,Southern,FALSE,FALSE,0.09,0.009893,0.02016,FALSE,FALSE,1025.359128
44,36,FRC,ES4,FR,ES,Western,Southern,FALSE,FALSE,0.11,0.006475,0.020514,FALSE,FALSE,1149.898224
44,37,FRC,ES5,FR,ES,Western,Southern,FALSE,FALSE,0.13,0.007885,0.0228,FALSE,FALSE,871.357681
44,38,FRC,ES6,FR,ES,Western,Southern,FALSE,FALSE,0.12,0.011978,0.030174,FALSE,FALSE,1294.327875
44,39,FRC,ES7,FR,ES,Western,Southern,FALSE,FALSE,0.12,0.00779,0.01746,FALSE,FALSE,2783.12068
44,40,FRC,FI1,FR,FI,Western,Northern,FALSE,FALSE,0.1,0.008494,0.01829,FALSE,FALSE,2364.529485
44,41,FRC,FI2,FR,FI,Western,Northern,FALSE,FALSE,0.15,0.010789,0.015405,FALSE,FALSE,1730.786659
44,42,FRC,FR1,FR,FR,Western,Western,TRUE,TRUE,0.14,0.013507,0.024086,TRUE,TRUE,237.787402
44,43,FRC,FRB,FR,FR,Western,Western,TRUE,TRUE,0.14,0.022893,0.037963,TRUE,TRUE,258.822773
44,45,FRC,FRD,FR,FR,Western,Western,TRUE,TRUE,0.16,0.01341,0.021538,FALSE,FALSE,413.252195
44,46,FRC,FRE,FR,FR,Western,Western,TRUE,TRUE,0.13,0.009931,0.023641,FALSE,FALSE,327.812348
44,47,FRC,FRF,FR,FR,Western,Western,TRUE,TRUE,0.19,0.023286,0.03217,TRUE,TRUE,174.592101
44,48,FRC,FRG,FR,FR,Western,Western,TRUE,TRUE,0.17,0.017389,0.027088,FALSE,FALSE,455.785165
44,49,FRC,FRH,FR,FR,Western,Western,TRUE,TRUE,0.12,0.018382,0.025722,FALSE,FALSE,586.240801
44,50,FRC,FRI,FR,FR,Western,Western,TRUE,TRUE,0.16,0.012731,0.024648,FALSE,FALSE,428.754715
44,51,FRC,FRJ,FR,FR,Western,Western,TRUE,TRUE,0.1,0.009316,0.01915,FALSE,FALSE,458.448047
44,52,FRC,FRK,FR,FR,Western,Western,TRUE,TRUE,0.16,0.015194,0.025331,TRUE,TRUE,205.110612
44,53,FRC,FRL,FR,FR,Western,Western,TRUE,TRUE,0.06,0.004069,0.014978,FALSE,FALSE,365.653323
44,54,FRC,FRM,FR,FR,Western,Western,TRUE,TRUE,0.11,0.011228,0.020954,FALSE,FALSE,664.692958
44,55,FRC,HU1,FR,HU,Western,CEE,FALSE,FALSE,0.11,0.006828,0.04133,FALSE,FALSE,1082.424604
44,56,FRC,HU2,FR,HU,Western,CEE,FALSE,FALSE,0.15,0.014765,0.026638,FALSE,FALSE,960.220859
44,57,FRC,HU3,FR,HU,Western,CEE,FALSE,FALSE,0.08,0.005893,0.055793,FALSE,FALSE,1203.047733
44,58,FRC,IE0,FR,IE,Western,Western,FALSE,TRUE,0.05,0.003799,0.010184,FALSE,FALSE,1136.211419
44,59,FRC,ITC,FR,IT,Western,Southern,FALSE,FALSE,0.14,0.017022,0.023326,FALSE,FALSE,382.295491
44,60,FRC,ITF,FR,IT,Western,Southern,FALSE,FALSE,0.18,0.016048,0.026729,FALSE,FALSE,1166.186808
44,61,FRC,ITG,FR,IT,Western,Southern,FALSE,FALSE,0.13,0.015961,0.024573,FALSE,FALSE,1300.800054
44,62,FRC,ITH,FR,IT,Western,Southern,FALSE,FALSE,0.09,0.007091,0.017488,FALSE,FALSE,547.046302
44,63,FRC,ITI,FR,IT,Western,Southern,FALSE,FALSE,0.12,0.010191,0.019069,FALSE,FALSE,753.801239
44,64,FRC,LT0,FR,LT,Western,Baltics,FALSE,FALSE,0.07,0.005819,0.022382,FALSE,FALSE,1567.261509
44,65,FRC,LU0,FR,LU,Western,Western,FALSE,TRUE,0.1,0.006514,0.01323,FALSE,TRUE,290.504314
44,66,FRC,LV0,FR,LV,Western,Baltics,FALSE,FALSE,0.09,0.006115,0.017735,FALSE,FALSE,1769.755231
44,67,FRC,MT0,FR,MT,Western,Southern,FALSE,FALSE,0.16,0.012114,0.019701,FALSE,FALSE,1465.734173
44,68,FRC,NL1,FR,NL,Western,Western,FALSE,TRUE,0.2,0.024257,0.02589,FALSE,FALSE,637.254538
44,69,FRC,NL2,FR,NL,Western,Western,FALSE,TRUE,0.12,0.021635,0.02818,FALSE,FALSE,560.73936
44,70,FRC,NL3,FR,NL,Western,Western,FALSE,TRUE,0.13,0.007903,0.021515,FALSE,FALSE,452.306151
44,71,FRC,NL4,FR,NL,Western,Western,FALSE,TRUE,0.17,0.013395,0.024213,FALSE,FALSE,447.607657
44,72,FRC,PL2,FR,PL,Western,CEE,FALSE,FALSE,0.06,0.003593,0.071799,FALSE,FALSE,1130.623836
44,73,FRC,PL4,FR,PL,Western,CEE,FALSE,FALSE,0.08,0.005457,0.074718,FALSE,FALSE,996.561135
44,74,FRC,PL5,FR,PL,Western,CEE,FALSE,FALSE,0.15,0.010905,0.018745,FALSE,FALSE,954.549335
44,75,FRC,PL6,FR,PL,Western,CEE,FALSE,FALSE,0.1,0.006366,0.05447,FALSE,FALSE,1218.566476
44,76,FRC,PL7,FR,PL,Western,CEE,FALSE,FALSE,0.09,0.006259,0.015716,FALSE,FALSE,1141.814347
44,77,FRC,PL8,FR,PL,Western,CEE,FALSE,FALSE,0.05,0.004046,0.043075,FALSE,FALSE,1372.018782
44,78,FRC,PL9,FR,PL,Western,CEE,FALSE,FALSE,0.09,0.006352,0.025224,FALSE,FALSE,1292.474111
44,79,FRC,PT1,FR,PT,Western,Southern,FALSE,FALSE,0.15,0.02283,0.026718,FALSE,FALSE,1382.884874
44,80,FRC,PT2,FR,PT,Western,Southern,FALSE,FALSE,0.11,0.006974,0.016273,FALSE,FALSE,2671.279531
44,81,FRC,PT3,FR,PT,Western,Southern,FALSE,FALSE,0.12,0.011059,0.016352,FALSE,FALSE,2432.767999
44,82,FRC,RO1,FR,RO,Western,CEE,FALSE,FALSE,0.04,0.002208,0.050534,FALSE,FALSE,1433.033295
44,83,FRC,RO2,FR,RO,Western,CEE,FALSE,FALSE,0.05,0.004197,0.021545,FALSE,FALSE,1704.990619
44,84,FRC,RO3,FR,RO,Western,CEE,FALSE,FALSE,0.08,0.004325,0.029928,FALSE,FALSE,1667.899306
44,85,FRC,RO4,FR,RO,Western,CEE,FALSE,FALSE,0.04,0.001603,0.028711,FALSE,FALSE,1384.434916
44,86,FRC,SE1,FR,SE,Western,Northern,FALSE,FALSE,0.09,0.007051,0.036051,FALSE,FALSE,1519.453491
44,87,FRC,SE2,FR,SE,Western,Northern,FALSE,FALSE,0.08,0.00566,0.059039,FALSE,FALSE,1272.113667
44,88,FRC,SE3,FR,SE,Western,Northern,FALSE,FALSE,0.05,0.002698,0.038557,FALSE,FALSE,1976.148072
44,89,FRC,SI0,FR,SI,Western,CEE,FALSE,FALSE,0.2,0.024621,0.030539,FALSE,FALSE,745.919722
44,90,FRC,SK0,FR,SK,Western,CEE,FALSE,FALSE,0.1,0.004552,0.011899,FALSE,FALSE,1042.756574
45,1,FRD,AT1,FR,AT,Western,Western,FALSE,TRUE,0.07,0.006103,0.016943,FALSE,FALSE,1174.991383
45,2,FRD,AT2,FR,AT,Western,Western,FALSE,TRUE,0.1,0.00791,0.022359,FALSE,FALSE,1134.999375
45,3,FRD,AT3,FR,AT,Western,Western,FALSE,TRUE,0.08,0.008013,0.019915,FALSE,FALSE,997.055239
45,4,FRD,BE1,FR,BE,Western,Western,FALSE,TRUE,0.18,0.014278,0.022182,FALSE,TRUE,370.697489
45,5,FRD,BE2,FR,BE,Western,Western,FALSE,TRUE,0.17,0.037331,0.038189,FALSE,FALSE,371.919084
45,6,FRD,BE3,FR,BE,Western,Western,FALSE,TRUE,0.11,0.011897,0.022261,FALSE,FALSE,392.9608
45,7,FRD,BG3,FR,BG,Western,CEE,FALSE,FALSE,0.1,0.009475,0.015108,FALSE,FALSE,2027.542626
45,8,FRD,BG4,FR,BG,Western,CEE,FALSE,FALSE,0.06,0.007572,0.015502,FALSE,FALSE,2039.771577
45,9,FRD,CY0,FR,CY,Western,Southern,FALSE,FALSE,0.07,0.012734,0.020976,FALSE,FALSE,3111.289614
45,10,FRD,CZ0,FR,CZ,Western,CEE,FALSE,FALSE,0.11,0.01164,0.026466,FALSE,FALSE,1136.505638
45,11,FRD,DE1,FR,DE,Western,Western,FALSE,TRUE,0.12,0.014127,0.02693,FALSE,FALSE,664.252984
45,12,FRD,DE2,FR,DE,Western,Western,FALSE,TRUE,0.07,0.005138,0.017775,FALSE,FALSE,880.534015
45,13,FRD,DE3,FR,DE,Western,Western,FALSE,TRUE,0.14,0.013346,0.021694,FALSE,FALSE,1016.189632
45,14,FRD,DE4,FR,DE,Western,Western,FALSE,TRUE,0.13,0.014006,0.022947,FALSE,FALSE,968.306047
45,15,FRD,DE5,FR,DE,Western,Western,FALSE,TRUE,0.07,0.009663,0.018784,FALSE,FALSE,763.297698
45,16,FRD,DE6,FR,DE,Western,Western,FALSE,TRUE,0.12,0.011463,0.019306,FALSE,FALSE,859.481117
45,17,FRD,DE7,FR,DE,Western,Western,FALSE,TRUE,0.11,0.0126,0.022117,FALSE,FALSE,671.603053
45,18,FRD,DE8,FR,DE,Western,Western,FALSE,TRUE,0.11,0.007502,0.01972,FALSE,FALSE,1014.318183
45,19,FRD,DE9,FR,DE,Western,Western,FALSE,TRUE,0.12,0.016233,0.027612,FALSE,FALSE,733.334301
45,20,FRD,DEA,FR,DE,Western,Western,FALSE,TRUE,0.08,0.007739,0.019989,FALSE,FALSE,598.364732
45,21,FRD,DEB,FR,DE,Western,Western,FALSE,TRUE,0.11,0.014419,0.025397,FALSE,FALSE,534.491187
45,22,FRD,DEC,FR,DE,Western,Western,FALSE,TRUE,0.09,0.016806,0.028428,FALSE,FALSE,506.282369
45,23,FRD,DED,FR,DE,Western,Western,FALSE,TRUE,0.1,0.006653,0.024825,FALSE,FALSE,984.284589
45,24,FRD,DEE,FR,DE,Western,Western,FALSE,TRUE,0.08,0.011193,0.022804,FALSE,FALSE,887.355667
45,25,FRD,DEF,FR,DE,Western,Western,FALSE,TRUE,0.13,0.014344,0.024639,FALSE,FALSE,885.84015
45,26,FRD,DEG,FR,DE,Western,Western,FALSE,TRUE,0.1,0.010755,0.023469,FALSE,FALSE,830.591313
45,27,FRD,DK0,FR,DK,Western,Northern,FALSE,FALSE,0.1,0.010474,0.020245,FALSE,FALSE,1013.898166
45,28,FRD,EE0,FR,EE,Western,Baltics,FALSE,FALSE,0.04,0.003992,0.011909,FALSE,FALSE,1973.868403
45,29,FRD,EL3,FR,EL,Western,Southern,FALSE,FALSE,0.1,0.006093,0.057873,FALSE,FALSE,2245.485134
45,30,FRD,EL4,FR,EL,Western,Southern,FALSE,FALSE,0.1,0.011154,0.049049,FALSE,FALSE,2529.157306
45,31,FRD,EL5,FR,EL,Western,Southern,FALSE,FALSE,0.15,0.011435,0.062159,FALSE,FALSE,1951.313081
45,32,FRD,EL6,FR,EL,Western,Southern,FALSE,FALSE,0.08,0.009442,0.060177,FALSE,FALSE,2068.934061
45,33,FRD,ES1,FR,ES,Western,Southern,FALSE,FALSE,0.13,0.025948,0.033306,FALSE,FALSE,736.924072
45,34,FRD,ES2,FR,ES,Western,Southern,FALSE,FALSE,0.09,0.010033,0.027872,FALSE,FALSE,804.984249
45,35,FRD,ES3,FR,ES,Western,Southern,FALSE,FALSE,0.13,0.016,0.024105,FALSE,FALSE,987.013066
45,36,FRD,ES4,FR,ES,Western,Southern,FALSE,FALSE,0.1,0.013868,0.027977,FALSE,FALSE,1066.355601
45,37,FRD,ES5,FR,ES,Western,Southern,FALSE,FALSE,0.11,0.011346,0.026213,FALSE,FALSE,1076.897874
45,38,FRD,ES6,FR,ES,Western,Southern,FALSE,FALSE,0.15,0.014714,0.032535,FALSE,FALSE,1306.425035
45,39,FRD,ES7,FR,ES,Western,Southern,FALSE,FALSE,0.1,0.010039,0.020009,FALSE,FALSE,2670.492915
45,40,FRD,FI1,FR,FI,Western,Northern,FALSE,FALSE,0.11,0.011298,0.020911,FALSE,FALSE,2385.234468
45,41,FRD,FI2,FR,FI,Western,Northern,FALSE,FALSE,0.06,0.008233,0.01346,FALSE,FALSE,1773.611466
45,42,FRD,FR1,FR,FR,Western,Western,TRUE,TRUE,0.1,0.008298,0.018078,TRUE,TRUE,187.278714
45,43,FRD,FRB,FR,FR,Western,Western,TRUE,TRUE,0.12,0.012176,0.024953,TRUE,TRUE,189.771124
45,44,FRD,FRC,FR,FR,Western,Western,TRUE,TRUE,0.08,0.011884,0.027653,FALSE,FALSE,413.252195
45,46,FRD,FRE,FR,FR,Western,Western,TRUE,TRUE,0.12,0.023967,0.033857,TRUE,TRUE,232.844641
45,47,FRD,FRF,FR,FR,Western,Western,TRUE,TRUE,0.11,0.029243,0.037355,FALSE,FALSE,422.872451
45,48,FRD,FRG,FR,FR,Western,Western,TRUE,TRUE,0.19,0.055823,0.057194,TRUE,TRUE,198.067577
45,49,FRD,FRH,FR,FR,Western,Western,TRUE,TRUE,0.12,0.009638,0.023367,TRUE,TRUE,228.657864
45,50,FRD,FRI,FR,FR,Western,Western,TRUE,TRUE,0.13,0.009511,0.021921,FALSE,FALSE,446.142157
45,51,FRD,FRJ,FR,FR,Western,Western,TRUE,TRUE,0.12,0.022379,0.029089,FALSE,FALSE,625.606509
45,52,FRD,FRK,FR,FR,Western,Western,TRUE,TRUE,0.13,0.013728,0.023825,FALSE,FALSE,529.436375
45,53,FRD,FRL,FR,FR,Western,Western,TRUE,TRUE,0.13,0.02069,0.025947,FALSE,FALSE,714.66179
45,54,FRD,FRM,FR,FR,Western,Western,TRUE,TRUE,0.11,0.014823,0.024845,FALSE,FALSE,1044.27894
45,55,FRD,HU1,FR,HU,Western,CEE,FALSE,FALSE,0.03,0.001789,0.030922,FALSE,FALSE,1438.26291
45,56,FRD,HU2,FR,HU,Western,CEE,FALSE,FALSE,0.07,0.00529,0.019097,FALSE,FALSE,1331.008191
45,57,FRD,HU3,FR,HU,Western,CEE,FALSE,FALSE,0.06,0.004073,0.042137,FALSE,FALSE,1560.335094
45,58,FRD,IE0,FR,IE,Western,Western,FALSE,TRUE,0.06,0.00392,0.010081,FALSE,FALSE,738.985997
45,59,FRD,ITC,FR,IT,Western,Southern,FALSE,FALSE,0.11,0.013344,0.021542,FALSE,FALSE,794.114115
45,60,FRD,ITF,FR,IT,Western,Southern,FALSE,FALSE,0.07,0.007924,0.018671,FALSE,FALSE,1576.791026
45,61,FRD,ITG,FR,IT,Western,Southern,FALSE,FALSE,0.12,0.010015,0.019259,FALSE,FALSE,1689.046621
45,62,FRD,ITH,FR,IT,Western,Southern,FALSE,FALSE,0.09,0.010526,0.021093,FALSE,FALSE,956.920844
45,63,FRD,ITI,FR,IT,Western,Southern,FALSE,FALSE,0.12,0.012993,0.02039,FALSE,FALSE,1164.058458
45,64,FRD,LT0,FR,LT,Western,Baltics,FALSE,FALSE,0.05,0.004574,0.020871,FALSE,FALSE,1747.684396
45,65,FRD,LU0,FR,LU,Western,Western,FALSE,TRUE,0.08,0.005523,0.01278,FALSE,FALSE,447.933896
45,66,FRD,LV0,FR,LV,Western,Baltics,FALSE,FALSE,0.04,0.003224,0.015482,FALSE,FALSE,1928.141012
45,67,FRD,MT0,FR,MT,Western,Southern,FALSE,FALSE,0.07,0.004,0.015071,FALSE,FALSE,1848.006391
45,68,FRD,NL1,FR,NL,Western,Western,FALSE,TRUE,0.21,0.023214,0.025949,FALSE,FALSE,616.749748
45,69,FRD,NL2,FR,NL,Western,Western,FALSE,TRUE,0.09,0.007392,0.01851,FALSE,FALSE,566.852014
45,70,FRD,NL3,FR,NL,Western,Western,FALSE,TRUE,0.11,0.014984,0.022848,FALSE,TRUE,368.827848
45,71,FRD,NL4,FR,NL,Western,Western,FALSE,TRUE,0.08,0.016737,0.022579,FALSE,FALSE,476.225056
45,72,FRD,PL2,FR,PL,Western,CEE,FALSE,FALSE,0.05,0.003619,0.059437,FALSE,FALSE,1427.174777
45,73,FRD,PL4,FR,PL,Western,CEE,FALSE,FALSE,0.05,0.002758,0.062694,FALSE,FALSE,1189.417442
45,74,FRD,PL5,FR,PL,Western,CEE,FALSE,FALSE,0.07,0.003801,0.013957,FALSE,FALSE,1221.880036
45,75,FRD,PL6,FR,PL,Western,CEE,FALSE,FALSE,0.07,0.00701,0.047046,FALSE,FALSE,1416.259792
45,76,FRD,PL7,FR,PL,Western,CEE,FALSE,FALSE,0.05,0.002692,0.011575,FALSE,FALSE,1405.403482
45,77,FRD,PL8,FR,PL,Western,CEE,FALSE,FALSE,0.07,0.004071,0.03577,FALSE,FALSE,1634.325438
45,78,FRD,PL9,FR,PL,Western,CEE,FALSE,FALSE,0.03,0.00151,0.020862,FALSE,FALSE,1534.076569
45,79,FRD,PT1,FR,PT,Western,Southern,FALSE,FALSE,0.02,0.005833,0.020022,FALSE,FALSE,1252.555746
45,80,FRD,PT2,FR,PT,Western,Southern,FALSE,FALSE,0.1,0.009212,0.018743,FALSE,FALSE,2372.836576
45,81,FRD,PT3,FR,PT,Western,Southern,FALSE,FALSE,0.12,0.01151,0.018391,FALSE,FALSE,2270.044672
45,82,FRD,RO1,FR,RO,Western,CEE,FALSE,FALSE,0.05,0.002554,0.04727,FALSE,FALSE,1790.13773
45,83,FRD,RO2,FR,RO,Western,CEE,FALSE,FALSE,0.02,0.00175,0.018912,FALSE,FALSE,2063.580656
45,84,FRD,RO3,FR,RO,Western,CEE,FALSE,FALSE,0.03,0.003445,0.028601,FALSE,FALSE,2046.174755
45,85,FRD,RO4,FR,RO,Western,CEE,FALSE,FALSE,0.06,0.003621,0.029873,FALSE,FALSE,1763.899716
45,86,FRD,SE1,FR,SE,Western,Northern,FALSE,FALSE,0.14,0.014857,0.050048,FALSE,FALSE,1548.424236
45,87,FRD,SE2,FR,SE,Western,Northern,FALSE,FALSE,0.14,0.020159,0.092401,FALSE,FALSE,1317.059011
45,88,FRD,SE3,FR,SE,Western,Northern,FALSE,FALSE,0.12,0.013709,0.06575,FALSE,FALSE,1930.576702
45,89,FRD,SI0,FR,SI,Western,CEE,FALSE,FALSE,0.12,0.010917,0.018543,FALSE,FALSE,1137.455508
45,90,FRD,SK0,FR,SK,Western,CEE,FALSE,FALSE,0.07,0.008282,0.013224,FALSE,FALSE,1374.625811
46,1,FRE,AT1,FR,AT,Western,Western,FALSE,TRUE,0.07,0.002934,0.016249,FALSE,FALSE,973.097132
46,2,FRE,AT2,FR,AT,Western,Western,FALSE,TRUE,0.13,0.01978,0.030485,FALSE,FALSE,945.625302
46,3,FRE,AT3,FR,AT,Western,Western,FALSE,TRUE,0.13,0.011133,0.020248,FALSE,FALSE,804.117638
46,4,FRE,BE1,FR,BE,Western,Western,FALSE,TRUE,0.12,0.010675,0.019578,FALSE,TRUE,143.766651
46,5,FRE,BE2,FR,BE,Western,Western,FALSE,TRUE,0.15,0.015618,0.024859,TRUE,TRUE,151.611482
46,6,FRE,BE3,FR,BE,Western,Western,FALSE,TRUE,0.15,0.010768,0.021232,TRUE,TRUE,163.23559
46,7,FRE,BG3,FR,BG,Western,CEE,FALSE,FALSE,0.13,0.007849,0.013349,FALSE,FALSE,1841.7013
46,8,FRE,BG4,FR,BG,Western,CEE,FALSE,FALSE,0.13,0.012971,0.019421,FALSE,FALSE,1865.71638
46,9,FRE,CY0,FR,CY,Western,Southern,FALSE,FALSE,0.12,0.010802,0.019249,FALSE,FALSE,2944.772227
46,10,FRE,CZ0,FR,CZ,Western,CEE,FALSE,FALSE,0.09,0.005745,0.025566,FALSE,FALSE,915.970876
46,11,FRE,DE1,FR,DE,Western,Western,FALSE,TRUE,0.1,0.007105,0.020954,FALSE,FALSE,468.376576
46,12,FRE,DE2,FR,DE,Western,Western,FALSE,TRUE,0.22,0.020067,0.029456,FALSE,FALSE,672.834843
46,13,FRE,DE3,FR,DE,Western,Western,FALSE,TRUE,0.04,0.003617,0.014469,FALSE,FALSE,783.367742
46,14,FRE,DE4,FR,DE,Western,Western,FALSE,TRUE,0.14,0.009924,0.018529,FALSE,FALSE,735.540241
46,15,FRE,DE5,FR,DE,Western,Western,FALSE,TRUE,0.1,0.006006,0.01637,FALSE,FALSE,538.97825
46,16,FRE,DE6,FR,DE,Western,Western,FALSE,TRUE,0.11,0.014427,0.020945,FALSE,FALSE,635.024661
46,17,FRE,DE7,FR,DE,Western,Western,FALSE,TRUE,0.16,0.011317,0.017375,FALSE,FALSE,442.729573
46,18,FRE,DE8,FR,DE,Western,Western,FALSE,TRUE,0.14,0.010767,0.018406,FALSE,FALSE,786.127059
46,19,FRE,DE9,FR,DE,Western,Western,FALSE,TRUE,0.08,0.005158,0.014745,FALSE,FALSE,504.863602
46,20,FRE,DEA,FR,DE,Western,Western,FALSE,TRUE,0.14,0.015563,0.025043,FALSE,FALSE,365.830294
46,21,FRE,DEB,FR,DE,Western,Western,FALSE,TRUE,0.21,0.019694,0.026698,FALSE,FALSE,312.279124
46,22,FRE,DEC,FR,DE,Western,Western,FALSE,TRUE,0.16,0.009722,0.025483,FALSE,FALSE,297.836921
46,23,FRE,DED,FR,DE,Western,Western,FALSE,TRUE,0.17,0.012577,0.02323,FALSE,FALSE,755.551382
46,24,FRE,DEE,FR,DE,Western,Western,FALSE,TRUE,0.14,0.014474,0.023175,FALSE,FALSE,654.52795
46,25,FRE,DEF,FR,DE,Western,Western,FALSE,TRUE,0.17,0.022175,0.030906,FALSE,FALSE,666.032322
46,26,FRE,DEG,FR,DE,Western,Western,FALSE,TRUE,0.11,0.010925,0.02219,FALSE,FALSE,600.910514
46,27,FRE,DK0,FR,DK,Western,Northern,FALSE,FALSE,0.08,0.004651,0.014745,FALSE,FALSE,817.546748
46,28,FRE,EE0,FR,EE,Western,Baltics,FALSE,FALSE,0.06,0.004336,0.012312,FALSE,FALSE,1751.289313
46,29,FRE,EL3,FR,EL,Western,Southern,FALSE,FALSE,0.12,0.00927,0.059517,FALSE,FALSE,2104.061215
46,30,FRE,EL4,FR,EL,Western,Southern,FALSE,FALSE,0.08,0.005355,0.046572,FALSE,FALSE,2400.027243
46,31,FRE,EL5,FR,EL,Western,Southern,FALSE,FALSE,0.18,0.014251,0.061585,FALSE,FALSE,1799.60881
46,32,FRE,EL6,FR,EL,Western,Southern,FALSE,FALSE,0.13,0.011502,0.058869,FALSE,FALSE,1926.877069
46,33,FRE,ES1,FR,ES,Western,Southern,FALSE,FALSE,0.16,0.02645,0.035188,FALSE,FALSE,942.483978
46,34,FRE,ES2,FR,ES,Western,Southern,FALSE,FALSE,0.12,0.012646,0.027553,FALSE,FALSE,944.424698
46,35,FRE,ES3,FR,ES,Western,Southern,FALSE,FALSE,0.12,0.008692,0.020372,FALSE,FALSE,1165.228224
46,36,FRE,ES4,FR,ES,Western,Southern,FALSE,FALSE,0.13,0.008825,0.024534,FALSE,FALSE,1260.731873
46,37,FRE,ES5,FR,ES,Western,Southern,FALSE,FALSE,0.12,0.015021,0.028536,FALSE,FALSE,1149.738608
46,38,FRE,ES6,FR,ES,Western,Southern,FALSE,FALSE,0.1,0.009272,0.029138,FALSE,FALSE,1471.25471
46,39,FRE,ES7,FR,ES,Western,Southern,FALSE,FALSE,0.16,0.017493,0.024426,FALSE,FALSE,2881.49497
46,40,FRE,FI1,FR,FI,Western,Northern,FALSE,FALSE,0.13,0.012029,0.022199,FALSE,FALSE,2186.236107
46,41,FRE,FI2,FR,FI,Western,Northern,FALSE,FALSE,0.12,0.009375,0.01542,FALSE,FALSE,1565.676293
46,42,FRE,FR1,FR,FR,Western,Western,TRUE,TRUE,0.16,0.01054,0.018708,TRUE,TRUE,140.357443
46,43,FRE,FRB,FR,FR,Western,Western,TRUE,TRUE,0.14,0.013037,0.023219,FALSE,FALSE,271.750372
46,44,FRE,FRC,FR,FR,Western,Western,TRUE,TRUE,0.11,0.007356,0.019722,FALSE,FALSE,327.812348
46,45,FRE,FRD,FR,FR,Western,Western,TRUE,TRUE,0.2,0.045687,0.046603,TRUE,TRUE,232.844641
46,47,FRE,FRF,FR,FR,Western,Western,TRUE,TRUE,0.16,0.037543,0.04108,TRUE,FALSE,244.188786
46,48,FRE,FRG,FR,FR,Western,Western,TRUE,TRUE,0.11,0.016273,0.030411,FALSE,FALSE,407.05968
46,49,FRE,FRH,FR,FR,Western,Western,TRUE,TRUE,0.13,0.011403,0.020625,FALSE,FALSE,461.430985
46,50,FRE,FRI,FR,FR,Western,Western,TRUE,TRUE,0.15,0.012397,0.025628,FALSE,FALSE,575.59789
46,51,FRE,FRJ,FR,FR,Western,Western,TRUE,TRUE,0.18,0.019452,0.025936,FALSE,FALSE,702.471809
46,52,FRE,FRK,FR,FR,Western,Western,TRUE,TRUE,0.1,0.006725,0.018367,FALSE,FALSE,512.994747
46,53,FRE,FRL,FR,FR,Western,Western,TRUE,TRUE,0.11,0.008482,0.018114,FALSE,FALSE,689.200022
46,54,FRE,FRM,FR,FR,Western,Western,TRUE,TRUE,0.1,0.00797,0.01607,FALSE,FALSE,991.773887
46,55,FRE,HU1,FR,HU,Western,CEE,FALSE,FALSE,0.08,0.006628,0.041234,FALSE,FALSE,1233.803861
46,56,FRE,HU2,FR,HU,Western,CEE,FALSE,FALSE,0.08,0.008081,0.023776,FALSE,FALSE,1136.319529
46,57,FRE,HU3,FR,HU,Western,CEE,FALSE,FALSE,0.11,0.008661,0.054776,FALSE,FALSE,1355.433275
46,58,FRE,IE0,FR,IE,Western,Western,FALSE,TRUE,0.08,0.005345,0.010136,FALSE,FALSE,839.561571
46,59,FRE,ITC,FR,IT,Western,Southern,FALSE,FALSE,0.15,0.010424,0.017778,FALSE,FALSE,690.113718
46,60,FRE,ITF,FR,IT,Western,Southern,FALSE,FALSE,0.16,0.018815,0.028183,FALSE,FALSE,1466.513543
46,61,FRE,ITG,FR,IT,Western,Southern,FALSE,FALSE,0.14,0.011712,0.020409,FALSE,FALSE,1623.550898
46,62,FRE,ITH,FR,IT,Western,Southern,FALSE,FALSE,0.12,0.007563,0.018306,FALSE,FALSE,815.478412
46,63,FRE,ITI,FR,IT,Western,Southern,FALSE,FALSE,0.12,0.009389,0.018179,FALSE,FALSE,1058.879629
46,64,FRE,LT0,FR,LT,Western,Baltics,FALSE,FALSE,0.18,0.015124,0.02996,FALSE,FALSE,1516.068037
46,65,FRE,LU0,FR,LU,Western,Western,FALSE,TRUE,0.09,0.007947,0.014629,FALSE,TRUE,227.521701
46,66,FRE,LV0,FR,LV,Western,Baltics,FALSE,FALSE,0.05,0.005789,0.021076,FALSE,FALSE,1698.776113
46,67,FRE,MT0,FR,MT,Western,Southern,FALSE,FALSE,0.17,0.014376,0.022801,FALSE,FALSE,1790.240519
46,68,FRE,NL1,FR,NL,Western,Western,FALSE,TRUE,0.14,0.016098,0.021247,FALSE,FALSE,408.234003
46,69,FRE,NL2,FR,NL,Western,Western,FALSE,TRUE,0.25,0.032153,0.035638,FALSE,FALSE,347.829974
46,70,FRE,NL3,FR,NL,Western,Western,FALSE,TRUE,0.1,0.008108,0.018044,FALSE,TRUE,164.140973
46,71,FRE,NL4,FR,NL,Western,Western,FALSE,TRUE,0.12,0.007742,0.020112,FALSE,FALSE,247.322048
46,72,FRE,PL2,FR,PL,Western,CEE,FALSE,FALSE,0.07,0.005594,0.072125,FALSE,FALSE,1202.968861
46,73,FRE,PL4,FR,PL,Western,CEE,FALSE,FALSE,0.09,0.004901,0.075064,FALSE,FALSE,956.588068
46,74,FRE,PL5,FR,PL,Western,CEE,FALSE,FALSE,0.08,0.004172,0.016986,FALSE,FALSE,993.874361
46,75,FRE,PL6,FR,PL,Western,CEE,FALSE,FALSE,0.11,0.009814,0.05863,FALSE,FALSE,1183.50096
46,76,FRE,PL7,FR,PL,Western,CEE,FALSE,FALSE,0.08,0.006016,0.013536,FALSE,FALSE,1175.86232
46,77,FRE,PL8,FR,PL,Western,CEE,FALSE,FALSE,0.14,0.008791,0.046223,FALSE,FALSE,1403.871108
46,78,FRE,PL9,FR,PL,Western,CEE,FALSE,FALSE,0.05,0.003406,0.025932,FALSE,FALSE,1302.146562
46,79,FRE,PT1,FR,PT,Western,Southern,FALSE,FALSE,0.11,0.008365,0.01756,FALSE,FALSE,1462.172741
46,80,FRE,PT2,FR,PT,Western,Southern,FALSE,FALSE,0.21,0.016872,0.021097,FALSE,FALSE,2604.794312
46,81,FRE,PT3,FR,PT,Western,Southern,FALSE,FALSE,0.12,0.008856,0.015151,FALSE,FALSE,2491.15192
46,82,FRE,RO1,FR,RO,Western,CEE,FALSE,FALSE,0.08,0.004604,0.061633,FALSE,FALSE,1583.464001
46,83,FRE,RO2,FR,RO,Western,CEE,FALSE,FALSE,0.09,0.005446,0.025654,FALSE,FALSE,1856.209622
46,84,FRE,RO3,FR,RO,Western,CEE,FALSE,FALSE,0.08,0.003945,0.034022,FALSE,FALSE,1850.626875
46,85,FRE,RO4,FR,RO,Western,CEE,FALSE,FALSE,0.06,0.005331,0.035427,FALSE,FALSE,1570.921555
46,86,FRE,SE1,FR,SE,Western,Northern,FALSE,FALSE,0.09,0.005664,0.035389,FALSE,FALSE,1342.89833
46,87,FRE,SE2,FR,SE,Western,Northern,FALSE,FALSE,0.07,0.004594,0.058419,FALSE,FALSE,1105.25328
46,88,FRE,SE3,FR,SE,Western,Northern,FALSE,FALSE,0.11,0.007616,0.0433,FALSE,FALSE,1752.696578
46,89,FRE,SI0,FR,SI,Western,CEE,FALSE,FALSE,0.18,0.015647,0.023556,FALSE,FALSE,962.87328
46,90,FRE,SK0,FR,SK,Western,CEE,FALSE,FALSE,0.09,0.008587,0.01346,FALSE,FALSE,1160.732102
47,1,FRF,AT1,FR,AT,Western,Western,FALSE,TRUE,0.1,0.008245,0.019746,FALSE,FALSE,752.308153
47,2,FRF,AT2,FR,AT,Western,Western,FALSE,TRUE,0.19,0.052032,0.057317,FALSE,FALSE,713.540901
47,3,FRF,AT3,FR,AT,Western,Western,FALSE,TRUE,0.17,0.039509,0.042861,FALSE,FALSE,574.547368
47,4,FRF,BE1,FR,BE,Western,Western,FALSE,TRUE,0.15,0.014444,0.023135,FALSE,FALSE,251.823018
47,5,FRF,BE2,FR,BE,Western,Western,FALSE,TRUE,0.07,0.004613,0.016373,FALSE,FALSE,276.417793
47,6,FRF,BE3,FR,BE,Western,Western,FALSE,TRUE,0.12,0.009711,0.025914,TRUE,TRUE,160.26093
47,7,FRF,BG3,FR,BG,Western,CEE,FALSE,FALSE,0.1,0.009124,0.015813,FALSE,FALSE,1608.34718
47,8,FRF,BG4,FR,BG,Western,CEE,FALSE,FALSE,0.04,0.005011,0.014416,FALSE,FALSE,1626.875267
47,9,FRF,CY0,FR,CY,Western,Southern,FALSE,FALSE,0.09,0.009933,0.018412,FALSE,FALSE,2704.040682
47,10,FRF,CZ0,FR,CZ,Western,CEE,FALSE,FALSE,0.06,0.003655,0.020881,FALSE,FALSE,727.163448
47,11,FRF,DE1,FR,DE,Western,Western,FALSE,TRUE,0.1,0.011156,0.021884,TRUE,TRUE,241.764755
47,12,FRF,DE2,FR,DE,Western,Western,FALSE,TRUE,0.09,0.006205,0.019778,FALSE,FALSE,460.835725
47,13,FRF,DE3,FR,DE,Western,Western,FALSE,TRUE,0.07,0.007061,0.018822,FALSE,FALSE,678.024767
47,14,FRF,DE4,FR,DE,Western,Western,FALSE,TRUE,0.07,0.006419,0.019948,FALSE,FALSE,635.833727
47,15,FRF,DE5,FR,DE,Western,Western,FALSE,TRUE,0.1,0.007208,0.018017,FALSE,FALSE,525.745218
47,16,FRF,DE6,FR,DE,Western,Western,FALSE,TRUE,0.11,0.009991,0.018055,FALSE,FALSE,610.780005
47,17,FRF,DE7,FR,DE,Western,Western,FALSE,TRUE,0.17,0.015831,0.022668,FALSE,FALSE,308.443188
47,18,FRF,DE8,FR,DE,Western,Western,FALSE,TRUE,0.07,0.005156,0.018104,FALSE,FALSE,731.500741
47,19,FRF,DE9,FR,DE,Western,Western,FALSE,TRUE,0.07,0.005063,0.016796,FALSE,FALSE,473.816383
47,20,FRF,DEA,FR,DE,Western,Western,FALSE,TRUE,0.13,0.018802,0.029999,FALSE,FALSE,318.231789
47,21,FRF,DEB,FR,DE,Western,Western,FALSE,TRUE,0.15,0.011096,0.023881,TRUE,TRUE,167.75916900000001
47,22,FRF,DEC,FR,DE,Western,Western,FALSE,TRUE,0.09,0.006701,0.024736,TRUE,TRUE,107.921626
47,23,FRF,DED,FR,DE,Western,Western,FALSE,TRUE,0.13,0.017062,0.026916,FALSE,FALSE,599.88428
47,24,FRF,DEE,FR,DE,Western,Western,FALSE,TRUE,0.07,0.004149,0.01635,FALSE,FALSE,549.291656
47,25,FRF,DEF,FR,DE,Western,Western,FALSE,TRUE,0.08,0.01211,0.02569,FALSE,FALSE,657.838076
47,26,FRF,DEG,FR,DE,Western,Western,FALSE,TRUE,0.06,0.00356,0.019656,FALSE,FALSE,457.916696
47,27,FRF,DK0,FR,DK,Western,Northern,FALSE,FALSE,0.1,0.006509,0.016425,FALSE,FALSE,860.628309
47,28,FRF,EE0,FR,EE,Western,Baltics,FALSE,FALSE,0.09,0.007706,0.015131,FALSE,FALSE,1697.372668
47,29,FRF,EL3,FR,EL,Western,Southern,FALSE,FALSE,0.09,0.0071,0.058736,FALSE,FALSE,1859.872662
47,30,FRF,EL4,FR,EL,Western,Southern,FALSE,FALSE,0.12,0.008674,0.045084,FALSE,FALSE,2156.330735
47,31,FRF,EL5,FR,EL,Western,Southern,FALSE,FALSE,0.11,0.011721,0.061427,FALSE,FALSE,1555.821059
47,32,FRF,EL6,FR,EL,Western,Southern,FALSE,FALSE,0.07,0.006825,0.059171,FALSE,FALSE,1682.688406
47,33,FRF,ES1,FR,ES,Western,Southern,FALSE,FALSE,0.11,0.012843,0.023309,FALSE,FALSE,1015.234444
47,34,FRF,ES2,FR,ES,Western,Southern,FALSE,FALSE,0.18,0.034271,0.044103,FALSE,FALSE,923.017406
47,35,FRF,ES3,FR,ES,Western,Southern,FALSE,FALSE,0.1,0.010814,0.021064,FALSE,FALSE,1184.805046
47,36,FRF,ES4,FR,ES,Western,Southern,FALSE,FALSE,0.11,0.011823,0.02675,FALSE,FALSE,1302.743889
47,37,FRF,ES5,FR,ES,Western,Southern,FALSE,FALSE,0.13,0.007249,0.026823,FALSE,FALSE,1043.889317
47,38,FRF,ES6,FR,ES,Western,Southern,FALSE,FALSE,0.11,0.007542,0.027783,FALSE,FALSE,1462.625627
47,39,FRF,ES7,FR,ES,Western,Southern,FALSE,FALSE,0.16,0.015295,0.022924,FALSE,FALSE,2937.182254
47,40,FRF,FI1,FR,FI,Western,Northern,FALSE,FALSE,0.05,0.007956,0.019509,FALSE,FALSE,2191.271505
47,41,FRF,FI2,FR,FI,Western,Northern,FALSE,FALSE,0.12,0.007511,0.013998,FALSE,FALSE,1558.138446
47,42,FRF,FR1,FR,FR,Western,Western,TRUE,TRUE,0.11,0.012095,0.022318,TRUE,TRUE,239.500395
47,43,FRF,FRB,FR,FR,Western,Western,TRUE,TRUE,0.11,0.00982,0.02214,FALSE,FALSE,337.482191
47,44,FRF,FRC,FR,FR,Western,Western,TRUE,TRUE,0.26,0.127877,0.10569,TRUE,TRUE,174.592101
47,45,FRF,FRD,FR,FR,Western,Western,TRUE,TRUE,0.11,0.017859,0.0268,FALSE,FALSE,422.872451
47,46,FRF,FRE,FR,FR,Western,Western,TRUE,TRUE,0.12,0.018842,0.029469,TRUE,FALSE,244.188786
47,48,FRF,FRG,FR,FR,Western,Western,TRUE,TRUE,0.12,0.015696,0.031715,FALSE,FALSE,533.148269
47,49,FRF,FRH,FR,FR,Western,Western,TRUE,TRUE,0.12,0.012759,0.022538,FALSE,FALSE,636.01719
47,50,FRF,FRI,FR,FR,Western,Western,TRUE,TRUE,0.11,0.02324,0.036326,FALSE,FALSE,580.494345
47,51,FRF,FRJ,FR,FR,Western,Western,TRUE,TRUE,0.08,0.008526,0.018363,FALSE,FALSE,631.99522
47,52,FRF,FRK,FR,FR,Western,Western,TRUE,TRUE,0.1,0.01074,0.022711,FALSE,FALSE,376.685963
47,53,FRF,FRL,FR,FR,Western,Western,TRUE,TRUE,0.14,0.010347,0.020365,FALSE,FALSE,519.537884
47,54,FRF,FRM,FR,FR,Western,Western,TRUE,TRUE,0.12,0.013634,0.025759,FALSE,FALSE,785.342876
47,55,FRF,HU1,FR,HU,Western,CEE,FALSE,FALSE,0.01,0.001667,0.031987,FALSE,FALSE,1015.757425
47,56,FRF,HU2,FR,HU,Western,CEE,FALSE,FALSE,0.08,0.004715,0.018868,FALSE,FALSE,908.559598
47,57,FRF,HU3,FR,HU,Western,CEE,FALSE,FALSE,0.05,0.002763,0.041947,FALSE,FALSE,1137.827373
47,58,FRF,IE0,FR,IE,Western,Western,FALSE,TRUE,0.06,0.003716,0.009844,FALSE,FALSE,1083.652783
47,59,FRF,ITC,FR,IT,Western,Southern,FALSE,FALSE,0.09,0.007522,0.01603,FALSE,FALSE,461.572842
47,60,FRF,ITF,FR,IT,Western,Southern,FALSE,FALSE,0.08,0.0075,0.020027,FALSE,FALSE,1227.234589
47,61,FRF,ITG,FR,IT,Western,Southern,FALSE,FALSE,0.12,0.011096,0.021818,FALSE,FALSE,1400.913152
47,62,FRF,ITH,FR,IT,Western,Southern,FALSE,FALSE,0.16,0.049075,0.045218,FALSE,FALSE,572.012305
47,63,FRF,ITI,FR,IT,Western,Southern,FALSE,FALSE,0.1,0.008012,0.017671,FALSE,FALSE,823.399325
47,64,FRF,LT0,FR,LT,Western,Baltics,FALSE,FALSE,0.07,0.00547,0.024937,FALSE,FALSE,1415.810725
47,65,FRF,LU0,FR,LU,Western,Western,FALSE,TRUE,0.11,0.009338,0.016505,TRUE,TRUE,117.070462
47,66,FRF,LV0,FR,LV,Western,Baltics,FALSE,FALSE,0.08,0.004687,0.019406,FALSE,FALSE,1613.813984
47,67,FRF,MT0,FR,MT,Western,Southern,FALSE,FALSE,0.16,0.010664,0.020947,FALSE,FALSE,1570.437849
47,68,FRF,NL1,FR,NL,Western,Western,FALSE,TRUE,0.11,0.013188,0.019344,FALSE,FALSE,468.747161
47,69,FRF,NL2,FR,NL,Western,Western,FALSE,TRUE,0.08,0.006976,0.019062,FALSE,FALSE,391.435361
47,70,FRF,NL3,FR,NL,Western,Western,FALSE,TRUE,0.13,0.012861,0.02281,FALSE,FALSE,315.41379
47,71,FRF,NL4,FR,NL,Western,Western,FALSE,TRUE,0.08,0.004,0.016521,FALSE,FALSE,281.411755
47,72,FRF,PL2,FR,PL,Western,CEE,FALSE,FALSE,0.03,0.001236,0.059295,FALSE,FALSE,1021.865171
47,73,FRF,PL4,FR,PL,Western,CEE,FALSE,FALSE,0.03,0.002812,0.061228,FALSE,FALSE,844.195543
47,74,FRF,PL5,FR,PL,Western,CEE,FALSE,FALSE,0.06,0.004836,0.015481,FALSE,FALSE,829.224102
47,75,FRF,PL6,FR,PL,Western,CEE,FALSE,FALSE,0.06,0.004322,0.047483,FALSE,FALSE,1069.707103
47,76,FRF,PL7,FR,PL,Western,CEE,FALSE,FALSE,0.03,0.001604,0.010678,FALSE,FALSE,1016.488453
47,77,FRF,PL8,FR,PL,Western,CEE,FALSE,FALSE,0.06,0.005215,0.037772,FALSE,FALSE,1247.657664
47,78,FRF,PL9,FR,PL,Western,CEE,FALSE,FALSE,0.05,0.002583,0.02142,FALSE,FALSE,1159.03717
47,79,FRF,PT1,FR,PT,Western,Southern,FALSE,FALSE,0.09,0.011999,0.021086,FALSE,FALSE,1528.092696
47,80,FRF,PT2,FR,PT,Western,Southern,FALSE,FALSE,0.05,0.002224,0.011699,FALSE,FALSE,2766.916277
47,81,FRF,PT3,FR,PT,Western,Southern,FALSE,FALSE,0.07,0.004896,0.012976,FALSE,FALSE,2574.88359
47,82,FRF,RO1,FR,RO,Western,CEE,FALSE,FALSE,0.09,0.005145,0.05662,FALSE,FALSE,1367.848703
47,83,FRF,RO2,FR,RO,Western,CEE,FALSE,FALSE,0.06,0.003786,0.023204,FALSE,FALSE,1641.318659
47,84,FRF,RO3,FR,RO,Western,CEE,FALSE,FALSE,0.09,0.004533,0.032443,FALSE,FALSE,1623.927845
47,85,FRF,RO4,FR,RO,Western,CEE,FALSE,FALSE,0.03,0.001,0.031975,FALSE,FALSE,1342.10016
47,86,FRF,SE1,FR,SE,Western,Northern,FALSE,FALSE,0.08,0.004439,0.03292,FALSE,FALSE,1345.675028
47,87,FRF,SE2,FR,SE,Western,Northern,FALSE,FALSE,0.11,0.008013,0.05833,FALSE,FALSE,1098.622071
47,88,FRF,SE3,FR,SE,Western,Northern,FALSE,FALSE,0.06,0.003573,0.04045,FALSE,FALSE,1801.890173
47,89,FRF,SI0,FR,SI,Western,CEE,FALSE,FALSE,0.12,0.01127,0.021344,FALSE,FALSE,722.99663
47,90,FRF,SK0,FR,SK,Western,CEE,FALSE,FALSE,0.06,0.004145,0.011933,FALSE,FALSE,956.30907
48,1,FRG,AT1,FR,AT,Western,Western,FALSE,TRUE,0.13,0.010548,0.019813,FALSE,FALSE,1270.41177
48,2,FRG,AT2,FR,AT,Western,Western,FALSE,TRUE,0.17,0.015029,0.027393,FALSE,FALSE,1215.72932
48,3,FRG,AT3,FR,AT,Western,Western,FALSE,TRUE,0.11,0.012246,0.024333,FALSE,FALSE,1085.317887
48,4,FRG,BE1,FR,BE,Western,Western,FALSE,TRUE,0.07,0.009228,0.019523,FALSE,FALSE,550.647136
48,5,FRG,BE2,FR,BE,Western,Western,FALSE,TRUE,0.08,0.009622,0.01999,FALSE,FALSE,556.075035
48,6,FRG,BE3,FR,BE,Western,Western,FALSE,TRUE,0.11,0.010486,0.021048999999999998,FALSE,FALSE,552.054288
48,7,FRG,BG3,FR,BG,Western,CEE,FALSE,FALSE,0.11,0.0096,0.015555,FALSE,FALSE,2092.582073
48,8,FRG,BG4,FR,BG,Western,CEE,FALSE,FALSE,0.16,0.016051,0.021778,FALSE,FALSE,2090.482002
48,9,FRG,CY0,FR,CY,Western,Southern,FALSE,FALSE,0.13,0.02982,0.030809,FALSE,FALSE,3147.474452
48,10,FRG,CZ0,FR,CZ,Western,CEE,FALSE,FALSE,0.07,0.005989,0.027449,FALSE,FALSE,1260.175772
48,11,FRG,DE1,FR,DE,Western,Western,FALSE,TRUE,0.11,0.015034,0.026824,FALSE,FALSE,768.519394
48,12,FRG,DE2,FR,DE,Western,Western,FALSE,TRUE,0.11,0.009678,0.021147,FALSE,FALSE,990.046774
48,13,FRG,DE3,FR,DE,Western,Western,FALSE,TRUE,0.19,0.018401,0.024804,FALSE,FALSE,1179.083043
48,14,FRG,DE4,FR,DE,Western,Western,FALSE,TRUE,0.18,0.01776,0.027017,FALSE,FALSE,1132.535516
48,15,FRG,DE5,FR,DE,Western,Western,FALSE,TRUE,0.13,0.011481,0.020132,FALSE,FALSE,946.004202
48,16,FRG,DE6,FR,DE,Western,Western,FALSE,TRUE,0.13,0.012175,0.019484,FALSE,FALSE,1042.078199
48,17,FRG,DE7,FR,DE,Western,Western,FALSE,TRUE,0.13,0.012522,0.018947,FALSE,FALSE,819.553677
48,18,FRG,DE8,FR,DE,Western,Western,FALSE,TRUE,0.13,0.010981,0.021104,FALSE,FALSE,1192.340619
48,19,FRG,DE9,FR,DE,Western,Western,FALSE,TRUE,0.12,0.012534,0.024338,FALSE,FALSE,911.326132
48,20,FRG,DEA,FR,DE,Western,Western,FALSE,TRUE,0.09,0.011288,0.02451,FALSE,FALSE,767.289628
48,21,FRG,DEB,FR,DE,Western,Western,FALSE,TRUE,0.15,0.014289,0.022566,FALSE,FALSE,675.622581
48,22,FRG,DEC,FR,DE,Western,Western,FALSE,TRUE,0.11,0.007994,0.022867,FALSE,FALSE,633.347745
48,23,FRG,DED,FR,DE,Western,Western,FALSE,TRUE,0.1,0.008644,0.021854,FALSE,FALSE,1126.773038
48,24,FRG,DEE,FR,DE,Western,Western,FALSE,TRUE,0.12,0.010565,0.020596,FALSE,FALSE,1048.66301
48,25,FRG,DEF,FR,DE,Western,Western,FALSE,TRUE,0.12,0.008787,0.02152,FALSE,FALSE,1072.232174
48,26,FRG,DEG,FR,DE,Western,Western,FALSE,TRUE,0.12,0.009889,0.022619,FALSE,FALSE,977.620347
48,27,FRG,DK0,FR,DK,Western,Northern,FALSE,FALSE,0.11,0.012582,0.021394,FALSE,FALSE,1209.617656
48,28,FRG,EE0,FR,EE,Western,Baltics,FALSE,FALSE,0.07,0.005854,0.012612,FALSE,FALSE,2158.333482
48,29,FRG,EL3,FR,EL,Western,Southern,FALSE,FALSE,0.16,0.014308,0.063103,FALSE,FALSE,2258.891417
48,30,FRG,EL4,FR,EL,Western,Southern,FALSE,FALSE,0.07,0.00498,0.046618,FALSE,FALSE,2528.167795
48,31,FRG,EL5,FR,EL,Western,Southern,FALSE,FALSE,0.16,0.015184,0.061908,FALSE,FALSE,1977.98931
48,32,FRG,EL6,FR,EL,Western,Southern,FALSE,FALSE,0.11,0.008297,0.057743,FALSE,FALSE,2084.443886
48,33,FRG,ES1,FR,ES,Western,Southern,FALSE,FALSE,0.2,0.020786,0.029626,FALSE,FALSE,540.556163
48,34,FRG,ES2,FR,ES,Western,Southern,FALSE,FALSE,0.12,0.012175,0.02401,FALSE,FALSE,624.377826
48,35,FRG,ES3,FR,ES,Western,Southern,FALSE,FALSE,0.11,0.009043,0.020494,FALSE,FALSE,790.211016
48,36,FRG,ES4,FR,ES,Western,Southern,FALSE,FALSE,0.12,0.010976,0.027659,FALSE,FALSE,868.398678
48,37,FRG,ES5,FR,ES,Western,Southern,FALSE,FALSE,0.13,0.016718,0.031757,FALSE,FALSE,931.678675
48,38,FRG,ES6,FR,ES,Western,Southern,FALSE,FALSE,0.13,0.011831,0.029214,FALSE,FALSE,1111.899596
48,39,FRG,ES7,FR,ES,Western,Southern,FALSE,FALSE,0.15,0.017525,0.022846,FALSE,FALSE,2477.398295
48,40,FRG,FI1,FR,FI,Western,Northern,FALSE,FALSE,0.14,0.013068,0.022989,FALSE,FALSE,2581.225874
48,41,FRG,FI2,FR,FI,Western,Northern,FALSE,FALSE,0.11,0.009426,0.013748,FALSE,FALSE,1966.79579
48,42,FRG,FR1,FR,FR,Western,Western,TRUE,TRUE,0.13,0.013174,0.02134,FALSE,TRUE,304.752781
48,43,FRG,FRB,FR,FR,Western,Western,TRUE,TRUE,0.08,0.00617,0.020092,TRUE,TRUE,200.591527
48,44,FRG,FRC,FR,FR,Western,Western,TRUE,TRUE,0.12,0.012813,0.024074,FALSE,TRUE,455.785165
48,45,FRG,FRD,FR,FR,Western,Western,TRUE,TRUE,0.18,0.017256,0.025708,TRUE,TRUE,198.067577
48,46,FRG,FRE,FR,FR,Western,Western,TRUE,TRUE,0.14,0.012549,0.023828,FALSE,TRUE,407.05968
48,47,FRG,FRF,FR,FR,Western,Western,TRUE,TRUE,0.15,0.017028,0.029275,FALSE,FALSE,533.148269
48,49,FRG,FRH,FR,FR,Western,Western,TRUE,TRUE,0.12,0.015273,0.025372,TRUE,TRUE,150.3011
48,50,FRG,FRI,FR,FR,Western,Western,TRUE,TRUE,0.09,0.009141,0.025771,TRUE,TRUE,290.601645
48,51,FRG,FRJ,FR,FR,Western,Western,TRUE,TRUE,0.16,0.015175,0.024097,FALSE,FALSE,496.745254
48,52,FRG,FRK,FR,FR,Western,Western,TRUE,TRUE,0.19,0.018647,0.027195,FALSE,FALSE,492.222116
48,53,FRG,FRL,FR,FR,Western,Western,TRUE,TRUE,0.07,0.006568,0.014821,FALSE,FALSE,663.684869
48,54,FRG,FRM,FR,FR,Western,Western,TRUE,TRUE,0.15,0.016851,0.022998,FALSE,FALSE,997.231715
48,55,FRG,HU1,FR,HU,Western,CEE,FALSE,FALSE,0.08,0.005815,0.038874,FALSE,FALSE,1533.347206
48,56,FRG,HU2,FR,HU,Western,CEE,FALSE,FALSE,0.06,0.005643,0.021056,FALSE,FALSE,1414.606445
48,57,FRG,HU3,FR,HU,Western,CEE,FALSE,FALSE,0.1,0.008386,0.052823,FALSE,FALSE,1654.722432
48,58,FRG,IE0,FR,IE,Western,Western,FALSE,TRUE,0.08,0.00762,0.011811,FALSE,FALSE,830.08918
48,59,FRG,ITC,FR,IT,Western,Southern,FALSE,FALSE,0.14,0.01615,0.022243,FALSE,FALSE,804.576297
48,60,FRG,ITF,FR,IT,Western,Southern,FALSE,FALSE,0.15,0.013797,0.022962,FALSE,FALSE,1567.223538
48,61,FRG,ITG,FR,IT,Western,Southern,FALSE,FALSE,0.11,0.010961,0.022758,FALSE,FALSE,1637.792372
48,62,FRG,ITH,FR,IT,Western,Southern,FALSE,FALSE,0.09,0.009771,0.018886,FALSE,FALSE,993.097498
48,63,FRG,ITI,FR,IT,Western,Southern,FALSE,FALSE,0.15,0.015616,0.023532,FALSE,FALSE,1159.021249
48,64,FRG,LT0,FR,LT,Western,Baltics,FALSE,FALSE,0.1,0.011065,0.026066,FALSE,FALSE,1916.914969
48,65,FRG,LU0,FR,LU,Western,Western,FALSE,TRUE,0.08,0.005117,0.0138,FALSE,FALSE,591.634327
48,66,FRG,LV0,FR,LV,Western,Baltics,FALSE,FALSE,0.02,0.001769,0.016124,FALSE,FALSE,2103.363084
48,67,FRG,MT0,FR,MT,Western,Southern,FALSE,FALSE,0.15,0.011985,0.021853,FALSE,FALSE,1788.140801
48,68,FRG,NL1,FR,NL,Western,Western,FALSE,TRUE,0.17,0.016916,0.02263,FALSE,FALSE,807.984848
48,69,FRG,NL2,FR,NL,Western,Western,FALSE,TRUE,0.21,0.024392,0.028883,FALSE,FALSE,753.079814
48,70,FRG,NL3,FR,NL,Western,Western,FALSE,TRUE,0.1,0.00827,0.019073,FALSE,FALSE,558.764158
48,71,FRG,NL4,FR,NL,Western,Western,FALSE,TRUE,0.14,0.024983000000000002,0.028696,FALSE,FALSE,654.18373
48,72,FRG,PL2,FR,PL,Western,CEE,FALSE,FALSE,0.09,0.006755,0.07536,FALSE,FALSE,1555.009177
48,73,FRG,PL4,FR,PL,Western,CEE,FALSE,FALSE,0.08,0.005772,0.076658,FALSE,FALSE,1351.296257
48,74,FRG,PL5,FR,PL,Western,CEE,FALSE,FALSE,0.05,0.00334,0.01448,FALSE,FALSE,1360.127029
48,75,FRG,PL6,FR,PL,Western,CEE,FALSE,FALSE,0.09,0.008936,0.05463,FALSE,FALSE,1578.923075
48,76,FRG,PL7,FR,PL,Western,CEE,FALSE,FALSE,0.1,0.007867,0.015218,FALSE,FALSE,1546.667039
48,77,FRG,PL8,FR,PL,Western,CEE,FALSE,FALSE,0.06,0.005398,0.044148,FALSE,FALSE,1777.525348
48,78,FRG,PL9,FR,PL,Western,CEE,FALSE,FALSE,0.05,0.004581,0.024918,FALSE,FALSE,1684.111408
48,79,FRG,PT1,FR,PT,Western,Southern,FALSE,FALSE,0.13,0.01208,0.022573,FALSE,FALSE,1058.343833
48,80,FRG,PT2,FR,PT,Western,Southern,FALSE,FALSE,0.09,0.009421,0.017064,FALSE,FALSE,2233.77951
48,81,FRG,PT3,FR,PT,Western,Southern,FALSE,FALSE,0.11,0.009715,0.016033,FALSE,FALSE,2084.095081
48,82,FRG,RO1,FR,RO,Western,CEE,FALSE,FALSE,0.06,0.003921,0.056433,FALSE,FALSE,1885.113242
48,83,FRG,RO2,FR,RO,Western,CEE,FALSE,FALSE,0.03,0.001884,0.02085,FALSE,FALSE,2157.82831
48,84,FRG,RO3,FR,RO,Western,CEE,FALSE,FALSE,0.07,0.005515,0.034098,FALSE,FALSE,2123.657693
48,85,FRG,RO4,FR,RO,Western,CEE,FALSE,FALSE,0.09,0.007564,0.034489,FALSE,FALSE,1840.19006
48,86,FRG,SE1,FR,SE,Western,Northern,FALSE,FALSE,0.11,0.007321,0.035751,FALSE,FALSE,1742.324361
48,87,FRG,SE2,FR,SE,Western,Northern,FALSE,FALSE,0.08,0.006968,0.060304,FALSE,FALSE,1508.367982
48,88,FRG,SE3,FR,SE,Western,Northern,FALSE,FALSE,0.08,0.007238,0.042247,FALSE,FALSE,2128.636499
48,89,FRG,SI0,FR,SI,Western,CEE,FALSE,FALSE,0.14,0.016601,0.024259,FALSE,FALSE,1201.424724
48,90,FRG,SK0,FR,SK,Western,CEE,FALSE,FALSE,0.08,0.00683,0.011916,FALSE,FALSE,1484.403331
49,1,FRH,AT1,FR,AT,Western,Western,FALSE,TRUE,0.11,0.008297,0.020574,FALSE,FALSE,1385.74389
49,2,FRH,AT2,FR,AT,Western,Western,FALSE,TRUE,0.15,0.040922,0.044247,FALSE,FALSE,1337.943307
49,3,FRH,AT3,FR,AT,Western,Western,FALSE,TRUE,0.16,0.024454,0.033056,FALSE,FALSE,1203.625786
49,4,FRH,BE1,FR,BE,Western,Western,FALSE,TRUE,0.15,0.010312,0.021469,FALSE,FALSE,597.210398
49,5,FRH,BE2,FR,BE,Western,Western,FALSE,TRUE,0.15,0.011654,0.023764,FALSE,FALSE,596.480324
49,6,FRH,BE3,FR,BE,Western,Western,FALSE,TRUE,0.14,0.014494,0.024185,FALSE,FALSE,621.266275
49,7,FRH,BG3,FR,BG,Western,CEE,FALSE,FALSE,0.08,0.005504,0.013804,FALSE,FALSE,2222.802705
49,8,FRH,BG4,FR,BG,Western,CEE,FALSE,FALSE,0.06,0.003995,0.014328,FALSE,FALSE,2225.789931
49,9,FRH,CY0,FR,CY,Western,Southern,FALSE,FALSE,0.1,0.010066,0.016689,FALSE,FALSE,3287.759055
49,10,FRH,CZ0,FR,CZ,Western,CEE,FALSE,FALSE,0.02,7.38e-4,0.018418,FALSE,FALSE,1358.908738
49,11,FRH,DE1,FR,DE,Western,Western,FALSE,TRUE,0.17,0.014228,0.027438,FALSE,FALSE,877.086485
49,12,FRH,DE2,FR,DE,Western,Western,FALSE,TRUE,0.09,0.011808,0.026006,FALSE,FALSE,1096.839773
49,13,FRH,DE3,FR,DE,Western,Western,FALSE,TRUE,0.13,0.011542,0.021369,FALSE,FALSE,1244.637067
49,14,FRH,DE4,FR,DE,Western,Western,FALSE,TRUE,0.14,0.014275,0.022405,FALSE,FALSE,1196.653984
49,15,FRH,DE5,FR,DE,Western,Western,FALSE,TRUE,0.17,0.016758,0.023852,FALSE,FALSE,985.924144
49,16,FRH,DE6,FR,DE,Western,Western,FALSE,TRUE,0.17,0.015575,0.021862,FALSE,FALSE,1081.783486
49,17,FRH,DE7,FR,DE,Western,Western,FALSE,TRUE,0.15,0.012065,0.021884,FALSE,FALSE,899.142416
49,18,FRH,DE8,FR,DE,Western,Western,FALSE,TRUE,0.1,0.006096,0.016257,FALSE,FALSE,1238.82354
49,19,FRH,DE9,FR,DE,Western,Western,FALSE,TRUE,0.12,0.009073,0.018505,FALSE,FALSE,958.653672
49,20,FRH,DEA,FR,DE,Western,Western,FALSE,TRUE,0.07,0.006517,0.020516,FALSE,FALSE,826.550325
49,21,FRH,DEB,FR,DE,Western,Western,FALSE,TRUE,0.09,0.009749,0.020266,FALSE,FALSE,760.129256
49,22,FRH,DEC,FR,DE,Western,Western,FALSE,TRUE,0.13,0.010697,0.026034,FALSE,FALSE,727.375536
49,23,FRH,DED,FR,DE,Western,Western,FALSE,TRUE,0.13,0.015871,0.028192,FALSE,FALSE,1211.390267
49,24,FRH,DEE,FR,DE,Western,Western,FALSE,TRUE,0.1,0.011575,0.021852,FALSE,FALSE,1115.957364
49,25,FRH,DEF,FR,DE,Western,Western,FALSE,TRUE,0.15,0.018238,0.025736,FALSE,FALSE,1104.9451
49,26,FRH,DEG,FR,DE,Western,Western,FALSE,TRUE,0.09,0.005287,0.020265,FALSE,FALSE,1058.262472
49,27,FRH,DK0,FR,DK,Western,Northern,FALSE,FALSE,0.15,0.016846,0.02494,FALSE,FALSE,1215.954213
49,28,FRH,EE0,FR,EE,Western,Baltics,FALSE,FALSE,0.06,0.003494,0.012941,FALSE,FALSE,2192.393619
49,29,FRH,EL3,FR,EL,Western,Southern,FALSE,FALSE,0.13,0.011062,0.06279,FALSE,FALSE,2403.989753
49,30,FRH,EL4,FR,EL,Western,Southern,FALSE,FALSE,0.12,0.012095,0.053428,FALSE,FALSE,2675.77745
49,31,FRH,EL5,FR,EL,Western,Southern,FALSE,FALSE,0.11,0.007317,0.063107,FALSE,FALSE,2120.007272
49,32,FRH,EL6,FR,EL,Western,Southern,FALSE,FALSE,0.18,0.012792,0.06519,FALSE,FALSE,2229.014294
49,33,FRH,ES1,FR,ES,Western,Southern,FALSE,FALSE,0.16,0.016216,0.023971,FALSE,TRUE,562.172172
49,34,FRH,ES2,FR,ES,Western,Southern,FALSE,FALSE,0.2,0.026376,0.034653,FALSE,FALSE,724.753028
49,35,FRH,ES3,FR,ES,Western,Southern,FALSE,FALSE,0.11,0.010047,0.020224,FALSE,FALSE,845.186939
49,36,FRH,ES4,FR,ES,Western,Southern,FALSE,FALSE,0.12,0.006837,0.024931,FALSE,FALSE,899.415087
49,37,FRH,ES5,FR,ES,Western,Southern,FALSE,FALSE,0.12,0.010007,0.026473,FALSE,FALSE,1059.69743
49,38,FRH,ES6,FR,ES,Western,Southern,FALSE,FALSE,0.16,0.015798,0.029931,FALSE,FALSE,1174.156876
49,39,FRH,ES7,FR,ES,Western,Southern,FALSE,FALSE,0.07,0.005776,0.015153,FALSE,FALSE,2471.073592
49,40,FRH,FI1,FR,FI,Western,Northern,FALSE,FALSE,0.12,0.008904,0.019507,FALSE,FALSE,2582.355124
49,41,FRH,FI2,FR,FI,Western,Northern,FALSE,FALSE,0.12,0.008684,0.015257,FALSE,FALSE,1980.043166
49,42,FRH,FR1,FR,FR,Western,Western,TRUE,TRUE,0.13,0.009115,0.0194,FALSE,TRUE,396.82644
49,43,FRH,FRB,FR,FR,Western,Western,TRUE,TRUE,0.19,0.014905,0.027752,FALSE,TRUE,327.6839
49,44,FRH,FRC,FR,FR,Western,Western,TRUE,TRUE,0.12,0.010403,0.021814,FALSE,FALSE,586.240801
49,45,FRH,FRD,FR,FR,Western,Western,TRUE,TRUE,0.08,0.007528,0.018073,TRUE,TRUE,228.657864
49,46,FRH,FRE,FR,FR,Western,Western,TRUE,TRUE,0.16,0.014321,0.024916,FALSE,TRUE,461.430985
49,47,FRH,FRF,FR,FR,Western,Western,TRUE,TRUE,0.13,0.024248,0.034565,FALSE,FALSE,636.01719
49,48,FRH,FRG,FR,FR,Western,Western,TRUE,TRUE,0.15,0.010417,0.022529,TRUE,TRUE,150.3011
49,50,FRH,FRI,FR,FR,Western,Western,TRUE,TRUE,0.26,0.084506,0.078636,FALSE,TRUE,425.888944
49,51,FRH,FRJ,FR,FR,Western,Western,TRUE,TRUE,0.15,0.015326,0.023589,FALSE,FALSE,637.672715
49,52,FRH,FRK,FR,FR,Western,Western,TRUE,TRUE,0.12,0.019593,0.026733,FALSE,FALSE,640.917875
49,53,FRH,FRL,FR,FR,Western,Western,TRUE,TRUE,0.16,0.014325,0.022512,FALSE,FALSE,813.875016
49,54,FRH,FRM,FR,FR,Western,Western,TRUE,TRUE,0.07,0.00659,0.016318,FALSE,FALSE,1147.514945
49,55,FRH,HU1,FR,HU,Western,CEE,FALSE,FALSE,0.06,0.004924,0.031082,FALSE,FALSE,1649.399477
49,56,FRH,HU2,FR,HU,Western,CEE,FALSE,FALSE,0.08,0.004414,0.020356,FALSE,FALSE,1536.01857
49,57,FRH,HU3,FR,HU,Western,CEE,FALSE,FALSE,0.09,0.006129,0.04417,FALSE,FALSE,1771.32485
49,58,FRH,IE0,FR,IE,Western,Western,FALSE,TRUE,0.09,0.005884,0.011748,FALSE,FALSE,696.02177
49,59,FRH,ITC,FR,IT,Western,Southern,FALSE,FALSE,0.13,0.007996,0.018151,FALSE,FALSE,947.71233
49,60,FRH,ITF,FR,IT,Western,Southern,FALSE,FALSE,0.07,0.005489,0.016302,FALSE,FALSE,1715.414075
49,61,FRH,ITG,FR,IT,Western,Southern,FALSE,FALSE,0.14,0.010737,0.021385,FALSE,FALSE,1787.966855
49,62,FRH,ITH,FR,IT,Western,Southern,FALSE,FALSE,0.16,0.012524,0.021176,FALSE,FALSE,1130.689239
49,63,FRH,ITI,FR,IT,Western,Southern,FALSE,FALSE,0.08,0.007356,0.018449,FALSE,FALSE,1306.086451
49,64,FRH,LT0,FR,LT,Western,Baltics,FALSE,FALSE,0.09,0.004867,0.023193,FALSE,FALSE,1974.611737
49,65,FRH,LU0,FR,LU,Western,Western,FALSE,TRUE,0.07,0.005272,0.013742,FALSE,FALSE,673.716923
49,66,FRH,LV0,FR,LV,Western,Baltics,FALSE,FALSE,0.07,0.0054,0.019438,FALSE,FALSE,2152.818046
49,67,FRH,MT0,FR,MT,Western,Southern,FALSE,FALSE,0.07,0.005539,0.017696,FALSE,FALSE,1937.832316
49,68,FRH,NL1,FR,NL,Western,Western,FALSE,TRUE,0.1,0.012548,0.018588,FALSE,FALSE,831.895197
49,69,FRH,NL2,FR,NL,Western,Western,FALSE,TRUE,0.14,0.022834,0.026853,FALSE,FALSE,788.041169
49,70,FRH,NL3,FR,NL,Western,Western,FALSE,TRUE,0.08,0.005631,0.020358,FALSE,FALSE,588.855859
49,71,FRH,NL4,FR,NL,Western,Western,FALSE,TRUE,0.17,0.022613,0.028849,FALSE,FALSE,702.720655
49,72,FRH,PL2,FR,PL,Western,CEE,FALSE,FALSE,0.07,0.005259,0.062504,FALSE,FALSE,1651.285469
49,73,FRH,PL4,FR,PL,Western,CEE,FALSE,FALSE,0.06,0.004059,0.065326,FALSE,FALSE,1417.876961
49,74,FRH,PL5,FR,PL,Western,CEE,FALSE,FALSE,0.05,0.002345,0.014498,FALSE,FALSE,1448.410981
49,75,FRH,PL6,FR,PL,Western,CEE,FALSE,FALSE,0.02,9.59e-4,0.046388,FALSE,FALSE,1644.562999
49,76,FRH,PL7,FR,PL,Western,CEE,FALSE,FALSE,0.1,0.008137,0.015635,FALSE,FALSE,1632.671998
49,77,FRH,PL8,FR,PL,Western,CEE,FALSE,FALSE,0.09,0.005994,0.040633,FALSE,FALSE,1862.027819
49,78,FRH,PL9,FR,PL,Western,CEE,FALSE,FALSE,0.02,7.58e-4,0.020479,FALSE,FALSE,1762.519719
49,79,FRH,PT1,FR,PT,Western,Southern,FALSE,FALSE,0.16,0.014668,0.023584,FALSE,FALSE,1060.845855
49,80,FRH,PT2,FR,PT,Western,Southern,FALSE,FALSE,0.09,0.007318,0.01762,FALSE,FALSE,2144.57925
49,81,FRH,PT3,FR,PT,Western,Southern,FALSE,FALSE,0.14,0.010146,0.016365,FALSE,FALSE,2058.502315
49,82,FRH,RO1,FR,RO,Western,CEE,FALSE,FALSE,0.04,0.002529,0.054071,FALSE,FALSE,2001.708938
49,83,FRH,RO2,FR,RO,Western,CEE,FALSE,FALSE,0.12,0.007802,0.025121,FALSE,FALSE,2275.065636
49,84,FRH,RO3,FR,RO,Western,CEE,FALSE,FALSE,0.08,0.004767,0.030101,FALSE,FALSE,2248.814924
49,85,FRH,RO4,FR,RO,Western,CEE,FALSE,FALSE,0.04,0.003209,0.030197,FALSE,FALSE,1965.554518
49,86,FRH,SE1,FR,SE,Western,Northern,FALSE,FALSE,0.15,0.010445,0.040771,FALSE,FALSE,1753.682519
49,87,FRH,SE2,FR,SE,Western,Northern,FALSE,FALSE,0.12,0.011239,0.072992,FALSE,FALSE,1528.266108
49,88,FRH,SE3,FR,SE,Western,Northern,FALSE,FALSE,0.08,0.005917,0.050647,FALSE,FALSE,2111.04872
49,89,FRH,SI0,FR,SI,Western,CEE,FALSE,FALSE,0.12,0.013196,0.021283,FALSE,FALSE,1330.518794
49,90,FRH,SK0,FR,SK,Western,CEE,FALSE,FALSE,0.11,0.007781,0.012836,FALSE,FALSE,1592.273899
50,1,FRI,AT1,FR,AT,Western,Western,FALSE,TRUE,0.11,0.008212,0.018864,FALSE,FALSE,1221.068388
50,2,FRI,AT2,FR,AT,Western,Western,FALSE,TRUE,0.22,0.049388,0.058784,FALSE,FALSE,1145.658604
50,3,FRI,AT3,FR,AT,Western,Western,FALSE,TRUE,0.17,0.014162,0.025299,FALSE,FALSE,1033.889616
50,4,FRI,BE1,FR,BE,Western,Western,FALSE,TRUE,0.2,0.015181,0.021297,FALSE,FALSE,708.520964
50,5,FRI,BE2,FR,BE,Western,Western,FALSE,TRUE,0.18,0.016727,0.024267,FALSE,FALSE,722.616685
50,6,FRI,BE3,FR,BE,Western,Western,FALSE,TRUE,0.13,0.008836,0.019674,FALSE,FALSE,671.111974
50,7,FRI,BG3,FR,BG,Western,CEE,FALSE,FALSE,0.07,0.009036,0.013806,FALSE,FALSE,1975.98435
50,8,FRI,BG4,FR,BG,Western,CEE,FALSE,FALSE,0.08,0.004412,0.015068,FALSE,FALSE,1953.808027
50,9,FRI,CY0,FR,CY,Western,Southern,FALSE,FALSE,0.16,0.015421,0.022721,FALSE,FALSE,2982.480366
50,10,FRI,CZ0,FR,CZ,Western,CEE,FALSE,FALSE,0.14,0.008403,0.025566,FALSE,FALSE,1258.9777
50,11,FRI,DE1,FR,DE,Western,Western,FALSE,TRUE,0.14,0.012033,0.024788,FALSE,FALSE,768.902495
50,12,FRI,DE2,FR,DE,Western,Western,FALSE,TRUE,0.2,0.035568,0.038905,FALSE,FALSE,979.089964
50,13,FRI,DE3,FR,DE,Western,Western,FALSE,TRUE,0.2,0.014176,0.022242,FALSE,FALSE,1258.020737
50,14,FRI,DE4,FR,DE,Western,Western,FALSE,TRUE,0.13,0.011813,0.021388,FALSE,FALSE,1216.275845
50,15,FRI,DE5,FR,DE,Western,Western,FALSE,TRUE,0.12,0.007452,0.0176,FALSE,FALSE,1083.056673
50,16,FRI,DE6,FR,DE,Western,Western,FALSE,TRUE,0.09,0.006036,0.014831,FALSE,FALSE,1174.989427
50,17,FRI,DE7,FR,DE,Western,Western,FALSE,TRUE,0.16,0.021615,0.027178,FALSE,FALSE,888.733981
50,18,FRI,DE8,FR,DE,Western,Western,FALSE,TRUE,0.18,0.016289,0.025549,FALSE,FALSE,1307.474539
50,19,FRI,DE9,FR,DE,Western,Western,FALSE,TRUE,0.14,0.007752,0.025677,FALSE,FALSE,1037.537344
50,20,FRI,DEA,FR,DE,Western,Western,FALSE,TRUE,0.07,0.006317,0.021089,FALSE,FALSE,881.73933
50,21,FRI,DEB,FR,DE,Western,Western,FALSE,TRUE,0.13,0.009873,0.0209,FALSE,FALSE,747.42107
50,22,FRI,DEC,FR,DE,Western,Western,FALSE,TRUE,0.08,0.0049,0.020862,FALSE,FALSE,687.917504
50,23,FRI,DED,FR,DE,Western,Western,FALSE,TRUE,0.14,0.013539,0.029174,FALSE,FALSE,1166.179153
50,24,FRI,DEE,FR,DE,Western,Western,FALSE,TRUE,0.18,0.018892,0.026724,FALSE,FALSE,1129.728034
50,25,FRI,DEF,FR,DE,Western,Western,FALSE,TRUE,0.19,0.018739,0.029953,FALSE,FALSE,1215.572335
50,26,FRI,DEG,FR,DE,Western,Western,FALSE,TRUE,0.09,0.005488,0.019494,FALSE,FALSE,1033.769921
50,27,FRI,DK0,FR,DK,Western,Northern,FALSE,FALSE,0.12,0.018675,0.025964,FALSE,FALSE,1388.745421
50,28,FRI,EE0,FR,EE,Western,Baltics,FALSE,FALSE,0.14,0.009017,0.016521,FALSE,FALSE,2276.503429
50,29,FRI,EL3,FR,EL,Western,Southern,FALSE,FALSE,0.17,0.011147,0.055612,FALSE,FALSE,2072.789936
50,30,FRI,EL4,FR,EL,Western,Southern,FALSE,FALSE,0.08,0.004543,0.04116,FALSE,FALSE,2323.545958
50,31,FRI,EL5,FR,EL,Western,Southern,FALSE,FALSE,0.13,0.009557,0.053075,FALSE,FALSE,1811.364802
50,32,FRI,EL6,FR,EL,Western,Southern,FALSE,FALSE,0.11,0.00598,0.053238,FALSE,FALSE,1902.725211
50,33,FRI,ES1,FR,ES,Western,Southern,FALSE,FALSE,0.14,0.010821,0.020182,FALSE,FALSE,457.847342
50,34,FRI,ES2,FR,ES,Western,Southern,FALSE,FALSE,0.14,0.01003,0.023663,TRUE,TRUE,369.268428
50,35,FRI,ES3,FR,ES,Western,Southern,FALSE,FALSE,0.12,0.0259,0.031848,FALSE,FALSE,605.663714
50,36,FRI,ES4,FR,ES,Western,Southern,FALSE,FALSE,0.12,0.01886,0.031963,FALSE,FALSE,722.845314
50,37,FRI,ES5,FR,ES,Western,Southern,FALSE,FALSE,0.12,0.01221,0.025857,FALSE,FALSE,641.406923
50,38,FRI,ES6,FR,ES,Western,Southern,FALSE,FALSE,0.11,0.007655,0.026573,FALSE,FALSE,898.288452
50,39,FRI,ES7,FR,ES,Western,Southern,FALSE,FALSE,0.21,0.013927,0.022446,FALSE,FALSE,2357.220392
50,40,FRI,FI1,FR,FI,Western,Northern,FALSE,FALSE,0.14,0.011405,0.020378,FALSE,FALSE,2749.97675
50,41,FRI,FI2,FR,FI,Western,Northern,FALSE,FALSE,0.18,0.015601,0.019237,FALSE,FALSE,2122.119879
50,42,FRI,FR1,FR,FR,Western,Western,TRUE,TRUE,0.14,0.012582,0.019466,FALSE,FALSE,436.878005
50,43,FRI,FRB,FR,FR,Western,Western,TRUE,TRUE,0.17,0.026781,0.033986,TRUE,TRUE,304.370298
50,44,FRI,FRC,FR,FR,Western,Western,TRUE,TRUE,0.13,0.006742,0.019524,FALSE,TRUE,428.754715
50,45,FRI,FRD,FR,FR,Western,Western,TRUE,TRUE,0.1,0.00627,0.020564,FALSE,FALSE,446.142157
50,46,FRI,FRE,FR,FR,Western,Western,TRUE,TRUE,0.11,0.011843,0.025208,FALSE,FALSE,575.59789
50,47,FRI,FRF,FR,FR,Western,Western,TRUE,TRUE,0.14,0.018498,0.035147,FALSE,FALSE,580.494345
50,48,FRI,FRG,FR,FR,Western,Western,TRUE,TRUE,0.09,0.006276,0.023578000000000002,TRUE,TRUE,290.601645
50,49,FRI,FRH,FR,FR,Western,Western,TRUE,TRUE,0.11,0.008479,0.020567,FALSE,TRUE,425.888944
50,51,FRI,FRJ,FR,FR,Western,Western,TRUE,TRUE,0.14,0.012742,0.020477,TRUE,TRUE,213.711584
50,52,FRI,FRK,FR,FR,Western,Western,TRUE,TRUE,0.13,0.010292,0.019955,TRUE,TRUE,334.130443
50,53,FRI,FRL,FR,FR,Western,Western,TRUE,TRUE,0.16,0.016097,0.025107,FALSE,FALSE,453.399215
50,54,FRI,FRM,FR,FR,Western,Western,TRUE,TRUE,0.16,0.009819,0.018524,FALSE,FALSE,768.617925
50,55,FRI,HU1,FR,HU,Western,CEE,FALSE,FALSE,0.08,0.00541,0.039431,FALSE,FALSE,1474.214478
50,56,FRI,HU2,FR,HU,Western,CEE,FALSE,FALSE,0.09,0.004854,0.018905,FALSE,FALSE,1341.025089
50,57,FRI,HU3,FR,HU,Western,CEE,FALSE,FALSE,0.07,0.005957,0.048791,FALSE,FALSE,1591.220121
50,58,FRI,IE0,FR,IE,Western,Western,FALSE,TRUE,0.12,0.006513,0.011694,FALSE,FALSE,1118.968469
50,59,FRI,ITC,FR,IT,Western,Southern,FALSE,FALSE,0.09,0.00636,0.015959,FALSE,FALSE,661.469819
50,60,FRI,ITF,FR,IT,Western,Southern,FALSE,FALSE,0.14,0.019643,0.029253,FALSE,FALSE,1364.166402
50,61,FRI,ITG,FR,IT,Western,Southern,FALSE,FALSE,0.11,0.007766,0.018847,FALSE,FALSE,1391.417638
50,62,FRI,ITH,FR,IT,Western,Southern,FALSE,FALSE,0.19,0.012948,0.020445,FALSE,FALSE,870.143839
50,63,FRI,ITI,FR,IT,Western,Southern,FALSE,FALSE,0.13,0.017965,0.02649,FALSE,FALSE,972.587525
50,64,FRI,LT0,FR,LT,Western,Baltics,FALSE,FALSE,0.11,0.008953,0.027967,FALSE,FALSE,1993.661943
50,65,FRI,LU0,FR,LU,Western,Western,FALSE,TRUE,0.12,0.008534,0.016885,FALSE,FALSE,679.238152
50,66,FRI,LV0,FR,LV,Western,Baltics,FALSE,FALSE,0.09,0.006301,0.022517,FALSE,FALSE,2193.710752
50,67,FRI,MT0,FR,MT,Western,Southern,FALSE,FALSE,0.1,0.00572,0.017904,FALSE,FALSE,1533.0433
50,68,FRI,NL1,FR,NL,Western,Western,FALSE,TRUE,0.14,0.007647,0.014487,FALSE,FALSE,977.734861
50,69,FRI,NL2,FR,NL,Western,Western,FALSE,TRUE,0.14,0.02488,0.030693,FALSE,FALSE,909.797851
50,70,FRI,NL3,FR,NL,Western,Western,FALSE,TRUE,0.16,0.018058,0.025569,FALSE,FALSE,739.676066
50,71,FRI,NL4,FR,NL,Western,Western,FALSE,TRUE,0.11,0.007151,0.018606,FALSE,FALSE,797.480936
50,72,FRI,PL2,FR,PL,Western,CEE,FALSE,FALSE,0.08,0.004394,0.063454,FALSE,FALSE,1551.471772
50,73,FRI,PL4,FR,PL,Western,CEE,FALSE,FALSE,0.06,0.003087,0.066141,FALSE,FALSE,1422.163488
50,74,FRI,PL5,FR,PL,Western,CEE,FALSE,FALSE,0.1,0.005539,0.015729,FALSE,FALSE,1382.009447
50,75,FRI,PL6,FR,PL,Western,CEE,FALSE,FALSE,0.13,0.008756,0.049248,FALSE,FALSE,1645.75358
50,76,FRI,PL7,FR,PL,Western,CEE,FALSE,FALSE,0.09,0.003618,0.013173,FALSE,FALSE,1568.86078
50,77,FRI,PL8,FR,PL,Western,CEE,FALSE,FALSE,0.05,0.002969,0.037828,FALSE,FALSE,1798.356208
50,78,FRI,PL9,FR,PL,Western,CEE,FALSE,FALSE,0.03,0.001337,0.021672,FALSE,FALSE,1720.89551
50,79,FRI,PT1,FR,PT,Western,Southern,FALSE,FALSE,0.07,0.007006,0.015935,FALSE,FALSE,954.176467
50,80,FRI,PT2,FR,PT,Western,Southern,FALSE,FALSE,0.2,0.019808,0.025051,FALSE,FALSE,2283.981101
50,81,FRI,PT3,FR,PT,Western,Southern,FALSE,FALSE,0.17,0.012305,0.017122,FALSE,FALSE,2004.243633
50,82,FRI,RO1,FR,RO,Western,CEE,FALSE,FALSE,0.05,0.002307,0.056479,FALSE,FALSE,1817.581933
50,83,FRI,RO2,FR,RO,Western,CEE,FALSE,FALSE,0.08,0.00474,0.025347,FALSE,FALSE,2084.653312
50,84,FRI,RO3,FR,RO,Western,CEE,FALSE,FALSE,0.05,0.001711,0.030159,FALSE,FALSE,2024.928085
50,85,FRI,RO4,FR,RO,Western,CEE,FALSE,FALSE,0.09,0.005704,0.034024,FALSE,FALSE,1744.418971
50,86,FRI,SE1,FR,SE,Western,Northern,FALSE,FALSE,0.07,0.002615,0.033461,FALSE,FALSE,1903.538705
50,87,FRI,SE2,FR,SE,Western,Northern,FALSE,FALSE,0.09,0.008091,0.056819,FALSE,FALSE,1660.159118
50,88,FRI,SE3,FR,SE,Western,Northern,FALSE,FALSE,0.03,0.001034,0.037465,FALSE,FALSE,2327.562074
50,89,FRI,SI0,FR,SI,Western,CEE,FALSE,FALSE,0.16,0.029504,0.03372,FALSE,FALSE,1106.684894
50,90,FRI,SK0,FR,SK,Western,CEE,FALSE,FALSE,0.09,0.008807,0.014501,FALSE,FALSE,1451.047916
51,1,FRJ,AT1,FR,AT,Western,Western,FALSE,TRUE,0.13,0.02111,0.032408,FALSE,FALSE,1153.638053
51,2,FRJ,AT2,FR,AT,Western,Western,FALSE,TRUE,0.08,0.011983,0.036208,FALSE,FALSE,1065.415992
51,3,FRJ,AT3,FR,AT,Western,Western,FALSE,TRUE,0.08,0.006944,0.019467,FALSE,FALSE,972.527868
51,4,FRJ,BE1,FR,BE,Western,Western,FALSE,TRUE,0.1,0.009742,0.020239,FALSE,FALSE,817.110128
51,5,FRJ,BE2,FR,BE,Western,Western,FALSE,TRUE,0.08,0.0091,0.019535,FALSE,FALSE,835.597601
51,6,FRJ,BE3,FR,BE,Western,Western,FALSE,TRUE,0.08,0.014316,0.023977,FALSE,FALSE,758.476527
51,7,FRJ,BG3,FR,BG,Western,CEE,FALSE,FALSE,0.04,0.001824,0.011147,FALSE,FALSE,1846.000471
51,8,FRJ,BG4,FR,BG,Western,CEE,FALSE,FALSE,0.01,4.35e-4,0.011403,FALSE,FALSE,1810.529981
51,9,FRJ,CY0,FR,CY,Western,Southern,FALSE,FALSE,0.06,0.00847,0.023909,FALSE,FALSE,2816.078518
51,10,FRJ,CZ0,FR,CZ,Western,CEE,FALSE,FALSE,0.04,0.004869,0.019562,FALSE,FALSE,1225.977993
51,11,FRJ,DE1,FR,DE,Western,Western,FALSE,TRUE,0.11,0.014586,0.031408,FALSE,FALSE,764.624839
51,12,FRJ,DE2,FR,DE,Western,Western,FALSE,TRUE,0.08,0.014769,0.02624,FALSE,FALSE,951.142442
51,13,FRJ,DE3,FR,DE,Western,Western,FALSE,TRUE,0.09,0.0079,0.018905,FALSE,FALSE,1283.862703
51,14,FRJ,DE4,FR,DE,Western,Western,FALSE,TRUE,0.1,0.024447,0.028987,FALSE,FALSE,1247.039769
51,15,FRJ,DE5,FR,DE,Western,Western,FALSE,TRUE,0.11,0.008437,0.017216,FALSE,FALSE,1157.104969
51,16,FRJ,DE6,FR,DE,Western,Western,FALSE,TRUE,0.05,0.010426,0.021533,FALSE,FALSE,1242.749186
51,17,FRJ,DE7,FR,DE,Western,Western,FALSE,TRUE,0.04,0.005613,0.017968,FALSE,FALSE,924.815264
51,18,FRJ,DE8,FR,DE,Western,Western,FALSE,TRUE,0.08,0.007182,0.018506,FALSE,FALSE,1358.191534
51,19,FRJ,DE9,FR,DE,Western,Western,FALSE,TRUE,0.09,0.012316,0.024974,FALSE,FALSE,1105.781299
51,20,FRJ,DEA,FR,DE,Western,Western,FALSE,TRUE,0.09,0.014882,0.026096,FALSE,FALSE,949.802964
51,21,FRJ,DEB,FR,DE,Western,Western,FALSE,TRUE,0.05,0.006388,0.02006,FALSE,FALSE,796.225263
51,22,FRJ,DEC,FR,DE,Western,Western,FALSE,TRUE,0.05,0.006753,0.023365,FALSE,FALSE,730.729922
51,23,FRJ,DED,FR,DE,Western,Western,FALSE,TRUE,0.1,0.016868,0.028706,FALSE,FALSE,1166.508167
51,24,FRJ,DEE,FR,DE,Western,Western,FALSE,TRUE,0.09,0.020538,0.02774,FALSE,FALSE,1161.830169
51,25,FRJ,DEF,FR,DE,Western,Western,FALSE,TRUE,0.13,0.019383,0.029887,FALSE,FALSE,1289.566708
51,26,FRJ,DEG,FR,DE,Western,Western,FALSE,TRUE,0.16,0.018606,0.029421,FALSE,FALSE,1052.207277
51,27,FRJ,DK0,FR,DK,Western,Northern,FALSE,FALSE,0.06,0.007146,0.019313,FALSE,FALSE,1484.784423
51,28,FRJ,EE0,FR,EE,Western,Baltics,FALSE,FALSE,0.04,0.003277,0.012416,FALSE,FALSE,2313.270069
51,29,FRJ,EL3,FR,EL,Western,Southern,FALSE,FALSE,0.09,0.009544,0.059318,FALSE,FALSE,1897.315852
51,30,FRJ,EL4,FR,EL,Western,Southern,FALSE,FALSE,0.09,0.00984,0.050832,FALSE,FALSE,2136.481802
51,31,FRJ,EL5,FR,EL,Western,Southern,FALSE,FALSE,0.08,0.008188,0.055157,FALSE,FALSE,1649.701652
51,32,FRJ,EL6,FR,EL,Western,Southern,FALSE,FALSE,0.04,0.002706,0.054462000000000003,FALSE,FALSE,1730.880095
51,33,FRJ,ES1,FR,ES,Western,Southern,FALSE,FALSE,0.13,0.040517,0.043109,FALSE,FALSE,569.11111
51,34,FRJ,ES2,FR,ES,Western,Southern,FALSE,FALSE,0.11,0.051883,0.05422,TRUE,TRUE,314.237805
51,35,FRJ,ES3,FR,ES,Western,Southern,FALSE,FALSE,0.15,0.042777,0.044132,FALSE,FALSE,608.636954
51,36,FRJ,ES4,FR,ES,Western,Southern,FALSE,FALSE,0.08,0.011158,0.024315,FALSE,FALSE,752.379139
51,37,FRJ,ES5,FR,ES,Western,Southern,FALSE,FALSE,0.11,0.017674,0.030619,TRUE,TRUE,453.301102
51,38,FRJ,ES6,FR,ES,Western,Southern,FALSE,FALSE,0.11,0.011291,0.028138,FALSE,FALSE,844.690853
51,39,FRJ,ES7,FR,ES,Western,Southern,FALSE,FALSE,0.07,0.009814,0.020795,FALSE,FALSE,2362.664539
51,40,FRJ,FI1,FR,FI,Western,Northern,FALSE,FALSE,0.05,0.007856,0.019696,FALSE,FALSE,2822.960063
51,41,FRJ,FI2,FR,FI,Western,Northern,FALSE,FALSE,0.06,0.003341,0.011031,FALSE,FALSE,2189.203789
51,42,FRJ,FR1,FR,FR,Western,Western,TRUE,TRUE,0.07,0.006759,0.018853,FALSE,FALSE,563.784999
51,43,FRJ,FRB,FR,FR,Western,Western,TRUE,TRUE,0.07,0.025036,0.03846,FALSE,TRUE,452.183142
51,44,FRJ,FRC,FR,FR,Western,Western,TRUE,TRUE,0.13,0.024606,0.034683,FALSE,TRUE,458.448047
51,45,FRJ,FRD,FR,FR,Western,Western,TRUE,TRUE,0.07,0.009774,0.024542,FALSE,FALSE,625.606509
51,46,FRJ,FRE,FR,FR,Western,Western,TRUE,TRUE,0.05,0.009753,0.023098,FALSE,FALSE,702.471809
51,47,FRJ,FRF,FR,FR,Western,Western,TRUE,TRUE,0.08,0.012061,0.02932,FALSE,FALSE,631.99522
51,48,FRJ,FRG,FR,FR,Western,Western,TRUE,TRUE,0.19,0.05523,0.05737,FALSE,FALSE,496.745254
51,49,FRJ,FRH,FR,FR,Western,Western,TRUE,TRUE,0.12,0.013882,0.022588,FALSE,FALSE,637.672715
51,50,FRJ,FRI,FR,FR,Western,Western,TRUE,TRUE,0.13,0.043445,0.049868,TRUE,TRUE,213.711584
51,52,FRJ,FRK,FR,FR,Western,Western,TRUE,TRUE,0.13,0.023089,0.032115,TRUE,TRUE,278.773085
51,53,FRJ,FRL,FR,FR,Western,Western,TRUE,TRUE,0.11,0.016234,0.024168,TRUE,TRUE,304.351511
51,54,FRJ,FRM,FR,FR,Western,Western,TRUE,TRUE,0.12,0.015122,0.023423,FALSE,FALSE,580.48228
51,55,FRJ,HU1,FR,HU,Western,CEE,FALSE,FALSE,0.05,0.004351,0.028435,FALSE,FALSE,1392.509083
51,56,FRJ,HU2,FR,HU,Western,CEE,FALSE,FALSE,0.01,4.17e-4,0.01497,FALSE,FALSE,1251.992454
51,57,FRJ,HU3,FR,HU,Western,CEE,FALSE,FALSE,0.03,0.001672,0.035922,FALSE,FALSE,1503.917998
51,58,FRJ,IE0,FR,IE,Western,Western,FALSE,TRUE,0.05,0.005116,0.010301,FALSE,FALSE,1326.759515
51,59,FRJ,ITC,FR,IT,Western,Southern,FALSE,FALSE,0.05,0.003926,0.014527,FALSE,FALSE,552.029562
51,60,FRJ,ITF,FR,IT,Western,Southern,FALSE,FALSE,0.1,0.009846,0.026232,FALSE,FALSE,1183.4405
51,61,FRJ,ITG,FR,IT,Western,Southern,FALSE,FALSE,0.09,0.010356,0.021703,FALSE,FALSE,1186.228824
51,62,FRJ,ITH,FR,IT,Western,Southern,FALSE,FALSE,0.12,0.018396,0.025146,FALSE,FALSE,761.82603
51,63,FRJ,ITI,FR,IT,Western,Southern,FALSE,FALSE,0.04,0.006185,0.016405,FALSE,FALSE,810.206512
51,64,FRJ,LT0,FR,LT,Western,Baltics,FALSE,FALSE,0.05,0.003791,0.021096,FALSE,FALSE,2002.371659
51,65,FRJ,LU0,FR,LU,Western,Western,FALSE,TRUE,0.12,0.018648,0.023522,FALSE,FALSE,745.343854
51,66,FRJ,LV0,FR,LV,Western,Baltics,FALSE,FALSE,0.08,0.005037,0.017775,FALSE,FALSE,2210.197903
51,67,FRJ,MT0,FR,MT,Western,Southern,FALSE,FALSE,0.04,0.003257,0.016141,FALSE,FALSE,1323.891346
51,68,FRJ,NL1,FR,NL,Western,Western,FALSE,TRUE,0.09,0.012108,0.020293,FALSE,FALSE,1078.970263
51,69,FRJ,NL2,FR,NL,Western,Western,FALSE,TRUE,0.16,0.033,0.036923,FALSE,FALSE,1005.160499
51,70,FRJ,NL3,FR,NL,Western,Western,FALSE,TRUE,0.06,0.004795,0.017972,FALSE,FALSE,860.544568
51,71,FRJ,NL4,FR,NL,Western,Western,FALSE,TRUE,0.05,0.004368,0.019759,FALSE,FALSE,890.323425
51,72,FRJ,PL2,FR,PL,Western,CEE,FALSE,FALSE,0.03,0.001424,0.058644,FALSE,FALSE,1508.698866
51,73,FRJ,PL4,FR,PL,Western,CEE,FALSE,FALSE,0.06,0.00599,0.063168,FALSE,FALSE,1437.244396
51,74,FRJ,PL5,FR,PL,Western,CEE,FALSE,FALSE,0.05,0.002021,0.012897,FALSE,FALSE,1362.184304
51,75,FRJ,PL6,FR,PL,Western,CEE,FALSE,FALSE,0.05,0.003788,0.041104,FALSE,FALSE,1652.757148
51,76,FRJ,PL7,FR,PL,Western,CEE,FALSE,FALSE,0.02,6.93e-4,0.009449,FALSE,FALSE,1544.587314
51,77,FRJ,PL8,FR,PL,Western,CEE,FALSE,FALSE,0.06,0.003022,0.033258,FALSE,FALSE,1768.684838
51,78,FRJ,PL9,FR,PL,Western,CEE,FALSE,FALSE,0.04,0.001907,0.019136,FALSE,FALSE,1704.297488
51,79,FRJ,PT1,FR,PT,Western,Southern,FALSE,FALSE,0.09,0.01072,0.019616,FALSE,FALSE,1003.149774
51,80,FRJ,PT2,FR,PT,Western,Southern,FALSE,FALSE,0.04,0.00336,0.014323,FALSE,FALSE,2409.053983
51,81,FRJ,PT3,FR,PT,Western,Southern,FALSE,FALSE,0.09,0.007632,0.013967,FALSE,FALSE,2045.414412
51,82,FRJ,RO1,FR,RO,Western,CEE,FALSE,FALSE,0.03,0.00117,0.044588,FALSE,FALSE,1723.675591
51,83,FRJ,RO2,FR,RO,Western,CEE,FALSE,FALSE,0.04,0.001968,0.018714,FALSE,FALSE,1983.518069
51,84,FRJ,RO3,FR,RO,Western,CEE,FALSE,FALSE,0.03,0.001604,0.026021,FALSE,FALSE,1906.677462
51,85,FRJ,RO4,FR,RO,Western,CEE,FALSE,FALSE,0.02,0.001051,0.025565,FALSE,FALSE,1631.564605
51,86,FRJ,SE1,FR,SE,Western,Northern,FALSE,FALSE,0.05,0.003936,0.030575,FALSE,FALSE,1977.650914
51,87,FRJ,SE2,FR,SE,Western,Northern,FALSE,FALSE,0.04,0.002361,0.052345,FALSE,FALSE,1730.462748
51,88,FRJ,SE3,FR,SE,Western,Northern,FALSE,FALSE,0.02,7.87e-4,0.037005,FALSE,FALSE,2428.052301
51,89,FRJ,SI0,FR,SI,Western,CEE,FALSE,FALSE,0.06,0.008412,0.02,FALSE,FALSE,1009.28011
51,90,FRJ,SK0,FR,SK,Western,CEE,FALSE,FALSE,0.03,0.002995,0.010179,FALSE,FALSE,1388.759192
52,1,FRK,AT1,FR,AT,Western,Western,FALSE,TRUE,0.23,0.018315,0.026621,FALSE,FALSE,894.828007
52,2,FRK,AT2,FR,AT,Western,Western,FALSE,TRUE,0.21,0.01284,0.028525,FALSE,FALSE,814.811774
52,3,FRK,AT3,FR,AT,Western,Western,FALSE,TRUE,0.21,0.030551,0.034525,FALSE,FALSE,709.464594
52,4,FRK,BE1,FR,BE,Western,Western,FALSE,TRUE,0.12,0.009051,0.016818,FALSE,FALSE,597.727741
52,5,FRK,BE2,FR,BE,Western,Western,FALSE,TRUE,0.13,0.011884,0.01988,FALSE,FALSE,619.654364
52,6,FRK,BE3,FR,BE,Western,Western,FALSE,TRUE,0.12,0.010418,0.020564,FALSE,FALSE,522.685752
52,7,FRK,BG3,FR,BG,Western,CEE,FALSE,FALSE,0.16,0.012099,0.016222,FALSE,FALSE,1644.120783
52,8,FRK,BG4,FR,BG,Western,CEE,FALSE,FALSE,0.12,0.008646,0.016758,FALSE,FALSE,1626.535536
52,9,FRK,CY0,FR,CY,Western,Southern,FALSE,FALSE,0.2,0.017525,0.022178,FALSE,FALSE,2667.863978
52,10,FRK,CZ0,FR,CZ,Western,CEE,FALSE,FALSE,0.11,0.007718,0.02383,FALSE,FALSE,952.277734
52,11,FRK,DE1,FR,DE,Western,Western,FALSE,TRUE,0.15,0.010328,0.023191,FALSE,FALSE,485.950739
52,12,FRK,DE2,FR,DE,Western,Western,FALSE,TRUE,0.14,0.009442,0.021053,FALSE,FALSE,675.155861
52,13,FRK,DE3,FR,DE,Western,Western,FALSE,TRUE,0.11,0.010037,0.017997,FALSE,FALSE,1007.072449
52,14,FRK,DE4,FR,DE,Western,Western,FALSE,TRUE,0.16,0.010726,0.02118,FALSE,FALSE,971.345633
52,15,FRK,DE5,FR,DE,Western,Western,FALSE,TRUE,0.13,0.013074,0.020496,FALSE,FALSE,899.503642
52,16,FRK,DE6,FR,DE,Western,Western,FALSE,TRUE,0.18,0.011927,0.019086,FALSE,FALSE,980.603175
52,17,FRK,DE7,FR,DE,Western,Western,FALSE,TRUE,0.17,0.009111,0.016913,FALSE,FALSE,652.903629
52,18,FRK,DE8,FR,DE,Western,Western,FALSE,TRUE,0.11,0.007575,0.017758,FALSE,FALSE,1087.697272
52,19,FRK,DE9,FR,DE,Western,Western,FALSE,TRUE,0.17,0.013128,0.023719,FALSE,FALSE,845.657921
52,20,FRK,DEA,FR,DE,Western,Western,FALSE,TRUE,0.17,0.013081,0.022804,FALSE,FALSE,692.524213
52,21,FRK,DEB,FR,DE,Western,Western,FALSE,TRUE,0.12,0.008734,0.017866,FALSE,FALSE,532.193831
52,22,FRK,DEC,FR,DE,Western,Western,FALSE,TRUE,0.14,0.012115,0.025537,FALSE,FALSE,465.642575
52,23,FRK,DED,FR,DE,Western,Western,FALSE,TRUE,0.14,0.010974,0.022337,FALSE,FALSE,887.74051
52,24,FRK,DEE,FR,DE,Western,Western,FALSE,TRUE,0.12,0.008835,0.019466,FALSE,FALSE,886.832445
52,25,FRK,DEF,FR,DE,Western,Western,FALSE,TRUE,0.18,0.013596,0.024462,FALSE,FALSE,1030.237704
52,26,FRK,DEG,FR,DE,Western,Western,FALSE,TRUE,0.17,0.014375,0.025221,FALSE,FALSE,774.949219
52,27,FRK,DK0,FR,DK,Western,Northern,FALSE,FALSE,0.16,0.014227,0.021129,FALSE,FALSE,1237.248445
52,28,FRK,EE0,FR,EE,Western,Baltics,FALSE,FALSE,0.13,0.008496,0.014923,FALSE,FALSE,2036.77061
52,29,FRK,EL3,FR,EL,Western,Southern,FALSE,FALSE,0.12,0.00876,0.056149,FALSE,FALSE,1770.155124
52,30,FRK,EL4,FR,EL,Western,Southern,FALSE,FALSE,0.13,0.008618,0.045443,FALSE,FALSE,2036.184802
52,31,FRK,EL5,FR,EL,Western,Southern,FALSE,FALSE,0.13,0.011421,0.058232,FALSE,FALSE,1496.164264
52,32,FRK,EL6,FR,EL,Western,Southern,FALSE,FALSE,0.15,0.00997,0.05739,FALSE,FALSE,1596.822129
52,33,FRK,ES1,FR,ES,Western,Southern,FALSE,FALSE,0.12,0.010742,0.024766,FALSE,FALSE,786.735633
52,34,FRK,ES2,FR,ES,Western,Southern,FALSE,FALSE,0.13,0.009854,0.023819,FALSE,FALSE,591.150271
52,35,FRK,ES3,FR,ES,Western,Southern,FALSE,FALSE,0.14,0.013776,0.024465,FALSE,FALSE,879.427718
52,36,FRK,ES4,FR,ES,Western,Southern,FALSE,FALSE,0.16,0.011245,0.024621,FALSE,FALSE,1016.544827
52,37,FRK,ES5,FR,ES,Western,Southern,FALSE,FALSE,0.09,0.004463,0.022123,FALSE,FALSE,667.207215
52,38,FRK,ES6,FR,ES,Western,Southern,FALSE,FALSE,0.11,0.009738,0.029487,FALSE,FALSE,1123.343396
52,39,FRK,ES7,FR,ES,Western,Southern,FALSE,FALSE,0.15,0.011919,0.01929,FALSE,FALSE,2637.863832
52,40,FRK,FI1,FR,FI,Western,Northern,FALSE,FALSE,0.22,0.023044,0.028664,FALSE,FALSE,2556.687032
52,41,FRK,FI2,FR,FI,Western,Northern,FALSE,FALSE,0.13,0.008,0.013954,FALSE,FALSE,1921.7415
52,42,FRK,FR1,FR,FR,Western,Western,TRUE,TRUE,0.09,0.007233,0.016952,FALSE,FALSE,393.91263
52,43,FRK,FRB,FR,FR,Western,Western,TRUE,TRUE,0.18,0.013163,0.027273,TRUE,TRUE,341.358152
52,44,FRK,FRC,FR,FR,Western,Western,TRUE,TRUE,0.14,0.013227,0.026471,TRUE,TRUE,205.110612
52,45,FRK,FRD,FR,FR,Western,Western,TRUE,TRUE,0.17,0.01599,0.023631,FALSE,FALSE,529.436375
52,46,FRK,FRE,FR,FR,Western,Western,TRUE,TRUE,0.17,0.010677,0.023469,FALSE,FALSE,512.994747
52,47,FRK,FRF,FR,FR,Western,Western,TRUE,TRUE,0.18,0.029718,0.03642,FALSE,TRUE,376.685963
52,48,FRK,FRG,FR,FR,Western,Western,TRUE,TRUE,0.13,0.01149,0.024586,FALSE,FALSE,492.222116
52,49,FRK,FRH,FR,FR,Western,Western,TRUE,TRUE,0.15,0.013928,0.022111,FALSE,FALSE,640.917875
52,50,FRK,FRI,FR,FR,Western,Western,TRUE,TRUE,0.14,0.012803,0.025264000000000002,TRUE,TRUE,334.130443
52,51,FRK,FRJ,FR,FR,Western,Western,TRUE,TRUE,0.16,0.014267,0.023463,TRUE,TRUE,278.773085
52,53,FRK,FRL,FR,FR,Western,Western,TRUE,TRUE,0.11,0.010042,0.019692,TRUE,TRUE,185.629493
52,54,FRK,FRM,FR,FR,Western,Western,TRUE,TRUE,0.14,0.010161,0.018919,FALSE,FALSE,515.884543
52,55,FRK,HU1,FR,HU,Western,CEE,FALSE,FALSE,0.12,0.00711,0.039433,FALSE,FALSE,1143.776207
52,56,FRK,HU2,FR,HU,Western,CEE,FALSE,FALSE,0.13,0.00996,0.022438,FALSE,FALSE,1008.605946
52,57,FRK,HU3,FR,HU,Western,CEE,FALSE,FALSE,0.08,0.004438,0.05035,FALSE,FALSE,1259.560751
52,58,FRK,IE0,FR,IE,Western,Western,FALSE,TRUE,0.1,0.00792,0.012789,FALSE,FALSE,1268.387409
52,59,FRK,ITC,FR,IT,Western,Southern,FALSE,FALSE,0.15,0.011693,0.02025,TRUE,TRUE,330.180878
52,60,FRK,ITF,FR,IT,Western,Southern,FALSE,FALSE,0.18,0.019587,0.027359,FALSE,FALSE,1075.027537
52,61,FRK,ITG,FR,IT,Western,Southern,FALSE,FALSE,0.13,0.009895,0.019396,FALSE,FALSE,1160.922709
52,62,FRK,ITH,FR,IT,Western,Southern,FALSE,FALSE,0.19,0.020657,0.026041,FALSE,FALSE,536.68828799999994
52,63,FRK,ITI,FR,IT,Western,Southern,FALSE,FALSE,0.19,0.015065,0.023248,FALSE,FALSE,668.035287
52,64,FRK,LT0,FR,LT,Western,Baltics,FALSE,FALSE,0.15,0.013773,0.027958,FALSE,FALSE,1723.601929
52,65,FRK,LU0,FR,LU,Western,Western,FALSE,TRUE,0.18,0.013241,0.019912,FALSE,FALSE,493.665584
52,66,FRK,LV0,FR,LV,Western,Baltics,FALSE,FALSE,0.05,0.003059,0.019102,FALSE,FALSE,1931.539492
52,67,FRK,MT0,FR,MT,Western,Southern,FALSE,FALSE,0.12,0.01096,0.021012,FALSE,FALSE,1318.698969
52,68,FRK,NL1,FR,NL,Western,Western,FALSE,TRUE,0.15,0.016367,0.021769,FALSE,FALSE,842.308906
52,69,FRK,NL2,FR,NL,Western,Western,FALSE,TRUE,0.12,0.009753,0.019924,FALSE,FALSE,765.67842
52,70,FRK,NL3,FR,NL,Western,Western,FALSE,TRUE,0.21,0.025354,0.031077,FALSE,FALSE,651.678982
52,71,FRK,NL4,FR,NL,Western,Western,FALSE,TRUE,0.18,0.015778,0.022723,FALSE,FALSE,652.713273
52,72,FRK,PL2,FR,PL,Western,CEE,FALSE,FALSE,0.06,0.004513,0.07545,FALSE,FALSE,1238.996054
52,73,FRK,PL4,FR,PL,Western,CEE,FALSE,FALSE,0.09,0.005036,0.07583,FALSE,FALSE,1158.84239
52,74,FRK,PL5,FR,PL,Western,CEE,FALSE,FALSE,0.11,0.008493,0.019181,FALSE,FALSE,1085.672746
52,75,FRK,PL6,FR,PL,Western,CEE,FALSE,FALSE,0.07,0.003324,0.058276,FALSE,FALSE,1373.984309
52,76,FRK,PL7,FR,PL,Western,CEE,FALSE,FALSE,0.14,0.010329,0.017377,FALSE,FALSE,1269.331516
52,77,FRK,PL8,FR,PL,Western,CEE,FALSE,FALSE,0.12,0.008805,0.051161,FALSE,FALSE,1495.154397
52,78,FRK,PL9,FR,PL,Western,CEE,FALSE,FALSE,0.14,0.013018,0.030316,FALSE,FALSE,1427.688692
52,79,FRK,PT1,FR,PT,Western,Southern,FALSE,FALSE,0.12,0.009791,0.019673,FALSE,FALSE,1261.432501
52,80,FRK,PT2,FR,PT,Western,Southern,FALSE,FALSE,0.13,0.012595,0.019543,FALSE,FALSE,2618.10978
52,81,FRK,PT3,FR,PT,Western,Southern,FALSE,FALSE,0.08,0.005729,0.012877,FALSE,FALSE,2309.758825
52,82,FRK,RO1,FR,RO,Western,CEE,FALSE,FALSE,0.1,0.006735,0.06226,FALSE,FALSE,1484.851484
52,83,FRK,RO2,FR,RO,Western,CEE,FALSE,FALSE,0.08,0.004396,0.024857,FALSE,FALSE,1751.071643
52,84,FRK,RO3,FR,RO,Western,CEE,FALSE,FALSE,0.12,0.010232,0.038968,FALSE,FALSE,1691.113812
52,85,FRK,RO4,FR,RO,Western,CEE,FALSE,FALSE,0.06,0.002385,0.034863,FALSE,FALSE,1410.355619
52,86,FRK,SE1,FR,SE,Western,Northern,FALSE,FALSE,0.17,0.010879,0.035975,FALSE,FALSE,1713.945452
52,87,FRK,SE2,FR,SE,Western,Northern,FALSE,FALSE,0.1,0.00664,0.064019,FALSE,FALSE,1466.016315
52,88,FRK,SE3,FR,SE,Western,Northern,FALSE,FALSE,0.1,0.006864,0.045989,FALSE,FALSE,2177.769545
52,89,FRK,SI0,FR,SI,Western,CEE,FALSE,FALSE,0.13,0.010195,0.019093,FALSE,FALSE,772.768856
52,90,FRK,SK0,FR,SK,Western,CEE,FALSE,FALSE,0.03,0.002361,0.008761,FALSE,FALSE,1127.728154
53,1,FRL,AT1,FR,AT,Western,Western,FALSE,TRUE,0.19,0.032535,0.036846,FALSE,FALSE,868.672062
53,2,FRL,AT2,FR,AT,Western,Western,FALSE,TRUE,0.11,0.007429,0.020663,FALSE,FALSE,774.191354
53,3,FRL,AT3,FR,AT,Western,Western,FALSE,TRUE,0.1,0.012501,0.023313,FALSE,FALSE,695.406507
53,4,FRL,BE1,FR,BE,Western,Western,FALSE,TRUE,0.16,0.040274,0.041173,FALSE,FALSE,759.609062
53,5,FRL,BE2,FR,BE,Western,Western,FALSE,TRUE,0.12,0.010036,0.018578,FALSE,FALSE,782.836428
53,6,FRL,BE3,FR,BE,Western,Western,FALSE,TRUE,0.14,0.011473,0.021811,FALSE,FALSE,676.368463
53,7,FRL,BG3,FR,BG,Western,CEE,FALSE,FALSE,0.13,0.008181,0.014305,FALSE,FALSE,1542.42248
53,8,FRL,BG4,FR,BG,Western,CEE,FALSE,FALSE,0.08,0.004461,0.012577,FALSE,FALSE,1510.19159
53,9,FRL,CY0,FR,CY,Western,Southern,FALSE,FALSE,0.11,0.010986,0.018184,FALSE,FALSE,2529.585896
53,10,FRL,CZ0,FR,CZ,Western,CEE,FALSE,FALSE,0.14,0.008422,0.023264,FALSE,FALSE,965.244305
53,11,FRL,DE1,FR,DE,Western,Western,FALSE,TRUE,0.23,0.01712,0.028023,FALSE,FALSE,557.293225
53,12,FRL,DE2,FR,DE,Western,Western,FALSE,TRUE,0.09,0.01663,0.026365,FALSE,FALSE,704.105354
53,13,FRL,DE3,FR,DE,Western,Western,FALSE,TRUE,0.12,0.010953,0.020925,FALSE,FALSE,1080.723158
53,14,FRL,DE4,FR,DE,Western,Western,FALSE,TRUE,0.2,0.029075,0.033297,FALSE,FALSE,1050.980195
53,15,FRL,DE5,FR,DE,Western,Western,FALSE,TRUE,0.18,0.028614,0.031359,FALSE,FALSE,1020.976822
53,16,FRL,DE6,FR,DE,Western,Western,FALSE,TRUE,0.12,0.008214,0.01801,FALSE,FALSE,1093.774752
53,17,FRL,DE7,FR,DE,Western,Western,FALSE,TRUE,0.18,0.014225,0.021544,FALSE,FALSE,753.212489
53,18,FRL,DE8,FR,DE,Western,Western,FALSE,TRUE,0.16,0.010759,0.020288,FALSE,FALSE,1182.415752
53,19,FRL,DE9,FR,DE,Western,Western,FALSE,TRUE,0.16,0.012656,0.027367,FALSE,FALSE,964.501134
53,20,FRL,DEA,FR,DE,Western,Western,FALSE,TRUE,0.09,0.008814,0.02082,FALSE,FALSE,819.150229
53,21,FRL,DEB,FR,DE,Western,Western,FALSE,TRUE,0.12,0.007285,0.019056,FALSE,FALSE,654.210709
53,22,FRL,DEC,FR,DE,Western,Western,FALSE,TRUE,0.16,0.020651,0.032815,FALSE,FALSE,589.084689
53,23,FRL,DED,FR,DE,Western,Western,FALSE,TRUE,0.14,0.009162,0.02394,FALSE,FALSE,939.39258
53,24,FRL,DEE,FR,DE,Western,Western,FALSE,TRUE,0.1,0.006355,0.018486,FALSE,FALSE,970.916224
53,25,FRL,DEF,FR,DE,Western,Western,FALSE,TRUE,0.11,0.008507,0.022532,FALSE,FALSE,1147.064578
53,26,FRL,DEG,FR,DE,Western,Western,FALSE,TRUE,0.15,0.009973,0.022363,FALSE,FALSE,850.412491
53,27,FRL,DK0,FR,DK,Western,Northern,FALSE,FALSE,0.14,0.016829,0.02232,FALSE,FALSE,1366.460849
53,28,FRL,EE0,FR,EE,Western,Baltics,FALSE,FALSE,0.05,0.001544,0.010451,FALSE,FALSE,2103.619524
53,29,FRL,EL3,FR,EL,Western,Southern,FALSE,FALSE,0.15,0.011273,0.058157,FALSE,FALSE,1619.738851
53,30,FRL,EL4,FR,EL,Western,Southern,FALSE,FALSE,0.1,0.006219,0.04648,FALSE,FALSE,1874.89745
53,31,FRL,EL5,FR,EL,Western,Southern,FALSE,FALSE,0.14,0.010507,0.059512,FALSE,FALSE,1359.10358
53,32,FRL,EL6,FR,EL,Western,Southern,FALSE,FALSE,0.15,0.01519,0.060513,FALSE,FALSE,1449.353429
53,33,FRL,ES1,FR,ES,Western,Southern,FALSE,FALSE,0.14,0.022364,0.032242,FALSE,FALSE,870.462348
53,34,FRL,ES2,FR,ES,Western,Southern,FALSE,FALSE,0.11,0.008508,0.028234,FALSE,FALSE,600.611171
53,35,FRL,ES3,FR,ES,Western,Southern,FALSE,FALSE,0.12,0.00953,0.021878,FALSE,FALSE,900.400532
53,36,FRL,ES4,FR,ES,Western,Southern,FALSE,FALSE,0.15,0.017495,0.031832,FALSE,FALSE,1049.294622
53,37,FRL,ES5,FR,ES,Western,Southern,FALSE,FALSE,0.17,0.015728,0.028399,FALSE,FALSE,559.329294
53,38,FRL,ES6,FR,ES,Western,Southern,FALSE,FALSE,0.08,0.004743,0.026545,FALSE,FALSE,1098.722783
53,39,FRL,ES7,FR,ES,Western,Southern,FALSE,FALSE,0.12,0.007346,0.01696,FALSE,FALSE,2637.280379
53,40,FRL,FI1,FR,FI,Western,Northern,FALSE,FALSE,0.19,0.015012,0.023988,FALSE,FALSE,2651.681874
53,41,FRL,FI2,FR,FI,Western,Northern,FALSE,FALSE,0.13,0.01088,0.015676,FALSE,FALSE,2016.63962
53,42,FRL,FR1,FR,FR,Western,Western,TRUE,TRUE,0.14,0.017815,0.025177,FALSE,FALSE,576.834556
53,43,FRL,FRB,FR,FR,Western,Western,TRUE,TRUE,0.1,0.010072,0.039788,FALSE,FALSE,525.873068
53,44,FRL,FRC,FR,FR,Western,Western,TRUE,TRUE,0.07,0.007216,0.02205,FALSE,TRUE,365.653323
53,45,FRL,FRD,FR,FR,Western,Western,TRUE,TRUE,0.14,0.011322,0.021716,FALSE,FALSE,714.66179
53,46,FRL,FRE,FR,FR,Western,Western,TRUE,TRUE,0.16,0.022532,0.031324,FALSE,FALSE,689.200022
53,47,FRL,FRF,FR,FR,Western,Western,TRUE,TRUE,0.11,0.006532,0.024473,FALSE,FALSE,519.537884
53,48,FRL,FRG,FR,FR,Western,Western,TRUE,TRUE,0.11,0.005391,0.02097,FALSE,FALSE,663.684869
53,49,FRL,FRH,FR,FR,Western,Western,TRUE,TRUE,0.13,0.009386,0.01863,FALSE,FALSE,813.875016
53,50,FRL,FRI,FR,FR,Western,Western,TRUE,TRUE,0.14,0.008951,0.021797,FALSE,TRUE,453.399215
53,51,FRL,FRJ,FR,FR,Western,Western,TRUE,TRUE,0.09,0.006171,0.022911,TRUE,TRUE,304.351511
53,52,FRL,FRK,FR,FR,Western,Western,TRUE,TRUE,0.19,0.039913,0.040885,TRUE,TRUE,185.629493
53,54,FRL,FRM,FR,FR,Western,Western,TRUE,TRUE,0.17,0.014729,0.022003,FALSE,TRUE,334.217478
53,55,FRL,HU1,FR,HU,Western,CEE,FALSE,FALSE,0.05,0.00197,0.031017,FALSE,FALSE,1097.598872
53,56,FRL,HU2,FR,HU,Western,CEE,FALSE,FALSE,0.11,0.008881,0.023967,FALSE,FALSE,954.856273
53,57,FRL,HU3,FR,HU,Western,CEE,FALSE,FALSE,0.08,0.005015,0.045473,FALSE,FALSE,1206.174159
53,58,FRL,IE0,FR,IE,Western,Western,FALSE,TRUE,0.04,0.001564,0.009232,FALSE,FALSE,1453.425799
53,59,FRL,ITC,FR,IT,Western,Southern,FALSE,FALSE,0.17,0.012282,0.020704,TRUE,TRUE,256.749807
53,60,FRL,ITF,FR,IT,Western,Southern,FALSE,FALSE,0.13,0.020925,0.029328,FALSE,FALSE,913.656763
53,61,FRL,ITG,FR,IT,Western,Southern,FALSE,FALSE,0.14,0.010371,0.020471,FALSE,FALSE,978.170096
53,62,FRL,ITH,FR,IT,Western,Southern,FALSE,FALSE,0.12,0.016217,0.02373,FALSE,TRUE,461.672817
53,63,FRL,ITI,FR,IT,Western,Southern,FALSE,FALSE,0.11,0.008054,0.015967,FALSE,FALSE,519.374645
53,64,FRL,LT0,FR,LT,Western,Baltics,FALSE,FALSE,0.07,0.00301,0.018371,FALSE,FALSE,1767.135442
53,65,FRL,LU0,FR,LU,Western,Western,FALSE,TRUE,0.22,0.018555,0.023257,FALSE,FALSE,634.22413100000006
53,66,FRL,LV0,FR,LV,Western,Baltics,FALSE,FALSE,0.08,0.003607,0.015136,FALSE,FALSE,1980.467276
53,67,FRL,MT0,FR,MT,Western,Southern,FALSE,FALSE,0.15,0.014545,0.022799,FALSE,FALSE,1134.209849
53,68,FRL,NL1,FR,NL,Western,Western,FALSE,TRUE,0.1,0.005961,0.013523,FALSE,FALSE,987.15588
53,69,FRL,NL2,FR,NL,Western,Western,FALSE,TRUE,0.18,0.015165,0.023523,FALSE,FALSE,909.642931
53,70,FRL,NL3,FR,NL,Western,Western,FALSE,TRUE,0.13,0.009336,0.019568,FALSE,FALSE,817.637514
53,71,FRL,NL4,FR,NL,Western,Western,FALSE,TRUE,0.15,0.012233,0.020452,FALSE,FALSE,800.940497
53,72,FRL,PL2,FR,PL,Western,CEE,FALSE,FALSE,0.07,0.004096,0.066489,FALSE,FALSE,1235.678911
53,73,FRL,PL4,FR,PL,Western,CEE,FALSE,FALSE,0.09,0.005369,0.068814,FALSE,FALSE,1217.680948
53,74,FRL,PL5,FR,PL,Western,CEE,FALSE,FALSE,0.06,0.00295,0.012391,FALSE,FALSE,1110.010721
53,75,FRL,PL6,FR,PL,Western,CEE,FALSE,FALSE,0.1,0.009674,0.049798,FALSE,FALSE,1420.521599
53,76,FRL,PL7,FR,PL,Western,CEE,FALSE,FALSE,0.1,0.006064,0.014087,FALSE,FALSE,1285.477006
53,77,FRL,PL8,FR,PL,Western,CEE,FALSE,FALSE,0.06,0.002554,0.038496,FALSE,FALSE,1502.664777
53,78,FRL,PL9,FR,PL,Western,CEE,FALSE,FALSE,0.08,0.005684,0.02432,FALSE,FALSE,1449.547562
53,79,FRL,PT1,FR,PT,Western,Southern,FALSE,FALSE,0.09,0.013882,0.025487,FALSE,FALSE,1302.503351
53,80,FRL,PT2,FR,PT,Western,Southern,FALSE,FALSE,0.17,0.01092,0.018309,FALSE,FALSE,2711.520427
53,81,FRL,PT3,FR,PT,Western,Southern,FALSE,FALSE,0.08,0.006172,0.011834,FALSE,FALSE,2338.055563
53,82,FRL,RO1,FR,RO,Western,CEE,FALSE,FALSE,0.09,0.004239,0.04772,FALSE,FALSE,1423.118145
53,83,FRL,RO2,FR,RO,Western,CEE,FALSE,FALSE,0.06,0.00316,0.020549,FALSE,FALSE,1680.869366
53,84,FRL,RO3,FR,RO,Western,CEE,FALSE,FALSE,0.03,0.00135,0.026287,FALSE,FALSE,1602.327709
53,85,FRL,RO4,FR,RO,Western,CEE,FALSE,FALSE,0.06,0.005052,0.030639,FALSE,FALSE,1327.540681
53,86,FRL,SE1,FR,SE,Western,Northern,FALSE,FALSE,0.21,0.018033,0.048237,FALSE,FALSE,1817.228174
53,87,FRL,SE2,FR,SE,Western,Northern,FALSE,FALSE,0.16,0.013,0.080346,FALSE,FALSE,1569.670275
53,88,FRL,SE3,FR,SE,Western,Northern,FALSE,FALSE,0.1,0.007972,0.052914,FALSE,FALSE,2298.127644
53,89,FRL,SI0,FR,SI,Western,CEE,FALSE,FALSE,0.11,0.010784,0.020128,FALSE,FALSE,710.639908
53,90,FRL,SK0,FR,SK,Western,CEE,FALSE,FALSE,0.07,0.002869,0.009749,FALSE,FALSE,1104.085368
54,1,FRM,AT1,FR,AT,Western,Western,FALSE,TRUE,0.1,0.043803,0.047903,FALSE,FALSE,835.449194
54,2,FRM,AT2,FR,AT,Western,Western,FALSE,TRUE,0.04,0.012381,0.040556,FALSE,FALSE,726.240663
54,3,FRM,AT3,FR,AT,Western,Western,FALSE,TRUE,0.05,0.01,0.024172,FALSE,FALSE,708.892719
54,4,FRM,BE1,FR,BE,Western,Western,FALSE,TRUE,0.01,0.0025,0.013981,FALSE,FALSE,1036.883131
54,5,FRM,BE2,FR,BE,Western,Western,FALSE,TRUE,0.02,0.007,0.025957,FALSE,FALSE,1061.34769
54,6,FRM,BE3,FR,BE,Western,Western,FALSE,TRUE,0.02,0.003,0.018772,FALSE,FALSE,945.160816
54,7,FRM,BG3,FR,BG,Western,CEE,FALSE,FALSE,0.1,0.016833,0.020603,FALSE,FALSE,1326.547514
54,8,FRM,BG4,FR,BG,Western,CEE,FALSE,FALSE,0.01,8.33e-4,0.010846,FALSE,FALSE,1268.48404
54,9,FRM,CY0,FR,CY,Western,Southern,FALSE,FALSE,0.03,0.006833,0.015286,FALSE,FALSE,2241.408853
54,10,FRM,CZ0,FR,CZ,Western,CEE,FALSE,FALSE,0.01,7.14e-4,0.014939,FALSE,FALSE,992.15713
54,11,FRM,DE1,FR,DE,Western,Western,FALSE,TRUE,0.03,0.008667,0.023033,FALSE,FALSE,728.728383
54,12,FRM,DE2,FR,DE,Western,Western,FALSE,TRUE,0.05,0.007969,0.025896,FALSE,FALSE,788.597096
54,13,FRM,DE3,FR,DE,Western,Western,FALSE,TRUE,0.06,0.01035,0.023124,FALSE,FALSE,1201.925916
54,14,FRM,DE4,FR,DE,Western,Western,FALSE,TRUE,0.03,0.003548,0.016767,FALSE,FALSE,1183.870149
54,15,FRM,DE5,FR,DE,Western,Western,FALSE,TRUE,0.01,5.88e-4,0.013401,FALSE,FALSE,1223.519356
54,16,FRM,DE6,FR,DE,Western,Western,FALSE,TRUE,0.02,0.0045,0.017046,FALSE,FALSE,1279.50114
54,17,FRM,DE7,FR,DE,Western,Western,FALSE,TRUE,0.06,0.00835,0.016712,FALSE,FALSE,940.526895
54,18,FRM,DE8,FR,DE,Western,Western,FALSE,TRUE,0.04,0.0075,0.018587,FALSE,FALSE,1333.512792
54,19,FRM,DE9,FR,DE,Western,Western,FALSE,TRUE,0.03,0.006048,0.02097,FALSE,FALSE,1165.568698
54,20,FRM,DEA,FR,DE,Western,Western,FALSE,TRUE,0.03,0.006,0.022475,FALSE,FALSE,1040.39488
54,21,FRM,DEB,FR,DE,Western,Western,FALSE,TRUE,0.05,0.009643,0.025717,FALSE,FALSE,881.145847
54,22,FRM,DEC,FR,DE,Western,Western,FALSE,TRUE,0,0,0.017667,FALSE,FALSE,824.178618
54,23,FRM,DED,FR,DE,Western,Western,FALSE,TRUE,0.03,0.006833,0.02949,FALSE,FALSE,1034.222383
54,24,FRM,DEE,FR,DE,Western,Western,FALSE,TRUE,0.03,0.004255,0.01898,FALSE,FALSE,1116.166644
54,25,FRM,DEF,FR,DE,Western,Western,FALSE,TRUE,0.04,0.004881,0.020137,FALSE,FALSE,1336.623923
54,26,FRM,DEG,FR,DE,Western,Western,FALSE,TRUE,0.03,0.005048,0.022098,FALSE,FALSE,991.292378
54,27,FRM,DK0,FR,DK,Western,Northern,FALSE,FALSE,0.05,0.017333,0.026354,FALSE,FALSE,1570.238423
54,28,FRM,EE0,FR,EE,Western,Baltics,FALSE,FALSE,0.01,8.33e-4,0.009554,FALSE,FALSE,2179.406732
54,29,FRM,EL3,FR,EL,Western,Southern,FALSE,FALSE,0.01,8.33e-4,0.041005,FALSE,FALSE,1318.513148
54,30,FRM,EL4,FR,EL,Western,Southern,FALSE,FALSE,0.03,0.004714,0.036941,FALSE,FALSE,1556.884583
54,31,FRM,EL5,FR,EL,Western,Southern,FALSE,FALSE,0.02,0.002588,0.044545,FALSE,FALSE,1083.399197
54,32,FRM,EL6,FR,EL,Western,Southern,FALSE,FALSE,0.01,0.002,0.04383,FALSE,FALSE,1154.491532
54,33,FRM,ES1,FR,ES,Western,Southern,FALSE,FALSE,0.11,0.041333,0.047663,FALSE,FALSE,1138.524536
54,34,FRM,ES2,FR,ES,Western,Southern,FALSE,FALSE,0.11,0.051143,0.054318,FALSE,FALSE,807.635573
54,35,FRM,ES3,FR,ES,Western,Southern,FALSE,FALSE,0.07,0.023167,0.03673,FALSE,FALSE,1094.223572
54,36,FRM,ES4,FR,ES,Western,Southern,FALSE,FALSE,0.06,0.023422,0.045138,FALSE,FALSE,1250.252971
54,37,FRM,ES5,FR,ES,Western,Southern,FALSE,FALSE,0.08,0.01485,0.038928,FALSE,TRUE,581.633837
54,38,FRM,ES6,FR,ES,Western,Southern,FALSE,FALSE,0.13,0.075,0.08513,FALSE,FALSE,1212.737309
54,39,FRM,ES7,FR,ES,Western,Southern,FALSE,FALSE,0.06,0.015833,0.03221,FALSE,FALSE,2751.542122
54,40,FRM,FI1,FR,FI,Western,Northern,FALSE,FALSE,0.03,0.010833,0.022745,FALSE,FALSE,2771.866162
54,41,FRM,FI2,FR,FI,Western,Northern,FALSE,FALSE,0.02,0.002714,0.01116,FALSE,FALSE,2144.98403
54,42,FRM,FR1,FR,FR,Western,Western,TRUE,TRUE,0.02,0.006,0.01487,FALSE,FALSE,894.281649
54,43,FRM,FRB,FR,FR,Western,Western,TRUE,TRUE,0.05,0.008636,0.027839,FALSE,FALSE,857.151403
54,44,FRM,FRC,FR,FR,Western,Western,TRUE,TRUE,0,0,0.021341,FALSE,FALSE,664.692958
54,45,FRM,FRD,FR,FR,Western,Western,TRUE,TRUE,0.05,0.019714,0.0288,FALSE,FALSE,1044.27894
54,46,FRM,FRE,FR,FR,Western,Western,TRUE,TRUE,0.04,0.008255,0.021864,FALSE,FALSE,991.773887
54,47,FRM,FRF,FR,FR,Western,Western,TRUE,TRUE,0.04,0.009381,0.031418,FALSE,FALSE,785.342876
54,48,FRM,FRG,FR,FR,Western,Western,TRUE,TRUE,0.1,0.029517,0.037024,FALSE,FALSE,997.231715
54,49,FRM,FRH,FR,FR,Western,Western,TRUE,TRUE,0.03,0.006588,0.02203,FALSE,FALSE,1147.514945
54,50,FRM,FRI,FR,FR,Western,Western,TRUE,TRUE,0.09,0.0435,0.051694,FALSE,FALSE,768.617925
54,51,FRM,FRJ,FR,FR,Western,Western,TRUE,TRUE,0.1,0.037714,0.044374,FALSE,TRUE,580.48228
54,52,FRM,FRK,FR,FR,Western,Western,TRUE,TRUE,0.19,0.103714,0.095196,FALSE,TRUE,515.884543
54,53,FRM,FRL,FR,FR,Western,Western,TRUE,TRUE,0,0,0.013197,FALSE,TRUE,334.217478
54,55,FRM,HU1,FR,HU,Western,CEE,FALSE,FALSE,0,0,0.02422,FALSE,FALSE,1005.883696
54,56,FRM,HU2,FR,HU,Western,CEE,FALSE,FALSE,0.01,0.001667,0.015223,FALSE,FALSE,860.362517
54,57,FRM,HU3,FR,HU,Western,CEE,FALSE,FALSE,0,0,0.031212,FALSE,FALSE,1093.908527
54,58,FRM,IE0,FR,IE,Western,Western,FALSE,TRUE,0.01,0.001,0.006498,FALSE,FALSE,1783.082701
54,59,FRM,ITC,FR,IT,Western,Southern,FALSE,FALSE,0.03,0.003714,0.015421,FALSE,TRUE,344.942986
54,60,FRM,ITF,FR,IT,Western,Southern,FALSE,FALSE,0.11,0.045095,0.047587,FALSE,FALSE,603.615186
54,61,FRM,ITG,FR,IT,Western,Southern,FALSE,FALSE,0.05,0.007548,0.022622,FALSE,FALSE,645.046912
54,62,FRM,ITH,FR,IT,Western,Southern,FALSE,FALSE,0.04,0.007167,0.019038,FALSE,TRUE,421.854233
54,63,FRM,ITI,FR,IT,Western,Southern,FALSE,FALSE,0.1,0.039833,0.04322,TRUE,TRUE,272.507007
54,64,FRM,LT0,FR,LT,Western,Baltics,FALSE,FALSE,0.02,0.002833,0.019434,FALSE,FALSE,1808.355326
54,65,FRM,LU0,FR,LU,Western,Western,FALSE,TRUE,0.01,0.003333,0.016284,FALSE,FALSE,887.681043
54,66,FRM,LV0,FR,LV,Western,Baltics,FALSE,FALSE,0,0,0.012904,FALSE,FALSE,2026.285171
54,67,FRM,MT0,FR,MT,Western,Southern,FALSE,FALSE,0.03,0.002969,0.013345,FALSE,FALSE,804.503647
54,68,FRM,NL1,FR,NL,Western,Western,FALSE,TRUE,0.05,0.007476,0.014877,FALSE,FALSE,1229.008513
54,69,FRM,NL2,FR,NL,Western,Western,FALSE,TRUE,0.06,0.032833,0.039241,FALSE,FALSE,1153.005313
54,70,FRM,NL3,FR,NL,Western,Western,FALSE,TRUE,0.04,0.004381,0.023749,FALSE,FALSE,1099.576444
54,71,FRM,NL4,FR,NL,Western,Western,FALSE,TRUE,0.05,0.025667,0.03279,FALSE,FALSE,1055.615707
54,72,FRM,PL2,FR,PL,Western,CEE,FALSE,FALSE,0.01,8.33e-4,0.044928,FALSE,FALSE,1214.072957
54,73,FRM,PL4,FR,PL,Western,CEE,FALSE,FALSE,0,0,0.045725,FALSE,FALSE,1306.259406
54,74,FRM,PL5,FR,PL,Western,CEE,FALSE,FALSE,0,0,0.010402,FALSE,FALSE,1145.404621
54,75,FRM,PL6,FR,PL,Western,CEE,FALSE,FALSE,0,0,0.032286,FALSE,FALSE,1478.468907
54,76,FRM,PL7,FR,PL,Western,CEE,FALSE,FALSE,0,0,0.009366,FALSE,FALSE,1295.979348
54,77,FRM,PL8,FR,PL,Western,CEE,FALSE,FALSE,0,0,0.027047,FALSE,FALSE,1487.963177
54,78,FRM,PL9,FR,PL,Western,CEE,FALSE,FALSE,0,0,0.014589,FALSE,FALSE,1462.637981
54,79,FRM,PT1,FR,PT,Western,Southern,FALSE,FALSE,0.05,0.013167,0.021939,FALSE,FALSE,1504.698196
54,80,FRM,PT2,FR,PT,Western,Southern,FALSE,FALSE,0.02,0.004167,0.014894,FALSE,FALSE,2963.631122
54,81,FRM,PT3,FR,PT,Western,Southern,FALSE,FALSE,0.02,0.0045,0.013986,FALSE,FALSE,2501.683226
54,82,FRM,RO1,FR,RO,Western,CEE,FALSE,FALSE,0,0,0.037975,FALSE,FALSE,1284.960697
54,83,FRM,RO2,FR,RO,Western,CEE,FALSE,FALSE,0.01,5.88e-4,0.015288,FALSE,FALSE,1518.927582
54,84,FRM,RO3,FR,RO,Western,CEE,FALSE,FALSE,0.01,5.88e-4,0.022374,FALSE,FALSE,1408.516374
54,85,FRM,RO4,FR,RO,Western,CEE,FALSE,FALSE,0.01,7.14e-4,0.021905,FALSE,FALSE,1153.656598
54,86,FRM,SE1,FR,SE,Western,Northern,FALSE,FALSE,0,0,0.022889,FALSE,FALSE,1964.473326
54,87,FRM,SE2,FR,SE,Western,Northern,FALSE,FALSE,0,0,0.041331,FALSE,FALSE,1723.09974
54,88,FRM,SE3,FR,SE,Western,Northern,FALSE,FALSE,0.01,0.001667,0.029387,FALSE,FALSE,2469.957667
54,89,FRM,SI0,FR,SI,Western,CEE,FALSE,FALSE,0.09,0.01985,0.026035,FALSE,FALSE,630.894336
54,90,FRM,SK0,FR,SK,Western,CEE,FALSE,FALSE,0.01,7.14e-4,0.008297,FALSE,FALSE,1053.937096
55,1,HU1,AT1,HU,AT,CEE,Western,FALSE,FALSE,0,0,1.79e-4,FALSE,TRUE,263.664739
55,2,HU1,AT2,HU,AT,CEE,Western,FALSE,FALSE,0,0,2.57e-4,FALSE,TRUE,328.973513
55,3,HU1,AT3,HU,AT,CEE,Western,FALSE,FALSE,0,0,5.25e-4,FALSE,FALSE,448.33992
55,4,HU1,BE1,HU,BE,CEE,Western,FALSE,FALSE,0,0,4.67e-4,FALSE,FALSE,1150.902974
55,5,HU1,BE2,HU,BE,CEE,Western,FALSE,FALSE,0,0,0.001913,FALSE,FALSE,1168.131904
55,6,HU1,BE3,HU,BE,CEE,Western,FALSE,FALSE,0,0,8.53e-4,FALSE,FALSE,1078.246299
55,7,HU1,BG3,HU,BG,CEE,CEE,FALSE,TRUE,0,0,0.001046,FALSE,FALSE,644.130496
55,8,HU1,BG4,HU,BG,CEE,CEE,FALSE,TRUE,0,0,5.77e-4,FALSE,FALSE,717.63208
55,9,HU1,CY0,HU,CY,CEE,Southern,FALSE,FALSE,0,0,5.28e-4,FALSE,FALSE,1780.31065
55,10,HU1,CZ0,HU,CZ,CEE,CEE,FALSE,TRUE,0.05,0.023333,0.031312,FALSE,FALSE,369.316678
55,11,HU1,DE1,HU,DE,CEE,Western,FALSE,FALSE,0,0,9.59e-4,FALSE,FALSE,774.063314
55,12,HU1,DE2,HU,DE,CEE,Western,FALSE,FALSE,0,0,5.58e-4,FALSE,FALSE,560.969094
55,13,HU1,DE3,HU,DE,CEE,Western,FALSE,FALSE,0,0,1.99e-4,FALSE,FALSE,704.559224
55,14,HU1,DE4,HU,DE,CEE,Western,FALSE,FALSE,0,0,7.51e-4,FALSE,FALSE,733.080222
55,15,HU1,DE5,HU,DE,CEE,Western,FALSE,FALSE,0.02,0.006667,0.00637,FALSE,FALSE,975.61558
55,16,HU1,DE6,HU,DE,CEE,Western,FALSE,FALSE,0,0,6.53e-4,FALSE,FALSE,948.287924
55,17,HU1,DE7,HU,DE,CEE,Western,FALSE,FALSE,0,0,3.03e-4,FALSE,FALSE,824.158413
55,18,HU1,DE8,HU,DE,CEE,Western,FALSE,FALSE,0,0,6.23e-4,FALSE,FALSE,864.826174
55,19,HU1,DE9,HU,DE,CEE,Western,FALSE,FALSE,0,0,9.68e-4,FALSE,FALSE,942.736666
55,20,HU1,DEA,HU,DE,CEE,Western,FALSE,FALSE,0,0,4.62e-4,FALSE,FALSE,956.746111
55,21,HU1,DEB,HU,DE,CEE,Western,FALSE,FALSE,0,0,0.002316,FALSE,FALSE,925.745847
55,22,HU1,DEC,HU,DE,CEE,Western,FALSE,FALSE,0,0,9.96e-4,FALSE,FALSE,936.961853
55,23,HU1,DED,HU,DE,CEE,Western,FALSE,FALSE,0,0,3.49e-4,FALSE,FALSE,572.419789
55,24,HU1,DEE,HU,DE,CEE,Western,FALSE,FALSE,0,0,0.001201,FALSE,FALSE,745.508184
55,25,HU1,DEF,HU,DE,CEE,Western,FALSE,FALSE,0,0,5.43e-4,FALSE,FALSE,993.070401
55,26,HU1,DEG,HU,DE,CEE,Western,FALSE,FALSE,0,0,4.9e-4,FALSE,FALSE,699.623869
55,27,HU1,DK0,HU,DK,CEE,Northern,FALSE,FALSE,0,0,6.85e-4,FALSE,FALSE,1194.357397
55,28,HU1,EE0,HU,EE,CEE,Baltics,FALSE,FALSE,0,0,2.72e-4,FALSE,FALSE,1329.535161
55,29,HU1,EL3,HU,EL,CEE,Southern,FALSE,FALSE,0,0,0.006716,FALSE,FALSE,1098.329461
55,30,HU1,EL4,HU,EL,CEE,Southern,FALSE,FALSE,0,0,0.002682,FALSE,FALSE,1424.949168
55,31,HU1,EL5,HU,EL,CEE,Southern,FALSE,FALSE,0,0,0.008674,FALSE,FALSE,784.697363
55,32,HU1,EL6,HU,EL,CEE,Southern,FALSE,FALSE,0.01,0.002,0.008142,FALSE,FALSE,944.56909
55,33,HU1,ES1,HU,ES,CEE,Southern,FALSE,FALSE,0.01,0.002,0.002276,FALSE,FALSE,1930.23869
55,34,HU1,ES2,HU,ES,CEE,Southern,FALSE,FALSE,0,0,4.87e-4,FALSE,FALSE,1697.954131
55,35,HU1,ES3,HU,ES,CEE,Southern,FALSE,FALSE,0,0,2.7e-4,FALSE,FALSE,1997.471992
55,36,HU1,ES4,HU,ES,CEE,Southern,FALSE,FALSE,0,0,4.38e-4,FALSE,FALSE,2144.474632
55,37,HU1,ES5,HU,ES,CEE,Southern,FALSE,FALSE,0,0,0.001439,FALSE,FALSE,1576.969132
55,38,HU1,ES6,HU,ES,CEE,Southern,FALSE,FALSE,0.01,0.002,0.002449,FALSE,FALSE,2183.057225
55,39,HU1,ES7,HU,ES,CEE,Southern,FALSE,FALSE,0,0,1.66e-4,FALSE,FALSE,3727.482599
55,40,HU1,FI1,HU,FI,CEE,Northern,FALSE,FALSE,0,0,3.75e-4,FALSE,FALSE,1982.166768
55,41,HU1,FI2,HU,FI,CEE,Northern,FALSE,FALSE,0,0,4.34e-4,FALSE,FALSE,1422.357763
55,42,HU1,FR1,HU,FR,CEE,Western,FALSE,FALSE,0,0,4.59e-4,FALSE,FALSE,1254.782272
55,43,HU1,FRB,HU,FR,CEE,Western,FALSE,FALSE,0,0,3.89e-4,FALSE,FALSE,1332.803205
55,44,HU1,FRC,HU,FR,CEE,Western,FALSE,FALSE,0,0,5.42e-4,FALSE,FALSE,1082.424604
55,45,HU1,FRD,HU,FR,CEE,Western,FALSE,FALSE,0.01,0.002,0.00184,FALSE,FALSE,1438.26291
55,46,HU1,FRE,HU,FR,CEE,Western,FALSE,FALSE,0,0,3.74e-4,FALSE,FALSE,1233.803861
55,47,HU1,FRF,HU,FR,CEE,Western,FALSE,FALSE,0,0,9.49e-4,FALSE,FALSE,1015.757425
55,48,HU1,FRG,HU,FR,CEE,Western,FALSE,FALSE,0,0,2.35e-4,FALSE,FALSE,1533.347206
55,49,HU1,FRH,HU,FR,CEE,Western,FALSE,FALSE,0,0,3.15e-4,FALSE,FALSE,1649.399477
55,50,HU1,FRI,HU,FR,CEE,Western,FALSE,FALSE,0,0,0.001121,FALSE,FALSE,1474.214478
55,51,HU1,FRJ,HU,FR,CEE,Western,FALSE,FALSE,0,0,4.42e-4,FALSE,FALSE,1392.509083
55,52,HU1,FRK,HU,FR,CEE,Western,FALSE,FALSE,0,0,5.08e-4,FALSE,FALSE,1143.776207
55,53,HU1,FRL,HU,FR,CEE,Western,FALSE,FALSE,0,0,6.12e-4,FALSE,FALSE,1097.598872
55,54,HU1,FRM,HU,FR,CEE,Western,FALSE,FALSE,0,0,4.8e-4,FALSE,FALSE,1005.883696
55,56,HU1,HU2,HU,HU,CEE,CEE,TRUE,TRUE,0.05,0.014,0.240752,TRUE,TRUE,146.365684
55,57,HU1,HU3,HU,HU,CEE,CEE,TRUE,TRUE,0.99,0.9135,1.229427,TRUE,TRUE,122.074103
55,58,HU1,IE0,HU,IE,CEE,Western,FALSE,FALSE,0,0,3.81e-4,FALSE,FALSE,2022.493501
55,59,HU1,ITC,HU,IT,CEE,Southern,FALSE,FALSE,0,0,3.35e-4,FALSE,FALSE,841.906433
55,60,HU1,ITF,HU,IT,CEE,Southern,FALSE,FALSE,0,0,2.51e-4,FALSE,FALSE,833.007451
55,61,HU1,ITG,HU,IT,CEE,Southern,FALSE,FALSE,0.01,0.0025,0.002705,FALSE,FALSE,1183.281105
55,62,HU1,ITH,HU,IT,CEE,Southern,FALSE,FALSE,0,0,3.57e-4,FALSE,FALSE,637.759416
55,63,HU1,ITI,HU,IT,CEE,Southern,FALSE,FALSE,0.01,0.002,0.00202,FALSE,FALSE,756.562057
55,64,HU1,LT0,HU,LT,CEE,Baltics,FALSE,FALSE,0,0,0.005807,FALSE,FALSE,921.260263
55,65,HU1,LU0,HU,LU,CEE,Western,FALSE,FALSE,0,0,4.21e-4,FALSE,FALSE,1007.097288
55,66,HU1,LV0,HU,LV,CEE,Baltics,FALSE,FALSE,0.01,0.0025,0.008808,FALSE,FALSE,1129.493971
55,67,HU1,MT0,HU,MT,CEE,Southern,FALSE,FALSE,0,0,5.8e-4,FALSE,FALSE,1333.977534
55,68,HU1,NL1,HU,NL,CEE,Western,FALSE,FALSE,0,0,6.2e-4,FALSE,FALSE,1117.103418
55,69,HU1,NL2,HU,NL,CEE,Western,FALSE,FALSE,0,0,9.92e-4,FALSE,FALSE,1082.27355
55,70,HU1,NL3,HU,NL,CEE,Western,FALSE,FALSE,0,0,6.53e-4,FALSE,FALSE,1202.377329
55,71,HU1,NL4,HU,NL,CEE,Western,FALSE,FALSE,0,0,3.36e-4,FALSE,FALSE,1075.999338
55,72,HU1,PL2,HU,PL,CEE,CEE,FALSE,TRUE,0.01,0.0025,0.072209,FALSE,TRUE,298.264619
55,73,HU1,PL4,HU,PL,CEE,CEE,FALSE,TRUE,0,0,0.061179,FALSE,FALSE,656.756374
55,74,HU1,PL5,HU,PL,CEE,CEE,FALSE,TRUE,0.02,0.005333,0.007412,FALSE,FALSE,422.730541
55,75,HU1,PL6,HU,PL,CEE,CEE,FALSE,TRUE,0.01,0.0025,0.021088,FALSE,FALSE,683.748818
55,76,HU1,PL7,HU,PL,CEE,CEE,FALSE,TRUE,0,0,0.005407,FALSE,FALSE,432.617101
55,77,HU1,PL8,HU,PL,CEE,CEE,FALSE,TRUE,0,0,0.010696,FALSE,FALSE,534.644665
55,78,HU1,PL9,HU,PL,CEE,CEE,FALSE,TRUE,0.01,0.002,0.007746,FALSE,FALSE,564.926506
55,79,HU1,PT1,HU,PT,CEE,Southern,FALSE,FALSE,0,0,5.47e-4,FALSE,FALSE,2395.601376
55,80,HU1,PT2,HU,PT,CEE,Southern,FALSE,FALSE,0,0,4e-4,FALSE,FALSE,3750.921597
55,81,HU1,PT3,HU,PT,CEE,Southern,FALSE,FALSE,0,0,2.61e-4,FALSE,FALSE,3435.471318
55,82,HU1,RO1,HU,RO,CEE,CEE,FALSE,TRUE,0.02,0.005333,0.034146,FALSE,TRUE,352.30981
55,83,HU1,RO2,HU,RO,CEE,CEE,FALSE,TRUE,0.04,0.009833,0.020426,FALSE,FALSE,625.713242
55,84,HU1,RO3,HU,RO,CEE,CEE,FALSE,TRUE,0,0,0.0158,FALSE,FALSE,624.537326
55,85,HU1,RO4,HU,RO,CEE,CEE,FALSE,TRUE,0,0,0.010163,FALSE,FALSE,360.50116
55,86,HU1,SE1,HU,SE,CEE,Northern,FALSE,FALSE,0,0,0.002473,FALSE,FALSE,1318.104047
55,87,HU1,SE2,HU,SE,CEE,Northern,FALSE,FALSE,0,0,0.003552,FALSE,FALSE,1139.860719
55,88,HU1,SE3,HU,SE,CEE,Northern,FALSE,FALSE,0,0,0.002465,FALSE,FALSE,1837.7749
55,89,HU1,SI0,HU,SI,CEE,CEE,FALSE,TRUE,0,0,7.37e-4,FALSE,FALSE,389.494588
55,90,HU1,SK0,HU,SK,CEE,CEE,FALSE,TRUE,0,0,0.002372,TRUE,TRUE,138.298035
56,1,HU2,AT1,HU,AT,CEE,Western,FALSE,FALSE,0,0,1.67e-4,TRUE,TRUE,173.622306
56,2,HU2,AT2,HU,AT,CEE,Western,FALSE,FALSE,0,0,1.63e-4,FALSE,TRUE,198.970824
56,3,HU2,AT3,HU,AT,CEE,Western,FALSE,FALSE,0,0,3.36e-4,FALSE,TRUE,334.012434
56,4,HU2,BE1,HU,BE,CEE,Western,FALSE,FALSE,0,0,6.03e-4,FALSE,FALSE,1065.529814
56,5,HU2,BE2,HU,BE,CEE,Western,FALSE,FALSE,0.01,0.0025,0.002658,FALSE,FALSE,1084.553879
56,6,HU2,BE3,HU,BE,CEE,Western,FALSE,FALSE,0,0,4.79e-4,FALSE,FALSE,986.549106
56,7,HU2,BG3,HU,BG,CEE,CEE,FALSE,TRUE,0,0,5.87e-4,FALSE,FALSE,708.959021
56,8,HU2,BG4,HU,BG,CEE,CEE,FALSE,TRUE,0,0,5.22e-4,FALSE,FALSE,754.409878
56,9,HU2,CY0,HU,CY,CEE,Southern,FALSE,FALSE,0,0,3.79e-4,FALSE,FALSE,1833.897382
56,10,HU2,CZ0,HU,CZ,CEE,CEE,FALSE,TRUE,0.02,0.0075,0.024079,FALSE,FALSE,351.620454
56,11,HU2,DE1,HU,DE,CEE,Western,FALSE,FALSE,0,0,5.46e-4,FALSE,FALSE,669.355569
56,12,HU2,DE2,HU,DE,CEE,Western,FALSE,FALSE,0,0,3.85e-4,FALSE,FALSE,470.492758
56,13,HU2,DE3,HU,DE,CEE,Western,FALSE,FALSE,0,0,1.34e-4,FALSE,FALSE,698.699722
56,14,HU2,DE4,HU,DE,CEE,Western,FALSE,FALSE,0,0,7.52e-4,FALSE,FALSE,718.518071
56,15,HU2,DE5,HU,DE,CEE,Western,FALSE,FALSE,0,0,0.003454,FALSE,FALSE,937.104936
56,16,HU2,DE6,HU,DE,CEE,Western,FALSE,FALSE,0,0,6.64e-4,FALSE,FALSE,923.990137
56,17,HU2,DE7,HU,DE,CEE,Western,FALSE,FALSE,0,0,1.84e-4,FALSE,FALSE,750.32096
56,18,HU2,DE8,HU,DE,CEE,Western,FALSE,FALSE,0,0,4.38e-4,FALSE,FALSE,864.243888
56,19,HU2,DE9,HU,DE,CEE,Western,FALSE,FALSE,0,0,5.36e-4,FALSE,FALSE,897.475743
56,20,HU2,DEA,HU,DE,CEE,Western,FALSE,FALSE,0,0,5.99e-4,FALSE,FALSE,888.543437
56,21,HU2,DEB,HU,DE,CEE,Western,FALSE,FALSE,0.01,0.003333,0.003266,FALSE,FALSE,835.754906
56,22,HU2,DEC,HU,DE,CEE,Western,FALSE,FALSE,0,0,9e-4,FALSE,FALSE,838.571718
56,23,HU2,DED,HU,DE,CEE,Western,FALSE,FALSE,0,0,2e-4,FALSE,FALSE,542.084145
56,24,HU2,DEE,HU,DE,CEE,Western,FALSE,FALSE,0,0,6.45e-4,FALSE,FALSE,713.773442
56,25,HU2,DEF,HU,DE,CEE,Western,FALSE,FALSE,0,0,3.11e-4,FALSE,FALSE,973.818481
56,26,HU2,DEG,HU,DE,CEE,Western,FALSE,FALSE,0,0,3.17e-4,FALSE,FALSE,645.691892
56,27,HU2,DK0,HU,DK,CEE,Northern,FALSE,FALSE,0,0,4.18e-4,FALSE,FALSE,1190.458842
56,28,HU2,EE0,HU,EE,CEE,Baltics,FALSE,FALSE,0,0,4.04e-4,FALSE,FALSE,1431.176735
56,29,HU2,EL3,HU,EL,CEE,Southern,FALSE,FALSE,0,0,0.004787,FALSE,FALSE,1090.612287
56,30,HU2,EL4,HU,EL,CEE,Southern,FALSE,FALSE,0,0,0.002381,FALSE,FALSE,1415.192735
56,31,HU2,EL5,HU,EL,CEE,Southern,FALSE,FALSE,0,0,0.006239,FALSE,FALSE,770.254536
56,32,HU2,EL6,HU,EL,CEE,Southern,FALSE,FALSE,0,0,0.005447,FALSE,FALSE,925.79456
56,33,HU2,ES1,HU,ES,CEE,Southern,FALSE,FALSE,0,0,0.001266,FALSE,FALSE,1795.269651
56,34,HU2,ES2,HU,ES,CEE,Southern,FALSE,FALSE,0,0,2.92e-4,FALSE,FALSE,1555.463378
56,35,HU2,ES3,HU,ES,CEE,Southern,FALSE,FALSE,0,0,1.68e-4,FALSE,FALSE,1855.20765
56,36,HU2,ES4,HU,ES,CEE,Southern,FALSE,FALSE,0,0,2.94e-4,FALSE,FALSE,2003.147608
56,37,HU2,ES5,HU,ES,CEE,Southern,FALSE,FALSE,0,0,8.4e-4,FALSE,FALSE,1430.614651
56,38,HU2,ES6,HU,ES,CEE,Southern,FALSE,FALSE,0,0,0.001374,FALSE,FALSE,2037.439428
56,39,HU2,ES7,HU,ES,CEE,Southern,FALSE,FALSE,0,0,1.28e-4,FALSE,FALSE,3582.038984
56,40,HU2,FI1,HU,FI,CEE,Northern,FALSE,FALSE,0,0,2.6e-4,FALSE,FALSE,2075.019466
56,41,HU2,FI2,HU,FI,CEE,Northern,FALSE,FALSE,0,0,2.47e-4,FALSE,FALSE,1495.562303
56,42,HU2,FR1,HU,FR,CEE,Western,FALSE,FALSE,0,0,3.4e-4,FALSE,FALSE,1145.199509
56,43,HU2,FRB,HU,FR,CEE,Western,FALSE,FALSE,0,0,3.32e-4,FALSE,FALSE,1214.732849
56,44,HU2,FRC,HU,FR,CEE,Western,FALSE,FALSE,0,0,4.12e-4,FALSE,FALSE,960.220859
56,45,HU2,FRD,HU,FR,CEE,Western,FALSE,FALSE,0,0,9.94e-4,FALSE,FALSE,1331.008191
56,46,HU2,FRE,HU,FR,CEE,Western,FALSE,FALSE,0,0,2.18e-4,FALSE,FALSE,1136.319529
56,47,HU2,FRF,HU,FR,CEE,Western,FALSE,FALSE,0,0,6.15e-4,FALSE,FALSE,908.559598
56,48,HU2,FRG,HU,FR,CEE,Western,FALSE,FALSE,0,0,1.42e-4,FALSE,FALSE,1414.606445
56,49,HU2,FRH,HU,FR,CEE,Western,FALSE,FALSE,0,0,2.55e-4,FALSE,FALSE,1536.01857
56,50,HU2,FRI,HU,FR,CEE,Western,FALSE,FALSE,0,0,7.44e-4,FALSE,FALSE,1341.025089
56,51,HU2,FRJ,HU,FR,CEE,Western,FALSE,FALSE,0,0,2.45e-4,FALSE,FALSE,1251.992454
56,52,HU2,FRK,HU,FR,CEE,Western,FALSE,FALSE,0,0,2.87e-4,FALSE,FALSE,1008.605946
56,53,HU2,FRL,HU,FR,CEE,Western,FALSE,FALSE,0,0,3.46e-4,FALSE,FALSE,954.856273
56,54,HU2,FRM,HU,FR,CEE,Western,FALSE,FALSE,0,0,2.68e-4,FALSE,FALSE,860.362517
56,55,HU2,HU1,HU,HU,CEE,CEE,TRUE,TRUE,0.05,0.015833,0.679734,TRUE,TRUE,146.365684
56,57,HU2,HU3,HU,HU,CEE,CEE,TRUE,TRUE,0.99,0.950833,1.262546,TRUE,TRUE,251.970261
56,58,HU2,IE0,HU,IE,CEE,Western,FALSE,FALSE,0,0,5.17e-4,FALSE,FALSE,1944.665402
56,59,HU2,ITC,HU,IT,CEE,Southern,FALSE,FALSE,0,0,4.02e-4,FALSE,FALSE,700.268056
56,60,HU2,ITF,HU,IT,CEE,Southern,FALSE,FALSE,0,0,1.86e-4,FALSE,FALSE,731.852568
56,61,HU2,ITG,HU,IT,CEE,Southern,FALSE,FALSE,0,0,0.001521,FALSE,FALSE,1072.995327
56,62,HU2,ITH,HU,IT,CEE,Southern,FALSE,FALSE,0,0,2.59e-4,FALSE,FALSE,493.771351
56,63,HU2,ITI,HU,IT,CEE,Southern,FALSE,FALSE,0,0,0.001133,FALSE,FALSE,614.77519
56,64,HU2,LT0,HU,LT,CEE,Baltics,FALSE,FALSE,0,0,0.003411,FALSE,FALSE,1028.044978
56,65,HU2,LU0,HU,LU,CEE,Western,FALSE,FALSE,0,0,2.41e-4,FALSE,FALSE,912.828335
56,66,HU2,LV0,HU,LV,CEE,Baltics,FALSE,FALSE,0,0,0.004946,FALSE,FALSE,1241.281282
56,67,HU2,MT0,HU,MT,CEE,Southern,FALSE,FALSE,0,0,4.29e-4,FALSE,FALSE,1230.354644
56,68,HU2,NL1,HU,NL,CEE,Western,FALSE,FALSE,0,0,3.5e-4,FALSE,FALSE,1063.142552
56,69,HU2,NL2,HU,NL,CEE,Western,FALSE,FALSE,0,0,6.15e-4,FALSE,FALSE,1019.91106
56,70,HU2,NL3,HU,NL,CEE,Western,FALSE,FALSE,0,0,4.65e-4,FALSE,FALSE,1120.920623
56,71,HU2,NL4,HU,NL,CEE,Western,FALSE,FALSE,0,0,2.49e-4,FALSE,FALSE,999.561619
56,72,HU2,PL2,HU,PL,CEE,CEE,FALSE,TRUE,0.02,0.005,0.070088,FALSE,FALSE,397.039168
56,73,HU2,PL4,HU,PL,CEE,CEE,FALSE,TRUE,0,0,0.058539,FALSE,FALSE,687.145429
56,74,HU2,PL5,HU,PL,CEE,CEE,FALSE,TRUE,0,0,0.005034,FALSE,FALSE,453.385831
56,75,HU2,PL6,HU,PL,CEE,CEE,FALSE,TRUE,0,0,0.017681,FALSE,FALSE,757.761632
56,76,HU2,PL7,HU,PL,CEE,CEE,FALSE,TRUE,0.01,0.0025,0.005792,FALSE,FALSE,517.391533
56,77,HU2,PL8,HU,PL,CEE,CEE,FALSE,TRUE,0,0,0.009102,FALSE,FALSE,657.133646
56,78,HU2,PL9,HU,PL,CEE,CEE,FALSE,TRUE,0,0,0.005924,FALSE,FALSE,667.890857
56,79,HU2,PT1,HU,PT,CEE,Southern,FALSE,FALSE,0,0,3.07e-4,FALSE,FALSE,2255.061908
56,80,HU2,PT2,HU,PT,CEE,Southern,FALSE,FALSE,0,0,2.58e-4,FALSE,FALSE,3622.005618
56,81,HU2,PT3,HU,PT,CEE,Southern,FALSE,FALSE,0,0,2.33e-4,FALSE,FALSE,3292.881422
56,82,HU2,RO1,HU,RO,CEE,CEE,FALSE,TRUE,0,0,0.02801,FALSE,FALSE,476.621292
56,83,HU2,RO2,HU,RO,CEE,CEE,FALSE,TRUE,0.02,0.005833,0.017317,FALSE,FALSE,745.957913
56,84,HU2,RO3,HU,RO,CEE,CEE,FALSE,TRUE,0.01,0.003333,0.014023,FALSE,FALSE,715.416875
56,85,HU2,RO4,HU,RO,CEE,CEE,FALSE,TRUE,0,0,0.010758,FALSE,FALSE,434.602471
56,86,HU2,SE1,HU,SE,CEE,Northern,FALSE,FALSE,0.01,0.003333,0.004498,FALSE,FALSE,1372.869646
56,87,HU2,SE2,HU,SE,CEE,Northern,FALSE,FALSE,0,0,0.004827,FALSE,FALSE,1176.549011
56,88,HU2,SE3,HU,SE,CEE,Northern,FALSE,FALSE,0,0,0.00231,FALSE,FALSE,1897.192912
56,89,HU2,SI0,HU,SI,CEE,CEE,FALSE,TRUE,0,0,4.38e-4,TRUE,TRUE,244.69808
56,90,HU2,SK0,HU,SK,CEE,CEE,FALSE,TRUE,0,0,0.001242,TRUE,TRUE,219.691787
57,1,HU3,AT1,HU,AT,CEE,Western,FALSE,FALSE,0,0,1.63e-4,FALSE,TRUE,385.659813
57,2,HU3,AT2,HU,AT,CEE,Western,FALSE,FALSE,0,0,2e-4,FALSE,FALSE,445.765117
57,3,HU3,AT3,HU,AT,CEE,Western,FALSE,FALSE,0,0,4.09e-4,FALSE,FALSE,569.440059
57,4,HU3,BE1,HU,BE,CEE,Western,FALSE,FALSE,0,0,5.09e-4,FALSE,FALSE,1271.028645
57,5,HU3,BE2,HU,BE,CEE,Western,FALSE,FALSE,0,0,0.002149,FALSE,FALSE,1287.925848
57,6,HU3,BE3,HU,BE,CEE,Western,FALSE,FALSE,0,0,6.33e-4,FALSE,FALSE,1199.360296
57,7,HU3,BG3,HU,BG,CEE,CEE,FALSE,TRUE,0,0,7.72e-4,FALSE,FALSE,540.479547
57,8,HU3,BG4,HU,BG,CEE,CEE,FALSE,TRUE,0,0,5.22e-4,FALSE,FALSE,629.844959
57,9,HU3,CY0,HU,CY,CEE,Southern,FALSE,FALSE,0,0,4.28e-4,FALSE,FALSE,1675.904737
57,10,HU3,CZ0,HU,CZ,CEE,CEE,FALSE,TRUE,0.01,0.005,0.027501,FALSE,FALSE,478.067157
57,11,HU3,DE1,HU,DE,CEE,Western,FALSE,FALSE,0,0,7.15e-4,FALSE,FALSE,896.137174
57,12,HU3,DE2,HU,DE,CEE,Western,FALSE,FALSE,0,0,4.48e-4,FALSE,FALSE,682.638347
57,13,HU3,DE3,HU,DE,CEE,Western,FALSE,FALSE,0,0,1.58e-4,FALSE,FALSE,800.441789
57,14,HU3,DE4,HU,DE,CEE,Western,FALSE,FALSE,0,0,7.15e-4,FALSE,FALSE,832.630458
57,15,HU3,DE5,HU,DE,CEE,Western,FALSE,FALSE,0,0,0.004676,FALSE,FALSE,1083.026467
57,16,HU3,DE6,HU,DE,CEE,Western,FALSE,FALSE,0,0,6.26e-4,FALSE,FALSE,1050.033551
57,17,HU3,DE7,HU,DE,CEE,Western,FALSE,FALSE,0,0,2.31e-4,FALSE,FALSE,942.754966
57,18,HU3,DE8,HU,DE,CEE,Western,FALSE,FALSE,0,0,5.04e-4,FALSE,FALSE,955.875449
57,19,HU3,DE9,HU,DE,CEE,Western,FALSE,FALSE,0,0,7.15e-4,FALSE,FALSE,1052.809545
57,20,HU3,DEA,HU,DE,CEE,Western,FALSE,FALSE,0,0,5.03e-4,FALSE,FALSE,1073.653167
57,21,HU3,DEB,HU,DE,CEE,Western,FALSE,FALSE,0,0,0.002656,FALSE,FALSE,1046.803206
57,22,HU3,DEC,HU,DE,CEE,Western,FALSE,FALSE,0,0,9.01e-4,FALSE,FALSE,1058.794491
57,23,HU3,DED,HU,DE,CEE,Western,FALSE,FALSE,0,0,2.6e-4,FALSE,FALSE,680.671619
57,24,HU3,DEE,HU,DE,CEE,Western,FALSE,FALSE,0,0,8.76e-4,FALSE,FALSE,852.085282
57,25,HU3,DEF,HU,DE,CEE,Western,FALSE,FALSE,0,0,4.05e-4,FALSE,FALSE,1092.201128
57,26,HU3,DEG,HU,DE,CEE,Western,FALSE,FALSE,0,0,3.84e-4,FALSE,FALSE,813.982079
57,27,HU3,DK0,HU,DK,CEE,Northern,FALSE,FALSE,0,0,5.24e-4,FALSE,FALSE,1284.367863
57,28,HU3,EE0,HU,EE,CEE,Baltics,FALSE,FALSE,0,0,3.22e-4,FALSE,FALSE,1332.51159
57,29,HU3,EL3,HU,EL,CEE,Southern,FALSE,FALSE,0,0,0.006506,FALSE,FALSE,1035.630658
57,30,HU3,EL4,HU,EL,CEE,Southern,FALSE,FALSE,0,0,0.0031580000000000002,FALSE,FALSE,1360.90427
57,31,HU3,EL5,HU,EL,CEE,Southern,FALSE,FALSE,0.01,0.0025,0.008527,FALSE,FALSE,732.314896
57,32,HU3,EL6,HU,EL,CEE,Southern,FALSE,FALSE,0,0,0.007371,FALSE,FALSE,892.346874
57,33,HU3,ES1,HU,ES,CEE,Southern,FALSE,FALSE,0,0,0.001685,FALSE,FALSE,2046.295407
57,34,HU3,ES2,HU,ES,CEE,Southern,FALSE,FALSE,0,0,3.7e-4,FALSE,FALSE,1806.755548
57,35,HU3,ES3,HU,ES,CEE,Southern,FALSE,FALSE,0,0,2.08e-4,FALSE,FALSE,2106.573304
57,36,HU3,ES4,HU,ES,CEE,Southern,FALSE,FALSE,0,0,3.48e-4,FALSE,FALSE,2254.862868
57,37,HU3,ES5,HU,ES,CEE,Southern,FALSE,FALSE,0,0,0.00108,FALSE,FALSE,1670.758858
57,38,HU3,ES6,HU,ES,CEE,Southern,FALSE,FALSE,0,0,0.001818,FALSE,FALSE,2284.215444
57,39,HU3,ES7,HU,ES,CEE,Southern,FALSE,FALSE,0,0,1.39e-4,FALSE,FALSE,3829.045155
57,40,HU3,FI1,HU,FI,CEE,Northern,FALSE,FALSE,0,0,3.01e-4,FALSE,FALSE,1991.789942
57,41,HU3,FI2,HU,FI,CEE,Northern,FALSE,FALSE,0,0,3.23e-4,FALSE,FALSE,1454.758564
57,42,HU3,FR1,HU,FR,CEE,Western,FALSE,FALSE,0,0,3.79e-4,FALSE,FALSE,1376.829221
57,43,HU3,FRB,HU,FR,CEE,Western,FALSE,FALSE,0,0,3.42e-4,FALSE,FALSE,1454.223495
57,44,HU3,FRC,HU,FR,CEE,Western,FALSE,FALSE,0,0,4.53e-4,FALSE,FALSE,1203.047733
57,45,HU3,FRD,HU,FR,CEE,Western,FALSE,FALSE,0,0,0.00134,FALSE,FALSE,1560.335094
57,46,HU3,FRE,HU,FR,CEE,Western,FALSE,FALSE,0,0,2.81e-4,FALSE,FALSE,1355.433275
57,47,HU3,FRF,HU,FR,CEE,Western,FALSE,FALSE,0,0,7.4e-4,FALSE,FALSE,1137.827373
57,48,HU3,FRG,HU,FR,CEE,Western,FALSE,FALSE,0,0,1.79e-4,FALSE,FALSE,1654.722432
57,49,HU3,FRH,HU,FR,CEE,Western,FALSE,FALSE,0,0,2.7e-4,FALSE,FALSE,1771.32485
57,50,HU3,FRI,HU,FR,CEE,Western,FALSE,FALSE,0,0,8.86e-4,FALSE,FALSE,1591.220121
57,51,HU3,FRJ,HU,FR,CEE,Western,FALSE,FALSE,0,0,3.27e-4,FALSE,FALSE,1503.917998
57,52,HU3,FRK,HU,FR,CEE,Western,FALSE,FALSE,0,0,3.78e-4,FALSE,FALSE,1259.560751
57,53,HU3,FRL,HU,FR,CEE,Western,FALSE,FALSE,0,0,4.55e-4,FALSE,FALSE,1206.174159
57,54,HU3,FRM,HU,FR,CEE,Western,FALSE,FALSE,0,0,3.55e-4,FALSE,FALSE,1093.908527
57,55,HU3,HU1,HU,HU,CEE,CEE,TRUE,TRUE,0.76,0.695833,0.940692,TRUE,TRUE,122.074103
57,56,HU3,HU2,HU,HU,CEE,CEE,TRUE,TRUE,0.3,0.250833,0.328566,TRUE,TRUE,251.970261
57,58,HU3,IE0,HU,IE,CEE,Western,FALSE,FALSE,0,0,4.27e-4,FALSE,FALSE,2140.332516
57,59,HU3,ITC,HU,IT,CEE,Southern,FALSE,FALSE,0,0,3.48e-4,FALSE,FALSE,952.088231
57,60,HU3,ITF,HU,IT,CEE,Southern,FALSE,FALSE,0,0,2.07e-4,FALSE,FALSE,856.40428
57,61,HU3,ITG,HU,IT,CEE,Southern,FALSE,FALSE,0,0,0.00201,FALSE,FALSE,1212.018026
57,62,HU3,ITH,HU,IT,CEE,Southern,FALSE,FALSE,0,0,2.92e-4,FALSE,FALSE,744.642032
57,63,HU3,ITI,HU,IT,CEE,Southern,FALSE,FALSE,0,0,0.00149,FALSE,FALSE,835.046896
57,64,HU3,LT0,HU,LT,CEE,Baltics,FALSE,FALSE,0,0,0.004391,FALSE,FALSE,922.321105
57,65,HU3,LU0,HU,LU,CEE,Western,FALSE,FALSE,0,0,3.14e-4,FALSE,FALSE,1128.551299
57,66,HU3,LV0,HU,LV,CEE,Baltics,FALSE,FALSE,0,0,0.00659,FALSE,FALSE,1121.324799
57,67,HU3,MT0,HU,MT,CEE,Southern,FALSE,FALSE,0,0,4.79e-4,FALSE,FALSE,1353.896582
57,68,HU3,NL1,HU,NL,CEE,Western,FALSE,FALSE,0,0,4.59e-4,FALSE,FALSE,1229.381445
57,69,HU3,NL2,HU,NL,CEE,Western,FALSE,FALSE,0,0,7.6e-4,FALSE,FALSE,1197.245086
57,70,HU3,NL3,HU,NL,CEE,Western,FALSE,FALSE,0,0,5.3e-4,FALSE,FALSE,1321.732155
57,71,HU3,NL4,HU,NL,CEE,Western,FALSE,FALSE,0,0,2.77e-4,FALSE,FALSE,1194.52376
57,72,HU3,PL2,HU,PL,CEE,CEE,FALSE,TRUE,0.06,0.03,0.089376,FALSE,TRUE,337.179653
57,73,HU3,PL4,HU,PL,CEE,CEE,FALSE,TRUE,0.02,0.008333,0.075069,FALSE,FALSE,733.19288100000006
57,74,HU3,PL5,HU,PL,CEE,CEE,FALSE,TRUE,0,0,0.005816,FALSE,FALSE,507.10185
57,75,HU3,PL6,HU,PL,CEE,CEE,FALSE,TRUE,0.01,0.005,0.021635,FALSE,FALSE,725.593945
57,76,HU3,PL7,HU,PL,CEE,CEE,FALSE,TRUE,0,0,0.006023,FALSE,FALSE,474.630853
57,77,HU3,PL8,HU,PL,CEE,CEE,FALSE,TRUE,0,0,0.010597,FALSE,FALSE,522.620246
57,78,HU3,PL9,HU,PL,CEE,CEE,FALSE,TRUE,0,0,0.007658,FALSE,FALSE,579.788181
57,79,HU3,PT1,HU,PT,CEE,Southern,FALSE,FALSE,0,0,4.06e-4,FALSE,FALSE,2506.942031
57,80,HU3,PT2,HU,PT,CEE,Southern,FALSE,FALSE,0,0,3.13e-4,FALSE,FALSE,3870.059837
57,81,HU3,PT3,HU,PT,CEE,Southern,FALSE,FALSE,0,0,2.34e-4,FALSE,FALSE,3543.953355
57,82,HU3,RO1,HU,RO,CEE,CEE,FALSE,TRUE,0,0,0.030717,TRUE,TRUE,230.465416
57,83,HU3,RO2,HU,RO,CEE,CEE,FALSE,TRUE,0,0,0.018684,FALSE,FALSE,503.741554
57,84,HU3,RO3,HU,RO,CEE,CEE,FALSE,TRUE,0.01,0.0025,0.015476,FALSE,FALSE,508.441935
57,85,HU3,RO4,HU,RO,CEE,CEE,FALSE,TRUE,0,0,0.010272,TRUE,TRUE,260.067594
57,86,HU3,SE1,HU,SE,CEE,Northern,FALSE,FALSE,0,0,0.003272,FALSE,FALSE,1367.512832
57,87,HU3,SE2,HU,SE,CEE,Northern,FALSE,FALSE,0,0,0.003944,FALSE,FALSE,1204.73891
57,88,HU3,SE3,HU,SE,CEE,Northern,FALSE,FALSE,0,0,0.002256,FALSE,FALSE,1880.353964
57,89,HU3,SI0,HU,SI,CEE,CEE,FALSE,TRUE,0,0,5.59e-4,FALSE,FALSE,495.536887
57,90,HU3,SK0,HU,SK,CEE,CEE,FALSE,TRUE,0,0,0.001714,TRUE,TRUE,225.108187
58,1,IE0,AT1,IE,AT,Western,Western,FALSE,TRUE,0,0,0.007556,FALSE,FALSE,1773.72807
58,2,IE0,AT2,IE,AT,Western,Western,FALSE,TRUE,0,0,0.010944,FALSE,FALSE,1764.49956
58,3,IE0,AT3,IE,AT,Western,Western,FALSE,TRUE,0,0,0.009471,FALSE,FALSE,1622.198153
58,4,IE0,BE1,IE,BE,Western,Western,FALSE,TRUE,0,0,0.009283,FALSE,TRUE,880.920753
58,5,IE0,BE2,IE,BE,Western,Western,FALSE,TRUE,0,0,0.009148,FALSE,TRUE,860.833425
58,6,IE0,BE3,IE,BE,Western,Western,FALSE,TRUE,0,0,0.008818,FALSE,FALSE,966.437641
58,7,IE0,BG3,IE,BG,Western,CEE,FALSE,FALSE,0,0,0.011774,FALSE,FALSE,2653.466169
58,8,IE0,BG4,IE,BG,Western,CEE,FALSE,FALSE,0.95,0.465833,0.34397,FALSE,FALSE,2690.291229
58,9,IE0,CY0,IE,CY,Western,Southern,FALSE,FALSE,0,0,0.005636,FALSE,FALSE,3772.12263
58,10,IE0,CZ0,IE,CZ,Western,CEE,FALSE,FALSE,0,0,0.246822,FALSE,FALSE,1669.455737
58,11,IE0,DE1,IE,DE,Western,Western,FALSE,TRUE,0,0,0.008373,FALSE,FALSE,1294.393538
58,12,IE0,DE2,IE,DE,Western,Western,FALSE,TRUE,0,0,0.008987,FALSE,FALSE,1474.298735
58,13,IE0,DE3,IE,DE,Western,Western,FALSE,TRUE,0,0,0.009459,FALSE,FALSE,1420.356155
58,14,IE0,DE4,IE,DE,Western,Western,FALSE,TRUE,0,0,0.008344,FALSE,FALSE,1373.845486
58,15,IE0,DE5,IE,DE,Western,Western,FALSE,TRUE,0.01,0.0025,0.011339,FALSE,FALSE,1104.890822
58,16,IE0,DE6,IE,DE,Western,Western,FALSE,TRUE,0,0,0.008074,FALSE,FALSE,1176.454158
58,17,IE0,DE7,IE,DE,Western,Western,FALSE,TRUE,0,0,0.005986,FALSE,FALSE,1198.506981
58,18,IE0,DE8,IE,DE,Western,Western,FALSE,TRUE,0,0,0.006362,FALSE,FALSE,1331.649147
58,19,IE0,DE9,IE,DE,Western,Western,FALSE,TRUE,0,0,0.007613,FALSE,FALSE,1115.225384
58,20,IE0,DEA,IE,DE,Western,Western,FALSE,TRUE,0,0,0.011522,FALSE,FALSE,1067.048977
58,21,IE0,DEB,IE,DE,Western,Western,FALSE,TRUE,0,0,0.008161,FALSE,FALSE,1112.072812
58,22,IE0,DEC,IE,DE,Western,Western,FALSE,TRUE,0,0,0.009911,FALSE,FALSE,1121.513189
58,23,IE0,DED,IE,DE,Western,Western,FALSE,TRUE,0.04,0.018333,0.022319,FALSE,FALSE,1475.804663
58,24,IE0,DEE,IE,DE,Western,Western,FALSE,TRUE,0.03,0.015,0.018676,FALSE,FALSE,1320.92325
58,25,IE0,DEF,IE,DE,Western,Western,FALSE,TRUE,0,0,0.010815,FALSE,FALSE,1164.296129
58,26,IE0,DEG,IE,DE,Western,Western,FALSE,TRUE,0.04,0.011667,0.01695,FALSE,FALSE,1329.900478
58,27,IE0,DK0,IE,DK,Western,Northern,FALSE,FALSE,0.01,0.0025,0.014062,FALSE,FALSE,1133.862413
58,28,IE0,EE0,IE,EE,Western,Baltics,FALSE,FALSE,0,0,0.007546,FALSE,FALSE,2127.272598
58,29,IE0,EL3,IE,EL,Western,Southern,FALSE,FALSE,0,0,0.026791,FALSE,FALSE,2943.287742
58,30,IE0,EL4,IE,EL,Western,Southern,FALSE,FALSE,0,0,0.022998,FALSE,FALSE,3239.343716
58,31,IE0,EL5,IE,EL,Western,Southern,FALSE,FALSE,0,0,0.028843,FALSE,FALSE,2637.08269
58,32,IE0,EL6,IE,EL,Western,Southern,FALSE,FALSE,0,0,0.031049,FALSE,FALSE,2766.119082
58,33,IE0,ES1,IE,ES,Western,Southern,FALSE,FALSE,0,0,0.009153,FALSE,FALSE,1165.594335
58,34,IE0,ES2,IE,ES,Western,Southern,FALSE,FALSE,0,0,0.011373,FALSE,FALSE,1410.251147
58,35,IE0,ES3,IE,ES,Western,Southern,FALSE,FALSE,0,0,0.008213,FALSE,FALSE,1473.853999
58,36,IE0,ES4,IE,ES,Western,Southern,FALSE,FALSE,0,0,0.008645,FALSE,FALSE,1482.194621
58,37,IE0,ES5,IE,ES,Western,Southern,FALSE,FALSE,0,0,0.009545,FALSE,FALSE,1755.717758
58,38,IE0,ES6,IE,ES,Western,Southern,FALSE,FALSE,0,0,0.017103,FALSE,FALSE,1800.03783
58,39,IE0,ES7,IE,ES,Western,Southern,FALSE,FALSE,0,0,0.007237,FALSE,FALSE,2872.614319
58,40,IE0,FI1,IE,FI,Western,Northern,FALSE,FALSE,0,0,0.009072,FALSE,FALSE,2344.319847
58,41,IE0,FI2,IE,FI,Western,Northern,FALSE,FALSE,0.02,0.005833,0.01093,FALSE,FALSE,1832.512682
58,42,IE0,FR1,IE,FR,Western,Western,FALSE,TRUE,0,0,0.020618,FALSE,FALSE,898.456237
58,43,IE0,FRB,IE,FR,Western,Western,FALSE,TRUE,0,0,0.00996,FALSE,FALSE,927.62991
58,44,IE0,FRC,IE,FR,Western,Western,FALSE,TRUE,0,0,0.008145,FALSE,FALSE,1136.211419
58,45,IE0,FRD,IE,FR,Western,Western,FALSE,TRUE,0,0,0.006991,FALSE,TRUE,738.985997
58,46,IE0,FRE,IE,FR,Western,Western,FALSE,TRUE,0,0,0.007475,FALSE,TRUE,839.561571
58,47,IE0,FRF,IE,FR,Western,Western,FALSE,TRUE,0,0,0.008072,FALSE,FALSE,1083.652783
58,48,IE0,FRG,IE,FR,Western,Western,FALSE,TRUE,0,0,0.009427,FALSE,TRUE,830.08918
58,49,IE0,FRH,IE,FR,Western,Western,FALSE,TRUE,0,0,0.006484,TRUE,TRUE,696.02177
58,50,IE0,FRI,IE,FR,Western,Western,FALSE,TRUE,0,0,0.010971,FALSE,FALSE,1118.968469
58,51,IE0,FRJ,IE,FR,Western,Western,FALSE,TRUE,0,0,0.006536,FALSE,FALSE,1326.759515
58,52,IE0,FRK,IE,FR,Western,Western,FALSE,TRUE,0,0,0.008124,FALSE,FALSE,1268.387409
58,53,IE0,FRL,IE,FR,Western,Western,FALSE,TRUE,0,0,0.006899,FALSE,FALSE,1453.425799
58,54,IE0,FRM,IE,FR,Western,Western,FALSE,TRUE,0,0,0.006465,FALSE,FALSE,1783.082701
58,55,IE0,HU1,IE,HU,Western,CEE,FALSE,FALSE,0,0,0.064613,FALSE,FALSE,2022.493501
58,56,IE0,HU2,IE,HU,Western,CEE,FALSE,FALSE,0,0,0.043154,FALSE,FALSE,1944.665402
58,57,IE0,HU3,IE,HU,Western,CEE,FALSE,FALSE,0.04,0.014167,0.089204,FALSE,FALSE,2140.332516
58,59,IE0,ITC,IE,IT,Western,Southern,FALSE,FALSE,0.01,0.003333,0.012481,FALSE,FALSE,1516.970201
58,60,IE0,ITF,IE,IT,Western,Southern,FALSE,FALSE,0,0,0.008014,FALSE,FALSE,2299.959622
58,61,IE0,ITG,IE,IT,Western,Southern,FALSE,FALSE,0,0,0.007792,FALSE,FALSE,2427.550489
58,62,IE0,ITH,IE,IT,Western,Southern,FALSE,FALSE,0,0,0.006532,FALSE,FALSE,1654.824112
58,63,IE0,ITI,IE,IT,Western,Southern,FALSE,FALSE,0,0,0.007217,FALSE,FALSE,1888.771946
58,64,IE0,LT0,IE,LT,Western,Baltics,FALSE,FALSE,0,0,0.024439,FALSE,FALSE,2036.296906
58,65,IE0,LU0,IE,LU,Western,Western,FALSE,TRUE,0,0,0.006144,FALSE,FALSE,1042.343696
58,66,IE0,LV0,IE,LV,Western,Baltics,FALSE,FALSE,0,0,0.01703,FALSE,FALSE,2163.159703
58,67,IE0,MT0,IE,MT,Western,Southern,FALSE,FALSE,0.91,0.441667,0.32344,FALSE,FALSE,2586.988991
58,68,IE0,NL1,IE,NL,Western,Western,FALSE,TRUE,0,0,0.005683,FALSE,FALSE,933.840201
58,69,IE0,NL2,IE,NL,Western,Western,FALSE,TRUE,0.03,0.010833,0.016155,FALSE,FALSE,949.457271
58,70,IE0,NL3,IE,NL,Western,Western,FALSE,TRUE,0,0,0.009406,FALSE,TRUE,823.82524
58,71,IE0,NL4,IE,NL,Western,Western,FALSE,TRUE,0,0,0.006721,FALSE,FALSE,946.825469
58,72,IE0,PL2,IE,PL,Western,CEE,FALSE,FALSE,0,0,0.079476,FALSE,FALSE,1923.933597
58,73,IE0,PL4,IE,PL,Western,CEE,FALSE,FALSE,0,0,0.078772,FALSE,FALSE,1574.049633
58,74,IE0,PL5,IE,PL,Western,CEE,FALSE,FALSE,0,0,0.012637,FALSE,FALSE,1700.911004
58,75,IE0,PL6,IE,PL,Western,CEE,FALSE,FALSE,0,0,0.059465,FALSE,FALSE,1771.469852
58,76,IE0,PL7,IE,PL,Western,CEE,FALSE,FALSE,0,0,0.024036,FALSE,FALSE,1857.041687
58,77,IE0,PL8,IE,PL,Western,CEE,FALSE,FALSE,0,0,0.046926,FALSE,FALSE,2061.377954
58,78,IE0,PL9,IE,PL,Western,CEE,FALSE,FALSE,0,0,0.023504,FALSE,FALSE,1939.642826
58,79,IE0,PT1,IE,PT,Western,Southern,FALSE,FALSE,0,0,0.00824,FALSE,FALSE,1564.516783
58,80,IE0,PT2,IE,PT,Western,Southern,FALSE,FALSE,0,0,0.007963,FALSE,FALSE,2193.22954
58,81,IE0,PT3,IE,PT,Western,Southern,FALSE,FALSE,0,0,0.006832,FALSE,FALSE,2405.429307
58,82,IE0,RO1,IE,RO,Western,CEE,FALSE,FALSE,0,0,0.080454,FALSE,FALSE,2359.374252
58,83,IE0,RO2,IE,RO,Western,CEE,FALSE,FALSE,0,0,0.035661,FALSE,FALSE,2625.520078
58,84,IE0,RO3,IE,RO,Western,CEE,FALSE,FALSE,0,0,0.04717,FALSE,FALSE,2647.004276
58,85,IE0,RO4,IE,RO,Western,CEE,FALSE,FALSE,0.03,0.008333,0.058887,FALSE,FALSE,2375.038148
58,86,IE0,SE1,IE,SE,Western,Northern,FALSE,FALSE,0,0,0.017233,FALSE,FALSE,1617.191277
58,87,IE0,SE2,IE,SE,Western,Northern,FALSE,FALSE,0,0,0.028501,FALSE,FALSE,1456.894871
58,88,IE0,SE3,IE,SE,Western,Northern,FALSE,FALSE,0,0,0.021017,FALSE,FALSE,1813.054514
58,89,IE0,SI0,IE,SI,Western,CEE,FALSE,FALSE,0,0,0.008018,FALSE,FALSE,1793.922993
58,90,IE0,SK0,IE,SK,Western,CEE,FALSE,FALSE,0,0,0.00654,FALSE,FALSE,1926.97453
59,1,ITC,AT1,IT,AT,Southern,Western,FALSE,FALSE,0.11,0.008358,0.016039,FALSE,FALSE,612.464886
59,2,ITC,AT2,IT,AT,Southern,Western,FALSE,FALSE,0.12,0.011316,0.025022,FALSE,FALSE,517.479727
59,3,ITC,AT3,IT,AT,Southern,Western,FALSE,FALSE,0.15,0.011591,0.021715,FALSE,FALSE,443.070605
59,4,ITC,BE1,IT,BE,Southern,Western,FALSE,FALSE,0.1,0.00888,0.016806,FALSE,FALSE,711.719338
59,5,ITC,BE2,IT,BE,Southern,Western,FALSE,FALSE,0.13,0.010991,0.018417,FALSE,FALSE,736.430067
59,6,ITC,BE3,IT,BE,Southern,Western,FALSE,FALSE,0.15,0.017468,0.02478,FALSE,FALSE,617.198275
59,7,ITC,BG3,IT,BG,Southern,CEE,FALSE,FALSE,0.12,0.009125,0.014278,FALSE,FALSE,1314.616087
59,8,ITC,BG4,IT,BG,Southern,CEE,FALSE,FALSE,0.11,0.010272,0.018038,FALSE,FALSE,1296.648344
59,9,ITC,CY0,IT,CY,Southern,Southern,FALSE,TRUE,0.11,0.014732,0.021784,FALSE,FALSE,2343.689445
59,10,ITC,CZ0,IT,CZ,Southern,CEE,FALSE,FALSE,0.1,0.011062,0.027378,FALSE,FALSE,719.897929
59,11,ITC,DE1,IT,DE,Southern,Western,FALSE,FALSE,0.13,0.012528,0.025106,FALSE,TRUE,384.467434
59,12,ITC,DE2,IT,DE,Southern,Western,FALSE,FALSE,0.15,0.024657,0.03074,FALSE,FALSE,475.214322
59,13,ITC,DE3,IT,DE,Southern,Western,FALSE,FALSE,0.16,0.016904,0.023063,FALSE,FALSE,877.157452
59,14,ITC,DE4,IT,DE,Southern,Western,FALSE,FALSE,0.08,0.008889,0.018589,FALSE,FALSE,854.324166
59,15,ITC,DE5,IT,DE,Southern,Western,FALSE,FALSE,0.14,0.012295,0.020818,FALSE,FALSE,878.809909
59,16,ITC,DE6,IT,DE,Southern,Western,FALSE,FALSE,0.13,0.00971,0.017308,FALSE,FALSE,936.629577
59,17,ITC,DE7,IT,DE,Southern,Western,FALSE,FALSE,0.19,0.019438,0.023762,FALSE,FALSE,596.137945
59,18,ITC,DE8,IT,DE,Southern,Western,FALSE,FALSE,0.07,0.005154,0.015816,FALSE,FALSE,998.887909
59,19,ITC,DE9,IT,DE,Southern,Western,FALSE,FALSE,0.11,0.011079,0.023344,FALSE,FALSE,820.850382
59,20,ITC,DEA,IT,DE,Southern,Western,FALSE,FALSE,0.11,0.010246,0.021177,FALSE,FALSE,696.242058
59,21,ITC,DEB,IT,DE,Southern,Western,FALSE,FALSE,0.13,0.021851,0.027803,FALSE,FALSE,539.058977
59,22,ITC,DEC,IT,DE,Southern,Western,FALSE,FALSE,0.13,0.021643,0.033411,FALSE,FALSE,485.092005
59,23,ITC,DED,IT,DE,Southern,Western,FALSE,FALSE,0.12,0.016006,0.026403,FALSE,FALSE,719.804959
59,24,ITC,DEE,IT,DE,Southern,Western,FALSE,FALSE,0.12,0.010298,0.018466,FALSE,FALSE,781.751963
59,25,ITC,DEF,IT,DE,Southern,Western,FALSE,FALSE,0.15,0.01887,0.027756,FALSE,FALSE,993.392117
59,26,ITC,DEG,IT,DE,Southern,Western,FALSE,FALSE,0.15,0.013146,0.026477,FALSE,FALSE,656.964764
59,27,ITC,DK0,IT,DK,Southern,Northern,FALSE,FALSE,0.14,0.01364,0.021388,FALSE,FALSE,1225.914809
59,28,ITC,EE0,IT,EE,Southern,Baltics,FALSE,FALSE,0.09,0.007287,0.014769,FALSE,FALSE,1882.422313
59,29,ITC,EL3,IT,EL,Southern,Southern,FALSE,TRUE,0.11,0.009135,0.048251,FALSE,FALSE,1456.945553
59,30,ITC,EL4,IT,EL,Southern,Southern,FALSE,TRUE,0.06,0.00484,0.038327,FALSE,FALSE,1735.478771
59,31,ITC,EL5,IT,EL,Southern,Southern,FALSE,TRUE,0.09,0.005811,0.049257,FALSE,FALSE,1173.461011
59,32,ITC,EL6,IT,EL,Southern,Southern,FALSE,TRUE,0.14,0.01142,0.05069,FALSE,FALSE,1281.545183
59,33,ITC,ES1,IT,ES,Southern,Southern,FALSE,TRUE,0.08,0.008701,0.018447,FALSE,FALSE,1105.054381
59,34,ITC,ES2,IT,ES,Southern,Southern,FALSE,TRUE,0.12,0.011407,0.024747,FALSE,FALSE,856.155698
59,35,ITC,ES3,IT,ES,Southern,Southern,FALSE,TRUE,0.14,0.01293,0.021363,FALSE,FALSE,1155.573994
59,36,ITC,ES4,IT,ES,Southern,Southern,FALSE,TRUE,0.09,0.007383,0.019654,FALSE,FALSE,1302.909739
59,37,ITC,ES5,IT,ES,Southern,Southern,FALSE,TRUE,0.12,0.00964,0.023302,FALSE,FALSE,786.626602
59,38,ITC,ES6,IT,ES,Southern,Southern,FALSE,TRUE,0.11,0.010899,0.024208,FALSE,FALSE,1353.422107
59,39,ITC,ES7,IT,ES,Southern,Southern,FALSE,TRUE,0.17,0.013034,0.018368,FALSE,FALSE,2893.626938
59,40,ITC,FI1,IT,FI,Southern,Northern,FALSE,FALSE,0.1,0.016751,0.024474,FALSE,FALSE,2453.623345
59,41,ITC,FI2,IT,FI,Southern,Northern,FALSE,FALSE,0.13,0.009115,0.013536,FALSE,FALSE,1821.927567
59,42,ITC,FR1,IT,FR,Southern,Western,FALSE,FALSE,0.08,0.01045,0.018767,FALSE,FALSE,619.50191
59,43,ITC,FRB,IT,FR,Southern,Western,FALSE,FALSE,0.12,0.009903,0.026953,FALSE,FALSE,624.937372
59,44,ITC,FRC,IT,FR,Southern,Western,FALSE,FALSE,0.12,0.011232,0.023803,FALSE,TRUE,382.295491
59,45,ITC,FRD,IT,FR,Southern,Western,FALSE,FALSE,0.1,0.007719,0.018533,FALSE,FALSE,794.114115
59,46,ITC,FRE,IT,FR,Southern,Western,FALSE,FALSE,0.08,0.009076,0.019353,FALSE,FALSE,690.113718
59,47,ITC,FRF,IT,FR,Southern,Western,FALSE,FALSE,0.14,0.011574,0.02481,FALSE,FALSE,461.572842
59,48,ITC,FRG,IT,FR,Southern,Western,FALSE,FALSE,0.15,0.011125,0.023427,FALSE,FALSE,804.576297
59,49,ITC,FRH,IT,FR,Southern,Western,FALSE,FALSE,0.11,0.00924,0.019885,FALSE,FALSE,947.71233
59,50,ITC,FRI,IT,FR,Southern,Western,FALSE,FALSE,0.11,0.016649,0.026885,FALSE,FALSE,661.469819
59,51,ITC,FRJ,IT,FR,Southern,Western,FALSE,FALSE,0.13,0.011164,0.019947,FALSE,FALSE,552.029562
59,52,ITC,FRK,IT,FR,Southern,Western,FALSE,FALSE,0.21,0.019198,0.027742,TRUE,TRUE,330.180878
59,53,ITC,FRL,IT,FR,Southern,Western,FALSE,FALSE,0.11,0.01066,0.018385,TRUE,TRUE,256.749807
59,54,ITC,FRM,IT,FR,Southern,Western,FALSE,FALSE,0.12,0.010407,0.017984,FALSE,TRUE,344.942986
59,55,ITC,HU1,IT,HU,Southern,CEE,FALSE,FALSE,0.14,0.011965,0.047442,FALSE,FALSE,841.906433
59,56,ITC,HU2,IT,HU,Southern,CEE,FALSE,FALSE,0.17,0.019644,0.034032,FALSE,FALSE,700.268056
59,57,ITC,HU3,IT,HU,Southern,CEE,FALSE,FALSE,0.12,0.010094,0.06525,FALSE,FALSE,952.088231
59,58,ITC,IE0,IT,IE,Southern,Western,FALSE,FALSE,0.08,0.006477,0.011548,FALSE,FALSE,1516.970201
59,60,ITC,ITF,IT,IT,Southern,Southern,TRUE,TRUE,0.11,0.01198,0.021785,FALSE,FALSE,783.929639
59,61,ITC,ITG,IT,IT,Southern,Southern,TRUE,TRUE,0.12,0.010102999999999999,0.019935,FALSE,FALSE,939.406983
59,62,ITC,ITH,IT,IT,Southern,Southern,TRUE,TRUE,0.16,0.011119,0.017384,TRUE,TRUE,211.100359
59,63,ITC,ITI,IT,IT,Southern,Southern,TRUE,TRUE,0.11,0.009245,0.019146,TRUE,TRUE,371.847028
59,64,ITC,LT0,IT,LT,Southern,Baltics,FALSE,FALSE,0.11,0.008448,0.027899,FALSE,FALSE,1531.543244
59,65,ITC,LU0,IT,LU,Southern,Western,FALSE,FALSE,0.24,0.027661,0.031251,FALSE,FALSE,553.672086
59,66,ITC,LV0,IT,LV,Southern,Baltics,FALSE,FALSE,0.12,0.009171,0.022557,FALSE,FALSE,1747.1909
59,67,ITC,MT0,IT,MT,Southern,Southern,FALSE,TRUE,0.14,0.010361,0.019434,FALSE,FALSE,1109.378144
59,68,ITC,NL1,IT,NL,Southern,Western,FALSE,FALSE,0.13,0.010363,0.016995,FALSE,FALSE,887.073751
59,69,ITC,NL2,IT,NL,Southern,Western,FALSE,FALSE,0.14,0.013874,0.022014,FALSE,FALSE,811.894085
59,70,ITC,NL3,IT,NL,Southern,Western,FALSE,FALSE,0.11,0.011307,0.020228,FALSE,FALSE,776.131968
59,71,ITC,NL4,IT,NL,Southern,Western,FALSE,FALSE,0.1,0.011457,0.020095,FALSE,FALSE,718.918962
59,72,ITC,PL2,IT,PL,Southern,CEE,FALSE,FALSE,0.07,0.005988,0.083999,FALSE,FALSE,982.466745
59,73,ITC,PL4,IT,PL,Southern,CEE,FALSE,FALSE,0.08,0.004132,0.084493,FALSE,FALSE,997.974761
59,74,ITC,PL5,IT,PL,Southern,CEE,FALSE,FALSE,0.14,0.011777,0.020646,FALSE,FALSE,868.609908
59,75,ITC,PL6,IT,PL,Southern,CEE,FALSE,FALSE,0.13,0.013917,0.068722,FALSE,FALSE,1189.217931
59,76,ITC,PL7,IT,PL,Southern,CEE,FALSE,FALSE,0.08,0.009166,0.016814,FALSE,FALSE,1038.659337
59,77,ITC,PL8,IT,PL,Southern,CEE,FALSE,FALSE,0.07,0.005344,0.053668,FALSE,FALSE,1251.655609
59,78,ITC,PL9,IT,PL,Southern,CEE,FALSE,FALSE,0.15,0.014016,0.033748,FALSE,FALSE,1204.27005
59,79,ITC,PT1,IT,PT,Southern,Southern,FALSE,TRUE,0.13,0.01124,0.02101,FALSE,FALSE,1554.867541
59,80,ITC,PT2,IT,PT,Southern,Southern,FALSE,TRUE,0.15,0.013264,0.019704,FALSE,FALSE,2943.114989
59,81,ITC,PT3,IT,PT,Southern,Southern,FALSE,TRUE,0.12,0.008005,0.0136,FALSE,FALSE,2593.61153
59,82,ITC,RO1,IT,RO,Southern,CEE,FALSE,FALSE,0.06,0.005222,0.055839,FALSE,FALSE,1171.837601
59,83,ITC,RO2,IT,RO,Southern,CEE,FALSE,FALSE,0.04,0.00321,0.023059,FALSE,FALSE,1433.246476
59,84,ITC,RO3,IT,RO,Southern,CEE,FALSE,FALSE,0.05,0.003136,0.031269,FALSE,FALSE,1364.796655
59,85,ITC,RO4,IT,RO,Southern,CEE,FALSE,FALSE,0.07,0.003873,0.032744,FALSE,FALSE,1085.857766
59,86,ITC,SE1,IT,SE,Southern,Northern,FALSE,FALSE,0.11,0.007192,0.042393,FALSE,FALSE,1633.734647
59,87,ITC,SE2,IT,SE,Southern,Northern,FALSE,FALSE,0.14,0.012356,0.074417,FALSE,FALSE,1389.54726
59,88,ITC,SE3,IT,SE,Southern,Northern,FALSE,FALSE,0.15,0.013788,0.054501,FALSE,FALSE,2132.751571
59,89,ITC,SI0,IT,SI,Southern,CEE,FALSE,FALSE,0.14,0.009746,0.0185,FALSE,FALSE,457.255363
59,90,ITC,SK0,IT,SK,Southern,CEE,FALSE,FALSE,0.06,0.004459,0.012308,FALSE,FALSE,847.690815
60,1,ITF,AT1,IT,AT,Southern,Western,FALSE,FALSE,0.14,0.014548,0.023251,FALSE,FALSE,831.451899
60,2,ITF,AT2,IT,AT,Southern,Western,FALSE,FALSE,0.13,0.024136,0.037771,FALSE,FALSE,745.383652
60,3,ITF,AT3,IT,AT,Southern,Western,FALSE,FALSE,0.12,0.01221,0.024842,FALSE,FALSE,836.694266
60,4,ITF,BE1,IT,BE,Southern,Western,FALSE,FALSE,0.09,0.007041,0.017685,FALSE,FALSE,1465.0387
60,5,ITF,BE2,IT,BE,Southern,Western,FALSE,FALSE,0.08,0.009512,0.020751,FALSE,FALSE,1489.24774
60,6,ITF,BE3,IT,BE,Southern,Western,FALSE,FALSE,0.13,0.029996,0.035454,FALSE,FALSE,1369.786248
60,7,ITF,BG3,IT,BG,Southern,CEE,FALSE,FALSE,0.06,0.006648,0.013895,FALSE,FALSE,841.352573
60,8,ITF,BG4,IT,BG,Southern,CEE,FALSE,FALSE,0.06,0.004393,0.01371,FALSE,FALSE,740.200634
60,9,ITF,CY0,IT,CY,Southern,Southern,FALSE,TRUE,0.09,0.011621,0.020873,FALSE,FALSE,1641.301197
60,10,ITF,CZ0,IT,CZ,Southern,CEE,FALSE,FALSE,0.05,0.004948,0.021074,FALSE,FALSE,1039.932549
60,11,ITF,DE1,IT,DE,Southern,Western,FALSE,FALSE,0.07,0.004446,0.024235,FALSE,FALSE,1064.983489
60,12,ITF,DE2,IT,DE,Southern,Western,FALSE,FALSE,0.14,0.020524,0.028968,FALSE,FALSE,989.52539
60,13,ITF,DE3,IT,DE,Southern,Western,FALSE,FALSE,0.12,0.022495,0.02741,FALSE,FALSE,1360.545417
60,14,ITF,DE4,IT,DE,Southern,Western,FALSE,FALSE,0.12,0.010139,0.023478,FALSE,FALSE,1364.502366
60,15,ITF,DE5,IT,DE,Southern,Western,FALSE,FALSE,0.08,0.010868,0.019251,FALSE,FALSE,1510.898665
60,16,ITF,DE6,IT,DE,Southern,Western,FALSE,FALSE,0.11,0.009997,0.01781,FALSE,FALSE,1532.5801
60,17,ITF,DE7,IT,DE,Southern,Western,FALSE,FALSE,0.12,0.012874,0.020928,FALSE,FALSE,1248.091764
60,18,ITF,DE8,IT,DE,Southern,Western,FALSE,FALSE,0.07,0.007539,0.023281,FALSE,FALSE,1522.41462
60,19,ITF,DE9,IT,DE,Southern,Western,FALSE,FALSE,0.1,0.015664,0.026678,FALSE,FALSE,1457.948635
60,20,ITF,DEA,IT,DE,Southern,Western,FALSE,FALSE,0.12,0.01688,0.025138,FALSE,FALSE,1381.2563
60,21,ITF,DEB,IT,DE,Southern,Western,FALSE,FALSE,0.12,0.016286,0.025087,FALSE,FALSE,1255.227617
60,22,ITF,DEC,IT,DE,Southern,Western,FALSE,FALSE,0.07,0.005677,0.022672,FALSE,FALSE,1219.330801
60,23,ITF,DED,IT,DE,Southern,Western,FALSE,FALSE,0.09,0.008992,0.024169,FALSE,FALSE,1182.557923
60,24,ITF,DEE,IT,DE,Southern,Western,FALSE,FALSE,0.13,0.014145,0.024709,FALSE,FALSE,1328.005045
60,25,ITF,DEF,IT,DE,Southern,Western,FALSE,FALSE,0.14,0.012656,0.024958,FALSE,FALSE,1589.382819
60,26,ITF,DEG,IT,DE,Southern,Western,FALSE,FALSE,0.09,0.008673,0.024181,FALSE,FALSE,1220.307561
60,27,ITF,DK0,IT,DK,Southern,Northern,FALSE,FALSE,0.12,0.009027,0.022743,FALSE,FALSE,1825.16612
60,28,ITF,EE0,IT,EE,Southern,Baltics,FALSE,FALSE,0.04,0.002875,0.010699,FALSE,FALSE,2159.98888
60,29,ITF,EL3,IT,EL,Southern,Southern,FALSE,TRUE,0.04,0.003476,0.048554,FALSE,FALSE,715.236541
60,30,ITF,EL4,IT,EL,Southern,Southern,FALSE,TRUE,0.07,0.006461,0.040767,FALSE,FALSE,961.72323
60,31,ITF,EL5,IT,EL,Southern,Southern,FALSE,TRUE,0.06,0.00725,0.052725,FALSE,TRUE,508.196303
60,32,ITF,EL6,IT,EL,Southern,Southern,FALSE,TRUE,0.09,0.009185,0.053191,FALSE,TRUE,554.807144
60,33,ITF,ES1,IT,ES,Southern,Southern,FALSE,TRUE,0.16,0.020635,0.030381,FALSE,FALSE,1741.14931
60,34,ITF,ES2,IT,ES,Southern,Southern,FALSE,TRUE,0.12,0.009492,0.022295,FALSE,FALSE,1400.312929
60,35,ITF,ES3,IT,ES,Southern,Southern,FALSE,TRUE,0.11,0.020706,0.029,FALSE,FALSE,1674.656404
60,36,ITF,ES4,IT,ES,Southern,Southern,FALSE,TRUE,0.11,0.015378,0.033335,FALSE,FALSE,1830.62712
60,37,ITF,ES5,IT,ES,Southern,Southern,FALSE,TRUE,0.1,0.012304,0.035677,FALSE,FALSE,1106.186549
60,38,ITF,ES6,IT,ES,Southern,Southern,FALSE,TRUE,0.11,0.025249,0.039963,FALSE,FALSE,1741.178618
60,39,ITF,ES7,IT,ES,Southern,Southern,FALSE,TRUE,0.15,0.014496,0.022617,FALSE,FALSE,3240.376717
60,40,ITF,FI1,IT,FI,Southern,Northern,FALSE,FALSE,0.11,0.016648,0.024814,FALSE,FALSE,2806.74395
60,41,ITF,FI2,IT,FI,Southern,Northern,FALSE,FALSE,0.12,0.014408,0.018773,FALSE,FALSE,2223.494417
60,42,ITF,FR1,IT,FR,Southern,Western,FALSE,FALSE,0.13,0.01296,0.02268,FALSE,FALSE,1403.382326
60,43,ITF,FRB,IT,FR,Southern,Western,FALSE,FALSE,0.13,0.010389,0.025184,FALSE,FALSE,1401.791296
60,44,ITF,FRC,IT,FR,Southern,Western,FALSE,FALSE,0.13,0.00895,0.022108,FALSE,FALSE,1166.186808
60,45,ITF,FRD,IT,FR,Southern,Western,FALSE,FALSE,0.14,0.038775,0.040711,FALSE,FALSE,1576.791026
60,46,ITF,FRE,IT,FR,Southern,Western,FALSE,FALSE,0.06,0.00367,0.027403,FALSE,FALSE,1466.513543
60,47,ITF,FRF,IT,FR,Southern,Western,FALSE,FALSE,0.15,0.017699,0.030811,FALSE,FALSE,1227.234589
60,48,ITF,FRG,IT,FR,Southern,Western,FALSE,FALSE,0.16,0.023281,0.030967,FALSE,FALSE,1567.223538
60,49,ITF,FRH,IT,FR,Southern,Western,FALSE,FALSE,0.1,0.018569,0.027545,FALSE,FALSE,1715.414075
60,50,ITF,FRI,IT,FR,Southern,Western,FALSE,FALSE,0.12,0.014247,0.03367,FALSE,FALSE,1364.166402
60,51,ITF,FRJ,IT,FR,Southern,Western,FALSE,FALSE,0.11,0.018192,0.027547,FALSE,FALSE,1183.4405
60,52,ITF,FRK,IT,FR,Southern,Western,FALSE,FALSE,0.09,0.008616,0.026428,FALSE,FALSE,1075.027537
60,53,ITF,FRL,IT,FR,Southern,Western,FALSE,FALSE,0.13,0.027943,0.03216,FALSE,FALSE,913.656763
60,54,ITF,FRM,IT,FR,Southern,Western,FALSE,FALSE,0.08,0.012293,0.021358,FALSE,TRUE,603.615186
60,55,ITF,HU1,IT,HU,Southern,CEE,FALSE,FALSE,0.05,0.004198,0.028964,FALSE,FALSE,833.007451
60,56,ITF,HU2,IT,HU,Southern,CEE,FALSE,FALSE,0.02,0.001186,0.017193,FALSE,FALSE,731.852568
60,57,ITF,HU3,IT,HU,Southern,CEE,FALSE,FALSE,0.08,0.00516,0.04011,FALSE,FALSE,856.40428
60,58,ITF,IE0,IT,IE,Southern,Western,FALSE,FALSE,0.06,0.004481,0.009945,FALSE,FALSE,2299.959622
60,59,ITF,ITC,IT,IT,Southern,Southern,TRUE,TRUE,0.04,0.002622,0.013404,FALSE,FALSE,783.929639
60,61,ITF,ITG,IT,IT,Southern,Southern,TRUE,TRUE,0.18,0.041294,0.042349,FALSE,TRUE,356.421954
60,62,ITF,ITH,IT,IT,Southern,Southern,TRUE,TRUE,0.1,0.008171,0.016919,FALSE,FALSE,663.91908
60,63,ITF,ITI,IT,IT,Southern,Southern,TRUE,TRUE,0.14,0.018179,0.030391,TRUE,TRUE,412.733157
60,64,ITF,LT0,IT,LT,Southern,Baltics,FALSE,FALSE,0.03,0.002039,0.020058,FALSE,FALSE,1753.377842
60,65,ITF,LU0,IT,LU,Southern,Western,FALSE,FALSE,0.06,0.010667,0.018175,FALSE,FALSE,1297.546698
60,66,ITF,LV0,IT,LV,Southern,Baltics,FALSE,FALSE,0.07,0.005363,0.017635,FALSE,FALSE,1962.50139
60,67,ITF,MT0,IT,MT,Southern,Southern,FALSE,TRUE,0.02,0.002143,0.014056,FALSE,TRUE,500.97681
60,68,ITF,NL1,IT,NL,Southern,Western,FALSE,FALSE,0.1,0.009746,0.01727,FALSE,FALSE,1580.181862
60,69,ITF,NL2,IT,NL,Southern,Western,FALSE,FALSE,0.16,0.019293,0.026364,FALSE,FALSE,1514.477306
60,70,ITF,NL3,IT,NL,Southern,Western,FALSE,FALSE,0.16,0.011771,0.021041,FALSE,FALSE,1529.89412
60,71,ITF,NL4,IT,NL,Southern,Western,FALSE,FALSE,0.13,0.019687,0.029227,FALSE,FALSE,1445.837647
60,72,ITF,PL2,IT,PL,Southern,CEE,FALSE,FALSE,0.04,0.003017,0.054023,FALSE,FALSE,1124.051026
60,73,ITF,PL4,IT,PL,Southern,CEE,FALSE,FALSE,0.01,0.001,0.056673,FALSE,FALSE,1393.710518
60,74,ITF,PL5,IT,PL,Southern,CEE,FALSE,FALSE,0.04,0.002454,0.01247,FALSE,FALSE,1170.876452
60,75,ITF,PL6,IT,PL,Southern,CEE,FALSE,FALSE,0,0,0.042,FALSE,FALSE,1488.501836
60,76,ITF,PL7,IT,PL,Southern,CEE,FALSE,FALSE,0.03,0.001948,0.01112,FALSE,FALSE,1248.930638
60,77,ITF,PL8,IT,PL,Southern,CEE,FALSE,FALSE,0.06,0.006076,0.036426,FALSE,FALSE,1366.280545
60,78,ITF,PL9,IT,PL,Southern,CEE,FALSE,FALSE,0.06,0.003647,0.021449,FALSE,FALSE,1394.791036
60,79,ITF,PT1,IT,PT,Southern,Southern,FALSE,TRUE,0.12,0.020193,0.027704,FALSE,FALSE,2081.460629
60,80,ITF,PT2,IT,PT,Southern,Southern,FALSE,TRUE,0.11,0.016516,0.024284,FALSE,FALSE,3556.953867
60,81,ITF,PT3,IT,PT,Southern,Southern,FALSE,TRUE,0.09,0.012442,0.017859,FALSE,FALSE,3039.248826
60,82,ITF,RO1,IT,RO,Southern,CEE,FALSE,FALSE,0.03,0.002922,0.047864,FALSE,FALSE,958.069292
60,83,ITF,RO2,IT,RO,Southern,CEE,FALSE,FALSE,0.02,0.001623,0.019288,FALSE,FALSE,1117.844202
60,84,ITF,RO3,IT,RO,Southern,CEE,FALSE,FALSE,0.03,0.001728,0.025971,FALSE,FALSE,957.616751
60,85,ITF,RO4,IT,RO,Southern,CEE,FALSE,FALSE,0.06,0.003358,0.028474,FALSE,FALSE,775.68265
60,86,ITF,SE1,IT,SE,Southern,Northern,FALSE,FALSE,0.06,0.005879,0.034731,FALSE,FALSE,2088.668418
60,87,ITF,SE2,IT,SE,Southern,Northern,FALSE,FALSE,0.02,0.001043,0.053951,FALSE,FALSE,1876.119232
60,88,ITF,SE3,IT,SE,Southern,Northern,FALSE,FALSE,0.04,0.002672,0.034126,FALSE,FALSE,2613.931264
60,89,ITF,SI0,IT,SI,Southern,CEE,FALSE,FALSE,0.05,0.007526,0.019298,FALSE,TRUE,649.085153
60,90,ITF,SK0,IT,SK,Southern,CEE,FALSE,FALSE,0.04,0.003875,0.009544,FALSE,FALSE,947.768209
61,1,ITG,AT1,IT,AT,Southern,Western,FALSE,FALSE,0.16,0.016409,0.021697,FALSE,FALSE,1151.792589
61,2,ITG,AT2,IT,AT,Southern,Western,FALSE,FALSE,0.11,0.018629,0.028243,FALSE,FALSE,1054.901934
61,3,ITG,AT3,IT,AT,Southern,Western,FALSE,FALSE,0.12,0.007372,0.02002,FALSE,FALSE,1121.167918
61,4,ITG,BE1,IT,BE,Southern,Western,FALSE,FALSE,0.12,0.008097,0.016868,FALSE,FALSE,1650.945774
61,5,ITG,BE2,IT,BE,Southern,Western,FALSE,FALSE,0.1,0.006322,0.019219,FALSE,FALSE,1675.656736
61,6,ITG,BE3,IT,BE,Southern,Western,FALSE,FALSE,0.13,0.015035,0.023604,FALSE,FALSE,1556.121787
61,7,ITG,BG3,IT,BG,Southern,CEE,FALSE,FALSE,0.13,0.00947,0.014343,FALSE,FALSE,1157.852021
61,8,ITG,BG4,IT,BG,Southern,CEE,FALSE,FALSE,0.08,0.004735,0.014972,FALSE,FALSE,1035.460703
61,9,ITG,CY0,IT,CY,Southern,Southern,FALSE,TRUE,0.08,0.005405,0.017838,FALSE,FALSE,1780.147588
61,10,ITG,CZ0,IT,CZ,Southern,CEE,FALSE,FALSE,0.12,0.009365,0.025074,FALSE,FALSE,1356.31634
61,11,ITG,DE1,IT,DE,Southern,Western,FALSE,FALSE,0.13,0.01164,0.026062,FALSE,FALSE,1285.884448
61,12,ITG,DE2,IT,DE,Southern,Western,FALSE,FALSE,0.11,0.006273,0.018057,FALSE,FALSE,1259.00034
61,13,ITG,DE3,IT,DE,Southern,Western,FALSE,FALSE,0.1,0.007688,0.020036,FALSE,FALSE,1655.800302
61,14,ITG,DE4,IT,DE,Southern,Western,FALSE,FALSE,0.13,0.009014,0.017744,FALSE,FALSE,1653.087845
61,15,ITG,DE5,IT,DE,Southern,Western,FALSE,FALSE,0.12,0.006775,0.019807,FALSE,FALSE,1764.6571
61,16,ITG,DE6,IT,DE,Southern,Western,FALSE,FALSE,0.15,0.011192,0.01896,FALSE,FALSE,1799.904463
61,17,ITG,DE7,IT,DE,Southern,Western,FALSE,FALSE,0.1,0.006872,0.015144,FALSE,FALSE,1487.541463
61,18,ITG,DE8,IT,DE,Southern,Western,FALSE,FALSE,0.09,0.01205,0.020948,FALSE,FALSE,1811.558278
61,19,ITG,DE9,IT,DE,Southern,Western,FALSE,FALSE,0.16,0.010874,0.021006,FALSE,FALSE,1708.672157
61,20,ITG,DEA,IT,DE,Southern,Western,FALSE,FALSE,0.1,0.005906,0.016964,FALSE,FALSE,1609.708872
61,21,ITG,DEB,IT,DE,Southern,Western,FALSE,FALSE,0.12,0.010164,0.02261,FALSE,FALSE,1465.194628
61,22,ITG,DEC,IT,DE,Southern,Western,FALSE,FALSE,0.09,0.006407,0.022914,FALSE,FALSE,1417.960397
61,23,ITG,DED,IT,DE,Southern,Western,FALSE,FALSE,0.15,0.014447,0.023501,FALSE,FALSE,1476.284556
61,24,ITG,DEE,IT,DE,Southern,Western,FALSE,FALSE,0.11,0.009912,0.018646,FALSE,FALSE,1605.539524
61,25,ITG,DEF,IT,DE,Southern,Western,FALSE,FALSE,0.15,0.013866,0.026372,FALSE,FALSE,1857.816413
61,26,ITG,DEG,IT,DE,Southern,Western,FALSE,FALSE,0.12,0.013134,0.024568,FALSE,FALSE,1488.960398
61,27,ITG,DK0,IT,DK,Southern,Northern,FALSE,FALSE,0.14,0.012996,0.019428,FALSE,FALSE,2096.18875
61,28,ITG,EE0,IT,EE,Southern,Baltics,FALSE,FALSE,0.06,0.00292,0.010379,FALSE,FALSE,2504.165888
61,29,ITG,EL3,IT,EL,Southern,Southern,FALSE,TRUE,0.12,0.006848,0.06384,FALSE,TRUE,866.347981
61,30,ITG,EL4,IT,EL,Southern,Southern,FALSE,TRUE,0.14,0.012185,0.054424,FALSE,FALSE,1012.961352
61,31,ITG,EL5,IT,EL,Southern,Southern,FALSE,TRUE,0.21,0.016241,0.069766,FALSE,TRUE,773.913735
61,32,ITG,EL6,IT,EL,Southern,Southern,FALSE,TRUE,0.22,0.017581,0.068782,FALSE,TRUE,753.034831
61,33,ITG,ES1,IT,ES,Southern,Southern,FALSE,TRUE,0.1,0.008078,0.020404,FALSE,FALSE,1698.551842
61,34,ITG,ES2,IT,ES,Southern,Southern,FALSE,TRUE,0.11,0.017616,0.025578,FALSE,FALSE,1331.838882
61,35,ITG,ES3,IT,ES,Southern,Southern,FALSE,TRUE,0.12,0.017468,0.024658,FALSE,FALSE,1570.827321
61,36,ITG,ES4,IT,ES,Southern,Southern,FALSE,TRUE,0.19,0.026066,0.033871,FALSE,FALSE,1721.757576
61,37,ITG,ES5,IT,ES,Southern,Southern,FALSE,TRUE,0.12,0.01304,0.028383,FALSE,FALSE,973.586903
61,38,ITG,ES6,IT,ES,Southern,Southern,FALSE,TRUE,0.16,0.029133,0.047602,FALSE,FALSE,1571.425523
61,39,ITG,ES7,IT,ES,Southern,Southern,FALSE,TRUE,0.18,0.012073,0.020339,FALSE,FALSE,3009.89825
61,40,ITG,FI1,IT,FI,Southern,Northern,FALSE,FALSE,0.16,0.019982,0.026828,FALSE,FALSE,3144.836928
61,41,ITG,FI2,IT,FI,Southern,Northern,FALSE,FALSE,0.16,0.011134,0.014863,FALSE,FALSE,2550.149271
61,42,ITG,FR1,IT,FR,Southern,Western,FALSE,FALSE,0.15,0.018084,0.029267,FALSE,FALSE,1534.914504
61,43,ITG,FRB,IT,FR,Southern,Western,FALSE,FALSE,0.07,0.008468,0.021488,FALSE,FALSE,1502.195282
61,44,ITG,FRC,IT,FR,Southern,Western,FALSE,FALSE,0.14,0.022886,0.031217,FALSE,FALSE,1300.800054
61,45,ITG,FRD,IT,FR,Southern,Western,FALSE,FALSE,0.18,0.025247,0.034663,FALSE,FALSE,1689.046621
61,46,ITG,FRE,IT,FR,Southern,Western,FALSE,FALSE,0.08,0.009269,0.023108,FALSE,FALSE,1623.550898
61,47,ITG,FRF,IT,FR,Southern,Western,FALSE,FALSE,0.2,0.021783,0.032038,FALSE,FALSE,1400.913152
61,48,ITG,FRG,IT,FR,Southern,Western,FALSE,FALSE,0.19,0.029418,0.037772,FALSE,FALSE,1637.792372
61,49,ITG,FRH,IT,FR,Southern,Western,FALSE,FALSE,0.15,0.018224,0.026848,FALSE,FALSE,1787.966855
61,50,ITG,FRI,IT,FR,Southern,Western,FALSE,FALSE,0.12,0.020792,0.03292,FALSE,FALSE,1391.417638
61,51,ITG,FRJ,IT,FR,Southern,Western,FALSE,FALSE,0.18,0.011466,0.020499,FALSE,FALSE,1186.228824
61,52,ITG,FRK,IT,FR,Southern,Western,FALSE,FALSE,0.16,0.01113,0.026026,FALSE,FALSE,1160.922709
61,53,ITG,FRL,IT,FR,Southern,Western,FALSE,FALSE,0.15,0.033209,0.034068,FALSE,FALSE,978.170096
61,54,ITG,FRM,IT,FR,Southern,Western,FALSE,FALSE,0.1,0.006598,0.016636,FALSE,TRUE,645.046912
61,55,ITG,HU1,IT,HU,Southern,CEE,FALSE,FALSE,0.07,0.005067,0.034925,FALSE,FALSE,1183.281105
61,56,ITG,HU2,IT,HU,Southern,CEE,FALSE,FALSE,0.05,0.003188,0.020227,FALSE,FALSE,1072.995327
61,57,ITG,HU3,IT,HU,Southern,CEE,FALSE,FALSE,0.12,0.008422,0.047444,FALSE,FALSE,1212.018026
61,58,ITG,IE0,IT,IE,Southern,Western,FALSE,FALSE,0.15,0.009056,0.013092,FALSE,FALSE,2427.550489
61,59,ITG,ITC,IT,IT,Southern,Southern,TRUE,TRUE,0.11,0.008259,0.016276,FALSE,FALSE,939.406983
61,60,ITG,ITF,IT,IT,Southern,Southern,TRUE,TRUE,0.17,0.019394,0.029495,FALSE,TRUE,356.421954
61,62,ITG,ITH,IT,IT,Southern,Southern,TRUE,TRUE,0.16,0.009965,0.020278,FALSE,FALSE,890.587815
61,63,ITG,ITI,IT,IT,Southern,Southern,TRUE,TRUE,0.13,0.022407,0.027634,FALSE,TRUE,600.426376
61,64,ITG,LT0,IT,LT,Southern,Baltics,FALSE,FALSE,0.08,0.003411,0.020166,FALSE,FALSE,2100.153103
61,65,ITG,LU0,IT,LU,Southern,Western,FALSE,FALSE,0.05,0.0024,0.013195,FALSE,FALSE,1490.473622
61,66,ITG,LV0,IT,LV,Southern,Baltics,FALSE,FALSE,0.06,0.00442,0.016235,FALSE,FALSE,2311.487007
61,67,ITG,MT0,IT,MT,Southern,Southern,FALSE,TRUE,0.13,0.008784,0.018719,TRUE,TRUE,173.76111
61,68,ITG,NL1,IT,NL,Southern,Western,FALSE,FALSE,0.14,0.012492,0.018879,FALSE,FALSE,1807.618984
61,69,ITG,NL2,IT,NL,Southern,Western,FALSE,FALSE,0.17,0.01275,0.02298,FALSE,FALSE,1735.975753
61,70,ITG,NL3,IT,NL,Southern,Western,FALSE,FALSE,0.12,0.008306,0.019091,FALSE,FALSE,1715.47
61,71,ITG,NL4,IT,NL,Southern,Western,FALSE,FALSE,0.12,0.017728,0.024042,FALSE,FALSE,1651.934069
61,72,ITG,PL2,IT,PL,Southern,CEE,FALSE,FALSE,0.1,0.004926,0.064699,FALSE,FALSE,1469.165062
61,73,ITG,PL4,IT,PL,Southern,CEE,FALSE,FALSE,0.06,0.003432,0.066778,FALSE,FALSE,1709.142273
61,74,ITG,PL5,IT,PL,Southern,CEE,FALSE,FALSE,0.13,0.00902,0.01731,FALSE,FALSE,1496.091087
61,75,ITG,PL6,IT,PL,Southern,CEE,FALSE,FALSE,0.06,0.003727,0.047727,FALSE,FALSE,1822.417359
61,76,ITG,PL7,IT,PL,Southern,CEE,FALSE,FALSE,0.04,0.002256,0.011679,FALSE,FALSE,1589.504982
61,77,ITG,PL8,IT,PL,Southern,CEE,FALSE,FALSE,0.06,0.003907,0.037271,FALSE,FALSE,1717.807121
61,78,ITG,PL9,IT,PL,Southern,CEE,FALSE,FALSE,0.07,0.003726,0.021759,FALSE,FALSE,1740.331843
61,79,ITG,PT1,IT,PT,Southern,Southern,FALSE,TRUE,0.12,0.012316,0.028093,FALSE,FALSE,1960.163341
61,80,ITG,PT2,IT,PT,Southern,Southern,FALSE,TRUE,0.15,0.013071,0.019382,FALSE,FALSE,3452.906351
61,81,ITG,PT3,IT,PT,Southern,Southern,FALSE,TRUE,0.06,0.005398,0.012157,FALSE,FALSE,2852.978679
61,82,ITG,RO1,IT,RO,Southern,CEE,FALSE,FALSE,0.04,0.003043,0.046053,FALSE,FALSE,1311.621855
61,83,ITG,RO2,IT,RO,Southern,CEE,FALSE,FALSE,0.03,0.001308,0.017788000000000002,FALSE,FALSE,1456.49441
61,84,ITG,RO3,IT,RO,Southern,CEE,FALSE,FALSE,0.07,0.004343,0.028673,FALSE,FALSE,1284.68783
61,85,ITG,RO4,IT,RO,Southern,CEE,FALSE,FALSE,0.05,0.002423,0.027968,FALSE,FALSE,1125.967806
61,86,ITG,SE1,IT,SE,Southern,Northern,FALSE,FALSE,0.07,0.005863,0.033354,FALSE,FALSE,2403.38996
61,87,ITG,SE2,IT,SE,Southern,Northern,FALSE,FALSE,0.11,0.005695,0.058658,FALSE,FALSE,2181.003362
61,88,ITG,SE3,IT,SE,Southern,Northern,FALSE,FALSE,0.11,0.00648,0.042437,FALSE,FALSE,2926.889696
61,89,ITG,SI0,IT,SI,Southern,CEE,FALSE,FALSE,0.14,0.012058,0.023851,FALSE,FALSE,950.894831
61,90,ITG,SK0,IT,SK,Southern,CEE,FALSE,FALSE,0.08,0.003968,0.011342,FALSE,FALSE,1291.864042
62,1,ITH,AT1,IT,AT,Southern,Western,FALSE,FALSE,0.13,0.011528,0.022048,FALSE,FALSE,426.557242
62,2,ITH,AT2,IT,AT,Southern,Western,FALSE,FALSE,0.07,0.007033,0.020298,TRUE,TRUE,322.501735
62,3,ITH,AT3,IT,AT,Southern,Western,FALSE,FALSE,0.18,0.016466,0.025256,TRUE,TRUE,287.049058
62,4,ITH,BE1,IT,BE,Southern,Western,FALSE,FALSE,0.13,0.008888,0.018559,FALSE,FALSE,802.536709
62,5,ITH,BE2,IT,BE,Southern,Western,FALSE,FALSE,0.17,0.018565,0.026002,FALSE,FALSE,826.539654
62,6,ITH,BE3,IT,BE,Southern,Western,FALSE,FALSE,0.15,0.013863,0.022849,FALSE,FALSE,707.71852
62,7,ITH,BG3,IT,BG,Southern,CEE,FALSE,FALSE,0.09,0.005433,0.011024,FALSE,FALSE,1108.306704
62,8,ITH,BG4,IT,BG,Southern,CEE,FALSE,FALSE,0.06,0.00299,0.013647,FALSE,FALSE,1097.850707
62,9,ITH,CY0,IT,CY,Southern,Southern,FALSE,TRUE,0.12,0.00856,0.016799,FALSE,FALSE,2157.732147
62,10,ITH,CZ0,IT,CZ,Southern,CEE,FALSE,FALSE,0.13,0.008675,0.023667,FALSE,FALSE,570.520228
62,11,ITH,DE1,IT,DE,Southern,Western,FALSE,FALSE,0.1,0.011766,0.025006,FALSE,TRUE,402.99014
62,12,ITH,DE2,IT,DE,Southern,Western,FALSE,FALSE,0.15,0.012307,0.020699,FALSE,TRUE,383.25839
62,13,ITH,DE3,IT,DE,Southern,Western,FALSE,FALSE,0.26,0.019531,0.024275,FALSE,FALSE,796.963436
62,14,ITH,DE4,IT,DE,Southern,Western,FALSE,FALSE,0.11,0.01156,0.021175,FALSE,FALSE,785.0451
62,15,ITH,DE5,IT,DE,Southern,Western,FALSE,FALSE,0.14,0.019387,0.026246,FALSE,FALSE,874.162291
62,16,ITH,DE6,IT,DE,Southern,Western,FALSE,FALSE,0.18,0.01255,0.019256,FALSE,FALSE,912.527321
62,17,ITH,DE7,IT,DE,Southern,Western,FALSE,FALSE,0.17,0.017325,0.023831,FALSE,FALSE,597.727832
62,18,ITH,DE8,IT,DE,Southern,Western,FALSE,FALSE,0.09,0.007798,0.018728,FALSE,FALSE,940.557345
62,19,ITH,DE9,IT,DE,Southern,Western,FALSE,FALSE,0.11,0.012831,0.022802,FALSE,FALSE,818.086522
62,20,ITH,DEA,IT,DE,Southern,Western,FALSE,FALSE,0.23,0.035621,0.042265,FALSE,FALSE,724.23262
62,21,ITH,DEB,IT,DE,Southern,Western,FALSE,FALSE,0.19,0.012977,0.022359,FALSE,FALSE,591.688653
62,22,ITH,DEC,IT,DE,Southern,Western,FALSE,FALSE,0.22,0.018046,0.037573,FALSE,FALSE,555.768285
62,23,ITH,DED,IT,DE,Southern,Western,FALSE,FALSE,0.12,0.015542,0.027843,FALSE,FALSE,622.820796
62,24,ITH,DEE,IT,DE,Southern,Western,FALSE,FALSE,0.15,0.016969,0.024104,FALSE,FALSE,726.874653
62,25,ITH,DEF,IT,DE,Southern,Western,FALSE,FALSE,0.19,0.012599,0.022016,FALSE,FALSE,970.570974
62,26,ITH,DEG,IT,DE,Southern,Western,FALSE,FALSE,0.19,0.01666,0.027512000000000002,FALSE,FALSE,605.517369
62,27,ITH,DK0,IT,DK,Southern,Northern,FALSE,FALSE,0.14,0.008847,0.018624,FALSE,FALSE,1208.889685
62,28,ITH,EE0,IT,EE,Southern,Baltics,FALSE,FALSE,0.14,0.009316,0.015366,FALSE,FALSE,1757.777767
62,29,ITH,EL3,IT,EL,Southern,Southern,FALSE,TRUE,0.08,0.006782,0.054012,FALSE,FALSE,1291.454381
62,30,ITH,EL4,IT,EL,Southern,Southern,FALSE,TRUE,0.15,0.009888,0.046435,FALSE,FALSE,1584.559895
62,31,ITH,EL5,IT,EL,Southern,Southern,FALSE,TRUE,0.15,0.01006,0.058536,FALSE,FALSE,994.396991
62,32,ITH,EL6,IT,EL,Southern,Southern,FALSE,TRUE,0.09,0.007581,0.054758,FALSE,FALSE,1114.413979
62,33,ITH,ES1,IT,ES,Southern,Southern,FALSE,TRUE,0.16,0.012805,0.023507,FALSE,FALSE,1316.002015
62,34,ITH,ES2,IT,ES,Southern,Southern,FALSE,TRUE,0.18,0.014286,0.025704,FALSE,FALSE,1062.153786
62,35,ITH,ES3,IT,ES,Southern,Southern,FALSE,TRUE,0.1,0.009595,0.021524,FALSE,FALSE,1362.001386
62,36,ITH,ES4,IT,ES,Southern,Southern,FALSE,TRUE,0.15,0.013711,0.026621,FALSE,FALSE,1510.849927
62,37,ITH,ES5,IT,ES,Southern,Southern,FALSE,TRUE,0.18,0.015356,0.033875,FALSE,FALSE,954.585122
62,38,ITH,ES6,IT,ES,Southern,Southern,FALSE,TRUE,0.11,0.010911,0.026532,FALSE,FALSE,1546.966219
62,39,ITH,ES7,IT,ES,Southern,Southern,FALSE,TRUE,0.13,0.013138,0.018334,FALSE,FALSE,3090.627408
62,40,ITH,FI1,IT,FI,Southern,Northern,FALSE,FALSE,0.11,0.00831,0.019211,FALSE,FALSE,2355.587774
62,41,ITH,FI2,IT,FI,Southern,Northern,FALSE,FALSE,0.14,0.007897,0.012639,FALSE,FALSE,1732.796091
62,42,ITH,FR1,IT,FR,Southern,Western,FALSE,FALSE,0.15,0.008957,0.019411,FALSE,FALSE,773.003254
62,43,ITH,FRB,IT,FR,Southern,Western,FALSE,FALSE,0.19,0.015102,0.024145,FALSE,FALSE,803.349962
62,44,ITH,FRC,IT,FR,Southern,Western,FALSE,FALSE,0.16,0.014366,0.023673,FALSE,FALSE,547.046302
62,45,ITH,FRD,IT,FR,Southern,Western,FALSE,FALSE,0.2,0.013657,0.022391,FALSE,FALSE,956.920844
62,46,ITH,FRE,IT,FR,Southern,Western,FALSE,FALSE,0.1,0.007398,0.02633,FALSE,FALSE,815.478412
62,47,ITH,FRF,IT,FR,Southern,Western,FALSE,FALSE,0.15,0.016606,0.024882,FALSE,FALSE,572.012305
62,48,ITH,FRG,IT,FR,Southern,Western,FALSE,FALSE,0.1,0.010094,0.020792,FALSE,FALSE,993.097498
62,49,ITH,FRH,IT,FR,Southern,Western,FALSE,FALSE,0.18,0.016883,0.024199,FALSE,FALSE,1130.689239
62,50,ITH,FRI,IT,FR,Southern,Western,FALSE,FALSE,0.12,0.018046,0.028373,FALSE,FALSE,870.143839
62,51,ITH,FRJ,IT,FR,Southern,Western,FALSE,FALSE,0.17,0.011148,0.021462,FALSE,FALSE,761.82603
62,52,ITH,FRK,IT,FR,Southern,Western,FALSE,FALSE,0.1,0.007812,0.020606,FALSE,FALSE,536.68828799999994
62,53,ITH,FRL,IT,FR,Southern,Western,FALSE,FALSE,0.12,0.01403,0.021234,FALSE,FALSE,461.672817
62,54,ITH,FRM,IT,FR,Southern,Western,FALSE,FALSE,0.13,0.014249,0.021226,FALSE,FALSE,421.854233
62,55,ITH,HU1,IT,HU,Southern,CEE,FALSE,FALSE,0.12,0.00848,0.043698,FALSE,FALSE,637.759416
62,56,ITH,HU2,IT,HU,Southern,CEE,FALSE,FALSE,0.12,0.011187,0.025894,FALSE,FALSE,493.771351
62,57,ITH,HU3,IT,HU,Southern,CEE,FALSE,FALSE,0.12,0.009419,0.05831,FALSE,FALSE,744.642032
62,58,ITH,IE0,IT,IE,Southern,Western,FALSE,FALSE,0.08,0.006265,0.011178,FALSE,FALSE,1654.824112
62,59,ITH,ITC,IT,IT,Southern,Southern,TRUE,TRUE,0.23,0.019008,0.025081,TRUE,TRUE,211.100359
62,60,ITH,ITF,IT,IT,Southern,Southern,TRUE,TRUE,0.14,0.011633,0.021449,FALSE,FALSE,663.91908
62,61,ITH,ITG,IT,IT,Southern,Southern,TRUE,TRUE,0.09,0.005491,0.016036,FALSE,FALSE,890.587815
62,63,ITH,ITI,IT,IT,Southern,Southern,TRUE,TRUE,0.2,0.021717,0.025616,TRUE,TRUE,290.572972
62,64,ITH,LT0,IT,LT,Southern,Baltics,FALSE,FALSE,0.15,0.013089,0.029341,FALSE,FALSE,1387.451663
62,65,ITH,LU0,IT,LU,Southern,Western,FALSE,FALSE,0.13,0.008856,0.017056,FALSE,FALSE,634.505201
62,66,ITH,LV0,IT,LV,Southern,Baltics,FALSE,FALSE,0.08,0.005429,0.019478,FALSE,FALSE,1605.237436
62,67,ITH,MT0,IT,MT,Southern,Southern,FALSE,TRUE,0.07,0.004102,0.015661,FALSE,FALSE,1064.348417
62,68,ITH,NL1,IT,NL,Southern,Western,FALSE,FALSE,0.13,0.009206,0.015211,FALSE,FALSE,923.386761
62,69,ITH,NL2,IT,NL,Southern,Western,FALSE,FALSE,0.14,0.010859,0.021087,FALSE,FALSE,854.838169
62,70,ITH,NL3,IT,NL,Southern,Western,FALSE,FALSE,0.12,0.010498,0.018717,FALSE,FALSE,867.17908
62,71,ITH,NL4,IT,NL,Southern,Western,FALSE,FALSE,0.14,0.013045,0.021377,FALSE,FALSE,782.243159
62,72,ITH,PL2,IT,PL,Southern,CEE,FALSE,FALSE,0.05,0.003196,0.06671,FALSE,FALSE,805.298202
62,73,ITH,PL4,IT,PL,Southern,CEE,FALSE,FALSE,0.05,0.003355,0.068643,FALSE,FALSE,888.821768
62,74,ITH,PL5,IT,PL,Southern,CEE,FALSE,FALSE,0.08,0.005534,0.016703,FALSE,FALSE,723.711497
62,75,ITH,PL6,IT,PL,Southern,CEE,FALSE,FALSE,0.13,0.009642,0.053619,FALSE,FALSE,1056.658034
62,76,ITH,PL7,IT,PL,Southern,CEE,FALSE,FALSE,0.08,0.003512,0.012993,FALSE,FALSE,878.166852
62,77,ITH,PL8,IT,PL,Southern,CEE,FALSE,FALSE,0.07,0.004289,0.041404,FALSE,FALSE,1078.564205
62,78,ITH,PL9,IT,PL,Southern,CEE,FALSE,FALSE,0.11,0.007765,0.026061,FALSE,FALSE,1045.106707
62,79,ITH,PT1,IT,PT,Southern,Southern,FALSE,TRUE,0.15,0.011731,0.022359,FALSE,FALSE,1763.659643
62,80,ITH,PT2,IT,PT,Southern,Southern,FALSE,TRUE,0.13,0.012674,0.020232,FALSE,FALSE,3153.227135
62,81,ITH,PT3,IT,PT,Southern,Southern,FALSE,TRUE,0.12,0.009652,0.014983,FALSE,FALSE,2799.324872
62,82,ITH,RO1,IT,RO,Southern,CEE,FALSE,FALSE,0.05,0.002886,0.060576,FALSE,FALSE,961.991182
62,83,ITH,RO2,IT,RO,Southern,CEE,FALSE,FALSE,0.12,0.008824,0.027234,FALSE,FALSE,1222.313505
62,84,ITH,RO3,IT,RO,Southern,CEE,FALSE,FALSE,0.05,0.003427,0.036022,FALSE,FALSE,1154.862824
62,85,ITH,RO4,IT,RO,Southern,CEE,FALSE,FALSE,0.08,0.006496,0.038314,FALSE,FALSE,875.157238
62,86,ITH,SE1,IT,SE,Southern,Northern,FALSE,FALSE,0.08,0.005778,0.045171,FALSE,FALSE,1560.481998
62,87,ITH,SE2,IT,SE,Southern,Northern,FALSE,FALSE,0.19,0.015321,0.077093,FALSE,FALSE,1324.431998
62,88,ITH,SE3,IT,SE,Southern,Northern,FALSE,FALSE,0.15,0.011366,0.049309,FALSE,FALSE,2074.450765
62,89,ITH,SI0,IT,SI,Southern,CEE,FALSE,FALSE,0.14,0.011434,0.020654,TRUE,TRUE,249.172285
62,90,ITH,SK0,IT,SK,Southern,CEE,FALSE,FALSE,0.12,0.012531,0.016974,FALSE,FALSE,657.049469
63,1,ITI,AT1,IT,AT,Southern,Western,FALSE,FALSE,0.1,0.020991,0.026843,FALSE,FALSE,624.953997
63,2,ITI,AT2,IT,AT,Southern,Western,FALSE,FALSE,0.12,0.017937,0.037806,FALSE,TRUE,516.067642
63,3,ITI,AT3,IT,AT,Southern,Western,FALSE,FALSE,0.08,0.009225,0.021931,FALSE,FALSE,544.083292
63,4,ITI,BE1,IT,BE,Southern,Western,FALSE,FALSE,0.09,0.009483,0.018562,FALSE,FALSE,1067.540685
63,5,ITI,BE2,IT,BE,Southern,Western,FALSE,FALSE,0.07,0.009058,0.022953,FALSE,FALSE,1092.093246
63,6,ITI,BE3,IT,BE,Southern,Western,FALSE,FALSE,0.11,0.015976,0.026249,FALSE,FALSE,972.000151
63,7,ITI,BG3,IT,BG,Southern,CEE,FALSE,FALSE,0.03,0.002255,0.010627,FALSE,FALSE,1057.000139
63,8,ITI,BG4,IT,BG,Southern,CEE,FALSE,FALSE,0.04,0.002752,0.013992,FALSE,FALSE,1006.148918
63,9,ITI,CY0,IT,CY,Southern,Southern,FALSE,TRUE,0.12,0.011735,0.020016,FALSE,FALSE,2010.258361
63,10,ITI,CZ0,IT,CZ,Southern,CEE,FALSE,FALSE,0.05,0.00471,0.020233,FALSE,FALSE,809.403889
63,11,ITI,DE1,IT,DE,Southern,Western,FALSE,FALSE,0.05,0.003933,0.021464,FALSE,FALSE,686.985169
63,12,ITI,DE2,IT,DE,Southern,Western,FALSE,FALSE,0.07,0.009807,0.021185,FALSE,FALSE,666.906109
63,13,ITI,DE3,IT,DE,Southern,Western,FALSE,FALSE,0.06,0.013389,0.022246,FALSE,FALSE,1074.880347
63,14,ITI,DE4,IT,DE,Southern,Western,FALSE,FALSE,0.05,0.008624,0.017725,FALSE,FALSE,1067.0041
63,15,ITI,DE5,IT,DE,Southern,Western,FALSE,FALSE,0.08,0.007108,0.019198,FALSE,FALSE,1164.676768
63,16,ITI,DE6,IT,DE,Southern,Western,FALSE,FALSE,0.05,0.005282,0.016225,FALSE,FALSE,1202.46923
63,17,ITI,DE7,IT,DE,Southern,Western,FALSE,FALSE,0.09,0.015534,0.022956,FALSE,FALSE,887.129132
63,18,ITI,DE8,IT,DE,Southern,Western,FALSE,FALSE,0.05,0.005012,0.019478,FALSE,FALSE,1224.253666
63,19,ITI,DE9,IT,DE,Southern,Western,FALSE,FALSE,0.06,0.010512,0.020783,FALSE,FALSE,1108.483671
63,20,ITI,DEA,IT,DE,Southern,Western,FALSE,FALSE,0.1,0.014877,0.026409,FALSE,FALSE,1010.508022
63,21,ITI,DEB,IT,DE,Southern,Western,FALSE,FALSE,0.1,0.01576,0.025352,FALSE,FALSE,870.091237
63,22,ITI,DEC,IT,DE,Southern,Western,FALSE,FALSE,0.06,0.006516,0.023406,FALSE,FALSE,826.966185
63,23,ITI,DED,IT,DE,Southern,Western,FALSE,FALSE,0.06,0.009734,0.021263,FALSE,FALSE,897.027266
63,24,ITI,DEE,IT,DE,Southern,Western,FALSE,FALSE,0.09,0.00715,0.018083,FALSE,FALSE,1013.278273
63,25,ITI,DEF,IT,DE,Southern,Western,FALSE,FALSE,0.05,0.017572,0.027181,FALSE,FALSE,1260.493249
63,26,ITI,DEG,IT,DE,Southern,Western,FALSE,FALSE,0.04,0.002518,0.023266,FALSE,FALSE,893.717983
63,27,ITI,DK0,IT,DK,Southern,Northern,FALSE,FALSE,0.09,0.016233,0.024743,FALSE,FALSE,1498.895789
63,28,ITI,EE0,IT,EE,Southern,Baltics,FALSE,FALSE,0.02,0.001678,0.009589,FALSE,FALSE,1995.354595
63,29,ITI,EL3,IT,EL,Southern,Southern,FALSE,TRUE,0.09,0.00596,0.057563,FALSE,FALSE,1103.029278
63,30,ITI,EL4,IT,EL,Southern,Southern,FALSE,TRUE,0.04,0.005504,0.043097,FALSE,FALSE,1369.859328
63,31,ITI,EL5,IT,EL,Southern,Southern,FALSE,TRUE,0.1,0.011043,0.05989,FALSE,FALSE,840.490966
63,32,ITI,EL6,IT,EL,Southern,Southern,FALSE,TRUE,0.05,0.008385,0.058206,FALSE,FALSE,931.065585
63,33,ITI,ES1,IT,ES,Southern,Southern,FALSE,TRUE,0.07,0.009531,0.021025,FALSE,FALSE,1378.641093
63,34,ITI,ES2,IT,ES,Southern,Southern,FALSE,TRUE,0.1,0.009311,0.027256,FALSE,FALSE,1066.6
63,35,ITI,ES3,IT,ES,Southern,Southern,FALSE,TRUE,0.15,0.020387,0.032848,FALSE,FALSE,1358.713209
63,36,ITI,ES4,IT,ES,Southern,Southern,FALSE,TRUE,0.11,0.017267,0.037705,FALSE,FALSE,1514.093322
63,37,ITI,ES5,IT,ES,Southern,Southern,FALSE,TRUE,0.14,0.035233,0.046103,FALSE,FALSE,852.861287
63,38,ITI,ES6,IT,ES,Southern,Southern,FALSE,TRUE,0.11,0.013256,0.029004,FALSE,FALSE,1485.243121
63,39,ITI,ES7,IT,ES,Southern,Southern,FALSE,TRUE,0.05,0.00512,0.01691,FALSE,FALSE,3023.418057
63,40,ITI,FI1,IT,FI,Southern,Northern,FALSE,FALSE,0.11,0.015163,0.025194,FALSE,FALSE,2611.832262
63,41,ITI,FI2,IT,FI,Southern,Northern,FALSE,FALSE,0.1,0.009622,0.015013,FALSE,FALSE,1997.668005
63,42,ITI,FR1,IT,FR,Southern,Western,FALSE,FALSE,0.07,0.006508,0.020174,FALSE,FALSE,991.270156
63,43,ITI,FRB,IT,FR,Southern,Western,FALSE,FALSE,0.08,0.028929,0.037151000000000003,FALSE,FALSE,989.813389
63,44,ITI,FRC,IT,FR,Southern,Western,FALSE,FALSE,0.06,0.009406,0.023205,FALSE,FALSE,753.801239
63,45,ITI,FRD,IT,FR,Southern,Western,FALSE,FALSE,0.06,0.005228,0.018334,FALSE,FALSE,1164.058458
63,46,ITI,FRE,IT,FR,Southern,Western,FALSE,FALSE,0.05,0.007612,0.023217,FALSE,FALSE,1058.879629
63,47,ITI,FRF,IT,FR,Southern,Western,FALSE,FALSE,0.15,0.040695,0.052338,FALSE,FALSE,823.399325
63,48,ITI,FRG,IT,FR,Southern,Western,FALSE,FALSE,0.1,0.034616,0.042984,FALSE,FALSE,1159.021249
63,49,ITI,FRH,IT,FR,Southern,Western,FALSE,FALSE,0.07,0.019075,0.029219,FALSE,FALSE,1306.086451
63,50,ITI,FRI,IT,FR,Southern,Western,FALSE,FALSE,0.12,0.046891,0.052525,FALSE,FALSE,972.587525
63,51,ITI,FRJ,IT,FR,Southern,Western,FALSE,FALSE,0.1,0.011834,0.024539,FALSE,FALSE,810.206512
63,52,ITI,FRK,IT,FR,Southern,Western,FALSE,FALSE,0.16,0.052237,0.052515,FALSE,FALSE,668.035287
63,53,ITI,FRL,IT,FR,Southern,Western,FALSE,FALSE,0.1,0.027537,0.033197,FALSE,TRUE,519.374645
63,54,ITI,FRM,IT,FR,Southern,Western,FALSE,FALSE,0.06,0.006712,0.017601,FALSE,TRUE,272.507007
63,55,ITI,HU1,IT,HU,Southern,CEE,FALSE,FALSE,0.07,0.004672,0.030253,FALSE,FALSE,756.562057
63,56,ITI,HU2,IT,HU,Southern,CEE,FALSE,FALSE,0.04,0.002032,0.015556,FALSE,FALSE,614.77519
63,57,ITI,HU3,IT,HU,Southern,CEE,FALSE,FALSE,0.03,0.002381,0.038434,FALSE,FALSE,835.046896
63,58,ITI,IE0,IT,IE,Southern,Western,FALSE,FALSE,0.04,0.00323,0.00963,FALSE,FALSE,1888.771946
63,59,ITI,ITC,IT,IT,Southern,Southern,TRUE,TRUE,0.13,0.025802,0.031025,TRUE,TRUE,371.847028
63,60,ITI,ITF,IT,IT,Southern,Southern,TRUE,TRUE,0.09,0.014037000000000001,0.0267,TRUE,TRUE,412.733157
63,61,ITI,ITG,IT,IT,Southern,Southern,TRUE,TRUE,0.16,0.029131,0.030783,FALSE,FALSE,600.426376
63,62,ITI,ITH,IT,IT,Southern,Southern,TRUE,TRUE,0.07,0.021955,0.030615,TRUE,TRUE,290.572972
63,64,ITI,LT0,IT,LT,Southern,Baltics,FALSE,FALSE,0.03,0.003101,0.01816,FALSE,FALSE,1608.352605
63,65,ITI,LU0,IT,LU,Southern,Western,FALSE,FALSE,0.04,0.002639,0.01413,FALSE,FALSE,902.56685
63,66,ITI,LV0,IT,LV,Southern,Baltics,FALSE,FALSE,0.03,0.001792,0.013957,FALSE,FALSE,1825.881522
63,67,ITI,MT0,IT,MT,Southern,Southern,FALSE,TRUE,0.03,0.001653,0.013676,FALSE,FALSE,774.149369
63,68,ITI,NL1,IT,NL,Southern,Western,FALSE,FALSE,0.08,0.012147,0.01866,FALSE,FALSE,1209.039028
63,69,ITI,NL2,IT,NL,Southern,Western,FALSE,FALSE,0.08,0.015172,0.024284,FALSE,FALSE,1138.543656
63,70,ITI,NL3,IT,NL,Southern,Western,FALSE,FALSE,0.11,0.010766,0.02014,FALSE,FALSE,1132.54265
63,71,ITI,NL4,IT,NL,Southern,Western,FALSE,FALSE,0.05,0.023095,0.03632,FALSE,FALSE,1059.085137
63,72,ITI,PL2,IT,PL,Southern,CEE,FALSE,FALSE,0,0,0.053178,FALSE,FALSE,992.114498
63,73,ITI,PL4,IT,PL,Southern,CEE,FALSE,FALSE,0,0,0.054939,FALSE,FALSE,1150.0593
63,74,ITI,PL5,IT,PL,Southern,CEE,FALSE,FALSE,0.02,0.001333,0.011092,FALSE,FALSE,959.881903
63,75,ITI,PL6,IT,PL,Southern,CEE,FALSE,FALSE,0.04,0.003466,0.045331,FALSE,FALSE,1295.686792
63,76,ITI,PL7,IT,PL,Southern,CEE,FALSE,FALSE,0.05,0.004466,0.012552,FALSE,FALSE,1089.414805
63,77,ITI,PL8,IT,PL,Southern,CEE,FALSE,FALSE,0.05,0.003626,0.036705,FALSE,FALSE,1263.051357
63,78,ITI,PL9,IT,PL,Southern,CEE,FALSE,FALSE,0.03,0.002448,0.020607,FALSE,FALSE,1253.118689
63,79,ITI,PT1,IT,PT,Southern,Southern,FALSE,TRUE,0.07,0.007514,0.017674,FALSE,FALSE,1769.223108
63,80,ITI,PT2,IT,PT,Southern,Southern,FALSE,TRUE,0.08,0.009331,0.019813,FALSE,FALSE,3214.935344
63,81,ITI,PT3,IT,PT,Southern,Southern,FALSE,TRUE,0.07,0.008008,0.015594,FALSE,FALSE,2773.130491
63,82,ITI,RO1,IT,RO,Southern,CEE,FALSE,FALSE,0.03,0.001687,0.041511,FALSE,FALSE,1017.280729
63,83,ITI,RO2,IT,RO,Southern,CEE,FALSE,FALSE,0.03,0.001635,0.018705,FALSE,FALSE,1247.145191
63,84,ITI,RO3,IT,RO,Southern,CEE,FALSE,FALSE,0.02,8.01e-4,0.02352,FALSE,FALSE,1136.381541
63,85,ITI,RO4,IT,RO,Southern,CEE,FALSE,FALSE,0.02,0.001296,0.023597,FALSE,FALSE,881.603384
63,86,ITI,SE1,IT,SE,Southern,Northern,FALSE,FALSE,0.04,0.002815,0.029819,FALSE,FALSE,1834.64403
63,87,ITI,SE2,IT,SE,Southern,Northern,FALSE,FALSE,0.08,0.004917,0.060813,FALSE,FALSE,1603.291407
63,88,ITI,SE3,IT,SE,Southern,Northern,FALSE,FALSE,0.08,0.006906,0.046665,FALSE,FALSE,2353.084648
63,89,ITI,SI0,IT,SI,Southern,CEE,FALSE,FALSE,0.11,0.016505,0.02567,FALSE,TRUE,410.813448
63,90,ITI,SK0,IT,SK,Southern,CEE,FALSE,FALSE,0.02,0.001222,0.007173,FALSE,FALSE,822.388001
64,1,LT0,AT1,LT,AT,Baltics,Western,FALSE,FALSE,0,0,5.26e-4,FALSE,FALSE,983.503014
64,2,LT0,AT2,LT,AT,Baltics,Western,FALSE,FALSE,0,0,4.15e-4,FALSE,FALSE,1092.944673
64,3,LT0,AT3,LT,AT,Baltics,Western,FALSE,FALSE,0,0,3.85e-4,FALSE,FALSE,1101.795699
64,4,LT0,BE1,LT,BE,Baltics,Western,FALSE,FALSE,0,0,3.09e-4,FALSE,FALSE,1377.428537
64,5,LT0,BE2,LT,BE,Baltics,Western,FALSE,FALSE,0,0,3.36e-4,FALSE,FALSE,1378.608503
64,6,LT0,BE3,LT,BE,Baltics,Western,FALSE,FALSE,0,0,2.33e-4,FALSE,FALSE,1364.864097
64,7,LT0,BG3,LT,BG,Baltics,CEE,FALSE,FALSE,0,0,5.62e-4,FALSE,FALSE,1332.780808
64,8,LT0,BG4,LT,BG,Baltics,CEE,FALSE,FALSE,0.02,0.005833,0.006572,FALSE,FALSE,1470.881139
64,9,LT0,CY0,LT,CY,Baltics,Southern,FALSE,FALSE,0,0,2.53e-4,FALSE,FALSE,2345.462339
64,10,LT0,CZ0,LT,CZ,Baltics,CEE,FALSE,FALSE,0.01,0.003333,0.008313,FALSE,FALSE,817.502286
64,11,LT0,DE1,LT,DE,Baltics,Western,FALSE,FALSE,0,0,4.14e-4,FALSE,FALSE,1238.158266
64,12,LT0,DE2,LT,DE,Baltics,Western,FALSE,FALSE,0,0,0.001011,FALSE,FALSE,1063.030197
64,13,LT0,DE3,LT,DE,Baltics,Western,FALSE,FALSE,0,0,4.04e-4,FALSE,FALSE,739.887264
64,14,LT0,DE4,LT,DE,Baltics,Western,FALSE,FALSE,0,0,0.003451,FALSE,FALSE,785.140599
64,15,LT0,DE5,LT,DE,Baltics,Western,FALSE,FALSE,0,0,9.98e-4,FALSE,FALSE,995.981726
64,16,LT0,DE6,LT,DE,Baltics,Western,FALSE,FALSE,0,0,0.001356,FALSE,FALSE,903.412078
64,17,LT0,DE7,LT,DE,Baltics,Western,FALSE,FALSE,0,0,9.96e-4,FALSE,FALSE,1108.288738
64,18,LT0,DE8,LT,DE,Baltics,Western,FALSE,FALSE,0,0,4.95e-4,FALSE,FALSE,741.112536
64,19,LT0,DE9,LT,DE,Baltics,Western,FALSE,FALSE,0,0,0.001117,FALSE,FALSE,1017.012022
64,20,LT0,DEA,LT,DE,Baltics,Western,FALSE,FALSE,0,0,4.02e-4,FALSE,FALSE,1150.711147
64,21,LT0,DEB,LT,DE,Baltics,Western,FALSE,FALSE,0,0,2.52e-4,FALSE,FALSE,1252.901641
64,22,LT0,DEC,LT,DE,Baltics,Western,FALSE,FALSE,0,0,6.11e-4,FALSE,FALSE,1307.893462
64,23,LT0,DED,LT,DE,Baltics,Western,FALSE,FALSE,0,0,8.92e-4,FALSE,FALSE,835.864603
64,24,LT0,DEE,LT,DE,Baltics,Western,FALSE,FALSE,0,0,6.41e-4,FALSE,FALSE,870.39465
64,25,LT0,DEF,LT,DE,Baltics,Western,FALSE,FALSE,0,0,0.001424,FALSE,FALSE,894.929691
64,26,LT0,DEG,LT,DE,Baltics,Western,FALSE,FALSE,0,0,5e-4,FALSE,FALSE,959.905703
64,27,LT0,DK0,LT,DK,Baltics,Northern,FALSE,FALSE,0,0,9.86e-4,FALSE,FALSE,909.668412
64,28,LT0,EE0,LT,EE,Baltics,Baltics,FALSE,TRUE,0.08,0.028333,0.027177,FALSE,TRUE,410.223778
64,29,LT0,EL3,LT,EL,Baltics,Southern,FALSE,FALSE,0,0,0.004147,FALSE,FALSE,1916.172187
64,30,LT0,EL4,LT,EL,Baltics,Southern,FALSE,FALSE,0,0,0.003352,FALSE,FALSE,2230.342778
64,31,LT0,EL5,LT,EL,Baltics,Southern,FALSE,FALSE,0,0,0.005086,FALSE,FALSE,1636.965356
64,32,LT0,EL6,LT,EL,Baltics,Southern,FALSE,FALSE,0,0,0.00747,FALSE,FALSE,1793.457318
64,33,LT0,ES1,LT,ES,Baltics,Southern,FALSE,FALSE,0,0,3.41e-4,FALSE,FALSE,2429.425983
64,34,LT0,ES2,LT,ES,Baltics,Southern,FALSE,FALSE,0,0,4.82e-4,FALSE,FALSE,2313.384182
64,35,LT0,ES3,LT,ES,Baltics,Southern,FALSE,FALSE,0,0,2.99e-4,FALSE,FALSE,2592.142826
64,36,LT0,ES4,LT,ES,Baltics,Southern,FALSE,FALSE,0,0,4.53e-4,FALSE,FALSE,2716.405741
64,37,LT0,ES5,LT,ES,Baltics,Southern,FALSE,FALSE,0,0,4.88e-4,FALSE,FALSE,2317.760031
64,38,LT0,ES6,LT,ES,Baltics,Southern,FALSE,FALSE,0,0,6.07e-4,FALSE,FALSE,2846.623001
64,39,LT0,ES7,LT,ES,Baltics,Southern,FALSE,FALSE,0,0,2.93e-4,FALSE,FALSE,4350.308974
64,40,LT0,FI1,LT,FI,Baltics,Northern,FALSE,FALSE,0,0,0.002498,FALSE,FALSE,1070.494682
64,41,LT0,FI2,LT,FI,Baltics,Northern,FALSE,FALSE,0,0,2.55e-4,FALSE,FALSE,597.386989
64,42,LT0,FR1,LT,FR,Baltics,Western,FALSE,FALSE,0,0,3.38e-4,FALSE,FALSE,1614.692952
64,43,LT0,FRB,LT,FR,Baltics,Western,FALSE,FALSE,0,0,3.4e-4,FALSE,FALSE,1740.774007
64,44,LT0,FRC,LT,FR,Baltics,Western,FALSE,FALSE,0,0,0.001406,FALSE,FALSE,1567.261509
64,45,LT0,FRD,LT,FR,Baltics,Western,FALSE,FALSE,0,0,9.88e-4,FALSE,FALSE,1747.684396
64,46,LT0,FRE,LT,FR,Baltics,Western,FALSE,FALSE,0,0,0.001487,FALSE,FALSE,1516.068037
64,47,LT0,FRF,LT,FR,Baltics,Western,FALSE,FALSE,0,0,0.001,FALSE,FALSE,1415.810725
64,48,LT0,FRG,LT,FR,Baltics,Western,FALSE,FALSE,0,0,3.93e-4,FALSE,FALSE,1916.914969
64,49,LT0,FRH,LT,FR,Baltics,Western,FALSE,FALSE,0,0,3.72e-4,FALSE,FALSE,1974.611737
64,50,LT0,FRI,LT,FR,Baltics,Western,FALSE,FALSE,0,0,3.66e-4,FALSE,FALSE,1993.661943
64,51,LT0,FRJ,LT,FR,Baltics,Western,FALSE,FALSE,0,0,3.38e-4,FALSE,FALSE,2002.371659
64,52,LT0,FRK,LT,FR,Baltics,Western,FALSE,FALSE,0,0,6.15e-4,FALSE,FALSE,1723.601929
64,53,LT0,FRL,LT,FR,Baltics,Western,FALSE,FALSE,0,0,9.48e-4,FALSE,FALSE,1767.135442
64,54,LT0,FRM,LT,FR,Baltics,Western,FALSE,FALSE,0,0,9.22e-4,FALSE,FALSE,1808.355326
64,55,LT0,HU1,LT,HU,Baltics,CEE,FALSE,FALSE,0.01,0.001667,0.009581,FALSE,FALSE,921.260263
64,56,LT0,HU2,LT,HU,Baltics,CEE,FALSE,FALSE,0.02,0.005,0.008822,FALSE,FALSE,1028.044978
64,57,LT0,HU3,LT,HU,Baltics,CEE,FALSE,FALSE,0.01,0.003333,0.016138,FALSE,FALSE,922.321105
64,58,LT0,IE0,LT,IE,Baltics,Western,FALSE,FALSE,0,0,2.39e-4,FALSE,FALSE,2036.296906
64,59,LT0,ITC,LT,IT,Baltics,Southern,FALSE,FALSE,0,0,8.6e-4,FALSE,FALSE,1531.543244
64,60,LT0,ITF,LT,IT,Baltics,Southern,FALSE,FALSE,0,0,3.33e-4,FALSE,FALSE,1753.377842
64,61,LT0,ITG,LT,IT,Baltics,Southern,FALSE,FALSE,0,0,8.05e-4,FALSE,FALSE,2100.153103
64,62,LT0,ITH,LT,IT,Baltics,Southern,FALSE,FALSE,0,0,6.71e-4,FALSE,FALSE,1387.451663
64,63,LT0,ITI,LT,IT,Baltics,Southern,FALSE,FALSE,0,0,5.08e-4,FALSE,FALSE,1608.352605
64,65,LT0,LU0,LT,LU,Baltics,Western,FALSE,FALSE,0,0,1.65e-4,FALSE,FALSE,1331.07378
64,66,LT0,LV0,LT,LV,Baltics,Baltics,FALSE,TRUE,0.3,0.125,0.132884,TRUE,TRUE,218.048887
64,67,LT0,MT0,LT,MT,Baltics,Southern,FALSE,FALSE,0,0,2.32e-4,FALSE,FALSE,2254.213255
64,68,LT0,NL1,LT,NL,Baltics,Western,FALSE,FALSE,0,0,3.9e-4,FALSE,FALSE,1165.629074
64,69,LT0,NL2,LT,NL,Baltics,Western,FALSE,FALSE,0,0,7.81e-4,FALSE,FALSE,1193.195538
64,70,LT0,NL3,LT,NL,Baltics,Western,FALSE,FALSE,0,0,8.36e-4,FALSE,FALSE,1390.008754
64,71,LT0,NL4,LT,NL,Baltics,Western,FALSE,FALSE,0,0,3.58e-4,FALSE,FALSE,1271.894876
64,72,LT0,PL2,LT,PL,Baltics,CEE,FALSE,FALSE,0.02,0.005833,0.264193,FALSE,FALSE,631.126662
64,73,LT0,PL4,LT,PL,Baltics,CEE,FALSE,FALSE,0.02,0.005,0.281892,FALSE,TRUE,571.680155
64,74,LT0,PL5,LT,PL,Baltics,CEE,FALSE,FALSE,0.59,0.254167,0.192251,FALSE,FALSE,665.066444
64,75,LT0,PL6,LT,PL,Baltics,CEE,FALSE,FALSE,0.09,0.031667,0.271489,TRUE,TRUE,349.667292
64,76,LT0,PL7,LT,PL,Baltics,CEE,FALSE,FALSE,0,0,0.006277,FALSE,TRUE,519.265661
64,77,LT0,PL8,LT,PL,Baltics,CEE,FALSE,FALSE,0.46,0.195833,0.223305,TRUE,TRUE,401.708032
64,78,LT0,PL9,LT,PL,Baltics,CEE,FALSE,FALSE,0,0,0.074335,FALSE,TRUE,360.191225
64,79,LT0,PT1,LT,PT,Baltics,Southern,FALSE,FALSE,0,0,4.42e-4,FALSE,FALSE,2943.892353
64,80,LT0,PT2,LT,PT,Baltics,Southern,FALSE,FALSE,0,0,0.004105,FALSE,FALSE,4102.905824
64,81,LT0,PT3,LT,PT,Baltics,Southern,FALSE,FALSE,0,0,1.85e-4,FALSE,FALSE,3989.588461
64,82,LT0,RO1,LT,RO,Baltics,CEE,FALSE,FALSE,0.13,0.058333,0.306723,FALSE,FALSE,950.467234
64,83,LT0,RO2,LT,RO,Baltics,CEE,FALSE,FALSE,0.27,0.115,0.15528,FALSE,FALSE,1063.781061
64,84,LT0,RO3,LT,RO,Baltics,CEE,FALSE,FALSE,0.09,0.03,0.157697,FALSE,FALSE,1222.863634
64,85,LT0,RO4,LT,RO,Baltics,CEE,FALSE,FALSE,0.13,0.058333,0.166616,FALSE,FALSE,1123.937807
64,86,LT0,SE1,LT,SE,Baltics,Northern,FALSE,FALSE,0,0,0.001418,FALSE,FALSE,617.196432
64,87,LT0,SE2,LT,SE,Baltics,Northern,FALSE,FALSE,0,0,0.003295,FALSE,FALSE,619.221073
64,88,LT0,SE3,LT,SE,Baltics,Northern,FALSE,FALSE,0,0,0.003599,FALSE,FALSE,1041.746952
64,89,LT0,SI0,LT,SI,Baltics,CEE,FALSE,FALSE,0,0,5.75e-4,FALSE,FALSE,1197.542689
64,90,LT0,SK0,LT,SK,Baltics,CEE,FALSE,FALSE,0.17,0.073333,0.055029,FALSE,FALSE,808.543308
65,1,LU0,AT1,LU,AT,Western,Western,FALSE,TRUE,0.05,0.00639,0.015224,FALSE,FALSE,747.447757
65,2,LU0,AT2,LU,AT,Western,Western,FALSE,TRUE,0.07,0.009596,0.018139,FALSE,FALSE,725.517995
65,3,LU0,AT3,LU,AT,Western,Western,FALSE,TRUE,0.19,0.015004,0.020714,FALSE,FALSE,583.20548
65,4,LU0,BE1,LU,BE,Western,Western,FALSE,TRUE,0.16,0.02005,0.024856,FALSE,TRUE,168.361792
65,5,LU0,BE2,LU,BE,Western,Western,FALSE,TRUE,0.12,0.01436,0.019707,FALSE,TRUE,192.112411
65,6,LU0,BE3,LU,BE,Western,Western,FALSE,TRUE,0.1,0.010747,0.017264,TRUE,TRUE,75.998377
65,7,LU0,BG3,LU,BG,Western,CEE,FALSE,FALSE,0.12,0.013288,0.015543,FALSE,FALSE,1620.305966
65,8,LU0,BG4,LU,BG,Western,CEE,FALSE,FALSE,0.07,0.007207,0.014016,FALSE,FALSE,1649.813212
65,9,LU0,CY0,LU,CY,Western,Southern,FALSE,FALSE,0.12,0.012546,0.01733,FALSE,FALSE,2730.949997
65,10,LU0,CZ0,LU,CZ,Western,CEE,FALSE,FALSE,0.08,0.005173,0.019678,FALSE,FALSE,689.980396
65,11,LU0,DE1,LU,DE,Western,Western,FALSE,TRUE,0.08,0.00488,0.017053,FALSE,FALSE,252.074407
65,12,LU0,DE2,LU,DE,Western,Western,FALSE,TRUE,0.11,0.008121,0.017026,FALSE,FALSE,446.308529
65,13,LU0,DE3,LU,DE,Western,Western,FALSE,TRUE,0.09,0.008238,0.015606,FALSE,FALSE,591.224245
65,14,LU0,DE4,LU,DE,Western,Western,FALSE,TRUE,0.11,0.013955,0.019067,FALSE,FALSE,546.238713
65,15,LU0,DE5,LU,DE,Western,Western,FALSE,TRUE,0.13,0.011252,0.01619,FALSE,FALSE,411.923446
65,16,LU0,DE6,LU,DE,Western,Western,FALSE,TRUE,0.05,0.002583,0.009593,FALSE,FALSE,499.638649
65,17,LU0,DE7,LU,DE,Western,Western,FALSE,TRUE,0.1,0.006547,0.013504,FALSE,FALSE,227.977429
65,18,LU0,DE8,LU,DE,Western,Western,FALSE,TRUE,0.08,0.003788,0.013135,FALSE,FALSE,628.270623
65,19,LU0,DE9,LU,DE,Western,Western,FALSE,TRUE,0.14,0.014458,0.024184,FALSE,FALSE,361.937455
65,20,LU0,DEA,LU,DE,Western,Western,FALSE,TRUE,0.06,0.007315,0.015963,FALSE,FALSE,205.255841
65,21,LU0,DEB,LU,DE,Western,Western,FALSE,TRUE,0.14,0.015626,0.021133,TRUE,TRUE,86.557927
65,22,LU0,DEC,LU,DE,Western,Western,FALSE,TRUE,0.12,0.01502,0.023882,TRUE,TRUE,80.12453
65,23,LU0,DED,LU,DE,Western,Western,FALSE,TRUE,0.07,0.00292,0.01684,FALSE,FALSE,538.115597
65,24,LU0,DEE,LU,DE,Western,Western,FALSE,TRUE,0.12,0.010297,0.018781,FALSE,FALSE,460.679165
65,25,LU0,DEF,LU,DE,Western,Western,FALSE,TRUE,0.07,0.004892,0.014942,FALSE,FALSE,544.647277
65,26,LU0,DEG,LU,DE,Western,Western,FALSE,TRUE,0.1,0.00927,0.01865,FALSE,FALSE,386.57721
65,27,LU0,DK0,LU,DK,Western,Northern,FALSE,FALSE,0.16,0.019254,0.023106,FALSE,FALSE,743.866545
65,28,LU0,EE0,LU,EE,Western,Baltics,FALSE,FALSE,0.27,0.043329,0.041054,FALSE,FALSE,1598.079225
65,29,LU0,EL3,LU,EL,Western,Southern,FALSE,FALSE,0.07,0.007623,0.038647,FALSE,FALSE,1906.963485
65,30,LU0,EL4,LU,EL,Western,Southern,FALSE,FALSE,0.06,0.005956,0.031457,FALSE,FALSE,2210.158769
65,31,LU0,EL5,LU,EL,Western,Southern,FALSE,FALSE,0.08,0.005494,0.037682,FALSE,FALSE,1597.076216
65,32,LU0,EL6,LU,EL,Western,Southern,FALSE,FALSE,0.05,0.002107,0.037112,FALSE,FALSE,1730.1367
65,33,LU0,ES1,LU,ES,Western,Southern,FALSE,FALSE,0.14,0.018295,0.022296,FALSE,FALSE,1099.501157
65,34,LU0,ES2,LU,ES,Western,Southern,FALSE,FALSE,0.14,0.017972,0.023115,FALSE,FALSE,1030.569012
65,35,LU0,ES3,LU,ES,Western,Southern,FALSE,FALSE,0.09,0.006562,0.015869,FALSE,FALSE,1284.89842
65,36,LU0,ES4,LU,ES,Western,Southern,FALSE,FALSE,0.13,0.013519,0.023311,FALSE,FALSE,1397.545407
65,37,LU0,ES5,LU,ES,Western,Southern,FALSE,FALSE,0.1,0.011156,0.022895,FALSE,FALSE,1160.86921
65,38,LU0,ES6,LU,ES,Western,Southern,FALSE,FALSE,0.08,0.007629,0.02152,FALSE,FALSE,1569.57585
65,39,LU0,ES7,LU,ES,Western,Southern,FALSE,FALSE,0.08,0.005797,0.01318,FALSE,FALSE,3030.687466
65,40,LU0,FI1,LU,FI,Western,Northern,FALSE,FALSE,0.12,0.010855,0.018387,FALSE,FALSE,2080.103235
65,41,LU0,FI2,LU,FI,Western,Northern,FALSE,FALSE,0.04,0.001692,0.007856,FALSE,FALSE,1448.269257
65,42,LU0,FR1,LU,FR,Western,Western,FALSE,TRUE,0.1,0.008263,0.015596,FALSE,FALSE,286.882509
65,43,LU0,FRB,LU,FR,Western,Western,FALSE,TRUE,0.13,0.013303,0.02303,FALSE,FALSE,409.7022
65,44,LU0,FRC,LU,FR,Western,Western,FALSE,TRUE,0.11,0.009107,0.018313,FALSE,FALSE,290.504314
65,45,LU0,FRD,LU,FR,Western,Western,FALSE,TRUE,0.12,0.01365,0.019051,FALSE,FALSE,447.933896
65,46,LU0,FRE,LU,FR,Western,Western,FALSE,TRUE,0.14,0.014385,0.020427,FALSE,FALSE,227.521701
65,47,LU0,FRF,LU,FR,Western,Western,FALSE,TRUE,0.09,0.007312,0.020049,TRUE,TRUE,117.070462
65,48,LU0,FRG,LU,FR,Western,Western,FALSE,TRUE,0.06,0.003904,0.016193,FALSE,FALSE,591.634327
65,49,LU0,FRH,LU,FR,Western,Western,FALSE,TRUE,0.07,0.004637,0.013624,FALSE,FALSE,673.716923
65,50,LU0,FRI,LU,FR,Western,Western,FALSE,TRUE,0.05,0.007089,0.017703,FALSE,FALSE,679.238152
65,51,LU0,FRJ,LU,FR,Western,Western,FALSE,TRUE,0.12,0.009511,0.016638,FALSE,FALSE,745.343854
65,52,LU0,FRK,LU,FR,Western,Western,FALSE,TRUE,0.15,0.017492,0.022475,FALSE,FALSE,493.665584
65,53,LU0,FRL,LU,FR,Western,Western,FALSE,TRUE,0.11,0.015666,0.019795,FALSE,FALSE,634.22413100000006
65,54,LU0,FRM,LU,FR,Western,Western,FALSE,TRUE,0.06,0.006412,0.013415,FALSE,FALSE,887.681043
65,55,LU0,HU1,LU,HU,Western,CEE,FALSE,FALSE,0.03,0.001247,0.025758,FALSE,FALSE,1007.097288
65,56,LU0,HU2,LU,HU,Western,CEE,FALSE,FALSE,0.08,0.005511,0.017184,FALSE,FALSE,912.828335
65,57,LU0,HU3,LU,HU,Western,CEE,FALSE,FALSE,0.03,0.00231,0.034761,FALSE,FALSE,1128.551299
65,58,LU0,IE0,LU,IE,Western,Western,FALSE,TRUE,0.02,0.001051,0.006504,FALSE,FALSE,1042.343696
65,59,LU0,ITC,LU,IT,Western,Southern,FALSE,FALSE,0.1,0.011161,0.016919,FALSE,FALSE,553.672086
65,60,LU0,ITF,LU,IT,Western,Southern,FALSE,FALSE,0.09,0.008368,0.01714,FALSE,FALSE,1297.546698
65,61,LU0,ITG,LU,IT,Western,Southern,FALSE,FALSE,0.06,0.005892,0.013703,FALSE,FALSE,1490.473622
65,62,LU0,ITH,LU,IT,Western,Southern,FALSE,FALSE,0.14,0.01501,0.020232,FALSE,FALSE,634.505201
65,63,LU0,ITI,LU,IT,Western,Southern,FALSE,FALSE,0.08,0.008897,0.016891,FALSE,FALSE,902.56685
65,64,LU0,LT0,LU,LT,Western,Baltics,FALSE,FALSE,0.14,0.019375,0.049645,FALSE,FALSE,1331.07378
65,66,LU0,LV0,LU,LV,Western,Baltics,FALSE,FALSE,0.16,0.026893,0.048979,FALSE,FALSE,1523.947866
65,67,LU0,MT0,LU,MT,Western,Southern,FALSE,FALSE,0.14,0.013089,0.018696,FALSE,FALSE,1661.653709
65,68,LU0,NL1,LU,NL,Western,Western,FALSE,TRUE,0,0,0.007047,FALSE,FALSE,352.949354
65,69,LU0,NL2,LU,NL,Western,Western,FALSE,TRUE,0.09,0.008708,0.016963,FALSE,FALSE,275.455937
65,70,LU0,NL3,LU,NL,Western,Western,FALSE,TRUE,0.14,0.010169,0.019565,FALSE,FALSE,232.723442
65,71,LU0,NL4,LU,NL,Western,Western,FALSE,TRUE,0.08,0.006596,0.01436,FALSE,TRUE,168.837806
65,72,LU0,PL2,LU,PL,Western,CEE,FALSE,FALSE,0.04,0.003678,0.062381,FALSE,FALSE,979.372626
65,73,LU0,PL4,LU,PL,Western,CEE,FALSE,FALSE,0.07,0.004079,0.066167,FALSE,FALSE,761.878235
65,74,LU0,PL5,LU,PL,Western,CEE,FALSE,FALSE,0.06,0.004304,0.018094,FALSE,FALSE,774.703533
65,75,LU0,PL6,LU,PL,Western,CEE,FALSE,FALSE,0.09,0.00547,0.05202,FALSE,FALSE,989.28738
65,76,LU0,PL7,LU,PL,Western,CEE,FALSE,FALSE,0.08,0.006298,0.012787,FALSE,FALSE,959.36951
65,77,LU0,PL8,LU,PL,Western,CEE,FALSE,FALSE,0.09,0.0074400000000000004,0.042076,FALSE,FALSE,1189.310112
65,78,LU0,PL9,LU,PL,Western,CEE,FALSE,FALSE,0.05,0.003027,0.021797,FALSE,FALSE,1093.086596
65,79,LU0,PT1,LU,PT,Western,Southern,FALSE,FALSE,0.15,0.017638,0.023892,FALSE,FALSE,1616.623029
65,80,LU0,PT2,LU,PT,Western,Southern,FALSE,FALSE,0.06,0.00491,0.014723,FALSE,FALSE,2817.148805
65,81,LU0,PT3,LU,PT,Western,Southern,FALSE,FALSE,0.09,0.007289,0.012383,FALSE,FALSE,2659.248074
65,82,LU0,RO1,LU,RO,Western,CEE,FALSE,FALSE,0.18,0.019885,0.125037,FALSE,FALSE,1356.218749
65,83,LU0,RO2,LU,RO,Western,CEE,FALSE,FALSE,0.19,0.018398,0.051962,FALSE,FALSE,1628.83796
65,84,LU0,RO3,LU,RO,Western,CEE,FALSE,FALSE,0.22,0.022794,0.072032,FALSE,FALSE,1625.686775
65,85,LU0,RO4,LU,RO,Western,CEE,FALSE,FALSE,0.17,0.01712,0.068142,FALSE,FALSE,1347.151629
65,86,LU0,SE1,LU,SE,Western,Northern,FALSE,FALSE,0.39,0.059725,0.110047,FALSE,FALSE,1233.749162
65,87,LU0,SE2,LU,SE,Western,Northern,FALSE,FALSE,0.3,0.039539,0.166105,FALSE,FALSE,987.494965
65,88,LU0,SE3,LU,SE,Western,Northern,FALSE,FALSE,0.12,0.019283,0.097797,FALSE,FALSE,1685.676511
65,89,LU0,SI0,LU,SI,Western,CEE,FALSE,FALSE,0.1,0.008839,0.015555,FALSE,FALSE,751.627267
65,90,LU0,SK0,LU,SK,Western,CEE,FALSE,FALSE,0.21,0.024512,0.024613,FALSE,FALSE,933.276881
66,1,LV0,AT1,LV,AT,Baltics,Western,FALSE,FALSE,0,0,3.26e-4,FALSE,FALSE,1201.180466
66,2,LV0,AT2,LV,AT,Baltics,Western,FALSE,FALSE,0,0,2.57e-4,FALSE,FALSE,1310.729258
66,3,LV0,AT3,LV,AT,Baltics,Western,FALSE,FALSE,0,0,2.55e-4,FALSE,FALSE,1319.323252
66,4,LV0,BE1,LV,BE,Baltics,Western,FALSE,FALSE,0,0,2.47e-4,FALSE,FALSE,1557.568653
66,5,LV0,BE2,LV,BE,Baltics,Western,FALSE,FALSE,0,0,3.66e-4,FALSE,FALSE,1556.650417
66,6,LV0,BE3,LV,BE,Baltics,Western,FALSE,FALSE,0,0,2.18e-4,FALSE,FALSE,1552.623065
66,7,LV0,BG3,LV,BG,Baltics,CEE,FALSE,FALSE,0,0,4.08e-4,FALSE,FALSE,1494.919851
66,8,LV0,BG4,LV,BG,Baltics,CEE,FALSE,FALSE,0,0,0.004061,FALSE,FALSE,1639.362934
66,9,LV0,CY0,LV,CY,Baltics,Southern,FALSE,FALSE,0,0,1.56e-4,FALSE,FALSE,2456.097446
66,10,LV0,CZ0,LV,CZ,Baltics,CEE,FALSE,FALSE,0,0,0.004557,FALSE,FALSE,1035.043545
66,11,LV0,DE1,LV,DE,Baltics,Western,FALSE,FALSE,0,0,2.8e-4,FALSE,FALSE,1445.591201
66,12,LV0,DE2,LV,DE,Baltics,Western,FALSE,FALSE,0,0,0.001385,FALSE,FALSE,1276.668219
66,13,LV0,DE3,LV,DE,Baltics,Western,FALSE,FALSE,0,0,2.49e-4,FALSE,FALSE,935.796562
66,14,LV0,DE4,LV,DE,Baltics,Western,FALSE,FALSE,0,0,0.001982,FALSE,FALSE,978.599328
66,15,LV0,DE5,LV,DE,Baltics,Western,FALSE,FALSE,0,0,6.41e-4,FALSE,FALSE,1167.476204
66,16,LV0,DE6,LV,DE,Baltics,Western,FALSE,FALSE,0,0,7.05e-4,FALSE,FALSE,1072.24827
66,17,LV0,DE7,LV,DE,Baltics,Western,FALSE,FALSE,0,0,6.36e-4,FALSE,FALSE,1305.382856
66,18,LV0,DE8,LV,DE,Baltics,Western,FALSE,FALSE,0,0,2.85e-4,FALSE,FALSE,914.020814
66,19,LV0,DE9,LV,DE,Baltics,Western,FALSE,FALSE,0,0,7.16e-4,FALSE,FALSE,1194.808465
66,20,LV0,DEA,LV,DE,Baltics,Western,FALSE,FALSE,0,0,1.99e-4,FALSE,FALSE,1336.211171
66,21,LV0,DEB,LV,DE,Baltics,Western,FALSE,FALSE,0,0,1.67e-4,FALSE,FALSE,1448.62751
66,22,LV0,DEC,LV,DE,Baltics,Western,FALSE,FALSE,0,0,4.25e-4,FALSE,FALSE,1506.047377
66,23,LV0,DED,LV,DE,Baltics,Western,FALSE,FALSE,0,0,6.89e-4,FALSE,FALSE,1044.97406
66,24,LV0,DEE,LV,DE,Baltics,Western,FALSE,FALSE,0,0,3.94e-4,FALSE,FALSE,1064.965901
66,25,LV0,DEF,LV,DE,Baltics,Western,FALSE,FALSE,0,0,0.001896,FALSE,FALSE,1055.493543
66,26,LV0,DEG,LV,DE,Baltics,Western,FALSE,FALSE,0,0,5.81e-4,FALSE,FALSE,1161.92317
66,27,LV0,DK0,LV,DK,Baltics,Northern,FALSE,FALSE,0,0,6.82e-4,FALSE,FALSE,1029.397203
66,28,LV0,EE0,LV,EE,Baltics,Baltics,FALSE,TRUE,0,0,0.025015,TRUE,TRUE,234.25381
66,29,LV0,EL3,LV,EL,Baltics,Southern,FALSE,FALSE,0,0,0.002348,FALSE,FALSE,2089.401255
66,30,LV0,EL4,LV,EL,Baltics,Southern,FALSE,FALSE,0,0,0.00228,FALSE,FALSE,2397.278801
66,31,LV0,EL5,LV,EL,Baltics,Southern,FALSE,FALSE,0,0,0.002878,FALSE,FALSE,1821.398368
66,32,LV0,EL6,LV,EL,Baltics,Southern,FALSE,FALSE,0,0,0.004011,FALSE,FALSE,1975.272011
66,33,LV0,ES1,LV,ES,Baltics,Southern,FALSE,FALSE,0,0,2.1e-4,FALSE,FALSE,2623.419289
66,34,LV0,ES2,LV,ES,Baltics,Southern,FALSE,FALSE,0,0,4.26e-4,FALSE,FALSE,2519.707672
66,35,LV0,ES3,LV,ES,Baltics,Southern,FALSE,FALSE,0,0,2.1e-4,FALSE,FALSE,2795.086264
66,36,LV0,ES4,LV,ES,Baltics,Southern,FALSE,FALSE,0,0,2.38e-4,FALSE,FALSE,2916.425429
66,37,LV0,ES5,LV,ES,Baltics,Southern,FALSE,FALSE,0,0,2.9e-4,FALSE,FALSE,2532.859333
66,38,LV0,ES6,LV,ES,Baltics,Southern,FALSE,FALSE,0,0,6.1e-4,FALSE,FALSE,3054.873347
66,39,LV0,ES7,LV,ES,Baltics,Southern,FALSE,FALSE,0,0,1.81e-4,FALSE,FALSE,4550.886126
66,40,LV0,FI1,LV,FI,Baltics,Northern,FALSE,FALSE,0.01,0.003333,0.003975,FALSE,FALSE,889.403342
66,41,LV0,FI2,LV,FI,Baltics,Northern,FALSE,FALSE,0,0,3.27e-4,FALSE,TRUE,528.128325
66,42,LV0,FR1,LV,FR,Baltics,Western,FALSE,FALSE,0,0,1.89e-4,FALSE,FALSE,1804.021598
66,43,LV0,FRB,LV,FR,Baltics,Western,FALSE,FALSE,0,0,2.07e-4,FALSE,FALSE,1932.906334
66,44,LV0,FRC,LV,FR,Baltics,Western,FALSE,FALSE,0,0,0.001188,FALSE,FALSE,1769.755231
66,45,LV0,FRD,LV,FR,Baltics,Western,FALSE,FALSE,0,0,5.01e-4,FALSE,FALSE,1928.141012
66,46,LV0,FRE,LV,FR,Baltics,Western,FALSE,FALSE,0,0,0.001062,FALSE,FALSE,1698.776113
66,47,LV0,FRF,LV,FR,Baltics,Western,FALSE,FALSE,0,0,8.39e-4,FALSE,FALSE,1613.813984
66,48,LV0,FRG,LV,FR,Baltics,Western,FALSE,FALSE,0,0,2.22e-4,FALSE,FALSE,2103.363084
66,49,LV0,FRH,LV,FR,Baltics,Western,FALSE,FALSE,0,0,1.97e-4,FALSE,FALSE,2152.818046
66,50,LV0,FRI,LV,FR,Baltics,Western,FALSE,FALSE,0,0,2.29e-4,FALSE,FALSE,2193.710752
66,51,LV0,FRJ,LV,FR,Baltics,Western,FALSE,FALSE,0,0,1.52e-4,FALSE,FALSE,2210.197903
66,52,LV0,FRK,LV,FR,Baltics,Western,FALSE,FALSE,0,0,4.22e-4,FALSE,FALSE,1931.539492
66,53,LV0,FRL,LV,FR,Baltics,Western,FALSE,FALSE,0,0,6.47e-4,FALSE,FALSE,1980.467276
66,54,LV0,FRM,LV,FR,Baltics,Western,FALSE,FALSE,0,0,6.75e-4,FALSE,FALSE,2026.285171
66,55,LV0,HU1,LV,HU,Baltics,CEE,FALSE,FALSE,0,0,0.004243,FALSE,FALSE,1129.493971
66,56,LV0,HU2,LV,HU,Baltics,CEE,FALSE,FALSE,0,0,0.003989,FALSE,FALSE,1241.281282
66,57,LV0,HU3,LV,HU,Baltics,CEE,FALSE,FALSE,0,0,0.007229,FALSE,FALSE,1121.324799
66,58,LV0,IE0,LV,IE,Baltics,Western,FALSE,FALSE,0,0,1.97e-4,FALSE,FALSE,2163.159703
66,59,LV0,ITC,LV,IT,Baltics,Southern,FALSE,FALSE,0,0,4.59e-4,FALSE,FALSE,1747.1909
66,60,LV0,ITF,LV,IT,Baltics,Southern,FALSE,FALSE,0,0,4.03e-4,FALSE,FALSE,1962.50139
66,61,LV0,ITG,LV,IT,Baltics,Southern,FALSE,FALSE,0,0,4.62e-4,FALSE,FALSE,2311.487007
66,62,LV0,ITH,LV,IT,Baltics,Southern,FALSE,FALSE,0,0,4.31e-4,FALSE,FALSE,1605.237436
66,63,LV0,ITI,LV,IT,Baltics,Southern,FALSE,FALSE,0,0,2.77e-4,FALSE,FALSE,1825.881522
66,64,LV0,LT0,LV,LT,Baltics,Baltics,FALSE,TRUE,1,0.591667,0.468396,TRUE,TRUE,218.048887
66,65,LV0,LU0,LV,LU,Baltics,Western,FALSE,FALSE,0,0,1.14e-4,FALSE,FALSE,1523.947866
66,67,LV0,MT0,LV,MT,Baltics,Southern,FALSE,FALSE,0,0,2.09e-4,FALSE,FALSE,2463.470159
66,68,LV0,NL1,LV,NL,Baltics,Western,FALSE,FALSE,0,0,3.31e-4,FALSE,FALSE,1330.433217
66,69,LV0,NL2,LV,NL,Baltics,Western,FALSE,FALSE,0,0,5.64e-4,FALSE,FALSE,1365.758361
66,70,LV0,NL3,LV,NL,Baltics,Western,FALSE,FALSE,0,0,5.83e-4,FALSE,FALSE,1564.605604
66,71,LV0,NL4,LV,NL,Baltics,Western,FALSE,FALSE,0,0,2.1e-4,FALSE,FALSE,1452.204377
66,72,LV0,PL2,LV,PL,Baltics,CEE,FALSE,FALSE,0,0,0.122664,FALSE,FALSE,844.370837
66,73,LV0,PL4,LV,PL,Baltics,CEE,FALSE,FALSE,0,0,0.131429,FALSE,FALSE,773.735807
66,74,LV0,PL5,LV,PL,Baltics,CEE,FALSE,FALSE,0,0,0.084376,FALSE,FALSE,882.319917
66,75,LV0,PL6,LV,PL,Baltics,CEE,FALSE,FALSE,0.01,0.003333,0.126339,FALSE,TRUE,560.008227
66,76,LV0,PL7,LV,PL,Baltics,CEE,FALSE,FALSE,0,0,0.002725,FALSE,FALSE,736.502617
66,77,LV0,PL8,LV,PL,Baltics,CEE,FALSE,FALSE,0,0,0.099995,FALSE,TRUE,599.141551
66,78,LV0,PL9,LV,PL,Baltics,CEE,FALSE,FALSE,0,0,0.034313,FALSE,TRUE,574.956003
66,79,LV0,PT1,LV,PT,Baltics,Southern,FALSE,FALSE,0,0,2.9e-4,FALSE,FALSE,3140.201795
66,80,LV0,PT2,LV,PT,Baltics,Southern,FALSE,FALSE,0,0,0.001481,FALSE,FALSE,4266.748818
66,81,LV0,PT3,LV,PT,Baltics,Southern,FALSE,FALSE,0,0,1.18e-4,FALSE,FALSE,4182.737532
66,82,LV0,RO1,LV,RO,Baltics,CEE,FALSE,FALSE,0.81,0.401667,0.591273,FALSE,FALSE,1124.608721
66,83,LV0,RO2,LV,RO,Baltics,CEE,FALSE,FALSE,0,0,0.160174,FALSE,FALSE,1202.164156
66,84,LV0,RO3,LV,RO,Baltics,CEE,FALSE,FALSE,0,0,0.229946,FALSE,FALSE,1375.732641
66,85,LV0,RO4,LV,RO,Baltics,CEE,FALSE,FALSE,0,0,0.227493,FALSE,FALSE,1306.618291
66,86,LV0,SE1,LV,SE,Baltics,Northern,FALSE,FALSE,0,0,8.31e-4,FALSE,TRUE,627.718371
66,87,LV0,SE2,LV,SE,Baltics,Northern,FALSE,FALSE,0,0,0.002072,FALSE,FALSE,710.263788
66,88,LV0,SE3,LV,SE,Baltics,Northern,FALSE,FALSE,0,0,0.00212,FALSE,FALSE,953.091484
66,89,LV0,SI0,LV,SI,Baltics,CEE,FALSE,FALSE,0,0,3.97e-4,FALSE,FALSE,1415.108563
66,90,LV0,SK0,LV,SK,Baltics,CEE,FALSE,FALSE,0,0,0.031515,FALSE,FALSE,1021.591072
67,1,MT0,AT1,MT,AT,Southern,Western,FALSE,FALSE,0.12,0.008035,0.019496,FALSE,FALSE,1317.289012
67,2,MT0,AT2,MT,AT,Southern,Western,FALSE,FALSE,0.14,0.013044,0.026561,FALSE,FALSE,1222.645201
67,3,MT0,AT3,MT,AT,Southern,Western,FALSE,FALSE,0.12,0.012159,0.022747,FALSE,FALSE,1292.792484
67,4,MT0,BE1,MT,BE,Southern,Western,FALSE,FALSE,0.16,0.016635,0.022759,FALSE,FALSE,1821.090936
67,5,MT0,BE2,MT,BE,Southern,Western,FALSE,FALSE,0.16,0.013628,0.021551,FALSE,FALSE,1845.800764
67,6,MT0,BE3,MT,BE,Southern,Western,FALSE,FALSE,0.15,0.014233,0.023653,FALSE,FALSE,1726.528198
67,7,MT0,BG3,MT,BG,Southern,CEE,FALSE,FALSE,0.18,0.014263,0.018473,FALSE,FALSE,1244.357297
67,8,MT0,BG4,MT,BG,Southern,CEE,FALSE,FALSE,0.13,0.00818,0.026819,FALSE,FALSE,1109.973282
67,9,MT0,CY0,MT,CY,Southern,Southern,FALSE,TRUE,0.12,0.007619,0.014513,FALSE,FALSE,1750.817197
67,10,MT0,CZ0,MT,CZ,Southern,CEE,FALSE,FALSE,0.14,0.009676,0.031997,FALSE,FALSE,1523.25898
67,11,MT0,DE1,MT,DE,Southern,Western,FALSE,FALSE,0.12,0.008443,0.020986,FALSE,FALSE,1459.204875
67,12,MT0,DE2,MT,DE,Southern,Western,FALSE,FALSE,0.14,0.013347,0.022054,FALSE,FALSE,1432.041143
67,13,MT0,DE3,MT,DE,Southern,Western,FALSE,FALSE,0.18,0.018405,0.023811,FALSE,FALSE,1826.990227
67,14,MT0,DE4,MT,DE,Southern,Western,FALSE,FALSE,0.13,0.011292,0.019382,FALSE,FALSE,1825.04821
67,15,MT0,DE5,MT,DE,Southern,Western,FALSE,FALSE,0.19,0.01643,0.021807,FALSE,FALSE,1938.413728
67,16,MT0,DE6,MT,DE,Southern,Western,FALSE,FALSE,0.17,0.014208,0.019437,FALSE,FALSE,1973.401173
67,17,MT0,DE7,MT,DE,Southern,Western,FALSE,FALSE,0.1,0.005804,0.015328,FALSE,FALSE,1661.23685
67,18,MT0,DE8,MT,DE,Southern,Western,FALSE,FALSE,0.08,0.006265,0.016887,FALSE,FALSE,1983.589278
67,19,MT0,DE9,MT,DE,Southern,Western,FALSE,FALSE,0.13,0.007039,0.018194,FALSE,FALSE,1882.43317
67,20,MT0,DEA,MT,DE,Southern,Western,FALSE,FALSE,0.19,0.02261,0.031137,FALSE,FALSE,1783.036103
67,21,MT0,DEB,MT,DE,Southern,Western,FALSE,FALSE,0.16,0.009903,0.020557,FALSE,FALSE,1637.718263
67,22,MT0,DEC,MT,DE,Southern,Western,FALSE,FALSE,0.09,0.006349,0.021755,FALSE,FALSE,1589.771094
67,23,MT0,DED,MT,DE,Southern,Western,FALSE,FALSE,0.16,0.013535,0.024456,FALSE,FALSE,1647.466187
67,24,MT0,DEE,MT,DE,Southern,Western,FALSE,FALSE,0.16,0.010455,0.022225,FALSE,FALSE,1778.402715
67,25,MT0,DEF,MT,DE,Southern,Western,FALSE,FALSE,0.2,0.017458,0.027021,FALSE,FALSE,2031.292204
67,26,MT0,DEG,MT,DE,Southern,Western,FALSE,FALSE,0.15,0.011788,0.022993,FALSE,FALSE,1662.249335
67,27,MT0,DK0,MT,DK,Southern,Northern,FALSE,FALSE,0.29,0.029252,0.033362,FALSE,FALSE,2269.635667
67,28,MT0,EE0,MT,EE,Southern,Baltics,FALSE,FALSE,0.1,0.004334,0.012035,FALSE,FALSE,2660.353932
67,29,MT0,EL3,MT,EL,Southern,Southern,FALSE,TRUE,0.09,0.00749,0.052739,FALSE,TRUE,870.242851
67,30,MT0,EL4,MT,EL,Southern,Southern,FALSE,TRUE,0.15,0.00929,0.044014,FALSE,FALSE,960.316646
67,31,MT0,EL5,MT,EL,Southern,Southern,FALSE,TRUE,0.16,0.008567,0.054749,FALSE,TRUE,841.7215
67,32,MT0,EL6,MT,EL,Southern,Southern,FALSE,TRUE,0.13,0.008692,0.056942,FALSE,TRUE,788.049907
67,33,MT0,ES1,MT,ES,Southern,Southern,FALSE,TRUE,0.21,0.015832,0.02427,FALSE,FALSE,1814.8904
67,34,MT0,ES2,MT,ES,Southern,Southern,FALSE,TRUE,0.15,0.014592,0.024898,FALSE,FALSE,1443.513134
67,35,MT0,ES3,MT,ES,Southern,Southern,FALSE,TRUE,0.12,0.01008,0.020142,FALSE,FALSE,1664.537921
67,36,MT0,ES4,MT,ES,Southern,Southern,FALSE,TRUE,0.17,0.013024,0.024488,FALSE,FALSE,1811.360026
67,37,MT0,ES5,MT,ES,Southern,Southern,FALSE,TRUE,0.13,0.007594,0.022932,FALSE,FALSE,1067.322127
67,38,MT0,ES6,MT,ES,Southern,Southern,FALSE,TRUE,0.19,0.016819,0.036638,FALSE,FALSE,1633.349167
67,39,MT0,ES7,MT,ES,Southern,Southern,FALSE,TRUE,0.14,0.010462,0.018003,FALSE,FALSE,3024.166018
67,40,MT0,FI1,MT,FI,Southern,Northern,FALSE,FALSE,0.14,0.009125,0.02003,FALSE,FALSE,3305.011146
67,41,MT0,FI2,MT,FI,Southern,Northern,FALSE,FALSE,0.21,0.014764,0.018285,FALSE,FALSE,2715.138421
67,42,MT0,FR1,MT,FR,Southern,Western,FALSE,FALSE,0.23,0.067275,0.058627,FALSE,FALSE,1698.081548
67,43,MT0,FRB,MT,FR,Southern,Western,FALSE,FALSE,0.13,0.009786,0.023349,FALSE,FALSE,1659.906129
67,44,MT0,FRC,MT,FR,Southern,Western,FALSE,FALSE,0.16,0.011189,0.022678,FALSE,FALSE,1465.734173
67,45,MT0,FRD,MT,FR,Southern,Western,FALSE,FALSE,0.14,0.009168,0.017446,FALSE,FALSE,1848.006391
67,46,MT0,FRE,MT,FR,Southern,Western,FALSE,FALSE,0.12,0.007003,0.019118,FALSE,FALSE,1790.240519
67,47,MT0,FRF,MT,FR,Southern,Western,FALSE,FALSE,0.1,0.006297,0.020522,FALSE,FALSE,1570.437849
67,48,MT0,FRG,MT,FR,Southern,Western,FALSE,FALSE,0.11,0.00743,0.020068,FALSE,FALSE,1788.140801
67,49,MT0,FRH,MT,FR,Southern,Western,FALSE,FALSE,0.08,0.008134,0.016916,FALSE,FALSE,1937.832316
67,50,MT0,FRI,MT,FR,Southern,Western,FALSE,FALSE,0.21,0.015029,0.024429,FALSE,FALSE,1533.0433
67,51,MT0,FRJ,MT,FR,Southern,Western,FALSE,FALSE,0.15,0.0075,0.017291,FALSE,FALSE,1323.891346
67,52,MT0,FRK,MT,FR,Southern,Western,FALSE,FALSE,0.12,0.007322,0.018284,FALSE,FALSE,1318.698969
67,53,MT0,FRL,MT,FR,Southern,Western,FALSE,FALSE,0.12,0.008458,0.017708,FALSE,FALSE,1134.209849
67,54,MT0,FRM,MT,FR,Southern,Western,FALSE,FALSE,0.11,0.007834,0.016206,FALSE,TRUE,804.503647
67,55,MT0,HU1,MT,HU,Southern,CEE,FALSE,FALSE,0.11,0.004721,0.0357,FALSE,FALSE,1333.977534
67,56,MT0,HU2,MT,HU,Southern,CEE,FALSE,FALSE,0.13,0.00993,0.024761,FALSE,FALSE,1230.354644
67,57,MT0,HU3,MT,HU,Southern,CEE,FALSE,FALSE,0.06,0.003893,0.047929,FALSE,FALSE,1353.896582
67,58,MT0,IE0,MT,IE,Southern,Western,FALSE,FALSE,0.36,0.046343,0.040661,FALSE,FALSE,2586.988991
67,59,MT0,ITC,MT,IT,Southern,Southern,FALSE,TRUE,0.16,0.019695,0.026487,FALSE,FALSE,1109.378144
67,60,MT0,ITF,MT,IT,Southern,Southern,FALSE,TRUE,0.19,0.013162,0.021534,FALSE,TRUE,500.97681
67,61,MT0,ITG,MT,IT,Southern,Southern,FALSE,TRUE,0.13,0.010169,0.017977,TRUE,TRUE,173.76111
67,62,MT0,ITH,MT,IT,Southern,Southern,FALSE,TRUE,0.12,0.006604,0.016577,FALSE,FALSE,1064.348417
67,63,MT0,ITI,MT,IT,Southern,Southern,FALSE,TRUE,0.13,0.006307,0.01678,FALSE,TRUE,774.149369
67,64,MT0,LT0,MT,LT,Southern,Baltics,FALSE,FALSE,0.09,0.007429,0.024612,FALSE,FALSE,2254.213255
67,65,MT0,LU0,MT,LU,Southern,Western,FALSE,FALSE,0.15,0.008533,0.016565,FALSE,FALSE,1661.653709
67,66,MT0,LV0,MT,LV,Southern,Baltics,FALSE,FALSE,0.09,0.005302,0.020165,FALSE,FALSE,2463.470159
67,68,MT0,NL1,MT,NL,Southern,Western,FALSE,FALSE,0.1,0.004639,0.01202,FALSE,FALSE,1980.767857
67,69,MT0,NL2,MT,NL,Southern,Western,FALSE,FALSE,0.11,0.007701,0.018816,FALSE,FALSE,1908.872839
67,70,MT0,NL3,MT,NL,Southern,Western,FALSE,FALSE,0.15,0.01646,0.023894,FALSE,FALSE,1885.441427
67,71,MT0,NL4,MT,NL,Southern,Western,FALSE,FALSE,0.13,0.006865,0.015123,FALSE,FALSE,1823.908812
67,72,MT0,PL2,MT,PL,Southern,CEE,FALSE,FALSE,0.28,0.029109,0.102224,FALSE,FALSE,1624.38594
67,73,MT0,PL4,MT,PL,Southern,CEE,FALSE,FALSE,0.09,0.004059,0.093955,FALSE,FALSE,1876.792984
67,74,MT0,PL5,MT,PL,Southern,CEE,FALSE,FALSE,0.19,0.01244,0.020789,FALSE,FALSE,1660.786975
67,75,MT0,PL6,MT,PL,Southern,CEE,FALSE,FALSE,0.08,0.003294,0.054,FALSE,FALSE,1984.172052
67,76,MT0,PL7,MT,PL,Southern,CEE,FALSE,FALSE,0.14,0.008732,0.016096,FALSE,FALSE,1747.737413
67,77,MT0,PL8,MT,PL,Southern,CEE,FALSE,FALSE,0.04,0.004317,0.042041,FALSE,FALSE,1866.927346
67,78,MT0,PL9,MT,PL,Southern,CEE,FALSE,FALSE,0.05,0.004345,0.024037,FALSE,FALSE,1895.33158
67,79,MT0,PT1,MT,PT,Southern,Southern,FALSE,TRUE,0.19,0.013158,0.020179,FALSE,FALSE,2041.649193
67,80,MT0,PT2,MT,PT,Southern,Southern,FALSE,TRUE,0.17,0.01053,0.017862,FALSE,FALSE,3534.251207
67,81,MT0,PT3,MT,PT,Southern,Southern,FALSE,TRUE,0.09,0.008526,0.014147,FALSE,FALSE,2895.002583
67,82,MT0,RO1,MT,RO,Southern,CEE,FALSE,FALSE,0.07,0.004836,0.055379,FALSE,FALSE,1435.713568
67,83,MT0,RO2,MT,RO,Southern,CEE,FALSE,FALSE,0.05,0.002406,0.021365,FALSE,FALSE,1558.792327
67,84,MT0,RO3,MT,RO,Southern,CEE,FALSE,FALSE,0.09,0.004869,0.03216,FALSE,FALSE,1377.748251
67,85,MT0,RO4,MT,RO,Southern,CEE,FALSE,FALSE,0.11,0.004981,0.034157,FALSE,FALSE,1245.576327
67,86,MT0,SE1,MT,SE,Southern,Northern,FALSE,FALSE,0.18,0.010856,0.043967,FALSE,FALSE,2571.709078
67,87,MT0,SE2,MT,SE,Southern,Northern,FALSE,FALSE,0.13,0.007298,0.069209,FALSE,FALSE,2351.166722
67,88,MT0,SE3,MT,SE,Southern,Northern,FALSE,FALSE,0.16,0.012466,0.050778,FALSE,FALSE,3095.818063
67,89,MT0,SI0,MT,SI,Southern,CEE,FALSE,FALSE,0.12,0.008557,0.016474,FALSE,FALSE,1119.675538
67,90,MT0,SK0,MT,SK,Southern,CEE,FALSE,FALSE,0.09,0.004319,0.010409,FALSE,FALSE,1447.687815
68,1,NL1,AT1,NL,AT,Western,Western,FALSE,TRUE,0.09,0.006419,0.014647,FALSE,FALSE,889.74598
68,2,NL1,AT2,NL,AT,Western,Western,FALSE,TRUE,0.11,0.010273,0.018928,FALSE,FALSE,910.056367
68,3,NL1,AT3,NL,AT,Western,Western,FALSE,TRUE,0.11,0.008049,0.016601,FALSE,FALSE,777.107986
68,4,NL1,BE1,NL,BE,Western,Western,FALSE,TRUE,0.07,0.004055,0.01185,FALSE,FALSE,269.294872
68,5,NL1,BE2,NL,BE,Western,Western,FALSE,TRUE,0.08,0.005868,0.01528,FALSE,TRUE,256.936258
68,6,NL1,BE3,NL,BE,Western,Western,FALSE,TRUE,0.09,0.010241,0.017215,FALSE,FALSE,321.56041
68,7,NL1,BG3,NL,BG,Western,CEE,FALSE,FALSE,0.1,0.006746,0.012551,FALSE,FALSE,1759.926924
68,8,NL1,BG4,NL,BG,Western,CEE,FALSE,FALSE,0.04,0.003419,0.010052,FALSE,FALSE,1817.284205
68,9,NL1,CY0,NL,CY,Western,Southern,FALSE,FALSE,0.17,0.013772,0.019449,FALSE,FALSE,2893.815081
68,10,NL1,CZ0,NL,CZ,Western,CEE,FALSE,FALSE,0.24,0.024683,0.031632,FALSE,FALSE,751.58678
68,11,NL1,DE1,NL,DE,Western,Western,FALSE,TRUE,0.06,0.004471,0.015694,FALSE,FALSE,522.056133
68,12,NL1,DE2,NL,DE,Western,Western,FALSE,TRUE,0.13,0.0077,0.01556,FALSE,FALSE,615.392326
68,13,NL1,DE3,NL,DE,Western,Western,FALSE,TRUE,0.07,0.005482,0.013781,FALSE,FALSE,488.064383
68,14,NL1,DE4,NL,DE,Western,Western,FALSE,TRUE,0.08,0.005814,0.01414,FALSE,FALSE,440.757907
68,15,NL1,DE5,NL,DE,Western,Western,FALSE,TRUE,0.08,0.007865,0.015351,FALSE,TRUE,175.720476
68,16,NL1,DE6,NL,DE,Western,Western,FALSE,TRUE,0.09,0.006453,0.012739,FALSE,FALSE,262.657211
68,17,NL1,DE7,NL,DE,Western,Western,FALSE,TRUE,0.1,0.006492,0.013821,FALSE,FALSE,334.301008
68,18,NL1,DE8,NL,DE,Western,Western,FALSE,TRUE,0.09,0.007623,0.015273,FALSE,FALSE,425.624079
68,19,NL1,DE9,NL,DE,Western,Western,FALSE,TRUE,0.12,0.009733,0.018716,TRUE,TRUE,181.782061
68,20,NL1,DEA,NL,DE,Western,Western,FALSE,TRUE,0.16,0.012171,0.020034,FALSE,TRUE,199.247765
68,21,NL1,DEB,NL,DE,Western,Western,FALSE,TRUE,0.1,0.007785,0.016001,FALSE,FALSE,348.072194
68,22,NL1,DEC,NL,DE,Western,Western,FALSE,TRUE,0.12,0.01143,0.022131,FALSE,FALSE,405.872959
68,23,NL1,DED,NL,DE,Western,Western,FALSE,TRUE,0.15,0.011181,0.019686,FALSE,FALSE,550.915045
68,24,NL1,DEE,NL,DE,Western,Western,FALSE,TRUE,0.07,0.00448,0.013832,FALSE,FALSE,388.339962
68,25,NL1,DEF,NL,DE,Western,Western,FALSE,TRUE,0.1,0.007938,0.016765,FALSE,FALSE,275.297174
68,26,NL1,DEG,NL,DE,Western,Western,FALSE,TRUE,0.14,0.01185,0.018402,FALSE,FALSE,418.790755
68,27,NL1,DK0,NL,DK,Western,Northern,FALSE,FALSE,0.1,0.006241,0.013141,FALSE,FALSE,411.012334
68,28,NL1,EE0,NL,EE,Western,Baltics,FALSE,FALSE,0.09,0.0068,0.012166,FALSE,FALSE,1360.6014950000001
68,29,NL1,EL3,NL,EL,Western,Southern,FALSE,FALSE,0.2,0.022595,0.090273,FALSE,FALSE,2129.550074
68,30,NL1,EL4,NL,EL,Western,Southern,FALSE,FALSE,0.33,0.035857,0.085131,FALSE,FALSE,2445.455109
68,31,NL1,EL5,NL,EL,Western,Southern,FALSE,FALSE,0.24,0.023137,0.094872,FALSE,FALSE,1810.732596
68,32,NL1,EL6,NL,EL,Western,Southern,FALSE,FALSE,0.19,0.024206,0.098053,FALSE,FALSE,1956.085965
68,33,NL1,ES1,NL,ES,Western,Southern,FALSE,FALSE,0.11,0.010292,0.01886,FALSE,FALSE,1347.602094
68,34,NL1,ES2,NL,ES,Western,Southern,FALSE,FALSE,0.2,0.022716,0.027866,FALSE,FALSE,1343.727938
68,35,NL1,ES3,NL,ES,Western,Southern,FALSE,FALSE,0.09,0.007527,0.017917,FALSE,FALSE,1572.973835
68,36,NL1,ES4,NL,ES,Western,Southern,FALSE,FALSE,0.1,0.013142,0.022667,FALSE,FALSE,1668.650274
68,37,NL1,ES5,NL,ES,Western,Southern,FALSE,FALSE,0.12,0.008943,0.021142,FALSE,FALSE,1507.998748
68,38,NL1,ES6,NL,ES,Western,Southern,FALSE,FALSE,0.13,0.013915,0.025828,FALSE,FALSE,1875.829469
68,39,NL1,ES7,NL,ES,Western,Southern,FALSE,FALSE,0.13,0.010902,0.016829,FALSE,FALSE,3285.378405
68,40,NL1,FI1,NL,FI,Western,Northern,FALSE,FALSE,0.09,0.007849,0.01543,FALSE,FALSE,1778.003436
68,41,NL1,FI2,NL,FI,Western,Northern,FALSE,FALSE,0.06,0.00524,0.009874,FALSE,FALSE,1159.038868
68,42,NL1,FR1,NL,FR,Western,Western,FALSE,TRUE,0.09,0.008218,0.016086,FALSE,FALSE,541.886722
68,43,NL1,FRB,NL,FR,Western,Western,FALSE,TRUE,0.11,0.010847,0.020254,FALSE,FALSE,677.314131
68,44,NL1,FRC,NL,FR,Western,Western,FALSE,TRUE,0.17,0.018484,0.026937,FALSE,FALSE,637.254538
68,45,NL1,FRD,NL,FR,Western,Western,FALSE,TRUE,0.12,0.01325,0.020031,FALSE,FALSE,616.749748
68,46,NL1,FRE,NL,FR,Western,Western,FALSE,TRUE,0.16,0.014816,0.020466,FALSE,FALSE,408.234003
68,47,NL1,FRF,NL,FR,Western,Western,FALSE,TRUE,0.09,0.005741,0.016097,FALSE,FALSE,468.747161
68,48,NL1,FRG,NL,FR,Western,Western,FALSE,TRUE,0.19,0.017196,0.024856,FALSE,FALSE,807.984848
68,49,NL1,FRH,NL,FR,Western,Western,FALSE,TRUE,0.2,0.014462,0.021591,FALSE,FALSE,831.895197
68,50,NL1,FRI,NL,FR,Western,Western,FALSE,TRUE,0.13,0.014803,0.022209,FALSE,FALSE,977.734861
68,51,NL1,FRJ,NL,FR,Western,Western,FALSE,TRUE,0.23,0.027131,0.030506,FALSE,FALSE,1078.970263
68,52,NL1,FRK,NL,FR,Western,Western,FALSE,TRUE,0.18,0.013531,0.020256,FALSE,FALSE,842.308906
68,53,NL1,FRL,NL,FR,Western,Western,FALSE,TRUE,0.1,0.007618,0.0149,FALSE,FALSE,987.15588
68,54,NL1,FRM,NL,FR,Western,Western,FALSE,TRUE,0.22,0.017153,0.021878,FALSE,FALSE,1229.008513
68,55,NL1,HU1,NL,HU,Western,CEE,FALSE,FALSE,0.07,0.004791,0.035739,FALSE,FALSE,1117.103418
68,56,NL1,HU2,NL,HU,Western,CEE,FALSE,FALSE,0.06,0.006137,0.021956,FALSE,FALSE,1063.142552
68,57,NL1,HU3,NL,HU,Western,CEE,FALSE,FALSE,0.13,0.011567,0.05156,FALSE,FALSE,1229.381445
68,58,NL1,IE0,NL,IE,Western,Western,FALSE,TRUE,0.05,0.002711,0.007167,FALSE,FALSE,933.840201
68,59,NL1,ITC,NL,IT,Western,Southern,FALSE,FALSE,0.06,0.005363,0.012794,FALSE,FALSE,887.073751
68,60,NL1,ITF,NL,IT,Western,Southern,FALSE,FALSE,0.12,0.009671,0.019684,FALSE,FALSE,1580.181862
68,61,NL1,ITG,NL,IT,Western,Southern,FALSE,FALSE,0.18,0.020984,0.025138,FALSE,FALSE,1807.618984
68,62,NL1,ITH,NL,IT,Western,Southern,FALSE,FALSE,0.12,0.011183,0.017123,FALSE,FALSE,923.386761
68,63,NL1,ITI,NL,IT,Western,Southern,FALSE,FALSE,0.15,0.012465,0.01913,FALSE,FALSE,1209.039028
68,64,NL1,LT0,NL,LT,Western,Baltics,FALSE,FALSE,0.21,0.022934,0.03712,FALSE,FALSE,1165.629074
68,65,NL1,LU0,NL,LU,Western,Western,FALSE,TRUE,0.08,0.00706,0.012935,FALSE,FALSE,352.949354
68,66,NL1,LV0,NL,LV,Western,Baltics,FALSE,FALSE,0.14,0.010632,0.025381,FALSE,FALSE,1330.433217
68,67,NL1,MT0,NL,MT,Western,Southern,FALSE,FALSE,0.05,0.002397,0.010581,FALSE,FALSE,1980.767857
68,69,NL1,NL2,NL,NL,Western,Western,TRUE,TRUE,0.16,0.016843,0.021693,TRUE,TRUE,77.525975
68,70,NL1,NL3,NL,NL,Western,Western,TRUE,TRUE,0.09,0.006292,0.013421,TRUE,TRUE,249.227224
68,71,NL1,NL4,NL,NL,Western,Western,TRUE,TRUE,0.12,0.010026,0.017725,FALSE,TRUE,189.903981
68,72,NL1,PL2,NL,PL,Western,CEE,FALSE,FALSE,0.16,0.016382,0.132361,FALSE,FALSE,991.52237
68,73,NL1,PL4,NL,PL,Western,CEE,FALSE,FALSE,0.24,0.028082,0.141903,FALSE,FALSE,648.875256
68,74,NL1,PL5,NL,PL,Western,CEE,FALSE,FALSE,0.18,0.015899,0.026674,FALSE,FALSE,768.299419
68,75,NL1,PL6,NL,PL,Western,CEE,FALSE,FALSE,0.26,0.032792,0.089786,FALSE,FALSE,861.00269
68,76,NL1,PL7,NL,PL,Western,CEE,FALSE,FALSE,0.09,0.006344,0.014157,FALSE,FALSE,923.74642
68,77,NL1,PL8,NL,PL,Western,CEE,FALSE,FALSE,0.17,0.017248,0.059064,FALSE,FALSE,1132.898948
68,78,NL1,PL9,NL,PL,Western,CEE,FALSE,FALSE,0.1,0.008323,0.035632,FALSE,FALSE,1014.858039
68,79,NL1,PT1,NL,PT,Western,Southern,FALSE,FALSE,0.09,0.005996,0.014598,FALSE,FALSE,1866.283054
68,80,NL1,PT2,NL,PT,Western,Southern,FALSE,FALSE,0.21,0.021068,0.023221,FALSE,FALSE,2938.284269
68,81,NL1,PT3,NL,PT,Western,Southern,FALSE,FALSE,0.11,0.008693,0.01274,FALSE,FALSE,2886.516746
68,82,NL1,RO1,NL,RO,Western,CEE,FALSE,FALSE,0.03,0.002359,0.061338,FALSE,FALSE,1439.594858
68,83,NL1,RO2,NL,RO,Western,CEE,FALSE,FALSE,0.08,0.006322,0.02555,FALSE,FALSE,1700.427104
68,84,NL1,RO3,NL,RO,Western,CEE,FALSE,FALSE,0.16,0.010886,0.039004,FALSE,FALSE,1737.616505
68,85,NL1,RO4,NL,RO,Western,CEE,FALSE,FALSE,0.06,0.004044,0.036574,FALSE,FALSE,1476.817017
68,86,NL1,SE1,NL,SE,Western,Northern,FALSE,FALSE,0.04,0.003552,0.021105,FALSE,FALSE,935.303971
68,87,NL1,SE2,NL,SE,Western,Northern,FALSE,FALSE,0.04,0.002762,0.040701,FALSE,FALSE,700.580325
68,88,NL1,SE3,NL,SE,Western,Northern,FALSE,FALSE,0.05,0.002564,0.029603,FALSE,FALSE,1351.929044
68,89,NL1,SI0,NL,SI,Western,CEE,FALSE,FALSE,0.16,0.0116,0.020737,FALSE,FALSE,970.008893
68,90,NL1,SK0,NL,SK,Western,CEE,FALSE,FALSE,0.11,0.009425,0.013389,FALSE,FALSE,1008.742783
69,1,NL2,AT1,NL,AT,Western,Western,FALSE,TRUE,0.09,0.008422,0.020699,FALSE,FALSE,846.312797
69,2,NL2,AT2,NL,AT,Western,Western,FALSE,TRUE,0.09,0.015605,0.026948,FALSE,FALSE,859.000745
69,3,NL2,AT3,NL,AT,Western,Western,FALSE,TRUE,0.15,0.049608,0.051885,FALSE,FALSE,722.811547
69,4,NL2,BE1,NL,BE,Western,Western,FALSE,TRUE,0.15,0.017293,0.02354,FALSE,FALSE,204.862537
69,5,NL2,BE2,NL,BE,Western,Western,FALSE,TRUE,0.06,0.005362,0.018803,FALSE,TRUE,197.034481
69,6,NL2,BE3,NL,BE,Western,Western,FALSE,TRUE,0.09,0.008338,0.020889,FALSE,FALSE,246.742547
69,7,NL2,BG3,NL,BG,Western,CEE,FALSE,FALSE,0.03,0.002517,0.011314,FALSE,FALSE,1722.27771
69,8,NL2,BG4,NL,BG,Western,CEE,FALSE,FALSE,0.05,0.003198,0.013778,FALSE,FALSE,1774.163538
69,9,NL2,CY0,NL,CY,Western,Southern,FALSE,FALSE,0.08,0.006769,0.014545,FALSE,FALSE,2853.381453
69,10,NL2,CZ0,NL,CZ,Western,CEE,FALSE,FALSE,0.09,0.009552,0.025042,FALSE,FALSE,722.015913
69,11,NL2,DE1,NL,DE,Western,Western,FALSE,TRUE,0.08,0.008252,0.022413,FALSE,FALSE,452.134832
69,12,NL2,DE2,NL,DE,Western,Western,FALSE,TRUE,0.15,0.018579,0.029998,FALSE,FALSE,562.318079
69,13,NL2,DE3,NL,DE,Western,Western,FALSE,TRUE,0.1,0.013887,0.023487,FALSE,FALSE,489.259987
69,14,NL2,DE4,NL,DE,Western,Western,FALSE,TRUE,0.09,0.008248,0.020806,FALSE,FALSE,440.498107
69,15,NL2,DE5,NL,DE,Western,Western,FALSE,TRUE,0.05,0.00561,0.017713,FALSE,TRUE,198.291934
69,16,NL2,DE6,NL,DE,Western,Western,FALSE,TRUE,0.12,0.018916,0.02365,FALSE,FALSE,293.800367
69,17,NL2,DE7,NL,DE,Western,Western,FALSE,TRUE,0.13,0.01947,0.025802,FALSE,FALSE,276.51054
69,18,NL2,DE8,NL,DE,Western,Western,FALSE,TRUE,0.08,0.010369,0.023089,FALSE,FALSE,452.873028
69,19,NL2,DE9,NL,DE,Western,Western,FALSE,TRUE,0.09,0.012631,0.022963,TRUE,TRUE,180.288892
69,20,NL2,DEA,NL,DE,Western,Western,FALSE,TRUE,0.07,0.005843,0.02034,TRUE,TRUE,136.006177
69,21,NL2,DEB,NL,DE,Western,Western,FALSE,TRUE,0.1,0.018121,0.025916,FALSE,FALSE,272.974024
69,22,NL2,DEC,NL,DE,Western,Western,FALSE,TRUE,0.08,0.006973,0.022621,FALSE,FALSE,329.198688
69,23,NL2,DED,NL,DE,Western,Western,FALSE,TRUE,0.11,0.01523,0.030863,FALSE,FALSE,526.364703
69,24,NL2,DEE,NL,DE,Western,Western,FALSE,TRUE,0.1,0.012254,0.020924,FALSE,FALSE,376.098994
69,25,NL2,DEF,NL,DE,Western,Western,FALSE,TRUE,0.07,0.0123,0.028336,FALSE,FALSE,319.359514
69,26,NL2,DEG,NL,DE,Western,Western,FALSE,TRUE,0.11,0.009623,0.022623,FALSE,FALSE,383.294592
69,27,NL2,DK0,NL,DK,Western,Northern,FALSE,FALSE,0.1,0.013292,0.021788,FALSE,FALSE,480.905017
69,28,NL2,EE0,NL,EE,Western,Baltics,FALSE,FALSE,0.09,0.009101,0.016706,FALSE,FALSE,1407.075426
69,29,NL2,EL3,NL,EL,Western,Southern,FALSE,FALSE,0.14,0.01522,0.068335,FALSE,FALSE,2076.092452
69,30,NL2,EL4,NL,EL,Western,Southern,FALSE,FALSE,0.13,0.016252,0.062197,FALSE,FALSE,2389.874772
69,31,NL2,EL5,NL,EL,Western,Southern,FALSE,FALSE,0.09,0.009096,0.067697,FALSE,FALSE,1758.459117
69,32,NL2,EL6,NL,EL,Western,Southern,FALSE,FALSE,0.1,0.014207,0.072009,FALSE,FALSE,1901.695661
69,33,NL2,ES1,NL,ES,Western,Southern,FALSE,FALSE,0.12,0.012536,0.023872,FALSE,FALSE,1290.268547
69,34,NL2,ES2,NL,ES,Western,Southern,FALSE,FALSE,0.12,0.011849,0.023241,FALSE,FALSE,1274.027467
69,35,NL2,ES3,NL,ES,Western,Southern,FALSE,FALSE,0.07,0.006746,0.018875,FALSE,FALSE,1508.435919
69,36,NL2,ES4,NL,ES,Western,Southern,FALSE,FALSE,0.12,0.014019,0.029776,FALSE,FALSE,1607.60469
69,37,NL2,ES5,NL,ES,Western,Southern,FALSE,FALSE,0.15,0.01959,0.031387,FALSE,FALSE,1431.865233
69,38,NL2,ES6,NL,ES,Western,Southern,FALSE,FALSE,0.15,0.013382,0.028122,FALSE,FALSE,1808.059825
69,39,NL2,ES7,NL,ES,Western,Southern,FALSE,FALSE,0.06,0.007591,0.015434,FALSE,FALSE,3229.211432
69,40,NL2,FI1,NL,FI,Western,Northern,FALSE,FALSE,0.1,0.008403,0.019994,FALSE,FALSE,1841.721347
69,41,NL2,FI2,NL,FI,Western,Northern,FALSE,FALSE,0.05,0.00353,0.010724,FALSE,FALSE,1218.473278
69,42,NL2,FR1,NL,FR,Western,Western,FALSE,TRUE,0.04,0.002788,0.014143,FALSE,FALSE,476.361958
69,43,NL2,FRB,NL,FR,Western,Western,FALSE,TRUE,0.1,0.010829,0.024666,FALSE,FALSE,612.262916
69,44,NL2,FRC,NL,FR,Western,Western,FALSE,TRUE,0.1,0.013289,0.026324,FALSE,FALSE,560.73936
69,45,NL2,FRD,NL,FR,Western,Western,FALSE,TRUE,0.14,0.014502,0.023131,FALSE,FALSE,566.852014
69,46,NL2,FRE,NL,FR,Western,Western,FALSE,TRUE,0.13,0.011167,0.02652,FALSE,FALSE,347.829974
69,47,NL2,FRF,NL,FR,Western,Western,FALSE,TRUE,0.13,0.017908,0.028853,FALSE,FALSE,391.435361
69,48,NL2,FRG,NL,FR,Western,Western,FALSE,TRUE,0.13,0.028641,0.035385,FALSE,FALSE,753.079814
69,49,NL2,FRH,NL,FR,Western,Western,FALSE,TRUE,0.1,0.010363,0.023843,FALSE,FALSE,788.041169
69,50,NL2,FRI,NL,FR,Western,Western,FALSE,TRUE,0.13,0.05094,0.053925,FALSE,FALSE,909.797851
69,51,NL2,FRJ,NL,FR,Western,Western,FALSE,TRUE,0.12,0.018015,0.025132,FALSE,FALSE,1005.160499
69,52,NL2,FRK,NL,FR,Western,Western,FALSE,TRUE,0.14,0.017876,0.026978,FALSE,FALSE,765.67842
69,53,NL2,FRL,NL,FR,Western,Western,FALSE,TRUE,0.05,0.00415,0.015322,FALSE,FALSE,909.642931
69,54,NL2,FRM,NL,FR,Western,Western,FALSE,TRUE,0.09,0.009609,0.018173,FALSE,FALSE,1153.005313
69,55,NL2,HU1,NL,HU,Western,CEE,FALSE,FALSE,0.07,0.007338,0.038783,FALSE,FALSE,1082.27355
69,56,NL2,HU2,NL,HU,Western,CEE,FALSE,FALSE,0.05,0.005231,0.020747,FALSE,FALSE,1019.91106
69,57,NL2,HU3,NL,HU,Western,CEE,FALSE,FALSE,0.06,0.005913,0.048608,FALSE,FALSE,1197.245086
69,58,NL2,IE0,NL,IE,Western,Western,FALSE,TRUE,0.09,0.007324,0.012634,FALSE,FALSE,949.457271
69,59,NL2,ITC,NL,IT,Western,Southern,FALSE,FALSE,0.08,0.008061,0.017065,FALSE,FALSE,811.894085
69,60,NL2,ITF,NL,IT,Western,Southern,FALSE,FALSE,0.08,0.008205,0.021079,FALSE,FALSE,1514.477306
69,61,NL2,ITG,NL,IT,Western,Southern,FALSE,FALSE,0.09,0.011426,0.020931,FALSE,FALSE,1735.975753
69,62,NL2,ITH,NL,IT,Western,Southern,FALSE,FALSE,0.14,0.017292,0.024447,FALSE,FALSE,854.838169
69,63,NL2,ITI,NL,IT,Western,Southern,FALSE,FALSE,0.11,0.011035,0.020461,FALSE,FALSE,1138.543656
69,64,NL2,LT0,NL,LT,Western,Baltics,FALSE,FALSE,0.06,0.00472,0.02509,FALSE,FALSE,1193.195538
69,65,NL2,LU0,NL,LU,Western,Western,FALSE,TRUE,0.05,0.0045,0.013577,FALSE,FALSE,275.455937
69,66,NL2,LV0,NL,LV,Western,Baltics,FALSE,FALSE,0.06,0.0055,0.021958,FALSE,FALSE,1365.758361
69,67,NL2,MT0,NL,MT,Western,Southern,FALSE,FALSE,0.09,0.008248,0.020498,FALSE,FALSE,1908.872839
69,68,NL2,NL1,NL,NL,Western,Western,TRUE,TRUE,0.11,0.013917,0.021653,TRUE,TRUE,77.525975
69,70,NL2,NL3,NL,NL,Western,Western,TRUE,TRUE,0.09,0.0086,0.0227,TRUE,TRUE,199.185322
69,71,NL2,NL4,NL,NL,Western,Western,TRUE,TRUE,0.14,0.033423,0.039028,TRUE,TRUE,114.838105
69,72,NL2,PL2,NL,PL,Western,CEE,FALSE,FALSE,0.02,0.001333,0.056022,FALSE,FALSE,976.047647
69,73,NL2,PL4,NL,PL,Western,CEE,FALSE,FALSE,0.06,0.004305,0.05813,FALSE,FALSE,657.36803
69,74,NL2,PL5,NL,PL,Western,CEE,FALSE,FALSE,0.02,0.001339,0.012171,FALSE,FALSE,753.743733
69,75,NL2,PL6,NL,PL,Western,CEE,FALSE,FALSE,0.01,7.69e-4,0.039639,FALSE,FALSE,876.780591
69,76,NL2,PL7,NL,PL,Western,CEE,FALSE,FALSE,0.03,0.001977,0.01222,FALSE,FALSE,918.172915
69,77,NL2,PL8,NL,PL,Western,CEE,FALSE,FALSE,0.02,0.001255,0.033221,FALSE,FALSE,1134.188888
69,78,NL2,PL9,NL,PL,Western,CEE,FALSE,FALSE,0,0,0.018287,FALSE,FALSE,1020.186473
69,79,NL2,PT1,NL,PT,Western,Southern,FALSE,FALSE,0.1,0.012834,0.020934,FALSE,FALSE,1809.860745
69,80,NL2,PT2,NL,PT,Western,Southern,FALSE,FALSE,0.14,0.018275,0.023662,FALSE,FALSE,2910.290598
69,81,NL2,PT3,NL,PT,Western,Southern,FALSE,FALSE,0.05,0.007019,0.015141,FALSE,FALSE,2835.892399
69,82,NL2,RO1,NL,RO,Western,CEE,FALSE,FALSE,0.03,0.004595,0.059201,FALSE,FALSE,1412.287612
69,83,NL2,RO2,NL,RO,Western,CEE,FALSE,FALSE,0.03,0.003505,0.023798,FALSE,FALSE,1676.705293
69,84,NL2,RO3,NL,RO,Western,CEE,FALSE,FALSE,0.02,0.001667,0.031823,FALSE,FALSE,1705.582137
69,85,NL2,RO4,NL,RO,Western,CEE,FALSE,FALSE,0.05,0.004792,0.034454,FALSE,FALSE,1440.162965
69,86,NL2,SE1,NL,SE,Western,Northern,FALSE,FALSE,0.01,4.76e-4,0.025963,FALSE,FALSE,996.65744
69,87,NL2,SE2,NL,SE,Western,Northern,FALSE,FALSE,0.03,0.002731,0.044704,FALSE,FALSE,757.569214
69,88,NL2,SE3,NL,SE,Western,Northern,FALSE,FALSE,0.01,6.67e-4,0.03087,FALSE,FALSE,1423.737719
69,89,NL2,SI0,NL,SI,Western,CEE,FALSE,FALSE,0.18,0.056327,0.054421,FALSE,FALSE,913.44962
69,90,NL2,SK0,NL,SK,Western,CEE,FALSE,FALSE,0.07,0.007536,0.013101,FALSE,FALSE,979.966969
70,1,NL3,AT1,NL,AT,Western,Western,FALSE,TRUE,0.13,0.010377,0.019824,FALSE,FALSE,950.462851
70,2,NL3,AT2,NL,AT,Western,Western,FALSE,TRUE,0.15,0.027086,0.032978,FALSE,FALSE,941.618951
70,3,NL3,AT3,NL,AT,Western,Western,FALSE,TRUE,0.12,0.009177,0.019299,FALSE,FALSE,799.606587
70,4,NL3,BE1,NL,BE,Western,Western,FALSE,TRUE,0.14,0.016395,0.022727,FALSE,TRUE,65.011851
70,5,NL3,BE2,NL,BE,Western,Western,FALSE,TRUE,0.2,0.017759,0.023488,TRUE,TRUE,40.649746
70,6,NL3,BE3,NL,BE,Western,Western,FALSE,TRUE,0.14,0.024193,0.032497,FALSE,TRUE,160.560278
70,7,NL3,BG3,NL,BG,Western,CEE,FALSE,FALSE,0.08,0.004716,0.010662,FALSE,FALSE,1829.817746
70,8,NL3,BG4,NL,BG,Western,CEE,FALSE,FALSE,0.09,0.007172,0.013784,FALSE,FALSE,1867.395732
70,9,NL3,CY0,NL,CY,Western,Southern,FALSE,FALSE,0.19,0.01288,0.019642,FALSE,FALSE,2949.416642
70,10,NL3,CZ0,NL,CZ,Western,CEE,FALSE,FALSE,0.14,0.009642,0.023986,FALSE,FALSE,859.693998
70,11,NL3,DE1,NL,DE,Western,Western,FALSE,TRUE,0.18,0.016937,0.026566,FALSE,FALSE,479.543387
70,12,NL3,DE2,NL,DE,Western,Western,FALSE,TRUE,0.14,0.010984,0.021173,FALSE,FALSE,650.489793
70,13,NL3,DE3,NL,DE,Western,Western,FALSE,TRUE,0.17,0.016971,0.021999,FALSE,FALSE,673.173125
70,14,NL3,DE4,NL,DE,Western,Western,FALSE,TRUE,0.14,0.010526,0.020129,FALSE,FALSE,624.238704
70,15,NL3,DE5,NL,DE,Western,Western,FALSE,TRUE,0.14,0.014896,0.023937,FALSE,FALSE,397.222889
70,16,NL3,DE6,NL,DE,Western,Western,FALSE,TRUE,0.12,0.008507,0.01707,FALSE,FALSE,492.954327
70,17,NL3,DE7,NL,DE,Western,Western,FALSE,TRUE,0.1,0.009138,0.018289,FALSE,FALSE,379.761993
70,18,NL3,DE8,NL,DE,Western,Western,FALSE,TRUE,0.17,0.011476,0.020663,FALSE,FALSE,651.057842
70,19,NL3,DE9,NL,DE,Western,Western,FALSE,TRUE,0.15,0.011544,0.020447,FALSE,FALSE,373.223046
70,20,NL3,DEA,NL,DE,Western,Western,FALSE,TRUE,0.1,0.007981,0.019506,FALSE,FALSE,263.113849
70,21,NL3,DEB,NL,DE,Western,Western,FALSE,TRUE,0.17,0.012961,0.022255,FALSE,FALSE,290.62815
70,22,NL3,DEC,NL,DE,Western,Western,FALSE,TRUE,0.15,0.009261,0.026637,FALSE,FALSE,312.176521
70,23,NL3,DED,NL,DE,Western,Western,FALSE,TRUE,0.14,0.012681,0.022524,FALSE,FALSE,678.750326
70,24,NL3,DEE,NL,DE,Western,Western,FALSE,TRUE,0.13,0.013693,0.021893,FALSE,FALSE,550.644987
70,25,NL3,DEF,NL,DE,Western,Western,FALSE,TRUE,0.11,0.009442,0.021515,FALSE,FALSE,517.213613
70,26,NL3,DEG,NL,DE,Western,Western,FALSE,TRUE,0.17,0.01431,0.024594,FALSE,FALSE,524.974093
70,27,NL3,DK0,NL,DK,Western,Northern,FALSE,FALSE,0.14,0.012706,0.01829,FALSE,FALSE,655.138627
70,28,NL3,EE0,NL,EE,Western,Baltics,FALSE,FALSE,0.17,0.013565,0.019426,FALSE,FALSE,1605.314962
70,29,NL3,EL3,NL,EL,Western,Southern,FALSE,FALSE,0.14,0.011378,0.056763,FALSE,FALSE,2136.449829
70,30,NL3,EL4,NL,EL,Western,Southern,FALSE,FALSE,0.2,0.013859,0.050309,FALSE,FALSE,2441.426014
70,31,NL3,EL5,NL,EL,Western,Southern,FALSE,FALSE,0.08,0.005635,0.055759,FALSE,FALSE,1824.698613
70,32,NL3,EL6,NL,EL,Western,Southern,FALSE,FALSE,0.15,0.012717,0.060176,FALSE,FALSE,1959.878813
70,33,NL3,ES1,NL,ES,Western,Southern,FALSE,FALSE,0.19,0.019058,0.02693,FALSE,FALSE,1098.466627
70,34,NL3,ES2,NL,ES,Western,Southern,FALSE,FALSE,0.11,0.010636,0.0209,FALSE,FALSE,1108.34764
70,35,NL3,ES3,NL,ES,Western,Southern,FALSE,FALSE,0.14,0.011244,0.020839,FALSE,FALSE,1328.003055
70,36,NL3,ES4,NL,ES,Western,Southern,FALSE,FALSE,0.1,0.008668,0.023301,FALSE,FALSE,1420.705138
70,37,NL3,ES5,NL,ES,Western,Southern,FALSE,FALSE,0.1,0.006696,0.024675,FALSE,FALSE,1303.339477
70,38,NL3,ES6,NL,ES,Western,Southern,FALSE,FALSE,0.16,0.012712,0.029641,FALSE,FALSE,1635.257125
70,39,NL3,ES7,NL,ES,Western,Southern,FALSE,FALSE,0.09,0.007815,0.015506,FALSE,FALSE,3036.162092
70,40,NL3,FI1,NL,FI,Western,Northern,FALSE,FALSE,0.09,0.007311,0.018361,FALSE,FALSE,2025.525758
70,41,NL3,FI2,NL,FI,Western,Northern,FALSE,FALSE,0.14,0.0115,0.015571,FALSE,FALSE,1408.202393
70,42,NL3,FR1,NL,FR,Western,Western,FALSE,TRUE,0.08,0.007051,0.018232,FALSE,FALSE,303.476387
70,43,NL3,FRB,NL,FR,Western,Western,FALSE,TRUE,0.19,0.01368,0.023418,FALSE,FALSE,435.881699
70,44,NL3,FRC,NL,FR,Western,Western,FALSE,TRUE,0.18,0.013969,0.023684,FALSE,FALSE,452.306151
70,45,NL3,FRD,NL,FR,Western,Western,FALSE,TRUE,0.17,0.019459,0.02637,FALSE,FALSE,368.827848
70,46,NL3,FRE,NL,FR,Western,Western,FALSE,TRUE,0.16,0.0179,0.025721,FALSE,TRUE,164.140973
70,47,NL3,FRF,NL,FR,Western,Western,FALSE,TRUE,0.13,0.011126,0.022134,FALSE,FALSE,315.41379
70,48,NL3,FRG,NL,FR,Western,Western,FALSE,TRUE,0.11,0.009345,0.022265,FALSE,FALSE,558.764158
70,49,NL3,FRH,NL,FR,Western,Western,FALSE,TRUE,0.13,0.012151,0.019819,FALSE,FALSE,588.855859
70,50,NL3,FRI,NL,FR,Western,Western,FALSE,TRUE,0.06,0.006933,0.020642,FALSE,FALSE,739.676066
70,51,NL3,FRJ,NL,FR,Western,Western,FALSE,TRUE,0.14,0.013328,0.021449,FALSE,FALSE,860.544568
70,52,NL3,FRK,NL,FR,Western,Western,FALSE,TRUE,0.07,0.006765,0.019091,FALSE,FALSE,651.678982
70,53,NL3,FRL,NL,FR,Western,Western,FALSE,TRUE,0.16,0.01666,0.021957,FALSE,FALSE,817.637514
70,54,NL3,FRM,NL,FR,Western,Western,FALSE,TRUE,0.05,0.002176,0.012329,FALSE,FALSE,1099.576444
70,55,NL3,HU1,NL,HU,Western,CEE,FALSE,FALSE,0.09,0.006823,0.045476,FALSE,FALSE,1202.377329
70,56,NL3,HU2,NL,HU,Western,CEE,FALSE,FALSE,0.13,0.012237,0.028716,FALSE,FALSE,1120.920623
70,57,NL3,HU3,NL,HU,Western,CEE,FALSE,FALSE,0.13,0.013271,0.063413,FALSE,FALSE,1321.732155
70,58,NL3,IE0,NL,IE,Western,Western,FALSE,TRUE,0.03,0.001824,0.007384,FALSE,FALSE,823.82524
70,59,NL3,ITC,NL,IT,Western,Southern,FALSE,FALSE,0.14,0.013812,0.022606,FALSE,FALSE,776.131968
70,60,NL3,ITF,NL,IT,Western,Southern,FALSE,FALSE,0.08,0.011634,0.02043,FALSE,FALSE,1529.89412
70,61,NL3,ITG,NL,IT,Western,Southern,FALSE,FALSE,0.14,0.012672,0.021663,FALSE,FALSE,1715.47
70,62,NL3,ITH,NL,IT,Western,Southern,FALSE,FALSE,0.16,0.010808,0.018731,FALSE,FALSE,867.17908
70,63,NL3,ITI,NL,IT,Western,Southern,FALSE,FALSE,0.12,0.009634,0.017932,FALSE,FALSE,1132.54265
70,64,NL3,LT0,NL,LT,Western,Baltics,FALSE,FALSE,0.07,0.008745,0.028736,FALSE,FALSE,1390.008754
70,65,NL3,LU0,NL,LU,Western,Western,FALSE,TRUE,0.15,0.00946,0.01673,FALSE,TRUE,232.723442
70,66,NL3,LV0,NL,LV,Western,Baltics,FALSE,FALSE,0.1,0.007052,0.021389,FALSE,FALSE,1564.605604
70,67,NL3,MT0,NL,MT,Western,Southern,FALSE,FALSE,0.19,0.01474,0.020678,FALSE,FALSE,1885.441427
70,68,NL3,NL1,NL,NL,Western,Western,TRUE,TRUE,0.09,0.005425,0.013072,TRUE,FALSE,249.227224
70,69,NL3,NL2,NL,NL,Western,Western,TRUE,TRUE,0.1,0.009536,0.018552,TRUE,TRUE,199.185322
70,71,NL3,NL4,NL,NL,Western,Western,TRUE,TRUE,0.1,0.010316,0.01829,TRUE,TRUE,131.86672
70,72,NL3,PL2,NL,PL,Western,CEE,FALSE,FALSE,0.07,0.005271,0.07314,FALSE,FALSE,1133.080368
70,73,NL3,PL4,NL,PL,Western,CEE,FALSE,FALSE,0.14,0.00831,0.077159,FALSE,FALSE,844.859983
70,74,NL3,PL5,NL,PL,Western,CEE,FALSE,FALSE,0.15,0.010488,0.018622,FALSE,FALSE,915.183291
70,75,NL3,PL6,NL,PL,Western,CEE,FALSE,FALSE,0.03,0.002873,0.055189,FALSE,FALSE,1068.077385
70,76,NL3,PL7,NL,PL,Western,CEE,FALSE,FALSE,0.14,0.012688,0.018171,FALSE,FALSE,1089.259653
70,77,NL3,PL8,NL,PL,Western,CEE,FALSE,FALSE,0.08,0.007373,0.047896,FALSE,FALSE,1311.628749
70,78,NL3,PL9,NL,PL,Western,CEE,FALSE,FALSE,0.08,0.006501,0.025604,FALSE,FALSE,1202.359574
70,79,NL3,PT1,NL,PT,Western,Southern,FALSE,FALSE,0.15,0.013945,0.020477,FALSE,FALSE,1617.056395
70,80,NL3,PT2,NL,PT,Western,Southern,FALSE,FALSE,0.14,0.012356,0.01975,FALSE,FALSE,2715.529902
70,81,NL3,PT3,NL,PT,Western,Southern,FALSE,FALSE,0.18,0.01939,0.021579,FALSE,FALSE,2638.811714
70,82,NL3,RO1,NL,RO,Western,CEE,FALSE,FALSE,0.09,0.005597,0.06062,FALSE,FALSE,1544.67574
70,83,NL3,RO2,NL,RO,Western,CEE,FALSE,FALSE,0.11,0.008085,0.027334,FALSE,FALSE,1814.352257
70,84,NL3,RO3,NL,RO,Western,CEE,FALSE,FALSE,0.04,0.002398,0.032151,FALSE,FALSE,1826.159293
70,85,NL3,RO4,NL,RO,Western,CEE,FALSE,FALSE,0.09,0.004683,0.03325,FALSE,FALSE,1552.159824
70,86,NL3,SE1,NL,SE,Western,Northern,FALSE,FALSE,0.17,0.011428,0.051304,FALSE,FALSE,1184.168869
70,87,NL3,SE2,NL,SE,Western,Northern,FALSE,FALSE,0.2,0.020456,0.087287,FALSE,FALSE,949.671726
70,88,NL3,SE3,NL,SE,Western,Northern,FALSE,FALSE,0.17,0.013949,0.058794,FALSE,FALSE,1588.620573
70,89,NL3,SI0,NL,SI,Western,CEE,FALSE,FALSE,0.26,0.020749,0.027493,FALSE,FALSE,976.607643
70,90,NL3,SK0,NL,SK,Western,CEE,FALSE,FALSE,0.1,0.008723,0.015162,FALSE,FALSE,1114.107081
71,1,NL4,AT1,NL,AT,Western,Western,FALSE,TRUE,0.12,0.012534,0.022751,FALSE,FALSE,827.633929
71,2,NL4,AT2,NL,AT,Western,Western,FALSE,TRUE,0.08,0.013049,0.02451,FALSE,FALSE,825.686563
71,3,NL4,AT3,NL,AT,Western,Western,FALSE,TRUE,0.11,0.010825,0.019745,FALSE,FALSE,684.972522
71,4,NL4,BE1,NL,BE,Western,Western,FALSE,TRUE,0.13,0.016968,0.023702,FALSE,TRUE,105.566817
71,5,NL4,BE2,NL,BE,Western,Western,FALSE,TRUE,0.09,0.014798,0.023599,TRUE,TRUE,108.774294
71,6,NL4,BE3,NL,BE,Western,Western,FALSE,TRUE,0.14,0.014717,0.022372,TRUE,TRUE,131.960834
71,7,NL4,BG3,NL,BG,Western,CEE,FALSE,FALSE,0.06,0.005963,0.011735,FALSE,FALSE,1707.627704
71,8,NL4,BG4,NL,BG,Western,CEE,FALSE,FALSE,0.07,0.007505,0.018232,FALSE,FALSE,1749.823631
71,9,NL4,CY0,NL,CY,Western,Southern,FALSE,FALSE,0.08,0.010375,0.01737,FALSE,FALSE,2831.595921
71,10,NL4,CZ0,NL,CZ,Western,CEE,FALSE,FALSE,0.09,0.01053,0.028298,FALSE,FALSE,729.304327
71,11,NL4,DE1,NL,DE,Western,Western,FALSE,TRUE,0.09,0.009365,0.022326,FALSE,FALSE,381.997635
71,12,NL4,DE2,NL,DE,Western,Western,FALSE,TRUE,0.17,0.023367,0.028407,FALSE,FALSE,530.72479
71,13,NL4,DE3,NL,DE,Western,Western,FALSE,TRUE,0.11,0.013927,0.021859,FALSE,FALSE,546.360419
71,14,NL4,DE4,NL,DE,Western,Western,FALSE,TRUE,0.08,0.007746,0.024139,FALSE,FALSE,497.660549
71,15,NL4,DE5,NL,DE,Western,Western,FALSE,TRUE,0.07,0.009232,0.020228,FALSE,FALSE,292.704113
71,16,NL4,DE6,NL,DE,Western,Western,FALSE,TRUE,0.18,0.022671,0.028102,FALSE,FALSE,388.377879
71,17,NL4,DE7,NL,DE,Western,Western,FALSE,TRUE,0.11,0.018639,0.025894,FALSE,FALSE,251.843703
71,18,NL4,DE8,NL,DE,Western,Western,FALSE,TRUE,0.11,0.015576,0.026856,FALSE,FALSE,538.953654
71,19,NL4,DE9,NL,DE,Western,Western,FALSE,TRUE,0.04,0.007917,0.021752,FALSE,FALSE,257.659562
71,20,NL4,DEA,NL,DE,Western,Western,FALSE,TRUE,0.08,0.009536,0.020621,TRUE,TRUE,131.59957
71,21,NL4,DEB,NL,DE,Western,Western,FALSE,TRUE,0.05,0.007393,0.018399,FALSE,FALSE,190.610284
71,22,NL4,DEC,NL,DE,Western,Western,FALSE,TRUE,0.14,0.015713,0.026058,FALSE,FALSE,234.294925
71,23,NL4,DED,NL,DE,Western,Western,FALSE,TRUE,0.09,0.011815,0.022949,FALSE,FALSE,546.906573
71,24,NL4,DEE,NL,DE,Western,Western,FALSE,TRUE,0.12,0.019754,0.026931,FALSE,FALSE,421.423307
71,25,NL4,DEF,NL,DE,Western,Western,FALSE,TRUE,0.11,0.00889,0.024128,FALSE,FALSE,422.183003
71,26,NL4,DEG,NL,DE,Western,Western,FALSE,TRUE,0.13,0.01943,0.031709,FALSE,FALSE,393.35295
71,27,NL4,DK0,NL,DK,Western,Northern,FALSE,FALSE,0.05,0.004039,0.016294,FALSE,FALSE,595.410127
71,28,NL4,EE0,NL,EE,Western,Baltics,FALSE,FALSE,0.05,0.004929,0.013219,FALSE,FALSE,1504.492806
71,29,NL4,EL3,NL,EL,Western,Southern,FALSE,FALSE,0.1,0.013463,0.064045,FALSE,FALSE,2031.869663
71,30,NL4,EL4,NL,EL,Western,Southern,FALSE,FALSE,0.08,0.007343,0.047848,FALSE,FALSE,2340.978315
71,31,NL4,EL5,NL,EL,Western,Southern,FALSE,FALSE,0.15,0.012425,0.062141,FALSE,FALSE,1717.286184
71,32,NL4,EL6,NL,EL,Western,Southern,FALSE,FALSE,0.11,0.010454,0.061966,FALSE,FALSE,1856.041262
71,33,NL4,ES1,NL,ES,Western,Southern,FALSE,FALSE,0.14,0.021654,0.028805,FALSE,FALSE,1186.952644
71,34,NL4,ES2,NL,ES,Western,Southern,FALSE,FALSE,0.11,0.011921,0.025862,FALSE,FALSE,1160.421273
71,35,NL4,ES3,NL,ES,Western,Southern,FALSE,FALSE,0.18,0.020247,0.026271,FALSE,FALSE,1398.256665
71,36,NL4,ES4,NL,ES,Western,Southern,FALSE,FALSE,0.07,0.016111,0.028191,FALSE,FALSE,1500.349596
71,37,NL4,ES5,NL,ES,Western,Southern,FALSE,FALSE,0.1,0.00993,0.02543,FALSE,FALSE,1318.106197
71,38,NL4,ES6,NL,ES,Western,Southern,FALSE,FALSE,0.07,0.009105,0.028202,FALSE,FALSE,1695.449443
71,39,NL4,ES7,NL,ES,Western,Southern,FALSE,FALSE,0.05,0.007262,0.015371,FALSE,FALSE,3125.809806
71,40,NL4,FI1,NL,FI,Western,Northern,FALSE,FALSE,0.11,0.037992,0.040027,FALSE,FALSE,1952.710486
71,41,NL4,FI2,NL,FI,Western,Northern,FALSE,FALSE,0.06,0.006456,0.013625,FALSE,FALSE,1326.931004
71,42,NL4,FR1,NL,FR,Western,Western,FALSE,TRUE,0.03,0.002949,0.015239,FALSE,FALSE,367.349291
71,43,NL4,FRB,NL,FR,Western,Western,FALSE,TRUE,0.11,0.016562,0.030265,FALSE,FALSE,502.989175
71,44,NL4,FRC,NL,FR,Western,Western,FALSE,TRUE,0.1,0.012918,0.029423,FALSE,FALSE,447.607657
71,45,NL4,FRD,NL,FR,Western,Western,FALSE,TRUE,0.1,0.007878,0.016637,FALSE,FALSE,476.225056
71,46,NL4,FRE,NL,FR,Western,Western,FALSE,TRUE,0.13,0.028301,0.035118,FALSE,FALSE,247.322048
71,47,NL4,FRF,NL,FR,Western,Western,FALSE,TRUE,0.12,0.03123,0.041338,FALSE,FALSE,281.411755
71,48,NL4,FRG,NL,FR,Western,Western,FALSE,TRUE,0.06,0.007856,0.020695,FALSE,FALSE,654.18373
71,49,NL4,FRH,NL,FR,Western,Western,FALSE,TRUE,0.12,0.013654,0.022795,FALSE,FALSE,702.720655
71,50,NL4,FRI,NL,FR,Western,Western,FALSE,TRUE,0.12,0.025151,0.035722,FALSE,FALSE,797.480936
71,51,NL4,FRJ,NL,FR,Western,Western,FALSE,TRUE,0.09,0.016104,0.027574,FALSE,FALSE,890.323425
71,52,NL4,FRK,NL,FR,Western,Western,FALSE,TRUE,0.07,0.006398,0.017273,FALSE,FALSE,652.713273
71,53,NL4,FRL,NL,FR,Western,Western,FALSE,TRUE,0.08,0.008517,0.020285,FALSE,FALSE,800.940497
71,54,NL4,FRM,NL,FR,Western,Western,FALSE,TRUE,0.08,0.00599,0.01671,FALSE,FALSE,1055.615707
71,55,NL4,HU1,NL,HU,Western,CEE,FALSE,FALSE,0.03,0.001928,0.035115,FALSE,FALSE,1075.999338
71,56,NL4,HU2,NL,HU,Western,CEE,FALSE,FALSE,0.08,0.006258,0.019081,FALSE,FALSE,999.561619
71,57,NL4,HU3,NL,HU,Western,CEE,FALSE,FALSE,0.07,0.00728,0.047534,FALSE,FALSE,1194.52376
71,58,NL4,IE0,NL,IE,Western,Western,FALSE,TRUE,0.11,0.012061,0.014939,FALSE,FALSE,946.825469
71,59,NL4,ITC,NL,IT,Western,Southern,FALSE,FALSE,0.08,0.00741,0.016062,FALSE,FALSE,718.918962
71,60,NL4,ITF,NL,IT,Western,Southern,FALSE,FALSE,0.07,0.006895,0.017895,FALSE,FALSE,1445.837647
71,61,NL4,ITG,NL,IT,Western,Southern,FALSE,FALSE,0.05,0.003724,0.017243,FALSE,FALSE,1651.934069
71,62,NL4,ITH,NL,IT,Western,Southern,FALSE,FALSE,0.11,0.015344,0.023351,FALSE,FALSE,782.243159
71,63,NL4,ITI,NL,IT,Western,Southern,FALSE,FALSE,0.05,0.004399,0.014654,FALSE,FALSE,1059.085137
71,64,NL4,LT0,NL,LT,Western,Baltics,FALSE,FALSE,0.08,0.008551,0.025429,FALSE,FALSE,1271.894876
71,65,NL4,LU0,NL,LU,Western,Western,FALSE,TRUE,0.07,0.00721,0.013738,FALSE,TRUE,168.837806
71,66,NL4,LV0,NL,LV,Western,Baltics,FALSE,FALSE,0.08,0.006965,0.020142,FALSE,FALSE,1452.204377
71,67,NL4,MT0,NL,MT,Western,Southern,FALSE,FALSE,0.1,0.010205,0.021007,FALSE,FALSE,1823.908812
71,68,NL4,NL1,NL,NL,Western,Western,TRUE,TRUE,0.06,0.005262,0.013438,FALSE,FALSE,189.903981
71,69,NL4,NL2,NL,NL,Western,Western,TRUE,TRUE,0.13,0.014059,0.023686,TRUE,TRUE,114.838105
71,70,NL4,NL3,NL,NL,Western,Western,TRUE,TRUE,0.06,0.022417,0.026902,TRUE,TRUE,131.86672
71,72,NL4,PL2,NL,PL,Western,CEE,FALSE,FALSE,0.06,0.005606,0.066961,FALSE,FALSE,1001.257549
71,73,NL4,PL4,NL,PL,Western,CEE,FALSE,FALSE,0.01,8.33e-4,0.067464,FALSE,FALSE,719.061614
71,74,NL4,PL5,NL,PL,Western,CEE,FALSE,FALSE,0.05,0.004451,0.015305,FALSE,FALSE,783.358567
71,75,NL4,PL6,NL,PL,Western,CEE,FALSE,FALSE,0.04,0.002646,0.054673,FALSE,FALSE,944.155839
71,76,NL4,PL7,NL,PL,Western,CEE,FALSE,FALSE,0.13,0.014772,0.020981,FALSE,FALSE,958.047782
71,77,NL4,PL8,NL,PL,Western,CEE,FALSE,FALSE,0.06,0.006027,0.048527,FALSE,FALSE,1181.328946
71,78,NL4,PL9,NL,PL,Western,CEE,FALSE,FALSE,0.05,0.004274,0.024029,FALSE,FALSE,1073.465651
71,79,NL4,PT1,NL,PT,Western,Southern,FALSE,FALSE,0.1,0.024453,0.028887,FALSE,FALSE,1706.861299
71,80,NL4,PT2,NL,PT,Western,Southern,FALSE,FALSE,0.08,0.009911,0.016851,FALSE,FALSE,2839.165885
71,81,NL4,PT3,NL,PT,Western,Southern,FALSE,FALSE,0.08,0.011648,0.017429,FALSE,FALSE,2738.222128
71,82,NL4,RO1,NL,RO,Western,CEE,FALSE,FALSE,0.05,0.004089,0.055418,FALSE,FALSE,1416.040528
71,83,NL4,RO2,NL,RO,Western,CEE,FALSE,FALSE,0.03,0.0015790000000000001,0.021391,FALSE,FALSE,1684.913668
71,84,NL4,RO3,NL,RO,Western,CEE,FALSE,FALSE,0.04,0.002172,0.030595,FALSE,FALSE,1700.386953
71,85,NL4,RO4,NL,RO,Western,CEE,FALSE,FALSE,0.04,0.004306,0.033067,FALSE,FALSE,1428.391556
71,86,NL4,SE1,NL,SE,Western,Northern,FALSE,FALSE,0.05,0.004472,0.035658,FALSE,FALSE,1106.667321
71,87,NL4,SE2,NL,SE,Western,Northern,FALSE,FALSE,0.04,0.004556,0.058223,FALSE,FALSE,865.146086
71,88,NL4,SE3,NL,SE,Western,Northern,FALSE,FALSE,0.05,0.003958,0.040483,FALSE,FALSE,1538.445131
71,89,NL4,SI0,NL,SI,Western,CEE,FALSE,FALSE,0.16,0.028647,0.036134,FALSE,FALSE,868.300802
71,90,NL4,SK0,NL,SK,Western,CEE,FALSE,FALSE,0.07,0.00656,0.012851,FALSE,FALSE,984.692121
72,1,PL2,AT1,PL,AT,CEE,Western,FALSE,FALSE,0,0,0,FALSE,FALSE,379.550256
72,2,PL2,AT2,PL,AT,CEE,Western,FALSE,FALSE,0,0,0,FALSE,FALSE,487.913846
72,3,PL2,AT3,PL,AT,CEE,Western,FALSE,FALSE,0,0,0,FALSE,FALSE,540.272453
72,4,PL2,BE1,PL,BE,CEE,Western,FALSE,FALSE,0,0,0,FALSE,FALSE,1093.307403
72,5,PL2,BE2,PL,BE,CEE,Western,FALSE,FALSE,0,0,0,FALSE,FALSE,1105.414218
72,6,PL2,BE3,PL,BE,CEE,Western,FALSE,FALSE,0,0,0,FALSE,FALSE,1039.908529
72,7,PL2,BG3,PL,BG,CEE,CEE,FALSE,TRUE,0,0,0,FALSE,FALSE,856.281502
72,8,PL2,BG4,PL,BG,CEE,CEE,FALSE,TRUE,0,0,0,FALSE,FALSE,960.964258
72,9,PL2,CY0,PL,CY,CEE,Southern,FALSE,FALSE,0,0,0,FALSE,FALSE,1977.705168
72,10,PL2,CZ0,PL,CZ,CEE,CEE,FALSE,TRUE,0,0,0,TRUE,TRUE,295.475872
72,11,PL2,DE1,PL,DE,CEE,Western,FALSE,FALSE,0,0,0,FALSE,FALSE,791.712302
72,12,PL2,DE2,PL,DE,CEE,Western,FALSE,FALSE,0,0,0,FALSE,FALSE,573.508752
72,13,PL2,DE3,PL,DE,CEE,Western,FALSE,FALSE,0,0,0,FALSE,FALSE,517.996025
72,14,PL2,DE4,PL,DE,CEE,Western,FALSE,FALSE,0,0,0,FALSE,FALSE,559.37168
72,15,PL2,DE5,PL,DE,CEE,Western,FALSE,FALSE,0,0,0,FALSE,FALSE,827.163274
72,16,PL2,DE6,PL,DE,CEE,Western,FALSE,FALSE,0,0,0,FALSE,FALSE,774.837068
72,17,PL2,DE7,PL,DE,CEE,Western,FALSE,FALSE,0,0,0,FALSE,FALSE,761.950568
72,18,PL2,DE8,PL,DE,CEE,Western,FALSE,FALSE,0,0,0,FALSE,FALSE,655.383383
72,19,PL2,DE9,PL,DE,CEE,Western,FALSE,FALSE,0,0,0,FALSE,FALSE,809.742937
72,20,PL2,DEA,PL,DE,CEE,Western,FALSE,FALSE,0,0,0,FALSE,FALSE,870.95347
72,21,PL2,DEB,PL,DE,CEE,Western,FALSE,FALSE,0,0,0,FALSE,FALSE,892.867866
72,22,PL2,DEC,PL,DE,CEE,Western,FALSE,FALSE,0,0,0,FALSE,FALSE,924.444629
72,23,PL2,DED,PL,DE,CEE,Western,FALSE,FALSE,0,0,0,FALSE,FALSE,454.377692
72,24,PL2,DEE,PL,DE,CEE,Western,FALSE,FALSE,0,0,0,FALSE,FALSE,603.293465
72,25,PL2,DEF,PL,DE,CEE,Western,FALSE,FALSE,0,0,0,FALSE,FALSE,808.010531
72,26,PL2,DEG,PL,DE,CEE,Western,FALSE,FALSE,0,0,0,FALSE,FALSE,608.505305
72,27,PL2,DK0,PL,DK,CEE,Northern,FALSE,FALSE,0,0,0,FALSE,FALSE,975.987933
72,28,PL2,EE0,PL,EE,CEE,Baltics,FALSE,FALSE,0,0,0,FALSE,FALSE,1035.980239
72,29,PL2,EL3,PL,EL,CEE,Southern,FALSE,FALSE,0,0,0,FALSE,FALSE,1372.78974
72,30,PL2,EL4,PL,EL,CEE,Southern,FALSE,FALSE,0,0,0,FALSE,FALSE,1698.063552
72,31,PL2,EL5,PL,EL,CEE,Southern,FALSE,FALSE,0,0,0,FALSE,FALSE,1067.459412
72,32,PL2,EL6,PL,EL,CEE,Southern,FALSE,FALSE,0,0,0,FALSE,FALSE,1227.730147
72,33,PL2,ES1,PL,ES,CEE,Southern,FALSE,FALSE,0,0,0,FALSE,FALSE,2007.932156
72,34,PL2,ES2,PL,ES,CEE,Southern,FALSE,FALSE,0,0,0,FALSE,FALSE,1822.25326
72,35,PL2,ES3,PL,ES,CEE,Southern,FALSE,FALSE,0,0,0,FALSE,FALSE,2116.605075
72,36,PL2,ES4,PL,ES,CEE,Southern,FALSE,FALSE,0,0,0,FALSE,FALSE,2255.534413
72,37,PL2,ES5,PL,ES,CEE,Southern,FALSE,FALSE,0,0,0,FALSE,FALSE,1759.03885
72,38,PL2,ES6,PL,ES,CEE,Southern,FALSE,FALSE,0,0,0,FALSE,FALSE,2334.384961
72,39,PL2,ES7,PL,ES,CEE,Southern,FALSE,FALSE,0,0,0,FALSE,FALSE,3869.604671
72,40,PL2,FI1,PL,FI,CEE,Northern,FALSE,FALSE,0,0,0,FALSE,FALSE,1685.232642
72,41,PL2,FI2,PL,FI,CEE,Northern,FALSE,FALSE,0,0,0,FALSE,FALSE,1125.692789
72,42,PL2,FR1,PL,FR,CEE,Western,FALSE,FALSE,0,0,0,FALSE,FALSE,1256.522176
72,43,PL2,FRB,PL,FR,CEE,Western,FALSE,FALSE,0,0,0,FALSE,FALSE,1357.837312
72,44,PL2,FRC,PL,FR,CEE,Western,FALSE,FALSE,0,0,0,FALSE,FALSE,1130.623836
72,45,PL2,FRD,PL,FR,CEE,Western,FALSE,FALSE,0,0,0,FALSE,FALSE,1427.174777
72,46,PL2,FRE,PL,FR,CEE,Western,FALSE,FALSE,0,0,0,FALSE,FALSE,1202.968861
72,47,PL2,FRF,PL,FR,CEE,Western,FALSE,FALSE,0,0,0,FALSE,FALSE,1021.865171
72,48,PL2,FRG,PL,FR,CEE,Western,FALSE,FALSE,0,0,0,FALSE,FALSE,1555.009177
72,49,PL2,FRH,PL,FR,CEE,Western,FALSE,FALSE,0,0,0,FALSE,FALSE,1651.285469
72,50,PL2,FRI,PL,FR,CEE,Western,FALSE,FALSE,0,0,0,FALSE,FALSE,1551.471772
72,51,PL2,FRJ,PL,FR,CEE,Western,FALSE,FALSE,0,0,0,FALSE,FALSE,1508.698866
72,52,PL2,FRK,PL,FR,CEE,Western,FALSE,FALSE,0,0,0,FALSE,FALSE,1238.996054
72,53,PL2,FRL,PL,FR,CEE,Western,FALSE,FALSE,0,0,0,FALSE,FALSE,1235.678911
72,54,PL2,FRM,PL,FR,CEE,Western,FALSE,FALSE,0,0,0,FALSE,FALSE,1214.072957
72,55,PL2,HU1,PL,HU,CEE,CEE,FALSE,TRUE,0,0,0,FALSE,TRUE,298.264619
72,56,PL2,HU2,PL,HU,CEE,CEE,FALSE,TRUE,0,0,0,FALSE,FALSE,397.039168
72,57,PL2,HU3,PL,HU,CEE,CEE,FALSE,TRUE,0,0,0,FALSE,FALSE,337.179653
72,58,PL2,IE0,PL,IE,CEE,Western,FALSE,FALSE,0,0,0,FALSE,FALSE,1923.933597
72,59,PL2,ITC,PL,IT,CEE,Southern,FALSE,FALSE,0,0,0,FALSE,FALSE,982.466745
72,60,PL2,ITF,PL,IT,CEE,Southern,FALSE,FALSE,0,0,0,FALSE,FALSE,1124.051026
72,61,PL2,ITG,PL,IT,CEE,Southern,FALSE,FALSE,0,0,0,FALSE,FALSE,1469.165062
72,62,PL2,ITH,PL,IT,CEE,Southern,FALSE,FALSE,0,0,0,FALSE,FALSE,805.298202
72,63,PL2,ITI,PL,IT,CEE,Southern,FALSE,FALSE,0,0,0,FALSE,FALSE,992.114498
72,64,PL2,LT0,PL,LT,CEE,Baltics,FALSE,FALSE,0,0,0,FALSE,FALSE,631.126662
72,65,PL2,LU0,PL,LU,CEE,Western,FALSE,FALSE,0,0,0,FALSE,FALSE,979.372626
72,66,PL2,LV0,PL,LV,CEE,Baltics,FALSE,FALSE,0,0,0,FALSE,FALSE,844.370837
72,67,PL2,MT0,PL,MT,CEE,Southern,FALSE,FALSE,0,0,0,FALSE,FALSE,1624.38594
72,68,PL2,NL1,PL,NL,CEE,Western,FALSE,FALSE,0,0,0,FALSE,FALSE,991.52237
72,69,PL2,NL2,PL,NL,CEE,Western,FALSE,FALSE,0,0,0,FALSE,FALSE,976.047647
72,70,PL2,NL3,PL,NL,CEE,Western,FALSE,FALSE,0,0,0,FALSE,FALSE,1133.080368
72,71,PL2,NL4,PL,NL,CEE,Western,FALSE,FALSE,0,0,0,FALSE,FALSE,1001.257549
72,73,PL2,PL4,PL,PL,CEE,CEE,TRUE,TRUE,1,0.955,1.393347,FALSE,FALSE,413.674156
72,74,PL2,PL5,PL,PL,CEE,CEE,TRUE,TRUE,0.01,0.005,0.005587,TRUE,TRUE,223.22388
72,75,PL2,PL6,PL,PL,CEE,CEE,TRUE,TRUE,0.06,0.03,0.055948,FALSE,FALSE,390.047177
72,76,PL2,PL7,PL,PL,CEE,CEE,TRUE,TRUE,0,0,0.003904,TRUE,TRUE,137.876259
72,77,PL2,PL8,PL,PL,CEE,CEE,TRUE,TRUE,0.02,0.01,0.023682,TRUE,TRUE,273.952059
72,78,PL2,PL9,PL,PL,CEE,CEE,TRUE,TRUE,0,0,0.02012,FALSE,TRUE,271.171562
72,79,PL2,PT1,PL,PT,CEE,Southern,FALSE,FALSE,0,0,0,FALSE,FALSE,2499.341932
72,80,PL2,PT2,PL,PT,CEE,Southern,FALSE,FALSE,0,0,0,FALSE,FALSE,3788.781098
72,81,PL2,PT3,PL,PT,CEE,Southern,FALSE,FALSE,0,0,0,FALSE,FALSE,3548.584785
72,82,PL2,RO1,PL,RO,CEE,CEE,FALSE,TRUE,0,0,0,FALSE,FALSE,480.709245
72,83,PL2,RO2,PL,RO,CEE,CEE,FALSE,TRUE,0,0,0,FALSE,FALSE,719.180778
72,84,PL2,RO3,PL,RO,CEE,CEE,FALSE,TRUE,0,0,0,FALSE,FALSE,793.844416
72,85,PL2,RO4,PL,RO,CEE,CEE,FALSE,TRUE,0,0,0,FALSE,FALSE,588.726994
72,86,PL2,SE1,PL,SE,CEE,Northern,FALSE,FALSE,0,0,0,FALSE,FALSE,1030.77334
72,87,PL2,SE2,PL,SE,CEE,Northern,FALSE,FALSE,0,0,0,FALSE,FALSE,869.970156
72,88,PL2,SE3,PL,SE,CEE,Northern,FALSE,FALSE,0,0,0,FALSE,FALSE,1545.903288
72,89,PL2,SI0,PL,SI,CEE,CEE,FALSE,TRUE,0,0,0,FALSE,FALSE,585.639737
72,90,PL2,SK0,PL,SK,CEE,CEE,FALSE,TRUE,0,0,0,TRUE,TRUE,177.423221
73,1,PL4,AT1,PL,AT,CEE,Western,FALSE,FALSE,0,0,0,FALSE,FALSE,562.258954
73,2,PL4,AT2,PL,AT,CEE,Western,FALSE,FALSE,0,0,0,FALSE,FALSE,654.283741
73,3,PL4,AT3,PL,AT,CEE,Western,FALSE,FALSE,0,0,0,FALSE,FALSE,607.481004
73,4,PL4,BE1,PL,BE,CEE,Western,FALSE,FALSE,0,0,0,FALSE,FALSE,823.165212
73,5,PL4,BE2,PL,BE,CEE,Western,FALSE,FALSE,0,0,0,FALSE,FALSE,827.714486
73,6,PL4,BE3,PL,BE,CEE,Western,FALSE,FALSE,0,0,0,FALSE,FALSE,800.344442
73,7,PL4,BG3,PL,BG,CEE,CEE,FALSE,TRUE,0,0,0,FALSE,FALSE,1266.567166
73,8,PL4,BG4,PL,BG,CEE,CEE,FALSE,TRUE,0,0,0,FALSE,FALSE,1363.031766
73,9,PL4,CY0,PL,CY,CEE,Southern,FALSE,FALSE,0,0,0,FALSE,FALSE,2391.344128
73,10,PL4,CZ0,PL,CZ,CEE,CEE,FALSE,TRUE,0,0,0,FALSE,FALSE,354.046089
73,11,PL4,DE1,PL,DE,CEE,Western,FALSE,FALSE,0,0,0,FALSE,FALSE,673.133485
73,12,PL4,DE2,PL,DE,CEE,Western,FALSE,FALSE,0,0,0,FALSE,FALSE,523.076361
73,13,PL4,DE3,PL,DE,CEE,Western,FALSE,FALSE,0,0,0,FALSE,TRUE,173.241826
73,14,PL4,DE4,PL,DE,CEE,Western,FALSE,FALSE,0,0,0,TRUE,TRUE,221.512136
73,15,PL4,DE5,PL,DE,CEE,Western,FALSE,FALSE,0,0,0,FALSE,FALSE,473.33633
73,16,PL4,DE6,PL,DE,CEE,Western,FALSE,FALSE,0,0,0,FALSE,FALSE,397.777578
73,17,PL4,DE7,PL,DE,CEE,Western,FALSE,FALSE,0,0,0,FALSE,FALSE,537.163156
73,18,PL4,DE8,PL,DE,CEE,Western,FALSE,FALSE,0,0,0,TRUE,TRUE,252.409746
73,19,PL4,DE9,PL,DE,CEE,Western,FALSE,FALSE,0,0,0,FALSE,FALSE,477.178817
73,20,PL4,DEA,PL,DE,CEE,Western,FALSE,FALSE,0,0,0,FALSE,FALSE,591.597377
73,21,PL4,DEB,PL,DE,CEE,Western,FALSE,FALSE,0,0,0,FALSE,FALSE,682.135399
73,22,PL4,DEC,PL,DE,CEE,Western,FALSE,FALSE,0,0,0,FALSE,FALSE,736.290815
73,23,PL4,DED,PL,DE,CEE,Western,FALSE,FALSE,0,0,0,TRUE,TRUE,278.910906
73,24,PL4,DEE,PL,DE,CEE,Western,FALSE,FALSE,0,0,0,FALSE,TRUE,302.80399
73,25,PL4,DEF,PL,DE,CEE,Western,FALSE,FALSE,0,0,0,FALSE,FALSE,417.040832
73,26,PL4,DEG,PL,DE,CEE,Western,FALSE,FALSE,0,0,0,FALSE,FALSE,388.671902
73,27,PL4,DK0,PL,DK,CEE,Northern,FALSE,FALSE,0,0,0,FALSE,FALSE,563.023183
73,28,PL4,EE0,PL,EE,CEE,Baltics,FALSE,FALSE,0,0,0,FALSE,FALSE,886.226651
73,29,PL4,EL3,PL,EL,CEE,Southern,FALSE,FALSE,0,0,0,FALSE,FALSE,1755.017126
73,30,PL4,EL4,PL,EL,CEE,Southern,FALSE,FALSE,0,0,0,FALSE,FALSE,2081.6414
73,31,PL4,EL5,PL,EL,CEE,Southern,FALSE,FALSE,0,0,0,FALSE,FALSE,1439.972282
73,32,PL4,EL6,PL,EL,CEE,Southern,FALSE,FALSE,0,0,0,FALSE,FALSE,1599.200335
73,33,PL4,ES1,PL,ES,CEE,Southern,FALSE,FALSE,0,0,0,FALSE,FALSE,1858.422285
73,34,PL4,ES2,PL,ES,CEE,Southern,FALSE,FALSE,0,0,0,FALSE,FALSE,1746.069832
73,35,PL4,ES3,PL,ES,CEE,Southern,FALSE,FALSE,0,0,0,FALSE,FALSE,2021.880812
73,36,PL4,ES4,PL,ES,CEE,Southern,FALSE,FALSE,0,0,0,FALSE,FALSE,2144.979786
73,37,PL4,ES5,PL,ES,CEE,Southern,FALSE,FALSE,0,0,0,FALSE,FALSE,1775.283979
73,38,PL4,ES6,PL,ES,CEE,Southern,FALSE,FALSE,0,0,0,FALSE,FALSE,2281.894245
73,39,PL4,ES7,PL,ES,CEE,Southern,FALSE,FALSE,0,0,0,FALSE,FALSE,3779.127909
73,40,PL4,FI1,PL,FI,CEE,Northern,FALSE,FALSE,0,0,0,FALSE,FALSE,1466.766574
73,41,PL4,FI2,PL,FI,CEE,Northern,FALSE,FALSE,0,0,0,FALSE,FALSE,847.611849
73,42,PL4,FR1,PL,FR,CEE,Western,FALSE,FALSE,0,0,0,FALSE,FALSE,1047.418325
73,43,PL4,FRB,PL,FR,CEE,Western,FALSE,FALSE,0,0,0,FALSE,FALSE,1171.156348
73,44,PL4,FRC,PL,FR,CEE,Western,FALSE,FALSE,0,0,0,FALSE,FALSE,996.561135
73,45,PL4,FRD,PL,FR,CEE,Western,FALSE,FALSE,0,0,0,FALSE,FALSE,1189.417442
73,46,PL4,FRE,PL,FR,CEE,Western,FALSE,FALSE,0,0,0,FALSE,FALSE,956.588068
73,47,PL4,FRF,PL,FR,CEE,Western,FALSE,FALSE,0,0,0,FALSE,FALSE,844.195543
73,48,PL4,FRG,PL,FR,CEE,Western,FALSE,FALSE,0,0,0,FALSE,FALSE,1351.296257
73,49,PL4,FRH,PL,FR,CEE,Western,FALSE,FALSE,0,0,0,FALSE,FALSE,1417.876961
73,50,PL4,FRI,PL,FR,CEE,Western,FALSE,FALSE,0,0,0,FALSE,FALSE,1422.163488
73,51,PL4,FRJ,PL,FR,CEE,Western,FALSE,FALSE,0,0,0,FALSE,FALSE,1437.244396
73,52,PL4,FRK,PL,FR,CEE,Western,FALSE,FALSE,0,0,0,FALSE,FALSE,1158.84239
73,53,PL4,FRL,PL,FR,CEE,Western,FALSE,FALSE,0,0,0,FALSE,FALSE,1217.680948
73,54,PL4,FRM,PL,FR,CEE,Western,FALSE,FALSE,0,0,0,FALSE,FALSE,1306.259406
73,55,PL4,HU1,PL,HU,CEE,CEE,FALSE,TRUE,0,0,0,FALSE,FALSE,656.756374
73,56,PL4,HU2,PL,HU,CEE,CEE,FALSE,TRUE,0,0,0,FALSE,FALSE,687.145429
73,57,PL4,HU3,PL,HU,CEE,CEE,FALSE,TRUE,0,0,0,FALSE,FALSE,733.19288100000006
73,58,PL4,IE0,PL,IE,CEE,Western,FALSE,FALSE,0,0,0,FALSE,FALSE,1574.049633
73,59,PL4,ITC,PL,IT,CEE,Southern,FALSE,FALSE,0,0,0,FALSE,FALSE,997.974761
73,60,PL4,ITF,PL,IT,CEE,Southern,FALSE,FALSE,0,0,0,FALSE,FALSE,1393.710518
73,61,PL4,ITG,PL,IT,CEE,Southern,FALSE,FALSE,0,0,0,FALSE,FALSE,1709.142273
73,62,PL4,ITH,PL,IT,CEE,Southern,FALSE,FALSE,0,0,0,FALSE,FALSE,888.821768
73,63,PL4,ITI,PL,IT,CEE,Southern,FALSE,FALSE,0,0,0,FALSE,FALSE,1150.0593
73,64,PL4,LT0,PL,LT,CEE,Baltics,FALSE,FALSE,0,0,0,FALSE,FALSE,571.680155
73,65,PL4,LU0,PL,LU,CEE,Western,FALSE,FALSE,0,0,0,FALSE,FALSE,761.878235
73,66,PL4,LV0,PL,LV,CEE,Baltics,FALSE,FALSE,0,0,0,FALSE,FALSE,773.735807
73,67,PL4,MT0,PL,MT,CEE,Southern,FALSE,FALSE,0,0,0,FALSE,FALSE,1876.792984
73,68,PL4,NL1,PL,NL,CEE,Western,FALSE,FALSE,0,0,0,FALSE,FALSE,648.875256
73,69,PL4,NL2,PL,NL,CEE,Western,FALSE,FALSE,0,0,0,FALSE,FALSE,657.36803
73,70,PL4,NL3,PL,NL,CEE,Western,FALSE,FALSE,0,0,0,FALSE,FALSE,844.859983
73,71,PL4,NL4,PL,NL,CEE,Western,FALSE,FALSE,0,0,0,FALSE,FALSE,719.061614
73,72,PL4,PL2,PL,PL,CEE,CEE,TRUE,TRUE,1,1,1.423936,FALSE,FALSE,413.674156
73,74,PL4,PL5,PL,PL,CEE,CEE,TRUE,TRUE,0,0,0.004072,TRUE,TRUE,235.960581
73,75,PL4,PL6,PL,PL,CEE,CEE,TRUE,TRUE,0,0,0.040239,TRUE,TRUE,227.626851
73,76,PL4,PL7,PL,PL,CEE,CEE,TRUE,TRUE,0,0,0.002831,TRUE,FALSE,302.85957
73,77,PL4,PL8,PL,PL,CEE,CEE,TRUE,TRUE,0,0,0.017037,FALSE,FALSE,487.532894
73,78,PL4,PL9,PL,PL,CEE,CEE,TRUE,TRUE,0,0,0.014472,FALSE,FALSE,366.336242
73,79,PL4,PT1,PL,PT,CEE,Southern,FALSE,FALSE,0,0,0,FALSE,FALSE,2372.28668
73,80,PL4,PT2,PL,PT,CEE,Southern,FALSE,FALSE,0,0,0,FALSE,FALSE,3558.153387
73,81,PL4,PT3,PL,PT,CEE,Southern,FALSE,FALSE,0,0,0,FALSE,FALSE,3418.53637
73,82,PL4,RO1,PL,RO,CEE,CEE,FALSE,TRUE,0,0,0,FALSE,FALSE,894.359182
73,83,PL4,RO2,PL,RO,CEE,CEE,FALSE,TRUE,0,0,0,FALSE,FALSE,1125.11878
73,84,PL4,RO3,PL,RO,CEE,CEE,FALSE,TRUE,0,0,0,FALSE,FALSE,1207.518289
73,85,PL4,RO4,PL,RO,CEE,CEE,FALSE,TRUE,0,0,0,FALSE,FALSE,992.300498
73,86,PL4,SE1,PL,SE,CEE,Northern,FALSE,FALSE,0,0,0,FALSE,FALSE,695.34599
73,87,PL4,SE2,PL,SE,CEE,Northern,FALSE,FALSE,0,0,0,FALSE,FALSE,489.40389
73,88,PL4,SE3,PL,SE,CEE,Northern,FALSE,FALSE,0,0,0,FALSE,FALSE,1220.373627
73,89,PL4,SI0,PL,SI,CEE,CEE,FALSE,TRUE,0,0,0,FALSE,FALSE,758.602279
73,90,PL4,SK0,PL,SK,CEE,CEE,FALSE,TRUE,0,0,0,FALSE,FALSE,519.175994
74,1,PL5,AT1,PL,AT,CEE,Western,FALSE,FALSE,0,0,0,FALSE,FALSE,344.579038
74,2,PL5,AT2,PL,AT,CEE,Western,FALSE,FALSE,0,0,0,FALSE,FALSE,447.127988
74,3,PL5,AT3,PL,AT,CEE,Western,FALSE,FALSE,0,0,0,FALSE,FALSE,437.163169
74,4,PL5,BE1,PL,BE,CEE,Western,FALSE,FALSE,0,0,0,FALSE,FALSE,878.257193
74,5,PL5,BE2,PL,BE,CEE,Western,FALSE,FALSE,0,0,0,FALSE,FALSE,889.088031
74,6,PL5,BE3,PL,BE,CEE,Western,FALSE,FALSE,0,0,0,FALSE,FALSE,830.71757
74,7,PL5,BG3,PL,BG,CEE,CEE,FALSE,TRUE,0,0,0,FALSE,FALSE,1046.193381
74,8,PL5,BG4,PL,BG,CEE,CEE,FALSE,TRUE,0,0,0,FALSE,FALSE,1135.031375
74,9,PL5,CY0,PL,CY,CEE,Southern,FALSE,FALSE,0,0,0,FALSE,FALSE,2178.434978
74,10,PL5,CZ0,PL,CZ,CEE,CEE,FALSE,TRUE,0,0,0,TRUE,TRUE,153.268347
74,11,PL5,DE1,PL,DE,CEE,Western,FALSE,FALSE,0,0,0,FALSE,FALSE,613.204899
74,12,PL5,DE2,PL,DE,CEE,Western,FALSE,FALSE,0,0,0,FALSE,FALSE,411.087022
74,13,PL5,DE3,PL,DE,CEE,Western,FALSE,FALSE,0,0,0,FALSE,TRUE,299.903416
74,14,PL5,DE4,PL,DE,CEE,Western,FALSE,FALSE,0,0,0,FALSE,FALSE,338.546809
74,15,PL5,DE5,PL,DE,CEE,Western,FALSE,FALSE,0,0,0,FALSE,FALSE,604.606903
74,16,PL5,DE6,PL,DE,CEE,Western,FALSE,FALSE,0,0,0,FALSE,FALSE,555.959566
74,17,PL5,DE7,PL,DE,CEE,Western,FALSE,FALSE,0,0,0,FALSE,FALSE,551.145738
74,18,PL5,DE8,PL,DE,CEE,Western,FALSE,FALSE,0,0,0,FALSE,FALSE,449.301361
74,19,PL5,DE9,PL,DE,CEE,Western,FALSE,FALSE,0,0,0,FALSE,FALSE,586.519381
74,20,PL5,DEA,PL,DE,CEE,Western,FALSE,FALSE,0,0,0,FALSE,FALSE,652.217582
74,21,PL5,DEB,PL,DE,CEE,Western,FALSE,FALSE,0,0,0,FALSE,FALSE,688.376591
74,22,PL5,DEC,PL,DE,CEE,Western,FALSE,FALSE,0,0,0,FALSE,FALSE,726.783364
74,23,PL5,DED,PL,DE,CEE,Western,FALSE,FALSE,0,0,0,TRUE,TRUE,238.536042
74,24,PL5,DEE,PL,DE,CEE,Western,FALSE,FALSE,0,0,0,FALSE,FALSE,380.107074
74,25,PL5,DEF,PL,DE,CEE,Western,FALSE,FALSE,0,0,0,FALSE,FALSE,592.662356
74,26,PL5,DEG,PL,DE,CEE,Western,FALSE,FALSE,0,0,0,FALSE,FALSE,393.763614
74,27,PL5,DK0,PL,DK,CEE,Northern,FALSE,FALSE,0,0,0,FALSE,FALSE,777.290627
74,28,PL5,EE0,PL,EE,CEE,Baltics,FALSE,FALSE,0,0,0,FALSE,FALSE,1037.175373
74,29,PL5,EL3,PL,EL,CEE,Southern,FALSE,FALSE,0,0,0,FALSE,FALSE,1520.189649
74,30,PL5,EL4,PL,EL,CEE,Southern,FALSE,FALSE,0,0,0,FALSE,FALSE,1846.784137
74,31,PL5,EL5,PL,EL,CEE,Southern,FALSE,FALSE,0,0,0,FALSE,FALSE,1204.40943
74,32,PL5,EL6,PL,EL,CEE,Southern,FALSE,FALSE,0,0,0,FALSE,FALSE,1363.470836
74,33,PL5,ES1,PL,ES,CEE,Southern,FALSE,FALSE,0,0,0,FALSE,FALSE,1833.795908
74,34,PL5,ES2,PL,ES,CEE,Southern,FALSE,FALSE,0,0,0,FALSE,FALSE,1676.163147
74,35,PL5,ES3,PL,ES,CEE,Southern,FALSE,FALSE,0,0,0,FALSE,FALSE,1964.341495
74,36,PL5,ES4,PL,ES,CEE,Southern,FALSE,FALSE,0,0,0,FALSE,FALSE,2097.422405
74,37,PL5,ES5,PL,ES,CEE,Southern,FALSE,FALSE,0,0,0,FALSE,FALSE,1655.227961
74,38,PL5,ES6,PL,ES,CEE,Southern,FALSE,FALSE,0,0,0,FALSE,FALSE,2201.196229
74,39,PL5,ES7,PL,ES,CEE,Southern,FALSE,FALSE,0,0,0,FALSE,FALSE,3723.507005
74,40,PL5,FI1,PL,FI,CEE,Northern,FALSE,FALSE,0,0,0,FALSE,FALSE,1654.982245
74,41,PL5,FI2,PL,FI,CEE,Northern,FALSE,FALSE,0,0,0,FALSE,FALSE,1054.356782
74,42,PL5,FR1,PL,FR,CEE,Western,FALSE,FALSE,0,0,0,FALSE,FALSE,1057.636473
74,43,PL5,FRB,PL,FR,CEE,Western,FALSE,FALSE,0,0,0,FALSE,FALSE,1166.68457
74,44,PL5,FRC,PL,FR,CEE,Western,FALSE,FALSE,0,0,0,FALSE,FALSE,954.549335
74,45,PL5,FRD,PL,FR,CEE,Western,FALSE,FALSE,0,0,0,FALSE,FALSE,1221.880036
74,46,PL5,FRE,PL,FR,CEE,Western,FALSE,FALSE,0,0,0,FALSE,FALSE,993.874361
74,47,PL5,FRF,PL,FR,CEE,Western,FALSE,FALSE,0,0,0,FALSE,FALSE,829.224102
74,48,PL5,FRG,PL,FR,CEE,Western,FALSE,FALSE,0,0,0,FALSE,FALSE,1360.127029
74,49,PL5,FRH,PL,FR,CEE,Western,FALSE,FALSE,0,0,0,FALSE,FALSE,1448.410981
74,50,PL5,FRI,PL,FR,CEE,Western,FALSE,FALSE,0,0,0,FALSE,FALSE,1382.009447
74,51,PL5,FRJ,PL,FR,CEE,Western,FALSE,FALSE,0,0,0,FALSE,FALSE,1362.184304
74,52,PL5,FRK,PL,FR,CEE,Western,FALSE,FALSE,0,0,0,FALSE,FALSE,1085.672746
74,53,PL5,FRL,PL,FR,CEE,Western,FALSE,FALSE,0,0,0,FALSE,FALSE,1110.010721
74,54,PL5,FRM,PL,FR,CEE,Western,FALSE,FALSE,0,0,0,FALSE,FALSE,1145.404621
74,55,PL5,HU1,PL,HU,CEE,CEE,FALSE,TRUE,0,0,0,FALSE,FALSE,422.730541
74,56,PL5,HU2,PL,HU,CEE,CEE,FALSE,TRUE,0,0,0,FALSE,FALSE,453.385831
74,57,PL5,HU3,PL,HU,CEE,CEE,FALSE,TRUE,0,0,0,FALSE,FALSE,507.10185
74,58,PL5,IE0,PL,IE,CEE,Western,FALSE,FALSE,0,0,0,FALSE,FALSE,1700.911004
74,59,PL5,ITC,PL,IT,CEE,Southern,FALSE,FALSE,0,0,0,FALSE,FALSE,868.609908
74,60,PL5,ITF,PL,IT,CEE,Southern,FALSE,FALSE,0,0,0,FALSE,FALSE,1170.876452
74,61,PL5,ITG,PL,IT,CEE,Southern,FALSE,FALSE,0,0,0,FALSE,FALSE,1496.091087
74,62,PL5,ITH,PL,IT,CEE,Southern,FALSE,FALSE,0,0,0,FALSE,FALSE,723.711497
74,63,PL5,ITI,PL,IT,CEE,Southern,FALSE,FALSE,0,0,0,FALSE,FALSE,959.881903
74,64,PL5,LT0,PL,LT,CEE,Baltics,FALSE,FALSE,0,0,0,FALSE,FALSE,665.066444
74,65,PL5,LU0,PL,LU,CEE,Western,FALSE,FALSE,0,0,0,FALSE,FALSE,774.703533
74,66,PL5,LV0,PL,LV,CEE,Baltics,FALSE,FALSE,0,0,0,FALSE,FALSE,882.319917
74,67,PL5,MT0,PL,MT,CEE,Southern,FALSE,FALSE,0,0,0,FALSE,FALSE,1660.786975
74,68,PL5,NL1,PL,NL,CEE,Western,FALSE,FALSE,0,0,0,FALSE,FALSE,768.299419
74,69,PL5,NL2,PL,NL,CEE,Western,FALSE,FALSE,0,0,0,FALSE,FALSE,753.743733
74,70,PL5,NL3,PL,NL,CEE,Western,FALSE,FALSE,0,0,0,FALSE,FALSE,915.183291
74,71,PL5,NL4,PL,NL,CEE,Western,FALSE,FALSE,0,0,0,FALSE,FALSE,783.358567
74,72,PL5,PL2,PL,PL,CEE,CEE,TRUE,TRUE,0.26,0.153333,0.781764,TRUE,TRUE,223.22388
74,73,PL5,PL4,PL,PL,CEE,CEE,TRUE,TRUE,0.46,0.23,0.836632,TRUE,TRUE,235.960581
74,75,PL5,PL6,PL,PL,CEE,CEE,TRUE,TRUE,0.86,0.576667,0.536258,FALSE,FALSE,336.00515
74,76,PL5,PL7,PL,PL,CEE,CEE,TRUE,TRUE,0,0,0.015201,TRUE,TRUE,187.626585
74,77,PL5,PL8,PL,PL,CEE,CEE,TRUE,TRUE,0.01,0.005,0.148921,FALSE,FALSE,418.708428
74,78,PL5,PL9,PL,PL,CEE,CEE,TRUE,TRUE,0.06,0.028333,0.160242,FALSE,FALSE,342.113598
74,79,PL5,PT1,PL,PT,CEE,Southern,FALSE,FALSE,0,0,0,FALSE,FALSE,2335.565713
74,80,PL5,PT2,PL,PT,CEE,Southern,FALSE,FALSE,0,0,0,FALSE,FALSE,3591.273074
74,81,PL5,PT3,PL,PT,CEE,Southern,FALSE,FALSE,0,0,0,FALSE,FALSE,3385.921912
74,82,PL5,RO1,PL,RO,CEE,CEE,FALSE,TRUE,0,0,0,FALSE,FALSE,688.740541
74,83,PL5,RO2,PL,RO,CEE,CEE,FALSE,TRUE,0,0,0,FALSE,FALSE,938.303604
74,84,PL5,RO3,PL,RO,CEE,CEE,FALSE,TRUE,0,0,0,FALSE,FALSE,998.478431
74,85,PL5,RO4,PL,RO,CEE,CEE,FALSE,TRUE,0,0,0,FALSE,FALSE,767.159453
74,86,PL5,SE1,PL,SE,CEE,Northern,FALSE,FALSE,0,0,0.003193,FALSE,FALSE,920.747825
74,87,PL5,SE2,PL,SE,CEE,Northern,FALSE,FALSE,0,0,0.004648,FALSE,FALSE,724.412097
74,88,PL5,SE3,PL,SE,CEE,Northern,FALSE,FALSE,0.02,0.006667,0.006769,FALSE,FALSE,1445.770953
74,89,PL5,SI0,PL,SI,CEE,CEE,FALSE,TRUE,0,0,0,FALSE,FALSE,553.818113
74,90,PL5,SK0,PL,SK,CEE,CEE,FALSE,TRUE,0,0,0,FALSE,TRUE,286.665115
75,1,PL6,AT1,PL,AT,CEE,Western,FALSE,FALSE,0,0,0,FALSE,FALSE,676.064461
75,2,PL6,AT2,PL,AT,CEE,Western,FALSE,FALSE,0,0,0,FALSE,FALSE,781.53077
75,3,PL6,AT3,PL,AT,CEE,Western,FALSE,FALSE,0,0,0,FALSE,FALSE,769.615683
75,4,PL6,BE1,PL,BE,CEE,Western,FALSE,FALSE,0,0,0,FALSE,FALSE,1048.82794
75,5,PL6,BE2,PL,BE,CEE,Western,FALSE,FALSE,0,0,0,FALSE,FALSE,1052.519357
75,6,PL6,BE3,PL,BE,CEE,Western,FALSE,FALSE,0,0,0,FALSE,FALSE,1027.86816
75,7,PL6,BG3,PL,BG,CEE,CEE,FALSE,TRUE,0,0,0,FALSE,FALSE,1223.323043
75,8,PL6,BG4,PL,BG,CEE,CEE,FALSE,TRUE,0,0,0,FALSE,FALSE,1339.561295
75,9,PL6,CY0,PL,CY,CEE,Southern,FALSE,FALSE,0,0,0,FALSE,FALSE,2317.981825
75,10,PL6,CZ0,PL,CZ,CEE,CEE,FALSE,TRUE,0,0,0,FALSE,FALSE,488.312324
75,11,PL6,DE1,PL,DE,CEE,Western,FALSE,FALSE,0,0,0,FALSE,FALSE,888.490979
75,12,PL6,DE2,PL,DE,CEE,Western,FALSE,FALSE,0,0,0,FALSE,FALSE,716.989815
75,13,PL6,DE3,PL,DE,CEE,Western,FALSE,FALSE,0,0,0,FALSE,FALSE,400.353078
75,14,PL6,DE4,PL,DE,CEE,Western,FALSE,FALSE,0,0,0,FALSE,FALSE,447.960744
75,15,PL6,DE5,PL,DE,CEE,Western,FALSE,FALSE,0,0,0,FALSE,FALSE,685.849023
75,16,PL6,DE6,PL,DE,CEE,Western,FALSE,FALSE,0,0,0,FALSE,FALSE,601.084453
75,17,PL6,DE7,PL,DE,CEE,Western,FALSE,FALSE,0,0,0,FALSE,FALSE,763.824404
75,18,PL6,DE8,PL,DE,CEE,Western,FALSE,FALSE,0,0,0,FALSE,FALSE,440.81394
75,19,PL6,DE9,PL,DE,CEE,Western,FALSE,FALSE,0,0,0,FALSE,FALSE,696.792654
75,20,PL6,DEA,PL,DE,CEE,Western,FALSE,FALSE,0,0,0,FALSE,FALSE,818.020113
75,21,PL6,DEB,PL,DE,CEE,Western,FALSE,FALSE,0,0,0,FALSE,FALSE,908.967045
75,22,PL6,DEC,PL,DE,CEE,Western,FALSE,FALSE,0,0,0,FALSE,FALSE,961.930168
75,23,PL6,DED,PL,DE,CEE,Western,FALSE,FALSE,0,0,0,FALSE,FALSE,486.284477
75,24,PL6,DEE,PL,DE,CEE,Western,FALSE,FALSE,0,0,0,FALSE,FALSE,530.371717
75,25,PL6,DEF,PL,DE,CEE,Western,FALSE,FALSE,0,0,0,FALSE,FALSE,607.361807
75,26,PL6,DEG,PL,DE,CEE,Western,FALSE,FALSE,0,0,0,FALSE,FALSE,612.329173
75,27,PL6,DK0,PL,DK,CEE,Northern,FALSE,FALSE,0,0,0,FALSE,FALSE,695.120016
75,28,PL6,EE0,PL,EE,CEE,Baltics,FALSE,FALSE,0,0,0,FALSE,FALSE,701.619705
75,29,PL6,EL3,PL,EL,CEE,Southern,FALSE,FALSE,0,0,0,FALSE,FALSE,1760.472492
75,30,PL6,EL4,PL,EL,CEE,Southern,FALSE,FALSE,0,0,0,FALSE,FALSE,2084.813926
75,31,PL6,EL5,PL,EL,CEE,Southern,FALSE,FALSE,0,0,0,FALSE,FALSE,1457.237125
75,32,PL6,EL6,PL,EL,CEE,Southern,FALSE,FALSE,0,0,0,FALSE,FALSE,1617.458436
75,33,PL6,ES1,PL,ES,CEE,Southern,FALSE,FALSE,0,0,0,FALSE,FALSE,2084.648453
75,34,PL6,ES2,PL,ES,CEE,Southern,FALSE,FALSE,0,0,0,FALSE,FALSE,1963.722205
75,35,PL6,ES3,PL,ES,CEE,Southern,FALSE,FALSE,0,0,0,FALSE,FALSE,2242.985176
75,36,PL6,ES4,PL,ES,CEE,Southern,FALSE,FALSE,0,0,0,FALSE,FALSE,2368.218877
75,37,PL6,ES5,PL,ES,CEE,Southern,FALSE,FALSE,0,0,0,FALSE,FALSE,1973.817888
75,38,PL6,ES6,PL,ES,CEE,Southern,FALSE,FALSE,0,0,0,FALSE,FALSE,2497.10313
75,39,PL6,ES7,PL,ES,CEE,Southern,FALSE,FALSE,0,0,0,FALSE,FALSE,4001.66773
75,40,PL6,FI1,PL,FI,CEE,Northern,FALSE,FALSE,0,0,0,FALSE,FALSE,1323.09768
75,41,PL6,FI2,PL,FI,CEE,Northern,FALSE,FALSE,0,0,0,FALSE,FALSE,739.644985
75,42,PL6,FR1,PL,FR,CEE,Western,FALSE,FALSE,0,0,0,FALSE,FALSE,1275.012087
75,43,PL6,FRB,PL,FR,CEE,Western,FALSE,FALSE,0,0,0,FALSE,FALSE,1398.322026
75,44,PL6,FRC,PL,FR,CEE,Western,FALSE,FALSE,0,0,0,FALSE,FALSE,1218.566476
75,45,PL6,FRD,PL,FR,CEE,Western,FALSE,FALSE,0,0,0,FALSE,FALSE,1416.259792
75,46,PL6,FRE,PL,FR,CEE,Western,FALSE,FALSE,0,0,0,FALSE,FALSE,1183.50096
75,47,PL6,FRF,PL,FR,CEE,Western,FALSE,FALSE,0,0,0,FALSE,FALSE,1069.707103
75,48,PL6,FRG,PL,FR,CEE,Western,FALSE,FALSE,0,0,0,FALSE,FALSE,1578.923075
75,49,PL6,FRH,PL,FR,CEE,Western,FALSE,FALSE,0,0,0,FALSE,FALSE,1644.562999
75,50,PL6,FRI,PL,FR,CEE,Western,FALSE,FALSE,0,0,0,FALSE,FALSE,1645.75358
75,51,PL6,FRJ,PL,FR,CEE,Western,FALSE,FALSE,0,0,0,FALSE,FALSE,1652.757148
75,52,PL6,FRK,PL,FR,CEE,Western,FALSE,FALSE,0,0,0,FALSE,FALSE,1373.984309
75,53,PL6,FRL,PL,FR,CEE,Western,FALSE,FALSE,0,0,0,FALSE,FALSE,1420.521599
75,54,PL6,FRM,PL,FR,CEE,Western,FALSE,FALSE,0,0,0,FALSE,FALSE,1478.468907
75,55,PL6,HU1,PL,HU,CEE,CEE,FALSE,TRUE,0,0,0,FALSE,FALSE,683.748818
75,56,PL6,HU2,PL,HU,CEE,CEE,FALSE,TRUE,0,0,0,FALSE,FALSE,757.761632
75,57,PL6,HU3,PL,HU,CEE,CEE,FALSE,TRUE,0,0,0,FALSE,FALSE,725.593945
75,58,PL6,IE0,PL,IE,CEE,Western,FALSE,FALSE,0,0,0,FALSE,FALSE,1771.469852
75,59,PL6,ITC,PL,IT,CEE,Southern,FALSE,FALSE,0,0,0,FALSE,FALSE,1189.217931
75,60,PL6,ITF,PL,IT,CEE,Southern,FALSE,FALSE,0,0,0,FALSE,FALSE,1488.501836
75,61,PL6,ITG,PL,IT,CEE,Southern,FALSE,FALSE,0,0,0,FALSE,FALSE,1822.417359
75,62,PL6,ITH,PL,IT,CEE,Southern,FALSE,FALSE,0,0,0,FALSE,FALSE,1056.658034
75,63,PL6,ITI,PL,IT,CEE,Southern,FALSE,FALSE,0,0,0,FALSE,FALSE,1295.686792
75,64,PL6,LT0,PL,LT,CEE,Baltics,FALSE,FALSE,0,0,0,TRUE,TRUE,349.667292
75,65,PL6,LU0,PL,LU,CEE,Western,FALSE,FALSE,0,0,0,FALSE,FALSE,989.28738
75,66,PL6,LV0,PL,LV,CEE,Baltics,FALSE,FALSE,0,0,0,FALSE,FALSE,560.008227
75,67,PL6,MT0,PL,MT,CEE,Southern,FALSE,FALSE,0,0,0,FALSE,FALSE,1984.172052
75,68,PL6,NL1,PL,NL,CEE,Western,FALSE,FALSE,0,0,0,FALSE,FALSE,861.00269
75,69,PL6,NL2,PL,NL,CEE,Western,FALSE,FALSE,0,0,0,FALSE,FALSE,876.780591
75,70,PL6,NL3,PL,NL,CEE,Western,FALSE,FALSE,0,0,0,FALSE,FALSE,1068.077385
75,71,PL6,NL4,PL,NL,CEE,Western,FALSE,FALSE,0,0,0,FALSE,FALSE,944.155839
75,72,PL6,PL2,PL,PL,CEE,CEE,TRUE,TRUE,0.32,0.2,0.762966,FALSE,TRUE,390.047177
75,73,PL6,PL4,PL,PL,CEE,CEE,TRUE,TRUE,0.66,0.326667,0.82827,TRUE,TRUE,227.626851
75,74,PL6,PL5,PL,PL,CEE,CEE,TRUE,TRUE,0.05,0.026667,0.022697,FALSE,TRUE,336.00515
75,76,PL6,PL7,PL,PL,CEE,CEE,TRUE,TRUE,0,0,0.02674,TRUE,TRUE,252.351736
75,77,PL6,PL8,PL,PL,CEE,CEE,TRUE,TRUE,0.19,0.095,0.298827,TRUE,TRUE,323.987556
75,78,PL6,PL9,PL,PL,CEE,CEE,TRUE,TRUE,0.71,0.351667,0.313651,TRUE,TRUE,196.199126
75,79,PL6,PT1,PL,PT,CEE,Southern,FALSE,FALSE,0,0,0,FALSE,FALSE,2597.414928
75,80,PL6,PT2,PL,PT,CEE,Southern,FALSE,FALSE,0,0,0,FALSE,FALSE,3783.09986
75,81,PL6,PT3,PL,PT,CEE,Southern,FALSE,FALSE,0,0,0,FALSE,FALSE,3644.561818
75,82,PL6,RO1,PL,RO,CEE,CEE,FALSE,TRUE,0,0,0,FALSE,FALSE,834.042992
75,83,PL6,RO2,PL,RO,CEE,CEE,FALSE,TRUE,0,0,0,FALSE,FALSE,1026.864168
75,84,PL6,RO3,PL,RO,CEE,CEE,FALSE,TRUE,0,0,0,FALSE,FALSE,1141.806128
75,85,PL6,RO4,PL,RO,CEE,CEE,FALSE,TRUE,0,0,0,FALSE,FALSE,969.414763
75,86,PL6,SE1,PL,SE,CEE,Northern,FALSE,FALSE,0,0,0.001023,FALSE,FALSE,642.513141
75,87,PL6,SE2,PL,SE,CEE,Northern,FALSE,FALSE,0,0,0.001509,FALSE,FALSE,505.850901
75,88,PL6,SE3,PL,SE,CEE,Northern,FALSE,FALSE,0,0,0.002226,FALSE,FALSE,1155.865744
75,89,PL6,SI0,PL,SI,CEE,CEE,FALSE,TRUE,0,0,0,FALSE,FALSE,888.175056
75,90,PL6,SK0,PL,SK,CEE,CEE,FALSE,TRUE,0,0,0,FALSE,FALSE,550.743079
76,1,PL7,AT1,PL,AT,CEE,Western,FALSE,FALSE,0,0,0,FALSE,FALSE,465.044568
76,2,PL7,AT2,PL,AT,CEE,Western,FALSE,FALSE,0,0,0,FALSE,FALSE,574.861337
76,3,PL7,AT3,PL,AT,CEE,Western,FALSE,FALSE,0,0,0,FALSE,FALSE,597.939041
76,4,PL7,BE1,PL,BE,CEE,Western,FALSE,FALSE,0,0,0,FALSE,FALSE,1055.966752
76,5,PL7,BE2,PL,BE,CEE,Western,FALSE,FALSE,0,0,0,FALSE,FALSE,1065.347547
76,6,PL7,BE3,PL,BE,CEE,Western,FALSE,FALSE,0,0,0,FALSE,FALSE,1013.099351
76,7,PL7,BG3,PL,BG,CEE,CEE,FALSE,TRUE,0,0,0,FALSE,FALSE,985.904056
76,8,PL7,BG4,PL,BG,CEE,CEE,FALSE,TRUE,0,0,0,FALSE,FALSE,1095.189913
76,9,PL7,CY0,PL,CY,CEE,Southern,FALSE,FALSE,0,0,0,FALSE,FALSE,2098.744129
76,10,PL7,CZ0,PL,CZ,CEE,CEE,FALSE,TRUE,0,0,0,FALSE,FALSE,320.327581
76,11,PL7,DE1,PL,DE,CEE,Western,FALSE,FALSE,0,0,0,FALSE,FALSE,800.329884
76,12,PL7,DE2,PL,DE,CEE,Western,FALSE,FALSE,0,0,0,FALSE,FALSE,594.215327
76,13,PL7,DE3,PL,DE,CEE,Western,FALSE,FALSE,0,0,0,FALSE,FALSE,436.966119
76,14,PL7,DE4,PL,DE,CEE,Western,FALSE,FALSE,0,0,0,FALSE,FALSE,483.201086
76,15,PL7,DE5,PL,DE,CEE,Western,FALSE,FALSE,0,0,0,FALSE,FALSE,752.479655
76,16,PL7,DE6,PL,DE,CEE,Western,FALSE,FALSE,0,0,0,FALSE,FALSE,688.844348
76,17,PL7,DE7,PL,DE,CEE,Western,FALSE,FALSE,0,0,0,FALSE,FALSE,733.8127
76,18,PL7,DE8,PL,DE,CEE,Western,FALSE,FALSE,0,0,0,FALSE,FALSE,553.962408
76,19,PL7,DE9,PL,DE,CEE,Western,FALSE,FALSE,0,0,0,FALSE,FALSE,743.608581
76,20,PL7,DEA,PL,DE,CEE,Western,FALSE,FALSE,0,0,0,FALSE,FALSE,826.44884
76,21,PL7,DEB,PL,DE,CEE,Western,FALSE,FALSE,0,0,0,FALSE,FALSE,873.359451
76,22,PL7,DEC,PL,DE,CEE,Western,FALSE,FALSE,0,0,0,FALSE,FALSE,913.465741
76,23,PL7,DED,PL,DE,CEE,Western,FALSE,FALSE,0,0,0,FALSE,FALSE,421.299356
76,24,PL7,DEE,PL,DE,CEE,Western,FALSE,FALSE,0,0,0,FALSE,FALSE,542.315311
76,25,PL7,DEF,PL,DE,CEE,Western,FALSE,FALSE,0,0,0,FALSE,FALSE,715.004778
76,26,PL7,DEG,PL,DE,CEE,Western,FALSE,FALSE,0,0,0,FALSE,FALSE,575.010494
76,27,PL7,DK0,PL,DK,CEE,Northern,FALSE,FALSE,0,0,0,FALSE,FALSE,863.514014
76,28,PL7,EE0,PL,EE,CEE,Baltics,FALSE,FALSE,0,0,0,FALSE,FALSE,915.579953
76,29,PL7,EL3,PL,EL,CEE,Southern,FALSE,FALSE,0,0,0,FALSE,FALSE,1510.228114
76,30,PL7,EL4,PL,EL,CEE,Southern,FALSE,FALSE,0,0,0,FALSE,FALSE,1835.263086
76,31,PL7,EL5,PL,EL,CEE,Southern,FALSE,FALSE,0,0,0,FALSE,FALSE,1205.335363
76,32,PL7,EL6,PL,EL,CEE,Southern,FALSE,FALSE,0,0,0,FALSE,FALSE,1365.60471
76,33,PL7,ES1,PL,ES,CEE,Southern,FALSE,FALSE,0,0,0,FALSE,FALSE,2021.207542
76,34,PL7,ES2,PL,ES,CEE,Southern,FALSE,FALSE,0,0,0,FALSE,FALSE,1858.796795
76,35,PL7,ES3,PL,ES,CEE,Southern,FALSE,FALSE,0,0,0,FALSE,FALSE,2148.619437
76,36,PL7,ES4,PL,ES,CEE,Southern,FALSE,FALSE,0,0,0,FALSE,FALSE,2282.912488
76,37,PL7,ES5,PL,ES,CEE,Southern,FALSE,FALSE,0,0,0,FALSE,FALSE,1823.475911
76,38,PL7,ES6,PL,ES,CEE,Southern,FALSE,FALSE,0,0,0,FALSE,FALSE,2380.640019
76,39,PL7,ES7,PL,ES,CEE,Southern,FALSE,FALSE,0,0,0,FALSE,FALSE,3906.950024
76,40,PL7,FI1,PL,FI,CEE,Northern,FALSE,FALSE,0,0,0,FALSE,FALSE,1557.821816
76,41,PL7,FI2,PL,FI,CEE,Northern,FALSE,FALSE,0,0,0,FALSE,FALSE,989.751437
76,42,PL7,FR1,PL,FR,CEE,Western,FALSE,FALSE,0,0,0,FALSE,FALSE,1243.572272
76,43,PL7,FRB,PL,FR,CEE,Western,FALSE,FALSE,0,0,0,FALSE,FALSE,1353.884009
76,44,PL7,FRC,PL,FR,CEE,Western,FALSE,FALSE,0,0,0,FALSE,FALSE,1141.814347
76,45,PL7,FRD,PL,FR,CEE,Western,FALSE,FALSE,0,0,0,FALSE,FALSE,1405.403482
76,46,PL7,FRE,PL,FR,CEE,Western,FALSE,FALSE,0,0,0,FALSE,FALSE,1175.86232
76,47,PL7,FRF,PL,FR,CEE,Western,FALSE,FALSE,0,0,0,FALSE,FALSE,1016.488453
76,48,PL7,FRG,PL,FR,CEE,Western,FALSE,FALSE,0,0,0,FALSE,FALSE,1546.667039
76,49,PL7,FRH,PL,FR,CEE,Western,FALSE,FALSE,0,0,0,FALSE,FALSE,1632.671998
76,50,PL7,FRI,PL,FR,CEE,Western,FALSE,FALSE,0,0,0,FALSE,FALSE,1568.86078
76,51,PL7,FRJ,PL,FR,CEE,Western,FALSE,FALSE,0,0,0,FALSE,FALSE,1544.587314
76,52,PL7,FRK,PL,FR,CEE,Western,FALSE,FALSE,0,0,0,FALSE,FALSE,1269.331516
76,53,PL7,FRL,PL,FR,CEE,Western,FALSE,FALSE,0,0,0,FALSE,FALSE,1285.477006
76,54,PL7,FRM,PL,FR,CEE,Western,FALSE,FALSE,0,0,0,FALSE,FALSE,1295.979348
76,55,PL7,HU1,PL,HU,CEE,CEE,FALSE,TRUE,0,0,0,FALSE,FALSE,432.617101
76,56,PL7,HU2,PL,HU,CEE,CEE,FALSE,TRUE,0,0,0,FALSE,FALSE,517.391533
76,57,PL7,HU3,PL,HU,CEE,CEE,FALSE,TRUE,0,0,0,FALSE,FALSE,474.630853
76,58,PL7,IE0,PL,IE,CEE,Western,FALSE,FALSE,0,0,0,FALSE,FALSE,1857.041687
76,59,PL7,ITC,PL,IT,CEE,Southern,FALSE,FALSE,0,0,0,FALSE,FALSE,1038.659337
76,60,PL7,ITF,PL,IT,CEE,Southern,FALSE,FALSE,0,0,0,FALSE,FALSE,1248.930638
76,61,PL7,ITG,PL,IT,CEE,Southern,FALSE,FALSE,0,0,0,FALSE,FALSE,1589.504982
76,62,PL7,ITH,PL,IT,CEE,Southern,FALSE,FALSE,0,0,0,FALSE,FALSE,878.166852
76,63,PL7,ITI,PL,IT,CEE,Southern,FALSE,FALSE,0,0,0,FALSE,FALSE,1089.414805
76,64,PL7,LT0,PL,LT,CEE,Baltics,FALSE,FALSE,0,0,0,FALSE,FALSE,519.265661
76,65,PL7,LU0,PL,LU,CEE,Western,FALSE,FALSE,0,0,0,FALSE,FALSE,959.36951
76,66,PL7,LV0,PL,LV,CEE,Baltics,FALSE,FALSE,0,0,0,FALSE,FALSE,736.502617
76,67,PL7,MT0,PL,MT,CEE,Southern,FALSE,FALSE,0,0,0,FALSE,FALSE,1747.737413
76,68,PL7,NL1,PL,NL,CEE,Western,FALSE,FALSE,0,0,0,FALSE,FALSE,923.74642
76,69,PL7,NL2,PL,NL,CEE,Western,FALSE,FALSE,0,0,0,FALSE,FALSE,918.172915
76,70,PL7,NL3,PL,NL,CEE,Western,FALSE,FALSE,0,0,0,FALSE,FALSE,1089.259653
76,71,PL7,NL4,PL,NL,CEE,Western,FALSE,FALSE,0,0,0,FALSE,FALSE,958.047782
76,72,PL7,PL2,PL,PL,CEE,CEE,TRUE,TRUE,0,0,0.385047,TRUE,TRUE,137.876259
76,73,PL7,PL4,PL,PL,CEE,CEE,TRUE,TRUE,0,0,0.41955,TRUE,TRUE,302.85957
76,74,PL7,PL5,PL,PL,CEE,CEE,TRUE,TRUE,0,0,0.009786,TRUE,TRUE,187.626585
76,75,PL7,PL6,PL,PL,CEE,CEE,TRUE,TRUE,0.06,0.03,0.625084,TRUE,TRUE,252.351736
76,77,PL7,PL8,PL,PL,CEE,CEE,TRUE,TRUE,0.92,0.89,0.82671,TRUE,TRUE,231.182737
76,78,PL7,PL9,PL,PL,CEE,CEE,TRUE,TRUE,0.13,0.08,0.216058,TRUE,TRUE,166.943792
76,79,PL7,PT1,PL,PT,CEE,Southern,FALSE,FALSE,0,0,0,FALSE,FALSE,2522.023813
76,80,PL7,PT2,PL,PT,CEE,Southern,FALSE,FALSE,0,0,0,FALSE,FALSE,3776.508805
76,81,PL7,PT3,PL,PT,CEE,Southern,FALSE,FALSE,0,0,0,FALSE,FALSE,3572.399464
76,82,PL7,RO1,PL,RO,CEE,CEE,FALSE,TRUE,0,0,0,FALSE,FALSE,602.867495
76,83,PL7,RO2,PL,RO,CEE,CEE,FALSE,TRUE,0,0,0,FALSE,FALSE,823.516127
76,84,PL7,RO3,PL,RO,CEE,CEE,FALSE,TRUE,0,0,0,FALSE,FALSE,915.53928
76,85,PL7,RO4,PL,RO,CEE,CEE,FALSE,TRUE,0,0,0,FALSE,FALSE,723.353016
76,86,PL7,SE1,PL,SE,CEE,Northern,FALSE,FALSE,0,0,3.19e-4,FALSE,FALSE,892.990971
76,87,PL7,SE2,PL,SE,CEE,Northern,FALSE,FALSE,0,0,4.7e-4,FALSE,FALSE,736.550458
76,88,PL7,SE3,PL,SE,CEE,Northern,FALSE,FALSE,0,0,6.94e-4,FALSE,FALSE,1408.196088
76,89,PL7,SI0,PL,SI,CEE,CEE,FALSE,TRUE,0,0,0,FALSE,FALSE,678.70252
76,90,PL7,SK0,PL,SK,CEE,CEE,FALSE,TRUE,0,0,0,FALSE,TRUE,302.910279
77,1,PL8,AT1,PL,AT,CEE,Western,FALSE,FALSE,0,0,0,FALSE,FALSE,653.408011
77,2,PL8,AT2,PL,AT,CEE,Western,FALSE,FALSE,0,0,0,FALSE,FALSE,761.858182
77,3,PL8,AT3,PL,AT,CEE,Western,FALSE,FALSE,0,0,0,FALSE,FALSE,808.585199
77,4,PL8,BE1,PL,BE,CEE,Western,FALSE,FALSE,0,0,0,FALSE,FALSE,1281.11559
77,5,PL8,BE2,PL,BE,CEE,Western,FALSE,FALSE,0,0,0,FALSE,FALSE,1289.415392
77,6,PL8,BE3,PL,BE,CEE,Western,FALSE,FALSE,0,0,0,FALSE,FALSE,1241.564521
77,7,PL8,BG3,PL,BG,CEE,CEE,FALSE,TRUE,0,0,0,FALSE,FALSE,947.856459
77,8,PL8,BG4,PL,BG,CEE,CEE,FALSE,TRUE,0,0,0,FALSE,FALSE,1079.208526
77,9,PL8,CY0,PL,CY,CEE,Southern,FALSE,FALSE,0,0,0,FALSE,FALSE,2010.590327
77,10,PL8,CZ0,PL,CZ,CEE,CEE,FALSE,TRUE,0,0,0,FALSE,FALSE,542.918136
77,11,PL8,DE1,PL,DE,CEE,Western,FALSE,FALSE,0,0,0,FALSE,FALSE,1030.464239
77,12,PL8,DE2,PL,DE,CEE,Western,FALSE,FALSE,0,0,0,FALSE,FALSE,821.153977
77,13,PL8,DE3,PL,DE,CEE,Western,FALSE,FALSE,0,0,0,FALSE,FALSE,645.759031
77,14,PL8,DE4,PL,DE,CEE,Western,FALSE,FALSE,0,0,0,FALSE,FALSE,694.104929
77,15,PL8,DE5,PL,DE,CEE,Western,FALSE,FALSE,0,0,0,FALSE,FALSE,958.365819
77,16,PL8,DE6,PL,DE,CEE,Western,FALSE,FALSE,0,0,0,FALSE,FALSE,885.305113
77,17,PL8,DE7,PL,DE,CEE,Western,FALSE,FALSE,0,0,0,FALSE,FALSE,962.885432
77,18,PL8,DE8,PL,DE,CEE,Western,FALSE,FALSE,0,0,0,FALSE,FALSE,735.697118
77,19,PL8,DE9,PL,DE,CEE,Western,FALSE,FALSE,0,0,0,FALSE,FALSE,956.18125
77,20,PL8,DEA,PL,DE,CEE,Western,FALSE,FALSE,0,0,0,FALSE,FALSE,1049.988839
77,21,PL8,DEB,PL,DE,CEE,Western,FALSE,FALSE,0,0,0,FALSE,FALSE,1103.537091
77,22,PL8,DEC,PL,DE,CEE,Western,FALSE,FALSE,0,0,0,FALSE,FALSE,1144.458807
77,23,PL8,DED,PL,DE,CEE,Western,FALSE,FALSE,0,0,0,FALSE,FALSE,651.288004
77,24,PL8,DEE,PL,DE,CEE,Western,FALSE,FALSE,0,0,0,FALSE,FALSE,761.376855
77,25,PL8,DEF,PL,DE,CEE,Western,FALSE,FALSE,0,0,0,FALSE,FALSE,902.746047
77,26,PL8,DEG,PL,DE,CEE,Western,FALSE,FALSE,0,0,0,FALSE,FALSE,803.779177
77,27,PL8,DK0,PL,DK,CEE,Northern,FALSE,FALSE,0,0,0,FALSE,FALSE,1015.555422
77,28,PL8,EE0,PL,EE,CEE,Baltics,FALSE,FALSE,0,0,0,FALSE,FALSE,811.100641
77,29,PL8,EL3,PL,EL,CEE,Southern,FALSE,FALSE,0,0,0,FALSE,FALSE,1519.73608
77,30,PL8,EL4,PL,EL,CEE,Southern,FALSE,FALSE,0,0,0,FALSE,FALSE,1837.20169
77,31,PL8,EL5,PL,EL,CEE,Southern,FALSE,FALSE,0,0,0,FALSE,FALSE,1236.062961
77,32,PL8,EL6,PL,EL,CEE,Southern,FALSE,FALSE,0,0,0,FALSE,FALSE,1393.21626
77,33,PL8,ES1,PL,ES,CEE,Southern,FALSE,FALSE,0,0,0,FALSE,FALSE,2251.555393
77,34,PL8,ES2,PL,ES,CEE,Southern,FALSE,FALSE,0,0,0,FALSE,FALSE,2082.871208
77,35,PL8,ES3,PL,ES,CEE,Southern,FALSE,FALSE,0,0,0,FALSE,FALSE,2374.537259
77,36,PL8,ES4,PL,ES,CEE,Southern,FALSE,FALSE,0,0,0,FALSE,FALSE,2510.358974
77,37,PL8,ES5,PL,ES,CEE,Southern,FALSE,FALSE,0,0,0,FALSE,FALSE,2031.40634
77,38,PL8,ES6,PL,ES,CEE,Southern,FALSE,FALSE,0,0,0,FALSE,FALSE,2600.508342
77,39,PL8,ES7,PL,ES,CEE,Southern,FALSE,FALSE,0,0,0,FALSE,FALSE,4131.308946
77,40,PL8,FI1,PL,FI,CEE,Northern,FALSE,FALSE,0,0,0,FALSE,FALSE,1472.185549
77,41,PL8,FI2,PL,FI,CEE,Northern,FALSE,FALSE,0,0,0,FALSE,FALSE,966.086506
77,42,PL8,FR1,PL,FR,CEE,Western,FALSE,FALSE,0,0,0,FALSE,FALSE,1474.136125
77,43,PL8,FRB,PL,FR,CEE,Western,FALSE,FALSE,0,0,0,FALSE,FALSE,1585.032946
77,44,PL8,FRC,PL,FR,CEE,Western,FALSE,FALSE,0,0,0,FALSE,FALSE,1372.018782
77,45,PL8,FRD,PL,FR,CEE,Western,FALSE,FALSE,0,0,0,FALSE,FALSE,1634.325438
77,46,PL8,FRE,PL,FR,CEE,Western,FALSE,FALSE,0,0,0,FALSE,FALSE,1403.871108
77,47,PL8,FRF,PL,FR,CEE,Western,FALSE,FALSE,0,0,0,FALSE,FALSE,1247.657664
77,48,PL8,FRG,PL,FR,CEE,Western,FALSE,FALSE,0,0,0,FALSE,FALSE,1777.525348
77,49,PL8,FRH,PL,FR,CEE,Western,FALSE,FALSE,0,0,0,FALSE,FALSE,1862.027819
77,50,PL8,FRI,PL,FR,CEE,Western,FALSE,FALSE,0,0,0,FALSE,FALSE,1798.356208
77,51,PL8,FRJ,PL,FR,CEE,Western,FALSE,FALSE,0,0,0,FALSE,FALSE,1768.684838
77,52,PL8,FRK,PL,FR,CEE,Western,FALSE,FALSE,0,0,0,FALSE,FALSE,1495.154397
77,53,PL8,FRL,PL,FR,CEE,Western,FALSE,FALSE,0,0,0,FALSE,FALSE,1502.664777
77,54,PL8,FRM,PL,FR,CEE,Western,FALSE,FALSE,0,0,0,FALSE,FALSE,1487.963177
77,55,PL8,HU1,PL,HU,CEE,CEE,FALSE,TRUE,0,0,0,FALSE,FALSE,534.644665
77,56,PL8,HU2,PL,HU,CEE,CEE,FALSE,TRUE,0,0,0,FALSE,FALSE,657.133646
77,57,PL8,HU3,PL,HU,CEE,CEE,FALSE,TRUE,0,0,0,FALSE,FALSE,522.620246
77,58,PL8,IE0,PL,IE,CEE,Western,FALSE,FALSE,0,0,0,FALSE,FALSE,2061.377954
77,59,PL8,ITC,PL,IT,CEE,Southern,FALSE,FALSE,0,0,0,FALSE,FALSE,1251.655609
77,60,PL8,ITF,PL,IT,CEE,Southern,FALSE,FALSE,0,0,0,FALSE,FALSE,1366.280545
77,61,PL8,ITG,PL,IT,CEE,Southern,FALSE,FALSE,0,0,0,FALSE,FALSE,1717.807121
77,62,PL8,ITH,PL,IT,CEE,Southern,FALSE,FALSE,0,0,0,FALSE,FALSE,1078.564205
77,63,PL8,ITI,PL,IT,CEE,Southern,FALSE,FALSE,0,0,0,FALSE,FALSE,1263.051357
77,64,PL8,LT0,PL,LT,CEE,Baltics,FALSE,FALSE,0,0,0,TRUE,TRUE,401.708032
77,65,PL8,LU0,PL,LU,CEE,Western,FALSE,FALSE,0,0,0,FALSE,FALSE,1189.310112
77,66,PL8,LV0,PL,LV,CEE,Baltics,FALSE,FALSE,0,0,0,FALSE,FALSE,599.141551
77,67,PL8,MT0,PL,MT,CEE,Southern,FALSE,FALSE,0,0,0,FALSE,FALSE,1866.927346
77,68,PL8,NL1,PL,NL,CEE,Western,FALSE,FALSE,0,0,0,FALSE,FALSE,1132.898948
77,69,PL8,NL2,PL,NL,CEE,Western,FALSE,FALSE,0,0,0,FALSE,FALSE,1134.188888
77,70,PL8,NL3,PL,NL,CEE,Western,FALSE,FALSE,0,0,0,FALSE,FALSE,1311.628749
77,71,PL8,NL4,PL,NL,CEE,Western,FALSE,FALSE,0,0,0,FALSE,FALSE,1181.328946
77,72,PL8,PL2,PL,PL,CEE,CEE,TRUE,TRUE,0,0,0.544692,TRUE,TRUE,273.952059
77,73,PL8,PL4,PL,PL,CEE,CEE,TRUE,TRUE,0,0,0.592072,FALSE,FALSE,487.532894
77,74,PL8,PL5,PL,PL,CEE,CEE,TRUE,TRUE,0,0,0.015816,FALSE,TRUE,418.708428
77,75,PL8,PL6,PL,PL,CEE,CEE,TRUE,TRUE,1,1,0.884465,TRUE,TRUE,323.987556
77,76,PL8,PL7,PL,PL,CEE,CEE,TRUE,TRUE,0,0,0.019171,TRUE,TRUE,231.182737
77,78,PL8,PL9,PL,PL,CEE,CEE,TRUE,TRUE,0,0,0.2246,TRUE,TRUE,128.895785
77,79,PL8,PT1,PL,PT,CEE,Southern,FALSE,FALSE,0,0,0,FALSE,FALSE,2750.777322
77,80,PL8,PT2,PL,PT,CEE,Southern,FALSE,FALSE,0,0,0,FALSE,FALSE,4006.334486
77,81,PL8,PT3,PL,PT,CEE,Southern,FALSE,FALSE,0,0,0,FALSE,FALSE,3801.080283
77,82,PL8,RO1,PL,RO,CEE,CEE,FALSE,TRUE,0,0,0,FALSE,FALSE,558.666756
77,83,PL8,RO2,PL,RO,CEE,CEE,FALSE,TRUE,0,0,0,FALSE,FALSE,715.459677
77,84,PL8,RO3,PL,RO,CEE,CEE,FALSE,TRUE,0,0,0,FALSE,FALSE,849.795964
77,85,PL8,RO4,PL,RO,CEE,CEE,FALSE,TRUE,0,0,0,FALSE,FALSE,724.553899
77,86,PL8,SE1,PL,SE,CEE,Northern,FALSE,FALSE,0,0,6.94e-4,FALSE,FALSE,922.194431
77,87,PL8,SE2,PL,SE,CEE,Northern,FALSE,FALSE,0,0,0.001023,FALSE,FALSE,822.109625
77,88,PL8,SE3,PL,SE,CEE,Northern,FALSE,FALSE,0,0,0.001509,FALSE,FALSE,1405.793325
77,89,PL8,SI0,PL,SI,CEE,CEE,FALSE,TRUE,0,0,0,FALSE,FALSE,858.843458
77,90,PL8,SK0,PL,SK,CEE,CEE,FALSE,TRUE,0,0,0,TRUE,TRUE,441.18389
78,1,PL9,AT1,PL,AT,CEE,Western,FALSE,FALSE,0,0,0,FALSE,FALSE,630.133106
78,2,PL9,AT2,PL,AT,CEE,Western,FALSE,FALSE,0,0,0,FALSE,FALSE,740.111211
78,3,PL9,AT3,PL,AT,CEE,Western,FALSE,FALSE,0,0,0,FALSE,FALSE,764.482066
78,4,PL9,BE1,PL,BE,CEE,Western,FALSE,FALSE,0,0,0,FALSE,FALSE,1175.174397
78,5,PL9,BE2,PL,BE,CEE,Western,FALSE,FALSE,0,0,0,FALSE,FALSE,1182.091126
78,6,PL9,BE3,PL,BE,CEE,Western,FALSE,FALSE,0,0,0,FALSE,FALSE,1141.260067
78,7,PL9,BG3,PL,BG,CEE,CEE,FALSE,TRUE,0,0,0,FALSE,FALSE,1046.610347
78,8,PL9,BG4,PL,BG,CEE,CEE,FALSE,TRUE,0,0,0,FALSE,FALSE,1170.593397
78,9,PL9,CY0,PL,CY,CEE,Southern,FALSE,FALSE,0,0,0,FALSE,FALSE,2127.503166
78,10,PL9,CZ0,PL,CZ,CEE,CEE,FALSE,TRUE,0,0,0,FALSE,FALSE,484.654395
78,11,PL9,DE1,PL,DE,CEE,Western,FALSE,FALSE,0,0,0,FALSE,FALSE,952.264584
78,12,PL9,DE2,PL,DE,CEE,Western,FALSE,FALSE,0,0,0,FALSE,FALSE,753.181989
78,13,PL9,DE3,PL,DE,CEE,Western,FALSE,FALSE,0,0,0,FALSE,FALSE,530.993915
78,14,PL9,DE4,PL,DE,CEE,Western,FALSE,FALSE,0,0,0,FALSE,FALSE,579.87598
78,15,PL9,DE5,PL,DE,CEE,Western,FALSE,FALSE,0,0,0,FALSE,FALSE,839.502885
78,16,PL9,DE6,PL,DE,CEE,Western,FALSE,FALSE,0,0,0,FALSE,FALSE,763.218978
78,17,PL9,DE7,PL,DE,CEE,Western,FALSE,FALSE,0,0,0,FALSE,FALSE,865.23694
78,18,PL9,DE8,PL,DE,CEE,Western,FALSE,FALSE,0,0,0,FALSE,FALSE,610.629603
78,19,PL9,DE9,PL,DE,CEE,Western,FALSE,FALSE,0,0,0,FALSE,FALSE,840.787068
78,20,PL9,DEA,PL,DE,CEE,Western,FALSE,FALSE,0,0,0,FALSE,FALSE,942.978069
78,21,PL9,DEB,PL,DE,CEE,Western,FALSE,FALSE,0,0,0,FALSE,FALSE,1008.495555
78,22,PL9,DEC,PL,DE,CEE,Western,FALSE,FALSE,0,0,0,FALSE,FALSE,1053.632253
78,23,PL9,DED,PL,DE,CEE,Western,FALSE,FALSE,0,0,0,FALSE,FALSE,559.152935
78,24,PL9,DEE,PL,DE,CEE,Western,FALSE,FALSE,0,0,0,FALSE,FALSE,652.049024
78,25,PL9,DEF,PL,DE,CEE,Western,FALSE,FALSE,0,0,0,FALSE,FALSE,778.160459
78,26,PL9,DEG,PL,DE,CEE,Western,FALSE,FALSE,0,0,0,FALSE,FALSE,706.57455
78,27,PL9,DK0,PL,DK,CEE,Northern,FALSE,FALSE,0,0,0,FALSE,FALSE,886.690733
78,28,PL9,EE0,PL,EE,CEE,Baltics,FALSE,FALSE,0,0,0,FALSE,FALSE,765.273495
78,29,PL9,EL3,PL,EL,CEE,Southern,FALSE,FALSE,0,0,0,FALSE,FALSE,1602.671359
78,30,PL9,EL4,PL,EL,CEE,Southern,FALSE,FALSE,0,0,0,FALSE,FALSE,1923.975891
78,31,PL9,EL5,PL,EL,CEE,Southern,FALSE,FALSE,0,0,0,FALSE,FALSE,1308.840317
78,32,PL9,EL6,PL,EL,CEE,Southern,FALSE,FALSE,0,0,0,FALSE,FALSE,1467.98881
78,33,PL9,ES1,PL,ES,CEE,Southern,FALSE,FALSE,0,0,0,FALSE,FALSE,2170.146081
78,34,PL9,ES2,PL,ES,CEE,Southern,FALSE,FALSE,0,0,0,FALSE,FALSE,2018.270368
78,35,PL9,ES3,PL,ES,CEE,Southern,FALSE,FALSE,0,0,0,FALSE,FALSE,2306.054912
78,36,PL9,ES4,PL,ES,CEE,Southern,FALSE,FALSE,0,0,0,FALSE,FALSE,2438.270968
78,37,PL9,ES5,PL,ES,CEE,Southern,FALSE,FALSE,0,0,0,FALSE,FALSE,1989.693731
78,38,PL9,ES6,PL,ES,CEE,Southern,FALSE,FALSE,0,0,0,FALSE,FALSE,2542.808133
78,39,PL9,ES7,PL,ES,CEE,Southern,FALSE,FALSE,0,0,0,FALSE,FALSE,4065.443614
78,40,PL9,FI1,PL,FI,CEE,Northern,FALSE,FALSE,0,0,0,FALSE,FALSE,1417.668988
78,41,PL9,FI2,PL,FI,CEE,Northern,FALSE,FALSE,0,0,0,FALSE,FALSE,878.196969
78,42,PL9,FR1,PL,FR,CEE,Western,FALSE,FALSE,0,0,0,FALSE,FALSE,1379.584094
78,43,PL9,FRB,PL,FR,CEE,Western,FALSE,FALSE,0,0,0,FALSE,FALSE,1495.045351
78,44,PL9,FRC,PL,FR,CEE,Western,FALSE,FALSE,0,0,0,FALSE,FALSE,1292.474111
78,45,PL9,FRD,PL,FR,CEE,Western,FALSE,FALSE,0,0,0,FALSE,FALSE,1534.076569
78,46,PL9,FRE,PL,FR,CEE,Western,FALSE,FALSE,0,0,0,FALSE,FALSE,1302.146562
78,47,PL9,FRF,PL,FR,CEE,Western,FALSE,FALSE,0,0,0,FALSE,FALSE,1159.03717
78,48,PL9,FRG,PL,FR,CEE,Western,FALSE,FALSE,0,0,0,FALSE,FALSE,1684.111408
78,49,PL9,FRH,PL,FR,CEE,Western,FALSE,FALSE,0,0,0,FALSE,FALSE,1762.519719
78,50,PL9,FRI,PL,FR,CEE,Western,FALSE,FALSE,0,0,0,FALSE,FALSE,1720.89551
78,51,PL9,FRJ,PL,FR,CEE,Western,FALSE,FALSE,0,0,0,FALSE,FALSE,1704.297488
78,52,PL9,FRK,PL,FR,CEE,Western,FALSE,FALSE,0,0,0,FALSE,FALSE,1427.688692
78,53,PL9,FRL,PL,FR,CEE,Western,FALSE,FALSE,0,0,0,FALSE,FALSE,1449.547562
78,54,PL9,FRM,PL,FR,CEE,Western,FALSE,FALSE,0,0,0,FALSE,FALSE,1462.637981
78,55,PL9,HU1,PL,HU,CEE,CEE,FALSE,TRUE,0,0,0,FALSE,FALSE,564.926506
78,56,PL9,HU2,PL,HU,CEE,CEE,FALSE,TRUE,0,0,0,FALSE,FALSE,667.890857
78,57,PL9,HU3,PL,HU,CEE,CEE,FALSE,TRUE,0,0,0,FALSE,FALSE,579.788181
78,58,PL9,IE0,PL,IE,CEE,Western,FALSE,FALSE,0,0,0,FALSE,FALSE,1939.642826
78,59,PL9,ITC,PL,IT,CEE,Southern,FALSE,FALSE,0,0,0,FALSE,FALSE,1204.27005
78,60,PL9,ITF,PL,IT,CEE,Southern,FALSE,FALSE,0,0,0,FALSE,FALSE,1394.791036
78,61,PL9,ITG,PL,IT,CEE,Southern,FALSE,FALSE,0,0,0,FALSE,FALSE,1740.331843
78,62,PL9,ITH,PL,IT,CEE,Southern,FALSE,FALSE,0,0,0,FALSE,FALSE,1045.106707
78,63,PL9,ITI,PL,IT,CEE,Southern,FALSE,FALSE,0,0,0,FALSE,FALSE,1253.118689
78,64,PL9,LT0,PL,LT,CEE,Baltics,FALSE,FALSE,0,0,0,FALSE,TRUE,360.191225
78,65,PL9,LU0,PL,LU,CEE,Western,FALSE,FALSE,0,0,0,FALSE,FALSE,1093.086596
78,66,PL9,LV0,PL,LV,CEE,Baltics,FALSE,FALSE,0,0,0,FALSE,FALSE,574.956003
78,67,PL9,MT0,PL,MT,CEE,Southern,FALSE,FALSE,0,0,0,FALSE,FALSE,1895.33158
78,68,PL9,NL1,PL,NL,CEE,Western,FALSE,FALSE,0,0,0,FALSE,FALSE,1014.858039
78,69,PL9,NL2,PL,NL,CEE,Western,FALSE,FALSE,0,0,0,FALSE,FALSE,1020.186473
78,70,PL9,NL3,PL,NL,CEE,Western,FALSE,FALSE,0,0,0,FALSE,FALSE,1202.359574
78,71,PL9,NL4,PL,NL,CEE,Western,FALSE,FALSE,0,0,0,FALSE,FALSE,1073.465651
78,72,PL9,PL2,PL,PL,CEE,CEE,TRUE,TRUE,0,0,0.385458,FALSE,TRUE,271.171562
78,73,PL9,PL4,PL,PL,CEE,CEE,TRUE,TRUE,0,0,0.419185,FALSE,TRUE,366.336242
78,74,PL9,PL5,PL,PL,CEE,CEE,TRUE,TRUE,0,0,0.010782,FALSE,TRUE,342.113598
78,75,PL9,PL6,PL,PL,CEE,CEE,TRUE,TRUE,0.06,0.035,0.624853,TRUE,TRUE,196.199126
78,76,PL9,PL7,PL,PL,CEE,CEE,TRUE,TRUE,0.12,0.09,0.075433,TRUE,TRUE,166.943792
78,77,PL9,PL8,PL,PL,CEE,CEE,TRUE,TRUE,0.9,0.875,0.820763,TRUE,TRUE,128.895785
78,79,PL9,PT1,PL,PT,CEE,Southern,FALSE,FALSE,0,0,0,FALSE,FALSE,2674.988649
78,80,PL9,PT2,PL,PT,CEE,Southern,FALSE,FALSE,0,0,0,FALSE,FALSE,3906.868234
78,81,PL9,PT3,PL,PT,CEE,Southern,FALSE,FALSE,0,0,0,FALSE,FALSE,3725.137391
78,82,PL9,RO1,PL,RO,CEE,CEE,FALSE,TRUE,0,0,0,FALSE,FALSE,655.446253
78,83,PL9,RO2,PL,RO,CEE,CEE,FALSE,TRUE,0,0,0,FALSE,FALSE,833.962606
78,84,PL9,RO3,PL,RO,CEE,CEE,FALSE,TRUE,0,0,0,FALSE,FALSE,957.200585
78,85,PL9,RO4,PL,RO,CEE,CEE,FALSE,TRUE,0,0,0,FALSE,FALSE,806.185524
78,86,PL9,SE1,PL,SE,CEE,Northern,FALSE,FALSE,0,0,4.7e-4,FALSE,FALSE,813.90718
78,87,PL9,SE2,PL,SE,CEE,Northern,FALSE,FALSE,0,0,6.94e-4,FALSE,FALSE,698.843626
78,88,PL9,SE3,PL,SE,CEE,Northern,FALSE,FALSE,0,0,0.001023,FALSE,FALSE,1311.159485
78,89,PL9,SI0,PL,SI,CEE,CEE,FALSE,TRUE,0,0,0,FALSE,FALSE,842.938366
78,90,PL9,SK0,PL,SK,CEE,CEE,FALSE,TRUE,0,0,0,FALSE,FALSE,448.503465
79,1,PT1,AT1,PT,AT,Southern,Western,FALSE,FALSE,0.12,0.010432,0.020119,FALSE,FALSE,2153.989622
79,2,PT1,AT2,PT,AT,Southern,Western,FALSE,FALSE,0.12,0.010064,0.020533,FALSE,FALSE,2068.090807
79,3,PT1,AT3,PT,AT,Southern,Western,FALSE,FALSE,0.08,0.0083,0.018675,FALSE,FALSE,1970.199605
79,4,PT1,BE1,PT,BE,Southern,Western,FALSE,FALSE,0.11,0.009922,0.01825,FALSE,FALSE,1605.781789
79,5,PT1,BE2,PT,BE,Southern,Western,FALSE,FALSE,0.17,0.018082,0.023796,FALSE,FALSE,1612.956559
79,6,PT1,BE3,PT,BE,Southern,Western,FALSE,FALSE,0.16,0.016504,0.023795,FALSE,FALSE,1593.38345
79,7,PT1,BG3,PT,BG,Southern,CEE,FALSE,FALSE,0.06,0.005169,0.010782,FALSE,FALSE,2825.110717
79,8,PT1,BG4,PT,BG,Southern,CEE,FALSE,FALSE,0.13,0.012818,0.018565,FALSE,FALSE,2773.042022
79,9,PT1,CY0,PT,CY,Southern,Southern,FALSE,TRUE,0.16,0.024161,0.027997,FALSE,FALSE,3715.359066
79,10,PT1,CZ0,PT,CZ,Southern,CEE,FALSE,FALSE,0.07,0.004715,0.023963,FALSE,FALSE,2209.491609
79,11,PT1,DE1,PT,DE,Southern,Western,FALSE,FALSE,0.1,0.008549,0.02075,FALSE,FALSE,1722.79926
79,12,PT1,DE2,PT,DE,Southern,Western,FALSE,FALSE,0.1,0.010062,0.020901,FALSE,FALSE,1929.960483
79,13,PT1,DE3,PT,DE,Southern,Western,FALSE,FALSE,0.09,0.008579,0.016296,FALSE,FALSE,2205.204131
79,14,PT1,DE4,PT,DE,Southern,Western,FALSE,FALSE,0.15,0.017606,0.023835,FALSE,FALSE,2161.669837
79,15,PT1,DE5,PT,DE,Southern,Western,FALSE,FALSE,0.08,0.006485,0.016632,FALSE,FALSE,1999.552791
79,16,PT1,DE6,PT,DE,Southern,Western,FALSE,FALSE,0.15,0.011588,0.019225,FALSE,FALSE,2094.978976
79,17,PT1,DE7,PT,DE,Southern,Western,FALSE,FALSE,0.07,0.006993,0.015743,FALSE,FALSE,1835.835903
79,18,PT1,DE8,PT,DE,Southern,Western,FALSE,FALSE,0.06,0.00719,0.015627,FALSE,FALSE,2239.407128
79,19,PT1,DE9,PT,DE,Southern,Western,FALSE,FALSE,0.1,0.009456,0.019428,FALSE,FALSE,1960.966365
79,20,PT1,DEA,PT,DE,Southern,Western,FALSE,FALSE,0.13,0.012212,0.022667,FALSE,FALSE,1810.3356900000001
79,21,PT1,DEB,PT,DE,Southern,Western,FALSE,FALSE,0.1,0.008382,0.019446,FALSE,FALSE,1691.798567
79,22,PT1,DEC,PT,DE,Southern,Western,FALSE,FALSE,0.07,0.004936,0.019514,FALSE,FALSE,1636.004258
79,23,PT1,DED,PT,DE,Southern,Western,FALSE,FALSE,0.14,0.017169,0.027321,FALSE,FALSE,2120.067267
79,24,PT1,DEE,PT,DE,Southern,Western,FALSE,FALSE,0.13,0.014271,0.023173,FALSE,FALSE,2075.422584
79,25,PT1,DEF,PT,DE,Southern,Western,FALSE,FALSE,0.09,0.008161,0.018679,FALSE,FALSE,2128.066035
79,26,PT1,DEG,PT,DE,Southern,Western,FALSE,FALSE,0.08,0.007774,0.021557,FALSE,FALSE,1985.104634
79,27,PT1,DK0,PT,DK,Southern,Northern,FALSE,FALSE,0.16,0.013998,0.022937,FALSE,FALSE,2266.406645
79,28,PT1,EE0,PT,EE,Southern,Baltics,FALSE,FALSE,0.13,0.015464,0.020585,FALSE,FALSE,3209.677737
79,29,PT1,EL3,PT,EL,Southern,Southern,FALSE,TRUE,0.14,0.014905,0.074802,FALSE,FALSE,2785.23618
79,30,PT1,EL4,PT,EL,Southern,Southern,FALSE,TRUE,0.13,0.016685,0.058272,FALSE,FALSE,2971.977639
79,31,PT1,EL5,PT,EL,Southern,Southern,FALSE,TRUE,0.16,0.013989,0.075769,FALSE,FALSE,2581.365222
79,32,PT1,EL6,PT,EL,Southern,Southern,FALSE,TRUE,0.14,0.017452,0.079125,FALSE,FALSE,2634.564489
79,33,PT1,ES1,PT,ES,Southern,Southern,FALSE,TRUE,0.15,0.023596,0.029431,TRUE,TRUE,519.908776
79,34,PT1,ES2,PT,ES,Southern,Southern,FALSE,TRUE,0.07,0.006214,0.022417,FALSE,TRUE,706.060432
79,35,PT1,ES3,PT,ES,Southern,Southern,FALSE,TRUE,0.08,0.008691,0.021402,FALSE,TRUE,410.60379
79,36,PT1,ES4,PT,ES,Southern,Southern,FALSE,TRUE,0.14,0.012277,0.026061,TRUE,TRUE,255.312658
79,37,PT1,ES5,PT,ES,Southern,Southern,FALSE,TRUE,0.08,0.009492,0.027524,FALSE,TRUE,988.706426
79,38,PT1,ES6,PT,ES,Southern,Southern,FALSE,TRUE,0.14,0.022244,0.038067,TRUE,TRUE,456.205261
79,39,PT1,ES7,PT,ES,Southern,Southern,FALSE,TRUE,0.11,0.009423,0.020751,FALSE,FALSE,1419.355616
79,40,PT1,FI1,PT,FI,Southern,Northern,FALSE,FALSE,0.11,0.01231,0.02207,FALSE,FALSE,3637.404161
79,41,PT1,FI2,PT,FI,Southern,Northern,FALSE,FALSE,0.09,0.006622,0.012562,FALSE,FALSE,3025.133781
79,42,PT1,FR1,PT,FR,Southern,Western,FALSE,FALSE,0.15,0.026334,0.031331,FALSE,FALSE,1342.179609
79,43,PT1,FRB,PT,FR,Southern,Western,FALSE,FALSE,0.1,0.026069,0.035243,FALSE,FALSE,1209.58094
79,44,PT1,FRC,PT,FR,Southern,Western,FALSE,FALSE,0.12,0.010634,0.021342,FALSE,FALSE,1382.884874
79,45,PT1,FRD,PT,FR,Southern,Western,FALSE,FALSE,0.09,0.01845,0.025766,FALSE,FALSE,1252.555746
79,46,PT1,FRE,PT,FR,Southern,Western,FALSE,FALSE,0.14,0.038536,0.041392,FALSE,FALSE,1462.172741
79,47,PT1,FRF,PT,FR,Southern,Western,FALSE,FALSE,0.09,0.007242,0.026096,FALSE,FALSE,1528.092696
79,48,PT1,FRG,PT,FR,Southern,Western,FALSE,FALSE,0.11,0.01173,0.022963,FALSE,FALSE,1058.343833
79,49,PT1,FRH,PT,FR,Southern,Western,FALSE,FALSE,0.12,0.012466,0.022054,FALSE,FALSE,1060.845855
79,50,PT1,FRI,PT,FR,Southern,Western,FALSE,FALSE,0.08,0.012937,0.022658,FALSE,TRUE,954.176467
79,51,PT1,FRJ,PT,FR,Southern,Western,FALSE,FALSE,0.12,0.013147,0.020594,FALSE,FALSE,1003.149774
79,52,PT1,FRK,PT,FR,Southern,Western,FALSE,FALSE,0.12,0.009967,0.019655,FALSE,FALSE,1261.432501
79,53,PT1,FRL,PT,FR,Southern,Western,FALSE,FALSE,0.09,0.010228,0.019312,FALSE,FALSE,1302.503351
79,54,PT1,FRM,PT,FR,Southern,Western,FALSE,FALSE,0.08,0.009316,0.0176,FALSE,FALSE,1504.698196
79,55,PT1,HU1,PT,HU,Southern,CEE,FALSE,FALSE,0.08,0.0069,0.041508,FALSE,FALSE,2395.601376
79,56,PT1,HU2,PT,HU,Southern,CEE,FALSE,FALSE,0.05,0.003195,0.021178,FALSE,FALSE,2255.061908
79,57,PT1,HU3,PT,HU,Southern,CEE,FALSE,FALSE,0.11,0.010729,0.055607,FALSE,FALSE,2506.942031
79,58,PT1,IE0,PT,IE,Southern,Western,FALSE,FALSE,0.06,0.005356,0.009998,FALSE,FALSE,1564.516783
79,59,PT1,ITC,PT,IT,Southern,Southern,FALSE,TRUE,0.11,0.01086,0.017839,FALSE,FALSE,1554.867541
79,60,PT1,ITF,PT,IT,Southern,Southern,FALSE,TRUE,0.17,0.013887,0.024072,FALSE,FALSE,2081.460629
79,61,PT1,ITG,PT,IT,Southern,Southern,FALSE,TRUE,0.16,0.013937,0.021358,FALSE,FALSE,1960.163341
79,62,PT1,ITH,PT,IT,Southern,Southern,FALSE,TRUE,0.12,0.01362,0.019743,FALSE,FALSE,1763.659643
79,63,PT1,ITI,PT,IT,Southern,Southern,FALSE,TRUE,0.19,0.022482,0.02775,FALSE,FALSE,1769.223108
79,64,PT1,LT0,PT,LT,Southern,Baltics,FALSE,FALSE,0.04,0.003561,0.022495,FALSE,FALSE,2943.892353
79,65,PT1,LU0,PT,LU,Southern,Western,FALSE,FALSE,0.12,0.012878,0.019435,FALSE,FALSE,1616.623029
79,66,PT1,LV0,PT,LV,Southern,Baltics,FALSE,FALSE,0.07,0.004946,0.018496,FALSE,FALSE,3140.201795
79,67,PT1,MT0,PT,MT,Southern,Southern,FALSE,TRUE,0.08,0.008884,0.018745,FALSE,FALSE,2041.649193
79,68,PT1,NL1,PT,NL,Southern,Western,FALSE,FALSE,0.11,0.010016,0.017632,FALSE,FALSE,1866.283054
79,69,PT1,NL2,PT,NL,Southern,Western,FALSE,FALSE,0.08,0.007151,0.017977,FALSE,FALSE,1809.860745
79,70,PT1,NL3,PT,NL,Southern,Western,FALSE,FALSE,0.17,0.018951,0.02608,FALSE,FALSE,1617.056395
79,71,PT1,NL4,PT,NL,Southern,Western,FALSE,FALSE,0.08,0.007275,0.016808,FALSE,FALSE,1706.861299
79,72,PT1,PL2,PT,PL,Southern,CEE,FALSE,FALSE,0.07,0.004515,0.064959,FALSE,FALSE,2499.341932
79,73,PT1,PL4,PT,PL,Southern,CEE,FALSE,FALSE,0.03,0.002061,0.067008,FALSE,FALSE,2372.28668
79,74,PT1,PL5,PT,PL,Southern,CEE,FALSE,FALSE,0.07,0.005655,0.014757,FALSE,FALSE,2335.565713
79,75,PT1,PL6,PT,PL,Southern,CEE,FALSE,FALSE,0.06,0.005623,0.052871,FALSE,FALSE,2597.414928
79,76,PT1,PL7,PT,PL,Southern,CEE,FALSE,FALSE,0.06,0.004182,0.012404,FALSE,FALSE,2522.023813
79,77,PT1,PL8,PT,PL,Southern,CEE,FALSE,FALSE,0.07,0.005131,0.04598,FALSE,FALSE,2750.777322
79,78,PT1,PL9,PT,PL,Southern,CEE,FALSE,FALSE,0.13,0.013909,0.030835,FALSE,FALSE,2674.988649
79,80,PT1,PT2,PT,PT,Southern,Southern,TRUE,TRUE,0.14,0.014467,0.02051,FALSE,FALSE,1493.304064
79,81,PT1,PT3,PT,PT,Southern,Southern,TRUE,TRUE,0.18,0.024103,0.025679,FALSE,FALSE,1050.376175
79,82,PT1,RO1,PT,RO,Southern,CEE,FALSE,FALSE,0.03,0.00189,0.056855,FALSE,FALSE,2725.544197
79,83,PT1,RO2,PT,RO,Southern,CEE,FALSE,FALSE,0.08,0.005015,0.02407,FALSE,FALSE,2982.661936
79,84,PT1,RO3,PT,RO,Southern,CEE,FALSE,FALSE,0.01,0.001429,0.031583,FALSE,FALSE,2896.170896
79,85,PT1,RO4,PT,RO,Southern,CEE,FALSE,FALSE,0.08,0.0068,0.034605,FALSE,FALSE,2626.241283
79,86,PT1,SE1,PT,SE,Southern,Northern,FALSE,FALSE,0.07,0.006234,0.035388,FALSE,FALSE,2800.513478
79,87,PT1,SE2,PT,SE,Southern,Northern,FALSE,FALSE,0.09,0.009616,0.061089,FALSE,FALSE,2566.447245
79,88,PT1,SE3,PT,SE,Southern,Northern,FALSE,FALSE,0.06,0.004889,0.042844,FALSE,FALSE,3171.883576
79,89,PT1,SI0,PT,SI,Southern,CEE,FALSE,FALSE,0.09,0.009047,0.019129,FALSE,FALSE,2011.928172
79,90,PT1,SK0,PT,SK,Southern,CEE,FALSE,FALSE,0.11,0.010804,0.015803,FALSE,FALSE,2388.158806
80,1,PT2,AT1,PT,AT,Southern,Western,FALSE,FALSE,0.2,0.017866,0.024883,FALSE,FALSE,3491.823304
80,2,PT2,AT2,PT,AT,Southern,Western,FALSE,FALSE,0.12,0.009082,0.024374,FALSE,FALSE,3424.622682
80,3,PT2,AT3,PT,AT,Southern,Western,FALSE,FALSE,0.16,0.015297,0.021804,FALSE,FALSE,3304.239855
80,4,PT2,BE1,PT,BE,Southern,Western,FALSE,FALSE,0.11,0.009511,0.017862,FALSE,FALSE,2735.0411
80,5,PT2,BE2,PT,BE,Southern,Western,FALSE,FALSE,0.16,0.015355,0.02333,FALSE,FALSE,2730.643649
80,6,PT2,BE3,PT,BE,Southern,Western,FALSE,FALSE,0.12,0.010127,0.021905,FALSE,FALSE,2765.766403
80,7,PT2,BG3,PT,BG,Southern,CEE,FALSE,FALSE,0.15,0.014363,0.019756,FALSE,FALSE,4253.586925
80,8,PT2,BG4,PT,BG,Southern,CEE,FALSE,FALSE,0.1,0.008633,0.016998,FALSE,FALSE,4219.11314
80,9,PT2,CY0,PT,CY,Southern,Southern,FALSE,TRUE,0.11,0.011207,0.017317,FALSE,FALSE,5197.240593
80,10,PT2,CZ0,PT,CZ,Southern,CEE,FALSE,FALSE,0.11,0.010834,0.027046,FALSE,FALSE,3493.916254
80,11,PT2,DE1,PT,DE,Southern,Western,FALSE,FALSE,0.08,0.006976,0.021434,FALSE,FALSE,3000.514894
80,12,PT2,DE2,PT,DE,Southern,Western,FALSE,FALSE,0.14,0.014258,0.022809,FALSE,FALSE,3221.874013
80,13,PT2,DE3,PT,DE,Southern,Western,FALSE,FALSE,0.09,0.010023,0.019162,FALSE,FALSE,3385.197388
80,14,PT2,DE4,PT,DE,Southern,Western,FALSE,FALSE,0.13,0.010792,0.01895,FALSE,FALSE,3336.662838
80,15,PT2,DE5,PT,DE,Southern,Western,FALSE,FALSE,0.13,0.012014,0.020969,FALSE,FALSE,3106.959375
80,16,PT2,DE6,PT,DE,Southern,Western,FALSE,FALSE,0.1,0.00756,0.015764,FALSE,FALSE,3199.73411
80,17,PT2,DE7,PT,DE,Southern,Western,FALSE,FALSE,0.1,0.010014,0.020422,FALSE,FALSE,3043.551151
80,18,PT2,DE8,PT,DE,Southern,Western,FALSE,FALSE,0.1,0.012132,0.020588,FALSE,FALSE,3361.795414
80,19,PT2,DE9,PT,DE,Southern,Western,FALSE,FALSE,0.12,0.009752,0.020276,FALSE,FALSE,3088.407376
80,20,PT2,DEA,PT,DE,Southern,Western,FALSE,FALSE,0.11,0.014126,0.025154,FALSE,FALSE,2967.051216
80,21,PT2,DEB,PT,DE,Southern,Western,FALSE,FALSE,0.13,0.012217,0.022356,FALSE,FALSE,2903.175444
80,22,PT2,DEC,PT,DE,Southern,Western,FALSE,FALSE,0.08,0.005844,0.021863,FALSE,FALSE,2865.69074
80,23,PT2,DED,PT,DE,Southern,Western,FALSE,FALSE,0.15,0.012182,0.0253,FALSE,FALSE,3355.261702
80,24,PT2,DEE,PT,DE,Southern,Western,FALSE,FALSE,0.16,0.013959,0.023714,FALSE,FALSE,3258.067122
80,25,PT2,DEF,PT,DE,Southern,Western,FALSE,FALSE,0.08,0.008003,0.022083,FALSE,FALSE,3212.032905
80,26,PT2,DEG,PT,DE,Southern,Western,FALSE,FALSE,0.16,0.012961,0.022608,FALSE,FALSE,3202.699594
80,27,PT2,DK0,PT,DK,Southern,Northern,FALSE,FALSE,0.15,0.013455,0.021551,FALSE,FALSE,3262.846857
80,28,PT2,EE0,PT,EE,Southern,Baltics,FALSE,FALSE,0.09,0.007128,0.013,FALSE,FALSE,4272.491458
80,29,PT2,EL3,PT,EL,Southern,Southern,FALSE,TRUE,0.1,0.006622,0.052516,FALSE,FALSE,4267.679199
80,30,PT2,EL4,PT,EL,Southern,Southern,FALSE,TRUE,0.14,0.011982,0.046786,FALSE,FALSE,4463.703689
80,31,PT2,EL5,PT,EL,Southern,Southern,FALSE,TRUE,0.12,0.010219,0.056206,FALSE,FALSE,4047.021371
80,32,PT2,EL6,PT,EL,Southern,Southern,FALSE,TRUE,0.08,0.006166,0.055332,FALSE,FALSE,4111.757788
80,33,PT2,ES1,PT,ES,Southern,Southern,FALSE,TRUE,0.13,0.011365,0.0215,FALSE,TRUE,1841.104513
80,34,PT2,ES2,PT,ES,Southern,Southern,FALSE,TRUE,0.16,0.019279,0.035036,FALSE,FALSE,2157.328733
80,35,PT2,ES3,PT,ES,Southern,Southern,FALSE,TRUE,0.17,0.033434,0.038321,FALSE,TRUE,1887.022038
80,36,PT2,ES4,PT,ES,Southern,Southern,FALSE,TRUE,0.14,0.01706,0.031653,FALSE,TRUE,1733.132907
80,37,PT2,ES5,PT,ES,Southern,Southern,FALSE,TRUE,0.18,0.017068,0.038537,FALSE,FALSE,2479.980299
80,38,PT2,ES6,PT,ES,Southern,Southern,FALSE,TRUE,0.08,0.007471,0.028647,FALSE,TRUE,1914.390669
80,39,PT2,ES7,PT,ES,Southern,Southern,FALSE,TRUE,0.15,0.016764,0.023603,FALSE,TRUE,1390.094227
80,40,PT2,FI1,PT,FI,Southern,Northern,FALSE,FALSE,0.12,0.011859,0.021814,FALSE,FALSE,4537.379597
80,41,PT2,FI2,PT,FI,Southern,Northern,FALSE,FALSE,0.21,0.019172,0.021845,FALSE,FALSE,4005.946382
80,42,PT2,FR1,PT,FR,Southern,Western,FALSE,FALSE,0.08,0.007111,0.017443,FALSE,FALSE,2533.883906
80,43,PT2,FRB,PT,FR,Southern,Western,FALSE,FALSE,0.13,0.012349,0.025968,FALSE,FALSE,2431.760245
80,44,PT2,FRC,PT,FR,Southern,Western,FALSE,FALSE,0.09,0.007478,0.02073,FALSE,FALSE,2671.279531
80,45,PT2,FRD,PT,FR,Southern,Western,FALSE,FALSE,0.12,0.011382,0.019993,FALSE,FALSE,2372.836576
80,46,PT2,FRE,PT,FR,Southern,Western,FALSE,FALSE,0.08,0.006963,0.019259,FALSE,FALSE,2604.794312
80,47,PT2,FRF,PT,FR,Southern,Western,FALSE,FALSE,0.1,0.009893,0.025622,FALSE,FALSE,2766.916277
80,48,PT2,FRG,PT,FR,Southern,Western,FALSE,FALSE,0.07,0.006762,0.020888,FALSE,FALSE,2233.77951
80,49,PT2,FRH,PT,FR,Southern,Western,FALSE,FALSE,0.11,0.008695,0.018665,FALSE,FALSE,2144.57925
80,50,PT2,FRI,PT,FR,Southern,Western,FALSE,FALSE,0.14,0.011075,0.022402,FALSE,FALSE,2283.981101
80,51,PT2,FRJ,PT,FR,Southern,Western,FALSE,FALSE,0.08,0.009054,0.019763,FALSE,FALSE,2409.053983
80,52,PT2,FRK,PT,FR,Southern,Western,FALSE,FALSE,0.11,0.009721,0.020346,FALSE,FALSE,2618.10978
80,53,PT2,FRL,PT,FR,Southern,Western,FALSE,FALSE,0.14,0.010629,0.018674,FALSE,FALSE,2711.520427
80,54,PT2,FRM,PT,FR,Southern,Western,FALSE,FALSE,0.11,0.009427,0.018459,FALSE,FALSE,2963.631122
80,55,PT2,HU1,PT,HU,Southern,CEE,FALSE,FALSE,0.07,0.006112,0.043577,FALSE,FALSE,3750.921597
80,56,PT2,HU2,PT,HU,Southern,CEE,FALSE,FALSE,0.09,0.006855,0.021747,FALSE,FALSE,3622.005618
80,57,PT2,HU3,PT,HU,Southern,CEE,FALSE,FALSE,0.11,0.010633,0.057454,FALSE,FALSE,3870.059837
80,58,PT2,IE0,PT,IE,Southern,Western,FALSE,FALSE,0.05,0.003088,0.008394,FALSE,FALSE,2193.22954
80,59,PT2,ITC,PT,IT,Southern,Southern,FALSE,TRUE,0.19,0.017084,0.023313,FALSE,FALSE,2943.114989
80,60,PT2,ITF,PT,IT,Southern,Southern,FALSE,TRUE,0.13,0.011742,0.025441,FALSE,FALSE,3556.953867
80,61,PT2,ITG,PT,IT,Southern,Southern,FALSE,TRUE,0.16,0.014163,0.02328,FALSE,FALSE,3452.906351
80,62,PT2,ITH,PT,IT,Southern,Southern,FALSE,TRUE,0.09,0.006556,0.015378,FALSE,FALSE,3153.227135
80,63,PT2,ITI,PT,IT,Southern,Southern,FALSE,TRUE,0.19,0.021675,0.027852,FALSE,FALSE,3214.935344
80,64,PT2,LT0,PT,LT,Southern,Baltics,FALSE,FALSE,0.12,0.008819,0.026304,FALSE,FALSE,4102.905824
80,65,PT2,LU0,PT,LU,Southern,Western,FALSE,FALSE,0.07,0.00638,0.013597,FALSE,FALSE,2817.148805
80,66,PT2,LV0,PT,LV,Southern,Baltics,FALSE,FALSE,0.04,0.002532,0.018658,FALSE,FALSE,4266.748818
80,67,PT2,MT0,PT,MT,Southern,Southern,FALSE,TRUE,0.1,0.01051,0.019287,FALSE,FALSE,3534.251207
80,68,PT2,NL1,PT,NL,Southern,Western,FALSE,FALSE,0.25,0.02536,0.027232,FALSE,FALSE,2938.284269
80,69,PT2,NL2,PT,NL,Southern,Western,FALSE,FALSE,0.13,0.010828,0.019995,FALSE,FALSE,2910.290598
80,70,PT2,NL3,PT,NL,Southern,Western,FALSE,FALSE,0.13,0.01763,0.025527,FALSE,FALSE,2715.529902
80,71,PT2,NL4,PT,NL,Southern,Western,FALSE,FALSE,0.18,0.019368,0.027292,FALSE,FALSE,2839.165885
80,72,PT2,PL2,PT,PL,Southern,CEE,FALSE,FALSE,0.05,0.003988,0.069662,FALSE,FALSE,3788.781098
80,73,PT2,PL4,PT,PL,Southern,CEE,FALSE,FALSE,0.05,0.003984,0.072018,FALSE,FALSE,3558.153387
80,74,PT2,PL5,PT,PL,Southern,CEE,FALSE,FALSE,0.05,0.003256,0.015141,FALSE,FALSE,3591.273074
80,75,PT2,PL6,PT,PL,Southern,CEE,FALSE,FALSE,0.1,0.008423,0.057495,FALSE,FALSE,3783.09986
80,76,PT2,PL7,PT,PL,Southern,CEE,FALSE,FALSE,0.08,0.006445,0.015198,FALSE,FALSE,3776.508805
80,77,PT2,PL8,PT,PL,Southern,CEE,FALSE,FALSE,0.08,0.006592,0.049459,FALSE,FALSE,4006.334486
80,78,PT2,PL9,PT,PL,Southern,CEE,FALSE,FALSE,0.17,0.01732,0.034551,FALSE,FALSE,3906.868234
80,79,PT2,PT1,PT,PT,Southern,Southern,TRUE,TRUE,0.17,0.01765,0.024112,FALSE,TRUE,1493.304064
80,81,PT2,PT3,PT,PT,Southern,Southern,TRUE,TRUE,0.23,0.022999,0.025272,TRUE,TRUE,986.734994
80,82,PT2,RO1,PT,RO,Southern,CEE,FALSE,FALSE,0.08,0.006899,0.061664,FALSE,FALSE,4098.383984
80,83,PT2,RO2,PT,RO,Southern,CEE,FALSE,FALSE,0.13,0.009476,0.027181,FALSE,FALSE,4367.323429
80,84,PT2,RO3,PT,RO,Southern,CEE,FALSE,FALSE,0.05,0.002869,0.032242,FALSE,FALSE,4307.9059800000005
80,85,PT2,RO4,PT,RO,Southern,CEE,FALSE,FALSE,0.05,0.004683,0.034881,FALSE,FALSE,4028.171502
80,86,PT2,SE1,PT,SE,Southern,Northern,FALSE,FALSE,0.06,0.004761,0.035186,FALSE,FALSE,3783.506033
80,87,PT2,SE2,PT,SE,Southern,Northern,FALSE,FALSE,0.12,0.010573,0.060801,FALSE,FALSE,3592.299402
80,88,PT2,SE3,PT,SE,Southern,Northern,FALSE,FALSE,0.06,0.005033,0.039984,FALSE,FALSE,4005.278791
80,89,PT2,SI0,PT,SI,Southern,CEE,FALSE,FALSE,0.15,0.032371,0.034526,FALSE,FALSE,3390.405148
80,90,PT2,SK0,PT,SK,Southern,CEE,FALSE,FALSE,0.09,0.008671,0.013955,FALSE,FALSE,3713.442781
81,1,PT3,AT1,PT,AT,Southern,Western,FALSE,FALSE,0.17,0.015241,0.02116,FALSE,FALSE,3199.006596
81,2,PT3,AT2,PT,AT,Southern,Western,FALSE,FALSE,0.13,0.01007,0.020076,FALSE,FALSE,3110.019839
81,3,PT3,AT3,PT,AT,Southern,Western,FALSE,FALSE,0.11,0.008722,0.016549,FALSE,FALSE,3016.833645
81,4,PT3,BE1,PT,BE,Southern,Western,FALSE,FALSE,0.12,0.011712,0.017316,FALSE,FALSE,2634.661587
81,5,PT3,BE2,PT,BE,Southern,Western,FALSE,FALSE,0.1,0.012618,0.019443,FALSE,FALSE,2639.304331
81,6,PT3,BE3,PT,BE,Southern,Western,FALSE,FALSE,0.12,0.012764,0.019696,FALSE,FALSE,2630.961899
81,7,PT3,BG3,PT,BG,Southern,CEE,FALSE,FALSE,0.07,0.005304,0.010963,FALSE,FALSE,3827.582724
81,8,PT3,BG4,PT,BG,Southern,CEE,FALSE,FALSE,0.14,0.01342,0.019237,FALSE,FALSE,3760.649716
81,9,PT3,CY0,PT,CY,Southern,Southern,FALSE,TRUE,0.07,0.004647,0.01194,FALSE,FALSE,4633.120976
81,10,PT3,CZ0,PT,CZ,Southern,CEE,FALSE,FALSE,0.17,0.01392,0.031517,FALSE,FALSE,3259.52694
81,11,PT3,DE1,PT,DE,Southern,Western,FALSE,FALSE,0.06,0.003525,0.014413,FALSE,FALSE,2773.057855
81,12,PT3,DE2,PT,DE,Southern,Western,FALSE,FALSE,0.13,0.007997,0.015892,FALSE,FALSE,2980.139281
81,13,PT3,DE3,PT,DE,Southern,Western,FALSE,FALSE,0.07,0.005458,0.01322,FALSE,FALSE,3249.889643
81,14,PT3,DE4,PT,DE,Southern,Western,FALSE,FALSE,0.08,0.007128,0.015261,FALSE,FALSE,3205.435952
81,15,PT3,DE5,PT,DE,Southern,Western,FALSE,FALSE,0.06,0.003611,0.011763,FALSE,FALSE,3030.037317
81,16,PT3,DE6,PT,DE,Southern,Western,FALSE,FALSE,0.1,0.008168,0.015346,FALSE,FALSE,3126.148927
81,17,PT3,DE7,PT,DE,Southern,Western,FALSE,FALSE,0.06,0.004581,0.011415,FALSE,FALSE,2881.424133
81,18,PT3,DE8,PT,DE,Southern,Western,FALSE,FALSE,0.11,0.010504,0.017121,FALSE,FALSE,3275.552515
81,19,PT3,DE9,PT,DE,Southern,Western,FALSE,FALSE,0.1,0.009547,0.017316,FALSE,FALSE,2995.00527
81,20,PT3,DEA,PT,DE,Southern,Western,FALSE,FALSE,0.1,0.004464,0.015337,FALSE,FALSE,2847.988417
81,21,PT3,DEB,PT,DE,Southern,Western,FALSE,FALSE,0.09,0.006242,0.01588,FALSE,FALSE,2736.6894
81,22,PT3,DEC,PT,DE,Southern,Western,FALSE,FALSE,0.08,0.005775,0.016032,FALSE,FALSE,2682.631943
81,23,PT3,DED,PT,DE,Southern,Western,FALSE,FALSE,0.07,0.005757,0.017417,FALSE,FALSE,3169.442415
81,24,PT3,DEE,PT,DE,Southern,Western,FALSE,FALSE,0.1,0.005912,0.013568,FALSE,FALSE,3119.597556
81,25,PT3,DEF,PT,DE,Southern,Western,FALSE,FALSE,0.08,0.005944,0.016832,FALSE,FALSE,3155.244791
81,26,PT3,DEG,PT,DE,Southern,Western,FALSE,FALSE,0.1,0.008006,0.016161,FALSE,FALSE,3032.648395
81,27,PT3,DK0,PT,DK,Southern,Northern,FALSE,FALSE,0.08,0.006365,0.014777,FALSE,FALSE,3274.084505
81,28,PT3,EE0,PT,EE,Southern,Baltics,FALSE,FALSE,0.07,0.006301,0.01393,FALSE,FALSE,4242.352879
81,29,PT3,EL3,PT,EL,Southern,Southern,FALSE,TRUE,0.1,0.007821,0.047107,FALSE,FALSE,3713.101189
81,30,PT3,EL4,PT,EL,Southern,Southern,FALSE,TRUE,0.06,0.00284,0.034996,FALSE,FALSE,3854.386627
81,31,PT3,EL5,PT,EL,Southern,Southern,FALSE,TRUE,0.11,0.010057,0.047219,FALSE,FALSE,3547.248913
81,32,PT3,EL6,PT,EL,Southern,Southern,FALSE,TRUE,0.08,0.004743,0.044101,FALSE,FALSE,3578.270859
81,33,PT3,ES1,PT,ES,Southern,Southern,FALSE,TRUE,0.11,0.014049,0.021288,FALSE,TRUE,1560.164695
81,34,PT3,ES2,PT,ES,Southern,Southern,FALSE,TRUE,0.11,0.016295,0.025525,FALSE,FALSE,1737.525514
81,35,PT3,ES3,PT,ES,Southern,Southern,FALSE,TRUE,0.18,0.020489,0.026038,FALSE,TRUE,1438.077985
81,36,PT3,ES4,PT,ES,Southern,Southern,FALSE,TRUE,0.12,0.011067,0.02095,FALSE,TRUE,1293.797327
81,37,PT3,ES5,PT,ES,Southern,Southern,FALSE,TRUE,0.11,0.013383,0.026326,FALSE,FALSE,1936.68194
81,38,PT3,ES6,PT,ES,Southern,Southern,FALSE,TRUE,0.18,0.033389,0.042057,FALSE,TRUE,1298.357203
81,39,PT3,ES7,PT,ES,Southern,Southern,FALSE,TRUE,0.17,0.024757,0.027675,TRUE,TRUE,497.716854
81,40,PT3,FI1,PT,FI,Southern,Northern,FALSE,FALSE,0.07,0.003681,0.012601,FALSE,FALSE,4635.288629
81,41,PT3,FI2,PT,FI,Southern,Northern,FALSE,FALSE,0.06,0.003772,0.01053,FALSE,FALSE,4038.503626
81,42,PT3,FR1,PT,FR,Southern,Western,FALSE,FALSE,0.08,0.012444,0.019686,FALSE,FALSE,2379.22505
81,43,PT3,FRB,PT,FR,Southern,Western,FALSE,FALSE,0.12,0.010977,0.022351,FALSE,FALSE,2249.879399
81,44,PT3,FRC,PT,FR,Southern,Western,FALSE,FALSE,0.15,0.012804,0.021709,FALSE,FALSE,2432.767999
81,45,PT3,FRD,PT,FR,Southern,Western,FALSE,FALSE,0.12,0.009541,0.017228,FALSE,FALSE,2270.044672
81,46,PT3,FRE,PT,FR,Southern,Western,FALSE,FALSE,0.11,0.010355,0.021362,FALSE,FALSE,2491.15192
81,47,PT3,FRF,PT,FR,Southern,Western,FALSE,FALSE,0.15,0.0198,0.02667,FALSE,FALSE,2574.88359
81,48,PT3,FRG,PT,FR,Southern,Western,FALSE,FALSE,0.15,0.013897,0.022777,FALSE,FALSE,2084.095081
81,49,PT3,FRH,PT,FR,Southern,Western,FALSE,FALSE,0.15,0.017371,0.022729,FALSE,FALSE,2058.502315
81,50,PT3,FRI,PT,FR,Southern,Western,FALSE,FALSE,0.1,0.008408,0.019972,FALSE,FALSE,2004.243633
81,51,PT3,FRJ,PT,FR,Southern,Western,FALSE,FALSE,0.08,0.005396,0.01518,FALSE,FALSE,2045.414412
81,52,PT3,FRK,PT,FR,Southern,Western,FALSE,FALSE,0.1,0.006822,0.014656,FALSE,FALSE,2309.758825
81,53,PT3,FRL,PT,FR,Southern,Western,FALSE,FALSE,0.12,0.011032,0.016021,FALSE,FALSE,2338.055563
81,54,PT3,FRM,PT,FR,Southern,Western,FALSE,FALSE,0.1,0.010747,0.016446,FALSE,FALSE,2501.683226
81,55,PT3,HU1,PT,HU,Southern,CEE,FALSE,FALSE,0.12,0.012296,0.104344,FALSE,FALSE,3435.471318
81,56,PT3,HU2,PT,HU,Southern,CEE,FALSE,FALSE,0.42,0.097139,0.094008,FALSE,FALSE,3292.881422
81,57,PT3,HU3,PT,HU,Southern,CEE,FALSE,FALSE,0.21,0.016877,0.153165,FALSE,FALSE,3543.953355
81,58,PT3,IE0,PT,IE,Southern,Western,FALSE,FALSE,0.11,0.006773,0.011232,FALSE,FALSE,2405.429307
81,59,PT3,ITC,PT,IT,Southern,Southern,FALSE,TRUE,0.09,0.010804,0.017359,FALSE,FALSE,2593.61153
81,60,PT3,ITF,PT,IT,Southern,Southern,FALSE,TRUE,0.04,0.003213,0.015329,FALSE,FALSE,3039.248826
81,61,PT3,ITG,PT,IT,Southern,Southern,FALSE,TRUE,0.09,0.013488,0.021856,FALSE,FALSE,2852.978679
81,62,PT3,ITH,PT,IT,Southern,Southern,FALSE,TRUE,0.11,0.01145,0.017871,FALSE,FALSE,2799.324872
81,63,PT3,ITI,PT,IT,Southern,Southern,FALSE,TRUE,0.13,0.01754,0.022293,FALSE,FALSE,2773.130491
81,64,PT3,LT0,PT,LT,Southern,Baltics,FALSE,FALSE,0.06,0.003589,0.025313,FALSE,FALSE,3989.588461
81,65,PT3,LU0,PT,LU,Southern,Western,FALSE,FALSE,0.09,0.008858,0.016634,FALSE,FALSE,2659.248074
81,66,PT3,LV0,PT,LV,Southern,Baltics,FALSE,FALSE,0.04,0.001997,0.023258,FALSE,FALSE,4182.737532
81,67,PT3,MT0,PT,MT,Southern,Southern,FALSE,TRUE,0.12,0.014677,0.022616,FALSE,FALSE,2895.002583
81,68,PT3,NL1,PT,NL,Southern,Western,FALSE,FALSE,0.11,0.009244,0.01452,FALSE,FALSE,2886.516746
81,69,PT3,NL2,PT,NL,Southern,Western,FALSE,FALSE,0.14,0.015655,0.021402,FALSE,FALSE,2835.892399
81,70,PT3,NL3,PT,NL,Southern,Western,FALSE,FALSE,0.14,0.011197,0.01835,FALSE,FALSE,2638.811714
81,71,PT3,NL4,PT,NL,Southern,Western,FALSE,FALSE,0.1,0.007321,0.016195,FALSE,FALSE,2738.222128
81,72,PT3,PL2,PT,PL,Southern,CEE,FALSE,FALSE,0.07,0.003957,0.055937,FALSE,FALSE,3548.584785
81,73,PT3,PL4,PT,PL,Southern,CEE,FALSE,FALSE,0.01,2.56e-4,0.05603,FALSE,FALSE,3418.53637
81,74,PT3,PL5,PT,PL,Southern,CEE,FALSE,FALSE,0.06,0.004681,0.013085,FALSE,FALSE,3385.921912
81,75,PT3,PL6,PT,PL,Southern,CEE,FALSE,FALSE,0.05,0.002616,0.041203,FALSE,FALSE,3644.561818
81,76,PT3,PL7,PT,PL,Southern,CEE,FALSE,FALSE,0.05,0.001988,0.01007,FALSE,FALSE,3572.399464
81,77,PT3,PL8,PT,PL,Southern,CEE,FALSE,FALSE,0.06,0.004383,0.034543,FALSE,FALSE,3801.080283
81,78,PT3,PL9,PT,PL,Southern,CEE,FALSE,FALSE,0.07,0.006321,0.021382,FALSE,FALSE,3725.137391
81,79,PT3,PT1,PT,PT,Southern,Southern,TRUE,TRUE,0.17,0.024397,0.029422,FALSE,TRUE,1050.376175
81,80,PT3,PT2,PT,PT,Southern,Southern,TRUE,TRUE,0.07,0.00899,0.014805,FALSE,TRUE,986.734994
81,82,PT3,RO1,PT,RO,Southern,CEE,FALSE,FALSE,0.26,0.033153,0.121233,FALSE,FALSE,3757.92325
81,83,PT3,RO2,PT,RO,Southern,CEE,FALSE,FALSE,0.22,0.021372,0.049236,FALSE,FALSE,4008.675076
81,84,PT3,RO3,PT,RO,Southern,CEE,FALSE,FALSE,0.28,0.029028,0.075186,FALSE,FALSE,3909.248284
81,85,PT3,RO4,PT,RO,Southern,CEE,FALSE,FALSE,0.16,0.011691,0.059563,FALSE,FALSE,3647.233156
81,86,PT3,SE1,PT,SE,Southern,Northern,FALSE,FALSE,0.11,0.0098,0.029788,FALSE,FALSE,3812.051437
81,87,PT3,SE2,PT,SE,Southern,Northern,FALSE,FALSE,0.1,0.007729,0.055346,FALSE,FALSE,3585.821898
81,88,PT3,SE3,PT,SE,Southern,Northern,FALSE,FALSE,0.06,0.005079,0.040949,FALSE,FALSE,4144.982936
81,89,PT3,SI0,PT,SI,Southern,CEE,FALSE,FALSE,0.15,0.014474,0.020356,FALSE,FALSE,3048.480272
81,90,PT3,SK0,PT,SK,Southern,CEE,FALSE,FALSE,0.07,0.008328,0.012555,FALSE,FALSE,3433.964059
82,1,RO1,AT1,RO,AT,CEE,Western,FALSE,FALSE,0,0,2.48e-4,FALSE,FALSE,615.971757
82,2,RO1,AT2,RO,AT,CEE,Western,FALSE,FALSE,0,0,1.4e-4,FALSE,FALSE,673.866225
82,3,RO1,AT3,RO,AT,CEE,Western,FALSE,FALSE,0,0,1.23e-4,FALSE,FALSE,799.797954
82,4,RO1,BE1,RO,BE,CEE,Western,FALSE,FALSE,0,0,2.11e-4,FALSE,FALSE,1495.607827
82,5,RO1,BE2,RO,BE,CEE,Western,FALSE,FALSE,0,0,1.83e-4,FALSE,FALSE,1511.800588
82,6,RO1,BE3,RO,BE,CEE,Western,FALSE,FALSE,0,0,2.02e-4,FALSE,FALSE,1426.163136
82,7,RO1,BG3,RO,BG,CEE,CEE,FALSE,TRUE,0,0,2.82e-4,FALSE,TRUE,391.174946
82,8,RO1,BG4,RO,BG,CEE,CEE,FALSE,TRUE,0,0,0.001617,FALSE,FALSE,521.039594
82,9,RO1,CY0,RO,CY,CEE,Southern,FALSE,FALSE,0,0,8.7e-5,FALSE,FALSE,1497.264849
82,10,RO1,CZ0,RO,CZ,CEE,CEE,FALSE,TRUE,0,0,0.001957,FALSE,FALSE,690.316705
82,11,RO1,DE1,RO,DE,CEE,Western,FALSE,FALSE,0,0,1.19e-4,FALSE,FALSE,1126.100375
82,12,RO1,DE2,RO,DE,CEE,Western,FALSE,FALSE,0,0,0.002556,FALSE,FALSE,911.174433
82,13,RO1,DE3,RO,DE,CEE,Western,FALSE,FALSE,0,0,1.08e-4,FALSE,FALSE,988.586018
82,14,RO1,DE4,RO,DE,CEE,Western,FALSE,FALSE,0,0,3.23e-4,FALSE,FALSE,1025.70633
82,15,RO1,DE5,RO,DE,CEE,Western,FALSE,FALSE,0,0,2.43e-4,FALSE,FALSE,1285.810304
82,16,RO1,DE6,RO,DE,CEE,Western,FALSE,FALSE,0,0,1.13e-4,FALSE,FALSE,1243.87683
82,17,RO1,DE7,RO,DE,CEE,Western,FALSE,FALSE,0,0,2.81e-4,FALSE,FALSE,1164.959072
82,18,RO1,DE8,RO,DE,CEE,Western,FALSE,FALSE,0,0,1.17e-4,FALSE,FALSE,1133.926768
82,19,RO1,DE9,RO,DE,CEE,Western,FALSE,FALSE,0,0,2.56e-4,FALSE,FALSE,1260.169107
82,20,RO1,DEA,RO,DE,CEE,Western,FALSE,FALSE,0,0,7.6e-5,FALSE,FALSE,1292.496237
82,21,RO1,DEB,RO,DE,CEE,Western,FALSE,FALSE,0,0,7.2e-5,FALSE,FALSE,1273.599162
82,22,RO1,DEC,RO,DE,CEE,Western,FALSE,FALSE,0,0,1.88e-4,FALSE,FALSE,1287.535332
82,23,RO1,DED,RO,DE,CEE,Western,FALSE,FALSE,0,0,3.06e-4,FALSE,FALSE,888.688816
82,24,RO1,DEE,RO,DE,CEE,Western,FALSE,FALSE,0,0,2.51e-4,FALSE,FALSE,1055.542636
82,25,RO1,DEF,RO,DE,CEE,Western,FALSE,FALSE,0.01,0.0025,0.003451,FALSE,FALSE,1281.398592
82,26,RO1,DEG,RO,DE,CEE,Western,FALSE,FALSE,0,0,2.62e-4,FALSE,FALSE,1029.736248
82,27,RO1,DK0,RO,DK,CEE,Northern,FALSE,FALSE,0,0,3.36e-4,FALSE,FALSE,1456.555029
82,28,RO1,EE0,RO,EE,CEE,Baltics,FALSE,FALSE,0.09,0.04,0.039495,FALSE,FALSE,1351.008648
82,29,RO1,EL3,RO,EL,CEE,Southern,FALSE,FALSE,0,0,8.91e-4,FALSE,FALSE,966.31503
82,30,RO1,EL4,RO,EL,CEE,Southern,FALSE,FALSE,0,0,0.001233,FALSE,FALSE,1280.137172
82,31,RO1,EL5,RO,EL,CEE,Southern,FALSE,FALSE,0,0,0.001133,FALSE,FALSE,701.229683
82,32,RO1,EL6,RO,EL,CEE,Southern,FALSE,FALSE,0,0,0.001451,FALSE,FALSE,851.945678
82,33,RO1,ES1,RO,ES,CEE,Southern,FALSE,FALSE,0,0,9.6e-5,FALSE,FALSE,2271.298505
82,34,RO1,ES2,RO,ES,CEE,Southern,FALSE,FALSE,0,0,1.86e-4,FALSE,FALSE,2022.647982
82,35,RO1,ES3,RO,ES,CEE,Southern,FALSE,FALSE,0,0,9.3e-5,FALSE,FALSE,2322.469259
82,36,RO1,ES4,RO,ES,CEE,Southern,FALSE,FALSE,0,0,1.15e-4,FALSE,FALSE,2472.362495
82,37,RO1,ES5,RO,ES,CEE,Southern,FALSE,FALSE,0,0,1.51e-4,FALSE,FALSE,1866.093862
82,38,RO1,ES6,RO,ES,CEE,Southern,FALSE,FALSE,0,0,3.26e-4,FALSE,FALSE,2488.608838
82,39,RO1,ES7,RO,ES,CEE,Southern,FALSE,FALSE,0,0,1.19e-4,FALSE,FALSE,4032.458363
82,40,RO1,FI1,RO,FI,CEE,Northern,FALSE,FALSE,0,0,0.001732,FALSE,FALSE,2012.760417
82,41,RO1,FI2,RO,FI,CEE,Northern,FALSE,FALSE,0,0,1.86e-4,FALSE,FALSE,1524.649786
82,42,RO1,FR1,RO,FR,CEE,Western,FALSE,FALSE,0,0,7.7e-5,FALSE,FALSE,1606.987957
82,43,RO1,FRB,RO,FR,CEE,Western,FALSE,FALSE,0,0,1.08e-4,FALSE,FALSE,1684.635231
82,44,RO1,FRC,RO,FR,CEE,Western,FALSE,FALSE,0,0,0.001194,FALSE,FALSE,1433.033295
82,45,RO1,FRD,RO,FR,CEE,Western,FALSE,FALSE,0,0,2.5e-4,FALSE,FALSE,1790.13773
82,46,RO1,FRE,RO,FR,CEE,Western,FALSE,FALSE,0,0,5.07e-4,FALSE,FALSE,1583.464001
82,47,RO1,FRF,RO,FR,CEE,Western,FALSE,FALSE,0,0,4.34e-4,FALSE,FALSE,1367.848703
82,48,RO1,FRG,RO,FR,CEE,Western,FALSE,FALSE,0,0,1.14e-4,FALSE,FALSE,1885.113242
82,49,RO1,FRH,RO,FR,CEE,Western,FALSE,FALSE,0,0,9.2e-5,FALSE,FALSE,2001.708938
82,50,RO1,FRI,RO,FR,CEE,Western,FALSE,FALSE,0,0,1.05e-4,FALSE,FALSE,1817.581933
82,51,RO1,FRJ,RO,FR,CEE,Western,FALSE,FALSE,0,0,3.7e-5,FALSE,FALSE,1723.675591
82,52,RO1,FRK,RO,FR,CEE,Western,FALSE,FALSE,0,0,2.1e-4,FALSE,FALSE,1484.851484
82,53,RO1,FRL,RO,FR,CEE,Western,FALSE,FALSE,0,0,2.45e-4,FALSE,FALSE,1423.118145
82,54,RO1,FRM,RO,FR,CEE,Western,FALSE,FALSE,0,0,3.74e-4,FALSE,FALSE,1284.960697
82,55,RO1,HU1,RO,HU,CEE,CEE,FALSE,TRUE,0,0,0.001499,FALSE,TRUE,352.30981
82,56,RO1,HU2,RO,HU,CEE,CEE,FALSE,TRUE,0,0,0.00184,FALSE,FALSE,476.621292
82,57,RO1,HU3,RO,HU,CEE,CEE,FALSE,TRUE,0,0,0.003028,TRUE,TRUE,230.465416
82,58,RO1,IE0,RO,IE,CEE,Western,FALSE,FALSE,0,0,8.8e-5,FALSE,FALSE,2359.374252
82,59,RO1,ITC,RO,IT,CEE,Southern,FALSE,FALSE,0,0,2.97e-4,FALSE,FALSE,1171.837601
82,60,RO1,ITF,RO,IT,CEE,Southern,FALSE,FALSE,0,0,2.96e-4,FALSE,FALSE,958.069292
82,61,RO1,ITG,RO,IT,CEE,Southern,FALSE,FALSE,0,0,2.41e-4,FALSE,FALSE,1311.621855
82,62,RO1,ITH,RO,IT,CEE,Southern,FALSE,FALSE,0,0,1.41e-4,FALSE,FALSE,961.991182
82,63,RO1,ITI,RO,IT,CEE,Southern,FALSE,FALSE,0,0,9e-5,FALSE,FALSE,1017.280729
82,64,RO1,LT0,RO,LT,CEE,Baltics,FALSE,FALSE,0,0,0.1105,FALSE,FALSE,950.467234
82,65,RO1,LU0,RO,LU,CEE,Western,FALSE,FALSE,0,0,6.9e-5,FALSE,FALSE,1356.218749
82,66,RO1,LV0,RO,LV,CEE,Baltics,FALSE,FALSE,0.33,0.140833,0.169017,FALSE,FALSE,1124.608721
82,67,RO1,MT0,RO,MT,CEE,Southern,FALSE,FALSE,0,0,2.22e-4,FALSE,FALSE,1435.713568
82,68,RO1,NL1,RO,NL,CEE,Western,FALSE,FALSE,0,0,1.53e-4,FALSE,FALSE,1439.594858
82,69,RO1,NL2,RO,NL,CEE,Western,FALSE,FALSE,0,0,2.76e-4,FALSE,FALSE,1412.287612
82,70,RO1,NL3,RO,NL,CEE,Western,FALSE,FALSE,0,0,2.94e-4,FALSE,FALSE,1544.67574
82,71,RO1,NL4,RO,NL,CEE,Western,FALSE,FALSE,0,0,9.4e-5,FALSE,FALSE,1416.040528
82,72,RO1,PL2,RO,PL,CEE,CEE,FALSE,TRUE,0,0,0.030521,FALSE,FALSE,480.709245
82,73,RO1,PL4,RO,PL,CEE,CEE,FALSE,TRUE,0,0,0.034637,FALSE,FALSE,894.359182
82,74,RO1,PL5,RO,PL,CEE,CEE,FALSE,TRUE,0,0,0.019525,FALSE,FALSE,688.740541
82,75,RO1,PL6,RO,PL,CEE,CEE,FALSE,TRUE,0,0,0.032732,FALSE,FALSE,834.042992
82,76,RO1,PL7,RO,PL,CEE,CEE,FALSE,TRUE,0,0,7.86e-4,FALSE,FALSE,602.867495
82,77,RO1,PL8,RO,PL,CEE,CEE,FALSE,TRUE,0,0,0.024729,FALSE,FALSE,558.666756
82,78,RO1,PL9,RO,PL,CEE,CEE,FALSE,TRUE,0,0,0.009561,FALSE,FALSE,655.446253
82,79,RO1,PT1,RO,PT,CEE,Southern,FALSE,FALSE,0,0,1.24e-4,FALSE,FALSE,2725.544197
82,80,RO1,PT2,RO,PT,CEE,Southern,FALSE,FALSE,0,0,4.13e-4,FALSE,FALSE,4098.383984
82,81,RO1,PT3,RO,PT,CEE,Southern,FALSE,FALSE,0,0,8.3e-5,FALSE,FALSE,3757.92325
82,83,RO1,RO2,RO,RO,CEE,CEE,TRUE,TRUE,0.34,0.15,0.295993,TRUE,TRUE,273.470055
82,84,RO1,RO3,RO,RO,CEE,CEE,TRUE,TRUE,0.76,0.341667,0.559526,TRUE,TRUE,313.295066
82,85,RO1,RO4,RO,RO,CEE,CEE,TRUE,TRUE,0.67,0.325,0.519066,TRUE,TRUE,193.694272
82,86,RO1,SE1,RO,SE,CEE,Northern,FALSE,FALSE,0,0,3.48e-4,FALSE,FALSE,1469.07793
82,87,RO1,SE2,RO,SE,CEE,Northern,FALSE,FALSE,0,0,7.64e-4,FALSE,FALSE,1335.76287
82,88,RO1,SE3,RO,SE,CEE,Northern,FALSE,FALSE,0,0,6.72e-4,FALSE,FALSE,1963.179963
82,89,RO1,SI0,RO,SI,CEE,CEE,FALSE,TRUE,0,0,2.3e-4,FALSE,FALSE,714.83075
82,90,RO1,SK0,RO,SK,CEE,CEE,FALSE,TRUE,0,0,0.010763,FALSE,TRUE,432.462503
83,1,RO2,AT1,RO,AT,CEE,Western,FALSE,FALSE,0,0,1.75e-4,FALSE,FALSE,889.37373
83,2,RO2,AT2,RO,AT,CEE,Western,FALSE,FALSE,0,0,9.9e-5,FALSE,FALSE,944.45819
83,3,RO2,AT3,RO,AT,CEE,Western,FALSE,FALSE,0,0,8.1e-5,FALSE,FALSE,1072.591975
83,4,RO2,BE1,RO,BE,CEE,Western,FALSE,FALSE,0,0,1.52e-4,FALSE,FALSE,1766.3821
83,5,RO2,BE2,RO,BE,CEE,Western,FALSE,FALSE,0,0,1.32e-4,FALSE,FALSE,1782.11445
83,6,RO2,BE3,RO,BE,CEE,Western,FALSE,FALSE,0,0,1.47e-4,FALSE,FALSE,1698.299157
83,7,RO2,BG3,RO,BG,CEE,CEE,FALSE,TRUE,0,0,2e-4,TRUE,TRUE,339.799871
83,8,RO2,BG4,RO,BG,CEE,CEE,FALSE,TRUE,0,0,0.001053,FALSE,TRUE,495.688785
83,9,RO2,CY0,RO,CY,CEE,Southern,FALSE,FALSE,0,0,6.1e-5,FALSE,FALSE,1295.180893
83,10,RO2,CZ0,RO,CZ,CEE,CEE,FALSE,TRUE,0,0,0.001347,FALSE,FALSE,956.478764
83,11,RO2,DE1,RO,DE,CEE,Western,FALSE,FALSE,0,0,8.2e-5,FALSE,FALSE,1399.569301
83,12,RO2,DE2,RO,DE,CEE,Western,FALSE,FALSE,0,0,0.001902,FALSE,FALSE,1184.311307
83,13,RO2,DE3,RO,DE,CEE,Western,FALSE,FALSE,0,0,7.5e-5,FALSE,FALSE,1236.687652
83,14,RO2,DE4,RO,DE,CEE,Western,FALSE,FALSE,0,0,2.32e-4,FALSE,FALSE,1276.794721
83,15,RO2,DE5,RO,DE,CEE,Western,FALSE,FALSE,0,0,1.66e-4,FALSE,FALSE,1541.812955
83,16,RO2,DE6,RO,DE,CEE,Western,FALSE,FALSE,0,0,8.2e-5,FALSE,FALSE,1493.501773
83,17,RO2,DE7,RO,DE,CEE,Western,FALSE,FALSE,0,0,1.76e-4,FALSE,FALSE,1434.635322
83,18,RO2,DE8,RO,DE,CEE,Western,FALSE,FALSE,0,0,8.1e-5,FALSE,FALSE,1372.740552
83,19,RO2,DE9,RO,DE,CEE,Western,FALSE,FALSE,0,0,1.78e-4,FALSE,FALSE,1519.625114
83,20,RO2,DEA,RO,DE,CEE,Western,FALSE,FALSE,0,0,5.3e-5,FALSE,FALSE,1559.803232
83,21,RO2,DEB,RO,DE,CEE,Western,FALSE,FALSE,0,0,5e-5,FALSE,FALSE,1545.802061
83,22,RO2,DEC,RO,DE,CEE,Western,FALSE,FALSE,0,0,1.31e-4,FALSE,FALSE,1560.661032
83,23,RO2,DED,RO,DE,CEE,Western,FALSE,FALSE,0,0,2.17e-4,FALSE,FALSE,1150.83567
83,24,RO2,DEE,RO,DE,CEE,Western,FALSE,FALSE,0,0,1.75e-4,FALSE,FALSE,1313.488961
83,25,RO2,DEF,RO,DE,CEE,Western,FALSE,FALSE,0,0,0.002567,FALSE,FALSE,1527.180312
83,26,RO2,DEG,RO,DE,CEE,Western,FALSE,FALSE,0,0,1.85e-4,FALSE,FALSE,1295.818013
83,27,RO2,DK0,RO,DK,CEE,Northern,FALSE,FALSE,0,0,2.38e-4,FALSE,FALSE,1687.023429
83,28,RO2,EE0,RO,EE,CEE,Baltics,FALSE,FALSE,0,0,0.028044,FALSE,FALSE,1436.074733
83,29,RO2,EL3,RO,EL,CEE,Southern,FALSE,FALSE,0,0,6.33e-4,FALSE,FALSE,937.126275
83,30,RO2,EL4,RO,EL,CEE,Southern,FALSE,FALSE,0,0,8.89e-4,FALSE,FALSE,1219.113406
83,31,RO2,EL5,RO,EL,CEE,Southern,FALSE,FALSE,0,0,8.04e-4,FALSE,FALSE,745.185553
83,32,RO2,EL6,RO,EL,CEE,Southern,FALSE,FALSE,0,0,0.001029,FALSE,FALSE,868.402596
83,33,RO2,ES1,RO,ES,CEE,Southern,FALSE,FALSE,0,0,6.8e-5,FALSE,FALSE,2536.388779
83,34,RO2,ES2,RO,ES,CEE,Southern,FALSE,FALSE,0,0,1.34e-4,FALSE,FALSE,2277.705948
83,35,RO2,ES3,RO,ES,CEE,Southern,FALSE,FALSE,0,0,6.5e-5,FALSE,FALSE,2576.994591
83,36,RO2,ES4,RO,ES,CEE,Southern,FALSE,FALSE,0,0,8.3e-5,FALSE,FALSE,2728.490017
83,37,RO2,ES5,RO,ES,CEE,Southern,FALSE,FALSE,0,0,1.07e-4,FALSE,FALSE,2100.006413
83,38,RO2,ES6,RO,ES,CEE,Southern,FALSE,FALSE,0,0,2.26e-4,FALSE,FALSE,2730.043018
83,39,RO2,ES7,RO,ES,CEE,Southern,FALSE,FALSE,0,0,8.4e-5,FALSE,FALSE,4270.456086
83,40,RO2,FI1,RO,FI,CEE,Northern,FALSE,FALSE,0,0,0.001258,FALSE,FALSE,2085.428512
83,41,RO2,FI2,RO,FI,CEE,Northern,FALSE,FALSE,0,0,1.33e-4,FALSE,FALSE,1658.934515
83,42,RO2,FR1,RO,FR,CEE,Western,FALSE,FALSE,0,0,5.4e-5,FALSE,FALSE,1880.450655
83,43,RO2,FRB,RO,FR,CEE,Western,FALSE,FALSE,0,0,7.5e-5,FALSE,FALSE,1957.430617
83,44,RO2,FRC,RO,FR,CEE,Western,FALSE,FALSE,0,0,8.3e-4,FALSE,FALSE,1704.990619
83,45,RO2,FRD,RO,FR,CEE,Western,FALSE,FALSE,0,0,1.48e-4,FALSE,FALSE,2063.580656
83,46,RO2,FRE,RO,FR,CEE,Western,FALSE,FALSE,0,0,3.16e-4,FALSE,FALSE,1856.209622
83,47,RO2,FRF,RO,FR,CEE,Western,FALSE,FALSE,0,0,2.91e-4,FALSE,FALSE,1641.318659
83,48,RO2,FRG,RO,FR,CEE,Western,FALSE,FALSE,0,0,8.2e-5,FALSE,FALSE,2157.82831
83,49,RO2,FRH,RO,FR,CEE,Western,FALSE,FALSE,0,0,6.5e-5,FALSE,FALSE,2275.065636
83,50,RO2,FRI,RO,FR,CEE,Western,FALSE,FALSE,0,0,7.1e-5,FALSE,FALSE,2084.653312
83,51,RO2,FRJ,RO,FR,CEE,Western,FALSE,FALSE,0,0,2.6e-5,FALSE,FALSE,1983.518069
83,52,RO2,FRK,RO,FR,CEE,Western,FALSE,FALSE,0,0,1.42e-4,FALSE,FALSE,1751.071643
83,53,RO2,FRL,RO,FR,CEE,Western,FALSE,FALSE,0,0,1.75e-4,FALSE,FALSE,1680.869366
83,54,RO2,FRM,RO,FR,CEE,Western,FALSE,FALSE,0,0,2.46e-4,FALSE,FALSE,1518.927582
83,55,RO2,HU1,RO,HU,CEE,CEE,FALSE,TRUE,0,0,0.001089,FALSE,TRUE,625.713242
83,56,RO2,HU2,RO,HU,CEE,CEE,FALSE,TRUE,0,0,0.001336,FALSE,FALSE,745.957913
83,57,RO2,HU3,RO,HU,CEE,CEE,FALSE,TRUE,0,0,0.002203,FALSE,TRUE,503.741554
83,58,RO2,IE0,RO,IE,CEE,Western,FALSE,FALSE,0,0,6.3e-5,FALSE,FALSE,2625.520078
83,59,RO2,ITC,RO,IT,CEE,Southern,FALSE,FALSE,0,0,2.15e-4,FALSE,FALSE,1433.246476
83,60,RO2,ITF,RO,IT,CEE,Southern,FALSE,FALSE,0,0,2.12e-4,FALSE,FALSE,1117.844202
83,61,RO2,ITG,RO,IT,CEE,Southern,FALSE,FALSE,0,0,1.72e-4,FALSE,FALSE,1456.49441
83,62,RO2,ITH,RO,IT,CEE,Southern,FALSE,FALSE,0,0,1.03e-4,FALSE,FALSE,1222.313505
83,63,RO2,ITI,RO,IT,CEE,Southern,FALSE,FALSE,0,0,6.4e-5,FALSE,FALSE,1247.145191
83,64,RO2,LT0,RO,LT,CEE,Baltics,FALSE,FALSE,0,0,0.076226,FALSE,FALSE,1063.781061
83,65,RO2,LU0,RO,LU,CEE,Western,FALSE,FALSE,0,0,4.9e-5,FALSE,FALSE,1628.83796
83,66,RO2,LV0,RO,LV,CEE,Baltics,FALSE,FALSE,0,0,0.116363,FALSE,FALSE,1202.164156
83,67,RO2,MT0,RO,MT,CEE,Southern,FALSE,FALSE,0,0,1.61e-4,FALSE,FALSE,1558.792327
83,68,RO2,NL1,RO,NL,CEE,Western,FALSE,FALSE,0,0,1.1e-4,FALSE,FALSE,1700.427104
83,69,RO2,NL2,RO,NL,CEE,Western,FALSE,FALSE,0,0,1.9e-4,FALSE,FALSE,1676.705293
83,70,RO2,NL3,RO,NL,CEE,Western,FALSE,FALSE,0,0,2.07e-4,FALSE,FALSE,1814.352257
83,71,RO2,NL4,RO,NL,CEE,Western,FALSE,FALSE,0,0,6.2e-5,FALSE,FALSE,1684.913668
83,72,RO2,PL2,RO,PL,CEE,CEE,FALSE,TRUE,0,0,0.021262,FALSE,FALSE,719.180778
83,73,RO2,PL4,RO,PL,CEE,CEE,FALSE,TRUE,0,0,0.024084,FALSE,FALSE,1125.11878
83,74,RO2,PL5,RO,PL,CEE,CEE,FALSE,TRUE,0,0,0.013608,FALSE,FALSE,938.303604
83,75,RO2,PL6,RO,PL,CEE,CEE,FALSE,TRUE,0,0,0.022612,FALSE,FALSE,1026.864168
83,76,RO2,PL7,RO,PL,CEE,CEE,FALSE,TRUE,0,0,5.57e-4,FALSE,FALSE,823.516127
83,77,RO2,PL8,RO,PL,CEE,CEE,FALSE,TRUE,0,0,0.016857,FALSE,FALSE,715.459677
83,78,RO2,PL9,RO,PL,CEE,CEE,FALSE,TRUE,0,0,0.006592,FALSE,FALSE,833.962606
83,79,RO2,PT1,RO,PT,CEE,Southern,FALSE,FALSE,0,0,8.8e-5,FALSE,FALSE,2982.661936
83,80,RO2,PT2,RO,PT,CEE,Southern,FALSE,FALSE,0,0,2.97e-4,FALSE,FALSE,4367.323429
83,81,RO2,PT3,RO,PT,CEE,Southern,FALSE,FALSE,0,0,6.1e-5,FALSE,FALSE,4008.675076
83,82,RO2,RO1,RO,RO,CEE,CEE,TRUE,TRUE,1,0.885,1.0985,TRUE,TRUE,273.470055
83,84,RO2,RO3,RO,RO,CEE,CEE,TRUE,TRUE,0.23,0.115,0.467718,TRUE,TRUE,198.728438
83,85,RO2,RO4,RO,RO,CEE,CEE,TRUE,TRUE,0,0,0.371541,FALSE,TRUE,365.856824
83,86,RO2,SE1,RO,SE,CEE,Northern,FALSE,FALSE,0,0,2.51e-4,FALSE,FALSE,1635.805861
83,87,RO2,SE2,RO,SE,CEE,Northern,FALSE,FALSE,0,0,5.42e-4,FALSE,FALSE,1532.326411
83,88,RO2,SE3,RO,SE,CEE,Northern,FALSE,FALSE,0,0,4.74e-4,FALSE,FALSE,2103.199378
83,89,RO2,SI0,RO,SI,CEE,CEE,FALSE,TRUE,0,0,1.61e-4,FALSE,FALSE,978.570395
83,90,RO2,SK0,RO,SK,CEE,CEE,FALSE,TRUE,0,0,0.007242,FALSE,FALSE,700.264976
84,1,RO3,AT1,RO,AT,CEE,Western,FALSE,FALSE,0,0,1.79e-4,FALSE,FALSE,878.38196
84,2,RO3,AT2,RO,AT,CEE,Western,FALSE,FALSE,0,0,9.3e-5,FALSE,FALSE,911.516523
84,3,RO3,AT3,RO,AT,CEE,Western,FALSE,FALSE,0,0,8.5e-5,FALSE,FALSE,1049.398437
84,4,RO3,BE1,RO,BE,CEE,Western,FALSE,FALSE,0,0,1.5e-4,FALSE,FALSE,1773.637356
84,5,RO3,BE2,RO,BE,CEE,Western,FALSE,FALSE,0,0,1.27e-4,FALSE,FALSE,1791.39605
84,6,RO3,BE3,RO,BE,CEE,Western,FALSE,FALSE,0,0,1.46e-4,FALSE,FALSE,1698.331269
84,7,RO3,BG3,RO,BG,CEE,CEE,FALSE,TRUE,0,0,1.48e-4,TRUE,TRUE,141.736789
84,8,RO3,BG4,RO,BG,CEE,CEE,FALSE,TRUE,0,0,0.001152,FALSE,TRUE,297.139505
84,9,RO3,CY0,RO,CY,CEE,Southern,FALSE,FALSE,0,0,5.9e-5,FALSE,FALSE,1183.971137
84,10,RO3,CZ0,RO,CZ,CEE,CEE,FALSE,TRUE,0,0,0.001277,FALSE,FALSE,986.060955
84,11,RO3,DE1,RO,DE,CEE,Western,FALSE,FALSE,0,0,7.9e-5,FALSE,FALSE,1384.622811
84,12,RO3,DE2,RO,DE,CEE,Western,FALSE,FALSE,0,0,0.001901,FALSE,FALSE,1180.028829
84,13,RO3,DE3,RO,DE,CEE,Western,FALSE,FALSE,0,0,7.6e-5,FALSE,FALSE,1297.637961
84,14,RO3,DE4,RO,DE,CEE,Western,FALSE,FALSE,0,0,2.3e-4,FALSE,FALSE,1333.165667
84,15,RO3,DE5,RO,DE,CEE,Western,FALSE,FALSE,0,0,1.57e-4,FALSE,FALSE,1589.051351
84,16,RO3,DE6,RO,DE,CEE,Western,FALSE,FALSE,0,0,8e-5,FALSE,FALSE,1551.424459
84,17,RO3,DE7,RO,DE,CEE,Western,FALSE,FALSE,0,0,1.83e-4,FALSE,FALSE,1448.573136
84,18,RO3,DE8,RO,DE,CEE,Western,FALSE,FALSE,0,0,8.3e-5,FALSE,FALSE,1445.650291
84,19,RO3,DE9,RO,DE,CEE,Western,FALSE,FALSE,0,0,1.77e-4,FALSE,FALSE,1560.365385
84,20,RO3,DEA,RO,DE,CEE,Western,FALSE,FALSE,0,0,5.1e-5,FALSE,FALSE,1581.142319
84,21,RO3,DEB,RO,DE,CEE,Western,FALSE,FALSE,0,0,4.7e-5,FALSE,FALSE,1546.358583
84,22,RO3,DEC,RO,DE,CEE,Western,FALSE,FALSE,0,0,1.23e-4,FALSE,FALSE,1552.797344
84,23,RO3,DED,RO,DE,CEE,Western,FALSE,FALSE,0,0,1.76e-4,FALSE,FALSE,1187.993103
84,24,RO3,DEE,RO,DE,CEE,Western,FALSE,FALSE,0,0,1.74e-4,FALSE,FALSE,1358.088309
84,25,RO3,DEF,RO,DE,CEE,Western,FALSE,FALSE,0,0,0.002567,FALSE,FALSE,1590.64613
84,26,RO3,DEG,RO,DE,CEE,Western,FALSE,FALSE,0,0,1.87e-4,FALSE,FALSE,1322.36597
84,27,RO3,DK0,RO,DK,CEE,Northern,FALSE,FALSE,0,0,2.38e-4,FALSE,FALSE,1769.370978
84,28,RO3,EE0,RO,EE,CEE,Baltics,FALSE,FALSE,0,0,0.019924,FALSE,FALSE,1608.178846
84,29,RO3,EL3,RO,EL,CEE,Southern,FALSE,FALSE,0,0,5.91e-4,FALSE,FALSE,739.959092
84,30,RO3,EL4,RO,EL,CEE,Southern,FALSE,FALSE,0,0,7.89e-4,FALSE,FALSE,1028.685564
84,31,RO3,EL5,RO,EL,CEE,Southern,FALSE,FALSE,0,0,7.48e-4,FALSE,TRUE,551.698259
84,32,RO3,EL6,RO,EL,CEE,Southern,FALSE,FALSE,0,0,9.55e-4,FALSE,FALSE,670.303192
84,33,RO3,ES1,RO,ES,CEE,Southern,FALSE,FALSE,0,0,6.7e-5,FALSE,FALSE,2468.920674
84,34,RO3,ES2,RO,ES,CEE,Southern,FALSE,FALSE,0,0,1.32e-4,FALSE,FALSE,2190.177781
84,35,RO3,ES3,RO,ES,CEE,Southern,FALSE,FALSE,0,0,6.6e-5,FALSE,FALSE,2487.225665
84,36,RO3,ES4,RO,ES,CEE,Southern,FALSE,FALSE,0,0,8.2e-5,FALSE,FALSE,2640.980467
84,37,RO3,ES5,RO,ES,CEE,Southern,FALSE,FALSE,0,0,1.05e-4,FALSE,FALSE,1984.591919
84,38,RO3,ES6,RO,ES,CEE,Southern,FALSE,FALSE,0,0,2.14e-4,FALSE,FALSE,2620.632413
84,39,RO3,ES7,RO,ES,CEE,Southern,FALSE,FALSE,0,0,8e-5,FALSE,FALSE,4153.541783
84,40,RO3,FI1,RO,FI,CEE,Northern,FALSE,FALSE,0,0,0.001243,FALSE,FALSE,2263.418744
84,41,RO3,FI2,RO,FI,CEE,Northern,FALSE,FALSE,0,0,1.34e-4,FALSE,FALSE,1811.196615
84,42,RO3,FR1,RO,FR,CEE,Western,FALSE,FALSE,0,0,5.1e-5,FALSE,FALSE,1860.026341
84,43,RO3,FRB,RO,FR,CEE,Western,FALSE,FALSE,0,0,7.5e-5,FALSE,FALSE,1925.031945
84,44,RO3,FRC,RO,FR,CEE,Western,FALSE,FALSE,0,0,5.7e-4,FALSE,FALSE,1667.899306
84,45,RO3,FRD,RO,FR,CEE,Western,FALSE,FALSE,0,0,1.46e-4,FALSE,FALSE,2046.174755
84,46,RO3,FRE,RO,FR,CEE,Western,FALSE,FALSE,0,0,3.42e-4,FALSE,FALSE,1850.626875
84,47,RO3,FRF,RO,FR,CEE,Western,FALSE,FALSE,0,0,3.08e-4,FALSE,FALSE,1623.927845
84,48,RO3,FRG,RO,FR,CEE,Western,FALSE,FALSE,0,0,7.9e-5,FALSE,FALSE,2123.657693
84,49,RO3,FRH,RO,FR,CEE,Western,FALSE,FALSE,0,0,6e-5,FALSE,FALSE,2248.814924
84,50,RO3,FRI,RO,FR,CEE,Western,FALSE,FALSE,0,0,7.2e-5,FALSE,FALSE,2024.928085
84,51,RO3,FRJ,RO,FR,CEE,Western,FALSE,FALSE,0,0,2.5e-5,FALSE,FALSE,1906.677462
84,52,RO3,FRK,RO,FR,CEE,Western,FALSE,FALSE,0,0,1.37e-4,FALSE,FALSE,1691.113812
84,53,RO3,FRL,RO,FR,CEE,Western,FALSE,FALSE,0,0,1.68e-4,FALSE,FALSE,1602.327709
84,54,RO3,FRM,RO,FR,CEE,Western,FALSE,FALSE,0,0,2.55e-4,FALSE,FALSE,1408.516374
84,55,RO3,HU1,RO,HU,CEE,CEE,FALSE,TRUE,0,0,8.79e-4,FALSE,FALSE,624.537326
84,56,RO3,HU2,RO,HU,CEE,CEE,FALSE,TRUE,0,0,9.83e-4,FALSE,FALSE,715.416875
84,57,RO3,HU3,RO,HU,CEE,CEE,FALSE,TRUE,0,0,0.001701,FALSE,TRUE,508.441935
84,58,RO3,IE0,RO,IE,CEE,Western,FALSE,FALSE,0,0,6.3e-5,FALSE,FALSE,2647.004276
84,59,RO3,ITC,RO,IT,CEE,Southern,FALSE,FALSE,0,0,2.15e-4,FALSE,FALSE,1364.796655
84,60,RO3,ITF,RO,IT,CEE,Southern,FALSE,FALSE,0,0,1.69e-4,FALSE,FALSE,957.616751
84,61,RO3,ITG,RO,IT,CEE,Southern,FALSE,FALSE,0,0,1.75e-4,FALSE,FALSE,1284.68783
84,62,RO3,ITH,RO,IT,CEE,Southern,FALSE,FALSE,0,0,9.2e-5,FALSE,FALSE,1154.862824
84,63,RO3,ITI,RO,IT,CEE,Southern,FALSE,FALSE,0,0,6.1e-5,FALSE,FALSE,1136.381541
84,64,RO3,LT0,RO,LT,CEE,Baltics,FALSE,FALSE,0,0,0.068777,FALSE,FALSE,1222.863634
84,65,RO3,LU0,RO,LU,CEE,Western,FALSE,FALSE,0,0,4.8e-5,FALSE,FALSE,1625.686775
84,66,RO3,LV0,RO,LV,CEE,Baltics,FALSE,FALSE,0,0,0.110357,FALSE,FALSE,1375.732641
84,67,RO3,MT0,RO,MT,CEE,Southern,FALSE,FALSE,0,0,1.62e-4,FALSE,FALSE,1377.748251
84,68,RO3,NL1,RO,NL,CEE,Western,FALSE,FALSE,0,0,1.09e-4,FALSE,FALSE,1737.616505
84,69,RO3,NL2,RO,NL,CEE,Western,FALSE,FALSE,0,0,1.91e-4,FALSE,FALSE,1705.582137
84,70,RO3,NL3,RO,NL,CEE,Western,FALSE,FALSE,0,0,2.01e-4,FALSE,FALSE,1826.159293
84,71,RO3,NL4,RO,NL,CEE,Western,FALSE,FALSE,0,0,6.3e-5,FALSE,FALSE,1700.386953
84,72,RO3,PL2,RO,PL,CEE,CEE,FALSE,TRUE,0,0,0.019301,FALSE,FALSE,793.844416
84,73,RO3,PL4,RO,PL,CEE,CEE,FALSE,TRUE,0,0,0.021718,FALSE,FALSE,1207.518289
84,74,RO3,PL5,RO,PL,CEE,CEE,FALSE,TRUE,0,0,0.011972,FALSE,FALSE,998.478431
84,75,RO3,PL6,RO,PL,CEE,CEE,FALSE,TRUE,0,0,0.020333,FALSE,FALSE,1141.806128
84,76,RO3,PL7,RO,PL,CEE,CEE,FALSE,TRUE,0,0,4.89e-4,FALSE,FALSE,915.53928
84,77,RO3,PL8,RO,PL,CEE,CEE,FALSE,TRUE,0,0,0.015557,FALSE,FALSE,849.795964
84,78,RO3,PL9,RO,PL,CEE,CEE,FALSE,TRUE,0,0,0.005789,FALSE,FALSE,957.200585
84,79,RO3,PT1,RO,PT,CEE,Southern,FALSE,FALSE,0,0,8.7e-5,FALSE,FALSE,2896.170896
84,80,RO3,PT2,RO,PT,CEE,Southern,FALSE,FALSE,0,0,2.77e-4,FALSE,FALSE,4307.9059800000005
84,81,RO3,PT3,RO,PT,CEE,Southern,FALSE,FALSE,0,0,5.8e-5,FALSE,FALSE,3909.248284
84,82,RO3,RO1,RO,RO,CEE,CEE,TRUE,TRUE,0.58,0.488333,0.948242,TRUE,TRUE,313.295066
84,83,RO3,RO2,RO,RO,CEE,CEE,TRUE,TRUE,0.35,0.183333,0.322553,TRUE,TRUE,198.728438
84,85,RO3,RO4,RO,RO,CEE,CEE,TRUE,TRUE,0.54,0.328333,0.538775,TRUE,TRUE,283.468471
84,86,RO3,SE1,RO,SE,CEE,Northern,FALSE,FALSE,0,0,2.45e-4,FALSE,FALSE,1770.107
84,87,RO3,SE2,RO,SE,CEE,Northern,FALSE,FALSE,0,0,5.33e-4,FALSE,FALSE,1645.835341
84,88,RO3,SE3,RO,SE,CEE,Northern,FALSE,FALSE,0,0,4.73e-4,FALSE,FALSE,2253.531777
84,89,RO3,SI0,RO,SI,CEE,CEE,FALSE,TRUE,0,0,1.54e-4,FALSE,FALSE,924.148312
84,90,RO3,SK0,RO,SK,CEE,CEE,FALSE,TRUE,0,0,0.007242,FALSE,FALSE,729.966658
85,1,RO4,AT1,RO,AT,CEE,Western,FALSE,FALSE,0,0,1.66e-4,FALSE,FALSE,601.79503
85,2,RO4,AT2,RO,AT,CEE,Western,FALSE,FALSE,0,0,9.2e-5,FALSE,FALSE,628.91182
85,3,RO4,AT3,RO,AT,CEE,Western,FALSE,FALSE,0,0,8.5e-5,FALSE,FALSE,767.918485
85,4,RO4,BE1,RO,BE,CEE,Western,FALSE,FALSE,0,0,1.39e-4,FALSE,FALSE,1498.075457
85,5,RO4,BE2,RO,BE,CEE,Western,FALSE,FALSE,0,0,1.27e-4,FALSE,FALSE,1516.530568
85,6,RO4,BE3,RO,BE,CEE,Western,FALSE,FALSE,0,0,1.34e-4,FALSE,FALSE,1420.552769
85,7,RO4,BG3,RO,BG,CEE,CEE,FALSE,TRUE,0,0,1.57e-4,TRUE,TRUE,283.635772
85,8,RO4,BG4,RO,BG,CEE,CEE,FALSE,TRUE,0,0,0.001021,FALSE,TRUE,372.255907
85,9,RO4,CY0,RO,CY,CEE,Southern,FALSE,FALSE,0,0,5.7e-5,FALSE,FALSE,1419.966843
85,10,RO4,CZ0,RO,CZ,CEE,CEE,FALSE,TRUE,0,0,0.001199,FALSE,FALSE,729.660329
85,11,RO4,DE1,RO,DE,CEE,Western,FALSE,FALSE,0,0,7.9e-5,FALSE,FALSE,1103.747251
85,12,RO4,DE2,RO,DE,CEE,Western,FALSE,FALSE,0,0,0.001665,FALSE,FALSE,903.060212
85,13,RO4,DE3,RO,DE,CEE,Western,FALSE,FALSE,0,0,7.1e-5,FALSE,FALSE,1059.34888
85,14,RO4,DE4,RO,DE,CEE,Western,FALSE,FALSE,0,0,2.18e-4,FALSE,FALSE,1090.350435
85,15,RO4,DE5,RO,DE,CEE,Western,FALSE,FALSE,0,0,1.55e-4,FALSE,FALSE,1336.042005
85,16,RO4,DE6,RO,DE,CEE,Western,FALSE,FALSE,0,0,7.4e-5,FALSE,FALSE,1306.915963
85,17,RO4,DE7,RO,DE,CEE,Western,FALSE,FALSE,0,0,1.98e-4,FALSE,FALSE,1177.202284
85,18,RO4,DE8,RO,DE,CEE,Western,FALSE,FALSE,0,0,7.8e-5,FALSE,FALSE,1215.762282
85,19,RO4,DE9,RO,DE,CEE,Western,FALSE,FALSE,0,0,1.7e-4,FALSE,FALSE,1303.150041
85,20,RO4,DEA,RO,DE,CEE,Western,FALSE,FALSE,0,0,5.1e-5,FALSE,FALSE,1312.502827
85,21,RO4,DEB,RO,DE,CEE,Western,FALSE,FALSE,0,0,4.9e-5,FALSE,FALSE,1269.233964
85,22,RO4,DEC,RO,DE,CEE,Western,FALSE,FALSE,0,0,1.33e-4,FALSE,FALSE,1273.162216
85,23,RO4,DED,RO,DE,CEE,Western,FALSE,FALSE,0,0,1.93e-4,FALSE,FALSE,932.838259
85,24,RO4,DEE,RO,DE,CEE,Western,FALSE,FALSE,0,0,1.68e-4,FALSE,FALSE,1105.733388
85,25,RO4,DEF,RO,DE,CEE,Western,FALSE,FALSE,0,0,0.002248,FALSE,FALSE,1350.27943
85,26,RO4,DEG,RO,DE,CEE,Western,FALSE,FALSE,0,0,1.85e-4,FALSE,FALSE,1058.593461
85,27,RO4,DK0,RO,DK,CEE,Northern,FALSE,FALSE,0,0,2.1e-4,FALSE,FALSE,1544.398662
85,28,RO4,EE0,RO,EE,CEE,Baltics,FALSE,FALSE,0,0,0.026223,FALSE,FALSE,1529.467743
85,29,RO4,EL3,RO,EL,CEE,Southern,FALSE,FALSE,0,0,5.74e-4,FALSE,FALSE,796.785538
85,30,RO4,EL4,RO,EL,CEE,Southern,FALSE,FALSE,0,0,7.72e-4,FALSE,FALSE,1117.930475
85,31,RO4,EL5,RO,EL,CEE,Southern,FALSE,FALSE,0,0,7.28e-4,FALSE,FALSE,514.780429
85,32,RO4,EL6,RO,EL,CEE,Southern,FALSE,FALSE,0,0,0.00093000000000000005,FALSE,FALSE,669.701746
85,33,RO4,ES1,RO,ES,CEE,Southern,FALSE,FALSE,0,0,6.4e-5,FALSE,FALSE,2190.86045
85,34,RO4,ES2,RO,ES,CEE,Southern,FALSE,FALSE,0,0,1.3e-4,FALSE,FALSE,1920.362158
85,35,RO4,ES3,RO,ES,CEE,Southern,FALSE,FALSE,0,0,6.5e-5,FALSE,FALSE,2218.832709
85,36,RO4,ES4,RO,ES,CEE,Southern,FALSE,FALSE,0,0,7.6e-5,FALSE,FALSE,2371.453464
85,37,RO4,ES5,RO,ES,CEE,Southern,FALSE,FALSE,0,0,1.03e-4,FALSE,FALSE,1734.422372
85,38,RO4,ES6,RO,ES,CEE,Southern,FALSE,FALSE,0,0,2.2e-4,FALSE,FALSE,2365.540694
85,39,RO4,ES7,RO,ES,CEE,Southern,FALSE,FALSE,0,0,7.7e-5,FALSE,FALSE,3905.021025
85,40,RO4,FI1,RO,FI,CEE,Northern,FALSE,FALSE,0,0,0.001241,FALSE,FALSE,2191.844729
85,41,RO4,FI2,RO,FI,CEE,Northern,FALSE,FALSE,0,0,1.28e-4,FALSE,FALSE,1683.824997
85,42,RO4,FR1,RO,FR,CEE,Western,FALSE,FALSE,0,0,4.9e-5,FALSE,FALSE,1577.489701
85,43,RO4,FRB,RO,FR,CEE,Western,FALSE,FALSE,0,0,7.3e-5,FALSE,FALSE,1641.585806
85,44,RO4,FRC,RO,FR,CEE,Western,FALSE,FALSE,0,0,6.4e-4,FALSE,FALSE,1384.434916
85,45,RO4,FRD,RO,FR,CEE,Western,FALSE,FALSE,0,0,1.73e-4,FALSE,FALSE,1763.899716
85,46,RO4,FRE,RO,FR,CEE,Western,FALSE,FALSE,0,0,3.63e-4,FALSE,FALSE,1570.921555
85,47,RO4,FRF,RO,FR,CEE,Western,FALSE,FALSE,0,0,3.05e-4,FALSE,FALSE,1342.10016
85,48,RO4,FRG,RO,FR,CEE,Western,FALSE,FALSE,0,0,7.5e-5,FALSE,FALSE,1840.19006
85,49,RO4,FRH,RO,FR,CEE,Western,FALSE,FALSE,0,0,5.8e-5,FALSE,FALSE,1965.554518
85,50,RO4,FRI,RO,FR,CEE,Western,FALSE,FALSE,0,0,7.2e-5,FALSE,FALSE,1744.418971
85,51,RO4,FRJ,RO,FR,CEE,Western,FALSE,FALSE,0,0,2.5e-5,FALSE,FALSE,1631.564605
85,52,RO4,FRK,RO,FR,CEE,Western,FALSE,FALSE,0,0,1.47e-4,FALSE,FALSE,1410.355619
85,53,RO4,FRL,RO,FR,CEE,Western,FALSE,FALSE,0,0,1.74e-4,FALSE,FALSE,1327.540681
85,54,RO4,FRM,RO,FR,CEE,Western,FALSE,FALSE,0,0,2.59e-4,FALSE,FALSE,1153.656598
85,55,RO4,HU1,RO,HU,CEE,CEE,FALSE,TRUE,0,0,8.93e-4,FALSE,TRUE,360.50116
85,56,RO4,HU2,RO,HU,CEE,CEE,FALSE,TRUE,0,0,0.001296,FALSE,FALSE,434.602471
85,57,RO4,HU3,RO,HU,CEE,CEE,FALSE,TRUE,0,0,0.001938,TRUE,TRUE,260.067594
85,58,RO4,IE0,RO,IE,CEE,Western,FALSE,FALSE,0,0,6e-5,FALSE,FALSE,2375.038148
85,59,RO4,ITC,RO,IT,CEE,Southern,FALSE,FALSE,0,0,1.92e-4,FALSE,FALSE,1085.857766
85,60,RO4,ITF,RO,IT,CEE,Southern,FALSE,FALSE,0,0,1.82e-4,FALSE,FALSE,775.68265
85,61,RO4,ITG,RO,IT,CEE,Southern,FALSE,FALSE,0,0,1.58e-4,FALSE,FALSE,1125.967806
85,62,RO4,ITH,RO,IT,CEE,Southern,FALSE,FALSE,0,0,1.01e-4,FALSE,FALSE,875.157238
85,63,RO4,ITI,RO,IT,CEE,Southern,FALSE,FALSE,0,0,6e-5,FALSE,FALSE,881.603384
85,64,RO4,LT0,RO,LT,CEE,Baltics,FALSE,FALSE,0,0,0.073897,FALSE,FALSE,1123.937807
85,65,RO4,LU0,RO,LU,CEE,Western,FALSE,FALSE,0,0,4.6e-5,FALSE,FALSE,1347.151629
85,66,RO4,LV0,RO,LV,CEE,Baltics,FALSE,FALSE,0,0,0.111613,FALSE,FALSE,1306.618291
85,67,RO4,MT0,RO,MT,CEE,Southern,FALSE,FALSE,0,0,1.47e-4,FALSE,FALSE,1245.576327
85,68,RO4,NL1,RO,NL,CEE,Western,FALSE,FALSE,0,0,1.06e-4,FALSE,FALSE,1476.817017
85,69,RO4,NL2,RO,NL,CEE,Western,FALSE,FALSE,0,0,1.9e-4,FALSE,FALSE,1440.162965
85,70,RO4,NL3,RO,NL,CEE,Western,FALSE,FALSE,0,0,1.83e-4,FALSE,FALSE,1552.159824
85,71,RO4,NL4,RO,NL,CEE,Western,FALSE,FALSE,0,0,6e-5,FALSE,FALSE,1428.391556
85,72,RO4,PL2,RO,PL,CEE,CEE,FALSE,TRUE,0,0,0.020079,FALSE,FALSE,588.726994
85,73,RO4,PL4,RO,PL,CEE,CEE,FALSE,TRUE,0,0,0.022925,FALSE,FALSE,992.300498
85,74,RO4,PL5,RO,PL,CEE,CEE,FALSE,TRUE,0,0,0.012866,FALSE,FALSE,767.159453
85,75,RO4,PL6,RO,PL,CEE,CEE,FALSE,TRUE,0,0,0.021978,FALSE,FALSE,969.414763
85,76,RO4,PL7,RO,PL,CEE,CEE,FALSE,TRUE,0,0,5.34e-4,FALSE,FALSE,723.353016
85,77,RO4,PL8,RO,PL,CEE,CEE,FALSE,TRUE,0,0,0.016769,FALSE,FALSE,724.553899
85,78,RO4,PL9,RO,PL,CEE,CEE,FALSE,TRUE,0,0,0.006469,FALSE,FALSE,806.185524
85,79,RO4,PT1,RO,PT,CEE,Southern,FALSE,FALSE,0,0,8.5e-5,FALSE,FALSE,2626.241283
85,80,RO4,PT2,RO,PT,CEE,Southern,FALSE,FALSE,0,0,2.64e-4,FALSE,FALSE,4028.171502
85,81,RO4,PT3,RO,PT,CEE,Southern,FALSE,FALSE,0,0,5.4e-5,FALSE,FALSE,3647.233156
85,82,RO4,RO1,RO,RO,CEE,CEE,TRUE,TRUE,0.94,0.65,0.987831,TRUE,TRUE,193.694272
85,83,RO4,RO2,RO,RO,CEE,CEE,TRUE,TRUE,0.08,0.035,0.242204,FALSE,TRUE,365.856824
85,84,RO4,RO3,RO,RO,CEE,CEE,TRUE,TRUE,0.62,0.315,0.576094,TRUE,TRUE,283.468471
85,86,RO4,SE1,RO,SE,CEE,Northern,FALSE,FALSE,0,0,2.17e-4,FALSE,FALSE,1611.466411
85,87,RO4,SE2,RO,SE,CEE,Northern,FALSE,FALSE,0,0,5.02e-4,FALSE,FALSE,1458.687505
85,88,RO4,SE3,RO,SE,CEE,Northern,FALSE,FALSE,0,0,4.53e-4,FALSE,FALSE,2116.89875
85,89,RO4,SI0,RO,SI,CEE,CEE,FALSE,TRUE,0,0,1.55e-4,FALSE,FALSE,641.204507
85,90,RO4,SK0,RO,SK,CEE,CEE,FALSE,TRUE,0,0,0.00713,FALSE,FALSE,483.564298
86,1,SE1,AT1,SE,AT,Northern,Western,FALSE,FALSE,0,0,5.94e-4,FALSE,FALSE,1257.33403
86,2,SE1,AT2,SE,AT,Northern,Western,FALSE,FALSE,0,0,7.03e-4,FALSE,FALSE,1349.070166
86,3,SE1,AT3,SE,AT,Northern,Western,FALSE,FALSE,0.01,0.005,0.004802,FALSE,FALSE,1290.906099
86,4,SE1,BE1,SE,BE,Northern,Western,FALSE,FALSE,0,0,1.37e-4,FALSE,FALSE,1201.269218
86,5,SE1,BE2,SE,BE,Northern,Western,FALSE,FALSE,0,0,1.62e-4,FALSE,FALSE,1191.288438
86,6,SE1,BE3,SE,BE,Northern,Western,FALSE,FALSE,0,0,2.06e-4,FALSE,FALSE,1232.680971
86,7,SE1,BG3,SE,BG,Northern,CEE,FALSE,FALSE,0,0,3.29e-4,FALSE,FALSE,1860.104521
86,8,SE1,BG4,SE,BG,Northern,CEE,FALSE,FALSE,0,0,8.2e-5,FALSE,FALSE,1980.557199
86,9,SE1,CY0,SE,CY,Northern,Southern,FALSE,FALSE,0,0,1.71e-4,FALSE,FALSE,2930.431878
86,10,SE1,CZ0,SE,CZ,Northern,CEE,FALSE,FALSE,0,0,1.81e-4,FALSE,FALSE,1049.385848
86,11,SE1,DE1,SE,DE,Northern,Western,FALSE,FALSE,0,0,0.00379,FALSE,FALSE,1262.433017
86,12,SE1,DE2,SE,DE,Northern,Western,FALSE,FALSE,0,0,2.98e-4,FALSE,FALSE,1178.748919
86,13,SE1,DE3,SE,DE,Northern,Western,FALSE,FALSE,0,0,6.92e-4,FALSE,FALSE,763.905662
86,14,SE1,DE4,SE,DE,Northern,Western,FALSE,FALSE,0,0,6.7e-5,FALSE,FALSE,780.711835
86,15,SE1,DE5,SE,DE,Northern,Western,FALSE,FALSE,0,0,3e-4,FALSE,FALSE,822.418861
86,16,SE1,DE6,SE,DE,Northern,Western,FALSE,FALSE,0,0,2.27e-4,FALSE,FALSE,734.90174
86,17,SE1,DE7,SE,DE,Northern,Western,FALSE,FALSE,0,0,5.51e-4,FALSE,FALSE,1065.338916
86,18,SE1,DE8,SE,DE,Northern,Western,FALSE,FALSE,0,0,3.18e-4,FALSE,FALSE,636.20046
86,19,SE1,DE9,SE,DE,Northern,Western,FALSE,FALSE,0,0,0.003102,FALSE,FALSE,872.077077
86,20,SE1,DEA,SE,DE,Northern,Western,FALSE,FALSE,0,0,1.34e-4,FALSE,FALSE,1028.546232
86,21,SE1,DEB,SE,DE,Northern,Western,FALSE,FALSE,0,0,8.65e-4,FALSE,FALSE,1182.589581
86,22,SE1,DEC,SE,DE,Northern,Western,FALSE,FALSE,0,0,0.002999,FALSE,FALSE,1248.846603
86,23,SE1,DED,SE,DE,Northern,Western,FALSE,FALSE,0,0,5.35e-4,FALSE,FALSE,938.496125
86,24,SE1,DEE,SE,DE,Northern,Western,FALSE,FALSE,0,0,3.17e-4,FALSE,FALSE,852.269689
86,25,SE1,DEF,SE,DE,Northern,Western,FALSE,FALSE,0,0,2.07e-4,FALSE,FALSE,689.4534
86,26,SE1,DEG,SE,DE,Northern,Western,FALSE,FALSE,0,0,1.09e-4,FALSE,FALSE,976.822825
86,27,SE1,DK0,SE,DK,Northern,Northern,FALSE,TRUE,0,0,1.49e-4,FALSE,TRUE,538.140082
86,28,SE1,EE0,SE,EE,Northern,Baltics,FALSE,FALSE,0,0,7.85e-4,FALSE,TRUE,521.23688
86,29,SE1,EL3,SE,EL,Northern,Southern,FALSE,FALSE,0,0,0.001126,FALSE,FALSE,2402.848459
86,30,SE1,EL4,SE,EL,Northern,Southern,FALSE,FALSE,0,0,7.8e-4,FALSE,FALSE,2727.3231
86,31,SE1,EL5,SE,EL,Northern,Southern,FALSE,FALSE,0,0,0.001208,FALSE,FALSE,2097.96252
86,32,SE1,EL6,SE,EL,Northern,Southern,FALSE,FALSE,0,0,7.45e-4,FALSE,FALSE,2258.265911
86,33,SE1,ES1,SE,ES,Northern,Southern,FALSE,FALSE,0,0,2.3e-4,FALSE,FALSE,2282.544558
86,34,SE1,ES2,SE,ES,Northern,Southern,FALSE,FALSE,0,0,2.16e-4,FALSE,FALSE,2262.870052
86,35,SE1,ES3,SE,ES,Northern,Southern,FALSE,FALSE,0,0,2.01e-4,FALSE,FALSE,2504.781876
86,36,SE1,ES4,SE,ES,Northern,Southern,FALSE,FALSE,0,0,3.14e-4,FALSE,FALSE,2603.6295
86,37,SE1,ES5,SE,ES,Northern,Southern,FALSE,FALSE,0,0,6.84e-4,FALSE,FALSE,2372.224359
86,38,SE1,ES6,SE,ES,Northern,Southern,FALSE,FALSE,0,0,3.37e-4,FALSE,FALSE,2800.385951
86,39,SE1,ES7,SE,ES,Northern,Southern,FALSE,FALSE,0,0,5.5e-4,FALSE,FALSE,4218.915152
86,40,SE1,FI1,SE,FI,Northern,Northern,FALSE,TRUE,0,0,1.4e-4,FALSE,FALSE,846.763281
86,41,SE1,FI2,SE,FI,Northern,Northern,FALSE,TRUE,0,0,1.35e-4,FALSE,TRUE,226.81233
86,42,SE1,FR1,SE,FR,Northern,Western,FALSE,FALSE,0,0,1.74e-4,FALSE,FALSE,1472.896689
86,43,SE1,FRB,SE,FR,Northern,Western,FALSE,FALSE,0,0,1.4e-4,FALSE,FALSE,1608.803817
86,44,SE1,FRC,SE,FR,Northern,Western,FALSE,FALSE,0,0,2.36e-4,FALSE,FALSE,1519.453491
86,45,SE1,FRD,SE,FR,Northern,Western,FALSE,FALSE,0,0,1.63e-4,FALSE,FALSE,1548.424236
86,46,SE1,FRE,SE,FR,Northern,Western,FALSE,FALSE,0,0,2.6e-4,FALSE,FALSE,1342.89833
86,47,SE1,FRF,SE,FR,Northern,Western,FALSE,FALSE,0,0,1.06e-4,FALSE,FALSE,1345.675028
86,48,SE1,FRG,SE,FR,Northern,Western,FALSE,FALSE,0,0,3.88e-4,FALSE,FALSE,1742.324361
86,49,SE1,FRH,SE,FR,Northern,Western,FALSE,FALSE,0,0,1.76e-4,FALSE,FALSE,1753.682519
86,50,SE1,FRI,SE,FR,Northern,Western,FALSE,FALSE,0,0,3.5e-4,FALSE,FALSE,1903.538705
86,51,SE1,FRJ,SE,FR,Northern,Western,FALSE,FALSE,0,0,1.36e-4,FALSE,FALSE,1977.650914
86,52,SE1,FRK,SE,FR,Northern,Western,FALSE,FALSE,0,0,1.37e-4,FALSE,FALSE,1713.945452
86,53,SE1,FRL,SE,FR,Northern,Western,FALSE,FALSE,0,0,3.38e-4,FALSE,FALSE,1817.228174
86,54,SE1,FRM,SE,FR,Northern,Western,FALSE,FALSE,0,0,3.64e-4,FALSE,FALSE,1964.473326
86,55,SE1,HU1,SE,HU,Northern,CEE,FALSE,FALSE,0,0,1.54e-4,FALSE,FALSE,1318.104047
86,56,SE1,HU2,SE,HU,Northern,CEE,FALSE,FALSE,0,0,1.1e-4,FALSE,FALSE,1372.869646
86,57,SE1,HU3,SE,HU,Northern,CEE,FALSE,FALSE,0,0,2.49e-4,FALSE,FALSE,1367.512832
86,58,SE1,IE0,SE,IE,Northern,Western,FALSE,FALSE,0,0,1.28e-4,FALSE,FALSE,1617.191277
86,59,SE1,ITC,SE,IT,Northern,Southern,FALSE,FALSE,0,0,6.28e-4,FALSE,FALSE,1633.734647
86,60,SE1,ITF,SE,IT,Northern,Southern,FALSE,FALSE,0,0,3.72e-4,FALSE,FALSE,2088.668418
86,61,SE1,ITG,SE,IT,Northern,Southern,FALSE,FALSE,0,0,2.89e-4,FALSE,FALSE,2403.38996
86,62,SE1,ITH,SE,IT,Northern,Southern,FALSE,FALSE,0,0,9.09e-4,FALSE,FALSE,1560.481998
86,63,SE1,ITI,SE,IT,Northern,Southern,FALSE,FALSE,0,0,6.77e-4,FALSE,FALSE,1834.64403
86,64,SE1,LT0,SE,LT,Northern,Baltics,FALSE,FALSE,0,0,2.7e-4,FALSE,TRUE,617.196432
86,65,SE1,LU0,SE,LU,Northern,Western,FALSE,FALSE,0.01,0.005,0.004885,FALSE,FALSE,1233.749162
86,66,SE1,LV0,SE,LV,Northern,Baltics,FALSE,FALSE,0,0,2.75e-4,FALSE,TRUE,627.718371
86,67,SE1,MT0,SE,MT,Northern,Southern,FALSE,FALSE,0,0,2.28e-4,FALSE,FALSE,2571.709078
86,68,SE1,NL1,SE,NL,Northern,Western,FALSE,FALSE,0,0,1.2e-4,FALSE,FALSE,935.303971
86,69,SE1,NL2,SE,NL,Northern,Western,FALSE,FALSE,0,0,1.43e-4,FALSE,FALSE,996.65744
86,70,SE1,NL3,SE,NL,Northern,Western,FALSE,FALSE,0,0,4.2e-4,FALSE,FALSE,1184.168869
86,71,SE1,NL4,SE,NL,Northern,Western,FALSE,FALSE,0,0,1.22e-4,FALSE,FALSE,1106.667321
86,72,SE1,PL2,SE,PL,Northern,CEE,FALSE,FALSE,0,0,0.011866,FALSE,FALSE,1030.77334
86,73,SE1,PL4,SE,PL,Northern,CEE,FALSE,FALSE,0,0,0.010581,FALSE,FALSE,695.34599
86,74,SE1,PL5,SE,PL,Northern,CEE,FALSE,FALSE,0,0,0.007011,FALSE,FALSE,920.747825
86,75,SE1,PL6,SE,PL,Northern,CEE,FALSE,FALSE,0,0,0.010182,FALSE,FALSE,642.513141
86,76,SE1,PL7,SE,PL,Northern,CEE,FALSE,FALSE,0,0,9.44e-4,FALSE,FALSE,892.990971
86,77,SE1,PL8,SE,PL,Northern,CEE,FALSE,FALSE,0,0,0.008587,FALSE,FALSE,922.194431
86,78,SE1,PL9,SE,PL,Northern,CEE,FALSE,FALSE,0,0,0.008333,FALSE,FALSE,813.90718
86,79,SE1,PT1,SE,PT,Northern,Southern,FALSE,FALSE,0,0,2.02e-4,FALSE,FALSE,2800.513478
86,80,SE1,PT2,SE,PT,Northern,Southern,FALSE,FALSE,0,0,2.03e-4,FALSE,FALSE,3783.506033
86,81,SE1,PT3,SE,PT,Northern,Southern,FALSE,FALSE,0,0,2.11e-4,FALSE,FALSE,3812.051437
86,82,SE1,RO1,SE,RO,Northern,CEE,FALSE,FALSE,0,0,0.001128,FALSE,FALSE,1469.07793
86,83,SE1,RO2,SE,RO,Northern,CEE,FALSE,FALSE,0,0,6.76e-4,FALSE,FALSE,1635.805861
86,84,SE1,RO3,SE,RO,Northern,CEE,FALSE,FALSE,0,0,8.32e-4,FALSE,FALSE,1770.107
86,85,SE1,RO4,SE,RO,Northern,CEE,FALSE,FALSE,0,0,7.61e-4,FALSE,FALSE,1611.466411
86,87,SE1,SE2,SE,SE,Northern,Northern,TRUE,TRUE,0.89,0.88,1.286495,TRUE,TRUE,248.050046
86,88,SE1,SE3,SE,SE,Northern,Northern,TRUE,TRUE,0.12,0.11,0.701356,TRUE,TRUE,525.326297
86,89,SE1,SI0,SE,SI,Northern,CEE,FALSE,FALSE,0,0,1.49e-4,FALSE,FALSE,1452.496043
86,90,SE1,SK0,SE,SK,Northern,CEE,FALSE,FALSE,0,0,2.51e-4,FALSE,FALSE,1181.333362
87,1,SE2,AT1,SE,AT,Northern,Western,FALSE,FALSE,0,0,4.48e-4,FALSE,FALSE,1046.650153
87,2,SE2,AT2,SE,AT,Northern,Western,FALSE,FALSE,0,0,8.36e-4,FALSE,FALSE,1131.512685
87,3,SE2,AT3,SE,AT,Northern,Western,FALSE,FALSE,0,0,0.003601,FALSE,FALSE,1061.975763
87,4,SE2,BE1,SE,BE,Northern,Western,FALSE,FALSE,0,0,1.41e-4,FALSE,FALSE,962.393684
87,5,SE2,BE2,SE,BE,Northern,Western,FALSE,FALSE,0,0,1.46e-4,FALSE,FALSE,953.898334
87,6,SE2,BE3,SE,BE,Northern,Western,FALSE,FALSE,0,0,2.08e-4,FALSE,FALSE,989.060125
87,7,SE2,BG3,SE,BG,Northern,CEE,FALSE,FALSE,0,0,3.09e-4,FALSE,FALSE,1722.01769
87,8,SE2,BG4,SE,BG,Northern,CEE,FALSE,FALSE,0,0,9.7e-5,FALSE,FALSE,1830.899507
87,9,SE2,CY0,SE,CY,Northern,Southern,FALSE,FALSE,0,0,1.61e-4,FALSE,FALSE,2823.761177
87,10,SE2,CZ0,SE,CZ,Northern,CEE,FALSE,FALSE,0,0,1.88e-4,FALSE,FALSE,838.009412
87,11,SE2,DE1,SE,DE,Northern,Western,FALSE,FALSE,0.01,0.005,0.00514,FALSE,FALSE,1015.72616
87,12,SE2,DE2,SE,DE,Northern,Western,FALSE,FALSE,0,0,3.38e-4,FALSE,FALSE,941.335608
87,13,SE2,DE3,SE,DE,Northern,Western,FALSE,FALSE,0,0,5.41e-4,FALSE,FALSE,528.442714
87,14,SE2,DE4,SE,DE,Northern,Western,FALSE,FALSE,0,0,6.1e-5,FALSE,FALSE,540.188843
87,15,SE2,DE5,SE,DE,Northern,Western,FALSE,FALSE,0,0,2.38e-4,FALSE,FALSE,577.339558
87,16,SE2,DE6,SE,DE,Northern,Western,FALSE,FALSE,0,0,2.19e-4,FALSE,TRUE,487.992844
87,17,SE2,DE7,SE,DE,Northern,Western,FALSE,FALSE,0,0,6.29e-4,FALSE,FALSE,817.402162
87,18,SE2,DE8,SE,DE,Northern,Western,FALSE,FALSE,0,0,2.76e-4,FALSE,TRUE,390.681502
87,19,SE2,DE9,SE,DE,Northern,Western,FALSE,FALSE,0,0,0.004083,FALSE,FALSE,625.565235
87,20,SE2,DEA,SE,DE,Northern,Western,FALSE,FALSE,0,0,1.13e-4,FALSE,FALSE,782.244205
87,21,SE2,DEB,SE,DE,Northern,Western,FALSE,FALSE,0,0,0.00115,FALSE,FALSE,934.929325
87,22,SE2,DEC,SE,DE,Northern,Western,FALSE,FALSE,0,0,0.003914,FALSE,FALSE,1001.099549
87,23,SE2,DED,SE,DE,Northern,Western,FALSE,FALSE,0,0,4.23e-4,FALSE,FALSE,706.69228
87,24,SE2,DEE,SE,DE,Northern,Western,FALSE,FALSE,0,0,2.69e-4,FALSE,FALSE,607.873769
87,25,SE2,DEF,SE,DE,Northern,Western,FALSE,FALSE,0,0,2.24e-4,FALSE,TRUE,444.604613
87,26,SE2,DEG,SE,DE,Northern,Western,FALSE,FALSE,0,0,1.01e-4,FALSE,FALSE,732.810342
87,27,SE2,DK0,SE,DK,Northern,Northern,FALSE,TRUE,0,0,1.27e-4,FALSE,TRUE,329.757518
87,28,SE2,EE0,SE,EE,Northern,Baltics,FALSE,FALSE,0,0,5.83e-4,FALSE,FALSE,680.238724
87,29,SE2,EL3,SE,EL,Northern,Southern,FALSE,FALSE,0,0,8.8e-4,FALSE,FALSE,2236.732069
87,30,SE2,EL4,SE,EL,Northern,Southern,FALSE,FALSE,0,0,5.85e-4,FALSE,FALSE,2563.094776
87,31,SE2,EL5,SE,EL,Northern,Southern,FALSE,FALSE,0,0,9.48e-4,FALSE,FALSE,1924.558012
87,32,SE2,EL6,SE,EL,Northern,Southern,FALSE,FALSE,0,0,6.23e-4,FALSE,FALSE,2084.377272
87,33,SE2,ES1,SE,ES,Northern,Southern,FALSE,FALSE,0,0,2.57e-4,FALSE,FALSE,2047.269486
87,34,SE2,ES2,SE,ES,Northern,Southern,FALSE,FALSE,0,0,1.68e-4,FALSE,FALSE,2017.557297
87,35,SE2,ES3,SE,ES,Northern,Southern,FALSE,FALSE,0,0,2.08e-4,FALSE,FALSE,2263.049911
87,36,SE2,ES4,SE,ES,Northern,Southern,FALSE,FALSE,0,0,2.65e-4,FALSE,FALSE,2364.931136
87,37,SE2,ES5,SE,ES,Northern,Southern,FALSE,FALSE,0,0,8.27e-4,FALSE,FALSE,2124.261429
87,38,SE2,ES6,SE,ES,Northern,Southern,FALSE,FALSE,0,0,3.22e-4,FALSE,FALSE,2555.780147
87,39,SE2,ES7,SE,ES,Northern,Southern,FALSE,FALSE,0,0,6.14e-4,FALSE,FALSE,3985.708394
87,40,SE2,FI1,SE,FI,Northern,Northern,FALSE,TRUE,0,0,1.2e-4,FALSE,FALSE,1092.713142
87,41,SE2,FI2,SE,FI,Northern,Northern,FALSE,TRUE,0,0,1.43e-4,FALSE,TRUE,461.999228
87,42,SE2,FR1,SE,FR,Northern,Western,FALSE,FALSE,0,0,2.04e-4,FALSE,FALSE,1232.360502
87,43,SE2,FRB,SE,FR,Northern,Western,FALSE,FALSE,0,0,1.47e-4,FALSE,FALSE,1368.110642
87,44,SE2,FRC,SE,FR,Northern,Western,FALSE,FALSE,0,0,2.25e-4,FALSE,FALSE,1272.113667
87,45,SE2,FRD,SE,FR,Northern,Western,FALSE,FALSE,0,0,1.6e-4,FALSE,FALSE,1317.059011
87,46,SE2,FRE,SE,FR,Northern,Western,FALSE,FALSE,0,0,2.48e-4,FALSE,FALSE,1105.25328
87,47,SE2,FRF,SE,FR,Northern,Western,FALSE,FALSE,0,0,1.06e-4,FALSE,FALSE,1098.622071
87,48,SE2,FRG,SE,FR,Northern,Western,FALSE,FALSE,0,0,3.6e-4,FALSE,FALSE,1508.367982
87,49,SE2,FRH,SE,FR,Northern,Western,FALSE,FALSE,0,0,1.45e-4,FALSE,FALSE,1528.266108
87,50,SE2,FRI,SE,FR,Northern,Western,FALSE,FALSE,0,0,3.41e-4,FALSE,FALSE,1660.159118
87,51,SE2,FRJ,SE,FR,Northern,Western,FALSE,FALSE,0,0,1.37e-4,FALSE,FALSE,1730.462748
87,52,SE2,FRK,SE,FR,Northern,Western,FALSE,FALSE,0,0,1.41e-4,FALSE,FALSE,1466.016315
87,53,SE2,FRL,SE,FR,Northern,Western,FALSE,FALSE,0,0,2.79e-4,FALSE,FALSE,1569.670275
87,54,SE2,FRM,SE,FR,Northern,Western,FALSE,FALSE,0,0,3.62e-4,FALSE,FALSE,1723.09974
87,55,SE2,HU1,SE,HU,Northern,CEE,FALSE,FALSE,0,0,1.82e-4,FALSE,FALSE,1139.860719
87,56,SE2,HU2,SE,HU,Northern,CEE,FALSE,FALSE,0,0,9e-5,FALSE,FALSE,1176.549011
87,57,SE2,HU3,SE,HU,Northern,CEE,FALSE,FALSE,0,0,2.5e-4,FALSE,FALSE,1204.73891
87,58,SE2,IE0,SE,IE,Northern,Western,FALSE,FALSE,0,0,1.48e-4,FALSE,FALSE,1456.894871
87,59,SE2,ITC,SE,IT,Northern,Southern,FALSE,FALSE,0,0,7.64e-4,FALSE,FALSE,1389.54726
87,60,SE2,ITF,SE,IT,Northern,Southern,FALSE,FALSE,0,0,3.22e-4,FALSE,FALSE,1876.119232
87,61,SE2,ITG,SE,IT,Northern,Southern,FALSE,FALSE,0,0,3.61e-4,FALSE,FALSE,2181.003362
87,62,SE2,ITH,SE,IT,Northern,Southern,FALSE,FALSE,0,0,8.85e-4,FALSE,FALSE,1324.431998
87,63,SE2,ITI,SE,IT,Northern,Southern,FALSE,FALSE,0,0,5.6e-4,FALSE,FALSE,1603.291407
87,64,SE2,LT0,SE,LT,Northern,Baltics,FALSE,FALSE,0,0,2.31e-4,FALSE,FALSE,619.221073
87,65,SE2,LU0,SE,LU,Northern,Western,FALSE,FALSE,0,0,0.003513,FALSE,FALSE,987.494965
87,66,SE2,LV0,SE,LV,Northern,Baltics,FALSE,FALSE,0,0,2.48e-4,FALSE,FALSE,710.263788
87,67,SE2,MT0,SE,MT,Northern,Southern,FALSE,FALSE,0,0,2.38e-4,FALSE,FALSE,2351.166722
87,68,SE2,NL1,SE,NL,Northern,Western,FALSE,FALSE,0,0,1.06e-4,FALSE,FALSE,700.580325
87,69,SE2,NL2,SE,NL,Northern,Western,FALSE,FALSE,0,0,1.24e-4,FALSE,FALSE,757.569214
87,70,SE2,NL3,SE,NL,Northern,Western,FALSE,FALSE,0,0,3.63e-4,FALSE,FALSE,949.671726
87,71,SE2,NL4,SE,NL,Northern,Western,FALSE,FALSE,0,0,1.37e-4,FALSE,FALSE,865.146086
87,72,SE2,PL2,SE,PL,Northern,CEE,FALSE,FALSE,0,0,0.014766,FALSE,FALSE,869.970156
87,73,SE2,PL4,SE,PL,Northern,CEE,FALSE,FALSE,0,0,0.012732,FALSE,TRUE,489.40389
87,74,SE2,PL5,SE,PL,Northern,CEE,FALSE,FALSE,0,0,0.007775,FALSE,FALSE,724.412097
87,75,SE2,PL6,SE,PL,Northern,CEE,FALSE,FALSE,0,0,0.013011,FALSE,FALSE,505.850901
87,76,SE2,PL7,SE,PL,Northern,CEE,FALSE,FALSE,0,0,0.00121,FALSE,FALSE,736.550458
87,77,SE2,PL8,SE,PL,Northern,CEE,FALSE,FALSE,0,0,0.011402,FALSE,FALSE,822.109625
87,78,SE2,PL9,SE,PL,Northern,CEE,FALSE,FALSE,0,0,0.011542,FALSE,FALSE,698.843626
87,79,SE2,PT1,SE,PT,Northern,Southern,FALSE,FALSE,0,0,2.61e-4,FALSE,FALSE,2566.447245
87,80,SE2,PT2,SE,PT,Northern,Southern,FALSE,FALSE,0,0,1.67e-4,FALSE,FALSE,3592.299402
87,81,SE2,PT3,SE,PT,Northern,Southern,FALSE,FALSE,0,0,2.21e-4,FALSE,FALSE,3585.821898
87,82,SE2,RO1,SE,RO,Northern,CEE,FALSE,FALSE,0,0,9.4e-4,FALSE,FALSE,1335.76287
87,83,SE2,RO2,SE,RO,Northern,CEE,FALSE,FALSE,0,0,4.99e-4,FALSE,FALSE,1532.326411
87,84,SE2,RO3,SE,RO,Northern,CEE,FALSE,FALSE,0,0,6.63e-4,FALSE,FALSE,1645.835341
87,85,SE2,RO4,SE,RO,Northern,CEE,FALSE,FALSE,0,0,5.87e-4,FALSE,FALSE,1458.687505
87,86,SE2,SE1,SE,SE,Northern,Northern,TRUE,TRUE,0.4,0.38,0.611749,TRUE,TRUE,248.050046
87,88,SE2,SE3,SE,SE,Northern,Northern,TRUE,TRUE,0.64,0.615,0.901357,TRUE,FALSE,750.118279
87,89,SE2,SI0,SE,SI,Northern,CEE,FALSE,FALSE,0,0,1.55e-4,FALSE,FALSE,1232.13653
87,90,SE2,SK0,SE,SK,Northern,CEE,FALSE,FALSE,0,0,2.18e-4,FALSE,FALSE,1001.562684
88,1,SE3,AT1,SE,AT,Northern,Western,FALSE,FALSE,0,0,3.18e-4,FALSE,FALSE,1782.534964
88,2,SE3,AT2,SE,AT,Northern,Western,FALSE,FALSE,0,0,9.82e-4,FALSE,FALSE,1873.399879
88,3,SE3,AT3,SE,AT,Northern,Western,FALSE,FALSE,0,0,0.002538,FALSE,FALSE,1810.768104
88,4,SE3,BE1,SE,BE,Northern,Western,FALSE,FALSE,0,0,1.21e-4,FALSE,FALSE,1619.940154
88,5,SE3,BE2,SE,BE,Northern,Western,FALSE,FALSE,0,0,1.1e-4,FALSE,FALSE,1605.04311
88,6,SE3,BE3,SE,BE,Northern,Western,FALSE,FALSE,0,0,1.92e-4,FALSE,FALSE,1669.927494
88,7,SE3,BG3,SE,BG,Northern,CEE,FALSE,FALSE,0,0,2.96e-4,FALSE,FALSE,2353.459349
88,8,SE3,BG4,SE,BG,Northern,CEE,FALSE,FALSE,0,0,8.9e-5,FALSE,FALSE,2481.351994
88,9,SE3,CY0,SE,CY,Northern,Southern,FALSE,FALSE,0,0,1.28e-4,FALSE,FALSE,3387.000334
88,10,SE3,CZ0,SE,CZ,Northern,CEE,FALSE,FALSE,0,0,1.76e-4,FALSE,FALSE,1574.400157
88,11,SE3,DE1,SE,DE,Northern,Western,FALSE,FALSE,0,0,0.003765,FALSE,FALSE,1752.997218
88,12,SE3,DE2,SE,DE,Northern,Western,FALSE,FALSE,0,0,3.05e-4,FALSE,FALSE,1691.261432
88,13,SE3,DE3,SE,DE,Northern,Western,FALSE,FALSE,0,0,4.17e-4,FALSE,FALSE,1278.450443
88,14,SE3,DE4,SE,DE,Northern,Western,FALSE,FALSE,0,0,5.8e-5,FALSE,FALSE,1289.69715
88,15,SE3,DE5,SE,DE,Northern,Western,FALSE,FALSE,0,0,1.87e-4,FALSE,FALSE,1279.241437
88,16,SE3,DE6,SE,DE,Northern,Western,FALSE,FALSE,0,0,1.65e-4,FALSE,FALSE,1204.49881
88,17,SE3,DE7,SE,DE,Northern,Western,FALSE,FALSE,0,0,4.68e-4,FALSE,FALSE,1546.806674
88,18,SE3,DE8,SE,DE,Northern,Western,FALSE,FALSE,0,0,2.07e-4,FALSE,FALSE,1136.753147
88,19,SE3,DE9,SE,DE,Northern,Western,FALSE,FALSE,0.01,0.005,0.005458,FALSE,FALSE,1334.62058
88,20,SE3,DEA,SE,DE,Northern,Western,FALSE,FALSE,0,0,8.7e-5,FALSE,FALSE,1485.388018
88,21,SE3,DEB,SE,DE,Northern,Western,FALSE,FALSE,0,0,0.001214,FALSE,FALSE,1647.891445
88,22,SE3,DEC,SE,DE,Northern,Western,FALSE,FALSE,0,0,0.002855,FALSE,FALSE,1714.340086
88,23,SE3,DED,SE,DE,Northern,Western,FALSE,FALSE,0,0,3.37e-4,FALSE,FALSE,1456.117955
88,24,SE3,DEE,SE,DE,Northern,Western,FALSE,FALSE,0,0,2.27e-4,FALSE,FALSE,1353.882712
88,25,SE3,DEF,SE,DE,Northern,Western,FALSE,FALSE,0,0,1.8e-4,FALSE,FALSE,1151.15014
88,26,SE3,DEG,SE,DE,Northern,Western,FALSE,FALSE,0,0,1.03e-4,FALSE,FALSE,1478.682345
88,27,SE3,DK0,SE,DK,Northern,Northern,FALSE,TRUE,0,0,1.06e-4,FALSE,TRUE,943.28178
88,28,SE3,EE0,SE,EE,Northern,Baltics,FALSE,FALSE,0,0,4.38e-4,FALSE,TRUE,741.14645
88,29,SE3,EL3,SE,EL,Northern,Southern,FALSE,FALSE,0,0,7.08e-4,FALSE,FALSE,2912.466789
88,30,SE3,EL4,SE,EL,Northern,Southern,FALSE,FALSE,0,0,4.33e-4,FALSE,FALSE,3234.828136
88,31,SE3,EL5,SE,EL,Northern,Southern,FALSE,FALSE,0,0,7.75e-4,FALSE,FALSE,2612.588729
88,32,SE3,EL6,SE,EL,Northern,Southern,FALSE,FALSE,0,0,5.4e-4,FALSE,FALSE,2772.690575
88,33,SE3,ES1,SE,ES,Northern,Southern,FALSE,FALSE,0,0,2.15e-4,FALSE,FALSE,2664.680035
88,34,SE3,ES2,SE,ES,Northern,Southern,FALSE,FALSE,0,0,1.31e-4,FALSE,FALSE,2695.026296
88,35,SE3,ES3,SE,ES,Northern,Southern,FALSE,FALSE,0,0,1.85e-4,FALSE,FALSE,2913.60693
88,36,SE3,ES4,SE,ES,Northern,Southern,FALSE,FALSE,0,0,2.14e-4,FALSE,FALSE,2996.782871
88,37,SE3,ES5,SE,ES,Northern,Southern,FALSE,FALSE,0,0,9.74e-4,FALSE,FALSE,2843.891636
88,38,SE3,ES6,SE,ES,Northern,Southern,FALSE,FALSE,0,0,2.67e-4,FALSE,FALSE,3223.841938
88,39,SE3,ES7,SE,ES,Northern,Southern,FALSE,FALSE,0,0,4.52e-4,FALSE,FALSE,4577.12347
88,40,SE3,FI1,SE,FI,Northern,Northern,FALSE,TRUE,0,0,9.6e-5,TRUE,TRUE,546.575338
88,41,SE3,FI2,SE,FI,Northern,Northern,FALSE,TRUE,0,0,1.37e-4,FALSE,TRUE,444.497189
88,42,SE3,FR1,SE,FR,Northern,Western,FALSE,FALSE,0,0,1.89e-4,FALSE,FALSE,1890.684419
88,43,SE3,FRB,SE,FR,Northern,Western,FALSE,FALSE,0,0,1.17e-4,FALSE,FALSE,2024.426898
88,44,SE3,FRC,SE,FR,Northern,Western,FALSE,FALSE,0,0,1.67e-4,FALSE,FALSE,1976.148072
88,45,SE3,FRD,SE,FR,Northern,Western,FALSE,FALSE,0,0,1.53e-4,FALSE,FALSE,1930.576702
88,46,SE3,FRE,SE,FR,Northern,Western,FALSE,FALSE,0,0,1.85e-4,FALSE,FALSE,1752.696578
88,47,SE3,FRF,SE,FR,Northern,Western,FALSE,FALSE,0,0,1.01e-4,FALSE,FALSE,1801.890173
88,48,SE3,FRG,SE,FR,Northern,Western,FALSE,FALSE,0,0,3.04e-4,FALSE,FALSE,2128.636499
88,49,SE3,FRH,SE,FR,Northern,Western,FALSE,FALSE,0,0,1.06e-4,FALSE,FALSE,2111.04872
88,50,SE3,FRI,SE,FR,Northern,Western,FALSE,FALSE,0,0,2.85e-4,FALSE,FALSE,2327.562074
88,51,SE3,FRJ,SE,FR,Northern,Western,FALSE,FALSE,0,0,1.15e-4,FALSE,FALSE,2428.052301
88,52,SE3,FRK,SE,FR,Northern,Western,FALSE,FALSE,0,0,1.08e-4,FALSE,FALSE,2177.769545
88,53,SE3,FRL,SE,FR,Northern,Western,FALSE,FALSE,0,0,2.17e-4,FALSE,FALSE,2298.127644
88,54,SE3,FRM,SE,FR,Northern,Western,FALSE,FALSE,0,0,3.45e-4,FALSE,FALSE,2469.957667
88,55,SE3,HU1,SE,HU,Northern,CEE,FALSE,FALSE,0,0,1.88e-4,FALSE,FALSE,1837.7749
88,56,SE3,HU2,SE,HU,Northern,CEE,FALSE,FALSE,0,0,7.5e-5,FALSE,FALSE,1897.192912
88,57,SE3,HU3,SE,HU,Northern,CEE,FALSE,FALSE,0,0,2.4e-4,FALSE,FALSE,1880.353964
88,58,SE3,IE0,SE,IE,Northern,Western,FALSE,FALSE,0,0,1.39e-4,FALSE,FALSE,1813.054514
88,59,SE3,ITC,SE,IT,Northern,Southern,FALSE,FALSE,0,0,9.23e-4,FALSE,FALSE,2132.751571
88,60,SE3,ITF,SE,IT,Northern,Southern,FALSE,FALSE,0,0,2.46e-4,FALSE,FALSE,2613.931264
88,61,SE3,ITG,SE,IT,Northern,Southern,FALSE,FALSE,0,0,4.36e-4,FALSE,FALSE,2926.889696
88,62,SE3,ITH,SE,IT,Northern,Southern,FALSE,FALSE,0,0,6.36e-4,FALSE,FALSE,2074.450765
88,63,SE3,ITI,SE,IT,Northern,Southern,FALSE,FALSE,0,0,4.39e-4,FALSE,FALSE,2353.084648
88,64,SE3,LT0,SE,LT,Northern,Baltics,FALSE,FALSE,0,0,1.91e-4,FALSE,FALSE,1041.746952
88,65,SE3,LU0,SE,LU,Northern,Western,FALSE,FALSE,0,0,0.002536,FALSE,FALSE,1685.676511
88,66,SE3,LV0,SE,LV,Northern,Baltics,FALSE,FALSE,0,0,1.96e-4,FALSE,TRUE,953.091484
88,67,SE3,MT0,SE,MT,Northern,Southern,FALSE,FALSE,0,0,1.88e-4,FALSE,FALSE,3095.818063
88,68,SE3,NL1,SE,NL,Northern,Western,FALSE,FALSE,0,0,8.5e-5,FALSE,FALSE,1351.929044
88,69,SE3,NL2,SE,NL,Northern,Western,FALSE,FALSE,0,0,9.3e-5,FALSE,FALSE,1423.737719
88,70,SE3,NL3,SE,NL,Northern,Western,FALSE,FALSE,0,0,3.19e-4,FALSE,FALSE,1588.620573
88,71,SE3,NL4,SE,NL,Northern,Western,FALSE,FALSE,0,0,1.33e-4,FALSE,FALSE,1538.445131
88,72,SE3,PL2,SE,PL,Northern,CEE,FALSE,FALSE,0,0,0.021258,FALSE,FALSE,1545.903288
88,73,SE3,PL4,SE,PL,Northern,CEE,FALSE,FALSE,0,0,0.018472,FALSE,FALSE,1220.373627
88,74,SE3,PL5,SE,PL,Northern,CEE,FALSE,FALSE,0.03,0.013333,0.01228,FALSE,FALSE,1445.770953
88,75,SE3,PL6,SE,PL,Northern,CEE,FALSE,FALSE,0,0,0.018164,FALSE,FALSE,1155.865744
88,76,SE3,PL7,SE,PL,Northern,CEE,FALSE,FALSE,0,0,0.001608,FALSE,FALSE,1408.196088
88,77,SE3,PL8,SE,PL,Northern,CEE,FALSE,FALSE,0.01,0.003333,0.015783,FALSE,FALSE,1405.793325
88,78,SE3,PL9,SE,PL,Northern,CEE,FALSE,FALSE,0.03,0.013333,0.015926,FALSE,FALSE,1311.159485
88,79,SE3,PT1,SE,PT,Northern,Southern,FALSE,FALSE,0,0,3.35e-4,FALSE,FALSE,3171.883576
88,80,SE3,PT2,SE,PT,Northern,Southern,FALSE,FALSE,0,0,1.41e-4,FALSE,FALSE,4005.278791
88,81,SE3,PT3,SE,PT,Northern,Southern,FALSE,FALSE,0,0,2.04e-4,FALSE,FALSE,4144.982936
88,82,SE3,RO1,SE,RO,Northern,CEE,FALSE,FALSE,0,0,7.35e-4,FALSE,FALSE,1963.179963
88,83,SE3,RO2,SE,RO,Northern,CEE,FALSE,FALSE,0,0,3.75e-4,FALSE,FALSE,2103.199378
88,84,SE3,RO3,SE,RO,Northern,CEE,FALSE,FALSE,0,0,5.12e-4,FALSE,FALSE,2253.531777
88,85,SE3,RO4,SE,RO,Northern,CEE,FALSE,FALSE,0,0,4.45e-4,FALSE,FALSE,2116.89875
88,86,SE3,SE1,SE,SE,Northern,Northern,TRUE,TRUE,0.17,0.135,0.507548,TRUE,TRUE,525.326297
88,87,SE3,SE2,SE,SE,Northern,Northern,TRUE,TRUE,0.88,0.83,1.256339,TRUE,TRUE,750.118279
88,89,SE3,SI0,SE,SI,Northern,CEE,FALSE,FALSE,0,0,1.33e-4,FALSE,FALSE,1976.212499
88,90,SE3,SK0,SE,SK,Northern,CEE,FALSE,FALSE,0,0,1.64e-4,FALSE,FALSE,1702.170761
89,1,SI0,AT1,SI,AT,CEE,Western,FALSE,FALSE,0.18,0.011161,0.018256,TRUE,TRUE,214.209371
89,2,SI0,AT2,SI,AT,CEE,Western,FALSE,FALSE,0.15,0.009517,0.020699,TRUE,TRUE,106.705994
89,3,SI0,AT3,SI,AT,CEE,Western,FALSE,FALSE,0.18,0.011071,0.01769,FALSE,TRUE,195.048481
89,4,SI0,BE1,SI,BE,CEE,Western,FALSE,FALSE,0.14,0.007306,0.013808,FALSE,FALSE,915.724726
89,5,SI0,BE2,SI,BE,CEE,Western,FALSE,FALSE,0.16,0.010674,0.017439,FALSE,FALSE,937.446858
89,6,SI0,BE3,SI,BE,CEE,Western,FALSE,FALSE,0.21,0.011985,0.022518,FALSE,FALSE,827.588873
89,7,SI0,BG3,SI,BG,CEE,CEE,FALSE,TRUE,0.13,0.007814,0.012305,FALSE,FALSE,892.292596
89,8,SI0,BG4,SI,BG,CEE,CEE,FALSE,TRUE,0.21,0.01286,0.017883,FALSE,FALSE,903.912404
89,9,SI0,CY0,SI,CY,CEE,Southern,FALSE,FALSE,0.2,0.010097,0.016564,FALSE,FALSE,1981.900373
89,10,SI0,CZ0,SI,CZ,CEE,CEE,FALSE,TRUE,0.2,0.009896,0.027553,FALSE,FALSE,407.65042
89,11,SI0,DE1,SI,DE,CEE,Western,FALSE,FALSE,0.24,0.01827,0.025893,FALSE,FALSE,499.552963
89,12,SI0,DE2,SI,DE,CEE,Western,FALSE,FALSE,0.2,0.011096,0.018441,FALSE,TRUE,356.270998
89,13,SI0,DE3,SI,DE,CEE,Western,FALSE,FALSE,0.14,0.009072,0.015546,FALSE,FALSE,711.981493
89,14,SI0,DE4,SI,DE,CEE,Western,FALSE,FALSE,0.15,0.006428,0.018733,FALSE,FALSE,715.446247
89,15,SI0,DE5,SI,DE,CEE,Western,FALSE,FALSE,0.07,0.00325,0.011847,FALSE,FALSE,877.098696
89,16,SI0,DE6,SI,DE,CEE,Western,FALSE,FALSE,0.17,0.009727,0.016174,FALSE,FALSE,889.464879
89,17,SI0,DE7,SI,DE,CEE,Western,FALSE,FALSE,0.19,0.015599,0.019823,FALSE,FALSE,637.210669
89,18,SI0,DE8,SI,DE,CEE,Western,FALSE,FALSE,0.19,0.009409,0.01677,FALSE,FALSE,873.335799
89,19,SI0,DE9,SI,DE,CEE,Western,FALSE,FALSE,0.21,0.012219,0.018565,FALSE,FALSE,827.693067
89,20,SI0,DEA,SI,DE,CEE,Western,FALSE,FALSE,0.22,0.016275,0.023977,FALSE,FALSE,777.462135
89,21,SI0,DEB,SI,DE,CEE,Western,FALSE,FALSE,0.16,0.009075,0.018004,FALSE,FALSE,686.07797
89,22,SI0,DEC,SI,DE,CEE,Western,FALSE,FALSE,0.18,0.00976,0.021713,FALSE,FALSE,672.450225
89,23,SI0,DED,SI,DE,CEE,Western,FALSE,FALSE,0.23,0.01295,0.02162,FALSE,FALSE,533.551858
89,24,SI0,DEE,SI,DE,CEE,Western,FALSE,FALSE,0.12,0.006228,0.015405,FALSE,FALSE,681.608519
89,25,SI0,DEF,SI,DE,CEE,Western,FALSE,FALSE,0.21,0.012659,0.022231,FALSE,FALSE,945.287772
89,26,SI0,DEG,SI,DE,CEE,Western,FALSE,FALSE,0.16,0.01168,0.022134,FALSE,FALSE,580.305712
89,27,SI0,DK0,SI,DK,CEE,Northern,FALSE,FALSE,0.17,0.009884,0.016332,FALSE,FALSE,1178.889637
89,28,SI0,EE0,SI,EE,CEE,Baltics,FALSE,FALSE,0.23,0.01628,0.021587,FALSE,FALSE,1585.895518
89,29,SI0,EL3,SI,EL,CEE,Southern,FALSE,FALSE,0.17,0.009843,0.059451,FALSE,FALSE,1164.056765
89,30,SI0,EL4,SI,EL,CEE,Southern,FALSE,FALSE,0.25,0.015314,0.051025,FALSE,FALSE,1476.425802
89,31,SI0,EL5,SI,EL,CEE,Southern,FALSE,FALSE,0.2,0.013305,0.06374,FALSE,FALSE,849.046302
89,32,SI0,EL6,SI,EL,CEE,Southern,FALSE,FALSE,0.22,0.019591,0.06582,FALSE,FALSE,988.835132
89,33,SI0,ES1,SI,ES,CEE,Southern,FALSE,FALSE,0.24,0.016296,0.023428,FALSE,FALSE,1557.856013
89,34,SI0,ES2,SI,ES,CEE,Southern,FALSE,FALSE,0.13,0.007896,0.019449,FALSE,FALSE,1311.219479
89,35,SI0,ES3,SI,ES,CEE,Southern,FALSE,FALSE,0.09,0.007638,0.01586,FALSE,FALSE,1611.037158
89,36,SI0,ES4,SI,ES,CEE,Southern,FALSE,FALSE,0.21,0.015757,0.024365,FALSE,FALSE,1759.510763
89,37,SI0,ES5,SI,ES,CEE,Southern,FALSE,FALSE,0.14,0.006696,0.019318,FALSE,FALSE,1191.680612
89,38,SI0,ES6,SI,ES,CEE,Southern,FALSE,FALSE,0.18,0.009381,0.024632,FALSE,FALSE,1793.641589
89,39,SI0,ES7,SI,ES,CEE,Southern,FALSE,FALSE,0.21,0.016549,0.020071,FALSE,FALSE,3337.995473
89,40,SI0,FI1,SI,FI,CEE,Northern,FALSE,FALSE,0.2,0.010267,0.016977,FALSE,FALSE,2208.75697
89,41,SI0,FI2,SI,FI,CEE,Northern,FALSE,FALSE,0.13,0.00593,0.010911,FALSE,FALSE,1602.836523
89,42,SI0,FR1,SI,FR,CEE,Western,FALSE,FALSE,0.17,0.012224,0.019671,FALSE,FALSE,950.180188
89,43,SI0,FRB,SI,FR,CEE,Western,FALSE,FALSE,0.17,0.010605,0.019641,FALSE,FALSE,1004.322249
89,44,SI0,FRC,SI,FR,CEE,Western,FALSE,FALSE,0.18,0.009684,0.01904,FALSE,FALSE,745.919722
89,45,SI0,FRD,SI,FR,CEE,Western,FALSE,FALSE,0.21,0.012852,0.019052,FALSE,FALSE,1137.455508
89,46,SI0,FRE,SI,FR,CEE,Western,FALSE,FALSE,0.18,0.009997,0.018801,FALSE,FALSE,962.87328
89,47,SI0,FRF,SI,FR,CEE,Western,FALSE,FALSE,0.17,0.009174,0.019553,FALSE,FALSE,722.99663
89,48,SI0,FRG,SI,FR,CEE,Western,FALSE,FALSE,0.21,0.012247,0.020653,FALSE,FALSE,1201.424724
89,49,SI0,FRH,SI,FR,CEE,Western,FALSE,FALSE,0.13,0.005659,0.01427,FALSE,FALSE,1330.518794
89,50,SI0,FRI,SI,FR,CEE,Western,FALSE,FALSE,0.12,0.006541,0.02009,FALSE,FALSE,1106.684894
89,51,SI0,FRJ,SI,FR,CEE,Western,FALSE,FALSE,0.22,0.016305,0.022017,FALSE,FALSE,1009.28011
89,52,SI0,FRK,SI,FR,CEE,Western,FALSE,FALSE,0.14,0.007585,0.016567,FALSE,FALSE,772.768856
89,53,SI0,FRL,SI,FR,CEE,Western,FALSE,FALSE,0.14,0.007396,0.014974,FALSE,FALSE,710.639908
89,54,SI0,FRM,SI,FR,CEE,Western,FALSE,FALSE,0.19,0.012836,0.018315,FALSE,FALSE,630.894336
89,55,SI0,HU1,SI,HU,CEE,CEE,FALSE,TRUE,0.19,0.010534,0.053502,FALSE,TRUE,389.494588
89,56,SI0,HU2,SI,HU,CEE,CEE,FALSE,TRUE,0.25,0.01845,0.029067,TRUE,TRUE,244.69808
89,57,SI0,HU3,SI,HU,CEE,CEE,FALSE,TRUE,0.26,0.015957,0.070413,FALSE,FALSE,495.536887
89,58,SI0,IE0,SI,IE,CEE,Western,FALSE,FALSE,0.13,0.006928,0.010413,FALSE,FALSE,1793.922993
89,59,SI0,ITC,SI,IT,CEE,Southern,FALSE,FALSE,0.17,0.00924,0.015265,FALSE,FALSE,457.255363
89,60,SI0,ITF,SI,IT,CEE,Southern,FALSE,FALSE,0.15,0.007083,0.01643,FALSE,FALSE,649.085153
89,61,SI0,ITG,SI,IT,CEE,Southern,FALSE,FALSE,0.09,0.004851,0.013705,FALSE,FALSE,950.894831
89,62,SI0,ITH,SI,IT,CEE,Southern,FALSE,FALSE,0.18,0.012159,0.018328,TRUE,TRUE,249.172285
89,63,SI0,ITI,SI,IT,CEE,Southern,FALSE,FALSE,0.19,0.011875,0.018765,FALSE,FALSE,410.813448
89,64,SI0,LT0,SI,LT,CEE,Baltics,FALSE,FALSE,0.28,0.021086,0.041788,FALSE,FALSE,1197.542689
89,65,SI0,LU0,SI,LU,CEE,Western,FALSE,FALSE,0.23,0.016453,0.019787,FALSE,FALSE,751.627267
89,66,SI0,LV0,SI,LV,CEE,Baltics,FALSE,FALSE,0.22,0.013847,0.031886,FALSE,FALSE,1415.108563
89,67,SI0,MT0,SI,MT,CEE,Southern,FALSE,FALSE,0.15,0.008851,0.016427,FALSE,FALSE,1119.675538
89,68,SI0,NL1,SI,NL,CEE,Western,FALSE,FALSE,0.14,0.007735,0.013416,FALSE,FALSE,970.008893
89,69,SI0,NL2,SI,NL,CEE,Western,FALSE,FALSE,0.13,0.007797,0.015613,FALSE,FALSE,913.44962
89,70,SI0,NL3,SI,NL,CEE,Western,FALSE,FALSE,0.19,0.01709,0.021235,FALSE,FALSE,976.607643
89,71,SI0,NL4,SI,NL,CEE,Western,FALSE,FALSE,0.14,0.008301,0.01624,FALSE,FALSE,868.300802
89,72,SI0,PL2,SI,PL,CEE,CEE,FALSE,TRUE,0.2,0.011429,0.085106,FALSE,FALSE,585.639737
89,73,SI0,PL4,SI,PL,CEE,CEE,FALSE,TRUE,0.09,0.005392,0.084033,FALSE,FALSE,758.602279
89,74,SI0,PL5,SI,PL,CEE,CEE,FALSE,TRUE,0.21,0.009616,0.021744,FALSE,FALSE,553.818113
89,75,SI0,PL6,SI,PL,CEE,CEE,FALSE,TRUE,0.14,0.007693,0.056963,FALSE,FALSE,888.175056
89,76,SI0,PL7,SI,PL,CEE,CEE,FALSE,TRUE,0.15,0.009321,0.015557,FALSE,FALSE,678.70252
89,77,SI0,PL8,SI,PL,CEE,CEE,FALSE,TRUE,0.13,0.006206,0.045059,FALSE,FALSE,858.843458
89,78,SI0,PL9,SI,PL,CEE,CEE,FALSE,TRUE,0.14,0.007522,0.027016,FALSE,FALSE,842.938366
89,79,SI0,PT1,SI,PT,CEE,Southern,FALSE,FALSE,0.11,0.006572,0.014316,FALSE,FALSE,2011.928172
89,80,SI0,PT2,SI,PT,CEE,Southern,FALSE,FALSE,0.19,0.009508,0.016432,FALSE,FALSE,3390.405148
89,81,SI0,PT3,SI,PT,CEE,Southern,FALSE,FALSE,0.17,0.010703,0.015295,FALSE,FALSE,3048.480272
89,82,SI0,RO1,SI,RO,CEE,CEE,FALSE,TRUE,0.3,0.022835,0.110575,FALSE,FALSE,714.83075
89,83,SI0,RO2,SI,RO,CEE,CEE,FALSE,TRUE,0.25,0.015278,0.046738,FALSE,FALSE,978.570395
89,84,SI0,RO3,SI,RO,CEE,CEE,FALSE,TRUE,0.34,0.025216,0.067816,FALSE,FALSE,924.148312
89,85,SI0,RO4,SI,RO,CEE,CEE,FALSE,TRUE,0.21,0.010601,0.063887,FALSE,FALSE,641.204507
89,86,SI0,SE1,SI,SE,CEE,Northern,FALSE,FALSE,0.16,0.009937,0.040776,FALSE,FALSE,1452.496043
89,87,SI0,SE2,SI,SE,CEE,Northern,FALSE,FALSE,0.21,0.011823,0.069433,FALSE,FALSE,1232.13653
89,88,SI0,SE3,SI,SE,CEE,Northern,FALSE,FALSE,0.15,0.008381,0.046426,FALSE,FALSE,1976.212499
89,90,SI0,SK0,SI,SK,CEE,CEE,FALSE,TRUE,0.27,0.023919,0.024766,FALSE,FALSE,423.07348
90,1,SK0,AT1,SK,AT,CEE,Western,FALSE,FALSE,0,0,0.002832,TRUE,TRUE,235.56018
90,2,SK0,AT2,SK,AT,CEE,Western,FALSE,FALSE,0,0,0.004081,FALSE,FALSE,334.55361
90,3,SK0,AT3,SK,AT,CEE,Western,FALSE,FALSE,0.02,0.005833,0.008299,FALSE,FALSE,418.269944
90,4,SK0,BE1,SK,BE,CEE,Western,FALSE,FALSE,0,0,0.002981,FALSE,FALSE,1066.653212
90,5,SK0,BE2,SK,BE,CEE,Western,FALSE,FALSE,0,0,0.004137,FALSE,FALSE,1082.072447
90,6,SK0,BE3,SK,BE,CEE,Western,FALSE,FALSE,0,0,0.003721,FALSE,FALSE,1000.874909
90,7,SK0,BG3,SK,BG,CEE,CEE,FALSE,TRUE,0.04,0.00825,0.008215,FALSE,FALSE,765.39165
90,8,SK0,BG4,SK,BG,CEE,CEE,FALSE,TRUE,0.1,0.022611,0.019084,FALSE,FALSE,848.946425
90,9,SK0,CY0,SK,CY,CEE,Southern,FALSE,FALSE,0.07,0.025278,0.02078,FALSE,FALSE,1901.012885
90,10,SK0,CZ0,SK,CZ,CEE,CEE,FALSE,TRUE,0.03,0.010833,0.023624,TRUE,TRUE,257.954605
90,11,SK0,DE1,SK,DE,CEE,Western,FALSE,FALSE,0.01,0.0025,0.005336,FALSE,FALSE,716.34709
90,12,SK0,DE2,SK,DE,CEE,Western,FALSE,FALSE,0,0,0.003327,FALSE,FALSE,495.492952
90,13,SK0,DE3,SK,DE,CEE,Western,FALSE,FALSE,0,0,0.003723,FALSE,FALSE,575.802098
90,14,SK0,DE4,SK,DE,CEE,Western,FALSE,FALSE,0,0,0.006012,FALSE,FALSE,607.536147
90,15,SK0,DE5,SK,DE,CEE,Western,FALSE,FALSE,0.01,0.00125,0.004556,FALSE,FALSE,859.232461
90,16,SK0,DE6,SK,DE,CEE,Western,FALSE,FALSE,0.01,0.003333,0.006349,FALSE,FALSE,824.944171
90,17,SK0,DE7,SK,DE,CEE,Western,FALSE,FALSE,0.01,0.002,0.005491,FALSE,FALSE,734.432317
90,18,SK0,DE8,SK,DE,CEE,Western,FALSE,FALSE,0,0,0.003777,FALSE,FALSE,732.932118
90,19,SK0,DE9,SK,DE,CEE,Western,FALSE,FALSE,0,0,0.005201,FALSE,FALSE,830.601368
90,20,SK0,DEA,SK,DE,CEE,Western,FALSE,FALSE,0.01,0.001429,0.005662,FALSE,FALSE,860.259095
90,21,SK0,DEB,SK,DE,CEE,Western,FALSE,FALSE,0,0,0.004605,FALSE,FALSE,848.87058
90,22,SK0,DEC,SK,DE,CEE,Western,FALSE,FALSE,0.01,0.001111,0.00502,FALSE,FALSE,868.609693
90,23,SK0,DED,SK,DE,CEE,Western,FALSE,FALSE,0,0,0.00542,FALSE,FALSE,458.252164
90,24,SK0,DEE,SK,DE,CEE,Western,FALSE,FALSE,0,0,0.004382,FALSE,FALSE,628.232781
90,25,SK0,DEF,SK,DE,CEE,Western,FALSE,FALSE,0,0,0.005669,FALSE,FALSE,867.187261
90,26,SK0,DEG,SK,DE,CEE,Western,FALSE,FALSE,0,0,0.00333,FALSE,FALSE,597.274643
90,27,SK0,DK0,SK,DK,CEE,Northern,FALSE,FALSE,0.02,0.005833,0.007375,FALSE,FALSE,1062.121414
90,28,SK0,EE0,SK,EE,CEE,Baltics,FALSE,FALSE,0.24,0.071472,0.06454,FALSE,FALSE,1212.76841
90,29,SK0,EL3,SK,EL,CEE,Southern,FALSE,FALSE,0.01,0.002,0.042799,FALSE,FALSE,1236.306632
90,30,SK0,EL4,SK,EL,CEE,Southern,FALSE,FALSE,0.06,0.011873,0.03454,FALSE,FALSE,1562.905096
90,31,SK0,EL5,SK,EL,CEE,Southern,FALSE,FALSE,0.08,0.0275,0.053648,FALSE,FALSE,922.995385
90,32,SK0,EL6,SK,EL,CEE,Southern,FALSE,FALSE,0.07,0.016444,0.046483,FALSE,FALSE,1082.854997
90,33,SK0,ES1,SK,ES,CEE,Southern,FALSE,FALSE,0,0,0.003681,FALSE,FALSE,1908.881385
90,34,SK0,ES2,SK,ES,CEE,Southern,FALSE,FALSE,0.01,0.001111,0.007734,FALSE,FALSE,1699.602803
90,35,SK0,ES3,SK,ES,CEE,Southern,FALSE,FALSE,0.01,0.0025,0.010899,FALSE,FALSE,1997.17541
90,36,SK0,ES4,SK,ES,CEE,Southern,FALSE,FALSE,0,0,0.005334,FALSE,FALSE,2140.309026
90,37,SK0,ES5,SK,ES,CEE,Southern,FALSE,FALSE,0,0,0.006491,FALSE,FALSE,1610.628238
90,38,SK0,ES6,SK,ES,CEE,Southern,FALSE,FALSE,0.01,0.002,0.007789,FALSE,FALSE,2200.357798
90,39,SK0,ES7,SK,ES,CEE,Southern,FALSE,FALSE,0,0,0.003197,FALSE,FALSE,3741.303734
90,40,SK0,FI1,SK,FI,CEE,Northern,FALSE,FALSE,0.04,0.011012,0.013868,FALSE,FALSE,1859.736666
90,41,SK0,FI2,SK,FI,CEE,Northern,FALSE,FALSE,0,0,0.00261,FALSE,FALSE,1290.354358
90,42,SK0,FR1,SK,FR,CEE,Western,FALSE,FALSE,0.06,0.022,0.018857,FALSE,FALSE,1195.501425
90,43,SK0,FRB,SK,FR,CEE,Western,FALSE,FALSE,0,0,0.005353,FALSE,FALSE,1284.308553
90,44,SK0,FRC,SK,FR,CEE,Western,FALSE,FALSE,0.02,0.005,0.008227,FALSE,FALSE,1042.756574
90,45,SK0,FRD,SK,FR,CEE,Western,FALSE,FALSE,0.04,0.015,0.01354,FALSE,FALSE,1374.625811
90,46,SK0,FRE,SK,FR,CEE,Western,FALSE,FALSE,0.08,0.015206,0.015259,FALSE,FALSE,1160.732102
90,47,SK0,FRF,SK,FR,CEE,Western,FALSE,FALSE,0,0,0.007452,FALSE,FALSE,956.30907
90,48,SK0,FRG,SK,FR,CEE,Western,FALSE,FALSE,0,0,0.004795,FALSE,FALSE,1484.403331
90,49,SK0,FRH,SK,FR,CEE,Western,FALSE,FALSE,0.01,0.0025,0.006477,FALSE,FALSE,1592.273899
90,50,SK0,FRI,SK,FR,CEE,Western,FALSE,FALSE,0,0,0.004299,FALSE,FALSE,1451.047916
90,51,SK0,FRJ,SK,FR,CEE,Western,FALSE,FALSE,0,0,0.003145,FALSE,FALSE,1388.759192
90,52,SK0,FRK,SK,FR,CEE,Western,FALSE,FALSE,0,0,0.004788,FALSE,FALSE,1127.728154
90,53,SK0,FRL,SK,FR,CEE,Western,FALSE,FALSE,0.01,0.001111,0.004394,FALSE,FALSE,1104.085368
90,54,SK0,FRM,SK,FR,CEE,Western,FALSE,FALSE,0.02,0.00375,0.006806,FALSE,FALSE,1053.937096
90,55,SK0,HU1,SK,HU,CEE,CEE,FALSE,TRUE,0.01,0.001111,0.018038,TRUE,TRUE,138.298035
90,56,SK0,HU2,SK,HU,CEE,CEE,FALSE,TRUE,0.01,0.001429,0.00775,TRUE,TRUE,219.691787
90,57,SK0,HU3,SK,HU,CEE,CEE,FALSE,TRUE,0,0,0.018583,TRUE,TRUE,225.108187
90,58,SK0,IE0,SK,IE,CEE,Western,FALSE,FALSE,0,0,0.001591,FALSE,FALSE,1926.97453
90,59,SK0,ITC,SK,IT,CEE,Southern,FALSE,FALSE,0.01,0.002,0.005126,FALSE,FALSE,847.690815
90,60,SK0,ITF,SK,IT,CEE,Southern,FALSE,FALSE,0,0,0.00536,FALSE,FALSE,947.768209
90,61,SK0,ITG,SK,IT,CEE,Southern,FALSE,FALSE,0.02,0.005333,0.0087,FALSE,FALSE,1291.864042
90,62,SK0,ITH,SK,IT,CEE,Southern,FALSE,FALSE,0.01,0.001429,0.004891,FALSE,FALSE,657.049469
90,63,SK0,ITI,SK,IT,CEE,Southern,FALSE,FALSE,0.01,0.00125,0.005346,FALSE,FALSE,822.388001
90,64,SK0,LT0,SK,LT,CEE,Baltics,FALSE,FALSE,0.3,0.105429,0.136845,FALSE,FALSE,808.543308
90,65,SK0,LU0,SK,LU,CEE,Western,FALSE,FALSE,0.06,0.02125,0.017639,FALSE,FALSE,933.276881
90,66,SK0,LV0,SK,LV,CEE,Baltics,FALSE,FALSE,0.21,0.058206,0.099019,FALSE,FALSE,1021.591072
90,67,SK0,MT0,SK,MT,CEE,Southern,FALSE,FALSE,0.01,0.003333,0.004976,FALSE,FALSE,1447.687815
90,68,SK0,NL1,SK,NL,CEE,Western,FALSE,FALSE,0,0,0.006105,FALSE,FALSE,1008.742783
90,69,SK0,NL2,SK,NL,CEE,Western,FALSE,FALSE,0,0,0.005034,FALSE,FALSE,979.966969
90,70,SK0,NL3,SK,NL,CEE,Western,FALSE,FALSE,0,0,0.008243,FALSE,FALSE,1114.107081
90,71,SK0,NL4,SK,NL,CEE,Western,FALSE,FALSE,0,0,0.003053,FALSE,FALSE,984.692121
90,72,SK0,PL2,SK,PL,CEE,CEE,FALSE,TRUE,0,0,0.053453,TRUE,TRUE,177.423221
90,73,SK0,PL4,SK,PL,CEE,CEE,FALSE,TRUE,0,0,0.05532,FALSE,FALSE,519.175994
90,74,SK0,PL5,SK,PL,CEE,CEE,FALSE,TRUE,0.02,0.004762,0.035566,FALSE,TRUE,286.665115
90,75,SK0,PL6,SK,PL,CEE,CEE,FALSE,TRUE,0,0,0.050966,FALSE,FALSE,550.743079
90,76,SK0,PL7,SK,PL,CEE,CEE,FALSE,TRUE,0,0,0.005548,FALSE,FALSE,302.910279
90,77,SK0,PL8,SK,PL,CEE,CEE,FALSE,TRUE,0,0,0.034832,TRUE,FALSE,441.18389
90,78,SK0,PL9,SK,PL,CEE,CEE,FALSE,TRUE,0,0,0.015153,FALSE,FALSE,448.503465
90,79,SK0,PT1,SK,PT,CEE,Southern,FALSE,FALSE,0.04,0.015833,0.015774,FALSE,FALSE,2388.158806
90,80,SK0,PT2,SK,PT,CEE,Southern,FALSE,FALSE,0.12,0.0425,0.038685,FALSE,FALSE,3713.442781
90,81,SK0,PT3,SK,PT,CEE,Southern,FALSE,FALSE,0.01,0.0025,0.005031,FALSE,FALSE,3433.964059
90,82,SK0,RO1,SK,RO,CEE,CEE,FALSE,TRUE,0.11,0.023567,0.374007,FALSE,FALSE,432.462503
90,83,SK0,RO2,SK,RO,CEE,CEE,FALSE,TRUE,0.23,0.058885,0.141414,FALSE,FALSE,700.264976
90,84,SK0,RO3,SK,RO,CEE,CEE,FALSE,TRUE,0.16,0.036345,0.214265,FALSE,FALSE,729.966658
90,85,SK0,RO4,SK,RO,CEE,CEE,FALSE,TRUE,0.8,0.264317,0.339807,FALSE,FALSE,483.564298
90,86,SK0,SE1,SK,SE,CEE,Northern,FALSE,FALSE,0.1,0.0345,0.055417,FALSE,FALSE,1181.333362
90,87,SK0,SE2,SK,SE,CEE,Northern,FALSE,FALSE,0.04,0.011667,0.058556,FALSE,FALSE,1001.562684
90,88,SK0,SE3,SK,SE,CEE,Northern,FALSE,FALSE,0.01,0.0025,0.036097,FALSE,FALSE,1702.170761
90,89,SK0,SI0,SK,SI,CEE,CEE,FALSE,TRUE,0.01,0.001111,0.004928,FALSE,FALSE,423.07348
