metric,value
n_countries,144.0
ols_slope,0.5873125270381877
ols_intercept,0.35836086465383526
