metric,value
cubic_lg,0.29311057501852145
cubic_lg2,-0.03196922860843093
cubic_lg3,0.0011223624678759771
const,-0.7985188212826183
N,880.0
