metric,value
point_estimate,0.18993122835513962
iid_se,0.01280494441064738
conley_se_1000,0.026495402902466356
conley_se_2500,0.033684598881333905
conley_se_5000,0.036973831462897976
N,5216.0
