geocode,year,mn,div,dist,pop91,rainm,rainsd,jamuna_m,padma_m,treat,smp1,treatd
10409.0,1.0,1.0166667,1.0,4.0,244420.0,64.28601,63.832626,260636.16,148376.4,0.0,0.0,0.0
10409.0,2.0,1.0533333,1.0,4.0,244420.0,56.351475,55.748596,260636.16,148376.4,0.0,0.0,0.0
10409.0,3.0,1.045,1.0,4.0,244420.0,60.045456,62.52816,260636.16,148376.4,0.0,0.0,0.0
10409.0,4.0,1.0833334,1.0,4.0,244420.0,57.72656,53.80264,260636.16,148376.4,0.0,0.0,0.0
10409.0,5.0,1.0566667,1.0,4.0,244420.0,61.818478,61.330963,260636.16,148376.4,0.0,0.0,0.0
10409.0,6.0,1.0733333,1.0,4.0,244420.0,54.745113,54.827724,260636.16,148376.4,0.0,0.0,0.0
10409.0,7.0,1.035,1.0,4.0,244420.0,59.64119,62.2691,260636.16,148376.4,0.0,0.0,0.0
10419.0,1.0,1.0966667,1.0,4.0,65850.0,63.399235,62.62426,237144.56,128130.87,0.0,0.0,0.0
10419.0,2.0,1.38,1.0,4.0,65850.0,55.90219,55.130154,237144.56,128130.87,0.0,0.0,0.0
10419.0,3.0,1.2475,1.0,4.0,65850.0,59.75582,61.99453,237144.56,128130.87,0.0,0.0,0.0
10419.0,4.0,1.0,1.0,4.0,65850.0,57.461597,53.454224,237144.56,128130.87,0.0,0.0,0.0
10419.0,5.0,1.0233333,1.0,4.0,65850.0,61.612953,61.23772,237144.56,128130.87,0.0,0.0,0.0
10419.0,6.0,1.0,1.0,4.0,65850.0,54.44788,54.332905,237144.56,128130.87,0.0,0.0,0.0
10419.0,7.0,1.0,1.0,4.0,65850.0,59.28074,61.789078,237144.56,128130.87,0.0,0.0,0.0
10428.0,1.0,1.61,1.0,4.0,220400.0,63.399235,62.62426,253781.38,143560.8,0.0,0.0,0.0
10428.0,2.0,1.72,1.0,4.0,220400.0,55.90219,55.130154,253781.38,143560.8,0.0,0.0,0.0
10428.0,3.0,1.7075,1.0,4.0,220400.0,59.75582,61.99453,253781.38,143560.8,0.0,0.0,0.0
10428.0,4.0,1.8,1.0,4.0,220400.0,57.461597,53.454224,253781.38,143560.8,0.0,0.0,0.0
10428.0,5.0,1.5666667,1.0,4.0,220400.0,61.612953,61.23772,253781.38,143560.8,0.0,0.0,0.0
10428.0,6.0,1.9866667,1.0,4.0,220400.0,54.44788,54.332905,253781.38,143560.8,0.0,0.0,0.0
10428.0,7.0,2.04,1.0,4.0,220400.0,59.28074,61.789078,253781.38,143560.8,0.0,0.0,0.0
10447.0,1.0,1.0333333,1.0,4.0,108350.0,63.399235,62.62426,230616.36,119056.375,0.0,0.0,0.0
10447.0,2.0,1.0766666,1.0,4.0,108350.0,55.90219,55.130154,230616.36,119056.375,0.0,0.0,0.0
10447.0,3.0,1.0274999,1.0,4.0,108350.0,59.75582,61.99453,230616.36,119056.375,0.0,0.0,0.0
10447.0,4.0,1.0699999,1.0,4.0,108350.0,57.461597,53.454224,230616.36,119056.375,0.0,0.0,0.0
10447.0,5.0,1.0233333,1.0,4.0,108350.0,61.612953,61.23772,230616.36,119056.375,0.0,0.0,0.0
10447.0,6.0,1.0133333,1.0,4.0,108350.0,54.44788,54.332905,230616.36,119056.375,0.0,0.0,0.0
10447.0,7.0,1.02,1.0,4.0,108350.0,59.28074,61.789078,230616.36,119056.375,0.0,0.0,0.0
10485.0,1.0,1.0866667,1.0,4.0,135050.0,55.28227,54.21879,256797.34,150101.73,0.0,0.0,0.0
10485.0,2.0,1.15,1.0,4.0,135050.0,49.44906,49.11148,256797.34,150101.73,0.0,0.0,0.0
10485.0,3.0,1.1925,1.0,4.0,135050.0,52.5954,53.444427,256797.34,150101.73,0.0,0.0,0.0
10485.0,4.0,1.26,1.0,4.0,135050.0,49.50017,46.45316,256797.34,150101.73,0.0,0.0,0.0
10485.0,5.0,1.1966666,1.0,4.0,135050.0,53.591682,53.857365,256797.34,150101.73,0.0,0.0,0.0
10485.0,6.0,1.35,1.0,4.0,135050.0,46.63412,46.70402,256797.34,150101.73,0.0,0.0,0.0
10485.0,7.0,1.285,1.0,4.0,135050.0,50.679985,52.40394,256797.34,150101.73,0.0,0.0,0.0
10602.0,1.0,1.3933333,1.0,6.0,147780.0,57.450626,55.123608,163707.16,51718.42,0.0,0.0,0.0
10602.0,2.0,1.63,1.0,6.0,147780.0,52.61929,50.86611,163707.16,51718.42,0.0,0.0,0.0
10602.0,3.0,1.895,1.0,6.0,147780.0,57.24029,57.71557,163707.16,51718.42,0.0,0.0,0.0
10602.0,4.0,1.8566667,1.0,6.0,147780.0,56.23343,51.493294,163707.16,51718.42,0.0,0.0,0.0
10602.0,5.0,1.1766666,1.0,6.0,147780.0,60.48773,59.642776,163707.16,51718.42,0.0,0.0,0.0
10602.0,6.0,1.7766666,1.0,6.0,147780.0,52.64656,51.182568,163707.16,51718.42,0.0,0.0,0.0
10602.0,7.0,1.615,1.0,6.0,147780.0,56.433174,57.8404,163707.16,51718.42,0.0,0.0,0.0
10603.0,1.0,2.7,1.0,6.0,134660.0,58.486,56.496067,185040.22,68386.05,0.0,0.0,0.0
10603.0,2.0,3.7033334,1.0,6.0,134660.0,53.283184,51.787785,185040.22,68386.05,0.0,0.0,0.0
10603.0,3.0,3.805,1.0,6.0,134660.0,57.75365,58.557186,185040.22,68386.05,0.0,0.0,0.0
10603.0,4.0,3.7133334,1.0,6.0,134660.0,56.53681,52.058174,185040.22,68386.05,0.0,0.0,0.0
10603.0,5.0,2.4133334,1.0,6.0,134660.0,60.79795,60.264606,185040.22,68386.05,0.0,0.0,0.0
10603.0,6.0,3.8466666,1.0,6.0,134660.0,53.039227,51.982544,185040.22,68386.05,0.0,0.0,0.0
10603.0,7.0,4.13,1.0,6.0,134660.0,56.99997,58.734093,185040.22,68386.05,0.0,0.0,0.0
10607.0,1.0,1.23,1.0,6.0,335790.0,60.215034,58.547474,214123.53,97637.04,0.0,0.0,0.0
10607.0,2.0,1.56,1.0,6.0,335790.0,54.469414,53.20054,214123.53,97637.04,0.0,0.0,0.0
10607.0,3.0,1.44,1.0,6.0,335790.0,58.77555,60.01799,214123.53,97637.04,0.0,0.0,0.0
10607.0,4.0,1.39,1.0,6.0,335790.0,57.4863,53.00832,214123.53,97637.04,0.0,0.0,0.0
10607.0,5.0,1.2166667,1.0,6.0,335790.0,61.620193,61.189007,214123.53,97637.04,0.0,0.0,0.0
10607.0,6.0,1.3266667,1.0,6.0,335790.0,53.98807,53.185104,214123.53,97637.04,0.0,0.0,0.0
10607.0,7.0,1.2049999,1.0,6.0,335790.0,58.17536,60.228294,214123.53,97637.04,0.0,0.0,0.0
10610.0,1.0,1.9433334,1.0,6.0,143760.0,58.486,56.496067,179855.48,68563.28,0.0,0.0,0.0
10610.0,2.0,2.4666667,1.0,6.0,143760.0,53.283184,51.787785,179855.48,68563.28,0.0,0.0,0.0
10610.0,3.0,2.295,1.0,6.0,143760.0,57.75365,58.557186,179855.48,68563.28,0.0,0.0,0.0
10610.0,4.0,2.3133333,1.0,6.0,143760.0,56.53681,52.058174,179855.48,68563.28,0.0,0.0,0.0
10610.0,5.0,1.5066667,1.0,6.0,143760.0,60.79795,60.264606,179855.48,68563.28,0.0,0.0,0.0
10610.0,6.0,2.19,1.0,6.0,143760.0,53.039227,51.982544,179855.48,68563.28,0.0,0.0,0.0
10610.0,7.0,2.135,1.0,6.0,143760.0,56.99997,58.734093,179855.48,68563.28,0.0,0.0,0.0
10632.0,1.0,2.3233333,1.0,6.0,171150.0,56.932938,54.449318,165449.67,49988.82,0.0,0.0,0.0
10632.0,2.0,2.3933334,1.0,6.0,171150.0,52.287342,50.41305,165449.67,49988.82,0.0,0.0,0.0
10632.0,3.0,2.4725,1.0,6.0,171150.0,56.983612,57.303444,165449.67,49988.82,0.0,0.0,0.0
10632.0,4.0,2.4933333,1.0,6.0,171150.0,56.081738,51.223587,165449.67,49988.82,0.0,0.0,0.0
10632.0,5.0,1.5966667,1.0,6.0,171150.0,60.33262,59.33619,165449.67,49988.82,0.0,0.0,0.0
10632.0,6.0,2.36,1.0,6.0,171150.0,52.45023,50.786507,165449.67,49988.82,0.0,0.0,0.0
10632.0,7.0,2.48,1.0,6.0,171150.0,56.149773,57.397446,165449.67,49988.82,0.0,0.0,0.0
10651.0,1.0,8.1,1.0,6.0,413890.0,59.729977,57.957226,201149.45,83417.125,0.0,0.0,0.0
10651.0,2.0,8.68,1.0,6.0,413890.0,54.38723,53.118633,201149.45,83417.125,0.0,0.0,0.0
10651.0,3.0,7.9900002,1.0,6.0,413890.0,58.78943,59.906662,201149.45,83417.125,0.0,0.0,0.0
10651.0,4.0,7.793333,1.0,6.0,413890.0,57.81103,53.282158,201149.45,83417.125,0.0,0.0,0.0
10651.0,5.0,5.93,1.0,6.0,413890.0,61.896687,61.495445,201149.45,83417.125,0.0,0.0,0.0
10651.0,6.0,7.7033334,1.0,6.0,413890.0,54.15108,53.22174,201149.45,83417.125,0.0,0.0,0.0
10651.0,7.0,9.225,1.0,6.0,413890.0,58.1987,60.222004,201149.45,83417.125,0.0,0.0,0.0
10662.0,1.0,1.0,1.0,6.0,293300.0,64.70589,63.872883,183819.02,65592.875,0.0,0.0,0.0
10662.0,2.0,1.0600001,1.0,6.0,293300.0,58.803413,58.508335,183819.02,65592.875,0.0,0.0,0.0
10662.0,3.0,1.035,1.0,6.0,293300.0,62.93253,65.397606,183819.02,65592.875,0.0,0.0,0.0
10662.0,4.0,1.0166667,1.0,6.0,293300.0,62.90792,58.323063,183819.02,65592.875,0.0,0.0,0.0
10662.0,5.0,1.0033333,1.0,6.0,293300.0,66.29163,66.48049,183819.02,65592.875,0.0,0.0,0.0
10662.0,6.0,1.0033333,1.0,6.0,293300.0,58.598515,58.231297,183819.02,65592.875,0.0,0.0,0.0
10662.0,7.0,1.0,1.0,6.0,293300.0,62.993607,66.22036,183819.02,65592.875,0.0,0.0,0.0
10694.0,1.0,1.37,1.0,6.0,227520.0,58.486,56.496067,175085.97,62374.19,0.0,0.0,0.0
10694.0,2.0,1.8133333,1.0,6.0,227520.0,53.283184,51.787785,175085.97,62374.19,0.0,0.0,0.0
10694.0,3.0,1.8125,1.0,6.0,227520.0,57.75365,58.557186,175085.97,62374.19,0.0,0.0,0.0
10694.0,4.0,1.6866666,1.0,6.0,227520.0,56.53681,52.058174,175085.97,62374.19,0.0,0.0,0.0
10694.0,5.0,1.4766667,1.0,6.0,227520.0,60.79795,60.264606,175085.97,62374.19,0.0,0.0,0.0
10694.0,6.0,1.98,1.0,6.0,227520.0,53.039227,51.982544,175085.97,62374.19,0.0,0.0,0.0
10694.0,7.0,1.78,1.0,6.0,227520.0,56.99997,58.734093,175085.97,62374.19,0.0,0.0,0.0
10918.0,1.0,2.8533335,1.0,9.0,350770.0,69.6818,69.88063,210132.36,91775.49,0.0,0.0,0.0
10918.0,2.0,3.41,1.0,9.0,350770.0,63.2196,63.984493,210132.36,91775.49,0.0,0.0,0.0
10918.0,3.0,3.5075002,1.0,9.0,350770.0,67.07563,71.01341,210132.36,91775.49,0.0,0.0,0.0
10918.0,4.0,2.7233334,1.0,9.0,350770.0,68.00481,63.554073,210132.36,91775.49,0.0,0.0,0.0
10918.0,5.0,2.4233332,1.0,9.0,350770.0,70.686584,71.547,210132.36,91775.49,0.0,0.0,0.0
10918.0,6.0,3.5266666,1.0,9.0,350770.0,63.045944,63.31033,210132.36,91775.49,0.0,0.0,0.0
10918.0,7.0,3.33,1.0,9.0,350770.0,67.78851,72.279465,210132.36,91775.49,0.0,0.0,0.0
10921.0,1.0,1.1133333,1.0,9.0,209290.0,71.141556,72.02367,236047.97,117733.586,0.0,0.0,0.0
10921.0,2.0,1.4333334,1.0,9.0,209290.0,62.683235,63.76624,236047.97,117733.586,0.0,0.0,0.0
10921.0,3.0,1.3299999,1.0,9.0,209290.0,66.9866,71.82929,236047.97,117733.586,0.0,0.0,0.0
10921.0,4.0,1.2533333,1.0,9.0,209290.0,66.79836,62.642014,236047.97,117733.586,0.0,0.0,0.0
10921.0,5.0,1.1666666,1.0,9.0,209290.0,69.59908,70.04913,236047.97,117733.586,0.0,0.0,0.0
10921.0,6.0,1.6833333,1.0,9.0,209290.0,62.439114,63.135376,236047.97,117733.586,0.0,0.0,0.0
10921.0,7.0,1.395,1.0,9.0,209290.0,67.72847,72.243126,236047.97,117733.586,0.0,0.0,0.0
10925.0,1.0,1.05,1.0,9.0,342960.0,73.0255,75.08105,269103.7,150931.08,0.0,0.0,0.0
10925.0,2.0,1.16,1.0,9.0,342960.0,62.85036,64.59167,269103.7,150931.08,0.0,0.0,0.0
10925.0,3.0,1.29,1.0,9.0,342960.0,67.462326,73.40402,269103.7,150931.08,0.0,0.0,0.0
10925.0,4.0,1.26,1.0,9.0,342960.0,66.42992,63.004597,269103.7,150931.08,0.0,0.0,0.0
10925.0,5.0,1.1566666,1.0,9.0,342960.0,69.3506,69.79835,269103.7,150931.08,0.0,0.0,0.0
10925.0,6.0,1.36,1.0,9.0,342960.0,62.506577,63.852844,269103.7,150931.08,0.0,0.0,0.0
10925.0,7.0,1.315,1.0,9.0,342960.0,68.2622,73.05516,269103.7,150931.08,0.0,0.0,0.0
10929.0,1.0,1.2033334,1.0,9.0,152610.0,69.6818,69.88063,235772.36,118659.06,0.0,0.0,0.0
10929.0,2.0,1.47,1.0,9.0,152610.0,63.2196,63.984493,235772.36,118659.06,0.0,0.0,0.0
10929.0,3.0,1.4975,1.0,9.0,152610.0,67.07563,71.01341,235772.36,118659.06,0.0,0.0,0.0
10929.0,4.0,1.3466667,1.0,9.0,152610.0,68.00481,63.554073,235772.36,118659.06,0.0,0.0,0.0
10929.0,5.0,1.3133334,1.0,9.0,152610.0,70.686584,71.547,235772.36,118659.06,0.0,0.0,0.0
10929.0,6.0,1.6933333,1.0,9.0,152610.0,63.045944,63.31033,235772.36,118659.06,0.0,0.0,0.0
10929.0,7.0,1.69,1.0,9.0,152610.0,67.78851,72.279465,235772.36,118659.06,0.0,0.0,0.0
10954.0,1.0,1.09,1.0,9.0,253980.0,72.11472,73.60875,252545.33,134156.55,0.0,0.0,0.0
10954.0,2.0,1.2666667,1.0,9.0,253980.0,62.325657,63.783154,252545.33,134156.55,0.0,0.0,0.0
10954.0,3.0,1.355,1.0,9.0,253980.0,66.927246,72.5082,252545.33,134156.55,0.0,0.0,0.0
10954.0,4.0,1.2933333,1.0,9.0,253980.0,65.99407,62.22714,252545.33,134156.55,0.0,0.0,0.0
10954.0,5.0,1.0833333,1.0,9.0,253980.0,68.874084,69.124306,252545.33,134156.55,0.0,0.0,0.0
10954.0,6.0,1.36,1.0,9.0,253980.0,62.034557,63.04993,252545.33,134156.55,0.0,0.0,0.0
10954.0,7.0,1.365,1.0,9.0,253980.0,67.688446,72.248276,252545.33,134156.55,0.0,0.0,0.0
10965.0,1.0,1.0,1.0,9.0,52040.0,74.30407,77.134415,272223.03,154119.55,0.0,0.0,0.0
10965.0,2.0,1.0133333,1.0,9.0,52040.0,63.646748,65.881226,272223.03,154119.55,0.0,0.0,0.0
10965.0,3.0,1.0725,1.0,9.0,52040.0,68.32872,74.907555,272223.03,154119.55,0.0,0.0,0.0
10965.0,4.0,1.13,1.0,9.0,52040.0,67.340065,64.39126,272223.03,154119.55,0.0,0.0,0.0
10965.0,5.0,1.0466666,1.0,9.0,52040.0,70.152794,70.98195,272223.03,154119.55,0.0,0.0,0.0
10965.0,6.0,1.0166667,1.0,9.0,52040.0,63.378788,65.15821,272223.03,154119.55,0.0,0.0,0.0
10965.0,7.0,1.0,1.0,9.0,52040.0,69.23059,74.481895,272223.03,154119.55,0.0,0.0,0.0
10991.0,1.0,1.0,1.0,9.0,117700.0,72.11472,73.60875,245229.1,127125.0,0.0,0.0,0.0
10991.0,2.0,1.34,1.0,9.0,117700.0,62.325657,63.783154,245229.1,127125.0,0.0,0.0,0.0
10991.0,3.0,1.23,1.0,9.0,117700.0,66.927246,72.5082,245229.1,127125.0,0.0,0.0,0.0
10991.0,4.0,1.0833334,1.0,9.0,117700.0,65.99407,62.22714,245229.1,127125.0,0.0,0.0,0.0
10991.0,5.0,1.0,1.0,9.0,117700.0,68.874084,69.124306,245229.1,127125.0,0.0,0.0,0.0
10991.0,6.0,1.0,1.0,9.0,117700.0,62.034557,63.04993,245229.1,127125.0,0.0,0.0,0.0
10991.0,7.0,1.14,1.0,9.0,117700.0,67.688446,72.248276,245229.1,127125.0,0.0,0.0,0.0
14240.0,1.0,2.31,1.0,42.0,196890.0,58.486,56.496067,194454.81,81404.21,0.0,0.0,0.0
14240.0,2.0,2.63,1.0,42.0,196890.0,53.283184,51.787785,194454.81,81404.21,0.0,0.0,0.0
14240.0,3.0,3.425,1.0,42.0,196890.0,57.75365,58.557186,194454.81,81404.21,0.0,0.0,0.0
14240.0,4.0,2.99,1.0,42.0,196890.0,56.53681,52.058174,194454.81,81404.21,0.0,0.0,0.0
14240.0,5.0,2.1599998,1.0,42.0,196890.0,60.79795,60.264606,194454.81,81404.21,0.0,0.0,0.0
14240.0,6.0,2.7633333,1.0,42.0,196890.0,53.039227,51.982544,194454.81,81404.21,0.0,0.0,0.0
14240.0,7.0,2.895,1.0,42.0,196890.0,56.99997,58.734093,194454.81,81404.21,0.0,0.0,0.0
14243.0,1.0,1.05,1.0,42.0,123350.0,63.399235,62.62426,222007.36,111763.695,0.0,0.0,0.0
14243.0,2.0,1.3066667,1.0,42.0,123350.0,55.90219,55.130154,222007.36,111763.695,0.0,0.0,0.0
14243.0,3.0,1.4025,1.0,42.0,123350.0,59.75582,61.99453,222007.36,111763.695,0.0,0.0,0.0
14243.0,4.0,1.1933333,1.0,42.0,123350.0,57.461597,53.454224,222007.36,111763.695,0.0,0.0,0.0
14243.0,5.0,1.0833333,1.0,42.0,123350.0,61.612953,61.23772,222007.36,111763.695,0.0,0.0,0.0
14243.0,6.0,1.4033333,1.0,42.0,123350.0,54.44788,54.332905,222007.36,111763.695,0.0,0.0,0.0
14243.0,7.0,1.165,1.0,42.0,123350.0,59.28074,61.789078,222007.36,111763.695,0.0,0.0,0.0
14273.0,1.0,1.9166666,1.0,42.0,200900.0,58.486,56.496067,207336.45,92404.32,0.0,0.0,0.0
14273.0,2.0,2.3166666,1.0,42.0,200900.0,53.283184,51.787785,207336.45,92404.32,0.0,0.0,0.0
14273.0,3.0,2.14,1.0,42.0,200900.0,57.75365,58.557186,207336.45,92404.32,0.0,0.0,0.0
14273.0,4.0,2.3566666,1.0,42.0,200900.0,56.53681,52.058174,207336.45,92404.32,0.0,0.0,0.0
14273.0,5.0,1.8366667,1.0,42.0,200900.0,60.79795,60.264606,207336.45,92404.32,0.0,0.0,0.0
14273.0,6.0,2.3799999,1.0,42.0,200900.0,53.039227,51.982544,207336.45,92404.32,0.0,0.0,0.0
14273.0,7.0,2.125,1.0,42.0,200900.0,56.99997,58.734093,207336.45,92404.32,0.0,0.0,0.0
14284.0,1.0,1.1533333,1.0,42.0,143190.0,58.486,56.496067,208362.12,97232.97,0.0,0.0,0.0
14284.0,2.0,1.6600001,1.0,42.0,143190.0,53.283184,51.787785,208362.12,97232.97,0.0,0.0,0.0
14284.0,3.0,1.45,1.0,42.0,143190.0,57.75365,58.557186,208362.12,97232.97,0.0,0.0,0.0
14284.0,4.0,1.37,1.0,42.0,143190.0,56.53681,52.058174,208362.12,97232.97,0.0,0.0,0.0
14284.0,5.0,1.2933333,1.0,42.0,143190.0,60.79795,60.264606,208362.12,97232.97,0.0,0.0,0.0
14284.0,6.0,1.64,1.0,42.0,143190.0,53.039227,51.982544,208362.12,97232.97,0.0,0.0,0.0
14284.0,7.0,1.605,1.0,42.0,143190.0,56.99997,58.734093,208362.12,97232.97,0.0,0.0,0.0
17838.0,1.0,1.2133332,1.0,78.0,286790.0,68.976456,69.42302,230946.89,113139.78,0.0,0.0,0.0
17838.0,2.0,1.27,1.0,78.0,286790.0,60.616917,61.17774,230946.89,113139.78,0.0,0.0,0.0
17838.0,3.0,1.3825,1.0,78.0,286790.0,64.911064,69.05922,230946.89,113139.78,0.0,0.0,0.0
17838.0,4.0,1.2633333,1.0,78.0,286790.0,64.05924,59.89715,230946.89,113139.78,0.0,0.0,0.0
17838.0,5.0,1.1033334,1.0,78.0,286790.0,67.24595,67.38229,230946.89,113139.78,0.0,0.0,0.0
17838.0,6.0,1.35,1.0,78.0,286790.0,60.119812,60.576416,230946.89,113139.78,0.0,0.0,0.0
17838.0,7.0,1.255,1.0,78.0,286790.0,65.314354,69.22906,230946.89,113139.78,0.0,0.0,0.0
17852.0,1.0,1.04,1.0,78.0,106380.0,72.11472,73.60875,248039.16,130548.49,0.0,0.0,0.0
17852.0,2.0,1.0166667,1.0,78.0,106380.0,62.325657,63.783154,248039.16,130548.49,0.0,0.0,0.0
17852.0,3.0,1.085,1.0,78.0,106380.0,66.927246,72.5082,248039.16,130548.49,0.0,0.0,0.0
17852.0,4.0,1.0366666,1.0,78.0,106380.0,65.99407,62.22714,248039.16,130548.49,0.0,0.0,0.0
17852.0,5.0,1.0366666,1.0,78.0,106380.0,68.874084,69.124306,248039.16,130548.49,0.0,0.0,0.0
17852.0,6.0,1.0333333,1.0,78.0,106380.0,62.034557,63.04993,248039.16,130548.49,0.0,0.0,0.0
17852.0,7.0,1.005,1.0,78.0,106380.0,67.688446,72.248276,248039.16,130548.49,0.0,0.0,0.0
17857.0,1.0,1.0233333,1.0,78.0,286690.0,68.3481,69.51477,253335.45,136926.2,0.0,0.0,0.0
17857.0,2.0,1.0633333,1.0,78.0,286690.0,59.052635,59.529984,253335.45,136926.2,0.0,0.0,0.0
17857.0,3.0,1.105,1.0,78.0,286690.0,62.936314,66.90034,253335.45,136926.2,0.0,0.0,0.0
17857.0,4.0,1.0933334,1.0,78.0,286690.0,60.79846,57.447803,253335.45,136926.2,0.0,0.0,0.0
17857.0,5.0,1.0466666,1.0,78.0,286690.0,64.61571,64.57898,253335.45,136926.2,0.0,0.0,0.0
17857.0,6.0,1.0533333,1.0,78.0,286690.0,57.635868,58.582558,253335.45,136926.2,0.0,0.0,0.0
17857.0,7.0,1.0799999,1.0,78.0,286690.0,62.93934,66.50614,253335.45,136926.2,0.0,0.0,0.0
17866.0,1.0,1.1866666,1.0,78.0,177690.0,67.26465,67.993286,281563.25,169744.38,0.0,0.0,0.0
17866.0,2.0,1.2666667,1.0,78.0,177690.0,57.86062,57.899475,281563.25,169744.38,0.0,0.0,0.0
17866.0,3.0,1.4025,1.0,78.0,177690.0,61.018333,64.40118,281563.25,169744.38,0.0,0.0,0.0
17866.0,4.0,1.49,1.0,78.0,177690.0,58.616558,55.08728,281563.25,169744.38,0.0,0.0,0.0
17866.0,5.0,1.2866666,1.0,78.0,177690.0,62.50883,61.71733,281563.25,169744.38,0.0,0.0,0.0
17866.0,6.0,1.3933333,1.0,78.0,177690.0,55.74351,56.505127,281563.25,169744.38,0.0,0.0,0.0
17866.0,7.0,1.52,1.0,78.0,177690.0,60.85195,63.896267,281563.25,169744.38,0.0,0.0,0.0
17876.0,1.0,1.1133333,1.0,78.0,109420.0,63.399235,62.62426,230980.28,117956.6,0.0,0.0,0.0
17876.0,2.0,1.1233333,1.0,78.0,109420.0,55.90219,55.130154,230980.28,117956.6,0.0,0.0,0.0
17876.0,3.0,1.1424999,1.0,78.0,109420.0,59.75582,61.99453,230980.28,117956.6,0.0,0.0,0.0
17876.0,4.0,1.07,1.0,78.0,109420.0,57.461597,53.454224,230980.28,117956.6,0.0,0.0,0.0
17876.0,5.0,1.0533333,1.0,78.0,109420.0,61.612953,61.23772,230980.28,117956.6,0.0,0.0,0.0
17876.0,6.0,1.16,1.0,78.0,109420.0,54.44788,54.332905,230980.28,117956.6,0.0,0.0,0.0
17876.0,7.0,1.15,1.0,78.0,109420.0,59.28074,61.789078,230980.28,117956.6,0.0,0.0,0.0
17895.0,1.0,2.2666667,1.0,78.0,165990.0,63.399235,62.62426,232138.47,116895.41,0.0,0.0,0.0
17895.0,2.0,3.3266666,1.0,78.0,165990.0,55.90219,55.130154,232138.47,116895.41,0.0,0.0,0.0
17895.0,3.0,3.045,1.0,78.0,165990.0,59.75582,61.99453,232138.47,116895.41,0.0,0.0,0.0
17895.0,4.0,2.9766667,1.0,78.0,165990.0,57.461597,53.454224,232138.47,116895.41,0.0,0.0,0.0
17895.0,5.0,2.4066668,1.0,78.0,165990.0,61.612953,61.23772,232138.47,116895.41,0.0,0.0,0.0
17895.0,6.0,2.77,1.0,78.0,165990.0,54.44788,54.332905,232138.47,116895.41,0.0,0.0,0.0
17895.0,7.0,3.01,1.0,78.0,165990.0,59.28074,61.789078,232138.47,116895.41,0.0,0.0,0.0
17914.0,1.0,1.6033334,1.0,79.0,145190.0,59.70372,58.702835,217712.11,109811.945,0.0,0.0,0.0
17914.0,2.0,1.9966667,1.0,79.0,145190.0,53.00691,52.24197,217712.11,109811.945,0.0,0.0,0.0
17914.0,3.0,1.8775,1.0,79.0,145190.0,56.6542,58.138435,217712.11,109811.945,0.0,0.0,0.0
17914.0,4.0,1.8266666,1.0,79.0,145190.0,54.035656,50.34313,217712.11,109811.945,0.0,0.0,0.0
17914.0,5.0,1.6833333,1.0,79.0,145190.0,58.181366,58.04768,217712.11,109811.945,0.0,0.0,0.0
17914.0,6.0,2.19,1.0,79.0,145190.0,51.057953,50.95858,217712.11,109811.945,0.0,0.0,0.0
17914.0,7.0,2.15,1.0,79.0,145190.0,55.53677,57.681007,217712.11,109811.945,0.0,0.0,0.0
17947.0,1.0,1.9533333,1.0,79.0,70140.0,58.486,56.496067,202311.75,93190.18,0.0,0.0,0.0
17947.0,2.0,2.1966667,1.0,79.0,70140.0,53.283184,51.787785,202311.75,93190.18,0.0,0.0,0.0
17947.0,3.0,1.885,1.0,79.0,70140.0,57.75365,58.557186,202311.75,93190.18,0.0,0.0,0.0
17947.0,4.0,1.3833333,1.0,79.0,70140.0,56.53681,52.058174,202311.75,93190.18,0.0,0.0,0.0
17947.0,5.0,1.3366667,1.0,79.0,70140.0,60.79795,60.264606,202311.75,93190.18,0.0,0.0,0.0
17947.0,6.0,1.7166667,1.0,79.0,70140.0,53.039227,51.982544,202311.75,93190.18,0.0,0.0,0.0
17947.0,7.0,1.45,1.0,79.0,70140.0,56.99997,58.734093,202311.75,93190.18,0.0,0.0,0.0
17958.0,1.0,1.2066667,1.0,79.0,253050.0,55.73446,54.605206,235445.12,129386.695,0.0,0.0,0.0
17958.0,2.0,1.3833333,1.0,79.0,253050.0,49.897163,49.336807,235445.12,129386.695,0.0,0.0,0.0
17958.0,3.0,1.335,1.0,79.0,253050.0,53.32283,54.143997,235445.12,129386.695,0.0,0.0,0.0
17958.0,4.0,1.4066666,1.0,79.0,253050.0,50.35594,47.167934,235445.12,129386.695,0.0,0.0,0.0
17958.0,5.0,1.2466667,1.0,79.0,253050.0,54.495583,54.727974,235445.12,129386.695,0.0,0.0,0.0
17958.0,6.0,1.37,1.0,79.0,253050.0,47.416916,47.394814,235445.12,129386.695,0.0,0.0,0.0
17958.0,7.0,1.655,1.0,79.0,253050.0,51.515472,53.292755,235445.12,129386.695,0.0,0.0,0.0
17976.0,1.0,1.1966667,1.0,79.0,164140.0,54.643818,52.801907,182122.75,77258.98,0.0,0.0,0.0
17976.0,2.0,1.1800001,1.0,79.0,164140.0,49.733505,48.148544,182122.75,77258.98,0.0,0.0,0.0
17976.0,3.0,1.1600001,1.0,79.0,164140.0,54.42002,54.658936,182122.75,77258.98,0.0,0.0,0.0
17976.0,4.0,1.0,1.0,79.0,164140.0,52.629635,48.8752,182122.75,77258.98,0.0,0.0,0.0
17976.0,5.0,1.02,1.0,79.0,164140.0,57.16942,57.08853,182122.75,77258.98,0.0,0.0,0.0
17976.0,6.0,1.02,1.0,79.0,164140.0,49.378216,48.507996,182122.75,77258.98,0.0,0.0,0.0
17976.0,7.0,1.0,1.0,79.0,164140.0,53.14376,54.58898,182122.75,77258.98,0.0,0.0,0.0
17980.0,1.0,2.8966668,1.0,79.0,224580.0,52.997166,51.258144,200627.9,94874.414,0.0,0.0,0.0
17980.0,2.0,3.27,1.0,79.0,224580.0,48.212215,46.646233,200627.9,94874.414,0.0,0.0,0.0
17980.0,3.0,2.8825,1.0,79.0,224580.0,52.991325,53.029907,200627.9,94874.414,0.0,0.0,0.0
17980.0,4.0,2.6166666,1.0,79.0,224580.0,50.95513,47.549885,200627.9,94874.414,0.0,0.0,0.0
17980.0,5.0,2.1733334,1.0,79.0,224580.0,55.614334,55.748096,200627.9,94874.414,0.0,0.0,0.0
17980.0,6.0,3.2266667,1.0,79.0,224580.0,47.80921,47.033123,200627.9,94874.414,0.0,0.0,0.0
17980.0,7.0,2.9850001,1.0,79.0,224580.0,51.491096,52.819695,200627.9,94874.414,0.0,0.0,0.0
17987.0,1.0,1.8366666,1.0,79.0,204250.0,58.486,56.496067,187524.62,78979.555,0.0,0.0,0.0
17987.0,2.0,2.0866666,1.0,79.0,204250.0,53.283184,51.787785,187524.62,78979.555,0.0,0.0,0.0
17987.0,3.0,1.8774999,1.0,79.0,204250.0,57.75365,58.557186,187524.62,78979.555,0.0,0.0,0.0
17987.0,4.0,1.7133334,1.0,79.0,204250.0,56.53681,52.058174,187524.62,78979.555,0.0,0.0,0.0
17987.0,5.0,1.34,1.0,79.0,204250.0,60.79795,60.264606,187524.62,78979.555,0.0,0.0,0.0
17987.0,6.0,1.5966667,1.0,79.0,204250.0,53.039227,51.982544,187524.62,78979.555,0.0,0.0,0.0
17987.0,7.0,1.6,1.0,79.0,204250.0,56.99997,58.734093,187524.62,78979.555,0.0,0.0,0.0
32608.0,1.0,56.423332,3.0,26.0,191350.0,47.479675,44.041275,91637.84,46833.27,0.0,,1.0
32608.0,2.0,55.786667,3.0,26.0,191350.0,46.47495,42.941807,91637.84,46833.27,0.0,,1.0
32608.0,3.0,57.45,3.0,26.0,191350.0,52.61786,50.81567,91637.84,46833.27,0.0,,1.0
32608.0,4.0,59.49,3.0,26.0,191350.0,53.73199,47.146404,91637.84,46833.27,0.0,,1.0
32608.0,5.0,56.600002,3.0,26.0,191350.0,57.390034,53.7613,91637.84,46833.27,0.0,,1.0
32608.0,6.0,58.953335,3.0,26.0,191350.0,49.27902,44.301056,91637.84,46833.27,0.0,,1.0
32608.0,7.0,61.68,3.0,26.0,191350.0,51.191933,49.984604,91637.84,46833.27,0.0,,1.0
32612.0,1.0,44.773335,3.0,26.0,405080.0,47.479675,44.041275,103345.98,40536.31,0.0,,1.0
32612.0,2.0,46.093334,3.0,26.0,405080.0,46.47495,42.941807,103345.98,40536.31,0.0,,1.0
32612.0,3.0,45.4825,3.0,26.0,405080.0,52.61786,50.81567,103345.98,40536.31,0.0,,1.0
32612.0,4.0,47.916668,3.0,26.0,405080.0,53.73199,47.146404,103345.98,40536.31,0.0,,1.0
32612.0,5.0,44.42,3.0,26.0,405080.0,57.390034,53.7613,103345.98,40536.31,0.0,,1.0
32612.0,6.0,51.47333,3.0,26.0,405080.0,49.27902,44.301056,103345.98,40536.31,0.0,,1.0
32612.0,7.0,54.370003,3.0,26.0,405080.0,51.191933,49.984604,103345.98,40536.31,0.0,,1.0
32614.0,1.0,5.3233333,3.0,26.0,313650.0,47.208324,44.045254,63779.152,57986.21,0.0,,1.0
32614.0,2.0,6.4966664,3.0,26.0,313650.0,46.384155,43.045307,63779.152,57986.21,0.0,,1.0
32614.0,3.0,6.065,3.0,26.0,313650.0,52.539528,50.66812,63779.152,57986.21,0.0,,1.0
32614.0,4.0,6.423333,3.0,26.0,313650.0,54.013344,47.475834,63779.152,57986.21,0.0,,1.0
32614.0,5.0,6.0833335,3.0,26.0,313650.0,57.288116,53.7773,63779.152,57986.21,0.0,,1.0
32614.0,6.0,9.25,3.0,26.0,313650.0,49.405052,44.57317,63779.152,57986.21,0.0,,1.0
32614.0,7.0,10.73,3.0,26.0,313650.0,51.22442,50.254524,63779.152,57986.21,0.0,,1.0
32616.0,1.0,62.533333,3.0,26.0,200010.0,0.0,0.0,95392.76,38036.207,0.0,,1.0
32616.0,2.0,63.466667,3.0,26.0,200010.0,0.0,0.0,95392.76,38036.207,0.0,,1.0
32616.0,3.0,62.175,3.0,26.0,200010.0,0.0,0.0,95392.76,38036.207,0.0,,1.0
32616.0,4.0,62.666668,3.0,26.0,200010.0,0.0,0.0,95392.76,38036.207,0.0,,1.0
32616.0,5.0,61.5,3.0,26.0,200010.0,0.0,0.0,95392.76,38036.207,0.0,,1.0
32616.0,6.0,62.866665,3.0,26.0,200010.0,0.0,0.0,95392.76,38036.207,0.0,,1.0
32616.0,7.0,63.05,3.0,26.0,200010.0,0.0,0.0,95392.76,38036.207,0.0,,1.0
32618.0,1.0,3.3999999,3.0,26.0,176730.0,47.479675,44.041275,97231.74,21345.73,0.0,,1.0
32618.0,2.0,4.8366666,3.0,26.0,176730.0,46.47495,42.941807,97231.74,21345.73,0.0,,1.0
32618.0,3.0,3.7475,3.0,26.0,176730.0,52.61786,50.81567,97231.74,21345.73,0.0,,1.0
32618.0,4.0,5.29,3.0,26.0,176730.0,53.73199,47.146404,97231.74,21345.73,0.0,,1.0
32618.0,5.0,4.0366664,3.0,26.0,176730.0,57.390034,53.7613,97231.74,21345.73,0.0,,1.0
32618.0,6.0,5.1433334,3.0,26.0,176730.0,49.27902,44.301056,97231.74,21345.73,0.0,,1.0
32618.0,7.0,5.475,3.0,26.0,176730.0,51.191933,49.984604,97231.74,21345.73,0.0,,1.0
32626.0,1.0,30.346666,3.0,26.0,282140.0,47.479675,44.041275,95508.6,47202.27,0.0,,1.0
32626.0,2.0,29.413334,3.0,26.0,282140.0,46.47495,42.941807,95508.6,47202.27,0.0,,1.0
32626.0,3.0,31.307499,3.0,26.0,282140.0,52.61786,50.81567,95508.6,47202.27,0.0,,1.0
32626.0,4.0,34.833332,3.0,26.0,282140.0,53.73199,47.146404,95508.6,47202.27,0.0,,1.0
32626.0,5.0,30.0,3.0,26.0,282140.0,57.390034,53.7613,95508.6,47202.27,0.0,,1.0
32626.0,6.0,33.420002,3.0,26.0,282140.0,49.27902,44.301056,95508.6,47202.27,0.0,,1.0
32626.0,7.0,38.989998,3.0,26.0,282140.0,51.191933,49.984604,95508.6,47202.27,0.0,,1.0
32638.0,1.0,16.55,3.0,26.0,530420.0,47.479675,44.041275,97509.96,32279.588,0.0,,1.0
32638.0,2.0,20.833334,3.0,26.0,530420.0,46.47495,42.941807,97509.96,32279.588,0.0,,1.0
32638.0,3.0,15.465,3.0,26.0,530420.0,52.61786,50.81567,97509.96,32279.588,0.0,,1.0
32638.0,4.0,18.373333,3.0,26.0,530420.0,53.73199,47.146404,97509.96,32279.588,0.0,,1.0
32638.0,5.0,15.63,3.0,26.0,530420.0,57.390034,53.7613,97509.96,32279.588,0.0,,1.0
32638.0,6.0,20.326666,3.0,26.0,530420.0,49.27902,44.301056,97509.96,32279.588,0.0,,1.0
32638.0,7.0,20.945,3.0,26.0,530420.0,51.191933,49.984604,97509.96,32279.588,0.0,,1.0
32640.0,1.0,60.47333,3.0,26.0,211610.0,47.479675,44.041275,97504.234,36185.04,0.0,,1.0
32640.0,2.0,62.833332,3.0,26.0,211610.0,46.47495,42.941807,97504.234,36185.04,0.0,,1.0
32640.0,3.0,59.1025,3.0,26.0,211610.0,52.61786,50.81567,97504.234,36185.04,0.0,,1.0
32640.0,4.0,61.14,3.0,26.0,211610.0,53.73199,47.146404,97504.234,36185.04,0.0,,1.0
32640.0,5.0,57.556667,3.0,26.0,211610.0,57.390034,53.7613,97504.234,36185.04,0.0,,1.0
32640.0,6.0,60.306667,3.0,26.0,211610.0,49.27902,44.301056,97504.234,36185.04,0.0,,1.0
32640.0,7.0,60.545,3.0,26.0,211610.0,51.191933,49.984604,97504.234,36185.04,0.0,,1.0
32642.0,1.0,63.833332,3.0,26.0,398720.0,0.0,0.0,99871.61,36928.58,0.0,,1.0
32642.0,2.0,64.0,3.0,26.0,398720.0,0.0,0.0,99871.61,36928.58,0.0,,1.0
32642.0,3.0,63.375,3.0,26.0,398720.0,0.0,0.0,99871.61,36928.58,0.0,,1.0
32642.0,4.0,63.166668,3.0,26.0,398720.0,0.0,0.0,99871.61,36928.58,0.0,,1.0
32642.0,5.0,62.333332,3.0,26.0,398720.0,0.0,0.0,99871.61,36928.58,0.0,,1.0
32642.0,6.0,63.333332,3.0,26.0,398720.0,0.0,0.0,99871.61,36928.58,0.0,,1.0
32642.0,7.0,64.0,3.0,26.0,398720.0,0.0,0.0,99871.61,36928.58,0.0,,1.0
32648.0,1.0,62.683334,3.0,26.0,639540.0,0.0,0.0,90016.57,43055.707,0.0,,1.0
32648.0,2.0,63.523335,3.0,26.0,639540.0,0.0,0.0,90016.57,43055.707,0.0,,1.0
32648.0,3.0,62.595,3.0,26.0,639540.0,0.0,0.0,90016.57,43055.707,0.0,,1.0
32648.0,4.0,62.79333,3.0,26.0,639540.0,0.0,0.0,90016.57,43055.707,0.0,,1.0
32648.0,5.0,61.553333,3.0,26.0,639540.0,0.0,0.0,90016.57,43055.707,0.0,,1.0
32648.0,6.0,63.3,3.0,26.0,639540.0,0.0,0.0,90016.57,43055.707,0.0,,1.0
32648.0,7.0,63.71,3.0,26.0,639540.0,0.0,0.0,90016.57,43055.707,0.0,,1.0
32650.0,1.0,60.15333,3.0,26.0,317420.0,0.0,0.0,92697.22,39468.51,0.0,,1.0
32650.0,2.0,62.283333,3.0,26.0,317420.0,0.0,0.0,92697.22,39468.51,0.0,,1.0
32650.0,3.0,59.845,3.0,26.0,317420.0,0.0,0.0,92697.22,39468.51,0.0,,1.0
32650.0,4.0,61.0,3.0,26.0,317420.0,0.0,0.0,92697.22,39468.51,0.0,,1.0
32650.0,5.0,59.643333,3.0,26.0,317420.0,0.0,0.0,92697.22,39468.51,0.0,,1.0
32650.0,6.0,61.843334,3.0,26.0,317420.0,0.0,0.0,92697.22,39468.51,0.0,,1.0
32650.0,7.0,62.195,3.0,26.0,317420.0,0.0,0.0,92697.22,39468.51,0.0,,1.0
32654.0,1.0,64.0,3.0,26.0,222730.0,47.479675,44.041275,99096.38,39423.133,0.0,,1.0
32654.0,2.0,63.866665,3.0,26.0,222730.0,46.47495,42.941807,99096.38,39423.133,0.0,,1.0
32654.0,3.0,63.6,3.0,26.0,222730.0,52.61786,50.81567,99096.38,39423.133,0.0,,1.0
32654.0,4.0,63.866665,3.0,26.0,222730.0,53.73199,47.146404,99096.38,39423.133,0.0,,1.0
32654.0,5.0,62.666668,3.0,26.0,222730.0,57.390034,53.7613,99096.38,39423.133,0.0,,1.0
32654.0,6.0,63.733334,3.0,26.0,222730.0,49.27902,44.301056,99096.38,39423.133,0.0,,1.0
32654.0,7.0,64.0,3.0,26.0,222730.0,51.191933,49.984604,99096.38,39423.133,0.0,,1.0
32662.0,1.0,3.4099998,3.0,26.0,268190.0,47.479675,44.041275,89661.97,28920.729,0.0,,1.0
32662.0,2.0,4.923333,3.0,26.0,268190.0,46.47495,42.941807,89661.97,28920.729,0.0,,1.0
32662.0,3.0,4.13,3.0,26.0,268190.0,52.61786,50.81567,89661.97,28920.729,0.0,,1.0
32662.0,4.0,5.483333,3.0,26.0,268190.0,53.73199,47.146404,89661.97,28920.729,0.0,,1.0
32662.0,5.0,3.9133334,3.0,26.0,268190.0,57.390034,53.7613,89661.97,28920.729,0.0,,1.0
32662.0,6.0,5.3233333,3.0,26.0,268190.0,49.27902,44.301056,89661.97,28920.729,0.0,,1.0
32662.0,7.0,6.0699997,3.0,26.0,268190.0,51.191933,49.984604,89661.97,28920.729,0.0,,1.0
32664.0,1.0,53.316666,3.0,26.0,,47.479675,44.041275,87140.95,47898.266,0.0,,1.0
32664.0,2.0,53.83,3.0,26.0,,46.47495,42.941807,87140.95,47898.266,0.0,,1.0
32664.0,3.0,52.825,3.0,26.0,,52.61786,50.81567,87140.95,47898.266,0.0,,1.0
32664.0,4.0,52.11,3.0,26.0,,53.73199,47.146404,87140.95,47898.266,0.0,,1.0
32664.0,5.0,49.453335,3.0,26.0,,57.390034,53.7613,87140.95,47898.266,0.0,,1.0
32664.0,6.0,55.19,3.0,26.0,,49.27902,44.301056,87140.95,47898.266,0.0,,1.0
32664.0,7.0,58.35,3.0,26.0,,51.191933,49.984604,87140.95,47898.266,0.0,,1.0
32666.0,1.0,63.9,3.0,26.0,193610.0,0.0,0.0,97457.37,39494.66,0.0,,1.0
32666.0,2.0,63.766666,3.0,26.0,193610.0,0.0,0.0,97457.37,39494.66,0.0,,1.0
32666.0,3.0,63.775,3.0,26.0,193610.0,0.0,0.0,97457.37,39494.66,0.0,,1.0
32666.0,4.0,63.8,3.0,26.0,193610.0,0.0,0.0,97457.37,39494.66,0.0,,1.0
32666.0,5.0,62.833332,3.0,26.0,193610.0,0.0,0.0,97457.37,39494.66,0.0,,1.0
32666.0,6.0,63.733334,3.0,26.0,193610.0,0.0,0.0,97457.37,39494.66,0.0,,1.0
32666.0,7.0,64.0,3.0,26.0,193610.0,0.0,0.0,97457.37,39494.66,0.0,,1.0
32668.0,1.0,53.133335,3.0,26.0,353870.0,0.0,0.0,99706.5,41507.023,0.0,,1.0
32668.0,2.0,52.483334,3.0,26.0,353870.0,0.0,0.0,99706.5,41507.023,0.0,,1.0
32668.0,3.0,53.5,3.0,26.0,353870.0,0.0,0.0,99706.5,41507.023,0.0,,1.0
32668.0,4.0,55.266666,3.0,26.0,353870.0,0.0,0.0,99706.5,41507.023,0.0,,1.0
32668.0,5.0,50.033333,3.0,26.0,353870.0,0.0,0.0,99706.5,41507.023,0.0,,1.0
32668.0,6.0,54.933334,3.0,26.0,353870.0,0.0,0.0,99706.5,41507.023,0.0,,1.0
32668.0,7.0,60.025,3.0,26.0,353870.0,0.0,0.0,99706.5,41507.023,0.0,,1.0
32672.0,1.0,14.07,3.0,26.0,350960.0,47.344,44.040943,76279.63,53318.312,0.0,,1.0
32672.0,2.0,17.283333,3.0,26.0,350960.0,46.429554,42.986744,76279.63,53318.312,0.0,,1.0
32672.0,3.0,16.682499,3.0,26.0,350960.0,52.578697,50.73961,76279.63,53318.312,0.0,,1.0
32672.0,4.0,19.523333,3.0,26.0,350960.0,53.872665,47.306854,76279.63,53318.312,0.0,,1.0
32672.0,5.0,18.8,3.0,26.0,350960.0,57.339077,53.767197,76279.63,53318.312,0.0,,1.0
32672.0,6.0,27.306667,3.0,26.0,350960.0,49.342033,44.43515,76279.63,53318.312,0.0,,1.0
32672.0,7.0,31.914999,3.0,26.0,350960.0,51.208176,50.116623,76279.63,53318.312,0.0,,1.0
32688.0,1.0,63.053333,3.0,26.0,309470.0,0.0,0.0,101388.09,36910.17,0.0,,1.0
32688.0,2.0,63.83,3.0,26.0,309470.0,0.0,0.0,101388.09,36910.17,0.0,,1.0
32688.0,3.0,62.5025,3.0,26.0,309470.0,0.0,0.0,101388.09,36910.17,0.0,,1.0
32688.0,4.0,62.89,3.0,26.0,309470.0,0.0,0.0,101388.09,36910.17,0.0,,1.0
32688.0,5.0,61.943333,3.0,26.0,309470.0,0.0,0.0,101388.09,36910.17,0.0,,1.0
32688.0,6.0,63.0,3.0,26.0,309470.0,0.0,0.0,101388.09,36910.17,0.0,,1.0
32688.0,7.0,63.75,3.0,26.0,309470.0,0.0,0.0,101388.09,36910.17,0.0,,1.0
32690.0,1.0,64.0,3.0,26.0,220950.0,0.0,0.0,94846.92,41036.71,0.0,,1.0
32690.0,2.0,63.97333,3.0,26.0,220950.0,0.0,0.0,94846.92,41036.71,0.0,,1.0
32690.0,3.0,63.905,3.0,26.0,220950.0,0.0,0.0,94846.92,41036.71,0.0,,1.0
32690.0,4.0,64.0,3.0,26.0,220950.0,0.0,0.0,94846.92,41036.71,0.0,,1.0
32690.0,5.0,63.05,3.0,26.0,220950.0,0.0,0.0,94846.92,41036.71,0.0,,1.0
32690.0,6.0,63.946667,3.0,26.0,220950.0,0.0,0.0,94846.92,41036.71,0.0,,1.0
32690.0,7.0,64.0,3.0,26.0,220950.0,0.0,0.0,94846.92,41036.71,0.0,,1.0
32695.0,1.0,32.896667,3.0,26.0,108210.0,47.479675,44.041275,88069.234,53163.613,0.0,,1.0
32695.0,2.0,34.75,3.0,26.0,108210.0,46.47495,42.941807,88069.234,53163.613,0.0,,1.0
32695.0,3.0,35.61,3.0,26.0,108210.0,52.61786,50.81567,88069.234,53163.613,0.0,,1.0
32695.0,4.0,39.673332,3.0,26.0,108210.0,53.73199,47.146404,88069.234,53163.613,0.0,,1.0
32695.0,5.0,35.59,3.0,26.0,108210.0,57.390034,53.7613,88069.234,53163.613,0.0,,1.0
32695.0,6.0,41.07,3.0,26.0,108210.0,49.27902,44.301056,88069.234,53163.613,0.0,,1.0
32695.0,7.0,45.985,3.0,26.0,108210.0,51.191933,49.984604,88069.234,53163.613,0.0,,1.0
32903.0,1.0,1.5166667,3.0,29.0,90320.0,47.043427,44.54065,125572.52,59015.605,0.0,0.0,0.0
32903.0,2.0,1.6133333,3.0,29.0,90320.0,43.81031,40.980965,125572.52,59015.605,0.0,0.0,0.0
32903.0,3.0,2.0875,3.0,29.0,90320.0,49.901978,48.32612,125572.52,59015.605,0.0,0.0,0.0
32903.0,4.0,2.7733333,3.0,29.0,90320.0,48.88492,45.092167,125572.52,59015.605,0.0,0.0,0.0
32903.0,5.0,1.5166667,3.0,29.0,90320.0,54.08067,52.848675,125572.52,59015.605,0.0,0.0,0.0
32903.0,6.0,2.4033334,3.0,29.0,90320.0,45.402786,42.82003,125572.52,59015.605,0.0,0.0,0.0
32903.0,7.0,3.075,3.0,29.0,90320.0,48.53972,48.35952,125572.52,59015.605,0.0,0.0,0.0
32910.0,1.0,2.04,3.0,29.0,216880.0,50.032185,46.883472,115113.54,23337.018,0.0,0.0,0.0
32910.0,2.0,2.0,3.0,29.0,216880.0,46.947174,44.111572,115113.54,23337.018,0.0,0.0,0.0
32910.0,3.0,2.635,3.0,29.0,216880.0,52.628555,51.419075,115113.54,23337.018,0.0,0.0,0.0
32910.0,4.0,3.1833332,3.0,29.0,216880.0,52.21726,47.345436,115113.54,23337.018,0.0,0.0,0.0
32910.0,5.0,2.1133332,3.0,29.0,216880.0,56.8555,55.01399,115113.54,23337.018,0.0,0.0,0.0
32910.0,6.0,3.46,3.0,29.0,216880.0,48.420185,45.371967,115113.54,23337.018,0.0,0.0,0.0
32910.0,7.0,3.995,3.0,29.0,216880.0,51.430836,51.301743,115113.54,23337.018,0.0,0.0,0.0
32918.0,1.0,1.4366666,3.0,29.0,190810.0,46.786144,44.28841,111072.65,56087.383,0.0,0.0,0.0
32918.0,2.0,1.3933333,3.0,29.0,190810.0,43.72182,40.82768,111072.65,56087.383,0.0,0.0,0.0
32918.0,3.0,1.625,3.0,29.0,190810.0,49.838615,48.188915,111072.65,56087.383,0.0,0.0,0.0
32918.0,4.0,1.8266667,3.0,29.0,190810.0,48.969944,45.042763,111072.65,56087.383,0.0,0.0,0.0
32918.0,5.0,1.3133334,3.0,29.0,190810.0,54.084152,52.74177,111072.65,56087.383,0.0,0.0,0.0
32918.0,6.0,1.7466667,3.0,29.0,190810.0,45.3878,42.702164,111072.65,56087.383,0.0,0.0,0.0
32918.0,7.0,1.86,3.0,29.0,190810.0,48.50535,48.29158,111072.65,56087.383,0.0,0.0,0.0
32921.0,1.0,1.6,3.0,29.0,69400.0,45.130615,42.496407,92059.81,32197.834,0.0,0.0,0.0
32921.0,2.0,1.4133333,3.0,29.0,69400.0,43.990612,40.648495,92059.81,32197.834,0.0,0.0,0.0
32921.0,3.0,1.685,3.0,29.0,69400.0,50.300385,48.109406,92059.81,32197.834,0.0,0.0,0.0
32921.0,4.0,1.7133332,3.0,29.0,69400.0,51.18079,45.434135,92059.81,32197.834,0.0,0.0,0.0
32921.0,5.0,1.3433334,3.0,29.0,69400.0,55.211628,52.330326,92059.81,32197.834,0.0,0.0,0.0
32921.0,6.0,1.6366667,3.0,29.0,69400.0,46.574955,42.37799,92059.81,32197.834,0.0,0.0,0.0
32921.0,7.0,1.8399999,3.0,29.0,69400.0,49.14882,48.376587,92059.81,32197.834,0.0,0.0,0.0
32947.0,1.0,5.3233333,3.0,29.0,338190.0,43.956085,41.870747,88355.33,47331.727,0.0,0.0,0.0
32947.0,2.0,5.7833333,3.0,29.0,338190.0,42.748444,39.565414,88355.33,47331.727,0.0,0.0,0.0
32947.0,3.0,5.48,3.0,29.0,338190.0,49.141644,46.900616,88355.33,47331.727,0.0,0.0,0.0
32947.0,4.0,5.5666666,3.0,29.0,338190.0,49.90519,44.70004,88355.33,47331.727,0.0,0.0,0.0
32947.0,5.0,4.2966666,3.0,29.0,338190.0,54.12243,51.69001,88355.33,47331.727,0.0,0.0,0.0
32947.0,6.0,6.5733333,3.0,29.0,338190.0,45.222923,41.489338,88355.33,47331.727,0.0,0.0,0.0
32947.0,7.0,7.725,3.0,29.0,338190.0,48.127262,47.62575,88355.33,47331.727,0.0,0.0,0.0
32956.0,1.0,2.34,3.0,29.0,166970.0,44.342,42.16051,96709.85,65739.836,0.0,0.0,0.0
32956.0,2.0,2.4666667,3.0,29.0,166970.0,42.88118,39.69068,96709.85,65739.836,0.0,0.0,0.0
32956.0,3.0,2.5375,3.0,29.0,166970.0,49.236687,47.051777,96709.85,65739.836,0.0,0.0,0.0
32956.0,4.0,2.68,3.0,29.0,166970.0,49.777657,44.72478,96709.85,65739.836,0.0,0.0,0.0
32956.0,5.0,2.0233333,3.0,29.0,166970.0,54.11721,51.820007,96709.85,65739.836,0.0,0.0,0.0
32956.0,6.0,2.7333333,3.0,29.0,166970.0,45.245403,41.64544,96709.85,65739.836,0.0,0.0,0.0
32956.0,7.0,2.9850001,3.0,29.0,166970.0,48.178818,47.70763,96709.85,65739.836,0.0,0.0,0.0
32962.0,1.0,1.26,3.0,29.0,268230.0,46.63178,44.139565,108224.766,39500.55,0.0,0.0,0.0
32962.0,2.0,1.2366667,3.0,29.0,268230.0,43.668728,40.738712,108224.766,39500.55,0.0,0.0,0.0
32962.0,3.0,1.7,3.0,29.0,268230.0,49.8006,48.108154,108224.766,39500.55,0.0,0.0,0.0
32962.0,4.0,2.0566666,3.0,29.0,268230.0,49.020954,45.014557,108224.766,39500.55,0.0,0.0,0.0
32962.0,5.0,1.33,3.0,29.0,268230.0,54.08624,52.678535,108224.766,39500.55,0.0,0.0,0.0
32962.0,6.0,2.3866668,3.0,29.0,268230.0,45.378803,42.63204,108224.766,39500.55,0.0,0.0,0.0
32962.0,7.0,2.79,3.0,29.0,268230.0,48.484726,48.2514,108224.766,39500.55,0.0,0.0,0.0
32984.0,1.0,1.68,3.0,29.0,170790.0,49.001324,45.591766,104096.49,20747.48,0.0,0.0,0.0
32984.0,2.0,1.6899999,3.0,29.0,170790.0,46.965782,43.72269,104096.49,20747.48,0.0,0.0,0.0
32984.0,3.0,1.9425,3.0,29.0,170790.0,52.820904,51.270172,104096.49,20747.48,0.0,0.0,0.0
32984.0,4.0,2.27,3.0,29.0,170790.0,53.25841,47.403122,104096.49,20747.48,0.0,0.0,0.0
32984.0,5.0,1.7433333,3.0,29.0,170790.0,57.35097,54.57833,104096.49,20747.48,0.0,0.0,0.0
32984.0,6.0,2.3966665,3.0,29.0,170790.0,49.04747,45.03235,104096.49,20747.48,0.0,0.0,0.0
32984.0,7.0,2.8600001,3.0,29.0,170790.0,51.583138,50.96441,104096.49,20747.48,0.0,0.0,0.0
33330.0,1.0,14.0,3.0,33.0,587640.0,46.591614,44.122948,76728.71,68572.164,0.0,,1.0
33330.0,2.0,16.04,3.0,33.0,587640.0,46.177803,43.47915,76728.71,68572.164,0.0,,1.0
33330.0,3.0,16.5375,3.0,33.0,587640.0,52.361504,50.401615,76728.71,68572.164,0.0,,1.0
33330.0,4.0,17.866667,3.0,33.0,587640.0,54.652786,48.348953,76728.71,68572.164,0.0,,1.0
33330.0,5.0,15.413333,3.0,33.0,587640.0,57.05648,53.876038,76728.71,68572.164,0.0,,1.0
33330.0,6.0,21.716667,3.0,33.0,587640.0,49.691494,45.248943,76728.71,68572.164,0.0,,1.0
33330.0,7.0,25.85,3.0,33.0,587640.0,51.298256,50.954872,76728.71,68572.164,0.0,,1.0
33332.0,1.0,4.7733335,3.0,33.0,234240.0,45.85156,44.34014,60046.49,75738.97,0.0,,1.0
33332.0,2.0,5.8166666,3.0,33.0,234240.0,45.930183,44.344734,60046.49,75738.97,0.0,,1.0
33332.0,3.0,6.5950003,3.0,33.0,234240.0,52.147873,50.210365,60046.49,75738.97,0.0,,1.0
33332.0,4.0,6.863333,3.0,33.0,234240.0,55.420116,49.61445,60046.49,75738.97,0.0,,1.0
33332.0,5.0,6.7066665,3.0,33.0,234240.0,56.778522,54.107857,60046.49,75738.97,0.0,,1.0
33332.0,6.0,9.78,3.0,33.0,234240.0,50.035225,46.160698,60046.49,75738.97,0.0,,1.0
33332.0,7.0,11.885,3.0,33.0,234240.0,51.386856,51.951202,60046.49,75738.97,0.0,,1.0
33334.0,1.0,7.0366664,3.0,33.0,176610.0,48.550602,44.429455,91535.46,70557.02,0.0,,1.0
33334.0,2.0,7.5666666,3.0,33.0,176610.0,49.53827,46.967285,91535.46,70557.02,0.0,,1.0
33334.0,3.0,7.0075,3.0,33.0,176610.0,53.191494,50.837967,91535.46,70557.02,0.0,,1.0
33334.0,4.0,7.25,3.0,33.0,176610.0,56.703037,48.729336,91535.46,70557.02,0.0,,1.0
33334.0,5.0,5.84,3.0,33.0,176610.0,58.086487,54.03845,91535.46,70557.02,0.0,,1.0
33334.0,6.0,9.236667,3.0,33.0,176610.0,51.880497,46.51784,91535.46,70557.02,0.0,,1.0
33334.0,7.0,11.25,3.0,33.0,176610.0,52.73442,51.881123,91535.46,70557.02,0.0,,1.0
33336.0,1.0,1.8666667,3.0,33.0,304650.0,46.589108,43.52651,88614.16,88572.66,0.0,,1.0
33336.0,2.0,2.2533333,3.0,33.0,304650.0,48.376812,47.231358,88614.16,88572.66,0.0,,1.0
33336.0,3.0,3.2,3.0,33.0,304650.0,51.736313,48.7381,88614.16,88572.66,0.0,,1.0
33336.0,4.0,3.7233334,3.0,33.0,304650.0,57.22564,49.380054,88614.16,88572.66,0.0,,1.0
33336.0,5.0,2.5833333,3.0,33.0,304650.0,56.979378,53.051533,88614.16,88572.66,0.0,,1.0
33336.0,6.0,4.5099998,3.0,33.0,304650.0,52.05682,46.719604,88614.16,88572.66,0.0,,1.0
33336.0,7.0,5.05,3.0,33.0,304650.0,52.206856,51.882244,88614.16,88572.66,0.0,,1.0
33386.0,1.0,2.7466667,3.0,33.0,321230.0,45.981716,44.14493,71393.32,89378.195,0.0,,1.0
33386.0,2.0,3.5666666,3.0,33.0,321230.0,46.361942,44.768333,71393.32,89378.195,0.0,,1.0
33386.0,3.0,4.6025,3.0,33.0,321230.0,52.07524,49.878498,71393.32,89378.195,0.0,,1.0
33386.0,4.0,5.403333,3.0,33.0,321230.0,55.73874,49.505207,71393.32,89378.195,0.0,,1.0
33386.0,5.0,5.0333333,3.0,33.0,321230.0,56.813965,53.872395,71393.32,89378.195,0.0,,1.0
33386.0,6.0,9.326667,3.0,33.0,321230.0,50.39198,46.19284,71393.32,89378.195,0.0,,1.0
33386.0,7.0,10.835,3.0,33.0,321230.0,51.531563,51.880394,71393.32,89378.195,0.0,,1.0
33532.0,1.0,1.7566667,3.0,35.0,291980.0,47.58031,45.154865,149954.62,57721.855,0.0,0.0,0.0
33532.0,2.0,2.0366666,3.0,35.0,291980.0,44.149384,41.442078,149954.62,57721.855,0.0,0.0,0.0
33532.0,3.0,2.42,3.0,35.0,291980.0,50.07118,48.646904,149954.62,57721.855,0.0,0.0,0.0
33532.0,4.0,2.47,3.0,35.0,291980.0,48.861713,45.150265,149954.62,57721.855,0.0,0.0,0.0
33532.0,5.0,2.15,3.0,35.0,291980.0,54.00356,52.991398,149954.62,57721.855,0.0,0.0,0.0
33532.0,6.0,3.7866666,3.0,35.0,291980.0,45.447704,43.129093,149954.62,57721.855,0.0,0.0,0.0
33532.0,7.0,4.835,3.0,35.0,291980.0,48.646553,48.64602,149954.62,57721.855,0.0,0.0,0.0
33543.0,1.0,1.1833334,3.0,35.0,205840.0,47.043427,44.54065,134406.22,51973.453,0.0,0.0,0.0
33543.0,2.0,1.14,3.0,35.0,205840.0,43.81031,40.980965,134406.22,51973.453,0.0,0.0,0.0
33543.0,3.0,1.1225,3.0,35.0,205840.0,49.901978,48.32612,134406.22,51973.453,0.0,0.0,0.0
33543.0,4.0,1.5033333,3.0,35.0,205840.0,48.88492,45.092167,134406.22,51973.453,0.0,0.0,0.0
33543.0,5.0,1.1933333,3.0,35.0,205840.0,54.08067,52.848675,134406.22,51973.453,0.0,0.0,0.0
33543.0,6.0,2.0833333,3.0,35.0,205840.0,45.402786,42.82003,134406.22,51973.453,0.0,0.0,0.0
33543.0,7.0,2.825,3.0,35.0,205840.0,48.53972,48.35952,134406.22,51973.453,0.0,0.0,0.0
33551.0,1.0,1.01,3.0,35.0,208760.0,52.587067,49.898914,156417.3,50866.547,0.0,0.0,0.0
33551.0,2.0,1.0266666,3.0,35.0,208760.0,48.60174,46.27824,156417.3,50866.547,0.0,0.0,0.0
33551.0,3.0,1.1025,3.0,35.0,208760.0,53.751503,53.20183,156417.3,50866.547,0.0,0.0,0.0
33551.0,4.0,1.24,3.0,35.0,208760.0,52.70114,48.193275,156417.3,50866.547,0.0,0.0,0.0
33551.0,5.0,1.0733334,3.0,35.0,208760.0,57.2437,56.18575,156417.3,50866.547,0.0,0.0,0.0
33551.0,6.0,1.34,3.0,35.0,208760.0,49.15065,47.108658,156417.3,50866.547,0.0,0.0,0.0
33551.0,7.0,1.4449999,3.0,35.0,208760.0,52.528225,53.147537,156417.3,50866.547,0.0,0.0,0.0
33558.0,1.0,1.4333333,3.0,35.0,269080.0,47.84809,45.145626,127452.52,37122.066,0.0,0.0,0.0
33558.0,2.0,1.4833333,3.0,35.0,269080.0,44.65485,41.80179,127452.52,37122.066,0.0,0.0,0.0
33558.0,3.0,1.8475,3.0,35.0,269080.0,50.636055,49.135483,127452.52,37122.066,0.0,0.0,0.0
33558.0,4.0,1.8866667,3.0,35.0,269080.0,49.78209,45.673153,127452.52,37122.066,0.0,0.0,0.0
33558.0,5.0,1.55,3.0,35.0,269080.0,54.827744,53.41939,127452.52,37122.066,0.0,0.0,0.0
33558.0,6.0,2.1933334,3.0,35.0,269080.0,46.215164,43.496258,127452.52,37122.066,0.0,0.0,0.0
33558.0,7.0,2.2,3.0,35.0,269080.0,49.318096,49.14675,127452.52,37122.066,0.0,0.0,0.0
33591.0,1.0,1.0233333,3.0,35.0,87850.0,50.801636,49.242867,166628.69,67106.43,0.0,0.0,0.0
33591.0,2.0,1.3666667,3.0,35.0,87850.0,46.18383,44.704918,166628.69,67106.43,0.0,0.0,0.0
33591.0,3.0,2.135,3.0,35.0,87850.0,51.086395,50.90254,166628.69,67106.43,0.0,0.0,0.0
33591.0,4.0,1.6466666,3.0,35.0,87850.0,48.722458,45.823597,166628.69,67106.43,0.0,0.0,0.0
33591.0,5.0,1.3966666,3.0,35.0,87850.0,53.54089,53.982597,166628.69,67106.43,0.0,0.0,0.0
33591.0,6.0,2.5666668,3.0,35.0,87850.0,45.717205,45.082043,166628.69,67106.43,0.0,0.0,0.0
33591.0,7.0,2.565,3.0,35.0,87850.0,49.28755,50.468422,166628.69,67106.43,0.0,0.0,0.0
33907.0,1.0,2.0033333,3.0,39.0,157230.0,51.632626,55.843838,89371.75,201888.22,0.0,,1.0
33907.0,2.0,1.7466667,3.0,39.0,157230.0,52.397327,55.779774,89371.75,201888.22,0.0,,1.0
33907.0,3.0,1.7624999,3.0,39.0,157230.0,61.138527,60.54772,89371.75,201888.22,0.0,,1.0
33907.0,4.0,1.9333333,3.0,39.0,157230.0,67.37719,64.78928,89371.75,201888.22,0.0,,1.0
33907.0,5.0,1.7033334,3.0,39.0,157230.0,62.493946,62.836376,89371.75,201888.22,0.0,,1.0
33907.0,6.0,2.3366666,3.0,39.0,157230.0,58.620453,59.437172,89371.75,201888.22,0.0,,1.0
33907.0,7.0,2.04,3.0,39.0,157230.0,60.8509,66.32728,89371.75,201888.22,0.0,,1.0
33915.0,1.0,1.1933334,3.0,39.0,192780.0,51.632626,55.843838,98422.695,212428.72,0.0,,1.0
33915.0,2.0,1.16,3.0,39.0,192780.0,52.397327,55.779774,98422.695,212428.72,0.0,,1.0
33915.0,3.0,1.1425,3.0,39.0,192780.0,61.138527,60.54772,98422.695,212428.72,0.0,,1.0
33915.0,4.0,1.12,3.0,39.0,192780.0,67.37719,64.78928,98422.695,212428.72,0.0,,1.0
33915.0,5.0,1.1533333,3.0,39.0,192780.0,62.493946,62.836376,98422.695,212428.72,0.0,,1.0
33915.0,6.0,1.28,3.0,39.0,192780.0,58.620453,59.437172,98422.695,212428.72,0.0,,1.0
33915.0,7.0,1.19,3.0,39.0,192780.0,60.8509,66.32728,98422.695,212428.72,0.0,,1.0
33929.0,1.0,1.4433334,3.0,39.0,268590.0,51.632626,55.843838,74377.92,188954.53,0.0,,1.0
33929.0,2.0,1.72,3.0,39.0,268590.0,52.397327,55.779774,74377.92,188954.53,0.0,,1.0
33929.0,3.0,1.5575,3.0,39.0,268590.0,61.138527,60.54772,74377.92,188954.53,0.0,,1.0
33929.0,4.0,1.5366666,3.0,39.0,268590.0,67.37719,64.78928,74377.92,188954.53,0.0,,1.0
33929.0,5.0,1.3333334,3.0,39.0,268590.0,62.493946,62.836376,74377.92,188954.53,0.0,,1.0
33929.0,6.0,1.7166667,3.0,39.0,268590.0,58.620453,59.437172,74377.92,188954.53,0.0,,1.0
33929.0,7.0,1.605,3.0,39.0,268590.0,60.8509,66.32728,74377.92,188954.53,0.0,,1.0
33936.0,1.0,3.8533332,3.0,39.0,505470.0,46.0548,47.55279,55287.098,159618.33,0.0,,1.0
33936.0,2.0,3.6166668,3.0,39.0,505470.0,46.271183,47.512524,55287.098,159618.33,0.0,,1.0
33936.0,3.0,3.64,3.0,39.0,505470.0,53.282703,52.16467,55287.098,159618.33,0.0,,1.0
33936.0,4.0,3.92,3.0,39.0,505470.0,58.539337,54.24955,55287.098,159618.33,0.0,,1.0
33936.0,5.0,2.4833333,3.0,39.0,505470.0,56.683388,55.662724,55287.098,159618.33,0.0,,1.0
33936.0,6.0,3.3899999,3.0,39.0,505470.0,51.452896,49.99923,55287.098,159618.33,0.0,,1.0
33936.0,7.0,3.305,3.0,39.0,505470.0,53.219,56.58077,55287.098,159618.33,0.0,,1.0
33958.0,1.0,1.0066667,3.0,39.0,201750.0,42.70316,44.342655,53425.35,169530.12,0.0,,1.0
33958.0,2.0,1.01,3.0,39.0,201750.0,43.062626,44.188705,53425.35,169530.12,0.0,,1.0
33958.0,3.0,1.1875,3.0,39.0,201750.0,50.37272,49.667847,53425.35,169530.12,0.0,,1.0
33958.0,4.0,1.2566667,3.0,39.0,201750.0,54.639862,50.899338,53425.35,169530.12,0.0,,1.0
33958.0,5.0,1.13,3.0,39.0,201750.0,53.191185,52.466816,53425.35,169530.12,0.0,,1.0
33958.0,6.0,1.3166667,3.0,39.0,201750.0,47.453415,46.428898,53425.35,169530.12,0.0,,1.0
33958.0,7.0,1.215,3.0,39.0,201750.0,49.769966,53.00132,53425.35,169530.12,0.0,,1.0
33961.0,1.0,1.7,3.0,39.0,262360.0,44.687485,46.81331,61904.035,175421.8,0.0,,1.0
33961.0,2.0,1.47,3.0,39.0,262360.0,45.137005,46.706104,61904.035,175421.8,0.0,,1.0
33961.0,3.0,1.715,3.0,39.0,262360.0,52.76512,52.020416,61904.035,175421.8,0.0,,1.0
33961.0,4.0,2.1833334,3.0,39.0,262360.0,57.47038,53.84645,61904.035,175421.8,0.0,,1.0
33961.0,5.0,1.67,3.0,39.0,262360.0,55.25846,54.729523,61904.035,175421.8,0.0,,1.0
33961.0,6.0,2.4933333,3.0,39.0,262360.0,49.93498,49.280865,61904.035,175421.8,0.0,,1.0
33961.0,7.0,2.23,3.0,39.0,262360.0,52.2324,55.899837,61904.035,175421.8,0.0,,1.0
33985.0,1.0,4.1533337,3.0,39.0,289180.0,42.70316,44.342655,35797.57,149442.31,0.0,,1.0
33985.0,2.0,3.7366667,3.0,39.0,289180.0,43.062626,44.188705,35797.57,149442.31,0.0,,1.0
33985.0,3.0,3.2675,3.0,39.0,289180.0,50.37272,49.667847,35797.57,149442.31,0.0,,1.0
33985.0,4.0,3.3999999,3.0,39.0,289180.0,54.639862,50.899338,35797.57,149442.31,0.0,,1.0
33985.0,5.0,2.4133334,3.0,39.0,289180.0,53.191185,52.466816,35797.57,149442.31,0.0,,1.0
33985.0,6.0,3.23,3.0,39.0,289180.0,47.453415,46.428898,35797.57,149442.31,0.0,,1.0
33985.0,7.0,3.23,3.0,39.0,289180.0,49.769966,53.00132,35797.57,149442.31,0.0,,1.0
34802.0,1.0,1.0466666,3.0,48.0,132200.0,46.97964,42.46805,137452.72,134332.66,0.0,,1.0
34802.0,2.0,1.0166667,3.0,48.0,132200.0,50.288174,49.2849,137452.72,134332.66,0.0,,1.0
34802.0,3.0,1.1324999,3.0,48.0,132200.0,51.52493,46.900146,137452.72,134332.66,0.0,,1.0
34802.0,4.0,1.1433333,3.0,48.0,132200.0,60.07094,48.816685,137452.72,134332.66,0.0,,1.0
34802.0,5.0,1.0233333,3.0,48.0,132200.0,57.597305,51.60442,137452.72,134332.66,0.0,,1.0
34802.0,6.0,1.0,3.0,48.0,132200.0,54.755184,47.172573,137452.72,134332.66,0.0,,1.0
34802.0,7.0,1.0,3.0,48.0,132200.0,53.94137,51.676125,137452.72,134332.66,0.0,,1.0
34806.0,1.0,2.6000001,3.0,48.0,196950.0,46.700687,43.136204,121575.07,114979.6,0.0,,1.0
34806.0,2.0,2.3633335,3.0,48.0,196950.0,48.922916,47.67642,121575.07,114979.6,0.0,,1.0
34806.0,3.0,2.6525,3.0,48.0,196950.0,51.675915,48.085297,121575.07,114979.6,0.0,,1.0
34806.0,4.0,3.0566666,3.0,48.0,196950.0,58.03858,49.111885,121575.07,114979.6,0.0,,1.0
34806.0,5.0,2.1133332,3.0,48.0,196950.0,57.155926,52.509277,121575.07,114979.6,0.0,,1.0
34806.0,6.0,3.25,3.0,48.0,196950.0,52.82778,46.730267,121575.07,114979.6,0.0,,1.0
34806.0,7.0,4.145,3.0,48.0,196950.0,52.70243,51.748554,121575.07,114979.6,0.0,,1.0
34811.0,1.0,7.38,3.0,48.0,190990.0,46.719284,43.07786,127438.484,106841.02,0.0,,1.0
34811.0,2.0,7.6566668,3.0,48.0,190990.0,49.01393,47.761986,127438.484,106841.02,0.0,,1.0
34811.0,3.0,8.7425,3.0,48.0,190990.0,51.665848,47.98614,127438.484,106841.02,0.0,,1.0
34811.0,4.0,8.276667,3.0,48.0,190990.0,58.174072,49.075375,127438.484,106841.02,0.0,,1.0
34811.0,5.0,6.2533336,3.0,48.0,190990.0,57.185352,52.42872,127438.484,106841.02,0.0,,1.0
34811.0,6.0,10.293333,3.0,48.0,190990.0,52.956276,46.74141,127438.484,106841.02,0.0,,1.0
34811.0,7.0,13.67,3.0,48.0,190990.0,52.785027,51.732105,127438.484,106841.02,0.0,,1.0
34827.0,1.0,2.9966667,3.0,48.0,147670.0,46.589108,43.52651,90506.25,121257.85,0.0,,1.0
34827.0,2.0,1.8933333,3.0,48.0,147670.0,48.376812,47.231358,90506.25,121257.85,0.0,,1.0
34827.0,3.0,2.54,3.0,48.0,147670.0,51.736313,48.7381,90506.25,121257.85,0.0,,1.0
34827.0,4.0,2.8466666,3.0,48.0,147670.0,57.22564,49.380054,90506.25,121257.85,0.0,,1.0
34827.0,5.0,1.5799999,3.0,48.0,147670.0,56.979378,53.051533,90506.25,121257.85,0.0,,1.0
34827.0,6.0,2.3866668,3.0,48.0,147670.0,52.05682,46.719604,90506.25,121257.85,0.0,,1.0
34827.0,7.0,2.18,3.0,48.0,147670.0,52.206856,51.882244,90506.25,121257.85,0.0,,1.0
34833.0,1.0,1.0133333,3.0,48.0,131030.0,106.83105,122.13363,133865.95,151141.8,0.0,,1.0
34833.0,2.0,1.0233333,3.0,48.0,131030.0,101.97461,108.901596,133865.95,151141.8,0.0,,1.0
34833.0,3.0,1.02,3.0,48.0,131030.0,109.75294,115.02401,133865.95,151141.8,0.0,,1.0
34833.0,4.0,1.0033333,3.0,48.0,131030.0,129.06967,124.15473,133865.95,151141.8,0.0,,1.0
34833.0,5.0,1.0,3.0,48.0,131030.0,120.24784,125.08301,133865.95,151141.8,0.0,,1.0
34833.0,6.0,1.0066667,3.0,48.0,131030.0,116.83372,119.52015,133865.95,151141.8,0.0,,1.0
34833.0,7.0,1.005,3.0,48.0,131030.0,121.05883,133.96002,133865.95,151141.8,0.0,,1.0
34842.0,1.0,1.8266666,3.0,48.0,234770.0,46.589108,43.52651,114130.08,131959.08,0.0,,1.0
34842.0,2.0,1.5633333,3.0,48.0,234770.0,48.376812,47.231358,114130.08,131959.08,0.0,,1.0
34842.0,3.0,1.91,3.0,48.0,234770.0,51.736313,48.7381,114130.08,131959.08,0.0,,1.0
34842.0,4.0,2.1533332,3.0,48.0,234770.0,57.22564,49.380054,114130.08,131959.08,0.0,,1.0
34842.0,5.0,1.2066666,3.0,48.0,234770.0,56.979378,53.051533,114130.08,131959.08,0.0,,1.0
34842.0,6.0,1.5366666,3.0,48.0,234770.0,52.05682,46.719604,114130.08,131959.08,0.0,,1.0
34842.0,7.0,1.415,3.0,48.0,234770.0,52.206856,51.882244,114130.08,131959.08,0.0,,1.0
34845.0,1.0,1.8966666,3.0,48.0,269650.0,46.589108,43.52651,107579.54,113418.52,0.0,,1.0
34845.0,2.0,2.01,3.0,48.0,269650.0,48.376812,47.231358,107579.54,113418.52,0.0,,1.0
34845.0,3.0,2.305,3.0,48.0,269650.0,51.736313,48.7381,107579.54,113418.52,0.0,,1.0
34845.0,4.0,2.5,3.0,48.0,269650.0,57.22564,49.380054,107579.54,113418.52,0.0,,1.0
34845.0,5.0,1.5866667,3.0,48.0,269650.0,56.979378,53.051533,107579.54,113418.52,0.0,,1.0
34845.0,6.0,2.0866666,3.0,48.0,269650.0,52.05682,46.719604,107579.54,113418.52,0.0,,1.0
34845.0,7.0,2.92,3.0,48.0,269650.0,52.206856,51.882244,107579.54,113418.52,0.0,,1.0
34849.0,1.0,5.9133334,3.0,48.0,300470.0,46.589108,43.52651,102650.93,123937.14,0.0,,1.0
34849.0,2.0,6.036667,3.0,48.0,300470.0,48.376812,47.231358,102650.93,123937.14,0.0,,1.0
34849.0,3.0,5.9875,3.0,48.0,300470.0,51.736313,48.7381,102650.93,123937.14,0.0,,1.0
34849.0,4.0,6.1833334,3.0,48.0,300470.0,57.22564,49.380054,102650.93,123937.14,0.0,,1.0
34849.0,5.0,4.726667,3.0,48.0,300470.0,56.979378,53.051533,102650.93,123937.14,0.0,,1.0
34849.0,6.0,6.9133334,3.0,48.0,300470.0,52.05682,46.719604,102650.93,123937.14,0.0,,1.0
34849.0,7.0,7.965,3.0,48.0,300470.0,52.206856,51.882244,102650.93,123937.14,0.0,,1.0
34854.0,1.0,2.07,3.0,48.0,135260.0,46.589108,43.52651,116818.87,104716.82,0.0,,1.0
34854.0,2.0,2.0966666,3.0,48.0,135260.0,48.376812,47.231358,116818.87,104716.82,0.0,,1.0
34854.0,3.0,2.62,3.0,48.0,135260.0,51.736313,48.7381,116818.87,104716.82,0.0,,1.0
34854.0,4.0,3.1933334,3.0,48.0,135260.0,57.22564,49.380054,116818.87,104716.82,0.0,,1.0
34854.0,5.0,2.0766668,3.0,48.0,135260.0,56.979378,53.051533,116818.87,104716.82,0.0,,1.0
34854.0,6.0,3.9133334,3.0,48.0,135260.0,52.05682,46.719604,116818.87,104716.82,0.0,,1.0
34854.0,7.0,5.62,3.0,48.0,135260.0,52.206856,51.882244,116818.87,104716.82,0.0,,1.0
34859.0,1.0,1.0,3.0,48.0,109250.0,46.97964,42.46805,136067.36,142815.89,0.0,,1.0
34859.0,2.0,1.0,3.0,48.0,109250.0,50.288174,49.2849,136067.36,142815.89,0.0,,1.0
34859.0,3.0,1.0,3.0,48.0,109250.0,51.52493,46.900146,136067.36,142815.89,0.0,,1.0
34859.0,4.0,1.0,3.0,48.0,109250.0,60.07094,48.816685,136067.36,142815.89,0.0,,1.0
34859.0,5.0,1.0,3.0,48.0,109250.0,57.597305,51.60442,136067.36,142815.89,0.0,,1.0
34859.0,6.0,1.0,3.0,48.0,109250.0,54.755184,47.172573,136067.36,142815.89,0.0,,1.0
34859.0,7.0,1.0,3.0,48.0,109250.0,53.94137,51.676125,136067.36,142815.89,0.0,,1.0
34876.0,1.0,1.0333333,3.0,48.0,109840.0,46.644897,43.32278,121193.14,125378.375,0.0,,1.0
34876.0,2.0,1.0066667,3.0,48.0,109840.0,48.649864,47.439125,121193.14,125378.375,0.0,,1.0
34876.0,3.0,1.1825,3.0,48.0,109840.0,51.706112,48.399406,121193.14,125378.375,0.0,,1.0
34876.0,4.0,1.3166667,3.0,48.0,109840.0,57.63211,49.23551,121193.14,125378.375,0.0,,1.0
34876.0,5.0,1.0166667,3.0,48.0,109840.0,57.06765,52.76786,121193.14,125378.375,0.0,,1.0
34876.0,6.0,1.04,3.0,48.0,109840.0,52.4423,46.712845,121193.14,125378.375,0.0,,1.0
34876.0,7.0,1.05,3.0,48.0,109840.0,52.454647,51.807907,121193.14,125378.375,0.0,,1.0
34879.0,1.0,2.5366666,3.0,48.0,207040.0,46.589108,43.52651,94053.46,109793.77,0.0,,1.0
34879.0,2.0,2.4833333,3.0,48.0,207040.0,48.376812,47.231358,94053.46,109793.77,0.0,,1.0
34879.0,3.0,2.7525,3.0,48.0,207040.0,51.736313,48.7381,94053.46,109793.77,0.0,,1.0
34879.0,4.0,2.9066668,3.0,48.0,207040.0,57.22564,49.380054,94053.46,109793.77,0.0,,1.0
34879.0,5.0,1.7433333,3.0,48.0,207040.0,56.979378,53.051533,94053.46,109793.77,0.0,,1.0
34879.0,6.0,2.75,3.0,48.0,207040.0,52.05682,46.719604,94053.46,109793.77,0.0,,1.0
34879.0,7.0,3.355,3.0,48.0,207040.0,52.206856,51.882244,94053.46,109793.77,0.0,,1.0
34892.0,1.0,1.24,3.0,48.0,137460.0,78.11345,86.64374,114537.11,141001.03,0.0,,1.0
34892.0,2.0,1.3299999,3.0,48.0,137460.0,75.722946,80.65176,114537.11,141001.03,0.0,,1.0
34892.0,3.0,1.5325,3.0,48.0,137460.0,82.299484,84.370186,114537.11,141001.03,0.0,,1.0
34892.0,4.0,1.52,3.0,48.0,137460.0,95.130905,90.58431,114537.11,141001.03,0.0,,1.0
34892.0,5.0,1.0866667,3.0,48.0,137460.0,89.4806,91.71241,114537.11,141001.03,0.0,,1.0
34892.0,6.0,1.2966667,3.0,48.0,137460.0,85.62001,86.8479,114537.11,141001.03,0.0,,1.0
34892.0,7.0,1.155,3.0,48.0,137460.0,88.17441,97.593185,114537.11,141001.03,0.0,,1.0
35440.0,1.0,1.46,3.0,54.0,250660.0,52.838505,49.437485,155012.44,38697.062,0.0,0.0,0.0
35440.0,2.0,1.81,3.0,54.0,250660.0,49.66194,47.02834,155012.44,38697.062,0.0,0.0,0.0
35440.0,3.0,1.905,3.0,54.0,250660.0,54.953506,54.264366,155012.44,38697.062,0.0,0.0,0.0
35440.0,4.0,1.8399999,3.0,54.0,250660.0,54.881992,49.401558,155012.44,38697.062,0.0,0.0,0.0
35440.0,5.0,1.4866667,3.0,54.0,250660.0,59.10583,57.018383,155012.44,38697.062,0.0,0.0,0.0
35440.0,6.0,2.2333333,3.0,54.0,250660.0,50.897415,47.754635,155012.44,38697.062,0.0,0.0,0.0
35440.0,7.0,2.42,3.0,54.0,250660.0,53.90834,53.993042,155012.44,38697.062,0.0,0.0,0.0
35454.0,1.0,3.7533333,3.0,54.0,307370.0,52.273754,48.796883,139418.1,25405.527,0.0,0.0,0.0
35454.0,2.0,4.1033335,3.0,54.0,307370.0,49.299816,46.591244,139418.1,25405.527,0.0,0.0,0.0
35454.0,3.0,4.1525,3.0,54.0,307370.0,54.673492,53.878124,139418.1,25405.527,0.0,0.0,0.0
35454.0,4.0,3.9466665,3.0,54.0,307370.0,54.71651,49.194942,139418.1,25405.527,0.0,0.0,0.0
35454.0,5.0,3.3233333,3.0,54.0,307370.0,58.936623,56.71431,139418.1,25405.527,0.0,0.0,0.0
35454.0,6.0,4.8533335,3.0,54.0,307370.0,50.683235,47.35159,139418.1,25405.527,0.0,0.0,0.0
35454.0,7.0,5.715,3.0,54.0,307370.0,53.599174,53.53827,139418.1,25405.527,0.0,0.0,0.0
35480.0,1.0,2.4166667,3.0,54.0,204840.0,51.11146,47.78946,135938.14,31993.625,0.0,0.0,0.0
35480.0,2.0,2.8766668,3.0,54.0,204840.0,48.079926,45.292805,135938.14,31993.625,0.0,0.0,0.0
35480.0,3.0,2.97,3.0,54.0,204840.0,53.61316,52.589638,135938.14,31993.625,0.0,0.0,0.0
35480.0,4.0,2.8966665,3.0,54.0,204840.0,53.4206,48.219986,135938.14,31993.625,0.0,0.0,0.0
35480.0,5.0,2.27,3.0,54.0,204840.0,57.85752,55.825005,135938.14,31993.625,0.0,0.0,0.0
35480.0,6.0,3.4533334,3.0,54.0,204840.0,49.509804,46.318703,135938.14,31993.625,0.0,0.0,0.0
35480.0,7.0,3.32,3.0,54.0,204840.0,52.47485,52.37566,135938.14,31993.625,0.0,0.0,0.0
35487.0,1.0,1.28,3.0,54.0,308990.0,52.273754,48.796883,120386.336,8626.4795,0.0,0.0,0.0
35487.0,2.0,1.2233334,3.0,54.0,308990.0,49.299816,46.591244,120386.336,8626.4795,0.0,0.0,0.0
35487.0,3.0,1.665,3.0,54.0,308990.0,54.673492,53.878124,120386.336,8626.4795,0.0,0.0,0.0
35487.0,4.0,2.24,3.0,54.0,308990.0,54.71651,49.194942,120386.336,8626.4795,0.0,0.0,0.0
35487.0,5.0,1.6333333,3.0,54.0,308990.0,58.936623,56.71431,120386.336,8626.4795,0.0,0.0,0.0
35487.0,6.0,2.29,3.0,54.0,308990.0,50.683235,47.35159,120386.336,8626.4795,0.0,0.0,0.0
35487.0,7.0,2.815,3.0,54.0,308990.0,53.599174,53.53827,120386.336,8626.4795,0.0,0.0,0.0
35610.0,1.0,1.0433333,3.0,56.0,141590.0,43.6213,41.77389,49312.4,74178.21,0.0,,1.0
35610.0,2.0,1.24,3.0,56.0,141590.0,42.611748,39.6209,49312.4,74178.21,0.0,,1.0
35610.0,3.0,1.5325,3.0,56.0,141590.0,49.005795,46.817142,49312.4,74178.21,0.0,,1.0
35610.0,4.0,1.4133334,3.0,56.0,141590.0,50.01672,44.719368,49312.4,74178.21,0.0,,1.0
35610.0,5.0,1.54,3.0,56.0,141590.0,53.89135,51.54652,49312.4,74178.21,0.0,,1.0
35610.0,6.0,1.7566667,3.0,56.0,141590.0,45.14743,41.54212,49312.4,74178.21,0.0,,1.0
35610.0,7.0,1.5350001,3.0,56.0,141590.0,48.03044,47.73586,49312.4,74178.21,0.0,,1.0
35622.0,1.0,2.69,3.0,56.0,128500.0,43.956085,41.870747,59609.836,60747.465,0.0,,1.0
35622.0,2.0,4.7166667,3.0,56.0,128500.0,42.748444,39.565414,59609.836,60747.465,0.0,,1.0
35622.0,3.0,5.005,3.0,56.0,128500.0,49.141644,46.900616,59609.836,60747.465,0.0,,1.0
35622.0,4.0,4.903333,3.0,56.0,128500.0,49.90519,44.70004,59609.836,60747.465,0.0,,1.0
35622.0,5.0,4.2633333,3.0,56.0,128500.0,54.12243,51.69001,59609.836,60747.465,0.0,,1.0
35622.0,6.0,5.86,3.0,56.0,128500.0,45.222923,41.489338,59609.836,60747.465,0.0,,1.0
35622.0,7.0,6.26,3.0,56.0,128500.0,48.127262,47.62575,59609.836,60747.465,0.0,,1.0
35628.0,1.0,1.2800001,3.0,56.0,155190.0,44.6608,42.233776,77427.68,44283.695,0.0,,1.0
35628.0,2.0,2.1,3.0,56.0,155190.0,43.493744,40.20984,77427.68,44283.695,0.0,,1.0
35628.0,3.0,2.3075,3.0,56.0,155190.0,49.836887,47.613327,77427.68,44283.695,0.0,,1.0
35628.0,4.0,2.2133334,3.0,56.0,155190.0,50.670547,45.130333,77427.68,44283.695,0.0,,1.0
35628.0,5.0,1.7633333,3.0,56.0,155190.0,54.775948,52.067974,77427.68,44283.695,0.0,,1.0
35628.0,6.0,2.1333332,3.0,56.0,155190.0,46.03414,42.016296,77427.68,44283.695,0.0,,1.0
35628.0,7.0,2.225,3.0,56.0,155190.0,48.740196,48.071785,77427.68,44283.695,0.0,,1.0
35646.0,1.0,4.2733335,3.0,56.0,237090.0,46.472935,43.333443,67776.5,50652.99,0.0,,1.0
35646.0,2.0,6.67,3.0,56.0,237090.0,45.410233,41.939396,67776.5,50652.99,0.0,,1.0
35646.0,3.0,6.4325,3.0,56.0,237090.0,51.624657,49.612236,67776.5,50652.99,0.0,,1.0
35646.0,4.0,6.66,3.0,56.0,237090.0,52.63862,46.37421,67776.5,50652.99,0.0,,1.0
35646.0,5.0,5.4466667,3.0,56.0,237090.0,56.45643,53.12425,67776.5,50652.99,0.0,,1.0
35646.0,6.0,8.003333,3.0,56.0,237090.0,48.120132,43.454514,67776.5,50652.99,0.0,,1.0
35646.0,7.0,9.205,3.0,56.0,237090.0,50.31631,49.278854,67776.5,50652.99,0.0,,1.0
35670.0,1.0,2.6933334,3.0,56.0,140660.0,45.327297,42.738804,56182.09,62345.973,0.0,,1.0
35670.0,2.0,4.4933333,3.0,56.0,140660.0,44.452217,41.271004,56182.09,62345.973,0.0,,1.0
35670.0,3.0,4.8575,3.0,56.0,140660.0,50.72126,48.635128,56182.09,62345.973,0.0,,1.0
35670.0,4.0,5.0933332,3.0,56.0,140660.0,51.948708,45.859695,56182.09,62345.973,0.0,,1.0
35670.0,5.0,4.713333,3.0,56.0,140660.0,55.48664,52.482624,56182.09,62345.973,0.0,,1.0
35670.0,6.0,6.6633334,3.0,56.0,140660.0,47.162895,42.889328,56182.09,62345.973,0.0,,1.0
35670.0,7.0,8.02,3.0,56.0,140660.0,49.54664,48.867973,56182.09,62345.973,0.0,,1.0
35678.0,1.0,2.5566666,3.0,56.0,143730.0,43.956085,41.870747,62491.35,63301.008,0.0,,1.0
35678.0,2.0,3.6666667,3.0,56.0,143730.0,42.748444,39.565414,62491.35,63301.008,0.0,,1.0
35678.0,3.0,3.72,3.0,56.0,143730.0,49.141644,46.900616,62491.35,63301.008,0.0,,1.0
35678.0,4.0,3.72,3.0,56.0,143730.0,49.90519,44.70004,62491.35,63301.008,0.0,,1.0
35678.0,5.0,3.2333333,3.0,56.0,143730.0,54.12243,51.69001,62491.35,63301.008,0.0,,1.0
35678.0,6.0,4.09,3.0,56.0,143730.0,45.222923,41.489338,62491.35,63301.008,0.0,,1.0
35678.0,7.0,4.245,3.0,56.0,143730.0,48.127262,47.62575,62491.35,63301.008,0.0,,1.0
35682.0,1.0,3.8533332,3.0,56.0,234400.0,47.479675,44.041275,78596.36,41154.195,0.0,,1.0
35682.0,2.0,6.1633334,3.0,56.0,234400.0,46.47495,42.941807,78596.36,41154.195,0.0,,1.0
35682.0,3.0,5.64,3.0,56.0,234400.0,52.61786,50.81567,78596.36,41154.195,0.0,,1.0
35682.0,4.0,5.91,3.0,56.0,234400.0,53.73199,47.146404,78596.36,41154.195,0.0,,1.0
35682.0,5.0,4.9933333,3.0,56.0,234400.0,57.390034,53.7613,78596.36,41154.195,0.0,,1.0
35682.0,6.0,7.773333,3.0,56.0,234400.0,49.27902,44.301056,78596.36,41154.195,0.0,,1.0
35682.0,7.0,8.87,3.0,56.0,234400.0,51.191933,49.984604,78596.36,41154.195,0.0,,1.0
35924.0,1.0,3.93,3.0,59.0,128640.0,50.28946,45.49079,128874.44,42619.004,0.0,,1.0
35924.0,2.0,4.56,3.0,59.0,128640.0,51.175194,48.616665,128874.44,42619.004,0.0,,1.0
35924.0,3.0,5.0725,3.0,59.0,128640.0,54.426292,52.667168,128874.44,42619.004,0.0,,1.0
35924.0,4.0,6.096667,3.0,59.0,128640.0,57.053844,48.883667,128874.44,42619.004,0.0,,1.0
35924.0,5.0,5.3233333,3.0,59.0,128640.0,59.09093,55.021107,128874.44,42619.004,0.0,,1.0
35924.0,6.0,7.8033333,3.0,59.0,128640.0,52.398624,47.08666,128874.44,42619.004,0.0,,1.0
35924.0,7.0,8.934999,3.0,59.0,128640.0,53.51571,52.552704,128874.44,42619.004,0.0,,1.0
35944.0,1.0,4.4900002,3.0,59.0,154510.0,52.273754,48.796883,118831.3,12788.866,0.0,,1.0
35944.0,2.0,4.8933334,3.0,59.0,154510.0,49.299816,46.591244,118831.3,12788.866,0.0,,1.0
35944.0,3.0,4.1025,3.0,59.0,154510.0,54.673492,53.878124,118831.3,12788.866,0.0,,1.0
35944.0,4.0,4.6066666,3.0,59.0,154510.0,54.71651,49.194942,118831.3,12788.866,0.0,,1.0
35944.0,5.0,3.4633334,3.0,59.0,154510.0,58.936623,56.71431,118831.3,12788.866,0.0,,1.0
35944.0,6.0,4.29,3.0,59.0,154510.0,50.683235,47.35159,118831.3,12788.866,0.0,,1.0
35944.0,7.0,4.825,3.0,59.0,154510.0,53.599174,53.53827,118831.3,12788.866,0.0,,1.0
35956.0,1.0,5.9666667,3.0,59.0,296670.0,55.946617,51.909184,127270.68,30929.354,0.0,,1.0
35956.0,2.0,7.7533336,3.0,59.0,296670.0,55.08875,53.14934,127270.68,30929.354,0.0,,1.0
35956.0,3.0,7.44,3.0,59.0,296670.0,58.45536,57.94383,127270.68,30929.354,0.0,,1.0
35956.0,4.0,8.1,3.0,59.0,296670.0,60.867268,53.48644,127270.68,30929.354,0.0,,1.0
35956.0,5.0,6.4633336,3.0,59.0,296670.0,63.091812,60.275803,127270.68,30929.354,0.0,,1.0
35956.0,6.0,7.806667,3.0,59.0,296670.0,55.880035,51.89555,127270.68,30929.354,0.0,,1.0
35956.0,7.0,9.434999,3.0,59.0,296670.0,57.94183,58.390785,127270.68,30929.354,0.0,,1.0
35974.0,1.0,5.5933332,3.0,59.0,228840.0,47.479675,44.041275,107037.65,23277.693,0.0,,1.0
35974.0,2.0,6.37,3.0,59.0,228840.0,46.47495,42.941807,107037.65,23277.693,0.0,,1.0
35974.0,3.0,5.7975,3.0,59.0,228840.0,52.61786,50.81567,107037.65,23277.693,0.0,,1.0
35974.0,4.0,6.5466666,3.0,59.0,228840.0,53.73199,47.146404,107037.65,23277.693,0.0,,1.0
35974.0,5.0,5.5266666,3.0,59.0,228840.0,57.390034,53.7613,107037.65,23277.693,0.0,,1.0
35974.0,6.0,7.2566667,3.0,59.0,228840.0,49.27902,44.301056,107037.65,23277.693,0.0,,1.0
35974.0,7.0,8.365,3.0,59.0,228840.0,51.191933,49.984604,107037.65,23277.693,0.0,,1.0
35984.0,1.0,4.7333336,3.0,59.0,205490.0,48.164547,44.654057,107479.8,13996.98,0.0,,1.0
35984.0,2.0,5.84,3.0,59.0,205490.0,46.8785,43.40942,107479.8,13996.98,0.0,,1.0
35984.0,3.0,5.1,3.0,59.0,205490.0,52.911522,51.214172,107479.8,13996.98,0.0,,1.0
35984.0,4.0,5.64,3.0,59.0,205490.0,53.872635,47.40961,107479.8,13996.98,0.0,,1.0
35984.0,5.0,4.2933335,3.0,59.0,205490.0,57.610973,54.16574,107479.8,13996.98,0.0,,1.0
35984.0,6.0,5.4900002,3.0,59.0,205490.0,49.47962,44.719624,107479.8,13996.98,0.0,,1.0
35984.0,7.0,6.06,3.0,59.0,205490.0,51.53582,50.47782,107479.8,13996.98,0.0,,1.0
35994.0,1.0,5.036667,3.0,59.0,178250.0,50.675728,47.097073,123685.47,23376.58,0.0,,1.0
35994.0,2.0,6.28,3.0,59.0,178250.0,48.358192,45.28051,123685.47,23376.58,0.0,,1.0
35994.0,3.0,5.575,3.0,59.0,178250.0,53.98828,52.788826,123685.47,23376.58,0.0,,1.0
35994.0,4.0,6.253333,3.0,59.0,178250.0,54.38834,48.45994,123685.47,23376.58,0.0,,1.0
35994.0,5.0,5.29,3.0,59.0,178250.0,58.42109,55.69912,123685.47,23376.58,0.0,,1.0
35994.0,6.0,6.903333,3.0,59.0,178250.0,50.215164,46.30448,123685.47,23376.58,0.0,,1.0
35994.0,7.0,7.49,3.0,59.0,178250.0,52.79676,52.32847,123685.47,23376.58,0.0,,1.0
36113.0,1.0,1.3933333,3.0,61.0,265690.0,45.85156,44.34014,59083.336,106984.81,0.0,,1.0
36113.0,2.0,1.59,3.0,61.0,265690.0,45.930183,44.344734,59083.336,106984.81,0.0,,1.0
36113.0,3.0,2.555,3.0,61.0,265690.0,52.147873,50.210365,59083.336,106984.81,0.0,,1.0
36113.0,4.0,2.9533334,3.0,61.0,265690.0,55.420116,49.61445,59083.336,106984.81,0.0,,1.0
36113.0,5.0,3.1833332,3.0,61.0,265690.0,56.778522,54.107857,59083.336,106984.81,0.0,,1.0
36113.0,6.0,5.666667,3.0,61.0,265690.0,50.035225,46.160698,59083.336,106984.81,0.0,,1.0
36113.0,7.0,7.32,3.0,61.0,265690.0,51.386856,51.951202,59083.336,106984.81,0.0,,1.0
36116.0,1.0,1.0,3.0,61.0,157220.0,87.42473,99.209175,107094.62,187356.06,0.0,,1.0
36116.0,2.0,1.0,3.0,61.0,157220.0,84.17157,90.93466,107094.62,187356.06,0.0,,1.0
36116.0,3.0,1.0,3.0,61.0,157220.0,93.342545,96.45421,107094.62,187356.06,0.0,,1.0
36116.0,4.0,1.0266666,3.0,61.0,157220.0,105.93528,104.076256,107094.62,187356.06,0.0,,1.0
36116.0,5.0,1.0,3.0,61.0,157220.0,98.099335,102.090485,107094.62,187356.06,0.0,,1.0
36116.0,6.0,1.0,3.0,61.0,157220.0,94.90353,98.79336,107094.62,187356.06,0.0,,1.0
36116.0,7.0,1.0,3.0,61.0,157220.0,98.82667,111.82068,107094.62,187356.06,0.0,,1.0
36120.0,1.0,1.65,3.0,61.0,345370.0,49.406437,50.95964,53312.473,129017.53,0.0,,1.0
36120.0,2.0,1.84,3.0,61.0,345370.0,49.47974,51.12246,53312.473,129017.53,0.0,,1.0
36120.0,3.0,2.0075,3.0,61.0,345370.0,56.19269,54.82171,53312.473,129017.53,0.0,,1.0
36120.0,4.0,2.02,3.0,61.0,345370.0,62.438812,57.844833,53312.473,129017.53,0.0,,1.0
36120.0,5.0,1.5366666,3.0,61.0,345370.0,60.175594,58.980453,53312.473,129017.53,0.0,,1.0
36120.0,6.0,2.1533334,3.0,61.0,345370.0,55.452377,53.71228,53312.473,129017.53,0.0,,1.0
36120.0,7.0,2.04,3.0,61.0,345370.0,56.668034,60.30818,53312.473,129017.53,0.0,,1.0
36122.0,1.0,1.6966667,3.0,61.0,380390.0,46.672993,43.98319,78829.81,112150.14,0.0,,1.0
36122.0,2.0,1.5533333,3.0,61.0,380390.0,48.139915,46.997646,78829.81,112150.14,0.0,,1.0
36122.0,3.0,1.9224999,3.0,61.0,380390.0,52.06628,49.174965,78829.81,112150.14,0.0,,1.0
36122.0,4.0,2.0066667,3.0,61.0,380390.0,57.32577,49.82067,78829.81,112150.14,0.0,,1.0
36122.0,5.0,1.52,3.0,61.0,380390.0,57.154034,53.48636,78829.81,112150.14,0.0,,1.0
36122.0,6.0,2.2133334,3.0,61.0,380390.0,52.016342,46.992558,78829.81,112150.14,0.0,,1.0
36122.0,7.0,2.3600001,3.0,61.0,380390.0,52.383183,52.336174,78829.81,112150.14,0.0,,1.0
36123.0,1.0,2.2866666,3.0,61.0,246740.0,78.11345,86.64374,92617.95,151842.14,0.0,,1.0
36123.0,2.0,2.1933334,3.0,61.0,246740.0,75.722946,80.65176,92617.95,151842.14,0.0,,1.0
36123.0,3.0,2.1875,3.0,61.0,246740.0,82.299484,84.370186,92617.95,151842.14,0.0,,1.0
36123.0,4.0,2.49,3.0,61.0,246740.0,95.130905,90.58431,92617.95,151842.14,0.0,,1.0
36123.0,5.0,1.94,3.0,61.0,246740.0,89.4806,91.71241,92617.95,151842.14,0.0,,1.0
36123.0,6.0,2.8133333,3.0,61.0,246740.0,85.62001,86.8479,92617.95,151842.14,0.0,,1.0
36123.0,7.0,3.2150002,3.0,61.0,246740.0,88.17441,97.593185,92617.95,151842.14,0.0,,1.0
36124.0,1.0,1.49,3.0,61.0,241970.0,61.61984,66.16521,95993.9,185725.45,0.0,,1.0
36124.0,2.0,1.26,3.0,61.0,241970.0,61.308365,64.3932,95993.9,185725.45,0.0,,1.0
36124.0,3.0,1.39,3.0,61.0,241970.0,69.42438,68.12004,95993.9,185725.45,0.0,,1.0
36124.0,4.0,1.29,3.0,61.0,241970.0,78.377426,73.92238,95993.9,185725.45,0.0,,1.0
36124.0,5.0,1.3833333,3.0,61.0,241970.0,72.43691,71.97193,95993.9,185725.45,0.0,,1.0
36124.0,6.0,1.7866668,3.0,61.0,241970.0,69.244965,68.72411,95993.9,185725.45,0.0,,1.0
36124.0,7.0,1.675,3.0,61.0,241970.0,71.03496,77.170616,95993.9,185725.45,0.0,,1.0
36131.0,1.0,1.74,3.0,61.0,306340.0,75.50372,83.33354,87463.21,140251.81,0.0,,1.0
36131.0,2.0,1.58,3.0,61.0,306340.0,73.337204,77.91877,87463.21,140251.81,0.0,,1.0
36131.0,3.0,1.6075001,3.0,61.0,306340.0,79.92614,81.578094,87463.21,140251.81,0.0,,1.0
36131.0,4.0,1.8066666,3.0,61.0,306340.0,92.1589,87.473404,87463.21,140251.81,0.0,,1.0
36131.0,5.0,1.3433334,3.0,61.0,306340.0,86.816505,88.644165,87463.21,140251.81,0.0,,1.0
36131.0,6.0,2.0733333,3.0,61.0,306340.0,82.8775,83.78587,87463.21,140251.81,0.0,,1.0
36131.0,7.0,1.78,3.0,61.0,306340.0,85.31019,94.157104,87463.21,140251.81,0.0,,1.0
36152.0,1.0,7.44,3.0,61.0,564930.0,49.406437,50.95964,73016.81,150481.52,0.0,,1.0
36152.0,2.0,7.21,3.0,61.0,564930.0,49.47974,51.12246,73016.81,150481.52,0.0,,1.0
36152.0,3.0,7.0275,3.0,61.0,564930.0,56.19269,54.82171,73016.81,150481.52,0.0,,1.0
36152.0,4.0,7.2833333,3.0,61.0,564930.0,62.438812,57.844833,73016.81,150481.52,0.0,,1.0
36152.0,5.0,5.9,3.0,61.0,564930.0,60.175594,58.980453,73016.81,150481.52,0.0,,1.0
36152.0,6.0,8.036667,3.0,61.0,564930.0,55.452377,53.71228,73016.81,150481.52,0.0,,1.0
36152.0,7.0,8.665001,3.0,61.0,564930.0,56.668034,60.30818,73016.81,150481.52,0.0,,1.0
36165.0,1.0,3.26,3.0,61.0,323370.0,49.406437,50.95964,58424.34,146600.89,0.0,,1.0
36165.0,2.0,3.1433334,3.0,61.0,323370.0,49.47974,51.12246,58424.34,146600.89,0.0,,1.0
36165.0,3.0,3.5900002,3.0,61.0,323370.0,56.19269,54.82171,58424.34,146600.89,0.0,,1.0
36165.0,4.0,3.6033335,3.0,61.0,323370.0,62.438812,57.844833,58424.34,146600.89,0.0,,1.0
36165.0,5.0,2.1566668,3.0,61.0,323370.0,60.175594,58.980453,58424.34,146600.89,0.0,,1.0
36165.0,6.0,3.38,3.0,61.0,323370.0,55.452377,53.71228,58424.34,146600.89,0.0,,1.0
36165.0,7.0,3.19,3.0,61.0,323370.0,56.668034,60.30818,58424.34,146600.89,0.0,,1.0
36172.0,1.0,1.7033334,3.0,61.0,329360.0,72.85939,79.0916,93194.516,132193.05,0.0,,1.0
36172.0,2.0,1.6400001,3.0,61.0,329360.0,71.16525,74.85309,93194.516,132193.05,0.0,,1.0
36172.0,3.0,1.965,3.0,61.0,329360.0,77.20562,78.141525,93194.516,132193.05,0.0,,1.0
36172.0,4.0,1.8033333,3.0,61.0,329360.0,88.81336,83.45951,93194.516,132193.05,0.0,,1.0
36172.0,5.0,1.1733333,3.0,61.0,329360.0,84.06373,85.11326,93194.516,132193.05,0.0,,1.0
36172.0,6.0,1.6366667,3.0,61.0,329360.0,80.026146,80.02526,93194.516,132193.05,0.0,,1.0
36172.0,7.0,1.4749999,3.0,61.0,329360.0,82.17981,89.862076,93194.516,132193.05,0.0,,1.0
36181.0,1.0,1.4233333,3.0,61.0,458640.0,55.147842,57.91275,86040.195,165587.19,0.0,,1.0
36181.0,2.0,1.3633333,3.0,61.0,458640.0,54.728382,56.904835,86040.195,165587.19,0.0,,1.0
36181.0,3.0,1.56,3.0,61.0,458640.0,61.41405,60.45572,86040.195,165587.19,0.0,,1.0
36181.0,4.0,1.6800001,3.0,61.0,458640.0,68.977234,64.03874,86040.195,165587.19,0.0,,1.0
36181.0,5.0,1.6866667,3.0,61.0,458640.0,66.03659,65.287315,86040.195,165587.19,0.0,,1.0
36181.0,6.0,2.53,3.0,61.0,458640.0,61.48591,60.205513,86040.195,165587.19,0.0,,1.0
36181.0,7.0,2.85,3.0,61.0,458640.0,62.969307,67.640976,86040.195,165587.19,0.0,,1.0
36194.0,1.0,1.8133333,3.0,61.0,337860.0,50.90997,52.016098,67362.805,127723.266,0.0,,1.0
36194.0,2.0,1.8533334,3.0,61.0,337860.0,50.779285,51.69087,67362.805,127723.266,0.0,,1.0
36194.0,3.0,2.37,3.0,61.0,337860.0,57.35705,55.87421,67362.805,127723.266,0.0,,1.0
36194.0,4.0,2.9466665,3.0,61.0,337860.0,63.40848,58.244373,67362.805,127723.266,0.0,,1.0
36194.0,5.0,2.3933334,3.0,61.0,337860.0,61.76841,60.316692,67362.805,127723.266,0.0,,1.0
36194.0,6.0,3.6599998,3.0,61.0,337860.0,56.61206,54.46942,67362.805,127723.266,0.0,,1.0
36194.0,7.0,4.35,3.0,61.0,337860.0,57.97327,61.22075,67362.805,127723.266,0.0,,1.0
36702.0,1.0,4.8966665,3.0,67.0,300110.0,50.28946,45.49079,115524.766,58454.97,0.0,,1.0
36702.0,2.0,5.3033333,3.0,67.0,300110.0,51.175194,48.616665,115524.766,58454.97,0.0,,1.0
36702.0,3.0,5.26,3.0,67.0,300110.0,54.426292,52.667168,115524.766,58454.97,0.0,,1.0
36702.0,4.0,6.1966667,3.0,67.0,300110.0,57.053844,48.883667,115524.766,58454.97,0.0,,1.0
36702.0,5.0,4.8133335,3.0,67.0,300110.0,59.09093,55.021107,115524.766,58454.97,0.0,,1.0
36702.0,6.0,7.403333,3.0,67.0,300110.0,52.398624,47.08666,115524.766,58454.97,0.0,,1.0
36702.0,7.0,9.22,3.0,67.0,300110.0,53.51571,52.552704,115524.766,58454.97,0.0,,1.0
36704.0,1.0,8.196667,3.0,67.0,261920.0,50.28946,45.49079,115998.7,46504.367,0.0,,1.0
36704.0,2.0,9.016666,3.0,67.0,261920.0,51.175194,48.616665,115998.7,46504.367,0.0,,1.0
36704.0,3.0,10.465,3.0,67.0,261920.0,54.426292,52.667168,115998.7,46504.367,0.0,,1.0
36704.0,4.0,12.273334,3.0,67.0,261920.0,57.053844,48.883667,115998.7,46504.367,0.0,,1.0
36704.0,5.0,11.033334,3.0,67.0,261920.0,59.09093,55.021107,115998.7,46504.367,0.0,,1.0
36704.0,6.0,15.306666,3.0,67.0,261920.0,52.398624,47.08666,115998.7,46504.367,0.0,,1.0
36704.0,7.0,20.595,3.0,67.0,261920.0,53.51571,52.552704,115998.7,46504.367,0.0,,1.0
36706.0,1.0,18.293333,3.0,67.0,211340.0,50.28946,45.49079,115060.99,39652.67,0.0,,1.0
36706.0,2.0,19.466667,3.0,67.0,211340.0,51.175194,48.616665,115060.99,39652.67,0.0,,1.0
36706.0,3.0,19.1925,3.0,67.0,211340.0,54.426292,52.667168,115060.99,39652.67,0.0,,1.0
36706.0,4.0,22.853334,3.0,67.0,211340.0,57.053844,48.883667,115060.99,39652.67,0.0,,1.0
36706.0,5.0,18.356667,3.0,67.0,211340.0,59.09093,55.021107,115060.99,39652.67,0.0,,1.0
36706.0,6.0,24.066666,3.0,67.0,211340.0,52.398624,47.08666,115060.99,39652.67,0.0,,1.0
36706.0,7.0,32.505,3.0,67.0,211340.0,53.51571,52.552704,115060.99,39652.67,0.0,,1.0
36758.0,1.0,36.06,3.0,67.0,601910.0,48.18212,44.359196,111994.88,33774.85,0.0,,1.0
36758.0,2.0,40.016666,3.0,67.0,601910.0,47.65001,44.270893,111994.88,33774.85,0.0,,1.0
36758.0,3.0,36.145,3.0,67.0,601910.0,53.06997,51.211006,111994.88,33774.85,0.0,,1.0
36758.0,4.0,39.923332,3.0,67.0,601910.0,54.562454,47.519547,111994.88,33774.85,0.0,,1.0
36758.0,5.0,37.603333,3.0,67.0,601910.0,57.815258,54.03078,111994.88,33774.85,0.0,,1.0
36758.0,6.0,43.95,3.0,67.0,601910.0,50.058918,44.9583,111994.88,33774.85,0.0,,1.0
36758.0,7.0,46.35,3.0,67.0,601910.0,51.772873,50.60308,111994.88,33774.85,0.0,,1.0
36768.0,1.0,9.226666,3.0,67.0,372890.0,49.97726,45.30653,99692.8,54813.645,0.0,,1.0
36768.0,2.0,9.933333,3.0,67.0,372890.0,50.652943,47.94223,99692.8,54813.645,0.0,,1.0
36768.0,3.0,9.8375,3.0,67.0,372890.0,54.225353,52.426582,99692.8,54813.645,0.0,,1.0
36768.0,4.0,11.076667,3.0,67.0,372890.0,56.68475,48.659,99692.8,54813.645,0.0,,1.0
36768.0,5.0,10.253333,3.0,67.0,372890.0,58.901943,54.85754,99692.8,54813.645,0.0,,1.0
36768.0,6.0,14.873334,3.0,67.0,372890.0,52.052002,46.75726,99692.8,54813.645,0.0,,1.0
36768.0,7.0,18.16,3.0,67.0,372890.0,53.257515,52.25534,99692.8,54813.645,0.0,,1.0
36807.0,1.0,2.3433332,3.0,68.0,144660.0,46.589108,43.52651,114165.66,97857.266,0.0,,1.0
36807.0,2.0,2.6166668,3.0,68.0,144660.0,48.376812,47.231358,114165.66,97857.266,0.0,,1.0
36807.0,3.0,3.44,3.0,68.0,144660.0,51.736313,48.7381,114165.66,97857.266,0.0,,1.0
36807.0,4.0,3.5333333,3.0,68.0,144660.0,57.22564,49.380054,114165.66,97857.266,0.0,,1.0
36807.0,5.0,3.0933335,3.0,68.0,144660.0,56.979378,53.051533,114165.66,97857.266,0.0,,1.0
36807.0,6.0,5.8033333,3.0,68.0,144660.0,52.05682,46.719604,114165.66,97857.266,0.0,,1.0
36807.0,7.0,7.66,3.0,68.0,144660.0,52.206856,51.882244,114165.66,97857.266,0.0,,1.0
36852.0,1.0,2.4,3.0,68.0,230400.0,46.589108,43.52651,100932.57,96229.49,0.0,,1.0
36852.0,2.0,2.8933334,3.0,68.0,230400.0,48.376812,47.231358,100932.57,96229.49,0.0,,1.0
36852.0,3.0,3.6325,3.0,68.0,230400.0,51.736313,48.7381,100932.57,96229.49,0.0,,1.0
36852.0,4.0,3.2666667,3.0,68.0,230400.0,57.22564,49.380054,100932.57,96229.49,0.0,,1.0
36852.0,5.0,3.6000001,3.0,68.0,230400.0,56.979378,53.051533,100932.57,96229.49,0.0,,1.0
36852.0,6.0,6.06,3.0,68.0,230400.0,52.05682,46.719604,100932.57,96229.49,0.0,,1.0
36852.0,7.0,7.59,3.0,68.0,230400.0,52.206856,51.882244,100932.57,96229.49,0.0,,1.0
36860.0,1.0,7.0933332,3.0,68.0,451010.0,50.28946,45.49079,111875.98,69259.96,0.0,,1.0
36860.0,2.0,7.84,3.0,68.0,451010.0,51.175194,48.616665,111875.98,69259.96,0.0,,1.0
36860.0,3.0,7.1974998,3.0,68.0,451010.0,54.426292,52.667168,111875.98,69259.96,0.0,,1.0
36860.0,4.0,7.923333,3.0,68.0,451010.0,57.053844,48.883667,111875.98,69259.96,0.0,,1.0
36860.0,5.0,6.6933336,3.0,68.0,451010.0,59.09093,55.021107,111875.98,69259.96,0.0,,1.0
36860.0,6.0,10.546667,3.0,68.0,451010.0,52.398624,47.08666,111875.98,69259.96,0.0,,1.0
36860.0,7.0,12.825,3.0,68.0,451010.0,53.51571,52.552704,111875.98,69259.96,0.0,,1.0
36863.0,1.0,11.106667,3.0,68.0,173160.0,50.28946,45.49079,101847.734,72752.555,0.0,,1.0
36863.0,2.0,11.54,3.0,68.0,173160.0,51.175194,48.616665,101847.734,72752.555,0.0,,1.0
36863.0,3.0,10.23,3.0,68.0,173160.0,54.426292,52.667168,101847.734,72752.555,0.0,,1.0
36863.0,4.0,10.8,3.0,68.0,173160.0,57.053844,48.883667,101847.734,72752.555,0.0,,1.0
36863.0,5.0,9.216666,3.0,68.0,173160.0,59.09093,55.021107,101847.734,72752.555,0.0,,1.0
36863.0,6.0,14.213333,3.0,68.0,173160.0,52.398624,47.08666,101847.734,72752.555,0.0,,1.0
36863.0,7.0,17.625,3.0,68.0,173160.0,53.51571,52.552704,101847.734,72752.555,0.0,,1.0
36864.0,1.0,2.8333333,3.0,68.0,414470.0,49.280273,44.85373,122229.8,88326.68,0.0,,1.0
36864.0,2.0,2.8966665,3.0,68.0,414470.0,50.412,47.93553,122229.8,88326.68,0.0,,1.0
36864.0,3.0,2.565,3.0,68.0,414470.0,53.69266,51.524597,122229.8,88326.68,0.0,,1.0
36864.0,4.0,2.7366667,3.0,68.0,414470.0,57.100697,48.935287,122229.8,88326.68,0.0,,1.0
36864.0,5.0,2.1133332,3.0,68.0,414470.0,58.515053,54.43306,122229.8,88326.68,0.0,,1.0
36864.0,6.0,3.8300002,3.0,68.0,414470.0,52.305405,46.94024,122229.8,88326.68,0.0,,1.0
36864.0,7.0,4.5,3.0,68.0,414470.0,53.158752,52.30397,122229.8,88326.68,0.0,,1.0
36876.0,1.0,5.113333,3.0,68.0,234400.0,47.646347,43.98171,107527.5,84750.984,0.0,,1.0
36876.0,2.0,5.036667,3.0,68.0,234400.0,49.17635,47.313393,107527.5,84750.984,0.0,,1.0
36876.0,3.0,5.1975,3.0,68.0,234400.0,52.504875,49.784935,107527.5,84750.984,0.0,,1.0
36876.0,4.0,5.6466665,3.0,68.0,234400.0,57.176556,49.152676,107527.5,84750.984,0.0,,1.0
36876.0,5.0,4.7766666,3.0,68.0,234400.0,57.582676,53.56101,107527.5,84750.984,0.0,,1.0
36876.0,6.0,7.7633333,3.0,68.0,234400.0,52.15448,46.776638,107527.5,84750.984,0.0,,1.0
36876.0,7.0,9.75,3.0,68.0,234400.0,52.58082,52.005444,107527.5,84750.984,0.0,,1.0
37204.0,1.0,1.0533333,3.0,72.0,119150.0,78.11345,86.64374,119802.336,164830.6,0.0,,1.0
37204.0,2.0,1.13,3.0,72.0,119150.0,75.722946,80.65176,119802.336,164830.6,0.0,,1.0
37204.0,3.0,1.09,3.0,72.0,119150.0,82.299484,84.370186,119802.336,164830.6,0.0,,1.0
37204.0,4.0,1.1333333,3.0,72.0,119150.0,95.130905,90.58431,119802.336,164830.6,0.0,,1.0
37204.0,5.0,1.0233333,3.0,72.0,119150.0,89.4806,91.71241,119802.336,164830.6,0.0,,1.0
37204.0,6.0,1.0166667,3.0,72.0,119150.0,85.62001,86.8479,119802.336,164830.6,0.0,,1.0
37204.0,7.0,1.0699999,3.0,72.0,119150.0,88.17441,97.593185,119802.336,164830.6,0.0,,1.0
37209.0,1.0,1.4066666,3.0,72.0,141490.0,78.11345,86.64374,126516.35,178461.77,0.0,,1.0
37209.0,2.0,1.1999999,3.0,72.0,141490.0,75.722946,80.65176,126516.35,178461.77,0.0,,1.0
37209.0,3.0,1.5675,3.0,72.0,141490.0,82.299484,84.370186,126516.35,178461.77,0.0,,1.0
37209.0,4.0,1.3633333,3.0,72.0,141490.0,95.130905,90.58431,126516.35,178461.77,0.0,,1.0
37209.0,5.0,1.2266667,3.0,72.0,141490.0,89.4806,91.71241,126516.35,178461.77,0.0,,1.0
37209.0,6.0,1.3066667,3.0,72.0,141490.0,85.62001,86.8479,126516.35,178461.77,0.0,,1.0
37209.0,7.0,1.55,3.0,72.0,141490.0,88.17441,97.593185,126516.35,178461.77,0.0,,1.0
37218.0,1.0,1.2366667,3.0,72.0,171750.0,126.13206,149.54181,119764.875,190191.81,0.0,,1.0
37218.0,2.0,1.1266667,3.0,72.0,171750.0,118.46638,131.82228,119764.875,190191.81,0.0,,1.0
37218.0,3.0,1.2925,3.0,72.0,171750.0,129.2198,141.17682,119764.875,190191.81,0.0,,1.0
37218.0,4.0,1.2533333,3.0,72.0,171750.0,147.27206,151.7858,119764.875,190191.81,0.0,,1.0
37218.0,5.0,1.0733333,3.0,72.0,171750.0,136.59297,148.98416,119764.875,190191.81,0.0,,1.0
37218.0,6.0,1.1966667,3.0,72.0,171750.0,133.39137,144.765,119764.875,190191.81,0.0,,1.0
37218.0,7.0,1.23,3.0,72.0,171750.0,140.51424,164.58029,119764.875,190191.81,0.0,,1.0
37238.0,1.0,1.0,3.0,72.0,75380.0,119.86289,139.34755,140681.31,167428.53,0.0,,1.0
37238.0,2.0,1.0,3.0,72.0,75380.0,113.55125,122.24016,140681.31,167428.53,0.0,,1.0
37238.0,3.0,1.0,3.0,72.0,75380.0,122.32349,129.9288,140681.31,167428.53,0.0,,1.0
37238.0,4.0,1.0,3.0,72.0,75380.0,144.27814,140.49728,140681.31,167428.53,0.0,,1.0
37238.0,5.0,1.0,3.0,72.0,75380.0,134.04617,141.0335,140681.31,167428.53,0.0,,1.0
37238.0,6.0,1.0,3.0,72.0,75380.0,130.66771,135.14099,140681.31,167428.53,0.0,,1.0
37238.0,7.0,1.0,3.0,72.0,75380.0,135.82397,151.44629,140681.31,167428.53,0.0,,1.0
37240.0,1.0,1.0333333,3.0,72.0,209550.0,119.272255,140.49905,133151.22,193988.55,0.0,,1.0
37240.0,2.0,1.01,3.0,72.0,209550.0,112.36017,124.38633,133151.22,193988.55,0.0,,1.0
37240.0,3.0,1.075,3.0,72.0,209550.0,122.5169,132.9776,133151.22,193988.55,0.0,,1.0
37240.0,4.0,1.07,3.0,72.0,209550.0,139.82333,142.90344,133151.22,193988.55,0.0,,1.0
37240.0,5.0,1.0333333,3.0,72.0,209550.0,129.86263,140.73543,133151.22,193988.55,0.0,,1.0
37240.0,6.0,1.0,3.0,72.0,209550.0,126.56689,136.44194,133151.22,193988.55,0.0,,1.0
37240.0,7.0,1.015,3.0,72.0,209550.0,133.03711,154.9638,133151.22,193988.55,0.0,,1.0
37247.0,1.0,1.3033333,3.0,72.0,264510.0,78.11345,86.64374,108432.75,150528.4,0.0,,1.0
37247.0,2.0,1.3066666,3.0,72.0,264510.0,75.722946,80.65176,108432.75,150528.4,0.0,,1.0
37247.0,3.0,1.2574999,3.0,72.0,264510.0,82.299484,84.370186,108432.75,150528.4,0.0,,1.0
37247.0,4.0,1.2433333,3.0,72.0,264510.0,95.130905,90.58431,108432.75,150528.4,0.0,,1.0
37247.0,5.0,1.0733333,3.0,72.0,264510.0,89.4806,91.71241,108432.75,150528.4,0.0,,1.0
37247.0,6.0,1.0766667,3.0,72.0,264510.0,85.62001,86.8479,108432.75,150528.4,0.0,,1.0
37247.0,7.0,1.175,3.0,72.0,264510.0,88.17441,97.593185,108432.75,150528.4,0.0,,1.0
37256.0,1.0,1.0066667,3.0,72.0,118110.0,90.63828,102.3451,124752.336,157060.86,0.0,,1.0
37256.0,2.0,1.0866667,3.0,72.0,118110.0,87.071434,93.003136,124752.336,157060.86,0.0,,1.0
37256.0,3.0,1.0350001,3.0,72.0,118110.0,94.30669,97.85292,124752.336,157060.86,0.0,,1.0
37256.0,4.0,1.08,3.0,72.0,118110.0,109.87508,105.30338,124752.336,157060.86,0.0,,1.0
37256.0,5.0,1.0133333,3.0,72.0,118110.0,102.85027,106.31498,124752.336,157060.86,0.0,,1.0
37256.0,6.0,1.01,3.0,72.0,118110.0,99.13432,101.2258,124752.336,157060.86,0.0,,1.0
37256.0,7.0,1.025,3.0,72.0,118110.0,102.469284,113.66259,124752.336,157060.86,0.0,,1.0
37263.0,1.0,1.0733334,3.0,72.0,130260.0,109.42554,126.09196,135195.66,174522.34,0.0,,1.0
37263.0,2.0,1.0866667,3.0,72.0,130260.0,104.09417,111.74982,135195.66,174522.34,0.0,,1.0
37263.0,3.0,1.1075,3.0,72.0,130260.0,112.31749,118.40256,135195.66,174522.34,0.0,,1.0
37263.0,4.0,1.1533333,3.0,72.0,130260.0,131.99133,127.83141,135195.66,174522.34,0.0,,1.0
37263.0,5.0,1.0733334,3.0,72.0,130260.0,122.904785,128.55942,135195.66,174522.34,0.0,,1.0
37263.0,6.0,1.07,3.0,72.0,130260.0,119.40579,122.986885,135195.66,174522.34,0.0,,1.0
37263.0,7.0,1.1,3.0,72.0,130260.0,123.91158,137.91919,135195.66,174522.34,0.0,,1.0
37274.0,1.0,2.24,3.0,72.0,266790.0,78.11345,86.64374,111909.15,170573.61,0.0,,1.0
37274.0,2.0,2.6666665,3.0,72.0,266790.0,75.722946,80.65176,111909.15,170573.61,0.0,,1.0
37274.0,3.0,3.0375,3.0,72.0,266790.0,82.299484,84.370186,111909.15,170573.61,0.0,,1.0
37274.0,4.0,3.0566666,3.0,72.0,266790.0,95.130905,90.58431,111909.15,170573.61,0.0,,1.0
37274.0,5.0,2.55,3.0,72.0,266790.0,89.4806,91.71241,111909.15,170573.61,0.0,,1.0
37274.0,6.0,3.3466666,3.0,72.0,266790.0,85.62001,86.8479,111909.15,170573.61,0.0,,1.0
37274.0,7.0,3.85,3.0,72.0,266790.0,88.17441,97.593185,111909.15,170573.61,0.0,,1.0
37283.0,1.0,1.2533333,3.0,72.0,235780.0,85.50092,96.231514,102769.88,172434.52,0.0,,1.0
37283.0,2.0,1.1866667,3.0,72.0,235780.0,82.29886,88.33676,102769.88,172434.52,0.0,,1.0
37283.0,3.0,1.3975,3.0,72.0,235780.0,89.518,92.9816,102769.88,172434.52,0.0,,1.0
37283.0,4.0,1.4566667,3.0,72.0,235780.0,103.152626,99.78911,102769.88,172434.52,0.0,,1.0
37283.0,5.0,1.1733333,3.0,72.0,235780.0,96.72865,100.42376,102769.88,172434.52,0.0,,1.0
37283.0,6.0,1.1266667,3.0,72.0,235780.0,92.96945,95.683624,102769.88,172434.52,0.0,,1.0
37283.0,7.0,1.285,3.0,72.0,235780.0,96.226685,107.82721,102769.88,172434.52,0.0,,1.0
38207.0,1.0,1.3666667,3.0,82.0,161960.0,43.370388,41.476624,85904.14,74510.19,0.0,0.0,0.0
38207.0,2.0,1.4533334,3.0,82.0,161960.0,42.269855,39.18732,85904.14,74510.19,0.0,0.0,0.0
38207.0,3.0,1.4449999,3.0,82.0,161960.0,48.489113,46.22215,85904.14,74510.19,0.0,0.0,0.0
38207.0,4.0,1.8266667,3.0,82.0,161960.0,49.24782,44.218254,85904.14,74510.19,0.0,0.0,0.0
38207.0,5.0,1.4499999,3.0,82.0,161960.0,53.490746,51.283573,85904.14,74510.19,0.0,0.0,0.0
38207.0,6.0,1.4666667,3.0,82.0,161960.0,44.534782,41.028847,85904.14,74510.19,0.0,0.0,0.0
38207.0,7.0,1.405,3.0,82.0,161960.0,47.58933,47.288326,85904.14,74510.19,0.0,0.0,0.0
38229.0,1.0,2.2733333,3.0,82.0,91650.0,43.956085,41.870747,71819.805,60327.29,0.0,0.0,0.0
38229.0,2.0,2.2066667,3.0,82.0,91650.0,42.748444,39.565414,71819.805,60327.29,0.0,0.0,0.0
38229.0,3.0,2.6225,3.0,82.0,91650.0,49.141644,46.900616,71819.805,60327.29,0.0,0.0,0.0
38229.0,4.0,2.9966667,3.0,82.0,91650.0,49.90519,44.70004,71819.805,60327.29,0.0,0.0,0.0
38229.0,5.0,2.2633333,3.0,82.0,91650.0,54.12243,51.69001,71819.805,60327.29,0.0,0.0,0.0
38229.0,6.0,3.33,3.0,82.0,91650.0,45.222923,41.489338,71819.805,60327.29,0.0,0.0,0.0
38229.0,7.0,3.89,3.0,82.0,91650.0,48.127262,47.62575,71819.805,60327.29,0.0,0.0,0.0
38273.0,1.0,1.6766666,3.0,82.0,317300.0,39.89527,39.445457,78299.6,90592.875,0.0,0.0,0.0
38273.0,2.0,1.5866667,3.0,82.0,317300.0,39.430237,37.117252,78299.6,90592.875,0.0,0.0,0.0
38273.0,3.0,1.74,3.0,82.0,317300.0,44.617424,42.598705,78299.6,90592.875,0.0,0.0,0.0
38273.0,4.0,1.8666667,3.0,82.0,317300.0,45.347435,41.57862,78299.6,90592.875,0.0,0.0,0.0
38273.0,5.0,1.38,3.0,82.0,317300.0,49.742752,49.02211,78299.6,90592.875,0.0,0.0,0.0
38273.0,6.0,1.75,3.0,82.0,317300.0,40.45182,38.456512,78299.6,90592.875,0.0,0.0,0.0
38273.0,7.0,1.73,3.0,82.0,317300.0,44.397594,45.44174,78299.6,90592.875,0.0,0.0,0.0
38276.0,1.0,3.9433334,3.0,82.0,263950.0,43.956085,41.870747,78011.516,65525.492,0.0,0.0,0.0
38276.0,2.0,4.39,3.0,82.0,263950.0,42.748444,39.565414,78011.516,65525.492,0.0,0.0,0.0
38276.0,3.0,4.16,3.0,82.0,263950.0,49.141644,46.900616,78011.516,65525.492,0.0,0.0,0.0
38276.0,4.0,4.4666667,3.0,82.0,263950.0,49.90519,44.70004,78011.516,65525.492,0.0,0.0,0.0
38276.0,5.0,3.2033334,3.0,82.0,263950.0,54.12243,51.69001,78011.516,65525.492,0.0,0.0,0.0
38276.0,6.0,4.4833336,3.0,82.0,263950.0,45.222923,41.489338,78011.516,65525.492,0.0,0.0,0.0
38276.0,7.0,4.6400003,3.0,82.0,263950.0,48.127262,47.62575,78011.516,65525.492,0.0,0.0,0.0
38614.0,1.0,1.07,3.0,86.0,206160.0,59.059223,56.13819,149896.56,35577.176,0.0,0.0,0.0
38614.0,2.0,1.21,3.0,86.0,206160.0,56.35617,55.02123,149896.56,35577.176,0.0,0.0,0.0
38614.0,3.0,1.2725,3.0,86.0,206160.0,60.354176,60.932632,149896.56,35577.176,0.0,0.0,0.0
38614.0,4.0,1.2666667,3.0,86.0,206160.0,61.963192,55.81517,149896.56,35577.176,0.0,0.0,0.0
38614.0,5.0,1.1266667,3.0,86.0,206160.0,64.86832,63.26236,149896.56,35577.176,0.0,0.0,0.0
38614.0,6.0,1.2966666,3.0,86.0,206160.0,56.99466,54.332417,149896.56,35577.176,0.0,0.0,0.0
38614.0,7.0,1.475,3.0,86.0,206160.0,59.976463,61.513855,149896.56,35577.176,0.0,0.0,0.0
38625.0,1.0,1.28,3.0,86.0,96530.0,52.273754,48.796883,154734.0,36595.3,0.0,0.0,0.0
38625.0,2.0,1.49,3.0,86.0,96530.0,49.299816,46.591244,154734.0,36595.3,0.0,0.0,0.0
38625.0,3.0,1.755,3.0,86.0,96530.0,54.673492,53.878124,154734.0,36595.3,0.0,0.0,0.0
38625.0,4.0,1.7966666,3.0,86.0,96530.0,54.71651,49.194942,154734.0,36595.3,0.0,0.0,0.0
38625.0,5.0,1.3033333,3.0,86.0,96530.0,58.936623,56.71431,154734.0,36595.3,0.0,0.0,0.0
38625.0,6.0,1.88,3.0,86.0,96530.0,50.683235,47.35159,154734.0,36595.3,0.0,0.0,0.0
38625.0,7.0,2.17,3.0,86.0,96530.0,53.599174,53.53827,154734.0,36595.3,0.0,0.0,0.0
38636.0,1.0,1.1066667,3.0,86.0,117230.0,55.383762,52.121902,160913.52,42783.215,0.0,0.0,0.0
38636.0,2.0,1.1133333,3.0,86.0,117230.0,52.533978,50.412872,160913.52,42783.215,0.0,0.0,0.0
38636.0,3.0,1.135,3.0,86.0,117230.0,57.27714,57.06188,160913.52,42783.215,0.0,0.0,0.0
38636.0,4.0,1.1033334,3.0,86.0,117230.0,58.037907,52.151657,160913.52,42783.215,0.0,0.0,0.0
38636.0,5.0,1.0133333,3.0,86.0,117230.0,61.65531,59.68316,160913.52,42783.215,0.0,0.0,0.0
38636.0,6.0,1.12,3.0,86.0,117230.0,53.57597,50.528,160913.52,42783.215,0.0,0.0,0.0
38636.0,7.0,1.05,3.0,86.0,117230.0,56.5221,57.174965,160913.52,42783.215,0.0,0.0,0.0
38665.0,1.0,1.3033334,3.0,86.0,214170.0,53.310425,49.896824,137490.25,22988.63,0.0,0.0,0.0
38665.0,2.0,1.3833333,3.0,86.0,214170.0,50.37787,47.856117,137490.25,22988.63,0.0,0.0,0.0
38665.0,3.0,1.6949999,3.0,86.0,214170.0,55.541374,54.929146,137490.25,22988.63,0.0,0.0,0.0
38665.0,4.0,2.1533332,3.0,86.0,214170.0,55.823643,50.164307,137490.25,22988.63,0.0,0.0,0.0
38665.0,5.0,1.4033333,3.0,86.0,214170.0,59.842846,57.697224,137490.25,22988.63,0.0,0.0,0.0
38665.0,6.0,1.96,3.0,86.0,214170.0,51.647484,48.40552,137490.25,22988.63,0.0,0.0,0.0
38665.0,7.0,2.4099998,3.0,86.0,214170.0,54.573483,54.746536,137490.25,22988.63,0.0,0.0,0.0
38669.0,1.0,1.92,3.0,86.0,163420.0,52.273754,48.796883,142140.39,23762.21,0.0,0.0,0.0
38669.0,2.0,2.4233332,3.0,86.0,163420.0,49.299816,46.591244,142140.39,23762.21,0.0,0.0,0.0
38669.0,3.0,2.9575,3.0,86.0,163420.0,54.673492,53.878124,142140.39,23762.21,0.0,0.0,0.0
38669.0,4.0,2.8833332,3.0,86.0,163420.0,54.71651,49.194942,142140.39,23762.21,0.0,0.0,0.0
38669.0,5.0,2.2966666,3.0,86.0,163420.0,58.936623,56.71431,142140.39,23762.21,0.0,0.0,0.0
38669.0,6.0,3.48,3.0,86.0,163420.0,50.683235,47.35159,142140.39,23762.21,0.0,0.0,0.0
38669.0,7.0,3.9250002,3.0,86.0,163420.0,53.599174,53.53827,142140.39,23762.21,0.0,0.0,0.0
38694.0,1.0,1.0633333,3.0,86.0,156390.0,52.273754,48.796883,126017.9,8438.517,0.0,0.0,0.0
38694.0,2.0,1.0799999,3.0,86.0,156390.0,49.299816,46.591244,126017.9,8438.517,0.0,0.0,0.0
38694.0,3.0,1.175,3.0,86.0,156390.0,54.673492,53.878124,126017.9,8438.517,0.0,0.0,0.0
38694.0,4.0,1.16,3.0,86.0,156390.0,54.71651,49.194942,126017.9,8438.517,0.0,0.0,0.0
38694.0,5.0,1.1233333,3.0,86.0,156390.0,58.936623,56.71431,126017.9,8438.517,0.0,0.0,0.0
38694.0,6.0,1.7466667,3.0,86.0,156390.0,50.683235,47.35159,126017.9,8438.517,0.0,0.0,0.0
38694.0,7.0,1.8149999,3.0,86.0,156390.0,53.599174,53.53827,126017.9,8438.517,0.0,0.0,0.0
38937.0,1.0,1.64,3.0,89.0,138590.0,61.61984,66.16521,91292.516,196184.25,0.0,,1.0
38937.0,2.0,1.1866666,3.0,89.0,138590.0,61.308365,64.3932,91292.516,196184.25,0.0,,1.0
38937.0,3.0,1.3975,3.0,89.0,138590.0,69.42438,68.12004,91292.516,196184.25,0.0,,1.0
38937.0,4.0,1.4,3.0,89.0,138590.0,78.377426,73.92238,91292.516,196184.25,0.0,,1.0
38937.0,5.0,1.3866667,3.0,89.0,138590.0,72.43691,71.97193,91292.516,196184.25,0.0,,1.0
38937.0,6.0,1.89,3.0,89.0,138590.0,69.244965,68.72411,91292.516,196184.25,0.0,,1.0
38937.0,7.0,1.915,3.0,89.0,138590.0,71.03496,77.170616,91292.516,196184.25,0.0,,1.0
38967.0,1.0,1.62,3.0,89.0,164970.0,49.406437,50.95964,74975.93,170709.56,0.0,,1.0
38967.0,2.0,1.5233333,3.0,89.0,164970.0,49.47974,51.12246,74975.93,170709.56,0.0,,1.0
38967.0,3.0,1.7325,3.0,89.0,164970.0,56.19269,54.82171,74975.93,170709.56,0.0,,1.0
38967.0,4.0,2.15,3.0,89.0,164970.0,62.438812,57.844833,74975.93,170709.56,0.0,,1.0
38967.0,5.0,1.57,3.0,89.0,164970.0,60.175594,58.980453,74975.93,170709.56,0.0,,1.0
38967.0,6.0,2.04,3.0,89.0,164970.0,55.452377,53.71228,74975.93,170709.56,0.0,,1.0
38967.0,7.0,2.0249999,3.0,89.0,164970.0,56.668034,60.30818,74975.93,170709.56,0.0,,1.0
38970.0,1.0,1.5766667,3.0,89.0,228170.0,61.61984,66.16521,89900.16,188181.25,0.0,,1.0
38970.0,2.0,1.3733333,3.0,89.0,228170.0,61.308365,64.3932,89900.16,188181.25,0.0,,1.0
38970.0,3.0,1.4925001,3.0,89.0,228170.0,69.42438,68.12004,89900.16,188181.25,0.0,,1.0
38970.0,4.0,1.59,3.0,89.0,228170.0,78.377426,73.92238,89900.16,188181.25,0.0,,1.0
38970.0,5.0,1.3233334,3.0,89.0,228170.0,72.43691,71.97193,89900.16,188181.25,0.0,,1.0
38970.0,6.0,1.8933333,3.0,89.0,228170.0,69.244965,68.72411,89900.16,188181.25,0.0,,1.0
38970.0,7.0,1.72,3.0,89.0,228170.0,71.03496,77.170616,89900.16,188181.25,0.0,,1.0
38988.0,1.0,3.3833332,3.0,89.0,379170.0,51.77759,54.387104,70718.17,176086.92,0.0,,1.0
38988.0,2.0,3.3866668,3.0,89.0,379170.0,51.90105,53.886086,70718.17,176086.92,0.0,,1.0
38988.0,3.0,3.98,3.0,89.0,379170.0,59.432583,58.175575,70718.17,176086.92,0.0,,1.0
38988.0,4.0,4.0466666,3.0,89.0,379170.0,66.02698,61.701164,70718.17,176086.92,0.0,,1.0
38988.0,5.0,3.1066666,3.0,89.0,379170.0,62.513363,61.732513,70718.17,176086.92,0.0,,1.0
38988.0,6.0,4.7066665,3.0,89.0,379170.0,58.131634,57.17045,70718.17,176086.92,0.0,,1.0
38988.0,7.0,5.0649996,3.0,89.0,379170.0,59.892265,64.298164,70718.17,176086.92,0.0,,1.0
38990.0,1.0,1.3333333,3.0,89.0,227420.0,53.448483,57.66395,86818.805,195440.88,0.0,,1.0
38990.0,2.0,1.23,3.0,89.0,227420.0,54.017517,57.25901,86818.805,195440.88,0.0,,1.0
38990.0,3.0,1.4375,3.0,89.0,227420.0,62.645042,61.863068,86818.805,195440.88,0.0,,1.0
38990.0,4.0,1.6899999,3.0,89.0,227420.0,69.377235,66.38882,86818.805,195440.88,0.0,,1.0
38990.0,5.0,1.5133333,3.0,89.0,227420.0,64.30176,64.45342,86818.805,195440.88,0.0,,1.0
38990.0,6.0,2.33,3.0,89.0,227420.0,60.55218,61.099976,86818.805,195440.88,0.0,,1.0
38990.0,7.0,2.005,3.0,89.0,227420.0,62.702545,68.2697,86818.805,195440.88,0.0,,1.0
39309.0,1.0,3.3266666,3.0,93.0,147910.0,45.85156,44.34014,33300.273,91467.52,0.0,,1.0
39309.0,2.0,4.72,3.0,93.0,147910.0,45.930183,44.344734,33300.273,91467.52,0.0,,1.0
39309.0,3.0,4.6725,3.0,93.0,147910.0,52.147873,50.210365,33300.273,91467.52,0.0,,1.0
39309.0,4.0,4.3433332,3.0,93.0,147910.0,55.420116,49.61445,33300.273,91467.52,0.0,,1.0
39309.0,5.0,2.9666667,3.0,93.0,147910.0,56.778522,54.107857,33300.273,91467.52,0.0,,1.0
39309.0,6.0,5.1666665,3.0,93.0,147910.0,50.035225,46.160698,33300.273,91467.52,0.0,,1.0
39309.0,7.0,5.56,3.0,93.0,147910.0,51.386856,51.951202,33300.273,91467.52,0.0,,1.0
39319.0,1.0,1.7933334,3.0,93.0,177070.0,41.976112,42.269558,8421.708,124081.49,0.0,,1.0
39319.0,2.0,3.8733335,3.0,93.0,177070.0,42.215252,41.53726,8421.708,124081.49,0.0,,1.0
39319.0,3.0,4.4925,3.0,93.0,177070.0,48.918034,47.453026,8421.708,124081.49,0.0,,1.0
39319.0,4.0,3.6133335,3.0,93.0,177070.0,52.003887,47.169186,8421.708,124081.49,0.0,,1.0
39319.0,5.0,2.77,3.0,93.0,177070.0,52.733646,51.333626,8421.708,124081.49,0.0,,1.0
39319.0,6.0,4.0833335,3.0,93.0,177070.0,45.61412,43.44051,8421.708,124081.49,0.0,,1.0
39319.0,7.0,4.58,3.0,93.0,177070.0,48.223015,50.0511,8421.708,124081.49,0.0,,1.0
39323.0,1.0,2.97,3.0,93.0,175650.0,41.61259,41.351677,33647.99,84979.266,0.0,,1.0
39323.0,2.0,4.1966667,3.0,93.0,175650.0,41.791565,40.37343,33647.99,84979.266,0.0,,1.0
39323.0,3.0,3.8600001,3.0,93.0,175650.0,48.190693,46.492126,33647.99,84979.266,0.0,,1.0
39323.0,4.0,3.8033333,3.0,93.0,175650.0,50.6859,45.536896,33647.99,84979.266,0.0,,1.0
39323.0,5.0,2.5933332,3.0,93.0,175650.0,52.50488,50.802544,33647.99,84979.266,0.0,,1.0
39323.0,6.0,4.7333336,3.0,93.0,175650.0,44.694477,42.009975,33647.99,84979.266,0.0,,1.0
39323.0,7.0,4.885,3.0,93.0,175650.0,47.44954,48.6189,33647.99,84979.266,0.0,,1.0
39328.0,1.0,2.2933333,3.0,93.0,344790.0,45.327137,44.6155,29506.908,117271.57,0.0,,1.0
39328.0,2.0,2.3766668,3.0,93.0,344790.0,45.442776,44.407104,29506.908,117271.57,0.0,,1.0
39328.0,3.0,2.275,3.0,93.0,344790.0,51.844017,49.975353,29506.908,117271.57,0.0,,1.0
39328.0,4.0,2.2866666,3.0,93.0,344790.0,55.494503,50.01805,29506.908,117271.57,0.0,,1.0
39328.0,5.0,2.24,3.0,93.0,344790.0,56.195705,54.017815,29506.908,117271.57,0.0,,1.0
39328.0,6.0,3.7166667,3.0,93.0,344790.0,49.607815,46.42113,29506.908,117271.57,0.0,,1.0
39328.0,7.0,4.48,3.0,93.0,344790.0,51.30227,52.58291,29506.908,117271.57,0.0,,1.0
39338.0,1.0,2.91,3.0,93.0,251420.0,42.70316,44.342655,22989.9,132144.06,0.0,,1.0
39338.0,2.0,2.68,3.0,93.0,251420.0,43.062626,44.188705,22989.9,132144.06,0.0,,1.0
39338.0,3.0,2.3225,3.0,93.0,251420.0,50.37272,49.667847,22989.9,132144.06,0.0,,1.0
39338.0,4.0,2.0333333,3.0,93.0,251420.0,54.639862,50.899338,22989.9,132144.06,0.0,,1.0
39338.0,5.0,1.52,3.0,93.0,251420.0,53.191185,52.466816,22989.9,132144.06,0.0,,1.0
39338.0,6.0,2.1366668,3.0,93.0,251420.0,47.453415,46.428898,22989.9,132144.06,0.0,,1.0
39338.0,7.0,2.06,3.0,93.0,251420.0,49.769966,53.00132,22989.9,132144.06,0.0,,1.0
39347.0,1.0,2.9033334,3.0,93.0,356940.0,42.88428,42.19444,17835.12,107418.86,0.0,,1.0
39347.0,2.0,4.2766666,3.0,93.0,356940.0,43.03315,41.512108,17835.12,107418.86,0.0,,1.0
39347.0,3.0,3.8325,3.0,93.0,356940.0,49.377846,47.54918,17835.12,107418.86,0.0,,1.0
39347.0,4.0,3.81,3.0,93.0,356940.0,52.106167,46.72113,17835.12,107418.86,0.0,,1.0
39347.0,5.0,3.2266667,3.0,93.0,356940.0,53.786972,51.75431,17835.12,107418.86,0.0,,1.0
39347.0,6.0,5.7799997,3.0,93.0,356940.0,46.2967,43.203907,17835.12,107418.86,0.0,,1.0
39347.0,7.0,6.875,3.0,93.0,356940.0,48.630733,49.573097,17835.12,107418.86,0.0,,1.0
39357.0,1.0,2.0366666,3.0,93.0,374710.0,47.829197,49.3345,38941.676,138317.95,0.0,,1.0
39357.0,2.0,2.07,3.0,93.0,374710.0,47.96983,49.39214,38941.676,138317.95,0.0,,1.0
39357.0,3.0,2.14,3.0,93.0,374710.0,54.823288,53.552933,38941.676,138317.95,0.0,,1.0
39357.0,4.0,2.02,3.0,93.0,374710.0,60.603764,56.12429,38941.676,138317.95,0.0,,1.0
39357.0,5.0,1.5133333,3.0,93.0,374710.0,58.532204,57.40533,38941.676,138317.95,0.0,,1.0
39357.0,6.0,2.0866666,3.0,93.0,374710.0,53.570267,51.94915,38941.676,138317.95,0.0,,1.0
39357.0,7.0,1.9849999,3.0,93.0,374710.0,55.04496,58.537468,38941.676,138317.95,0.0,,1.0
39366.0,1.0,3.8266666,3.0,93.0,338280.0,45.525486,44.09297,46527.64,77742.91,0.0,,1.0
39366.0,2.0,4.746667,3.0,93.0,338280.0,45.611828,44.022465,46527.64,77742.91,0.0,,1.0
39366.0,3.0,5.0475,3.0,93.0,338280.0,51.84347,49.90567,46527.64,77742.91,0.0,,1.0
39366.0,4.0,4.6833334,3.0,93.0,338280.0,55.055946,49.288208,46527.64,77742.91,0.0,,1.0
39366.0,5.0,3.9333334,3.0,93.0,338280.0,56.44978,53.840645,46527.64,77742.91,0.0,,1.0
39366.0,6.0,5.7966666,3.0,93.0,338280.0,49.624397,45.825134,46527.64,77742.91,0.0,,1.0
39366.0,7.0,7.145,3.0,93.0,338280.0,51.083984,51.680145,46527.64,77742.91,0.0,,1.0
39376.0,1.0,1.4133333,3.0,93.0,236960.0,42.198463,41.446472,40734.934,78524.92,0.0,,1.0
39376.0,2.0,1.59,3.0,93.0,236960.0,42.030785,40.08241,40734.934,78524.92,0.0,,1.0
39376.0,3.0,1.755,3.0,93.0,236960.0,48.42843,46.55597,40734.934,78524.92,0.0,,1.0
39376.0,4.0,1.6366667,3.0,93.0,236960.0,50.490726,45.17686,40734.934,78524.92,0.0,,1.0
39376.0,5.0,1.6433333,3.0,93.0,236960.0,52.909267,50.998905,40734.934,78524.92,0.0,,1.0
39376.0,6.0,2.13,3.0,93.0,236960.0,44.826588,41.846992,40734.934,78524.92,0.0,,1.0
39376.0,7.0,1.745,3.0,93.0,236960.0,47.61897,48.322315,40734.934,78524.92,0.0,,1.0
39385.0,1.0,1.51,3.0,93.0,222580.0,45.85156,44.34014,42107.36,97976.17,0.0,,1.0
39385.0,2.0,1.65,3.0,93.0,222580.0,45.930183,44.344734,42107.36,97976.17,0.0,,1.0
39385.0,3.0,1.7574999,3.0,93.0,222580.0,52.147873,50.210365,42107.36,97976.17,0.0,,1.0
39385.0,4.0,2.1333334,3.0,93.0,222580.0,55.420116,49.61445,42107.36,97976.17,0.0,,1.0
39385.0,5.0,1.7066666,3.0,93.0,222580.0,56.778522,54.107857,42107.36,97976.17,0.0,,1.0
39385.0,6.0,4.52,3.0,93.0,222580.0,50.035225,46.160698,42107.36,97976.17,0.0,,1.0
39385.0,7.0,4.64,3.0,93.0,222580.0,51.386856,51.951202,42107.36,97976.17,0.0,,1.0
39395.0,1.0,4.86,3.0,93.0,381590.0,41.61259,41.351677,18939.613,99542.766,0.0,,1.0
39395.0,2.0,5.43,3.0,93.0,381590.0,41.791565,40.37343,18939.613,99542.766,0.0,,1.0
39395.0,3.0,5.0225,3.0,93.0,381590.0,48.190693,46.492126,18939.613,99542.766,0.0,,1.0
39395.0,4.0,5.0166664,3.0,93.0,381590.0,50.6859,45.536896,18939.613,99542.766,0.0,,1.0
39395.0,5.0,4.2866664,3.0,93.0,381590.0,52.50488,50.802544,18939.613,99542.766,0.0,,1.0
39395.0,6.0,6.45,3.0,93.0,381590.0,44.694477,42.009975,18939.613,99542.766,0.0,,1.0
39395.0,7.0,6.7,3.0,93.0,381590.0,47.44954,48.6189,18939.613,99542.766,0.0,,1.0
40108.0,1.0,4.1066666,4.0,1.0,237070.0,50.801636,49.242867,189642.61,94310.25,0.0,0.0,0.0
40108.0,2.0,4.866667,4.0,1.0,237070.0,46.18383,44.704918,189642.61,94310.25,0.0,0.0,0.0
40108.0,3.0,4.5925,4.0,1.0,237070.0,51.086395,50.90254,189642.61,94310.25,0.0,0.0,0.0
40108.0,4.0,4.246667,4.0,1.0,237070.0,48.722458,45.823597,189642.61,94310.25,0.0,0.0,0.0
40108.0,5.0,3.09,4.0,1.0,237070.0,53.54089,53.982597,189642.61,94310.25,0.0,0.0,0.0
40108.0,6.0,3.9166667,4.0,1.0,237070.0,45.717205,45.082043,189642.61,94310.25,0.0,0.0,0.0
40108.0,7.0,3.49,4.0,1.0,237070.0,49.28755,50.468422,189642.61,94310.25,0.0,0.0,0.0
40114.0,1.0,1.2166667,4.0,1.0,126820.0,50.801636,49.242867,178501.14,79514.37,0.0,0.0,0.0
40114.0,2.0,1.6433333,4.0,1.0,126820.0,46.18383,44.704918,178501.14,79514.37,0.0,0.0,0.0
40114.0,3.0,1.7025,4.0,1.0,126820.0,51.086395,50.90254,178501.14,79514.37,0.0,0.0,0.0
40114.0,4.0,1.43,4.0,1.0,126820.0,48.722458,45.823597,178501.14,79514.37,0.0,0.0,0.0
40114.0,5.0,1.1933334,4.0,1.0,126820.0,53.54089,53.982597,178501.14,79514.37,0.0,0.0,0.0
40114.0,6.0,1.4033333,4.0,1.0,126820.0,45.717205,45.082043,178501.14,79514.37,0.0,0.0,0.0
40114.0,7.0,1.0550001,4.0,1.0,126820.0,49.28755,50.468422,178501.14,79514.37,0.0,0.0,0.0
40134.0,1.0,2.7766666,4.0,1.0,123160.0,50.801636,49.242867,184030.89,95107.25,0.0,0.0,0.0
40134.0,2.0,3.2766666,4.0,1.0,123160.0,46.18383,44.704918,184030.89,95107.25,0.0,0.0,0.0
40134.0,3.0,3.12,4.0,1.0,123160.0,51.086395,50.90254,184030.89,95107.25,0.0,0.0,0.0
40134.0,4.0,3.2466667,4.0,1.0,123160.0,48.722458,45.823597,184030.89,95107.25,0.0,0.0,0.0
40134.0,5.0,2.5833333,4.0,1.0,123160.0,53.54089,53.982597,184030.89,95107.25,0.0,0.0,0.0
40134.0,6.0,4.2,4.0,1.0,123160.0,45.717205,45.082043,184030.89,95107.25,0.0,0.0,0.0
40134.0,7.0,4.005,4.0,1.0,123160.0,49.28755,50.468422,184030.89,95107.25,0.0,0.0,0.0
40138.0,1.0,1.42,4.0,1.0,91760.0,50.801636,49.242867,194154.2,93078.98,0.0,0.0,0.0
40138.0,2.0,1.6133333,4.0,1.0,91760.0,46.18383,44.704918,194154.2,93078.98,0.0,0.0,0.0
40138.0,3.0,1.7425,4.0,1.0,91760.0,51.086395,50.90254,194154.2,93078.98,0.0,0.0,0.0
40138.0,4.0,1.0966667,4.0,1.0,91760.0,48.722458,45.823597,194154.2,93078.98,0.0,0.0,0.0
40138.0,5.0,1.0866667,4.0,1.0,91760.0,53.54089,53.982597,194154.2,93078.98,0.0,0.0,0.0
40138.0,6.0,1.06,4.0,1.0,91760.0,45.717205,45.082043,194154.2,93078.98,0.0,0.0,0.0
40138.0,7.0,1.0,4.0,1.0,91760.0,49.28755,50.468422,194154.2,93078.98,0.0,0.0,0.0
40156.0,1.0,1.5133333,4.0,1.0,117220.0,50.801636,49.242867,168570.94,76945.805,0.0,0.0,0.0
40156.0,2.0,1.8233334,4.0,1.0,117220.0,46.18383,44.704918,168570.94,76945.805,0.0,0.0,0.0
40156.0,3.0,2.2125,4.0,1.0,117220.0,51.086395,50.90254,168570.94,76945.805,0.0,0.0,0.0
40156.0,4.0,1.84,4.0,1.0,117220.0,48.722458,45.823597,168570.94,76945.805,0.0,0.0,0.0
40156.0,5.0,1.2066667,4.0,1.0,117220.0,53.54089,53.982597,168570.94,76945.805,0.0,0.0,0.0
40156.0,6.0,2.05,4.0,1.0,117220.0,45.717205,45.082043,168570.94,76945.805,0.0,0.0,0.0
40156.0,7.0,1.7,4.0,1.0,117220.0,49.28755,50.468422,168570.94,76945.805,0.0,0.0,0.0
40160.0,1.0,1.3766667,4.0,1.0,322850.0,53.521187,52.189316,212962.84,111809.99,0.0,0.0,0.0
40160.0,2.0,1.41,4.0,1.0,322850.0,48.210945,47.31555,212962.84,111809.99,0.0,0.0,0.0
40160.0,3.0,1.315,4.0,1.0,322850.0,52.0664,52.42961,212962.84,111809.99,0.0,0.0,0.0
40160.0,4.0,1.2833333,4.0,1.0,322850.0,49.232384,46.142036,212962.84,111809.99,0.0,0.0,0.0
40160.0,5.0,1.24,4.0,1.0,322850.0,53.585377,53.946663,212962.84,111809.99,0.0,0.0,0.0
40160.0,6.0,1.48,4.0,1.0,322850.0,46.27883,46.07372,212962.84,111809.99,0.0,0.0,0.0
40160.0,7.0,1.295,4.0,1.0,322850.0,50.147785,51.66365,212962.84,111809.99,0.0,0.0,0.0
40173.0,1.0,1.23,4.0,1.0,167050.0,50.801636,49.242867,200768.28,108928.58,0.0,0.0,0.0
40173.0,2.0,1.5333333,4.0,1.0,167050.0,46.18383,44.704918,200768.28,108928.58,0.0,0.0,0.0
40173.0,3.0,1.5175,4.0,1.0,167050.0,51.086395,50.90254,200768.28,108928.58,0.0,0.0,0.0
40173.0,4.0,1.55,4.0,1.0,167050.0,48.722458,45.823597,200768.28,108928.58,0.0,0.0,0.0
40173.0,5.0,1.44,4.0,1.0,167050.0,53.54089,53.982597,200768.28,108928.58,0.0,0.0,0.0
40173.0,6.0,1.5233333,4.0,1.0,167050.0,45.717205,45.082043,200768.28,108928.58,0.0,0.0,0.0
40173.0,7.0,1.255,4.0,1.0,167050.0,49.28755,50.468422,200768.28,108928.58,0.0,0.0,0.0
40177.0,1.0,1.06,4.0,1.0,107180.0,55.700188,54.707058,271253.53,169256.44,0.0,0.0,0.0
40177.0,2.0,1.0699999,4.0,1.0,107180.0,49.698967,49.48459,271253.53,169256.44,0.0,0.0,0.0
40177.0,3.0,1.0425,4.0,1.0,107180.0,52.65876,53.64762,271253.53,169256.44,0.0,0.0,0.0
40177.0,4.0,1.0366666,4.0,1.0,107180.0,49.526966,46.482784,271253.53,169256.44,0.0,0.0,0.0
40177.0,5.0,1.01,4.0,1.0,107180.0,53.579933,53.786633,271253.53,169256.44,0.0,0.0,0.0
40177.0,6.0,1.0166667,4.0,1.0,107180.0,46.71349,46.83605,271253.53,169256.44,0.0,0.0,0.0
40177.0,7.0,1.0,4.0,1.0,107180.0,50.791645,52.54304,271253.53,169256.44,0.0,0.0,0.0
41807.0,1.0,2.98,4.0,18.0,246770.0,34.667885,36.244457,115099.86,139714.8,0.0,0.0,0.0
41807.0,2.0,2.7466667,4.0,18.0,246770.0,35.421074,34.72769,115099.86,139714.8,0.0,0.0,0.0
41807.0,3.0,2.9025002,4.0,18.0,246770.0,38.948006,38.21828,115099.86,139714.8,0.0,0.0,0.0
41807.0,4.0,2.32,4.0,18.0,246770.0,39.302082,37.56917,115099.86,139714.8,0.0,0.0,0.0
41807.0,5.0,1.6333333,4.0,18.0,246770.0,43.27383,45.615875,115099.86,139714.8,0.0,0.0,0.0
41807.0,6.0,1.75,4.0,18.0,246770.0,34.144188,34.636864,115099.86,139714.8,0.0,0.0,0.0
41807.0,7.0,1.65,4.0,18.0,246770.0,38.508484,41.167328,115099.86,139714.8,0.0,0.0,0.0
41823.0,1.0,4.2333336,4.0,18.0,223990.0,34.667885,36.244457,126822.66,138866.28,0.0,0.0,0.0
41823.0,2.0,4.81,4.0,18.0,223990.0,35.421074,34.72769,126822.66,138866.28,0.0,0.0,0.0
41823.0,3.0,4.5125,4.0,18.0,223990.0,38.948006,38.21828,126822.66,138866.28,0.0,0.0,0.0
41823.0,4.0,4.3733335,4.0,18.0,223990.0,39.302082,37.56917,126822.66,138866.28,0.0,0.0,0.0
41823.0,5.0,2.6733334,4.0,18.0,223990.0,43.27383,45.615875,126822.66,138866.28,0.0,0.0,0.0
41823.0,6.0,3.1733334,4.0,18.0,223990.0,34.144188,34.636864,126822.66,138866.28,0.0,0.0,0.0
41823.0,7.0,4.3900003,4.0,18.0,223990.0,38.508484,41.167328,126822.66,138866.28,0.0,0.0,0.0
41831.0,1.0,2.7866666,4.0,18.0,212420.0,34.667885,36.244457,137470.27,153623.08,0.0,0.0,0.0
41831.0,2.0,3.5566666,4.0,18.0,212420.0,35.421074,34.72769,137470.27,153623.08,0.0,0.0,0.0
41831.0,3.0,3.625,4.0,18.0,212420.0,38.948006,38.21828,137470.27,153623.08,0.0,0.0,0.0
41831.0,4.0,2.9966667,4.0,18.0,212420.0,39.302082,37.56917,137470.27,153623.08,0.0,0.0,0.0
41831.0,5.0,1.94,4.0,18.0,212420.0,43.27383,45.615875,137470.27,153623.08,0.0,0.0,0.0
41831.0,6.0,2.35,4.0,18.0,212420.0,34.144188,34.636864,137470.27,153623.08,0.0,0.0,0.0
41831.0,7.0,2.9,4.0,18.0,212420.0,38.508484,41.167328,137470.27,153623.08,0.0,0.0,0.0
41855.0,1.0,2.7833333,4.0,18.0,125690.0,38.196457,38.243668,141272.52,141466.83,0.0,0.0,0.0
41855.0,2.0,3.0033333,4.0,18.0,125690.0,37.98751,37.882565,141272.52,141466.83,0.0,0.0,0.0
41855.0,3.0,3.15,4.0,18.0,125690.0,41.70678,40.35775,141272.52,141466.83,0.0,0.0,0.0
41855.0,4.0,2.9533334,4.0,18.0,125690.0,39.78211,37.316048,141272.52,141466.83,0.0,0.0,0.0
41855.0,5.0,1.7066667,4.0,18.0,125690.0,44.786682,47.15845,141272.52,141466.83,0.0,0.0,0.0
41855.0,6.0,1.7166667,4.0,18.0,125690.0,35.63061,35.904755,141272.52,141466.83,0.0,0.0,0.0
41855.0,7.0,3.795,4.0,18.0,125690.0,39.459366,40.706787,141272.52,141466.83,0.0,0.0,0.0
44104.0,1.0,5.5166664,4.0,41.0,205220.0,43.69241,42.32281,157888.19,95476.88,0.0,0.0,0.0
44104.0,2.0,5.97,4.0,41.0,205220.0,40.949265,39.098267,157888.19,95476.88,0.0,0.0,0.0
44104.0,3.0,5.7625,4.0,41.0,205220.0,46.187134,44.564056,157888.19,95476.88,0.0,0.0,0.0
44104.0,4.0,5.37,4.0,41.0,205220.0,44.055077,41.066185,157888.19,95476.88,0.0,0.0,0.0
44104.0,5.0,4.483333,4.0,41.0,205220.0,49.49031,50.12929,157888.19,95476.88,0.0,0.0,0.0
44104.0,6.0,6.2333336,4.0,41.0,205220.0,40.777397,39.656536,157888.19,95476.88,0.0,0.0,0.0
44104.0,7.0,6.83,4.0,41.0,205220.0,44.40044,45.07901,157888.19,95476.88,0.0,0.0,0.0
44109.0,1.0,2.7366667,4.0,41.0,166620.0,41.777767,40.45543,136451.78,94537.44,0.0,0.0,0.0
44109.0,2.0,3.79,4.0,41.0,166620.0,39.495304,37.42776,136451.78,94537.44,0.0,0.0,0.0
44109.0,3.0,3.6375,4.0,41.0,166620.0,45.04345,43.15459,136451.78,94537.44,0.0,0.0,0.0
44109.0,4.0,3.2366667,4.0,41.0,166620.0,43.320065,40.49552,136451.78,94537.44,0.0,0.0,0.0
44109.0,5.0,2.5833333,4.0,41.0,166620.0,48.954193,49.299305,136451.78,94537.44,0.0,0.0,0.0
44109.0,6.0,3.05,4.0,41.0,166620.0,39.96666,38.498974,136451.78,94537.44,0.0,0.0,0.0
44109.0,7.0,3.295,4.0,41.0,166620.0,43.568123,44.05349,136451.78,94537.44,0.0,0.0,0.0
44111.0,1.0,1.97,4.0,41.0,181490.0,40.1499,39.33259,147175.69,125074.055,0.0,0.0,0.0
44111.0,2.0,1.8433334,4.0,41.0,181490.0,38.809944,37.346222,147175.69,125074.055,0.0,0.0,0.0
44111.0,3.0,2.87,4.0,41.0,181490.0,43.52678,41.67256,147175.69,125074.055,0.0,0.0,0.0
44111.0,4.0,3.2333333,4.0,41.0,181490.0,41.711903,38.91893,147175.69,125074.055,0.0,0.0,0.0
44111.0,5.0,2.05,4.0,41.0,181490.0,47.059868,48.22588,147175.69,125074.055,0.0,0.0,0.0
44111.0,6.0,2.4966667,4.0,41.0,181490.0,37.99573,37.22409,147175.69,125074.055,0.0,0.0,0.0
44111.0,7.0,2.7,4.0,41.0,181490.0,41.70051,42.477406,147175.69,125074.055,0.0,0.0,0.0
44123.0,1.0,2.9,4.0,41.0,233590.0,42.52394,41.231907,164496.16,127074.73,0.0,0.0,0.0
44123.0,2.0,3.2533333,4.0,41.0,233590.0,40.076862,38.168587,164496.16,127074.73,0.0,0.0,0.0
44123.0,3.0,4.01,4.0,41.0,233590.0,45.429832,43.651703,164496.16,127074.73,0.0,0.0,0.0
44123.0,4.0,4.4933333,4.0,41.0,233590.0,43.430313,40.497917,164496.16,127074.73,0.0,0.0,0.0
44123.0,5.0,2.8233333,4.0,41.0,233590.0,48.97586,49.56681,164496.16,127074.73,0.0,0.0,0.0
44123.0,6.0,3.7433333,4.0,41.0,233590.0,40.107212,38.863007,164496.16,127074.73,0.0,0.0,0.0
44123.0,7.0,4.075,4.0,41.0,233590.0,43.729164,44.31629,164496.16,127074.73,0.0,0.0,0.0
44138.0,1.0,2.2566667,4.0,41.0,197980.0,45.88173,45.07058,177467.92,119250.9,0.0,0.0,0.0
44138.0,2.0,2.6866665,4.0,41.0,197980.0,42.69386,42.38921,177467.92,119250.9,0.0,0.0,0.0
44138.0,3.0,3.2875,4.0,41.0,197980.0,47.168545,46.27552,177467.92,119250.9,0.0,0.0,0.0
44138.0,4.0,2.7833333,4.0,41.0,197980.0,43.926434,41.027725,177467.92,119250.9,0.0,0.0,0.0
44138.0,5.0,1.8766667,4.0,41.0,197980.0,49.073376,50.89256,177467.92,119250.9,0.0,0.0,0.0
44138.0,6.0,2.8133333,4.0,41.0,197980.0,40.739697,40.565575,177467.92,119250.9,0.0,0.0,0.0
44138.0,7.0,2.7350001,4.0,41.0,197980.0,44.453827,45.58618,177467.92,119250.9,0.0,0.0,0.0
44147.0,1.0,9.543333,4.0,41.0,531190.0,41.777767,40.45543,146542.02,107600.9,0.0,0.0,0.0
44147.0,2.0,10.163333,4.0,41.0,531190.0,39.495304,37.42776,146542.02,107600.9,0.0,0.0,0.0
44147.0,3.0,9.09,4.0,41.0,531190.0,45.04345,43.15459,146542.02,107600.9,0.0,0.0,0.0
44147.0,4.0,8.956667,4.0,41.0,531190.0,43.320065,40.49552,146542.02,107600.9,0.0,0.0,0.0
44147.0,5.0,6.89,4.0,41.0,531190.0,48.954193,49.299305,146542.02,107600.9,0.0,0.0,0.0
44147.0,6.0,8.956667,4.0,41.0,531190.0,39.96666,38.498974,146542.02,107600.9,0.0,0.0,0.0
44147.0,7.0,9.395,4.0,41.0,531190.0,43.568123,44.05349,146542.02,107600.9,0.0,0.0,0.0
44161.0,1.0,2.74,4.0,41.0,327800.0,43.41935,42.20271,164599.56,113953.89,0.0,0.0,0.0
44161.0,2.0,3.25,4.0,41.0,327800.0,40.774727,39.15843,164599.56,113953.89,0.0,0.0,0.0
44161.0,3.0,3.9450002,4.0,41.0,327800.0,45.893486,44.29099,164599.56,113953.89,0.0,0.0,0.0
44161.0,4.0,3.6066666,4.0,41.0,327800.0,43.56261,40.557026,164599.56,113953.89,0.0,0.0,0.0
44161.0,5.0,2.2733333,4.0,41.0,327800.0,49.001865,49.90104,164599.56,113953.89,0.0,0.0,0.0
44161.0,6.0,3.8633332,4.0,41.0,327800.0,40.275875,39.306934,164599.56,113953.89,0.0,0.0,0.0
44161.0,7.0,3.73,4.0,41.0,327800.0,43.92241,44.64115,164599.56,113953.89,0.0,0.0,0.0
44190.0,1.0,3.1133335,4.0,41.0,260720.0,40.647694,40.616142,172156.45,138838.48,0.0,0.0,0.0
44190.0,2.0,3.7533333,4.0,41.0,260720.0,40.39028,41.00441,172156.45,138838.48,0.0,0.0,0.0
44190.0,3.0,3.96,4.0,41.0,260720.0,43.67819,42.275238,172156.45,138838.48,0.0,0.0,0.0
44190.0,4.0,4.0533333,4.0,41.0,260720.0,41.24503,38.3932,172156.45,138838.48,0.0,0.0,0.0
44190.0,5.0,3.1466665,4.0,41.0,260720.0,46.07412,48.654278,172156.45,138838.48,0.0,0.0,0.0
44190.0,6.0,4.1933336,4.0,41.0,260720.0,36.933388,37.317844,172156.45,138838.48,0.0,0.0,0.0
44190.0,7.0,5.16,4.0,41.0,260720.0,40.78936,41.89344,172156.45,138838.48,0.0,0.0,0.0
44414.0,1.0,1.9466666,4.0,44.0,162790.0,39.27053,39.142467,109690.13,120556.79,0.0,0.0,0.0
44414.0,2.0,2.5333333,4.0,44.0,162790.0,38.919743,36.779255,109690.13,120556.79,0.0,0.0,0.0
44414.0,3.0,2.535,4.0,44.0,162790.0,43.921387,42.032352,109690.13,120556.79,0.0,0.0,0.0
44414.0,4.0,2.4966667,4.0,44.0,162790.0,44.64624,41.14703,109690.13,120556.79,0.0,0.0,0.0
44414.0,5.0,1.8933333,4.0,44.0,162790.0,49.068954,48.644524,109690.13,120556.79,0.0,0.0,0.0
44414.0,6.0,2.16,4.0,44.0,162790.0,39.717804,38.026253,109690.13,120556.79,0.0,0.0,0.0
44414.0,7.0,2.13,4.0,44.0,162790.0,43.8238,45.13978,109690.13,120556.79,0.0,0.0,0.0
44419.0,1.0,3.3133333,4.0,44.0,214790.0,40.165974,39.500233,116427.12,110660.47,0.0,0.0,0.0
44419.0,2.0,3.92,4.0,44.0,214790.0,39.1253,36.81172,116427.12,110660.47,0.0,0.0,0.0
44419.0,3.0,3.6025,4.0,44.0,214790.0,44.322124,42.336075,116427.12,110660.47,0.0,0.0,0.0
44419.0,4.0,3.7133334,4.0,44.0,214790.0,44.172607,40.85424,116427.12,110660.47,0.0,0.0,0.0
44419.0,5.0,2.73,4.0,44.0,214790.0,49.02797,48.82163,116427.12,110660.47,0.0,0.0,0.0
44419.0,6.0,3.48,4.0,44.0,214790.0,39.806683,38.16863,116427.12,110660.47,0.0,0.0,0.0
44419.0,7.0,3.755,4.0,44.0,214790.0,43.73249,44.712357,116427.12,110660.47,0.0,0.0,0.0
44433.0,1.0,2.4233334,4.0,44.0,218130.0,41.777767,40.45543,130613.7,110833.62,0.0,0.0,0.0
44433.0,2.0,2.5166667,4.0,44.0,218130.0,39.495304,37.42776,130613.7,110833.62,0.0,0.0,0.0
44433.0,3.0,2.74,4.0,44.0,218130.0,45.04345,43.15459,130613.7,110833.62,0.0,0.0,0.0
44433.0,4.0,2.6833334,4.0,44.0,218130.0,43.320065,40.49552,130613.7,110833.62,0.0,0.0,0.0
44433.0,5.0,1.9533333,4.0,44.0,218130.0,48.954193,49.299305,130613.7,110833.62,0.0,0.0,0.0
44433.0,6.0,2.07,4.0,44.0,218130.0,39.96666,38.498974,130613.7,110833.62,0.0,0.0,0.0
44433.0,7.0,2.465,4.0,44.0,218130.0,43.568123,44.05349,130613.7,110833.62,0.0,0.0,0.0
44442.0,1.0,2.33,4.0,44.0,107440.0,39.73884,39.09152,131487.58,126159.85,0.0,0.0,0.0
44442.0,2.0,2.5166667,4.0,44.0,107440.0,38.482475,36.874825,131487.58,126159.85,0.0,0.0,0.0
44442.0,3.0,2.7875,4.0,44.0,107440.0,43.219337,41.403214,131487.58,126159.85,0.0,0.0,0.0
44442.0,4.0,2.7666667,4.0,44.0,107440.0,41.73522,39.0114,131487.58,126159.85,0.0,0.0,0.0
44442.0,5.0,2.0966668,4.0,44.0,107440.0,46.951996,48.05205,131487.58,126159.85,0.0,0.0,0.0
44442.0,6.0,2.4633334,4.0,44.0,107440.0,37.896008,37.114452,131487.58,126159.85,0.0,0.0,0.0
44442.0,7.0,2.975,4.0,44.0,107440.0,41.671387,42.606354,131487.58,126159.85,0.0,0.0,0.0
44471.0,1.0,1.74,4.0,44.0,244880.0,38.196457,38.243668,151154.47,140778.11,0.0,0.0,0.0
44471.0,2.0,1.7900001,4.0,44.0,244880.0,37.98751,37.882565,151154.47,140778.11,0.0,0.0,0.0
44471.0,3.0,2.0425,4.0,44.0,244880.0,41.70678,40.35775,151154.47,140778.11,0.0,0.0,0.0
44471.0,4.0,2.51,4.0,44.0,244880.0,39.78211,37.316048,151154.47,140778.11,0.0,0.0,0.0
44471.0,5.0,1.9300001,4.0,44.0,244880.0,44.786682,47.15845,151154.47,140778.11,0.0,0.0,0.0
44471.0,6.0,2.1133332,4.0,44.0,244880.0,35.63061,35.904755,151154.47,140778.11,0.0,0.0,0.0
44471.0,7.0,2.35,4.0,44.0,244880.0,39.459366,40.706787,151154.47,140778.11,0.0,0.0,0.0
44480.0,1.0,2.2133334,4.0,44.0,291560.0,39.27053,39.142467,98206.23,104696.82,0.0,0.0,0.0
44480.0,2.0,2.3666666,4.0,44.0,291560.0,38.919743,36.779255,98206.23,104696.82,0.0,0.0,0.0
44480.0,3.0,2.3600001,4.0,44.0,291560.0,43.921387,42.032352,98206.23,104696.82,0.0,0.0,0.0
44480.0,4.0,2.3266666,4.0,44.0,291560.0,44.64624,41.14703,98206.23,104696.82,0.0,0.0,0.0
44480.0,5.0,1.7433333,4.0,44.0,291560.0,49.068954,48.644524,98206.23,104696.82,0.0,0.0,0.0
44480.0,6.0,2.01,4.0,44.0,291560.0,39.717804,38.026253,98206.23,104696.82,0.0,0.0,0.0
44480.0,7.0,2.195,4.0,44.0,291560.0,43.8238,45.13978,98206.23,104696.82,0.0,0.0,0.0
44712.0,1.0,3.72,4.0,47.0,128650.0,49.395947,47.93616,188372.95,107140.58,0.0,0.0,0.0
44712.0,2.0,4.023333,4.0,47.0,128650.0,45.186695,43.832317,188372.95,107140.58,0.0,0.0,0.0
44712.0,3.0,2.965,4.0,47.0,128650.0,49.967007,49.459362,188372.95,107140.58,0.0,0.0,0.0
44712.0,4.0,3.43,4.0,47.0,128650.0,47.352165,44.39673,188372.95,107140.58,0.0,0.0,0.0
44712.0,5.0,2.9133334,4.0,47.0,128650.0,52.264454,53.039112,188372.95,107140.58,0.0,0.0,0.0
44712.0,6.0,3.74,4.0,47.0,128650.0,44.29506,43.735603,188372.95,107140.58,0.0,0.0,0.0
44712.0,7.0,3.505,4.0,47.0,128650.0,47.906487,49.04315,188372.95,107140.58,0.0,0.0,0.0
44717.0,1.0,1.5266666,4.0,47.0,141880.0,51.882492,50.619408,224938.42,136537.08,0.0,0.0,0.0
44717.0,2.0,1.6833334,4.0,47.0,141880.0,47.148155,46.52219,224938.42,136537.08,0.0,0.0,0.0
44717.0,3.0,1.49,4.0,47.0,141880.0,50.78148,50.756767,224938.42,136537.08,0.0,0.0,0.0
44717.0,4.0,1.33,4.0,47.0,141880.0,47.69229,44.5753,224938.42,136537.08,0.0,0.0,0.0
44717.0,5.0,1.2966666,4.0,47.0,141880.0,52.111538,52.85812,224938.42,136537.08,0.0,0.0,0.0
44717.0,6.0,1.38,4.0,47.0,141880.0,44.649696,44.519634,224938.42,136537.08,0.0,0.0,0.0
44717.0,7.0,1.4100001,4.0,47.0,141880.0,48.52613,49.919094,224938.42,136537.08,0.0,0.0,0.0
44721.0,1.0,53.333332,4.0,47.0,80930.0,50.801636,49.242867,170276.45,95018.57,0.0,0.0,0.0
44721.0,2.0,51.143333,4.0,47.0,80930.0,46.18383,44.704918,170276.45,95018.57,0.0,0.0,0.0
44721.0,3.0,43.3575,4.0,47.0,80930.0,51.086395,50.90254,170276.45,95018.57,0.0,0.0,0.0
44721.0,4.0,34.38,4.0,47.0,80930.0,48.722458,45.823597,170276.45,95018.57,0.0,0.0,0.0
44721.0,5.0,25.19,4.0,47.0,80930.0,53.54089,53.982597,170276.45,95018.57,0.0,0.0,0.0
44721.0,6.0,30.616667,4.0,47.0,80930.0,45.717205,45.082043,170276.45,95018.57,0.0,0.0,0.0
44721.0,7.0,35.29,4.0,47.0,80930.0,49.28755,50.468422,170276.45,95018.57,0.0,0.0,0.0
44730.0,1.0,3.1933334,4.0,47.0,255670.0,46.171135,45.28234,181133.55,109797.79,0.0,0.0,0.0
44730.0,2.0,3.73,4.0,47.0,255670.0,42.899155,42.466675,181133.55,109797.79,0.0,0.0,0.0
44730.0,3.0,2.9375,4.0,47.0,255670.0,47.399006,46.51216,181133.55,109797.79,0.0,0.0,0.0
44730.0,4.0,3.0133333,4.0,47.0,255670.0,44.208553,41.293327,181133.55,109797.79,0.0,0.0,0.0
44730.0,5.0,2.3466668,4.0,47.0,255670.0,49.33617,51.05726,181133.55,109797.79,0.0,0.0,0.0
44730.0,6.0,2.7666667,4.0,47.0,255670.0,41.03249,40.814846,181133.55,109797.79,0.0,0.0,0.0
44730.0,7.0,2.4650002,4.0,47.0,255670.0,44.738167,45.864563,181133.55,109797.79,0.0,0.0,0.0
44740.0,1.0,11.6866665,4.0,47.0,108010.0,50.801636,49.242867,164981.45,88413.37,0.0,0.0,0.0
44740.0,2.0,9.306666,4.0,47.0,108010.0,46.18383,44.704918,164981.45,88413.37,0.0,0.0,0.0
44740.0,3.0,10.3625,4.0,47.0,108010.0,51.086395,50.90254,164981.45,88413.37,0.0,0.0,0.0
44740.0,4.0,8.096666,4.0,47.0,108010.0,48.722458,45.823597,164981.45,88413.37,0.0,0.0,0.0
44740.0,5.0,5.6433334,4.0,47.0,108010.0,53.54089,53.982597,164981.45,88413.37,0.0,0.0,0.0
44740.0,6.0,6.31,4.0,47.0,108010.0,45.717205,45.082043,164981.45,88413.37,0.0,0.0,0.0
44740.0,7.0,8.615,4.0,47.0,108010.0,49.28755,50.468422,164981.45,88413.37,0.0,0.0,0.0
44745.0,1.0,59.5,4.0,47.0,172430.0,0.0,0.0,173466.73,95494.16,0.0,0.0,0.0
44745.0,2.0,57.79667,4.0,47.0,172430.0,0.0,0.0,173466.73,95494.16,0.0,0.0,0.0
44745.0,3.0,52.86,4.0,47.0,172430.0,0.0,0.0,173466.73,95494.16,0.0,0.0,0.0
44745.0,4.0,47.426666,4.0,47.0,172430.0,0.0,0.0,173466.73,95494.16,0.0,0.0,0.0
44745.0,5.0,34.166668,4.0,47.0,172430.0,0.0,0.0,173466.73,95494.16,0.0,0.0,0.0
44745.0,6.0,37.26,4.0,47.0,172430.0,0.0,0.0,173466.73,95494.16,0.0,0.0,0.0
44745.0,7.0,42.805,4.0,47.0,172430.0,0.0,0.0,173466.73,95494.16,0.0,0.0,0.0
44748.0,1.0,29.73,4.0,47.0,88520.0,45.88173,45.07058,168619.86,95295.63,0.0,0.0,0.0
44748.0,2.0,30.48,4.0,47.0,88520.0,42.69386,42.38921,168619.86,95295.63,0.0,0.0,0.0
44748.0,3.0,22.73,4.0,47.0,88520.0,47.168545,46.27552,168619.86,95295.63,0.0,0.0,0.0
44748.0,4.0,19.293333,4.0,47.0,88520.0,43.926434,41.027725,168619.86,95295.63,0.0,0.0,0.0
44748.0,5.0,14.786667,4.0,47.0,88520.0,49.073376,50.89256,168619.86,95295.63,0.0,0.0,0.0
44748.0,6.0,19.593332,4.0,47.0,88520.0,40.739697,40.565575,168619.86,95295.63,0.0,0.0,0.0
44748.0,7.0,20.955002,4.0,47.0,88520.0,44.453827,45.58618,168619.86,95295.63,0.0,0.0,0.0
44751.0,1.0,38.666668,4.0,47.0,191890.0,50.801636,49.242867,178725.33,97113.02,0.0,0.0,0.0
44751.0,2.0,38.746666,4.0,47.0,191890.0,46.18383,44.704918,178725.33,97113.02,0.0,0.0,0.0
44751.0,3.0,30.825,4.0,47.0,191890.0,51.086395,50.90254,178725.33,97113.02,0.0,0.0,0.0
44751.0,4.0,34.77,4.0,47.0,191890.0,48.722458,45.823597,178725.33,97113.02,0.0,0.0,0.0
44751.0,5.0,28.766666,4.0,47.0,191890.0,53.54089,53.982597,178725.33,97113.02,0.0,0.0,0.0
44751.0,6.0,31.436666,4.0,47.0,191890.0,45.717205,45.082043,178725.33,97113.02,0.0,0.0,0.0
44751.0,7.0,36.809998,4.0,47.0,191890.0,49.28755,50.468422,178725.33,97113.02,0.0,0.0,0.0
44753.0,1.0,1.0033333,4.0,47.0,163630.0,50.043217,49.476402,234055.25,151559.75,0.0,0.0,0.0
44753.0,2.0,1.0133333,4.0,47.0,163630.0,46.470184,48.386597,234055.25,151559.75,0.0,0.0,0.0
44753.0,3.0,1.01,4.0,47.0,163630.0,48.29252,48.4413,234055.25,151559.75,0.0,0.0,0.0
44753.0,4.0,1.0,4.0,47.0,163630.0,44.487587,42.010353,234055.25,151559.75,0.0,0.0,0.0
44753.0,5.0,1.0,4.0,47.0,163630.0,48.54782,50.458282,234055.25,151559.75,0.0,0.0,0.0
44753.0,6.0,1.0,4.0,47.0,163630.0,41.28095,41.910892,234055.25,151559.75,0.0,0.0,0.0
44753.0,7.0,1.0,4.0,47.0,163630.0,45.151512,46.385155,234055.25,151559.75,0.0,0.0,0.0
44764.0,1.0,1.3266667,4.0,47.0,223420.0,46.168694,45.34582,205634.22,130112.766,0.0,0.0,0.0
44764.0,2.0,1.4466667,4.0,47.0,223420.0,42.962517,42.7422,205634.22,130112.766,0.0,0.0,0.0
44764.0,3.0,1.4175,4.0,47.0,223420.0,47.26928,46.41259,205634.22,130112.766,0.0,0.0,0.0
44764.0,4.0,1.2866666,4.0,47.0,223420.0,43.986828,41.049114,205634.22,130112.766,0.0,0.0,0.0
44764.0,5.0,1.1266667,4.0,47.0,223420.0,49.05819,50.873547,205634.22,130112.766,0.0,0.0,0.0
44764.0,6.0,1.3633333,4.0,47.0,223420.0,40.789593,40.65845,205634.22,130112.766,0.0,0.0,0.0
44764.0,7.0,1.3050001,4.0,47.0,223420.0,44.51777,45.645256,205634.22,130112.766,0.0,0.0,0.0
44769.0,1.0,5.923333,4.0,47.0,67260.0,45.88173,45.07058,163579.81,96203.81,0.0,0.0,0.0
44769.0,2.0,6.53,4.0,47.0,67260.0,42.69386,42.38921,163579.81,96203.81,0.0,0.0,0.0
44769.0,3.0,5.8875,4.0,47.0,67260.0,47.168545,46.27552,163579.81,96203.81,0.0,0.0,0.0
44769.0,4.0,5.48,4.0,47.0,67260.0,43.926434,41.027725,163579.81,96203.81,0.0,0.0,0.0
44769.0,5.0,4.523333,4.0,47.0,67260.0,49.073376,50.89256,163579.81,96203.81,0.0,0.0,0.0
44769.0,6.0,6.56,4.0,47.0,67260.0,40.739697,40.565575,163579.81,96203.81,0.0,0.0,0.0
44769.0,7.0,6.315,4.0,47.0,67260.0,44.453827,45.58618,163579.81,96203.81,0.0,0.0,0.0
44775.0,1.0,11.363334,4.0,47.0,150990.0,50.801636,49.242867,176902.03,92407.74,0.0,0.0,0.0
44775.0,2.0,9.336666,4.0,47.0,150990.0,46.18383,44.704918,176902.03,92407.74,0.0,0.0,0.0
44775.0,3.0,9.5825,4.0,47.0,150990.0,51.086395,50.90254,176902.03,92407.74,0.0,0.0,0.0
44775.0,4.0,9.32,4.0,47.0,150990.0,48.722458,45.823597,176902.03,92407.74,0.0,0.0,0.0
44775.0,5.0,7.31,4.0,47.0,150990.0,53.54089,53.982597,176902.03,92407.74,0.0,0.0,0.0
44775.0,6.0,8.65,4.0,47.0,150990.0,45.717205,45.082043,176902.03,92407.74,0.0,0.0,0.0
44775.0,7.0,10.73,4.0,47.0,150990.0,49.28755,50.468422,176902.03,92407.74,0.0,0.0,0.0
44785.0,1.0,56.513332,4.0,47.0,127240.0,0.0,0.0,176896.33,97425.77,0.0,0.0,0.0
44785.0,2.0,58.94,4.0,47.0,127240.0,0.0,0.0,176896.33,97425.77,0.0,0.0,0.0
44785.0,3.0,48.8875,4.0,47.0,127240.0,0.0,0.0,176896.33,97425.77,0.0,0.0,0.0
44785.0,4.0,49.093334,4.0,47.0,127240.0,0.0,0.0,176896.33,97425.77,0.0,0.0,0.0
44785.0,5.0,38.123333,4.0,47.0,127240.0,0.0,0.0,176896.33,97425.77,0.0,0.0,0.0
44785.0,6.0,45.93667,4.0,47.0,127240.0,0.0,0.0,176896.33,97425.77,0.0,0.0,0.0
44785.0,7.0,49.045,4.0,47.0,127240.0,0.0,0.0,176896.33,97425.77,0.0,0.0,0.0
44794.0,1.0,2.6933334,4.0,47.0,105050.0,50.801636,49.242867,165400.58,82007.4,0.0,0.0,0.0
44794.0,2.0,2.0566666,4.0,47.0,105050.0,46.18383,44.704918,165400.58,82007.4,0.0,0.0,0.0
44794.0,3.0,2.5175,4.0,47.0,105050.0,51.086395,50.90254,165400.58,82007.4,0.0,0.0,0.0
44794.0,4.0,1.9,4.0,47.0,105050.0,48.722458,45.823597,165400.58,82007.4,0.0,0.0,0.0
44794.0,5.0,1.59,4.0,47.0,105050.0,53.54089,53.982597,165400.58,82007.4,0.0,0.0,0.0
44794.0,6.0,1.8566667,4.0,47.0,105050.0,45.717205,45.082043,165400.58,82007.4,0.0,0.0,0.0
44794.0,7.0,1.76,4.0,47.0,105050.0,49.28755,50.468422,165400.58,82007.4,0.0,0.0,0.0
45015.0,1.0,6.9766665,4.0,50.0,145400.0,35.099785,37.555668,88692.02,145888.78,0.0,0.0,0.0
45015.0,2.0,7.5133333,4.0,50.0,145400.0,36.511967,36.574276,88692.02,145888.78,0.0,0.0,0.0
45015.0,3.0,6.8275003,4.0,50.0,145400.0,40.761944,40.25152,88692.02,145888.78,0.0,0.0,0.0
45015.0,4.0,6.9333334,4.0,50.0,145400.0,43.24327,40.474236,88692.02,145888.78,0.0,0.0,0.0
45015.0,5.0,5.4333334,4.0,50.0,145400.0,45.09953,46.7109,88692.02,145888.78,0.0,0.0,0.0
45015.0,6.0,6.75,4.0,50.0,145400.0,36.651035,36.856155,88692.02,145888.78,0.0,0.0,0.0
45015.0,7.0,7.755,4.0,50.0,145400.0,41.02137,44.547234,88692.02,145888.78,0.0,0.0,0.0
45039.0,1.0,3.5466666,4.0,50.0,362040.0,33.55306,36.155453,103111.336,157602.48,0.0,0.0,0.0
45039.0,2.0,3.7366667,4.0,50.0,362040.0,34.986286,35.07003,103111.336,157602.48,0.0,0.0,0.0
45039.0,3.0,3.5974998,4.0,50.0,362040.0,38.56622,38.408875,103111.336,157602.48,0.0,0.0,0.0
45039.0,4.0,3.14,4.0,50.0,362040.0,40.145058,38.367466,103111.336,157602.48,0.0,0.0,0.0
45039.0,5.0,2.2933333,4.0,50.0,362040.0,42.742012,45.54016,103111.336,157602.48,0.0,0.0,0.0
45039.0,6.0,2.7066667,4.0,50.0,362040.0,34.075424,34.98696,103111.336,157602.48,0.0,0.0,0.0
45039.0,7.0,2.9450002,4.0,50.0,362040.0,38.54248,42.127064,103111.336,157602.48,0.0,0.0,0.0
45063.0,1.0,2.25,4.0,50.0,93200.0,39.27053,39.142467,82149.12,104474.33,0.0,0.0,0.0
45063.0,2.0,2.2666667,4.0,50.0,93200.0,38.919743,36.779255,82149.12,104474.33,0.0,0.0,0.0
45063.0,3.0,2.9125,4.0,50.0,93200.0,43.921387,42.032352,82149.12,104474.33,0.0,0.0,0.0
45063.0,4.0,2.9466667,4.0,50.0,93200.0,44.64624,41.14703,82149.12,104474.33,0.0,0.0,0.0
45063.0,5.0,2.1533332,4.0,50.0,93200.0,49.068954,48.644524,82149.12,104474.33,0.0,0.0,0.0
45063.0,6.0,2.2733333,4.0,50.0,93200.0,39.717804,38.026253,82149.12,104474.33,0.0,0.0,0.0
45063.0,7.0,1.9649999,4.0,50.0,93200.0,43.8238,45.13978,82149.12,104474.33,0.0,0.0,0.0
45071.0,1.0,3.18,4.0,50.0,267290.0,39.27053,39.142467,80631.6,113207.29,0.0,0.0,0.0
45071.0,2.0,3.3466666,4.0,50.0,267290.0,38.919743,36.779255,80631.6,113207.29,0.0,0.0,0.0
45071.0,3.0,3.8899999,4.0,50.0,267290.0,43.921387,42.032352,80631.6,113207.29,0.0,0.0,0.0
45071.0,4.0,3.3233333,4.0,50.0,267290.0,44.64624,41.14703,80631.6,113207.29,0.0,0.0,0.0
45071.0,5.0,2.5466666,4.0,50.0,267290.0,49.068954,48.644524,80631.6,113207.29,0.0,0.0,0.0
45071.0,6.0,3.3966668,4.0,50.0,267290.0,39.717804,38.026253,80631.6,113207.29,0.0,0.0,0.0
45071.0,7.0,3.295,4.0,50.0,267290.0,43.8238,45.13978,80631.6,113207.29,0.0,0.0,0.0
45079.0,1.0,7.0133333,4.0,50.0,367380.0,39.27053,39.142467,94449.0,124988.85,0.0,0.0,0.0
45079.0,2.0,7.246667,4.0,50.0,367380.0,38.919743,36.779255,94449.0,124988.85,0.0,0.0,0.0
45079.0,3.0,6.8625,4.0,50.0,367380.0,43.921387,42.032352,94449.0,124988.85,0.0,0.0,0.0
45079.0,4.0,5.9333334,4.0,50.0,367380.0,44.64624,41.14703,94449.0,124988.85,0.0,0.0,0.0
45079.0,5.0,4.64,4.0,50.0,367380.0,49.068954,48.644524,94449.0,124988.85,0.0,0.0,0.0
45079.0,6.0,6.043333,4.0,50.0,367380.0,39.717804,38.026253,94449.0,124988.85,0.0,0.0,0.0
45079.0,7.0,6.4700003,4.0,50.0,367380.0,43.8238,45.13978,94449.0,124988.85,0.0,0.0,0.0
45094.0,1.0,4.9100003,4.0,50.0,264680.0,36.585655,37.323063,97787.52,137667.36,0.0,0.0,0.0
45094.0,2.0,4.6966667,4.0,50.0,264680.0,36.878853,35.41625,97787.52,137667.36,0.0,0.0,0.0
45094.0,3.0,4.745,4.0,50.0,264680.0,41.02025,39.59684,97787.52,137667.36,0.0,0.0,0.0
45094.0,4.0,4.3166666,4.0,50.0,264680.0,41.528816,38.94725,97787.52,137667.36,0.0,0.0,0.0
45094.0,5.0,3.3700001,4.0,50.0,264680.0,45.688465,46.768005,97787.52,137667.36,0.0,0.0,0.0
45094.0,6.0,4.9533334,4.0,50.0,264680.0,36.466526,35.938587,97787.52,137667.36,0.0,0.0,0.0
45094.0,7.0,5.45,4.0,50.0,264680.0,40.723198,42.74179,97787.52,137667.36,0.0,0.0,0.0
45557.0,1.0,3.04,4.0,55.0,286380.0,41.2405,40.092525,112097.836,84345.625,0.0,0.0,0.0
45557.0,2.0,3.2633333,4.0,55.0,286380.0,39.37197,37.144257,112097.836,84345.625,0.0,0.0,0.0
45557.0,3.0,3.0075,4.0,55.0,286380.0,44.80301,42.84317,112097.836,84345.625,0.0,0.0,0.0
45557.0,4.0,2.8799999,4.0,55.0,286380.0,43.604244,40.59094,112097.836,84345.625,0.0,0.0,0.0
45557.0,5.0,2.1066666,4.0,55.0,286380.0,48.978783,49.117203,112097.836,84345.625,0.0,0.0,0.0
45557.0,6.0,2.6699998,4.0,55.0,286380.0,39.913334,38.378384,112097.836,84345.625,0.0,0.0,0.0
45557.0,7.0,3.3000002,4.0,55.0,286380.0,43.622913,44.257008,112097.836,84345.625,0.0,0.0,0.0
45566.0,1.0,1.3633333,4.0,55.0,159540.0,47.043427,44.54065,113763.97,70398.48,0.0,0.0,0.0
45566.0,2.0,1.1933334,4.0,55.0,159540.0,43.81031,40.980965,113763.97,70398.48,0.0,0.0,0.0
45566.0,3.0,1.3175,4.0,55.0,159540.0,49.901978,48.32612,113763.97,70398.48,0.0,0.0,0.0
45566.0,4.0,1.3,4.0,55.0,159540.0,48.88492,45.092167,113763.97,70398.48,0.0,0.0,0.0
45566.0,5.0,1.0633333,4.0,55.0,159540.0,54.08067,52.848675,113763.97,70398.48,0.0,0.0,0.0
45566.0,6.0,1.0133333,4.0,55.0,159540.0,45.402786,42.82003,113763.97,70398.48,0.0,0.0,0.0
45566.0,7.0,1.26,4.0,55.0,159540.0,48.53972,48.35952,113763.97,70398.48,0.0,0.0,0.0
45585.0,1.0,1.6533333,4.0,55.0,131180.0,41.777767,40.45543,124626.78,90141.04,0.0,0.0,0.0
45585.0,2.0,1.8366667,4.0,55.0,131180.0,39.495304,37.42776,124626.78,90141.04,0.0,0.0,0.0
45585.0,3.0,1.59,4.0,55.0,131180.0,45.04345,43.15459,124626.78,90141.04,0.0,0.0,0.0
45585.0,4.0,1.5133333,4.0,55.0,131180.0,43.320065,40.49552,124626.78,90141.04,0.0,0.0,0.0
45585.0,5.0,1.1833333,4.0,55.0,131180.0,48.954193,49.299305,124626.78,90141.04,0.0,0.0,0.0
45585.0,6.0,1.4633334,4.0,55.0,131180.0,39.96666,38.498974,124626.78,90141.04,0.0,0.0,0.0
45585.0,7.0,1.72,4.0,55.0,131180.0,43.568123,44.05349,124626.78,90141.04,0.0,0.0,0.0
45595.0,1.0,1.7533333,4.0,55.0,144530.0,39.856224,39.42592,96538.766,84859.16,0.0,0.0,0.0
45595.0,2.0,1.5766666,4.0,55.0,144530.0,39.39833,37.095806,96538.766,84859.16,0.0,0.0,0.0
45595.0,3.0,1.8025,4.0,55.0,144530.0,44.57392,42.56246,96538.766,84859.16,0.0,0.0,0.0
45595.0,4.0,2.3033333,4.0,55.0,144530.0,45.303608,41.551243,96538.766,84859.16,0.0,0.0,0.0
45595.0,5.0,1.5866667,4.0,55.0,144530.0,49.700638,48.99824,96538.766,84859.16,0.0,0.0,0.0
45595.0,6.0,1.7633333,4.0,55.0,144530.0,40.405945,38.429314,96538.766,84859.16,0.0,0.0,0.0
45595.0,7.0,1.895,4.0,55.0,144530.0,44.361732,45.422585,96538.766,84859.16,0.0,0.0,0.0
45747.0,1.0,3.0533333,4.0,57.0,229160.0,34.667885,36.244457,117582.2,156768.78,0.0,0.0,0.0
45747.0,2.0,2.71,4.0,57.0,229160.0,35.421074,34.72769,117582.2,156768.78,0.0,0.0,0.0
45747.0,3.0,3.3300002,4.0,57.0,229160.0,38.948006,38.21828,117582.2,156768.78,0.0,0.0,0.0
45747.0,4.0,2.8633332,4.0,57.0,229160.0,39.302082,37.56917,117582.2,156768.78,0.0,0.0,0.0
45747.0,5.0,1.98,4.0,57.0,229160.0,43.27383,45.615875,117582.2,156768.78,0.0,0.0,0.0
45747.0,6.0,1.7866666,4.0,57.0,229160.0,34.144188,34.636864,117582.2,156768.78,0.0,0.0,0.0
45747.0,7.0,1.535,4.0,57.0,229160.0,38.508484,41.167328,117582.2,156768.78,0.0,0.0,0.0
45787.0,1.0,4.04,4.0,57.0,263800.0,34.667885,36.244457,135510.58,165534.52,0.0,0.0,0.0
45787.0,2.0,3.8566666,4.0,57.0,263800.0,35.421074,34.72769,135510.58,165534.52,0.0,0.0,0.0
45787.0,3.0,3.89,4.0,57.0,263800.0,38.948006,38.21828,135510.58,165534.52,0.0,0.0,0.0
45787.0,4.0,3.5166667,4.0,57.0,263800.0,39.302082,37.56917,135510.58,165534.52,0.0,0.0,0.0
45787.0,5.0,2.46,4.0,57.0,263800.0,43.27383,45.615875,135510.58,165534.52,0.0,0.0,0.0
45787.0,6.0,2.7566667,4.0,57.0,263800.0,34.144188,34.636864,135510.58,165534.52,0.0,0.0,0.0
45787.0,7.0,2.7649999,4.0,57.0,263800.0,38.508484,41.167328,135510.58,165534.52,0.0,0.0,0.0
46528.0,1.0,1.11,4.0,65.0,199090.0,47.726734,45.32595,153164.6,75900.56,0.0,0.0,0.0
46528.0,2.0,1.3433334,4.0,65.0,199090.0,44.24186,41.572144,153164.6,75900.56,0.0,0.0,0.0
46528.0,3.0,1.6375,4.0,65.0,199090.0,50.117325,48.73722,153164.6,75900.56,0.0,0.0,0.0
46528.0,4.0,1.45,4.0,65.0,199090.0,48.85538,45.16883,153164.6,75900.56,0.0,0.0,0.0
46528.0,5.0,1.1566666,4.0,65.0,199090.0,53.98253,53.03145,153164.6,75900.56,0.0,0.0,0.0
46528.0,6.0,1.2733333,4.0,65.0,199090.0,45.459953,43.214233,153164.6,75900.56,0.0,0.0,0.0
46528.0,7.0,1.74,4.0,65.0,199090.0,48.675686,48.725037,153164.6,75900.56,0.0,0.0,0.0
46552.0,1.0,1.39,4.0,65.0,209850.0,47.043427,44.54065,134680.42,67693.68,0.0,0.0,0.0
46552.0,2.0,1.4766667,4.0,65.0,209850.0,43.81031,40.980965,134680.42,67693.68,0.0,0.0,0.0
46552.0,3.0,1.7925,4.0,65.0,209850.0,49.901978,48.32612,134680.42,67693.68,0.0,0.0,0.0
46552.0,4.0,1.5433334,4.0,65.0,209850.0,48.88492,45.092167,134680.42,67693.68,0.0,0.0,0.0
46552.0,5.0,1.2033334,4.0,65.0,209850.0,54.08067,52.848675,134680.42,67693.68,0.0,0.0,0.0
46552.0,6.0,1.54,4.0,65.0,209850.0,45.402786,42.82003,134680.42,67693.68,0.0,0.0,0.0
46552.0,7.0,1.6800001,4.0,65.0,209850.0,48.53972,48.35952,134680.42,67693.68,0.0,0.0,0.0
46576.0,1.0,1.84,4.0,65.0,252050.0,43.97179,42.004185,141689.12,81982.28,0.0,0.0,0.0
46576.0,2.0,2.07,4.0,65.0,252050.0,41.293224,38.753345,141689.12,81982.28,0.0,0.0,0.0
46576.0,3.0,2.5674999,4.0,65.0,252050.0,47.067837,45.15704,141689.12,81982.28,0.0,0.0,0.0
46576.0,4.0,2.3433332,4.0,65.0,252050.0,45.638752,42.3385,141689.12,81982.28,0.0,0.0,0.0
46576.0,5.0,1.9033333,4.0,65.0,252050.0,51.090225,50.715347,141689.12,81982.28,0.0,0.0,0.0
46576.0,6.0,2.28,4.0,65.0,252050.0,42.231712,40.227608,141689.12,81982.28,0.0,0.0,0.0
46576.0,7.0,2.24,4.0,65.0,252050.0,45.63962,45.8049,141689.12,81982.28,0.0,0.0,0.0
48704.0,1.0,1.5333333,4.0,87.0,218660.0,47.373947,46.55609,214470.94,144548.42,0.0,0.0,0.0
48704.0,2.0,1.5966667,4.0,87.0,218660.0,44.090878,44.342094,214470.94,144548.42,0.0,0.0,0.0
48704.0,3.0,1.2075,4.0,87.0,218660.0,47.692383,47.027504,214470.94,144548.42,0.0,0.0,0.0
48704.0,4.0,1.1333333,4.0,87.0,218660.0,44.24047,41.236603,214470.94,144548.42,0.0,0.0,0.0
48704.0,5.0,1.0266666,4.0,87.0,218660.0,48.99442,50.808304,214470.94,144548.42,0.0,0.0,0.0
48704.0,6.0,1.0600001,4.0,87.0,218660.0,40.99917,41.06146,214470.94,144548.42,0.0,0.0,0.0
48704.0,7.0,1.085,4.0,87.0,218660.0,44.786304,45.90738,214470.94,144548.42,0.0,0.0,0.0
48725.0,1.0,2.59,4.0,87.0,98260.0,45.38971,44.819904,214318.4,154927.39,0.0,0.0,0.0
48725.0,2.0,2.7,4.0,87.0,98260.0,43.27168,43.67239,214318.4,154927.39,0.0,0.0,0.0
48725.0,3.0,2.4975,4.0,87.0,98260.0,47.042507,45.84513,214318.4,154927.39,0.0,0.0,0.0
48725.0,4.0,2.21,4.0,87.0,98260.0,43.79866,40.704483,214318.4,154927.39,0.0,0.0,0.0
48725.0,5.0,1.6533333,4.0,87.0,98260.0,48.721115,50.887615,214318.4,154927.39,0.0,0.0,0.0
48725.0,6.0,2.1433332,4.0,87.0,98260.0,40.093998,40.129433,214318.4,154927.39,0.0,0.0,0.0
48725.0,7.0,2.075,4.0,87.0,98260.0,43.877647,44.898697,214318.4,154927.39,0.0,0.0,0.0
48743.0,1.0,1.88,4.0,87.0,188770.0,45.643173,44.93429,184565.83,137343.27,0.0,0.0,0.0
48743.0,2.0,1.7866666,4.0,87.0,188770.0,42.97402,42.956512,184565.83,137343.27,0.0,0.0,0.0
48743.0,3.0,2.2075,4.0,87.0,188770.0,47.107437,46.037212,184565.83,137343.27,0.0,0.0,0.0
48743.0,4.0,2.2966666,4.0,87.0,188770.0,43.864483,40.84428,184565.83,137343.27,0.0,0.0,0.0
48743.0,5.0,2.0933332,4.0,87.0,188770.0,48.902584,50.876217,184565.83,137343.27,0.0,0.0,0.0
48743.0,6.0,3.5533333,4.0,87.0,188770.0,40.42663,40.341396,184565.83,137343.27,0.0,0.0,0.0
48743.0,7.0,3.405,4.0,87.0,188770.0,44.174465,45.246277,184565.83,137343.27,0.0,0.0,0.0
48747.0,1.0,1.5,4.0,87.0,228160.0,48.75138,48.03962,225761.78,158728.55,0.0,0.0,0.0
48747.0,2.0,1.62,4.0,87.0,228160.0,45.380432,46.379993,225761.78,158728.55,0.0,0.0,0.0
48747.0,3.0,1.42,4.0,87.0,228160.0,48.175922,47.803493,225761.78,158728.55,0.0,0.0,0.0
48747.0,4.0,1.41,4.0,87.0,228160.0,44.53035,41.639606,225761.78,158728.55,0.0,0.0,0.0
48747.0,5.0,1.2,4.0,87.0,228160.0,48.921543,50.76287,225761.78,158728.55,0.0,0.0,0.0
48747.0,6.0,1.48,4.0,87.0,228160.0,41.23868,41.547035,225761.78,158728.55,0.0,0.0,0.0
48747.0,7.0,1.48,4.0,87.0,228160.0,45.09321,46.234085,225761.78,158728.55,0.0,0.0,0.0
48782.0,1.0,4.39,4.0,87.0,344500.0,45.523895,44.876534,200197.05,145355.62,0.0,0.0,0.0
48782.0,2.0,4.6,4.0,87.0,344500.0,43.114094,43.279175,200197.05,145355.62,0.0,0.0,0.0
48782.0,3.0,3.5675,4.0,87.0,344500.0,47.07688,45.938778,200197.05,145355.62,0.0,0.0,0.0
48782.0,4.0,3.6133332,4.0,87.0,344500.0,43.833508,40.771408,200197.05,145355.62,0.0,0.0,0.0
48782.0,5.0,2.9233334,4.0,87.0,344500.0,48.81719,50.87789,200197.05,145355.62,0.0,0.0,0.0
48782.0,6.0,4.286667,4.0,87.0,344500.0,40.270096,40.238247,200197.05,145355.62,0.0,0.0,0.0
48782.0,7.0,4.83,4.0,87.0,344500.0,44.034786,45.080944,200197.05,145355.62,0.0,0.0,0.0
48786.0,1.0,1.07,4.0,87.0,267290.0,50.397465,49.892735,247692.33,171145.34,0.0,0.0,0.0
48786.0,2.0,1.0666667,4.0,87.0,267290.0,46.70346,48.94226,247692.33,171145.34,0.0,0.0,0.0
48786.0,3.0,1.05,4.0,87.0,267290.0,48.13993,48.562664,247692.33,171145.34,0.0,0.0,0.0
48786.0,4.0,1.0466666,4.0,87.0,267290.0,44.303505,42.055862,247692.33,171145.34,0.0,0.0,0.0
48786.0,5.0,1.0166667,4.0,87.0,267290.0,48.27805,50.237366,247692.33,171145.34,0.0,0.0,0.0
48786.0,6.0,1.0266666,4.0,87.0,267290.0,41.19264,41.96223,247692.33,171145.34,0.0,0.0,0.0
48786.0,7.0,1.035,4.0,87.0,267290.0,45.041756,46.344177,247692.33,171145.34,0.0,0.0,0.0
48790.0,1.0,2.3899999,4.0,87.0,251320.0,45.88173,45.07058,192866.55,129361.56,0.0,0.0,0.0
48790.0,2.0,3.1466668,4.0,87.0,251320.0,42.69386,42.38921,192866.55,129361.56,0.0,0.0,0.0
48790.0,3.0,2.765,4.0,87.0,251320.0,47.168545,46.27552,192866.55,129361.56,0.0,0.0,0.0
48790.0,4.0,2.2333333,4.0,87.0,251320.0,43.926434,41.027725,192866.55,129361.56,0.0,0.0,0.0
48790.0,5.0,2.0266666,4.0,87.0,251320.0,49.073376,50.89256,192866.55,129361.56,0.0,0.0,0.0
48790.0,6.0,3.0533333,4.0,87.0,251320.0,40.739697,40.565575,192866.55,129361.56,0.0,0.0,0.0
48790.0,7.0,2.985,4.0,87.0,251320.0,44.453827,45.58618,192866.55,129361.56,0.0,0.0,0.0
51006.0,1.0,4.7133336,5.0,10.0,172170.0,36.553406,39.533096,84685.68,194127.58,1.0,1.0,0.0
51006.0,2.0,5.476667,5.0,10.0,172170.0,37.839493,39.77007,84685.68,194127.58,1.0,1.0,0.0
51006.0,3.0,5.4075,5.0,10.0,172170.0,44.170918,44.37321,84685.68,194127.58,1.0,1.0,0.0
51006.0,4.0,5.2166667,5.0,10.0,172170.0,48.05734,45.864788,84685.68,194127.58,1.0,1.0,0.0
51006.0,5.0,3.8,5.0,10.0,172170.0,46.897366,47.860226,84685.68,194127.58,1.0,1.0,0.0
51006.0,6.0,5.1866665,5.0,10.0,172170.0,40.439354,40.99089,84685.68,194127.58,1.0,1.0,0.0
51006.0,7.0,6.1549997,5.0,10.0,172170.0,43.72691,47.815575,84685.68,194127.58,1.0,1.0,0.0
51020.0,1.0,8.816667,5.0,10.0,584700.0,36.553406,39.533096,62078.55,178545.4,1.0,1.0,0.0
51020.0,2.0,9.62,5.0,10.0,584700.0,37.839493,39.77007,62078.55,178545.4,1.0,1.0,0.0
51020.0,3.0,8.587501,5.0,10.0,584700.0,44.170918,44.37321,62078.55,178545.4,1.0,1.0,0.0
51020.0,4.0,8.126667,5.0,10.0,584700.0,48.05734,45.864788,62078.55,178545.4,1.0,1.0,0.0
51020.0,5.0,7.363333,5.0,10.0,584700.0,46.897366,47.860226,62078.55,178545.4,1.0,1.0,0.0
51020.0,6.0,10.836667,5.0,10.0,584700.0,40.439354,40.99089,62078.55,178545.4,1.0,1.0,0.0
51020.0,7.0,12.62,5.0,10.0,584700.0,43.72691,47.815575,62078.55,178545.4,1.0,1.0,0.0
51027.0,1.0,1.3233333,5.0,10.0,249300.0,42.70316,44.342655,38765.527,156537.88,1.0,1.0,0.0
51027.0,2.0,1.2633333,5.0,10.0,249300.0,43.062626,44.188705,38765.527,156537.88,1.0,1.0,0.0
51027.0,3.0,1.36,5.0,10.0,249300.0,50.37272,49.667847,38765.527,156537.88,1.0,1.0,0.0
51027.0,4.0,1.3433334,5.0,10.0,249300.0,54.639862,50.899338,38765.527,156537.88,1.0,1.0,0.0
51027.0,5.0,1.22,5.0,10.0,249300.0,53.191185,52.466816,38765.527,156537.88,1.0,1.0,0.0
51027.0,6.0,1.63,5.0,10.0,249300.0,47.453415,46.428898,38765.527,156537.88,1.0,1.0,0.0
51027.0,7.0,1.3050001,5.0,10.0,249300.0,49.769966,53.00132,38765.527,156537.88,1.0,1.0,0.0
51033.0,1.0,4.63,5.0,10.0,148030.0,36.553406,39.533096,83727.3,197020.08,1.0,1.0,0.0
51033.0,2.0,5.2066665,5.0,10.0,148030.0,37.839493,39.77007,83727.3,197020.08,1.0,1.0,0.0
51033.0,3.0,5.3025,5.0,10.0,148030.0,44.170918,44.37321,83727.3,197020.08,1.0,1.0,0.0
51033.0,4.0,5.0466666,5.0,10.0,148030.0,48.05734,45.864788,83727.3,197020.08,1.0,1.0,0.0
51033.0,5.0,3.9833333,5.0,10.0,148030.0,46.897366,47.860226,83727.3,197020.08,1.0,1.0,0.0
51033.0,6.0,5.67,5.0,10.0,148030.0,40.439354,40.99089,83727.3,197020.08,1.0,1.0,0.0
51033.0,7.0,7.24,5.0,10.0,148030.0,43.72691,47.815575,83727.3,197020.08,1.0,1.0,0.0
51040.0,1.0,2.7166667,5.0,10.0,267070.0,37.322124,40.092537,62618.117,180768.5,1.0,1.0,0.0
51040.0,2.0,2.7033334,5.0,10.0,267070.0,38.492382,40.27807,62618.117,180768.5,1.0,1.0,0.0
51040.0,3.0,3.23,5.0,10.0,267070.0,44.946144,44.992104,62618.117,180768.5,1.0,1.0,0.0
51040.0,4.0,3.1433334,5.0,10.0,267070.0,48.880154,46.467415,62618.117,180768.5,1.0,1.0,0.0
51040.0,5.0,2.6533334,5.0,10.0,267070.0,47.684093,48.410534,62618.117,180768.5,1.0,1.0,0.0
51040.0,6.0,4.84,5.0,10.0,267070.0,41.31611,41.641354,62618.117,180768.5,1.0,1.0,0.0
51040.0,7.0,5.7799997,5.0,10.0,267070.0,44.482292,48.440197,62618.117,180768.5,1.0,1.0,0.0
51054.0,1.0,3.5166667,5.0,10.0,181160.0,36.553406,39.533096,71465.4,185987.39,1.0,1.0,0.0
51054.0,2.0,3.9333334,5.0,10.0,181160.0,37.839493,39.77007,71465.4,185987.39,1.0,1.0,0.0
51054.0,3.0,4.2799997,5.0,10.0,181160.0,44.170918,44.37321,71465.4,185987.39,1.0,1.0,0.0
51054.0,4.0,4.1800003,5.0,10.0,181160.0,48.05734,45.864788,71465.4,185987.39,1.0,1.0,0.0
51054.0,5.0,3.2233334,5.0,10.0,181160.0,46.897366,47.860226,71465.4,185987.39,1.0,1.0,0.0
51054.0,6.0,5.2566667,5.0,10.0,181160.0,40.439354,40.99089,71465.4,185987.39,1.0,1.0,0.0
51054.0,7.0,6.83,5.0,10.0,181160.0,43.72691,47.815575,71465.4,185987.39,1.0,1.0,0.0
51067.0,1.0,1.53,5.0,10.0,146870.0,36.553406,39.533096,63333.73,173415.27,1.0,1.0,0.0
51067.0,2.0,2.1966667,5.0,10.0,146870.0,37.839493,39.77007,63333.73,173415.27,1.0,1.0,0.0
51067.0,3.0,1.8825,5.0,10.0,146870.0,44.170918,44.37321,63333.73,173415.27,1.0,1.0,0.0
51067.0,4.0,1.8233334,5.0,10.0,146870.0,48.05734,45.864788,63333.73,173415.27,1.0,1.0,0.0
51067.0,5.0,1.3366667,5.0,10.0,146870.0,46.897366,47.860226,63333.73,173415.27,1.0,1.0,0.0
51067.0,6.0,2.2433333,5.0,10.0,146870.0,40.439354,40.99089,63333.73,173415.27,1.0,1.0,0.0
51067.0,7.0,2.055,5.0,10.0,146870.0,43.72691,47.815575,63333.73,173415.27,1.0,1.0,0.0
51081.0,1.0,1.2666667,5.0,10.0,231050.0,43.340977,45.130272,56111.7,174221.92,1.0,1.0,0.0
51081.0,2.0,1.4033333,5.0,10.0,231050.0,43.72939,44.99339,56111.7,174221.92,1.0,1.0,0.0
51081.0,3.0,1.3725,5.0,10.0,231050.0,51.141705,50.419193,56111.7,174221.92,1.0,1.0,0.0
51081.0,4.0,1.2966666,5.0,10.0,231050.0,55.54967,51.835697,56111.7,174221.92,1.0,1.0,0.0
51081.0,5.0,1.18,5.0,10.0,231050.0,53.855667,53.191048,56111.7,174221.92,1.0,1.0,0.0
51081.0,6.0,1.41,5.0,10.0,231050.0,48.25106,47.342537,56111.7,174221.92,1.0,1.0,0.0
51081.0,7.0,1.49,5.0,10.0,231050.0,50.561462,53.928207,56111.7,174221.92,1.0,1.0,0.0
51088.0,1.0,3.46,5.0,10.0,231810.0,37.16838,39.979584,43475.05,157400.58,1.0,1.0,0.0
51088.0,2.0,3.4533334,5.0,10.0,231810.0,38.361805,40.175358,43475.05,157400.58,1.0,1.0,0.0
51088.0,3.0,3.34,5.0,10.0,231810.0,44.791096,44.86723,43475.05,157400.58,1.0,1.0,0.0
51088.0,4.0,3.4666667,5.0,10.0,231810.0,48.71559,46.34623,43475.05,157400.58,1.0,1.0,0.0
51088.0,5.0,2.74,5.0,10.0,231810.0,47.52675,48.29984,43475.05,157400.58,1.0,1.0,0.0
51088.0,6.0,3.9166667,5.0,10.0,231810.0,41.14076,41.5105,43475.05,157400.58,1.0,1.0,0.0
51088.0,7.0,4.71,5.0,10.0,231810.0,44.331215,48.314682,43475.05,157400.58,1.0,1.0,0.0
51094.0,1.0,3.57,5.0,10.0,310600.0,38.878677,43.00305,83287.67,200782.14,1.0,1.0,0.0
51094.0,2.0,3.5066667,5.0,10.0,310600.0,40.64517,43.895794,83287.67,200782.14,1.0,1.0,0.0
51094.0,3.0,3.7675,5.0,10.0,310600.0,47.90326,48.287167,83287.67,200782.14,1.0,1.0,0.0
51094.0,4.0,3.73,5.0,10.0,310600.0,52.458054,51.24691,83287.67,200782.14,1.0,1.0,0.0
51094.0,5.0,3.05,5.0,10.0,310600.0,49.505184,51.10745,83287.67,200782.14,1.0,1.0,0.0
51094.0,6.0,5.1066666,5.0,10.0,310600.0,44.245583,45.869423,83287.67,200782.14,1.0,1.0,0.0
51094.0,7.0,6.165,5.0,10.0,310600.0,46.93622,51.85013,83287.67,200782.14,1.0,1.0,0.0
51095.0,1.0,1.5733334,5.0,10.0,146290.0,44.27564,47.365196,71525.445,189892.55,1.0,1.0,0.0
51095.0,2.0,1.5466666,5.0,10.0,146290.0,45.2125,47.57332,71525.445,189892.55,1.0,1.0,0.0
51095.0,3.0,1.735,5.0,10.0,146290.0,52.930813,52.457893,71525.445,189892.55,1.0,1.0,0.0
51095.0,4.0,1.5666667,5.0,10.0,146290.0,57.913887,55.14228,71525.445,189892.55,1.0,1.0,0.0
51095.0,5.0,1.5166667,5.0,10.0,146290.0,54.91856,55.18979,71525.445,189892.55,1.0,1.0,0.0
51095.0,6.0,2.3466668,5.0,10.0,146290.0,49.895027,50.20326,71525.445,189892.55,1.0,1.0,0.0
51095.0,7.0,2.4250002,5.0,10.0,146290.0,52.340733,56.71138,71525.445,189892.55,1.0,1.0,0.0
52710.0,1.0,1.87,5.0,27.0,135270.0,35.86431,40.978027,135733.92,252445.97,1.0,1.0,0.0
52710.0,2.0,2.25,5.0,27.0,135270.0,38.68299,42.695015,135733.92,252445.97,1.0,1.0,0.0
52710.0,3.0,3.0875,5.0,27.0,135270.0,45.63378,46.5763,135733.92,252445.97,1.0,1.0,0.0
52710.0,4.0,2.4733334,5.0,27.0,135270.0,49.9248,50.694225,135733.92,252445.97,1.0,1.0,0.0
52710.0,5.0,1.9266667,5.0,27.0,135270.0,46.490574,49.49875,135733.92,252445.97,1.0,1.0,0.0
52710.0,6.0,2.9766667,5.0,27.0,135270.0,41.877884,45.165337,135733.92,252445.97,1.0,1.0,0.0
52710.0,7.0,4.04,5.0,27.0,135270.0,44.38069,50.296978,135733.92,252445.97,1.0,1.0,0.0
52712.0,1.0,4.016667,5.0,27.0,232020.0,43.484497,50.527504,204920.47,322067.4,1.0,1.0,0.0
52712.0,2.0,4.13,5.0,27.0,232020.0,47.717285,53.493404,204920.47,322067.4,1.0,1.0,0.0
52712.0,3.0,3.5,5.0,27.0,232020.0,55.1243,56.121117,204920.47,322067.4,1.0,1.0,0.0
52712.0,4.0,3.15,5.0,27.0,232020.0,59.622097,62.522514,204920.47,322067.4,1.0,1.0,0.0
52712.0,5.0,1.81,5.0,27.0,232020.0,54.963333,59.59413,204920.47,322067.4,1.0,1.0,0.0
52712.0,6.0,1.9966667,5.0,27.0,232020.0,51.49432,57.140022,204920.47,322067.4,1.0,1.0,0.0
52712.0,7.0,2.395,5.0,27.0,232020.0,53.60984,62.007797,204920.47,322067.4,1.0,1.0,0.0
52717.0,1.0,3.2966666,5.0,27.0,202920.0,41.49715,48.303757,185112.42,299960.72,1.0,1.0,0.0
52717.0,2.0,3.6033332,5.0,27.0,202920.0,45.678604,51.243546,185112.42,299960.72,1.0,1.0,0.0
52717.0,3.0,3.2175,5.0,27.0,202920.0,52.922363,53.96569,185112.42,299960.72,1.0,1.0,0.0
52717.0,4.0,2.72,5.0,27.0,202920.0,57.31731,60.17699,185112.42,299960.72,1.0,1.0,0.0
52717.0,5.0,2.3333333,5.0,27.0,202920.0,52.781326,57.27101,185112.42,299960.72,1.0,1.0,0.0
52717.0,6.0,3.3333333,5.0,27.0,202920.0,49.323414,54.78303,185112.42,299960.72,1.0,1.0,0.0
52717.0,7.0,3.895,5.0,27.0,202920.0,51.369965,59.37433,185112.42,299960.72,1.0,1.0,0.0
52721.0,1.0,2.2433333,5.0,27.0,133240.0,35.711956,43.024918,202856.84,317936.4,1.0,1.0,0.0
52721.0,2.0,2.42,5.0,27.0,133240.0,40.690994,47.219326,202856.84,317936.4,1.0,1.0,0.0
52721.0,3.0,2.585,5.0,27.0,133240.0,45.937733,48.743637,202856.84,317936.4,1.0,1.0,0.0
52721.0,4.0,2.3766665,5.0,27.0,133240.0,49.23406,53.34002,202856.84,317936.4,1.0,1.0,0.0
52721.0,5.0,1.9566667,5.0,27.0,133240.0,46.62038,52.727962,202856.84,317936.4,1.0,1.0,0.0
52721.0,6.0,2.79,5.0,27.0,133240.0,43.07649,50.15625,202856.84,317936.4,1.0,1.0,0.0
52721.0,7.0,3.42,5.0,27.0,133240.0,45.38273,54.347893,202856.84,317936.4,1.0,1.0,0.0
52730.0,1.0,3.5766666,5.0,27.0,231890.0,42.02308,48.824177,171888.0,288832.88,1.0,1.0,0.0
52730.0,2.0,3.7433333,5.0,27.0,231890.0,46.132023,51.663757,171888.0,288832.88,1.0,1.0,0.0
52730.0,3.0,3.71,5.0,27.0,231890.0,53.557327,54.49329,171888.0,288832.88,1.0,1.0,0.0
52730.0,4.0,3.4066665,5.0,27.0,231890.0,58.05215,60.834637,171888.0,288832.88,1.0,1.0,0.0
52730.0,5.0,1.8933333,5.0,27.0,231890.0,53.341415,57.730877,171888.0,288832.88,1.0,1.0,0.0
52730.0,6.0,2.3033333,5.0,27.0,231890.0,49.891315,55.240517,171888.0,288832.88,1.0,1.0,0.0
52730.0,7.0,2.7,5.0,27.0,231890.0,51.91426,59.870678,171888.0,288832.88,1.0,1.0,0.0
52738.0,1.0,1.8433332,5.0,27.0,130180.0,35.36926,40.824047,146371.03,263008.44,1.0,1.0,0.0
52738.0,2.0,2.2366667,5.0,27.0,130180.0,38.646954,42.896606,146371.03,263008.44,1.0,1.0,0.0
52738.0,3.0,2.765,5.0,27.0,130180.0,45.368473,46.45215,146371.03,263008.44,1.0,1.0,0.0
52738.0,4.0,2.0766666,5.0,27.0,130180.0,49.457005,50.924774,146371.03,263008.44,1.0,1.0,0.0
52738.0,5.0,1.9533334,5.0,27.0,130180.0,46.047997,49.635185,146371.03,263008.44,1.0,1.0,0.0
52738.0,6.0,2.77,5.0,27.0,130180.0,41.578392,45.536606,146371.03,263008.44,1.0,1.0,0.0
52738.0,7.0,3.295,5.0,27.0,130180.0,44.071266,50.47661,146371.03,263008.44,1.0,1.0,0.0
52743.0,1.0,2.1866667,5.0,27.0,84490.0,40.42886,45.449036,113197.09,231264.81,1.0,1.0,0.0
52743.0,2.0,3.03,5.0,27.0,84490.0,42.51562,46.75592,113197.09,231264.81,1.0,1.0,0.0
52743.0,3.0,3.6875,5.0,27.0,84490.0,50.391483,51.081036,113197.09,231264.81,1.0,1.0,0.0
52743.0,4.0,3.2566667,5.0,27.0,84490.0,55.39186,55.082123,113197.09,231264.81,1.0,1.0,0.0
52743.0,5.0,2.2233334,5.0,27.0,84490.0,51.24373,53.330383,113197.09,231264.81,1.0,1.0,0.0
52743.0,6.0,3.3466668,5.0,27.0,84490.0,46.78307,49.19218,113197.09,231264.81,1.0,1.0,0.0
52743.0,7.0,3.48,5.0,27.0,84490.0,49.075752,54.60948,113197.09,231264.81,1.0,1.0,0.0
52747.0,1.0,2.04,5.0,27.0,65190.0,39.150787,44.17169,122612.82,239536.27,1.0,1.0,0.0
52747.0,2.0,2.69,5.0,27.0,65190.0,41.442486,45.58273,122612.82,239536.27,1.0,1.0,0.0
52747.0,3.0,3.4425,5.0,27.0,65190.0,49.059326,49.784588,122612.82,239536.27,1.0,1.0,0.0
52747.0,4.0,3.6433334,5.0,27.0,65190.0,53.861084,53.830223,122612.82,239536.27,1.0,1.0,0.0
52747.0,5.0,2.4266667,5.0,27.0,65190.0,49.912846,52.23107,122612.82,239536.27,1.0,1.0,0.0
52747.0,6.0,3.1733334,5.0,27.0,65190.0,45.40962,48.040318,122612.82,239536.27,1.0,1.0,0.0
52747.0,7.0,4.2250004,5.0,27.0,65190.0,47.76114,53.37962,122612.82,239536.27,1.0,1.0,0.0
52756.0,1.0,2.9333334,5.0,27.0,119130.0,42.02308,48.824177,195091.22,311458.72,1.0,1.0,0.0
52756.0,2.0,2.9099998,5.0,27.0,119130.0,46.132023,51.663757,195091.22,311458.72,1.0,1.0,0.0
52756.0,3.0,3.115,5.0,27.0,119130.0,53.557327,54.49329,195091.22,311458.72,1.0,1.0,0.0
52756.0,4.0,2.48,5.0,27.0,119130.0,58.05215,60.834637,195091.22,311458.72,1.0,1.0,0.0
52756.0,5.0,1.8366666,5.0,27.0,119130.0,53.341415,57.730877,195091.22,311458.72,1.0,1.0,0.0
52756.0,6.0,2.1066666,5.0,27.0,119130.0,49.891315,55.240517,195091.22,311458.72,1.0,1.0,0.0
52756.0,7.0,2.415,5.0,27.0,119130.0,51.91426,59.870678,195091.22,311458.72,1.0,1.0,0.0
52760.0,1.0,2.12,5.0,27.0,124480.0,42.02308,48.824177,191910.14,309568.4,1.0,1.0,0.0
52760.0,2.0,1.9666667,5.0,27.0,124480.0,46.132023,51.663757,191910.14,309568.4,1.0,1.0,0.0
52760.0,3.0,2.4775,5.0,27.0,124480.0,53.557327,54.49329,191910.14,309568.4,1.0,1.0,0.0
52760.0,4.0,2.1133332,5.0,27.0,124480.0,58.05215,60.834637,191910.14,309568.4,1.0,1.0,0.0
52760.0,5.0,1.4,5.0,27.0,124480.0,53.341415,57.730877,191910.14,309568.4,1.0,1.0,0.0
52760.0,6.0,1.47,5.0,27.0,124480.0,49.891315,55.240517,191910.14,309568.4,1.0,1.0,0.0
52760.0,7.0,1.4449999,5.0,27.0,124480.0,51.91426,59.870678,191910.14,309568.4,1.0,1.0,0.0
52764.0,1.0,6.85,5.0,27.0,356470.0,41.45275,48.12619,173484.48,289229.7,1.0,1.0,0.0
52764.0,2.0,6.3733335,5.0,27.0,356470.0,45.490444,50.90226,173484.48,289229.7,1.0,1.0,0.0
52764.0,3.0,5.93,5.0,27.0,356470.0,52.855427,53.79352,173484.48,289229.7,1.0,1.0,0.0
52764.0,4.0,5.613333,5.0,27.0,356470.0,57.315422,59.967384,173484.48,289229.7,1.0,1.0,0.0
52764.0,5.0,4.6,5.0,27.0,356470.0,52.716263,57.028545,173484.48,289229.7,1.0,1.0,0.0
52764.0,6.0,6.35,5.0,27.0,356470.0,49.17878,54.39994,173484.48,289229.7,1.0,1.0,0.0
52764.0,7.0,7.705,5.0,27.0,356470.0,51.242004,59.053978,173484.48,289229.7,1.0,1.0,0.0
52769.0,1.0,1.2733333,5.0,27.0,170930.0,42.328342,47.71152,132189.52,250017.22,1.0,1.0,0.0
52769.0,2.0,1.5533333,5.0,27.0,170930.0,44.671658,49.223835,132189.52,250017.22,1.0,1.0,0.0
52769.0,3.0,2.215,5.0,27.0,170930.0,52.629368,53.192684,132189.52,250017.22,1.0,1.0,0.0
52769.0,4.0,1.7633333,5.0,27.0,170930.0,57.803623,57.812138,132189.52,250017.22,1.0,1.0,0.0
52769.0,5.0,1.32,5.0,27.0,170930.0,53.32242,55.67794,132189.52,250017.22,1.0,1.0,0.0
52769.0,6.0,1.77,5.0,27.0,170930.0,49.053703,51.88271,132189.52,250017.22,1.0,1.0,0.0
52769.0,7.0,1.96,5.0,27.0,170930.0,51.2949,57.26511,132189.52,250017.22,1.0,1.0,0.0
52777.0,1.0,3.3899999,5.0,27.0,271540.0,43.129696,49.963245,159131.47,276714.72,1.0,1.0,0.0
52777.0,2.0,4.3,5.0,27.0,271540.0,47.162247,52.74088,159131.47,276714.72,1.0,1.0,0.0
52777.0,3.0,4.6375,5.0,27.0,271540.0,54.70014,55.512592,159131.47,276714.72,1.0,1.0,0.0
52777.0,4.0,4.443333,5.0,27.0,271540.0,59.377697,62.056656,159131.47,276714.72,1.0,1.0,0.0
52777.0,5.0,3.9866667,5.0,27.0,271540.0,54.508305,58.78713,159131.47,276714.72,1.0,1.0,0.0
52777.0,6.0,4.91,5.0,27.0,271540.0,51.063847,56.331867,159131.47,276714.72,1.0,1.0,0.0
52777.0,7.0,5.49,5.0,27.0,271540.0,53.085106,61.040558,159131.47,276714.72,1.0,1.0,0.0
53221.0,1.0,1.1566666,5.0,32.0,129100.0,51.632626,55.843838,95085.945,211296.48,1.0,1.0,0.0
53221.0,2.0,1.0966667,5.0,32.0,129100.0,52.397327,55.779774,95085.945,211296.48,1.0,1.0,0.0
53221.0,3.0,1.1999999,5.0,32.0,129100.0,61.138527,60.54772,95085.945,211296.48,1.0,1.0,0.0
53221.0,4.0,1.1166667,5.0,32.0,129100.0,67.37719,64.78928,95085.945,211296.48,1.0,1.0,0.0
53221.0,5.0,1.0433333,5.0,32.0,129100.0,62.493946,62.836376,95085.945,211296.48,1.0,1.0,0.0
53221.0,6.0,1.1666666,5.0,32.0,129100.0,58.620453,59.437172,95085.945,211296.48,1.0,1.0,0.0
53221.0,7.0,1.135,5.0,32.0,129100.0,60.8509,66.32728,95085.945,211296.48,1.0,1.0,0.0
53224.0,1.0,3.06,5.0,32.0,357800.0,50.03209,54.30299,106927.586,223981.72,1.0,1.0,0.0
53224.0,2.0,3.3766665,5.0,32.0,357800.0,50.985657,54.433792,106927.586,223981.72,1.0,1.0,0.0
53224.0,3.0,3.5425,5.0,32.0,357800.0,59.603233,59.133244,106927.586,223981.72,1.0,1.0,0.0
53224.0,4.0,3.27,5.0,32.0,357800.0,65.665,63.355255,106927.586,223981.72,1.0,1.0,0.0
53224.0,5.0,2.7866666,5.0,32.0,357800.0,60.88677,61.44018,106927.586,223981.72,1.0,1.0,0.0
53224.0,6.0,4.3766665,5.0,32.0,357800.0,56.929398,57.932365,106927.586,223981.72,1.0,1.0,0.0
53224.0,7.0,4.885,5.0,32.0,357800.0,59.16873,64.60953,106927.586,223981.72,1.0,1.0,0.0
53230.0,1.0,2.08,5.0,32.0,414900.0,40.42886,45.449036,93227.56,211579.27,1.0,1.0,0.0
53230.0,2.0,2.4266667,5.0,32.0,414900.0,42.51562,46.75592,93227.56,211579.27,1.0,1.0,0.0
53230.0,3.0,2.5275,5.0,32.0,414900.0,50.391483,51.081036,93227.56,211579.27,1.0,1.0,0.0
53230.0,4.0,2.3533332,5.0,32.0,414900.0,55.39186,55.082123,93227.56,211579.27,1.0,1.0,0.0
53230.0,5.0,2.1166666,5.0,32.0,414900.0,51.24373,53.330383,93227.56,211579.27,1.0,1.0,0.0
53230.0,6.0,3.1666667,5.0,32.0,414900.0,46.78307,49.19218,93227.56,211579.27,1.0,1.0,0.0
53230.0,7.0,3.15,5.0,32.0,414900.0,49.075752,54.60948,93227.56,211579.27,1.0,1.0,0.0
53267.0,1.0,2.4366667,5.0,32.0,209970.0,40.42886,45.449036,102847.27,221203.88,1.0,1.0,0.0
53267.0,2.0,2.52,5.0,32.0,209970.0,42.51562,46.75592,102847.27,221203.88,1.0,1.0,0.0
53267.0,3.0,2.78,5.0,32.0,209970.0,50.391483,51.081036,102847.27,221203.88,1.0,1.0,0.0
53267.0,4.0,2.39,5.0,32.0,209970.0,55.39186,55.082123,102847.27,221203.88,1.0,1.0,0.0
53267.0,5.0,2.2366667,5.0,32.0,209970.0,51.24373,53.330383,102847.27,221203.88,1.0,1.0,0.0
53267.0,6.0,3.5933332,5.0,32.0,209970.0,46.78307,49.19218,102847.27,221203.88,1.0,1.0,0.0
53267.0,7.0,3.6599998,5.0,32.0,209970.0,49.075752,54.60948,102847.27,221203.88,1.0,1.0,0.0
53282.0,1.0,2.1466665,5.0,32.0,245360.0,40.42886,45.449036,115448.53,233500.77,1.0,1.0,0.0
53282.0,2.0,2.01,5.0,32.0,245360.0,42.51562,46.75592,115448.53,233500.77,1.0,1.0,0.0
53282.0,3.0,2.455,5.0,32.0,245360.0,50.391483,51.081036,115448.53,233500.77,1.0,1.0,0.0
53282.0,4.0,2.0666666,5.0,32.0,245360.0,55.39186,55.082123,115448.53,233500.77,1.0,1.0,0.0
53282.0,5.0,1.5466666,5.0,32.0,245360.0,51.24373,53.330383,115448.53,233500.77,1.0,1.0,0.0
53282.0,6.0,2.4066668,5.0,32.0,245360.0,46.78307,49.19218,115448.53,233500.77,1.0,1.0,0.0
53282.0,7.0,2.08,5.0,32.0,245360.0,49.075752,54.60948,115448.53,233500.77,1.0,1.0,0.0
53288.0,1.0,1.85,5.0,32.0,230910.0,51.632626,55.843838,82474.195,200267.02,1.0,1.0,0.0
53288.0,2.0,1.9433333,5.0,32.0,230910.0,52.397327,55.779774,82474.195,200267.02,1.0,1.0,0.0
53288.0,3.0,1.8775,5.0,32.0,230910.0,61.138527,60.54772,82474.195,200267.02,1.0,1.0,0.0
53288.0,4.0,1.4433334,5.0,32.0,230910.0,67.37719,64.78928,82474.195,200267.02,1.0,1.0,0.0
53288.0,5.0,1.24,5.0,32.0,230910.0,62.493946,62.836376,82474.195,200267.02,1.0,1.0,0.0
53288.0,6.0,1.7633333,5.0,32.0,230910.0,58.620453,59.437172,82474.195,200267.02,1.0,1.0,0.0
53288.0,7.0,2.09,5.0,32.0,230910.0,60.8509,66.32728,82474.195,200267.02,1.0,1.0,0.0
53291.0,1.0,1.27,5.0,32.0,361560.0,54.761276,60.24395,124532.47,241108.16,1.0,1.0,0.0
53291.0,2.0,1.7166667,5.0,32.0,361560.0,56.605343,61.119198,124532.47,241108.16,1.0,1.0,0.0
53291.0,3.0,2.01,5.0,32.0,361560.0,65.00542,64.08645,124532.47,241108.16,1.0,1.0,0.0
53291.0,4.0,1.6633333,5.0,32.0,361560.0,71.790016,70.912094,124532.47,241108.16,1.0,1.0,0.0
53291.0,5.0,1.4933333,5.0,32.0,361560.0,65.85358,67.07423,124532.47,241108.16,1.0,1.0,0.0
53291.0,6.0,2.1000001,5.0,32.0,361560.0,62.51011,64.76829,124532.47,241108.16,1.0,1.0,0.0
53291.0,7.0,1.415,5.0,32.0,361560.0,64.62208,71.44627,124532.47,241108.16,1.0,1.0,0.0
53813.0,1.0,2.71,5.0,38.0,126440.0,37.10704,40.33501,94866.38,207265.44,1.0,1.0,0.0
53813.0,2.0,2.8466666,5.0,38.0,126440.0,38.50751,40.731842,94866.38,207265.44,1.0,1.0,0.0
53813.0,3.0,3.355,5.0,38.0,126440.0,45.05957,45.27137,94866.38,207265.44,1.0,1.0,0.0
53813.0,4.0,3.4433334,5.0,38.0,126440.0,49.10513,47.098007,94866.38,207265.44,1.0,1.0,0.0
53813.0,5.0,2.3733335,5.0,38.0,126440.0,47.518276,48.622986,94866.38,207265.44,1.0,1.0,0.0
53813.0,6.0,3.02,5.0,38.0,126440.0,41.345596,42.138885,94866.38,207265.44,1.0,1.0,0.0
53813.0,7.0,3.355,5.0,38.0,126440.0,44.491028,48.763493,94866.38,207265.44,1.0,1.0,0.0
53847.0,1.0,4.78,5.0,38.0,225530.0,38.60304,43.629925,109471.79,224300.42,1.0,1.0,0.0
53847.0,2.0,4.6466665,5.0,38.0,225530.0,40.982567,45.088047,109471.79,224300.42,1.0,1.0,0.0
53847.0,3.0,4.605,5.0,38.0,225530.0,48.488403,49.23688,109471.79,224300.42,1.0,1.0,0.0
53847.0,4.0,4.9133334,5.0,38.0,225530.0,53.205036,53.298973,109471.79,224300.42,1.0,1.0,0.0
53847.0,5.0,3.7866666,5.0,38.0,225530.0,49.34247,51.765953,109471.79,224300.42,1.0,1.0,0.0
53847.0,6.0,4.5233335,5.0,38.0,225530.0,44.820995,47.552147,109471.79,224300.42,1.0,1.0,0.0
53847.0,7.0,5.35,5.0,38.0,225530.0,47.19773,52.857597,109471.79,224300.42,1.0,1.0,0.0
53858.0,1.0,3.2966666,5.0,38.0,114830.0,40.42886,45.449036,95368.03,212244.69,1.0,1.0,0.0
53858.0,2.0,3.2466667,5.0,38.0,114830.0,42.51562,46.75592,95368.03,212244.69,1.0,1.0,0.0
53858.0,3.0,3.5025,5.0,38.0,114830.0,50.391483,51.081036,95368.03,212244.69,1.0,1.0,0.0
53858.0,4.0,3.9366667,5.0,38.0,114830.0,55.39186,55.082123,95368.03,212244.69,1.0,1.0,0.0
53858.0,5.0,2.8133333,5.0,38.0,114830.0,51.24373,53.330383,95368.03,212244.69,1.0,1.0,0.0
53858.0,6.0,3.6133332,5.0,38.0,114830.0,46.78307,49.19218,95368.03,212244.69,1.0,1.0,0.0
53858.0,7.0,4.76,5.0,38.0,114830.0,49.075752,54.60948,95368.03,212244.69,1.0,1.0,0.0
53861.0,1.0,3.1533334,5.0,38.0,106500.0,38.878677,43.00305,96076.734,211320.1,1.0,1.0,0.0
53861.0,2.0,3.58,5.0,38.0,106500.0,40.64517,43.895794,96076.734,211320.1,1.0,1.0,0.0
53861.0,3.0,3.955,5.0,38.0,106500.0,47.90326,48.287167,96076.734,211320.1,1.0,1.0,0.0
53861.0,4.0,4.18,5.0,38.0,106500.0,52.458054,51.24691,96076.734,211320.1,1.0,1.0,0.0
53861.0,5.0,2.9166667,5.0,38.0,106500.0,49.505184,51.10745,96076.734,211320.1,1.0,1.0,0.0
53861.0,6.0,3.71,5.0,38.0,106500.0,44.245583,45.869423,96076.734,211320.1,1.0,1.0,0.0
53861.0,7.0,5.285,5.0,38.0,106500.0,46.93622,51.85013,96076.734,211320.1,1.0,1.0,0.0
53874.0,1.0,2.3833334,5.0,38.0,193520.0,38.68603,43.711784,115109.3,231487.22,1.0,1.0,0.0
53874.0,2.0,2.72,5.0,38.0,193520.0,41.052254,45.162674,115109.3,231487.22,1.0,1.0,0.0
53874.0,3.0,2.5575,5.0,38.0,193520.0,48.574905,49.31955,115109.3,231487.22,1.0,1.0,0.0
53874.0,4.0,2.54,5.0,38.0,193520.0,53.30444,53.379257,115109.3,231487.22,1.0,1.0,0.0
53874.0,5.0,2.1666667,5.0,38.0,193520.0,49.428886,51.836185,115109.3,231487.22,1.0,1.0,0.0
53874.0,6.0,2.62,5.0,38.0,193520.0,44.91018,47.625893,115109.3,231487.22,1.0,1.0,0.0
53874.0,7.0,2.955,5.0,38.0,193520.0,47.283096,52.93649,115109.3,231487.22,1.0,1.0,0.0
54906.0,1.0,1.2733333,5.0,49.0,176190.0,70.47304,77.93483,190105.14,303480.66,1.0,1.0,0.0
54906.0,2.0,1.2099999,5.0,49.0,176190.0,74.37139,80.73058,190105.14,303480.66,1.0,1.0,0.0
54906.0,3.0,1.3425,5.0,49.0,176190.0,80.203186,79.52415,190105.14,303480.66,1.0,1.0,0.0
54906.0,4.0,1.2566667,5.0,49.0,176190.0,88.50391,90.53196,190105.14,303480.66,1.0,1.0,0.0
54906.0,5.0,1.1833334,5.0,49.0,176190.0,81.73844,84.416405,190105.14,303480.66,1.0,1.0,0.0
54906.0,6.0,1.41,5.0,49.0,176190.0,79.032486,83.57348,190105.14,303480.66,1.0,1.0,0.0
54906.0,7.0,1.39,5.0,49.0,176190.0,80.868774,91.18477,190105.14,303480.66,1.0,1.0,0.0
54908.0,1.0,1.0,5.0,49.0,58380.0,56.61627,61.96647,122859.38,236673.56,1.0,1.0,0.0
54908.0,2.0,1.0,5.0,49.0,58380.0,58.244823,62.68346,122859.38,236673.56,1.0,1.0,0.0
54908.0,3.0,1.0,5.0,49.0,58380.0,66.58483,65.38905,122859.38,236673.56,1.0,1.0,0.0
54908.0,4.0,1.0,5.0,49.0,58380.0,73.73597,72.56383,122859.38,236673.56,1.0,1.0,0.0
54908.0,5.0,1.0,5.0,49.0,58380.0,67.56122,68.36593,122859.38,236673.56,1.0,1.0,0.0
54908.0,6.0,1.0,5.0,49.0,58380.0,64.36153,66.28168,122859.38,236673.56,1.0,1.0,0.0
54908.0,7.0,1.0,5.0,49.0,58380.0,66.47455,73.29885,122859.38,236673.56,1.0,1.0,0.0
54909.0,1.0,1.35,5.0,49.0,101990.0,59.108093,65.13369,132038.16,246649.78,1.0,1.0,0.0
54909.0,2.0,1.29,5.0,49.0,101990.0,61.16857,66.22109,132038.16,246649.78,1.0,1.0,0.0
54909.0,3.0,1.5825,5.0,49.0,101990.0,69.30798,67.92604,132038.16,246649.78,1.0,1.0,0.0
54909.0,4.0,1.4766667,5.0,49.0,101990.0,76.91536,76.72851,132038.16,246649.78,1.0,1.0,0.0
54909.0,5.0,1.34,5.0,49.0,101990.0,70.094864,71.23159,132038.16,246649.78,1.0,1.0,0.0
54909.0,6.0,1.5433334,5.0,49.0,101990.0,67.232056,69.794365,132038.16,246649.78,1.0,1.0,0.0
54909.0,7.0,1.44,5.0,49.0,101990.0,69.286385,76.952194,132038.16,246649.78,1.0,1.0,0.0
54918.0,1.0,1.0666667,5.0,49.0,129870.0,59.108093,65.13369,172609.58,287909.1,1.0,1.0,0.0
54918.0,2.0,1.0,5.0,49.0,129870.0,61.16857,66.22109,172609.58,287909.1,1.0,1.0,0.0
54918.0,3.0,1.1575,5.0,49.0,129870.0,69.30798,67.92604,172609.58,287909.1,1.0,1.0,0.0
54918.0,4.0,1.0833334,5.0,49.0,129870.0,76.91536,76.72851,172609.58,287909.1,1.0,1.0,0.0
54918.0,5.0,1.02,5.0,49.0,129870.0,70.094864,71.23159,172609.58,287909.1,1.0,1.0,0.0
54918.0,6.0,1.18,5.0,49.0,129870.0,67.232056,69.794365,172609.58,287909.1,1.0,1.0,0.0
54918.0,7.0,1.03,5.0,49.0,129870.0,69.286385,76.952194,172609.58,287909.1,1.0,1.0,0.0
54952.0,1.0,2.97,5.0,49.0,217310.0,59.108093,65.13369,157849.84,271818.84,1.0,1.0,0.0
54952.0,2.0,3.0566666,5.0,49.0,217310.0,61.16857,66.22109,157849.84,271818.84,1.0,1.0,0.0
54952.0,3.0,3.1100001,5.0,49.0,217310.0,69.30798,67.92604,157849.84,271818.84,1.0,1.0,0.0
54952.0,4.0,2.8033333,5.0,49.0,217310.0,76.91536,76.72851,157849.84,271818.84,1.0,1.0,0.0
54952.0,5.0,2.3533332,5.0,49.0,217310.0,70.094864,71.23159,157849.84,271818.84,1.0,1.0,0.0
54952.0,6.0,3.33,5.0,49.0,217310.0,67.232056,69.794365,157849.84,271818.84,1.0,1.0,0.0
54952.0,7.0,3.19,5.0,49.0,217310.0,69.286385,76.952194,157849.84,271818.84,1.0,1.0,0.0
54961.0,1.0,1.2166667,5.0,49.0,279680.0,61.782196,68.11917,172530.3,285477.9,1.0,1.0,0.0
54961.0,2.0,1.1833334,5.0,49.0,279680.0,64.275116,69.5599,172530.3,285477.9,1.0,1.0,0.0
54961.0,3.0,1.2525,5.0,49.0,279680.0,71.87157,70.58625,172530.3,285477.9,1.0,1.0,0.0
54961.0,4.0,1.2766666,5.0,49.0,279680.0,79.64208,79.90078,172530.3,285477.9,1.0,1.0,0.0
54961.0,5.0,1.1333333,5.0,49.0,279680.0,72.834526,74.276085,172530.3,285477.9,1.0,1.0,0.0
54961.0,6.0,1.2566667,5.0,49.0,279680.0,70.00863,73.006226,172530.3,285477.9,1.0,1.0,0.0
54961.0,7.0,1.275,5.0,49.0,279680.0,72.01165,80.27417,172530.3,285477.9,1.0,1.0,0.0
54977.0,1.0,1.3566667,5.0,49.0,157290.0,57.93208,64.09073,154998.33,271035.0,1.0,1.0,0.0
54977.0,2.0,1.4433334,5.0,49.0,157290.0,60.197895,65.3601,154998.33,271035.0,1.0,1.0,0.0
54977.0,3.0,2.7,5.0,49.0,157290.0,68.36397,67.15295,154998.33,271035.0,1.0,1.0,0.0
54977.0,4.0,2.3533332,5.0,49.0,157290.0,75.735535,75.83453,154998.33,271035.0,1.0,1.0,0.0
54977.0,5.0,1.7033334,5.0,49.0,157290.0,69.035095,70.4954,154998.33,271035.0,1.0,1.0,0.0
54977.0,6.0,2.23,5.0,49.0,157290.0,66.09484,68.94921,154998.33,271035.0,1.0,1.0,0.0
54977.0,7.0,1.38,5.0,49.0,157290.0,68.14276,75.83486,154998.33,271035.0,1.0,1.0,0.0
54979.0,1.0,1.1666666,5.0,49.0,137090.0,56.61627,61.96647,128326.234,240466.83,1.0,1.0,0.0
54979.0,2.0,1.3633333,5.0,49.0,137090.0,58.244823,62.68346,128326.234,240466.83,1.0,1.0,0.0
54979.0,3.0,1.385,5.0,49.0,137090.0,66.58483,65.38905,128326.234,240466.83,1.0,1.0,0.0
54979.0,4.0,1.34,5.0,49.0,137090.0,73.73597,72.56383,128326.234,240466.83,1.0,1.0,0.0
54979.0,5.0,1.1433333,5.0,49.0,137090.0,67.56122,68.36593,128326.234,240466.83,1.0,1.0,0.0
54979.0,6.0,1.3066667,5.0,49.0,137090.0,64.36153,66.28168,128326.234,240466.83,1.0,1.0,0.0
54979.0,7.0,1.14,5.0,49.0,137090.0,66.47455,73.29885,128326.234,240466.83,1.0,1.0,0.0
54994.0,1.0,1.2233334,5.0,49.0,345830.0,59.108093,65.13369,142745.62,257320.19,1.0,1.0,0.0
54994.0,2.0,1.2033334,5.0,49.0,345830.0,61.16857,66.22109,142745.62,257320.19,1.0,1.0,0.0
54994.0,3.0,1.52,5.0,49.0,345830.0,69.30798,67.92604,142745.62,257320.19,1.0,1.0,0.0
54994.0,4.0,1.3666667,5.0,49.0,345830.0,76.91536,76.72851,142745.62,257320.19,1.0,1.0,0.0
54994.0,5.0,1.1866667,5.0,49.0,345830.0,70.094864,71.23159,142745.62,257320.19,1.0,1.0,0.0
54994.0,6.0,1.4833333,5.0,49.0,345830.0,67.232056,69.794365,142745.62,257320.19,1.0,1.0,0.0
54994.0,7.0,1.3050001,5.0,49.0,345830.0,69.286385,76.952194,142745.62,257320.19,1.0,1.0,0.0
55202.0,1.0,2.27,5.0,52.0,178440.0,52.8858,60.472275,175272.84,292514.2,1.0,1.0,0.0
55202.0,2.0,2.7833333,5.0,52.0,178440.0,56.576218,63.051888,175272.84,292514.2,1.0,1.0,0.0
55202.0,3.0,2.9025002,5.0,52.0,178440.0,64.78107,65.0926,175272.84,292514.2,1.0,1.0,0.0
55202.0,4.0,2.7766666,5.0,52.0,178440.0,70.81343,73.244774,175272.84,292514.2,1.0,1.0,0.0
55202.0,5.0,2.56,5.0,52.0,178440.0,64.860374,68.95346,175272.84,292514.2,1.0,1.0,0.0
55202.0,6.0,3.8533332,5.0,52.0,178440.0,61.460648,66.78099,175272.84,292514.2,1.0,1.0,0.0
55202.0,7.0,3.955,5.0,52.0,178440.0,63.533623,72.38275,175272.84,292514.2,1.0,1.0,0.0
55233.0,1.0,1.4333334,5.0,52.0,172840.0,66.954285,76.61727,200367.02,318424.75,1.0,1.0,0.0
55233.0,2.0,1.3199999,5.0,52.0,172840.0,71.99295,80.51461,200367.02,318424.75,1.0,1.0,0.0
55233.0,3.0,1.3775,5.0,52.0,172840.0,79.34958,80.722336,200367.02,318424.75,1.0,1.0,0.0
55233.0,4.0,1.2033334,5.0,52.0,172840.0,85.91164,90.31593,200367.02,318424.75,1.0,1.0,0.0
55233.0,5.0,1.2466667,5.0,52.0,172840.0,80.14731,86.58845,200367.02,318424.75,1.0,1.0,0.0
55233.0,6.0,1.88,5.0,52.0,172840.0,76.78434,84.85559,200367.02,318424.75,1.0,1.0,0.0
55233.0,7.0,1.9849999,5.0,52.0,172840.0,79.301605,92.18123,200367.02,318424.75,1.0,1.0,0.0
55239.0,1.0,1.3133334,5.0,52.0,188320.0,56.23544,64.27042,183425.22,301290.4,1.0,1.0,0.0
55239.0,2.0,1.3333334,5.0,52.0,188320.0,60.24687,67.15195,183425.22,301290.4,1.0,1.0,0.0
55239.0,3.0,1.8325,5.0,52.0,188320.0,68.24976,68.713394,183425.22,301290.4,1.0,1.0,0.0
55239.0,4.0,1.6,5.0,52.0,188320.0,74.40824,77.2331,183425.22,301290.4,1.0,1.0,0.0
55239.0,5.0,1.5033333,5.0,52.0,188320.0,68.50012,73.09785,183425.22,301290.4,1.0,1.0,0.0
55239.0,6.0,2.8966668,5.0,52.0,188320.0,65.109146,71.06211,183425.22,301290.4,1.0,1.0,0.0
55239.0,7.0,3.04,5.0,52.0,188320.0,67.2879,77.07612,183425.22,301290.4,1.0,1.0,0.0
55255.0,1.0,2.6966667,5.0,52.0,262350.0,52.705368,59.66792,166822.83,283527.34,1.0,1.0,0.0
55255.0,2.0,3.0033333,5.0,52.0,262350.0,55.88377,61.771656,166822.83,283527.34,1.0,1.0,0.0
55255.0,3.0,3.56,5.0,52.0,262350.0,64.16833,63.968838,166822.83,283527.34,1.0,1.0,0.0
55255.0,4.0,3.3799999,5.0,52.0,262350.0,70.49184,72.09309,166822.83,283527.34,1.0,1.0,0.0
55255.0,5.0,2.8533332,5.0,52.0,262350.0,64.32504,67.45566,166822.83,283527.34,1.0,1.0,0.0
55255.0,6.0,4.0833335,5.0,52.0,262350.0,61.04055,65.38617,166822.83,283527.34,1.0,1.0,0.0
55255.0,7.0,4.785,5.0,52.0,262350.0,63.060017,71.11893,166822.83,283527.34,1.0,1.0,0.0
55270.0,1.0,1.3133334,5.0,52.0,156460.0,64.489555,74.23449,228079.0,346218.94,1.0,1.0,0.0
55270.0,2.0,1.2766666,5.0,52.0,156460.0,69.71369,78.28513,228079.0,346218.94,1.0,1.0,0.0
55270.0,3.0,1.505,5.0,52.0,156460.0,77.020035,78.7382,228079.0,346218.94,1.0,1.0,0.0
55270.0,4.0,1.48,5.0,52.0,156460.0,82.90492,87.426575,228079.0,346218.94,1.0,1.0,0.0
55270.0,5.0,1.43,5.0,52.0,156460.0,77.69969,84.51333,228079.0,346218.94,1.0,1.0,0.0
55270.0,6.0,2.08,5.0,52.0,156460.0,74.232,82.61725,228079.0,346218.94,1.0,1.0,0.0
55270.0,7.0,2.5149999,5.0,52.0,156460.0,76.95482,89.93114,228079.0,346218.94,1.0,1.0,0.0
56403.0,1.0,1.3033333,5.0,64.0,168480.0,34.29998,37.828846,83070.84,183821.64,1.0,1.0,0.0
56403.0,2.0,1.3,5.0,64.0,168480.0,36.15133,38.25215,83070.84,183821.64,1.0,1.0,0.0
56403.0,3.0,1.2725,5.0,64.0,168480.0,41.78926,42.217644,83070.84,183821.64,1.0,1.0,0.0
56403.0,4.0,1.3033333,5.0,64.0,168480.0,45.390816,43.98852,83070.84,183821.64,1.0,1.0,0.0
56403.0,5.0,1.2066667,5.0,64.0,168480.0,44.41964,46.46423,83070.84,183821.64,1.0,1.0,0.0
56403.0,6.0,1.2166667,5.0,64.0,168480.0,37.909245,39.275753,83070.84,183821.64,1.0,1.0,0.0
56403.0,7.0,1.295,5.0,64.0,168480.0,41.429543,45.989838,83070.84,183821.64,1.0,1.0,0.0
56406.0,1.0,1.8233334,5.0,64.0,177080.0,32.331116,36.679745,104871.37,215848.44,1.0,1.0,0.0
56406.0,2.0,2.04,5.0,64.0,177080.0,34.846992,37.536297,104871.37,215848.44,1.0,1.0,0.0
56406.0,3.0,1.9,5.0,64.0,177080.0,40.02519,40.892204,104871.37,215848.44,1.0,1.0,0.0
56406.0,4.0,2.13,5.0,64.0,177080.0,43.440533,43.221733,104871.37,215848.44,1.0,1.0,0.0
56406.0,5.0,2.2233334,5.0,64.0,177080.0,42.32011,45.6203,104871.37,215848.44,1.0,1.0,0.0
56406.0,6.0,2.59,5.0,64.0,177080.0,36.027233,38.522358,104871.37,215848.44,1.0,1.0,0.0
56406.0,7.0,2.205,5.0,64.0,177080.0,39.613674,44.87236,104871.37,215848.44,1.0,1.0,0.0
56428.0,1.0,1.3066666,5.0,64.0,150190.0,34.038494,39.269867,125425.516,237473.03,1.0,1.0,0.0
56428.0,2.0,1.2266667,5.0,64.0,150190.0,37.14994,41.18247,125425.516,237473.03,1.0,1.0,0.0
56428.0,3.0,1.22,5.0,64.0,150190.0,43.7307,44.882477,125425.516,237473.03,1.0,1.0,0.0
56428.0,4.0,1.17,5.0,64.0,150190.0,47.737976,49.00998,125425.516,237473.03,1.0,1.0,0.0
56428.0,5.0,1.12,5.0,64.0,150190.0,44.589314,48.046192,125425.516,237473.03,1.0,1.0,0.0
56428.0,6.0,1.1533333,5.0,64.0,150190.0,39.91581,43.629562,125425.516,237473.03,1.0,1.0,0.0
56428.0,7.0,1.175,5.0,64.0,150190.0,42.50267,48.64022,125425.516,237473.03,1.0,1.0,0.0
56447.0,1.0,1.3433334,5.0,64.0,331250.0,32.04655,36.291477,114062.56,213428.27,1.0,1.0,0.0
56447.0,2.0,1.76,5.0,64.0,331250.0,34.463165,36.959854,114062.56,213428.27,1.0,1.0,0.0
56447.0,3.0,1.3175,5.0,64.0,331250.0,39.407604,40.305702,114062.56,213428.27,1.0,1.0,0.0
56447.0,4.0,1.4533334,5.0,64.0,331250.0,42.724297,42.31107,114062.56,213428.27,1.0,1.0,0.0
56447.0,5.0,1.31,5.0,64.0,331250.0,41.94191,45.2327,114062.56,213428.27,1.0,1.0,0.0
56447.0,6.0,1.35,5.0,64.0,331250.0,35.379135,37.69951,114062.56,213428.27,1.0,1.0,0.0
56447.0,7.0,1.28,5.0,64.0,331250.0,39.132175,44.25651,114062.56,213428.27,1.0,1.0,0.0
56450.0,1.0,2.1266668,5.0,64.0,232130.0,32.04655,36.291477,117238.445,223530.31,1.0,1.0,0.0
56450.0,2.0,2.67,5.0,64.0,232130.0,34.463165,36.959854,117238.445,223530.31,1.0,1.0,0.0
56450.0,3.0,2.0725,5.0,64.0,232130.0,39.407604,40.305702,117238.445,223530.31,1.0,1.0,0.0
56450.0,4.0,2.28,5.0,64.0,232130.0,42.724297,42.31107,117238.445,223530.31,1.0,1.0,0.0
56450.0,5.0,2.04,5.0,64.0,232130.0,41.94191,45.2327,117238.445,223530.31,1.0,1.0,0.0
56450.0,6.0,2.38,5.0,64.0,232130.0,35.379135,37.69951,117238.445,223530.31,1.0,1.0,0.0
56450.0,7.0,2.29,5.0,64.0,232130.0,39.132175,44.25651,117238.445,223530.31,1.0,1.0,0.0
56460.0,1.0,5.9166665,5.0,64.0,327210.0,32.04655,36.291477,99413.83,205243.8,1.0,1.0,0.0
56460.0,2.0,7.0666666,5.0,64.0,327210.0,34.463165,36.959854,99413.83,205243.8,1.0,1.0,0.0
56460.0,3.0,6.0550003,5.0,64.0,327210.0,39.407604,40.305702,99413.83,205243.8,1.0,1.0,0.0
56460.0,4.0,5.77,5.0,64.0,327210.0,42.724297,42.31107,99413.83,205243.8,1.0,1.0,0.0
56460.0,5.0,4.7866664,5.0,64.0,327210.0,41.94191,45.2327,99413.83,205243.8,1.0,1.0,0.0
56460.0,6.0,6.7066665,5.0,64.0,327210.0,35.379135,37.69951,99413.83,205243.8,1.0,1.0,0.0
56460.0,7.0,7.3999996,5.0,64.0,327210.0,39.132175,44.25651,99413.83,205243.8,1.0,1.0,0.0
56469.0,1.0,1.1933334,5.0,64.0,193190.0,31.285477,35.57377,132429.33,231667.94,1.0,1.0,0.0
56469.0,2.0,1.3966666,5.0,64.0,193190.0,33.876987,36.39348,132429.33,231667.94,1.0,1.0,0.0
56469.0,3.0,1.3025,5.0,64.0,193190.0,38.581425,39.65518,132429.33,231667.94,1.0,1.0,0.0
56469.0,4.0,1.2766666,5.0,64.0,193190.0,41.7088,41.665672,132429.33,231667.94,1.0,1.0,0.0
56469.0,5.0,1.1566666,5.0,64.0,193190.0,41.0432,44.76643,132429.33,231667.94,1.0,1.0,0.0
56469.0,6.0,1.3266667,5.0,64.0,193190.0,34.557343,37.18953,132429.33,231667.94,1.0,1.0,0.0
56469.0,7.0,1.395,5.0,64.0,193190.0,38.22799,43.531776,132429.33,231667.94,1.0,1.0,0.0
56475.0,1.0,1.32,5.0,64.0,198120.0,34.038494,39.269867,130740.164,239905.03,1.0,1.0,0.0
56475.0,2.0,1.4533333,5.0,64.0,198120.0,37.14994,41.18247,130740.164,239905.03,1.0,1.0,0.0
56475.0,3.0,1.3775,5.0,64.0,198120.0,43.7307,44.882477,130740.164,239905.03,1.0,1.0,0.0
56475.0,4.0,1.38,5.0,64.0,198120.0,47.737976,49.00998,130740.164,239905.03,1.0,1.0,0.0
56475.0,5.0,1.4733334,5.0,64.0,198120.0,44.589314,48.046192,130740.164,239905.03,1.0,1.0,0.0
56475.0,6.0,1.5766666,5.0,64.0,198120.0,39.91581,43.629562,130740.164,239905.03,1.0,1.0,0.0
56475.0,7.0,1.51,5.0,64.0,198120.0,42.50267,48.64022,130740.164,239905.03,1.0,1.0,0.0
56479.0,1.0,1.0233333,5.0,64.0,97930.0,31.693718,36.287914,142742.55,246433.4,1.0,1.0,0.0
56479.0,2.0,1.2066667,5.0,64.0,97930.0,34.601597,37.686184,142742.55,246433.4,1.0,1.0,0.0
56479.0,3.0,1.135,5.0,64.0,97930.0,39.818306,40.920097,142742.55,246433.4,1.0,1.0,0.0
56479.0,4.0,1.0466666,5.0,64.0,97930.0,43.1651,43.744568,142742.55,246433.4,1.0,1.0,0.0
56479.0,5.0,1.0233333,5.0,64.0,97930.0,41.662273,45.442787,142742.55,246433.4,1.0,1.0,0.0
56479.0,6.0,1.0,5.0,64.0,97930.0,35.93198,39.116646,142742.55,246433.4,1.0,1.0,0.0
56479.0,7.0,1.0450001,5.0,64.0,97930.0,39.158974,44.86735,142742.55,246433.4,1.0,1.0,0.0
56485.0,1.0,1.4,5.0,64.0,156670.0,35.551884,38.756584,83080.08,188437.88,1.0,1.0,0.0
56485.0,2.0,1.7933333,5.0,64.0,156670.0,37.0892,39.069477,83080.08,188437.88,1.0,1.0,0.0
56485.0,3.0,1.4425,5.0,64.0,156670.0,43.112404,43.38731,83080.08,188437.88,1.0,1.0,0.0
56485.0,4.0,1.6766667,5.0,64.0,156670.0,46.87222,45.00774,83080.08,188437.88,1.0,1.0,0.0
56485.0,5.0,1.4066666,5.0,64.0,156670.0,45.796154,47.220387,83080.08,188437.88,1.0,1.0,0.0
56485.0,6.0,1.5033333,5.0,64.0,156670.0,39.31486,40.212692,83080.08,188437.88,1.0,1.0,0.0
56485.0,7.0,1.565,5.0,64.0,156670.0,42.705856,46.99337,83080.08,188437.88,1.0,1.0,0.0
56486.0,1.0,1.27,5.0,64.0,116700.0,32.010674,37.19885,148810.0,255802.5,1.0,1.0,0.0
56486.0,2.0,1.28,5.0,64.0,116700.0,35.397427,39.43319,148810.0,255802.5,1.0,1.0,0.0
56486.0,3.0,1.1800001,5.0,64.0,116700.0,41.26473,42.704945,148810.0,255802.5,1.0,1.0,0.0
56486.0,4.0,1.1566666,5.0,64.0,116700.0,44.916965,46.584473,148810.0,255802.5,1.0,1.0,0.0
56486.0,5.0,1.1166667,5.0,64.0,116700.0,42.265694,46.136078,148810.0,255802.5,1.0,1.0,0.0
56486.0,6.0,1.11,5.0,64.0,116700.0,37.649353,41.776257,148810.0,255802.5,1.0,1.0,0.0
56486.0,7.0,1.155,5.0,64.0,116700.0,40.259987,46.61478,148810.0,255802.5,1.0,1.0,0.0
56909.0,1.0,3.9133334,5.0,69.0,106080.0,33.770412,36.748497,84435.52,164473.31,1.0,1.0,0.0
56909.0,2.0,3.9866667,5.0,69.0,106080.0,35.440033,35.86834,84435.52,164473.31,1.0,1.0,0.0
56909.0,3.0,3.855,5.0,69.0,106080.0,39.307068,39.226818,84435.52,164473.31,1.0,1.0,0.0
56909.0,4.0,3.55,5.0,69.0,106080.0,41.687817,39.608173,84435.52,164473.31,1.0,1.0,0.0
56909.0,5.0,2.41,5.0,69.0,106080.0,43.493565,45.980953,84435.52,164473.31,1.0,1.0,0.0
56909.0,6.0,2.6166668,5.0,69.0,106080.0,35.080914,35.884533,84435.52,164473.31,1.0,1.0,0.0
56909.0,7.0,2.33,5.0,69.0,106080.0,39.546272,43.460083,84435.52,164473.31,1.0,1.0,0.0
56915.0,1.0,3.0966666,5.0,69.0,230200.0,37.315407,39.10471,67444.59,146460.1,1.0,1.0,0.0
56915.0,2.0,3.4333334,5.0,69.0,230200.0,38.298523,37.962902,67444.59,146460.1,1.0,1.0,0.0
56915.0,3.0,3.435,5.0,69.0,230200.0,43.186737,42.259895,67444.59,146460.1,1.0,1.0,0.0
56915.0,4.0,3.3666668,5.0,69.0,230200.0,45.8357,42.089676,67444.59,146460.1,1.0,1.0,0.0
56915.0,5.0,2.6433334,5.0,69.0,230200.0,47.776142,48.108864,67444.59,146460.1,1.0,1.0,0.0
56915.0,6.0,3.35,5.0,69.0,230200.0,39.267906,38.643528,67444.59,146460.1,1.0,1.0,0.0
56915.0,7.0,4.26,5.0,69.0,230200.0,43.47986,46.48346,67444.59,146460.1,1.0,1.0,0.0
56941.0,1.0,2.5833333,5.0,69.0,173020.0,37.315407,39.10471,57814.32,148895.22,1.0,1.0,0.0
56941.0,2.0,2.69,5.0,69.0,173020.0,38.298523,37.962902,57814.32,148895.22,1.0,1.0,0.0
56941.0,3.0,3.17,5.0,69.0,173020.0,43.186737,42.259895,57814.32,148895.22,1.0,1.0,0.0
56941.0,4.0,3.2,5.0,69.0,173020.0,45.8357,42.089676,57814.32,148895.22,1.0,1.0,0.0
56941.0,5.0,2.3799999,5.0,69.0,173020.0,47.776142,48.108864,57814.32,148895.22,1.0,1.0,0.0
56941.0,6.0,3.2866666,5.0,69.0,173020.0,39.267906,38.643528,57814.32,148895.22,1.0,1.0,0.0
56941.0,7.0,4.575,5.0,69.0,173020.0,43.47986,46.48346,57814.32,148895.22,1.0,1.0,0.0
56944.0,1.0,3.82,5.0,69.0,218310.0,33.287003,36.479664,86356.23,156065.08,1.0,1.0,0.0
56944.0,2.0,3.9666667,5.0,69.0,218310.0,35.05024,35.637196,86356.23,156065.08,1.0,1.0,0.0
56944.0,3.0,4.1175,5.0,69.0,218310.0,38.778023,38.891182,86356.23,156065.08,1.0,1.0,0.0
56944.0,4.0,4.003333,5.0,69.0,218310.0,41.122196,39.313694,86356.23,156065.08,1.0,1.0,0.0
56944.0,5.0,2.92,5.0,69.0,218310.0,42.909576,45.7368,86356.23,156065.08,1.0,1.0,0.0
56944.0,6.0,3.27,5.0,69.0,218310.0,34.509956,35.55187,86356.23,156065.08,1.0,1.0,0.0
56944.0,7.0,3.9099998,5.0,69.0,218310.0,39.009872,43.07962,86356.23,156065.08,1.0,1.0,0.0
56963.0,1.0,4.27,5.0,69.0,368480.0,34.232834,37.145786,80351.66,170825.53,1.0,1.0,0.0
56963.0,2.0,4.8233333,5.0,69.0,368480.0,35.91254,36.629578,80351.66,170825.53,1.0,1.0,0.0
56963.0,3.0,4.2475,5.0,69.0,368480.0,40.368828,40.174488,80351.66,170825.53,1.0,1.0,0.0
56963.0,4.0,4.2966666,5.0,69.0,368480.0,43.10558,40.872948,80351.66,170825.53,1.0,1.0,0.0
56963.0,5.0,3.5333333,5.0,69.0,368480.0,44.16894,46.267487,80351.66,170825.53,1.0,1.0,0.0
56963.0,6.0,4.333333,5.0,69.0,368480.0,36.27524,37.045242,80351.66,170825.53,1.0,1.0,0.0
56963.0,7.0,4.835,5.0,69.0,368480.0,40.45858,44.42691,80351.66,170825.53,1.0,1.0,0.0
56991.0,1.0,1.6633333,5.0,69.0,291470.0,36.84369,39.28858,61150.67,162447.81,1.0,1.0,0.0
56991.0,2.0,1.6933334,5.0,69.0,291470.0,38.014362,38.989357,61150.67,162447.81,1.0,1.0,0.0
56991.0,3.0,1.7049999,5.0,69.0,291470.0,43.79599,43.437435,61150.67,162447.81,1.0,1.0,0.0
56991.0,4.0,1.7966666,5.0,69.0,291470.0,47.211,44.202904,61150.67,162447.81,1.0,1.0,0.0
56991.0,5.0,1.4333333,5.0,69.0,291470.0,47.232136,47.940678,61150.67,162447.81,1.0,1.0,0.0
56991.0,6.0,1.7933333,5.0,69.0,291470.0,39.993088,40.056133,61150.67,162447.81,1.0,1.0,0.0
56991.0,7.0,1.875,5.0,69.0,291470.0,43.632793,47.279396,61150.67,162447.81,1.0,1.0,0.0
57018.0,1.0,1.5866667,5.0,70.0,71480.0,29.00225,33.67647,167332.8,262814.03,1.0,1.0,0.0
57018.0,2.0,1.9633332,5.0,70.0,71480.0,32.118458,35.133163,167332.8,262814.03,1.0,1.0,0.0
57018.0,3.0,1.6925,5.0,70.0,71480.0,36.10289,37.949818,167332.8,262814.03,1.0,1.0,0.0
57018.0,4.0,2.0666666,5.0,70.0,71480.0,38.662315,39.941532,167332.8,262814.03,1.0,1.0,0.0
57018.0,5.0,1.59,5.0,70.0,71480.0,38.347076,43.60057,167332.8,262814.03,1.0,1.0,0.0
57018.0,6.0,2.0133333,5.0,70.0,71480.0,32.091957,35.84409,167332.8,262814.03,1.0,1.0,0.0
57018.0,7.0,2.22,5.0,70.0,71480.0,35.515427,41.53425,167332.8,262814.03,1.0,1.0,0.0
57037.0,1.0,1.88,5.0,70.0,193100.0,29.00225,33.67647,152118.25,248726.39,1.0,1.0,0.0
57037.0,2.0,2.02,5.0,70.0,193100.0,32.118458,35.133163,152118.25,248726.39,1.0,1.0,0.0
57037.0,3.0,2.075,5.0,70.0,193100.0,36.10289,37.949818,152118.25,248726.39,1.0,1.0,0.0
57037.0,4.0,2.1166666,5.0,70.0,193100.0,38.662315,39.941532,152118.25,248726.39,1.0,1.0,0.0
57037.0,5.0,1.7533333,5.0,70.0,193100.0,38.347076,43.60057,152118.25,248726.39,1.0,1.0,0.0
57037.0,6.0,2.1866667,5.0,70.0,193100.0,32.091957,35.84409,152118.25,248726.39,1.0,1.0,0.0
57037.0,7.0,2.3899999,5.0,70.0,193100.0,35.515427,41.53425,152118.25,248726.39,1.0,1.0,0.0
57056.0,1.0,1.5333333,5.0,70.0,97700.0,29.00225,33.67647,144040.53,236524.42,1.0,1.0,0.0
57056.0,2.0,1.4966667,5.0,70.0,97700.0,32.118458,35.133163,144040.53,236524.42,1.0,1.0,0.0
57056.0,3.0,2.045,5.0,70.0,97700.0,36.10289,37.949818,144040.53,236524.42,1.0,1.0,0.0
57056.0,4.0,1.9466666,5.0,70.0,97700.0,38.662315,39.941532,144040.53,236524.42,1.0,1.0,0.0
57056.0,5.0,1.3566667,5.0,70.0,97700.0,38.347076,43.60057,144040.53,236524.42,1.0,1.0,0.0
57056.0,6.0,1.8566667,5.0,70.0,97700.0,32.091957,35.84409,144040.53,236524.42,1.0,1.0,0.0
57056.0,7.0,2.28,5.0,70.0,97700.0,35.515427,41.53425,144040.53,236524.42,1.0,1.0,0.0
57066.0,1.0,3.6733334,5.0,70.0,392270.0,29.375086,33.865177,153355.28,236097.19,1.0,1.0,0.0
57066.0,2.0,3.9366667,5.0,70.0,392270.0,32.305305,35.071583,153355.28,236097.19,1.0,1.0,0.0
57066.0,3.0,3.54,5.0,70.0,392270.0,36.106876,37.79889,153355.28,236097.19,1.0,1.0,0.0
57066.0,4.0,3.5766666,5.0,70.0,392270.0,38.42948,39.47043,153355.28,236097.19,1.0,1.0,0.0
57066.0,5.0,2.99,5.0,70.0,392270.0,38.538155,43.829468,153355.28,236097.19,1.0,1.0,0.0
57066.0,6.0,4.32,5.0,70.0,392270.0,31.936918,35.482197,153355.28,236097.19,1.0,1.0,0.0
57066.0,7.0,4.81,5.0,70.0,392270.0,35.48237,41.281364,153355.28,236097.19,1.0,1.0,0.0
57088.0,1.0,1.8633333,5.0,70.0,423690.0,29.00225,33.67647,167143.94,254786.81,1.0,1.0,0.0
57088.0,2.0,2.0766666,5.0,70.0,423690.0,32.118458,35.133163,167143.94,254786.81,1.0,1.0,0.0
57088.0,3.0,2.23,5.0,70.0,423690.0,36.10289,37.949818,167143.94,254786.81,1.0,1.0,0.0
57088.0,4.0,2.3133333,5.0,70.0,423690.0,38.662315,39.941532,167143.94,254786.81,1.0,1.0,0.0
57088.0,5.0,1.7,5.0,70.0,423690.0,38.347076,43.60057,167143.94,254786.81,1.0,1.0,0.0
57088.0,6.0,2.17,5.0,70.0,423690.0,32.091957,35.84409,167143.94,254786.81,1.0,1.0,0.0
57088.0,7.0,2.745,5.0,70.0,423690.0,35.515427,41.53425,167143.94,254786.81,1.0,1.0,0.0
57312.0,1.0,1.3766667,5.0,73.0,187800.0,62.404015,72.26661,211925.69,330283.12,1.0,1.0,0.0
57312.0,2.0,1.2333333,5.0,73.0,187800.0,67.785095,76.47374,211925.69,330283.12,1.0,1.0,0.0
57312.0,3.0,1.4625,5.0,73.0,187800.0,75.04889,77.11537,211925.69,330283.12,1.0,1.0,0.0
57312.0,4.0,1.7133334,5.0,73.0,187800.0,80.36078,85.03509,211925.69,330283.12,1.0,1.0,0.0
57312.0,5.0,1.3533334,5.0,73.0,187800.0,75.628624,82.83272,211925.69,330283.12,1.0,1.0,0.0
57312.0,6.0,1.24,5.0,73.0,187800.0,72.07234,80.76353,211925.69,330283.12,1.0,1.0,0.0
57312.0,7.0,1.4749999,5.0,73.0,187800.0,74.969086,88.0952,211925.69,330283.12,1.0,1.0,0.0
57315.0,1.0,1.7566667,5.0,73.0,175590.0,59.560097,69.66173,216925.8,335260.6,1.0,1.0,0.0
57315.0,2.0,1.93,5.0,73.0,175590.0,65.15518,74.12369,216925.8,335260.6,1.0,1.0,0.0
57315.0,3.0,2.17,5.0,73.0,175590.0,72.360954,74.99153,216925.8,335260.6,1.0,1.0,0.0
57315.0,4.0,2.1133332,5.0,73.0,175590.0,76.891495,81.86116,216925.8,335260.6,1.0,1.0,0.0
57315.0,5.0,1.9566667,5.0,73.0,175590.0,72.80444,80.660126,216925.8,335260.6,1.0,1.0,0.0
57315.0,6.0,2.4366667,5.0,73.0,175590.0,69.12734,78.30142,216925.8,335260.6,1.0,1.0,0.0
57315.0,7.0,3.0900002,5.0,73.0,175590.0,72.26127,85.699615,216925.8,335260.6,1.0,1.0,0.0
57336.0,1.0,1.4933333,5.0,73.0,235300.0,57.776203,66.66055,197167.52,315556.34,1.0,1.0,0.0
57336.0,2.0,1.44,5.0,73.0,235300.0,62.58402,70.24041,197167.52,315556.34,1.0,1.0,0.0
57336.0,3.0,1.8100001,5.0,73.0,235300.0,70.12587,71.45621,197167.52,315556.34,1.0,1.0,0.0
57336.0,4.0,1.7266667,5.0,73.0,235300.0,75.517845,79.27703,197167.52,315556.34,1.0,1.0,0.0
57336.0,5.0,1.6166667,5.0,73.0,235300.0,70.48626,76.47973,197167.52,315556.34,1.0,1.0,0.0
57336.0,6.0,1.9833333,5.0,73.0,235300.0,66.97464,74.399216,197167.52,315556.34,1.0,1.0,0.0
57336.0,7.0,1.8599999,5.0,73.0,235300.0,69.58072,81.02011,197167.52,315556.34,1.0,1.0,0.0
57345.0,1.0,1.6066667,5.0,73.0,245020.0,48.9087,56.077248,181500.33,299887.53,1.0,1.0,0.0
57345.0,2.0,1.78,5.0,73.0,245020.0,52.542313,58.56637,181500.33,299887.53,1.0,1.0,0.0
57345.0,3.0,2.9025002,5.0,73.0,245020.0,60.668182,61.021324,181500.33,299887.53,1.0,1.0,0.0
57345.0,4.0,2.44,5.0,73.0,245020.0,66.30001,68.599976,181500.33,299887.53,1.0,1.0,0.0
57345.0,5.0,2.5266666,5.0,73.0,245020.0,60.602055,64.4866,181500.33,299887.53,1.0,1.0,0.0
57345.0,6.0,3.2866666,5.0,73.0,245020.0,57.187054,62.180996,181500.33,299887.53,1.0,1.0,0.0
57345.0,7.0,2.78,5.0,73.0,245020.0,59.199547,67.35664,181500.33,299887.53,1.0,1.0,0.0
57364.0,1.0,3.1399999,5.0,73.0,305610.0,44.72108,51.975067,193867.75,312019.78,1.0,1.0,0.0
57364.0,2.0,3.0533333,5.0,73.0,305610.0,49.058662,55.049683,193867.75,312019.78,1.0,1.0,0.0
57364.0,3.0,3.7575,5.0,73.0,305610.0,56.450195,57.51304,193867.75,312019.78,1.0,1.0,0.0
57364.0,4.0,3.6033335,5.0,73.0,305610.0,60.950512,63.9623,193867.75,312019.78,1.0,1.0,0.0
57364.0,5.0,2.95,5.0,73.0,305610.0,56.335728,61.17936,193867.75,312019.78,1.0,1.0,0.0
57364.0,6.0,4.09,5.0,73.0,305610.0,52.850704,58.751476,193867.75,312019.78,1.0,1.0,0.0
57364.0,7.0,4.26,5.0,73.0,305610.0,55.044567,63.81903,193867.75,312019.78,1.0,1.0,0.0
57385.0,1.0,11.87,5.0,73.0,128830.0,42.02308,48.824177,177560.48,295668.34,1.0,1.0,0.0
57385.0,2.0,12.006666,5.0,73.0,128830.0,46.132023,51.663757,177560.48,295668.34,1.0,1.0,0.0
57385.0,3.0,10.5025,5.0,73.0,128830.0,53.557327,54.49329,177560.48,295668.34,1.0,1.0,0.0
57385.0,4.0,9.896667,5.0,73.0,128830.0,58.05215,60.834637,177560.48,295668.34,1.0,1.0,0.0
57385.0,5.0,7.483333,5.0,73.0,128830.0,53.341415,57.730877,177560.48,295668.34,1.0,1.0,0.0
57385.0,6.0,9.393333,5.0,73.0,128830.0,49.891315,55.240517,177560.48,295668.34,1.0,1.0,0.0
57385.0,7.0,10.735001,5.0,73.0,128830.0,51.91426,59.870678,177560.48,295668.34,1.0,1.0,0.0
57605.0,1.0,3.31,5.0,76.0,123520.0,37.315407,39.10471,58752.05,123431.74,1.0,1.0,0.0
57605.0,2.0,2.96,5.0,76.0,123520.0,38.298523,37.962902,58752.05,123431.74,1.0,1.0,0.0
57605.0,3.0,3.8425,5.0,76.0,123520.0,43.186737,42.259895,58752.05,123431.74,1.0,1.0,0.0
57605.0,4.0,3.9133334,5.0,76.0,123520.0,45.8357,42.089676,58752.05,123431.74,1.0,1.0,0.0
57605.0,5.0,2.77,5.0,76.0,123520.0,47.776142,48.108864,58752.05,123431.74,1.0,1.0,0.0
57605.0,6.0,2.91,5.0,76.0,123520.0,39.267906,38.643528,58752.05,123431.74,1.0,1.0,0.0
57605.0,7.0,3.165,5.0,76.0,123520.0,43.47986,46.48346,58752.05,123431.74,1.0,1.0,0.0
57616.0,1.0,2.4133332,5.0,76.0,209800.0,43.253036,41.676025,51541.242,82700.59,1.0,1.0,0.0
57616.0,2.0,2.7333333,5.0,76.0,209800.0,42.46138,39.705788,51541.242,82700.59,1.0,1.0,0.0
57616.0,3.0,2.7350001,5.0,76.0,209800.0,48.856358,46.735046,51541.242,82700.59,1.0,1.0,0.0
57616.0,4.0,2.6166666,5.0,76.0,209800.0,50.1394,44.77977,51541.242,82700.59,1.0,1.0,0.0
57616.0,5.0,1.8199999,5.0,76.0,209800.0,53.637165,51.395138,51541.242,82700.59,1.0,1.0,0.0
57616.0,6.0,2.2333333,5.0,76.0,209800.0,45.06439,41.60856,51541.242,82700.59,1.0,1.0,0.0
57616.0,7.0,2.765,5.0,76.0,209800.0,47.923943,47.869297,51541.242,82700.59,1.0,1.0,0.0
57619.0,1.0,2.0533333,5.0,76.0,80590.0,37.315407,39.10471,41408.402,125296.875,1.0,1.0,0.0
57619.0,2.0,1.9833333,5.0,76.0,80590.0,38.298523,37.962902,41408.402,125296.875,1.0,1.0,0.0
57619.0,3.0,2.7575002,5.0,76.0,80590.0,43.186737,42.259895,41408.402,125296.875,1.0,1.0,0.0
57619.0,4.0,2.7,5.0,76.0,80590.0,45.8357,42.089676,41408.402,125296.875,1.0,1.0,0.0
57619.0,5.0,1.9533334,5.0,76.0,80590.0,47.776142,48.108864,41408.402,125296.875,1.0,1.0,0.0
57619.0,6.0,2.4833333,5.0,76.0,80590.0,39.267906,38.643528,41408.402,125296.875,1.0,1.0,0.0
57619.0,7.0,2.83,5.0,76.0,80590.0,43.47986,46.48346,41408.402,125296.875,1.0,1.0,0.0
57622.0,1.0,2.2966666,5.0,76.0,228410.0,37.315407,39.10471,50826.21,130241.195,1.0,1.0,0.0
57622.0,2.0,2.4633334,5.0,76.0,228410.0,38.298523,37.962902,50826.21,130241.195,1.0,1.0,0.0
57622.0,3.0,3.1525,5.0,76.0,228410.0,43.186737,42.259895,50826.21,130241.195,1.0,1.0,0.0
57622.0,4.0,3.4399998,5.0,76.0,228410.0,45.8357,42.089676,50826.21,130241.195,1.0,1.0,0.0
57622.0,5.0,2.33,5.0,76.0,228410.0,47.776142,48.108864,50826.21,130241.195,1.0,1.0,0.0
57622.0,6.0,2.8766665,5.0,76.0,228410.0,39.267906,38.643528,50826.21,130241.195,1.0,1.0,0.0
57622.0,7.0,2.7,5.0,76.0,228410.0,43.47986,46.48346,50826.21,130241.195,1.0,1.0,0.0
57633.0,1.0,2.0166667,5.0,76.0,110300.0,38.3897,39.603275,41428.832,114981.9,1.0,1.0,0.0
57633.0,2.0,2.0733333,5.0,76.0,110300.0,39.171787,38.527107,41428.832,114981.9,1.0,1.0,0.0
57633.0,3.0,2.9299998,5.0,76.0,110300.0,44.437725,43.214005,41428.832,114981.9,1.0,1.0,0.0
57633.0,4.0,2.9533334,5.0,76.0,110300.0,47.048252,42.901745,41428.832,114981.9,1.0,1.0,0.0
57633.0,5.0,1.7833333,5.0,76.0,110300.0,48.958324,48.743256,41428.832,114981.9,1.0,1.0,0.0
57633.0,6.0,2.1533334,5.0,76.0,110300.0,40.62455,39.449512,41428.832,114981.9,1.0,1.0,0.0
57633.0,7.0,2.4299998,5.0,76.0,110300.0,44.472275,46.983658,41428.832,114981.9,1.0,1.0,0.0
57639.0,1.0,7.0066667,5.0,76.0,238540.0,37.532642,39.07864,77105.15,136660.23,1.0,1.0,0.0
57639.0,2.0,7.826667,5.0,76.0,238540.0,38.36755,37.79073,77105.15,136660.23,1.0,1.0,0.0
57639.0,3.0,7.385,5.0,76.0,238540.0,43.268364,42.213043,77105.15,136660.23,1.0,1.0,0.0
57639.0,4.0,7.9966664,5.0,76.0,238540.0,45.703537,41.89289,77105.15,136660.23,1.0,1.0,0.0
57639.0,5.0,5.7599998,5.0,76.0,238540.0,47.91979,48.156673,77105.15,136660.23,1.0,1.0,0.0
57639.0,6.0,7.436667,5.0,76.0,238540.0,39.317898,38.557945,77105.15,136660.23,1.0,1.0,0.0
57639.0,7.0,8.95,5.0,76.0,238540.0,43.518074,46.314873,77105.15,136660.23,1.0,1.0,0.0
57655.0,1.0,6.9766665,5.0,76.0,429850.0,38.153316,39.04603,66253.51,117110.89,1.0,1.0,0.0
57655.0,2.0,6.9066668,5.0,76.0,429850.0,38.56476,37.353394,66253.51,117110.89,1.0,1.0,0.0
57655.0,3.0,6.7275,5.0,76.0,429850.0,43.501587,42.108353,66253.51,117110.89,1.0,1.0,0.0
57655.0,4.0,6.9533334,5.0,76.0,429850.0,45.32593,41.454193,66253.51,117110.89,1.0,1.0,0.0
57655.0,5.0,5.616667,5.0,76.0,429850.0,48.330204,48.309254,66253.51,117110.89,1.0,1.0,0.0
57655.0,6.0,7.3733335,5.0,76.0,429850.0,39.46072,38.33661,66253.51,117110.89,1.0,1.0,0.0
57655.0,7.0,8.495,5.0,76.0,429850.0,43.627262,45.859325,66253.51,117110.89,1.0,1.0,0.0
57672.0,1.0,2.58,5.0,76.0,282000.0,40.375607,40.378506,46552.707,100968.18,1.0,1.0,0.0
57672.0,2.0,3.2766666,5.0,76.0,282000.0,40.54738,39.004524,46552.707,100968.18,1.0,1.0,0.0
57672.0,3.0,4.21,5.0,76.0,282000.0,46.325424,44.598976,46552.707,100968.18,1.0,1.0,0.0
57672.0,4.0,3.9933333,5.0,76.0,282000.0,48.435745,43.65384,46552.707,100968.18,1.0,1.0,0.0
57672.0,5.0,3.3866668,5.0,76.0,282000.0,50.9119,49.795254,46552.707,100968.18,1.0,1.0,0.0
57672.0,6.0,5.2133336,5.0,76.0,282000.0,42.55897,40.38577,46552.707,100968.18,1.0,1.0,0.0
57672.0,7.0,5.38,5.0,76.0,282000.0,45.93712,47.355923,46552.707,100968.18,1.0,1.0,0.0
57683.0,1.0,1.9466667,5.0,76.0,212880.0,42.153946,40.70331,61578.797,90139.055,1.0,1.0,0.0
57683.0,2.0,2.3766668,5.0,76.0,212880.0,41.275867,38.427883,61578.797,90139.055,1.0,1.0,0.0
57683.0,3.0,2.98,5.0,76.0,212880.0,47.133854,44.870872,61578.797,90139.055,1.0,1.0,0.0
57683.0,4.0,2.8066666,5.0,76.0,212880.0,47.882515,43.250328,61578.797,90139.055,1.0,1.0,0.0
57683.0,5.0,2.0,5.0,76.0,212880.0,52.178783,50.462044,61578.797,90139.055,1.0,1.0,0.0
57683.0,6.0,2.4266667,5.0,76.0,212880.0,43.105568,40.096035,61578.797,90139.055,1.0,1.0,0.0
57683.0,7.0,2.62,5.0,76.0,212880.0,46.472084,46.61093,61578.797,90139.055,1.0,1.0,0.0
57704.0,1.0,1.8566667,5.0,77.0,105450.0,52.81229,63.626953,245528.9,362836.7,1.0,1.0,0.0
57704.0,2.0,1.9499999,5.0,77.0,105450.0,59.282967,69.171616,245528.9,362836.7,1.0,1.0,0.0
57704.0,3.0,2.1525,5.0,77.0,105450.0,64.92967,70.12705,245528.9,362836.7,1.0,1.0,0.0
57704.0,4.0,2.2366667,5.0,77.0,105450.0,68.485405,74.88281,245528.9,362836.7,1.0,1.0,0.0
57704.0,5.0,2.1633334,5.0,77.0,105450.0,66.31061,76.432014,245528.9,362836.7,1.0,1.0,0.0
57704.0,6.0,1.7933333,5.0,77.0,105450.0,62.321175,72.47101,245528.9,362836.7,1.0,1.0,0.0
57704.0,7.0,2.48,5.0,77.0,105450.0,65.38338,78.536255,245528.9,362836.7,1.0,1.0,0.0
57725.0,1.0,1.53,5.0,77.0,168750.0,59.009254,69.13227,236316.06,354299.88,1.0,1.0,0.0
57725.0,2.0,1.88,5.0,77.0,168750.0,64.67581,73.67749,236316.06,354299.88,1.0,1.0,0.0
57725.0,3.0,1.7775,5.0,77.0,168750.0,71.75432,74.55223,236316.06,354299.88,1.0,1.0,0.0
57725.0,4.0,1.8533334,5.0,77.0,168750.0,76.205284,81.259636,236316.06,354299.88,1.0,1.0,0.0
57725.0,5.0,1.57,5.0,77.0,168750.0,72.27434,80.27345,236316.06,354299.88,1.0,1.0,0.0
57725.0,6.0,1.7133332,5.0,77.0,168750.0,68.57173,77.78601,236316.06,354299.88,1.0,1.0,0.0
57725.0,7.0,2.1599998,5.0,77.0,168750.0,71.69981,85.07146,236316.06,354299.88,1.0,1.0,0.0
57734.0,1.0,1.3066667,5.0,77.0,159720.0,59.560097,69.66173,218810.42,336883.25,1.0,1.0,0.0
57734.0,2.0,1.53,5.0,77.0,159720.0,65.15518,74.12369,218810.42,336883.25,1.0,1.0,0.0
57734.0,3.0,1.4925001,5.0,77.0,159720.0,72.360954,74.99153,218810.42,336883.25,1.0,1.0,0.0
57734.0,4.0,1.3366667,5.0,77.0,159720.0,76.891495,81.86116,218810.42,336883.25,1.0,1.0,0.0
57734.0,5.0,1.21,5.0,77.0,159720.0,72.80444,80.660126,218810.42,336883.25,1.0,1.0,0.0
57734.0,6.0,1.3666667,5.0,77.0,159720.0,69.12734,78.30142,218810.42,336883.25,1.0,1.0,0.0
57734.0,7.0,1.575,5.0,77.0,159720.0,72.26127,85.699615,218810.42,336883.25,1.0,1.0,0.0
57773.0,1.0,1.7,5.0,77.0,192340.0,59.560097,69.66173,249379.1,367544.56,1.0,1.0,0.0
57773.0,2.0,1.7633333,5.0,77.0,192340.0,65.15518,74.12369,249379.1,367544.56,1.0,1.0,0.0
57773.0,3.0,2.1975,5.0,77.0,192340.0,72.360954,74.99153,249379.1,367544.56,1.0,1.0,0.0
57773.0,4.0,2.16,5.0,77.0,192340.0,76.891495,81.86116,249379.1,367544.56,1.0,1.0,0.0
57773.0,5.0,2.3533332,5.0,77.0,192340.0,72.80444,80.660126,249379.1,367544.56,1.0,1.0,0.0
57773.0,6.0,3.8533332,5.0,77.0,192340.0,69.12734,78.30142,249379.1,367544.56,1.0,1.0,0.0
57773.0,7.0,5.285,5.0,77.0,192340.0,72.26127,85.699615,249379.1,367544.56,1.0,1.0,0.0
57790.0,1.0,1.0533333,5.0,77.0,87560.0,57.766827,69.11566,269474.78,387406.8,1.0,1.0,0.0
57790.0,2.0,1.1133333,5.0,77.0,87560.0,64.8847,75.153404,269474.78,387406.8,1.0,1.0,0.0
57790.0,3.0,1.1675,5.0,77.0,87560.0,70.36068,76.75878,269474.78,387406.8,1.0,1.0,0.0
57790.0,4.0,1.6133333,5.0,77.0,87560.0,74.36753,81.45414,269474.78,387406.8,1.0,1.0,0.0
57790.0,5.0,4.726667,5.0,77.0,87560.0,72.27912,83.45901,269474.78,387406.8,1.0,1.0,0.0
57790.0,6.0,6.266667,5.0,77.0,87560.0,68.44216,79.31997,269474.78,387406.8,1.0,1.0,0.0
57790.0,7.0,6.9700003,5.0,77.0,87560.0,71.39021,85.83236,269474.78,387406.8,1.0,1.0,0.0
58110.0,1.0,1.7733333,5.0,81.0,151500.0,32.884163,36.26614,98338.07,167792.58,1.0,1.0,0.0
58110.0,2.0,2.3833334,5.0,81.0,151500.0,34.72541,35.4554,98338.07,167792.58,1.0,1.0,0.0
58110.0,3.0,2.575,5.0,81.0,151500.0,38.33715,38.627323,98338.07,167792.58,1.0,1.0,0.0
58110.0,4.0,2.2633333,5.0,81.0,151500.0,40.650845,39.07691,98338.07,167792.58,1.0,1.0,0.0
58110.0,5.0,1.79,5.0,81.0,151500.0,42.42292,45.542244,98338.07,167792.58,1.0,1.0,0.0
58110.0,6.0,1.51,5.0,81.0,151500.0,34.034164,35.283493,98338.07,167792.58,1.0,1.0,0.0
58110.0,7.0,1.93,5.0,81.0,151500.0,38.562874,42.768852,98338.07,167792.58,1.0,1.0,0.0
58112.0,1.0,1.5066667,5.0,81.0,283320.0,32.04655,36.291477,99974.695,194824.5,1.0,1.0,0.0
58112.0,2.0,1.5633334,5.0,81.0,283320.0,34.463165,36.959854,99974.695,194824.5,1.0,1.0,0.0
58112.0,3.0,1.6925,5.0,81.0,283320.0,39.407604,40.305702,99974.695,194824.5,1.0,1.0,0.0
58112.0,4.0,1.5466666,5.0,81.0,283320.0,42.724297,42.31107,99974.695,194824.5,1.0,1.0,0.0
58112.0,5.0,1.5233333,5.0,81.0,283320.0,41.94191,45.2327,99974.695,194824.5,1.0,1.0,0.0
58112.0,6.0,1.7866666,5.0,81.0,283320.0,35.379135,37.69951,99974.695,194824.5,1.0,1.0,0.0
58112.0,7.0,1.685,5.0,81.0,283320.0,39.132175,44.25651,99974.695,194824.5,1.0,1.0,0.0
58122.0,1.0,44.47,5.0,81.0,293450.0,32.884163,36.26614,117324.72,195992.05,1.0,1.0,0.0
58122.0,2.0,45.5,5.0,81.0,293450.0,34.72541,35.4554,117324.72,195992.05,1.0,1.0,0.0
58122.0,3.0,42.895,5.0,81.0,293450.0,38.33715,38.627323,117324.72,195992.05,1.0,1.0,0.0
58122.0,4.0,40.306667,5.0,81.0,293450.0,40.650845,39.07691,117324.72,195992.05,1.0,1.0,0.0
58122.0,5.0,35.0,5.0,81.0,293450.0,42.42292,45.542244,117324.72,195992.05,1.0,1.0,0.0
58122.0,6.0,43.786667,5.0,81.0,293450.0,34.034164,35.283493,117324.72,195992.05,1.0,1.0,0.0
58122.0,7.0,44.315002,5.0,81.0,293450.0,38.562874,42.768852,117324.72,195992.05,1.0,1.0,0.0
58125.0,1.0,3.4333334,5.0,81.0,164110.0,32.884163,36.26614,101926.195,178165.78,1.0,1.0,0.0
58125.0,2.0,3.8633335,5.0,81.0,164110.0,34.72541,35.4554,101926.195,178165.78,1.0,1.0,0.0
58125.0,3.0,3.565,5.0,81.0,164110.0,38.33715,38.627323,101926.195,178165.78,1.0,1.0,0.0
58125.0,4.0,3.6866665,5.0,81.0,164110.0,40.650845,39.07691,101926.195,178165.78,1.0,1.0,0.0
58125.0,5.0,2.9433334,5.0,81.0,164110.0,42.42292,45.542244,101926.195,178165.78,1.0,1.0,0.0
58125.0,6.0,2.9366667,5.0,81.0,164110.0,34.034164,35.283493,101926.195,178165.78,1.0,1.0,0.0
58125.0,7.0,3.2199998,5.0,81.0,164110.0,38.562874,42.768852,101926.195,178165.78,1.0,1.0,0.0
58131.0,1.0,1.5433333,5.0,81.0,137070.0,32.764503,36.240116,102973.34,189847.58,1.0,1.0,0.0
58131.0,2.0,1.7933333,5.0,81.0,137070.0,34.687946,35.645527,102973.34,189847.58,1.0,1.0,0.0
58131.0,3.0,2.3,5.0,81.0,137070.0,38.49007,38.81119,102973.34,189847.58,1.0,1.0,0.0
58131.0,4.0,2.5033333,5.0,81.0,137070.0,40.947052,39.463634,102973.34,189847.58,1.0,1.0,0.0
58131.0,5.0,2.79,5.0,81.0,137070.0,42.354206,45.494446,102973.34,189847.58,1.0,1.0,0.0
58131.0,6.0,3.0133333,5.0,81.0,137070.0,34.226303,35.612576,102973.34,189847.58,1.0,1.0,0.0
58131.0,7.0,4.175,5.0,81.0,137070.0,38.644203,42.97571,102973.34,189847.58,1.0,1.0,0.0
58134.0,1.0,1.83,5.0,81.0,216030.0,30.050297,34.27506,137422.05,219527.12,1.0,1.0,0.0
58134.0,2.0,2.1766667,5.0,81.0,216030.0,32.698296,35.08474,137422.05,219527.12,1.0,1.0,0.0
58134.0,3.0,2.825,5.0,81.0,216030.0,36.332233,37.776222,137422.05,219527.12,1.0,1.0,0.0
58134.0,4.0,2.61,5.0,81.0,216030.0,38.40536,39.047432,137422.05,219527.12,1.0,1.0,0.0
58134.0,5.0,2.47,5.0,81.0,216030.0,39.019844,44.20916,137422.05,219527.12,1.0,1.0,0.0
58134.0,6.0,2.75,5.0,81.0,216030.0,31.95968,35.143234,137422.05,219527.12,1.0,1.0,0.0
58134.0,7.0,2.725,5.0,81.0,216030.0,35.681606,41.12965,137422.05,219527.12,1.0,1.0,0.0
58140.0,1.0,24.06,5.0,81.0,,0.0,0.0,114395.61,192988.75,1.0,1.0,0.0
58140.0,2.0,25.726667,5.0,81.0,,0.0,0.0,114395.61,192988.75,1.0,1.0,0.0
58140.0,3.0,22.205,5.0,81.0,,0.0,0.0,114395.61,192988.75,1.0,1.0,0.0
58140.0,4.0,22.699999,5.0,81.0,,0.0,0.0,114395.61,192988.75,1.0,1.0,0.0
58140.0,5.0,18.88,5.0,81.0,,0.0,0.0,114395.61,192988.75,1.0,1.0,0.0
58140.0,6.0,25.816668,5.0,81.0,,0.0,0.0,114395.61,192988.75,1.0,1.0,0.0
58140.0,7.0,26.82,5.0,81.0,,0.0,0.0,114395.61,192988.75,1.0,1.0,0.0
58153.0,1.0,1.1933334,5.0,81.0,124220.0,32.04655,36.291477,115961.51,205203.62,1.0,1.0,0.0
58153.0,2.0,1.42,5.0,81.0,124220.0,34.463165,36.959854,115961.51,205203.62,1.0,1.0,0.0
58153.0,3.0,2.24,5.0,81.0,124220.0,39.407604,40.305702,115961.51,205203.62,1.0,1.0,0.0
58153.0,4.0,2.8700001,5.0,81.0,124220.0,42.724297,42.31107,115961.51,205203.62,1.0,1.0,0.0
58153.0,5.0,2.65,5.0,81.0,124220.0,41.94191,45.2327,115961.51,205203.62,1.0,1.0,0.0
58153.0,6.0,3.96,5.0,81.0,124220.0,35.379135,37.69951,115961.51,205203.62,1.0,1.0,0.0
58153.0,7.0,5.065,5.0,81.0,124220.0,39.132175,44.25651,115961.51,205203.62,1.0,1.0,0.0
58172.0,1.0,7.3966665,5.0,81.0,213870.0,32.884163,36.26614,118886.56,198853.77,1.0,1.0,0.0
58172.0,2.0,7.963333,5.0,81.0,213870.0,34.72541,35.4554,118886.56,198853.77,1.0,1.0,0.0
58172.0,3.0,7.65,5.0,81.0,213870.0,38.33715,38.627323,118886.56,198853.77,1.0,1.0,0.0
58172.0,4.0,7.5033336,5.0,81.0,213870.0,40.650845,39.07691,118886.56,198853.77,1.0,1.0,0.0
58172.0,5.0,6.65,5.0,81.0,213870.0,42.42292,45.542244,118886.56,198853.77,1.0,1.0,0.0
58172.0,6.0,8.903334,5.0,81.0,213870.0,34.034164,35.283493,118886.56,198853.77,1.0,1.0,0.0
58172.0,7.0,9.4,5.0,81.0,213870.0,38.562874,42.768852,118886.56,198853.77,1.0,1.0,0.0
58182.0,1.0,3.0833333,5.0,81.0,159010.0,32.884163,36.26614,95846.96,180626.86,1.0,1.0,0.0
58182.0,2.0,3.4533334,5.0,81.0,159010.0,34.72541,35.4554,95846.96,180626.86,1.0,1.0,0.0
58182.0,3.0,3.4375,5.0,81.0,159010.0,38.33715,38.627323,95846.96,180626.86,1.0,1.0,0.0
58182.0,4.0,3.6133335,5.0,81.0,159010.0,40.650845,39.07691,95846.96,180626.86,1.0,1.0,0.0
58182.0,5.0,3.3866668,5.0,81.0,159010.0,42.42292,45.542244,95846.96,180626.86,1.0,1.0,0.0
58182.0,6.0,4.21,5.0,81.0,159010.0,34.034164,35.283493,95846.96,180626.86,1.0,1.0,0.0
58182.0,7.0,5.01,5.0,81.0,159010.0,38.562874,42.768852,95846.96,180626.86,1.0,1.0,0.0
58185.0,1.0,41.736668,5.0,81.0,,32.884163,36.26614,121576.27,199339.77,1.0,1.0,0.0
58185.0,2.0,44.876667,5.0,81.0,,34.72541,35.4554,121576.27,199339.77,1.0,1.0,0.0
58185.0,3.0,36.9225,5.0,81.0,,38.33715,38.627323,121576.27,199339.77,1.0,1.0,0.0
58185.0,4.0,34.260002,5.0,81.0,,40.650845,39.07691,121576.27,199339.77,1.0,1.0,0.0
58185.0,5.0,30.65,5.0,81.0,,42.42292,45.542244,121576.27,199339.77,1.0,1.0,0.0
58185.0,6.0,38.47333,5.0,81.0,,34.034164,35.283493,121576.27,199339.77,1.0,1.0,0.0
58185.0,7.0,36.105,5.0,81.0,,38.562874,42.768852,121576.27,199339.77,1.0,1.0,0.0
58190.0,1.0,35.253334,5.0,81.0,,0.0,0.0,117895.44,198067.25,1.0,1.0,0.0
58190.0,2.0,29.666668,5.0,81.0,,0.0,0.0,117895.44,198067.25,1.0,1.0,0.0
58190.0,3.0,35.73,5.0,81.0,,0.0,0.0,117895.44,198067.25,1.0,1.0,0.0
58190.0,4.0,31.25,5.0,81.0,,0.0,0.0,117895.44,198067.25,1.0,1.0,0.0
58190.0,5.0,29.946667,5.0,81.0,,0.0,0.0,117895.44,198067.25,1.0,1.0,0.0
58190.0,6.0,37.916668,5.0,81.0,,0.0,0.0,117895.44,198067.25,1.0,1.0,0.0
58190.0,7.0,43.625,5.0,81.0,,0.0,0.0,117895.44,198067.25,1.0,1.0,0.0
58194.0,1.0,1.1666666,5.0,81.0,138330.0,30.939533,35.26078,128152.16,218458.55,1.0,1.0,0.0
58194.0,2.0,1.3666667,5.0,81.0,138330.0,33.610546,36.159412,128152.16,218458.55,1.0,1.0,0.0
58194.0,3.0,2.245,5.0,81.0,138330.0,38.20589,39.372406,128152.16,218458.55,1.0,1.0,0.0
58194.0,4.0,2.0733333,5.0,81.0,138330.0,41.24721,41.383556,128152.16,218458.55,1.0,1.0,0.0
58194.0,5.0,2.28,5.0,81.0,138330.0,40.634697,44.567047,128152.16,218458.55,1.0,1.0,0.0
58194.0,6.0,2.7533333,5.0,81.0,138330.0,34.1838,36.96753,128152.16,218458.55,1.0,1.0,0.0
58194.0,7.0,2.6399999,5.0,81.0,138330.0,37.816994,43.2117,128152.16,218458.55,1.0,1.0,0.0
58503.0,1.0,3.04,5.0,85.0,211530.0,49.400528,56.60862,158015.44,276272.94,1.0,1.0,0.0
58503.0,2.0,3.4933333,5.0,85.0,211530.0,53.000195,59.07576,158015.44,276272.94,1.0,1.0,0.0
58503.0,3.0,3.185,5.0,85.0,211530.0,61.176098,61.502895,158015.44,276272.94,1.0,1.0,0.0
58503.0,4.0,3.24,5.0,85.0,211530.0,66.889145,69.16785,158015.44,276272.94,1.0,1.0,0.0
58503.0,5.0,2.5133333,5.0,85.0,211530.0,61.120674,64.98428,158015.44,276272.94,1.0,1.0,0.0
58503.0,6.0,2.9066668,5.0,85.0,211530.0,57.70818,62.688953,158015.44,276272.94,1.0,1.0,0.0
58503.0,7.0,3.1,5.0,85.0,211530.0,59.71992,67.908295,158015.44,276272.94,1.0,1.0,0.0
58527.0,1.0,4.05,5.0,85.0,191300.0,50.87602,58.211605,171816.48,290000.2,1.0,1.0,0.0
58527.0,2.0,3.9933333,5.0,85.0,191300.0,54.373825,60.61506,171816.48,290000.2,1.0,1.0,0.0
58527.0,3.0,4.23,5.0,85.0,191300.0,62.699852,62.958168,171816.48,290000.2,1.0,1.0,0.0
58527.0,4.0,3.8266666,5.0,85.0,191300.0,68.65654,70.88049,171816.48,290000.2,1.0,1.0,0.0
58527.0,5.0,2.8166666,5.0,85.0,191300.0,62.676525,66.48779,171816.48,290000.2,1.0,1.0,0.0
58527.0,6.0,3.9466667,5.0,85.0,191300.0,59.27155,64.22116,171816.48,290000.2,1.0,1.0,0.0
58527.0,7.0,4.49,5.0,85.0,191300.0,61.281055,69.57486,171816.48,290000.2,1.0,1.0,0.0
58542.0,1.0,3.39,5.0,85.0,185230.0,50.87602,58.211605,156408.97,273865.2,1.0,1.0,0.0
58542.0,2.0,4.0833335,5.0,85.0,185230.0,54.373825,60.61506,156408.97,273865.2,1.0,1.0,0.0
58542.0,3.0,5.0499997,5.0,85.0,185230.0,62.699852,62.958168,156408.97,273865.2,1.0,1.0,0.0
58542.0,4.0,4.71,5.0,85.0,185230.0,68.65654,70.88049,156408.97,273865.2,1.0,1.0,0.0
58542.0,5.0,3.4366667,5.0,85.0,185230.0,62.676525,66.48779,156408.97,273865.2,1.0,1.0,0.0
58542.0,6.0,4.75,5.0,85.0,185230.0,59.27155,64.22116,156408.97,273865.2,1.0,1.0,0.0
58542.0,7.0,4.9700003,5.0,85.0,185230.0,61.281055,69.57486,156408.97,273865.2,1.0,1.0,0.0
58549.0,1.0,10.5,5.0,85.0,493660.0,50.87602,58.211605,159684.95,277977.88,1.0,1.0,0.0
58549.0,2.0,10.873333,5.0,85.0,493660.0,54.373825,60.61506,159684.95,277977.88,1.0,1.0,0.0
58549.0,3.0,10.195,5.0,85.0,493660.0,62.699852,62.958168,159684.95,277977.88,1.0,1.0,0.0
58549.0,4.0,9.8133335,5.0,85.0,493660.0,68.65654,70.88049,159684.95,277977.88,1.0,1.0,0.0
58549.0,5.0,7.5933332,5.0,85.0,493660.0,62.676525,66.48779,159684.95,277977.88,1.0,1.0,0.0
58549.0,6.0,10.456666,5.0,85.0,493660.0,59.27155,64.22116,159684.95,277977.88,1.0,1.0,0.0
58549.0,7.0,11.11,5.0,85.0,493660.0,61.281055,69.57486,159684.95,277977.88,1.0,1.0,0.0
58558.0,1.0,2.5366666,5.0,85.0,409530.0,49.831303,56.90585,139892.56,258240.58,1.0,1.0,0.0
58558.0,2.0,2.8866668,5.0,85.0,409530.0,53.188007,59.20352,139892.56,258240.58,1.0,1.0,0.0
58558.0,3.0,3.0974998,5.0,85.0,409530.0,61.469017,61.745277,139892.56,258240.58,1.0,1.0,0.0
58558.0,4.0,2.4933333,5.0,85.0,409530.0,67.33008,69.22906,139892.56,258240.58,1.0,1.0,0.0
58558.0,5.0,1.8733333,5.0,85.0,409530.0,61.533245,65.148636,139892.56,258240.58,1.0,1.0,0.0
58558.0,6.0,2.67,5.0,85.0,409530.0,58.0227,62.697308,139892.56,258240.58,1.0,1.0,0.0
58558.0,7.0,2.3899999,5.0,85.0,409530.0,60.060524,68.044846,139892.56,258240.58,1.0,1.0,0.0
58573.0,1.0,1.78,5.0,85.0,255750.0,50.87602,58.211605,144595.28,262078.55,1.0,1.0,0.0
58573.0,2.0,2.7766666,5.0,85.0,255750.0,54.373825,60.61506,144595.28,262078.55,1.0,1.0,0.0
58573.0,3.0,3.5,5.0,85.0,255750.0,62.699852,62.958168,144595.28,262078.55,1.0,1.0,0.0
58573.0,4.0,3.19,5.0,85.0,255750.0,68.65654,70.88049,144595.28,262078.55,1.0,1.0,0.0
58573.0,5.0,2.2066665,5.0,85.0,255750.0,62.676525,66.48779,144595.28,262078.55,1.0,1.0,0.0
58573.0,6.0,3.1966667,5.0,85.0,255750.0,59.27155,64.22116,144595.28,262078.55,1.0,1.0,0.0
58573.0,7.0,2.81,5.0,85.0,255750.0,61.281055,69.57486,144595.28,262078.55,1.0,1.0,0.0
58576.0,1.0,2.24,5.0,85.0,302390.0,40.42886,45.449036,124323.12,242712.4,1.0,1.0,0.0
58576.0,2.0,2.5,5.0,85.0,302390.0,42.51562,46.75592,124323.12,242712.4,1.0,1.0,0.0
58576.0,3.0,2.8400002,5.0,85.0,302390.0,50.391483,51.081036,124323.12,242712.4,1.0,1.0,0.0
58576.0,4.0,2.63,5.0,85.0,302390.0,55.39186,55.082123,124323.12,242712.4,1.0,1.0,0.0
58576.0,5.0,1.7633333,5.0,85.0,302390.0,51.24373,53.330383,124323.12,242712.4,1.0,1.0,0.0
58576.0,6.0,2.6166668,5.0,85.0,302390.0,46.78307,49.19218,124323.12,242712.4,1.0,1.0,0.0
58576.0,7.0,2.76,5.0,85.0,302390.0,49.075752,54.60948,124323.12,242712.4,1.0,1.0,0.0
58592.0,1.0,3.08,5.0,85.0,104840.0,48.66278,55.81214,170305.53,288647.06,1.0,1.0,0.0
58592.0,2.0,3.7266667,5.0,85.0,104840.0,52.313377,58.312397,170305.53,288647.06,1.0,1.0,0.0
58592.0,3.0,3.225,5.0,85.0,104840.0,60.414223,60.781223,170305.53,288647.06,1.0,1.0,0.0
58592.0,4.0,2.98,5.0,85.0,104840.0,66.00544,68.31663,170305.53,288647.06,1.0,1.0,0.0
58592.0,5.0,2.08,5.0,85.0,104840.0,60.342747,64.23844,170305.53,288647.06,1.0,1.0,0.0
58592.0,6.0,3.13,5.0,85.0,104840.0,56.92649,61.927555,170305.53,288647.06,1.0,1.0,0.0
58592.0,7.0,3.0949998,5.0,85.0,104840.0,58.939354,67.08157,170305.53,288647.06,1.0,1.0,0.0
58811.0,1.0,3.3933334,5.0,88.0,246100.0,41.61259,41.351677,13403.387,111693.42,1.0,1.0,0.0
58811.0,2.0,3.55,5.0,88.0,246100.0,41.791565,40.37343,13403.387,111693.42,1.0,1.0,0.0
58811.0,3.0,4.4225,5.0,88.0,246100.0,48.190693,46.492126,13403.387,111693.42,1.0,1.0,0.0
58811.0,4.0,4.6433334,5.0,88.0,246100.0,50.6859,45.536896,13403.387,111693.42,1.0,1.0,0.0
58811.0,5.0,3.5633333,5.0,88.0,246100.0,52.50488,50.802544,13403.387,111693.42,1.0,1.0,0.0
58811.0,6.0,4.85,5.0,88.0,246100.0,44.694477,42.009975,13403.387,111693.42,1.0,1.0,0.0
58811.0,7.0,5.385,5.0,88.0,246100.0,47.44954,48.6189,13403.387,111693.42,1.0,1.0,0.0
58827.0,1.0,1.1566666,5.0,88.0,107190.0,41.61259,41.351677,28949.914,93581.414,1.0,1.0,0.0
58827.0,2.0,1.1733333,5.0,88.0,107190.0,41.791565,40.37343,28949.914,93581.414,1.0,1.0,0.0
58827.0,3.0,1.255,5.0,88.0,107190.0,48.190693,46.492126,28949.914,93581.414,1.0,1.0,0.0
58827.0,4.0,1.2833333,5.0,88.0,107190.0,50.6859,45.536896,28949.914,93581.414,1.0,1.0,0.0
58827.0,5.0,1.1866666,5.0,88.0,107190.0,52.50488,50.802544,28949.914,93581.414,1.0,1.0,0.0
58827.0,6.0,1.24,5.0,88.0,107190.0,44.694477,42.009975,28949.914,93581.414,1.0,1.0,0.0
58827.0,7.0,1.225,5.0,88.0,107190.0,47.44954,48.6189,28949.914,93581.414,1.0,1.0,0.0
58844.0,1.0,2.6633334,5.0,88.0,105280.0,41.61259,41.351677,13144.57,122506.54,1.0,1.0,0.0
58844.0,2.0,3.7933333,5.0,88.0,105280.0,41.791565,40.37343,13144.57,122506.54,1.0,1.0,0.0
58844.0,3.0,4.3675,5.0,88.0,105280.0,48.190693,46.492126,13144.57,122506.54,1.0,1.0,0.0
58844.0,4.0,4.8033333,5.0,88.0,105280.0,50.6859,45.536896,13144.57,122506.54,1.0,1.0,0.0
58844.0,5.0,4.37,5.0,88.0,105280.0,52.50488,50.802544,13144.57,122506.54,1.0,1.0,0.0
58844.0,6.0,6.3766665,5.0,88.0,105280.0,44.694477,42.009975,13144.57,122506.54,1.0,1.0,0.0
58844.0,7.0,7.22,5.0,88.0,105280.0,47.44954,48.6189,13144.57,122506.54,1.0,1.0,0.0
58850.0,1.0,1.1766666,5.0,88.0,235570.0,42.70316,44.342655,31833.48,149966.97,1.0,1.0,0.0
58850.0,2.0,1.13,5.0,88.0,235570.0,43.062626,44.188705,31833.48,149966.97,1.0,1.0,0.0
58850.0,3.0,1.1675,5.0,88.0,235570.0,50.37272,49.667847,31833.48,149966.97,1.0,1.0,0.0
58850.0,4.0,1.0933334,5.0,88.0,235570.0,54.639862,50.899338,31833.48,149966.97,1.0,1.0,0.0
58850.0,5.0,1.0966667,5.0,88.0,235570.0,53.191185,52.466816,31833.48,149966.97,1.0,1.0,0.0
58850.0,6.0,1.2666667,5.0,88.0,235570.0,47.453415,46.428898,31833.48,149966.97,1.0,1.0,0.0
58850.0,7.0,1.01,5.0,88.0,235570.0,49.769966,53.00132,31833.48,149966.97,1.0,1.0,0.0
58861.0,1.0,2.2766666,5.0,88.0,224200.0,39.864815,41.199154,28315.334,140070.17,1.0,1.0,0.0
58861.0,2.0,3.21,5.0,88.0,224200.0,40.526554,40.7671,28315.334,140070.17,1.0,1.0,0.0
58861.0,3.0,3.355,5.0,88.0,224200.0,46.950768,45.961693,28315.334,140070.17,1.0,1.0,0.0
58861.0,4.0,3.4466667,5.0,88.0,224200.0,50.3717,46.410904,28315.334,140070.17,1.0,1.0,0.0
58861.0,5.0,2.8333333,5.0,88.0,224200.0,50.423286,49.97883,28315.334,140070.17,1.0,1.0,0.0
58861.0,6.0,3.4466667,5.0,88.0,224200.0,43.49177,42.39774,28315.334,140070.17,1.0,1.0,0.0
58861.0,7.0,3.595,5.0,88.0,224200.0,46.48181,49.257645,28315.334,140070.17,1.0,1.0,0.0
58867.0,1.0,3.41,5.0,88.0,420120.0,41.61259,41.351677,29375.152,103192.92,1.0,1.0,0.0
58867.0,2.0,4.6033335,5.0,88.0,420120.0,41.791565,40.37343,29375.152,103192.92,1.0,1.0,0.0
58867.0,3.0,4.63,5.0,88.0,420120.0,48.190693,46.492126,29375.152,103192.92,1.0,1.0,0.0
58867.0,4.0,4.673333,5.0,88.0,420120.0,50.6859,45.536896,29375.152,103192.92,1.0,1.0,0.0
58867.0,5.0,3.73,5.0,88.0,420120.0,52.50488,50.802544,29375.152,103192.92,1.0,1.0,0.0
58867.0,6.0,5.47,5.0,88.0,420120.0,44.694477,42.009975,29375.152,103192.92,1.0,1.0,0.0
58867.0,7.0,6.1000004,5.0,88.0,420120.0,47.44954,48.6189,29375.152,103192.92,1.0,1.0,0.0
58878.0,1.0,4.4133334,5.0,88.0,390600.0,42.207443,42.895992,14746.269,132806.52,1.0,1.0,0.0
58878.0,2.0,5.023333,5.0,88.0,390600.0,42.48487,42.337273,14746.269,132806.52,1.0,1.0,0.0
58878.0,3.0,5.3675,5.0,88.0,390600.0,49.380886,48.117054,14746.269,132806.52,1.0,1.0,0.0
58878.0,4.0,5.0166664,5.0,88.0,390600.0,52.842606,48.294216,14746.269,132806.52,1.0,1.0,0.0
58878.0,5.0,4.213333,5.0,88.0,390600.0,52.879227,51.684093,14746.269,132806.52,1.0,1.0,0.0
58878.0,6.0,5.693333,5.0,88.0,390600.0,46.199352,44.373974,14746.269,132806.52,1.0,1.0,0.0
58878.0,7.0,6.415,5.0,88.0,390600.0,48.715225,50.978027,14746.269,132806.52,1.0,1.0,0.0
58889.0,1.0,1.13,5.0,88.0,135060.0,37.17686,39.131317,42460.867,144964.3,1.0,1.0,0.0
58889.0,2.0,1.2766666,5.0,88.0,135060.0,38.215065,38.231567,42460.867,144964.3,1.0,1.0,0.0
58889.0,3.0,1.6,5.0,88.0,135060.0,43.36568,42.559258,42460.867,144964.3,1.0,1.0,0.0
58889.0,4.0,1.62,5.0,88.0,135060.0,46.239635,42.62489,42460.867,144964.3,1.0,1.0,0.0
58889.0,5.0,1.21,5.0,88.0,135060.0,47.616364,48.054672,42460.867,144964.3,1.0,1.0,0.0
58889.0,6.0,1.2266667,5.0,88.0,135060.0,39.480896,39.04404,42460.867,144964.3,1.0,1.0,0.0
58889.0,7.0,1.1600001,5.0,88.0,135060.0,43.524776,46.707275,42460.867,144964.3,1.0,1.0,0.0
58894.0,1.0,2.4133334,5.0,88.0,398680.0,40.001144,40.432587,26590.863,124753.16,1.0,1.0,0.0
58894.0,2.0,3.6533334,5.0,88.0,398680.0,40.481674,39.42282,26590.863,124753.16,1.0,1.0,0.0
58894.0,3.0,4.015,5.0,88.0,398680.0,46.31421,44.781105,26590.863,124753.16,1.0,1.0,0.0
58894.0,4.0,4.0266666,5.0,88.0,398680.0,48.867077,44.183628,26590.863,124753.16,1.0,1.0,0.0
58894.0,5.0,3.5833335,5.0,88.0,398680.0,50.7316,49.744617,26590.863,124753.16,1.0,1.0,0.0
58894.0,6.0,5.0133333,5.0,88.0,398680.0,42.65951,40.704742,26590.863,124753.16,1.0,1.0,0.0
58894.0,7.0,5.27,5.0,88.0,398680.0,45.960907,47.776756,26590.863,124753.16,1.0,1.0,0.0
59408.0,1.0,1.48,5.0,94.0,146990.0,51.84832,62.85392,242489.22,358234.12,1.0,1.0,0.0
59408.0,2.0,1.8733333,5.0,94.0,146990.0,58.44408,68.563065,242489.22,358234.12,1.0,1.0,0.0
59408.0,3.0,1.9175,5.0,94.0,146990.0,63.868057,69.53099,242489.22,358234.12,1.0,1.0,0.0
59408.0,4.0,1.9833333,5.0,94.0,146990.0,67.28454,73.962494,242489.22,358234.12,1.0,1.0,0.0
59408.0,5.0,1.77,5.0,94.0,146990.0,65.38291,75.9241,242489.22,358234.12,1.0,1.0,0.0
59408.0,6.0,2.37,5.0,94.0,146990.0,61.348866,71.73188,242489.22,358234.12,1.0,1.0,0.0
59408.0,7.0,2.56,5.0,94.0,146990.0,64.40082,77.616394,242489.22,358234.12,1.0,1.0,0.0
59451.0,1.0,1.4,5.0,94.0,101620.0,35.711956,43.024918,231047.6,344230.16,1.0,1.0,0.0
59451.0,2.0,1.46,5.0,94.0,101620.0,40.690994,47.219326,231047.6,344230.16,1.0,1.0,0.0
59451.0,3.0,1.4925001,5.0,94.0,101620.0,45.937733,48.743637,231047.6,344230.16,1.0,1.0,0.0
59451.0,4.0,1.5366666,5.0,94.0,101620.0,49.23406,53.34002,231047.6,344230.16,1.0,1.0,0.0
59451.0,5.0,1.5533333,5.0,94.0,101620.0,46.62038,52.727962,231047.6,344230.16,1.0,1.0,0.0
59451.0,6.0,1.62,5.0,94.0,101620.0,43.07649,50.15625,231047.6,344230.16,1.0,1.0,0.0
59451.0,7.0,3.97,5.0,94.0,101620.0,45.38273,54.347893,231047.6,344230.16,1.0,1.0,0.0
59482.0,1.0,1.98,5.0,94.0,180710.0,35.711956,43.024918,213186.84,328142.12,1.0,1.0,0.0
59482.0,2.0,1.92,5.0,94.0,180710.0,40.690994,47.219326,213186.84,328142.12,1.0,1.0,0.0
59482.0,3.0,1.9025,5.0,94.0,180710.0,45.937733,48.743637,213186.84,328142.12,1.0,1.0,0.0
59482.0,4.0,1.8333334,5.0,94.0,180710.0,49.23406,53.34002,213186.84,328142.12,1.0,1.0,0.0
59482.0,5.0,1.55,5.0,94.0,180710.0,46.62038,52.727962,213186.84,328142.12,1.0,1.0,0.0
59482.0,6.0,1.6833333,5.0,94.0,180710.0,43.07649,50.15625,213186.84,328142.12,1.0,1.0,0.0
59482.0,7.0,4.01,5.0,94.0,180710.0,45.38273,54.347893,213186.84,328142.12,1.0,1.0,0.0
59486.0,1.0,2.0566666,5.0,94.0,156030.0,38.939228,46.954224,229290.61,343781.8,1.0,1.0,0.0
59486.0,2.0,2.2333333,5.0,94.0,156030.0,44.24161,51.44686,229290.61,343781.8,1.0,1.0,0.0
59486.0,3.0,2.095,5.0,94.0,156030.0,49.5238,52.783955,229290.61,343781.8,1.0,1.0,0.0
59486.0,4.0,2.1233332,5.0,94.0,156030.0,52.844154,57.357834,229290.61,343781.8,1.0,1.0,0.0
59486.0,5.0,1.6966666,5.0,94.0,156030.0,50.372887,57.28107,229290.61,343781.8,1.0,1.0,0.0
59486.0,6.0,2.06,5.0,94.0,156030.0,46.730965,54.412483,229290.61,343781.8,1.0,1.0,0.0
59486.0,7.0,3.6149998,5.0,94.0,156030.0,49.186348,58.94217,229290.61,343781.8,1.0,1.0,0.0
59494.0,1.0,4.5333333,5.0,94.0,421180.0,51.986713,61.910633,227798.92,344634.53,1.0,1.0,0.0
59494.0,2.0,4.923333,5.0,94.0,421180.0,57.968777,66.9044,227798.92,344634.53,1.0,1.0,0.0
59494.0,3.0,4.07,5.0,94.0,421180.0,64.02172,67.930145,227798.92,344634.53,1.0,1.0,0.0
59494.0,4.0,4.0633335,5.0,94.0,421180.0,67.82341,73.28916,227798.92,344634.53,1.0,1.0,0.0
59494.0,5.0,2.8233333,5.0,94.0,421180.0,65.024635,73.709526,227798.92,344634.53,1.0,1.0,0.0
59494.0,6.0,3.2966666,5.0,94.0,421180.0,61.18699,70.39416,227798.92,344634.53,1.0,1.0,0.0
59494.0,7.0,4.505,5.0,94.0,421180.0,64.13454,76.49369,227798.92,344634.53,1.0,1.0,0.0
