method,b_gdp,b_gdp_sq,b_gdp_cb,min_tp,max_tp
Sparse FE,-7.4980464,.84896696,-.031499345,2478.4631,25656.043
Kitchen-Sink FE,-7.130693,.80599278,-.029813297,2426.3613,27693.918
BMA (UIP),-7.13901,.80784369,-.029918222,2410.6157,27269.258
DSL (Plugin),-7.4980464,.84896696,-.031499345,2478.4631,25656.043
