method,b_gdppc,b_gdppc_sq,b_gdppc_cb,se_gdppc,se_gdppc_sq,se_gdppc_cb,minimum_tp,maximum_tp
Sparse FE,-5.6668973,.76615274,-.031304885,,,,288.78366,42203.473
Kitchen-Sink FE,-7.3352709,.86548942,-.032660887,,,,1158.998,40573.273
BMA (UIP),-7.2999182,.85365546,-.031998374,,,,1274.6987,41561.43
DSL (Plugin),-6.9198413,.87729752,-.034800712,2.3057938,.24581756,.0087296749,556.68933,35743.156
