"term","robinson_coef","se","t","stars","npplreg_coef"
"lnunits",0.164963956055791,0.0418640572745501,3.94046747485403,"***",0.157527314413446
"lnarea",0.0173709947076218,0.0113342666866138,1.53260860961897,"",0.0156555933111654
"area_units",0.0183461701647565,0.00947068093774811,1.93715428545719,"*",0.016481033524668
"ethnic",0.126329223147965,0.0829128208894563,1.52363918864121,"",0.114387657568635
"trade_gdp",0.00206226793744929,0.000511119991828576,4.03480194556928,"***",0.00201598744211016
"urbanization",-0.00573095566611703,0.0019073177062515,-3.00472000408376,"***",-0.00561023557870795
"federal",-0.0670373878734789,0.0384029779262523,-1.74562993531947,"*",-0.052470729079802
