"intercept","slope","t_slope","corr"
0.311306574513766,0.207642015660225,2.45094076115721,0.31639634413472
