method,coefficient,std_error,ci_lower,ci_upper
POLS,0.074989,0.023125,0.029664,0.120313
Between,0.066203,0.031138,0.005173,0.127234
FDFE,0.211314,0.079206,0.05607,0.366558
FE,0.210318,0.081202,0.051162,0.369474
RE,0.109171,0.029855,0.050656,0.167686
CRE,0.210318,0.070341,0.072449,0.348186
