Method,Estimate,Robust_SE,CI_Lower,CI_Upper,CI_Width,True_ATE,Bias
Naive (Diff. in Means),1.3852664129460521,0.0716274312735657,1.2448766476498634,1.5256561782422409,0.2807795305923775,1.0,0.38526641294605213
Linear Regression,1.0051068229491908,0.06141813996439978,0.8847294806215271,1.1254841652768546,0.24075468465532746,1.0,0.005106822949190848
IPW,1.0275448938572183,0.07541642289721871,0.8797287049786696,1.175361082735767,0.2956323777570974,1.0,0.027544893857218256
Doubly Robust,1.011480199464258,0.062319234416790194,0.8893345000073491,1.1336258989211667,0.24429139891381757,1.0,0.011480199464257934
IV (2SLS),0.8881109578616864,0.3303225458288429,0.24067876803715427,1.5355431476862185,1.2948643796490642,1.0,-0.11188904213831363
