year,Cluster,Division,District,rural,female,age5,age60,Age,hsize,DrinkWater,Toilet,Electricity,Floor,Roof,padma_m,jamuna_m,treat,smp1,yr
6.0,276.0,4.0,1.0,0.0,0.5037594,0.120300755,0.075187966,28.300753,5.1654134,0.43333334,0.06666667,0.8,0.33333334,0.96666664,109203.125,206010.5,0.0,0.0,1.0
7.0,278.0,4.0,1.0,1.0,0.46666667,0.13333334,0.1037037,27.896296,11.303703,0.0,0.0,0.0,0.0,0.92,109203.125,206010.5,0.0,0.0,1.0
6.0,275.0,4.0,1.0,1.0,0.47260273,0.1369863,0.14383562,28.205479,5.6986303,0.0,0.09090909,0.4090909,0.045454547,1.0,109203.125,206010.5,0.0,0.0,1.0
5.0,191.0,4.0,1.0,1.0,0.5283019,0.11949685,0.13207547,27.496855,7.327044,0.0,0.04347826,0.2173913,0.04347826,0.95652175,109203.125,206010.5,0.0,0.0,1.0
3.0,435.0,4.0,1.0,1.0,0.53103447,0.096551724,0.07586207,27.448277,5.524138,0.0,0.0,0.0,0.0,0.16666667,109203.125,206010.5,0.0,0.0,0.0
4.0,326.0,4.0,1.0,0.0,0.46456692,0.11023622,0.09448819,28.070866,4.905512,0.9375,0.15625,0.875,0.375,0.875,109203.125,206010.5,0.0,0.0,1.0
2.0,5.001565e+07,4.0,1.0,1.0,0.4765625,0.109375,0.0546875,24.1875,7.265625,0.0,0.05,0.1,,0.8,109203.125,206010.5,0.0,0.0,0.0
2.0,5.0017384e+07,4.0,1.0,1.0,0.5952381,0.011904762,0.05952381,29.404762,4.785714,0.0,0.0,0.05,,0.15,109203.125,206010.5,0.0,0.0,0.0
7.0,331.0,4.0,1.0,0.0,0.4642857,0.08035714,0.15178572,33.69643,9.857142,0.16666667,0.0,0.7083333,0.25,0.875,109203.125,206010.5,0.0,0.0,1.0
1.0,410.0,4.0,1.0,0.0,0.475,0.09166667,0.06666667,25.716667,6.983333,0.041666668,0.33333334,0.5833333,0.45833334,0.45833334,109203.125,206010.5,0.0,0.0,0.0
4.0,138.0,4.0,1.0,1.0,0.48076922,0.1474359,0.09615385,25.032051,6.217949,0.0,0.0,0.071428575,0.071428575,0.6785714,109203.125,206010.5,0.0,0.0,1.0
2.0,5.0010896e+07,4.0,1.0,1.0,0.50526315,0.08421053,0.094736844,28.68421,5.1894736,0.0,0.0,0.1,,0.15,109203.125,206010.5,0.0,0.0,0.0
4.0,413.0,4.0,1.0,0.0,0.5064935,0.15584415,0.14285715,28.162338,5.7012987,0.0,0.0,0.27586207,0.06896552,0.6896552,109203.125,206010.5,0.0,0.0,1.0
6.0,277.0,4.0,1.0,1.0,0.46195653,0.1521739,0.092391305,24.60326,7.228261,0.08,0.0,0.36,0.04,1.0,109203.125,206010.5,0.0,0.0,1.0
5.0,190.0,4.0,1.0,1.0,0.5070422,0.12676056,0.09859155,27.887323,5.380282,0.0,0.13793103,0.6896552,0.10344828,0.9655172,109203.125,206010.5,0.0,0.0,1.0
7.0,279.0,4.0,1.0,1.0,0.4919355,0.08064516,0.17741935,31.82258,11.387096,0.0,0.0,0.41666666,0.041666668,1.0,109203.125,206010.5,0.0,0.0,1.0
5.0,193.0,4.0,1.0,1.0,0.5116279,0.13178295,0.11627907,27.67442,5.3255816,0.0,0.0,0.0,0.08,0.56,109203.125,206010.5,0.0,0.0,1.0
4.0,139.0,4.0,1.0,1.0,0.5043478,0.13913043,0.052173913,23.234783,5.017391,0.04,0.0,0.24,0.0,0.56,109203.125,206010.5,0.0,0.0,1.0
5.0,233.0,4.0,1.0,0.0,0.4496124,0.093023255,0.093023255,29.232557,5.3410854,0.8148148,0.6296296,0.8518519,0.5555556,0.962963,109203.125,206010.5,0.0,0.0,1.0
6.0,281.0,4.0,1.0,0.0,0.50877196,0.096491225,0.1491228,31.377193,4.7017546,0.0,0.0,0.055555556,0.0,1.0,109203.125,206010.5,0.0,0.0,1.0
3.0,410.0,4.0,1.0,0.0,0.55140185,0.13084112,0.06542056,25.560747,11.112149,0.2,0.45,0.55,0.4,0.5,109203.125,206010.5,0.0,0.0,0.0
1.0,434.0,4.0,1.0,1.0,0.58666664,0.12666667,0.08,25.626667,5.9333334,0.0,0.0,0.0,0.0,0.05263158,109203.125,206010.5,0.0,0.0,0.0
5.0,242.0,4.0,1.0,0.0,0.5467626,0.15107913,0.07194245,25.381294,7.172662,0.0,0.0,0.5185185,0.0,1.0,109203.125,206010.5,0.0,0.0,1.0
6.0,279.0,4.0,1.0,1.0,0.46666667,0.108333334,0.175,34.233334,5.15,0.0,0.0,0.5416667,0.041666668,0.875,109203.125,206010.5,0.0,0.0,1.0
1.0,435.0,4.0,1.0,1.0,0.5408163,0.091836736,0.08163265,29.438776,7.3163266,0.0,0.0,0.0,0.0,0.10526316,109203.125,206010.5,0.0,0.0,0.0
7.0,277.0,4.0,1.0,1.0,0.54867256,0.053097345,0.10619469,34.752213,8.513274,0.0,0.0,0.0,0.0,0.5263158,109203.125,206010.5,0.0,0.0,1.0
3.0,434.0,4.0,1.0,1.0,0.50993377,0.105960265,0.119205296,28.245033,5.278146,0.0,0.0,0.0,0.0,0.21428572,109203.125,206010.5,0.0,0.0,0.0
5.0,192.0,4.0,1.0,1.0,0.4695652,0.09565217,0.104347825,29.226088,5.573913,0.0,0.0,0.05,0.05,0.6,109203.125,206010.5,0.0,0.0,1.0
6.0,280.0,4.0,1.0,1.0,0.45112783,0.15037593,0.12781955,28.31579,5.781955,0.0,0.0,0.34615386,0.07692308,1.0,109203.125,206010.5,0.0,0.0,1.0
3.0,433.0,4.0,1.0,1.0,0.5179856,0.1438849,0.10071942,27.28777,5.273381,0.0,0.033333335,0.36666667,0.033333335,0.2,109203.125,206010.5,0.0,0.0,0.0
6.0,274.0,4.0,1.0,1.0,0.51785713,0.14285715,0.10714286,27.27381,6.571429,0.0,0.0,0.56666666,0.13333334,1.0,109203.125,206010.5,0.0,0.0,1.0
7.0,330.0,4.0,1.0,0.0,0.4846154,0.06153846,0.10769231,31.123077,10.153846,0.4642857,0.21428572,0.85714287,0.5714286,0.96428573,109203.125,206010.5,0.0,0.0,1.0
2.0,5.0016036e+07,4.0,1.0,1.0,0.51376146,0.10091743,0.08256881,25.119267,6.0825686,0.0,0.0,0.0,,0.25,109203.125,206010.5,0.0,0.0,0.0
4.0,136.0,4.0,1.0,1.0,0.516129,0.21290323,0.08387097,23.129032,6.470968,0.0,0.0,0.045454547,0.08695652,0.9130435,109203.125,206010.5,0.0,0.0,1.0
4.0,137.0,4.0,1.0,1.0,0.5187166,0.15508021,0.09090909,24.417112,7.0748663,0.0,0.0,0.33333334,0.030303031,1.0,109203.125,206010.5,0.0,0.0,1.0
1.0,433.0,4.0,1.0,1.0,0.4723618,0.110552765,0.06030151,25.20603,6.678392,0.0,0.0,0.25714287,0.0,0.08571429,109203.125,206010.5,0.0,0.0,0.0
1.0,434.0,4.0,1.0,1.0,0.5,0.08695652,0.13043478,29.97826,6.7826085,0.0,0.0,0.0,0.0,0.05263158,109203.125,206010.5,0.0,0.0,0.0
7.0,276.0,4.0,1.0,1.0,0.51282054,0.094017096,0.06837607,27.880342,9.145299,0.1923077,0.0,0.23076923,0.03846154,0.84615386,109203.125,206010.5,0.0,0.0,1.0
2.0,5.0010804e+07,4.0,1.0,0.0,0.53125,0.114583336,0.083333336,27.3125,5.25,0.1,0.2,0.45,,0.55,109203.125,206010.5,0.0,0.0,0.0
6.0,278.0,4.0,1.0,1.0,0.503876,0.10852713,0.12403101,31.387596,4.9224806,0.0,0.0,0.44444445,0.0,0.962963,109203.125,206010.5,0.0,0.0,1.0
7.0,275.0,4.0,1.0,1.0,0.43089432,0.10569106,0.08130081,26.439024,9.96748,0.08695652,0.0,0.73913044,0.04347826,1.0,109203.125,206010.5,0.0,0.0,1.0
7.0,274.0,4.0,1.0,1.0,0.46774194,0.06451613,0.08064516,29.588709,9.225806,0.07692308,0.0,0.6923077,0.07692308,0.9230769,109203.125,206010.5,0.0,0.0,1.0
7.0,52.0,1.0,4.0,0.0,0.47663552,0.11214953,0.06542056,28.037384,8.915888,0.73913044,0.3478261,0.9130435,0.6956522,1.0,137845.23,247795.16,0.0,0.0,1.0
1.0,105.0,1.0,4.0,1.0,0.47959185,0.14795919,0.096938774,25.540817,6.408163,0.0,0.0,0.0,0.0,0.41666666,137845.23,247795.16,0.0,0.0,0.0
3.0,101.0,1.0,4.0,0.0,0.44036698,0.12844037,0.055045873,25.100918,5.330275,0.0,0.041666668,0.041666668,0.041666668,0.5833333,137845.23,247795.16,0.0,0.0,0.0
4.0,25.0,1.0,4.0,1.0,0.4516129,0.14193548,0.11612903,25.929031,6.2645164,0.0,0.0,0.15384616,0.03846154,1.0,137845.23,247795.16,0.0,0.0,1.0
3.0,105.0,1.0,4.0,1.0,0.44047618,0.17261904,0.035714287,22.607143,5.5833335,0.0,0.0,0.0,0.0,0.56666666,137845.23,247795.16,0.0,0.0,0.0
7.0,1.0,1.0,4.0,1.0,0.42574257,0.14851485,0.10891089,28.326733,8.811881,0.0,0.0,0.0,0.0,0.90909094,137845.23,247795.16,0.0,0.0,1.0
4.0,26.0,1.0,4.0,1.0,0.4640523,0.078431375,0.09803922,27.143791,6.5686274,0.0,0.0,0.0,0.0,0.9310345,137845.23,247795.16,0.0,0.0,1.0
6.0,6.0,1.0,4.0,1.0,0.5035461,0.09929078,0.14184397,31.304964,6.106383,0.0,0.14814815,0.4814815,0.074074075,1.0,137845.23,247795.16,0.0,0.0,1.0
7.0,2.0,1.0,4.0,1.0,0.49618322,0.122137405,0.08396947,27.824427,10.274809,0.0,0.0,0.26923078,0.0,1.0,137845.23,247795.16,0.0,0.0,1.0
6.0,5.0,1.0,4.0,1.0,0.48305085,0.11016949,0.13559322,30.550848,4.661017,0.0,0.0,0.45833334,0.125,1.0,137845.23,247795.16,0.0,0.0,1.0
6.0,4.0,1.0,4.0,1.0,0.5206612,0.14876033,0.09917355,28.454546,5.016529,0.0,0.0,0.20833333,0.041666668,1.0,137845.23,247795.16,0.0,0.0,1.0
5.0,1.0,1.0,4.0,1.0,0.47058824,0.19327731,0.11764706,26.042017,4.9159665,0.0,0.03846154,0.0,0.0,0.8076923,137845.23,247795.16,0.0,0.0,1.0
6.0,8.0,1.0,4.0,1.0,0.5203252,0.09756097,0.08943089,26.780487,4.739837,0.07692308,0.0,0.30769232,0.07692308,0.96153843,137845.23,247795.16,0.0,0.0,1.0
6.0,1.0,1.0,4.0,1.0,0.5080645,0.14516129,0.088709675,25.508064,5.032258,0.0,0.0,0.5217391,0.0,0.95652175,137845.23,247795.16,0.0,0.0,1.0
3.0,106.0,1.0,4.0,1.0,0.49685535,0.1572327,0.025157232,22.408806,5.981132,0.0,0.0,0.0,0.0,0.21875,137845.23,247795.16,0.0,0.0,0.0
2.0,7.50429e+07,1.0,4.0,1.0,0.5,0.13934426,0.08196721,24.557377,7.180328,0.0,0.0,0.0,,0.3,137845.23,247795.16,0.0,0.0,0.0
4.0,23.0,1.0,4.0,1.0,0.47368422,0.11278196,0.09774436,26.68421,5.631579,0.0,0.0,0.19354838,0.0,0.87096775,137845.23,247795.16,0.0,0.0,1.0
2.0,7.504478e+07,1.0,4.0,1.0,0.4563107,0.16504854,0.048543688,21.708738,5.6407766,0.0,0.0,0.0,,0.7,137845.23,247795.16,0.0,0.0,0.0
6.0,2.0,1.0,4.0,1.0,0.5185185,0.11111111,0.08888889,27.577778,5.311111,0.0,0.0,0.21428572,0.0,1.0,137845.23,247795.16,0.0,0.0,1.0
5.0,34.0,1.0,4.0,0.0,0.50359714,0.1294964,0.10071942,28.589928,5.4892087,0.0,0.0,0.11111111,0.037037037,1.0,137845.23,247795.16,0.0,0.0,1.0
7.0,51.0,1.0,4.0,0.0,0.44615385,0.092307694,0.10769231,29.361538,10.0,0.0,0.033333335,0.93333334,0.36666667,1.0,137845.23,247795.16,0.0,0.0,1.0
7.0,3.0,1.0,4.0,1.0,0.45614034,0.0877193,0.114035085,30.280703,8.807017,0.0,0.0,0.0,0.0,1.0,137845.23,247795.16,0.0,0.0,1.0
6.0,7.0,1.0,4.0,0.0,0.52845526,0.08943089,0.12195122,29.373983,4.626016,0.0,0.0,0.47826087,0.0,1.0,137845.23,247795.16,0.0,0.0,1.0
5.0,4.0,1.0,4.0,1.0,0.5072464,0.16666667,0.08695652,26.833334,5.5507245,0.0,0.045454547,0.18181819,0.0,1.0,137845.23,247795.16,0.0,0.0,1.0
5.0,2.0,1.0,4.0,1.0,0.5033557,0.13422818,0.12751678,27.617449,5.8590603,0.0,0.0,0.037037037,0.037037037,0.8888889,137845.23,247795.16,0.0,0.0,1.0
1.0,106.0,1.0,4.0,1.0,0.5183246,0.14136125,0.036649216,23.057592,6.225131,0.0,0.0,0.0,0.0,0.34285715,137845.23,247795.16,0.0,0.0,0.0
7.0,4.0,1.0,4.0,1.0,0.484375,0.1171875,0.1328125,31.203125,14.46875,0.0,0.0,0.88461536,0.03846154,1.0,137845.23,247795.16,0.0,0.0,1.0
4.0,24.0,1.0,4.0,1.0,0.50641024,0.083333336,0.09615385,29.153847,5.8589745,0.0,0.0,0.0,0.0,1.0,137845.23,247795.16,0.0,0.0,1.0
3.0,107.0,1.0,4.0,1.0,0.4852941,0.14705883,0.10294118,25.55147,5.2352943,0.0,0.0,0.0,0.032258064,0.19354838,137845.23,247795.16,0.0,0.0,0.0
2.0,7.50428e+07,1.0,4.0,0.0,0.41346154,0.1923077,0.028846154,22.211538,5.923077,0.0,0.2,0.45,,0.5,137845.23,247795.16,0.0,0.0,0.0
5.0,44.0,1.0,4.0,0.0,0.4473684,0.14473684,0.09210526,27.736841,5.9210525,0.0,0.0,0.0,0.0,0.85714287,137845.23,247795.16,0.0,0.0,1.0
2.0,7.504851e+07,1.0,4.0,1.0,0.53608245,0.12371134,0.041237112,22.938145,5.329897,0.0,0.0,0.0,,0.15,137845.23,247795.16,0.0,0.0,0.0
1.0,101.0,1.0,4.0,0.0,0.5,0.14925373,0.07462686,24.27612,7.6119404,0.032258064,0.09677419,0.033333335,0.032258064,0.32258064,137845.23,247795.16,0.0,0.0,0.0
4.0,307.0,1.0,4.0,0.0,0.45859873,0.13375796,0.044585988,24.961784,6.4267516,0.0,0.06666667,0.8,0.33333334,1.0,137845.23,247795.16,0.0,0.0,1.0
6.0,3.0,1.0,4.0,0.0,0.55263156,0.114035085,0.02631579,26.18421,4.8421054,0.03846154,0.115384616,1.0,0.6923077,1.0,137845.23,247795.16,0.0,0.0,1.0
7.0,5.0,1.0,4.0,1.0,0.4680851,0.07446808,0.18085106,33.744682,8.425532,0.0,0.0,0.23076923,0.07692308,1.0,137845.23,247795.16,0.0,0.0,1.0
5.0,3.0,1.0,4.0,1.0,0.48235294,0.14705883,0.08235294,25.782352,7.964706,0.0,0.0,0.0,0.0,0.96428573,137845.23,247795.16,0.0,0.0,1.0
7.0,6.0,1.0,4.0,1.0,0.49612403,0.11627907,0.1007752,28.829458,9.751938,0.0,0.0,0.0,0.071428575,0.96428573,137845.23,247795.16,0.0,0.0,1.0
1.0,107.0,1.0,4.0,1.0,0.52970296,0.17821783,0.05940594,21.742575,6.207921,0.0,0.0,0.0,0.0,0.16666667,137845.23,247795.16,0.0,0.0,0.0
5.0,12.0,1.0,6.0,1.0,0.464,0.152,0.088,25.192,5.56,0.0,0.0,0.05263158,0.05263158,1.0,66725.055,182398.97,0.0,0.0,1.0
6.0,26.0,1.0,6.0,1.0,0.5069444,0.097222224,0.104166664,27.055555,5.5972223,0.0,0.0,0.33333334,0.0,1.0,66725.055,182398.97,0.0,0.0,1.0
5.0,9.0,1.0,6.0,1.0,0.48591548,0.112676054,0.06338028,25.133802,5.7042255,0.0,0.2857143,0.75,0.25,1.0,66725.055,182398.97,0.0,0.0,1.0
4.0,2.0,1.0,6.0,1.0,0.47398844,0.1618497,0.046242774,23.51445,6.5606937,0.027777778,0.027777778,0.6111111,0.055555556,1.0,66725.055,182398.97,0.0,0.0,1.0
7.0,68.0,1.0,6.0,0.0,0.5269461,0.08982036,0.14371258,32.371258,12.922155,0.0,0.3030303,1.0,0.75757575,1.0,66725.055,182398.97,0.0,0.0,1.0
5.0,7.0,1.0,6.0,1.0,0.5514706,0.18382353,0.09558824,25.691177,5.4558825,0.0,0.04,0.56,0.08,1.0,66725.055,182398.97,0.0,0.0,1.0
6.0,20.0,1.0,6.0,0.0,0.484375,0.1484375,0.09375,27.1875,5.15625,0.16666667,0.5,1.0,0.875,1.0,66725.055,182398.97,0.0,0.0,1.0
6.0,11.0,1.0,6.0,1.0,0.5112782,0.09022556,0.17293233,31.533834,5.6165414,0.0,0.0,0.45,0.05,1.0,66725.055,182398.97,0.0,0.0,1.0
2.0,5.069421e+06,1.0,6.0,1.0,0.43157893,0.2,0.094736844,22.578947,5.7789474,0.0,0.0,0.35,,0.7,66725.055,182398.97,0.0,0.0,0.0
6.0,22.0,1.0,6.0,0.0,0.49612403,0.17054264,0.046511628,23.341085,5.248062,0.0,0.31034482,0.9310345,0.4827586,1.0,66725.055,182398.97,0.0,0.0,1.0
2.0,5.066287e+06,1.0,6.0,1.0,0.537037,0.17592593,0.046296295,22.333334,6.314815,0.0,0.0,0.35,,0.75,66725.055,182398.97,0.0,0.0,0.0
4.0,7.0,1.0,6.0,1.0,0.48255813,0.1744186,0.058139537,22.976744,7.162791,0.07317073,0.09756097,0.09756097,0.09756097,1.0,66725.055,182398.97,0.0,0.0,1.0
5.0,11.0,1.0,6.0,1.0,0.51492536,0.14179105,0.06716418,24.686567,5.373134,0.0,0.04347826,0.5652174,0.0,0.95652175,66725.055,182398.97,0.0,0.0,1.0
7.0,13.0,1.0,6.0,1.0,0.516129,0.14838709,0.11612903,28.374193,12.941936,0.0,0.041666668,0.9166667,0.125,1.0,66725.055,182398.97,0.0,0.0,1.0
7.0,10.0,1.0,6.0,1.0,0.48447204,0.11801242,0.1552795,30.273293,12.062112,0.0,0.035714287,0.32142857,0.0,1.0,66725.055,182398.97,0.0,0.0,1.0
4.0,4.0,1.0,6.0,1.0,0.48128343,0.16042781,0.10695187,25.57754,7.5882354,0.028571429,0.028571429,0.6571429,0.028571429,1.0,66725.055,182398.97,0.0,0.0,1.0
5.0,13.0,1.0,6.0,1.0,0.51111114,0.11111111,0.096296296,28.533333,5.3703704,0.0,0.0,0.0,0.0,1.0,66725.055,182398.97,0.0,0.0,1.0
5.0,36.0,1.0,6.0,0.0,0.50793654,0.07936508,0.103174604,27.86508,5.142857,0.32,0.84,0.96,0.44,1.0,66725.055,182398.97,0.0,0.0,1.0
2.0,5.066959e+06,1.0,6.0,1.0,0.47457626,0.22033899,0.050847456,22.101694,7.2711864,0.0,0.0,0.25,,0.95,66725.055,182398.97,0.0,0.0,0.0
6.0,28.0,1.0,6.0,1.0,0.43165466,0.1438849,0.086330935,26.446043,5.6330934,0.0,0.0,0.5769231,0.0,1.0,66725.055,182398.97,0.0,0.0,1.0
3.0,119.0,1.0,6.0,1.0,0.48850575,0.15517241,0.057471264,21.62069,6.172414,0.0,0.033333335,0.2413793,0.033333335,0.73333335,66725.055,182398.97,0.0,0.0,0.0
6.0,12.0,1.0,6.0,1.0,0.48412699,0.12698413,0.11904762,27.452381,5.5238094,0.0,0.041666668,0.20833333,0.0,1.0,66725.055,182398.97,0.0,0.0,1.0
1.0,122.0,1.0,6.0,1.0,0.55440414,0.21761657,0.062176164,19.367876,7.165803,0.0,0.0,0.0,0.0,0.25,66725.055,182398.97,0.0,0.0,0.0
1.0,123.0,1.0,6.0,1.0,0.46969697,0.22222222,0.08585858,23.20202,6.737374,0.0,0.032258064,0.0,0.032258064,0.7419355,66725.055,182398.97,0.0,0.0,0.0
7.0,15.0,1.0,6.0,1.0,0.5,0.1491228,0.10526316,28.245613,10.280702,0.0,0.0,0.0,0.05263158,1.0,66725.055,182398.97,0.0,0.0,1.0
7.0,54.0,1.0,6.0,0.0,0.5069444,0.11111111,0.090277776,27.958334,13.305555,0.0,0.05882353,0.85294116,0.2647059,1.0,66725.055,182398.97,0.0,0.0,1.0
3.0,124.0,1.0,6.0,1.0,0.56,0.14666666,0.062222224,23.564444,6.6444445,0.0,0.069767445,0.18604651,0.023255814,0.7906977,66725.055,182398.97,0.0,0.0,0.0
6.0,19.0,1.0,6.0,0.0,0.44680852,0.09219858,0.09219858,28.829786,5.35461,0.09090909,0.3939394,1.0,0.72727275,1.0,66725.055,182398.97,0.0,0.0,1.0
2.0,5.065143e+06,1.0,6.0,1.0,0.43157893,0.12631579,0.07368421,22.263159,5.8,0.0,0.05,0.15,,0.85,66725.055,182398.97,0.0,0.0,0.0
1.0,124.0,1.0,6.0,1.0,0.5418502,0.14096916,0.08370044,25.171806,6.4801764,0.0,0.025,0.1,0.05,0.625,66725.055,182398.97,0.0,0.0,0.0
7.0,19.0,1.0,6.0,1.0,0.5065789,0.14473684,0.118421055,27.138159,11.0,0.0,0.0,0.71428573,0.0,1.0,66725.055,182398.97,0.0,0.0,1.0
3.0,121.0,1.0,6.0,1.0,0.5026455,0.12698413,0.08465608,25.555555,6.5026455,0.060606062,0.18181819,0.4848485,0.24242425,1.0,66725.055,182398.97,0.0,0.0,0.0
1.0,120.0,1.0,6.0,1.0,0.47179487,0.12820514,0.08717949,25.907692,6.1384616,0.0,0.083333336,0.16666667,0.0,0.4722222,66725.055,182398.97,0.0,0.0,0.0
5.0,10.0,1.0,6.0,1.0,0.48979592,0.15646258,0.108843535,26.537415,5.612245,0.0,0.15384616,0.30769232,0.0,1.0,66725.055,182398.97,0.0,0.0,1.0
5.0,6.0,1.0,6.0,1.0,0.4532374,0.12230216,0.035971224,24.273382,5.201439,0.074074075,0.6296296,0.8518519,0.5925926,1.0,66725.055,182398.97,0.0,0.0,1.0
5.0,35.0,1.0,6.0,0.0,0.4899329,0.147651,0.08053691,25.932886,6.328859,0.06666667,0.3,0.73333335,0.3,1.0,66725.055,182398.97,0.0,0.0,1.0
4.0,401.0,1.0,6.0,0.0,0.5297619,0.16666667,0.065476194,22.880953,6.714286,0.0,0.125,0.8125,0.1875,1.0,66725.055,182398.97,0.0,0.0,1.0
3.0,125.0,1.0,6.0,1.0,0.50993377,0.13245033,0.0794702,24.07947,6.1788077,0.037037037,0.037037037,0.18518518,0.037037037,0.7407407,66725.055,182398.97,0.0,0.0,0.0
7.0,12.0,1.0,6.0,1.0,0.45112783,0.11278196,0.15789473,31.015038,9.849624,0.0,0.0,0.42857143,0.035714287,1.0,66725.055,182398.97,0.0,0.0,1.0
2.0,5.061052e+06,1.0,6.0,1.0,0.49541286,0.21100917,0.06422018,22.40367,6.834862,0.0,0.0,0.0,,0.45,66725.055,182398.97,0.0,0.0,0.0
2.0,5.060727e+06,1.0,6.0,1.0,0.5,0.16101696,0.06779661,23.474577,7.0508475,0.0,0.05,0.35,,0.9,66725.055,182398.97,0.0,0.0,0.0
2.0,5.063681e+06,1.0,6.0,1.0,0.5508475,0.22033899,0.042372882,20.533897,6.5423727,0.0,0.0,0.0,,0.4,66725.055,182398.97,0.0,0.0,0.0
5.0,8.0,1.0,6.0,1.0,0.4522293,0.10828026,0.11464968,28.484076,5.942675,0.0,0.15384616,0.53846157,0.0,1.0,66725.055,182398.97,0.0,0.0,1.0
6.0,27.0,1.0,6.0,1.0,0.45038167,0.18320611,0.07633588,24.93893,5.7633586,0.0,0.04,0.2,0.0,1.0,66725.055,182398.97,0.0,0.0,1.0
6.0,30.0,1.0,6.0,1.0,0.4055944,0.11888112,0.09090909,27.293707,5.5174823,0.0,0.18518518,0.7407407,0.14814815,0.962963,66725.055,182398.97,0.0,0.0,1.0
6.0,29.0,1.0,6.0,1.0,0.4829932,0.18367347,0.12244898,25.14966,5.8435373,0.0,0.0,0.9166667,0.0,1.0,66725.055,182398.97,0.0,0.0,1.0
6.0,13.0,1.0,6.0,1.0,0.50617284,0.11111111,0.09259259,26.876543,6.345679,0.0,0.0,0.10714286,0.035714287,1.0,66725.055,182398.97,0.0,0.0,1.0
4.0,9.0,1.0,6.0,1.0,0.5185185,0.12962963,0.061728396,25.290123,6.2098765,0.0,0.030303031,0.030303031,0.030303031,1.0,66725.055,182398.97,0.0,0.0,1.0
6.0,17.0,1.0,6.0,0.0,0.41860464,0.1007752,0.054263566,28.20155,4.860465,0.12903225,0.48387095,0.9677419,0.83870965,1.0,66725.055,182398.97,0.0,0.0,1.0
6.0,16.0,1.0,6.0,1.0,0.44186047,0.1627907,0.07751938,23.44186,5.248062,0.0,0.0,0.46153846,0.0,1.0,66725.055,182398.97,0.0,0.0,1.0
6.0,23.0,1.0,6.0,0.0,0.49586776,0.16528925,0.07438017,24.991735,5.46281,0.12,0.56,1.0,0.72,1.0,66725.055,182398.97,0.0,0.0,1.0
6.0,9.0,1.0,6.0,1.0,0.5072464,0.0942029,0.1594203,30.463768,5.188406,0.0,0.041666668,0.875,0.041666668,1.0,66725.055,182398.97,0.0,0.0,1.0
7.0,7.0,1.0,6.0,1.0,0.4469697,0.13636364,0.060606062,25.310606,10.30303,0.0,0.0,0.8333333,0.1,1.0,66725.055,182398.97,0.0,0.0,1.0
4.0,301.0,1.0,6.0,0.0,0.5177305,0.07801419,0.07092199,28.64539,5.6666665,0.114285715,0.51428574,0.94285715,0.74285716,1.0,66725.055,182398.97,0.0,0.0,1.0
6.0,10.0,1.0,6.0,1.0,0.48951048,0.11888112,0.13986014,28.55944,6.076923,0.0,0.06896552,0.55172414,0.13793103,1.0,66725.055,182398.97,0.0,0.0,1.0
6.0,25.0,1.0,6.0,0.0,0.4822695,0.120567374,0.09929078,29.198582,5.5248227,0.0,0.15625,0.84375,0.40625,1.0,66725.055,182398.97,0.0,0.0,1.0
3.0,122.0,1.0,6.0,1.0,0.51336896,0.24064171,0.04812834,20.470589,8.390374,0.0,0.0,0.0,0.0,0.37931034,66725.055,182398.97,0.0,0.0,0.0
7.0,11.0,1.0,6.0,1.0,0.44375,0.13125,0.08125,25.1125,12.95,0.0,0.0,0.41935483,0.0,1.0,66725.055,182398.97,0.0,0.0,1.0
7.0,67.0,1.0,6.0,0.0,0.48466256,0.08588957,0.061349694,25.86503,12.11043,0.0,0.0,0.9310345,0.06896552,1.0,66725.055,182398.97,0.0,0.0,1.0
7.0,70.0,1.0,6.0,0.0,0.4909091,0.1,0.09090909,30.627274,8.945455,0.16666667,0.7083333,1.0,0.9583333,1.0,66725.055,182398.97,0.0,0.0,1.0
7.0,14.0,1.0,6.0,1.0,0.45394737,0.16447368,0.125,27.328947,12.026316,0.0,0.1,0.7,0.36666667,1.0,66725.055,182398.97,0.0,0.0,1.0
7.0,72.0,1.0,6.0,0.0,0.46451613,0.13548388,0.08387097,25.412903,13.174193,0.0,0.4375,1.0,0.75,1.0,66725.055,182398.97,0.0,0.0,1.0
1.0,103.0,1.0,6.0,0.0,0.5,0.16129032,0.04032258,22.516129,5.806452,0.41379312,0.0,0.13793103,0.0,0.13793103,66725.055,182398.97,0.0,0.0,0.0
4.0,5.0,1.0,6.0,1.0,0.4060606,0.16363636,0.07878788,24.309092,7.6545453,0.05263158,0.078947365,0.5263158,0.078947365,0.9736842,66725.055,182398.97,0.0,0.0,1.0
5.0,37.0,1.0,6.0,0.0,0.56084657,0.08994709,0.07936508,30.05291,7.5291004,0.09677419,0.9032258,1.0,0.9032258,1.0,66725.055,182398.97,0.0,0.0,1.0
2.0,5.065107e+06,1.0,6.0,0.0,0.56,0.08,0.08,27.12,5.86,0.9,0.35,0.95,,0.85,66725.055,182398.97,0.0,0.0,0.0
7.0,9.0,1.0,6.0,1.0,0.48091602,0.122137405,0.10687023,28.244274,10.274809,0.0,0.115384616,0.34615386,0.0,1.0,66725.055,182398.97,0.0,0.0,1.0
4.0,6.0,1.0,6.0,1.0,0.4764398,0.16753927,0.09424084,23.041885,7.628272,0.025,0.05,0.275,0.05,1.0,66725.055,182398.97,0.0,0.0,1.0
3.0,123.0,1.0,6.0,1.0,0.5,0.12921348,0.07865169,25.134832,6.224719,0.0,0.032258064,0.0,0.032258064,0.9032258,66725.055,182398.97,0.0,0.0,0.0
7.0,66.0,1.0,6.0,0.0,0.46825397,0.103174604,0.04761905,26.277779,9.809524,0.03448276,0.7241379,1.0,0.86206895,1.0,66725.055,182398.97,0.0,0.0,1.0
4.0,303.0,1.0,6.0,0.0,0.4214876,0.0661157,0.0661157,29.231405,5.1652894,0.0,0.8181818,0.95454544,0.8181818,1.0,66725.055,182398.97,0.0,0.0,1.0
4.0,8.0,1.0,6.0,1.0,0.5,0.16836734,0.091836736,24.010204,8.051021,0.02631579,0.02631579,0.10526316,0.078947365,1.0,66725.055,182398.97,0.0,0.0,1.0
5.0,38.0,1.0,6.0,0.0,0.44444445,0.0952381,0.0952381,30.031746,5.3333335,0.0,0.85714287,0.95238096,0.85714287,1.0,66725.055,182398.97,0.0,0.0,1.0
3.0,120.0,1.0,6.0,1.0,0.4491018,0.16167665,0.1017964,24.922155,5.502994,0.0,0.0882353,0.23529412,0.0,0.6764706,66725.055,182398.97,0.0,0.0,0.0
6.0,21.0,1.0,6.0,0.0,0.43703705,0.08148148,0.08888889,30.28148,5.6518517,0.41935483,0.7096774,1.0,1.0,1.0,66725.055,182398.97,0.0,0.0,1.0
7.0,8.0,1.0,6.0,1.0,0.37903225,0.12903225,0.11290322,28.056452,10.0,0.0,0.0,0.8333333,0.25,1.0,66725.055,182398.97,0.0,0.0,1.0
7.0,16.0,1.0,6.0,1.0,0.47651008,0.12080537,0.08053691,24.483221,11.208054,0.0,0.0,0.0,0.0,1.0,66725.055,182398.97,0.0,0.0,1.0
1.0,119.0,1.0,6.0,1.0,0.5119617,0.1770335,0.08133971,23.07177,6.837321,0.0,0.030303031,0.3939394,0.060606062,0.75757575,66725.055,182398.97,0.0,0.0,0.0
6.0,18.0,1.0,6.0,0.0,0.52,0.192,0.04,23.544,5.48,0.0,0.032258064,0.9354839,0.12903225,1.0,66725.055,182398.97,0.0,0.0,1.0
1.0,125.0,1.0,6.0,1.0,0.4611872,0.18721461,0.08675799,23.018265,8.452055,0.0,0.025,0.025,0.05,0.75,66725.055,182398.97,0.0,0.0,0.0
5.0,45.0,1.0,6.0,0.0,0.5,0.14788732,0.09154929,26.007042,5.6901407,0.0,0.14814815,0.4074074,0.037037037,1.0,66725.055,182398.97,0.0,0.0,1.0
2.0,5.065105e+06,1.0,6.0,0.0,0.5045045,0.09009009,0.072072074,24.522522,6.3873873,0.8,0.3,0.7,,0.95,66725.055,182398.97,0.0,0.0,0.0
7.0,53.0,1.0,6.0,0.0,0.4180328,0.04918033,0.13934426,33.098362,9.5737705,0.0,0.22580644,0.7741935,0.32258064,1.0,66725.055,182398.97,0.0,0.0,1.0
6.0,15.0,1.0,6.0,1.0,0.45695364,0.17218544,0.07284768,25.516556,5.490066,0.0,0.125,0.8125,0.21875,1.0,66725.055,182398.97,0.0,0.0,1.0
4.0,3.0,1.0,6.0,1.0,0.4117647,0.18954249,0.13071896,26.620914,5.9542484,0.0,0.06451613,0.41935483,0.09677419,1.0,66725.055,182398.97,0.0,0.0,1.0
7.0,17.0,1.0,6.0,1.0,0.44512194,0.11585366,0.07926829,25.25,12.682927,0.0,0.0,0.6086956,0.04347826,1.0,66725.055,182398.97,0.0,0.0,1.0
4.0,1.0,1.0,6.0,1.0,0.5090909,0.15151516,0.07272727,24.224243,6.478788,0.030303031,0.060606062,0.57575756,0.060606062,1.0,66725.055,182398.97,0.0,0.0,1.0
7.0,69.0,1.0,6.0,0.0,0.47933885,0.12396694,0.10743801,28.92562,9.107438,0.037037037,0.5185185,1.0,0.7777778,1.0,66725.055,182398.97,0.0,0.0,1.0
1.0,121.0,1.0,6.0,1.0,0.5124378,0.12437811,0.049751244,23.706469,7.0199003,0.030303031,0.121212125,0.27272728,0.15151516,0.8787879,66725.055,182398.97,0.0,0.0,0.0
2.0,5.065103e+06,1.0,6.0,0.0,0.42105263,0.18421052,0.09210526,24.921053,4.5,1.0,0.0,0.0,,0.0,66725.055,182398.97,0.0,0.0,0.0
3.0,103.0,1.0,6.0,0.0,0.52991456,0.21367522,0.025641026,20.615385,5.7521367,0.28,0.0,0.28,0.0,0.12,66725.055,182398.97,0.0,0.0,0.0
7.0,18.0,1.0,6.0,1.0,0.45652175,0.08695652,0.11594203,28.362318,11.565217,0.0,0.074074075,0.5555556,0.037037037,1.0,66725.055,182398.97,0.0,0.0,1.0
2.0,5.065101e+06,1.0,6.0,0.0,0.48598132,0.1682243,0.046728972,22.457945,6.1214952,0.95,0.15,0.85,,0.7,66725.055,182398.97,0.0,0.0,0.0
4.0,302.0,1.0,6.0,0.0,0.5555556,0.1,0.011111111,24.022223,6.088889,0.3529412,0.7647059,1.0,0.9411765,1.0,66725.055,182398.97,0.0,0.0,1.0
7.0,71.0,1.0,6.0,0.0,0.54477614,0.12686567,0.04477612,24.977612,10.179105,0.0,0.32142857,1.0,0.71428573,1.0,66725.055,182398.97,0.0,0.0,1.0
6.0,24.0,1.0,6.0,1.0,0.4527027,0.12837838,0.11486486,27.527027,5.635135,0.0,0.03448276,0.44827586,0.03448276,1.0,66725.055,182398.97,0.0,0.0,1.0
6.0,14.0,1.0,6.0,0.0,0.44604316,0.11510792,0.10071942,27.798561,5.244604,0.04,0.08,0.72,0.2,1.0,66725.055,182398.97,0.0,0.0,1.0
5.0,5.0,1.0,6.0,1.0,0.54913294,0.12716763,0.10982659,27.971098,6.4913297,0.0,0.125,0.25,0.0,1.0,66725.055,182398.97,0.0,0.0,1.0
7.0,22.0,1.0,9.0,1.0,0.5214286,0.114285715,0.071428575,24.285715,10.4,0.0,0.0,0.32142857,0.0,1.0,127785.76,245864.83,0.0,0.0,1.0
7.0,27.0,1.0,9.0,1.0,0.45299146,0.13675214,0.08547009,25.88889,10.341881,0.0,0.0,0.10344828,0.06896552,1.0,127785.76,245864.83,0.0,0.0,1.0
6.0,36.0,1.0,9.0,1.0,0.48603353,0.17877094,0.07821229,23.731844,6.765363,0.0,0.0,0.15151516,0.0,0.93939394,127785.76,245864.83,0.0,0.0,1.0
4.0,14.0,1.0,9.0,1.0,0.52791876,0.21319798,0.065989845,21.294416,7.436548,0.0,0.0,0.09375,0.0,0.8484849,127785.76,245864.83,0.0,0.0,1.0
1.0,126.0,1.0,9.0,1.0,0.5,0.16013072,0.0882353,23.977123,7.104575,0.0,0.2,0.2,0.044444446,0.73333335,127785.76,245864.83,0.0,0.0,0.0
4.0,12.0,1.0,9.0,1.0,0.5359116,0.160221,0.044198897,21.723757,6.9889503,0.0,0.0,0.0,0.0,0.625,127785.76,245864.83,0.0,0.0,1.0
2.0,5.099157e+06,1.0,9.0,1.0,0.53571427,0.16071428,0.071428575,25.589285,7.035714,0.0,0.0,0.0,,0.65,127785.76,245864.83,0.0,0.0,0.0
2.0,5.091814e+06,1.0,9.0,1.0,0.5954198,0.122137405,0.045801528,21.557251,7.1679387,0.05,0.15,0.15,,0.95,127785.76,245864.83,0.0,0.0,0.0
3.0,126.0,1.0,9.0,1.0,0.5123967,0.09090909,0.06198347,27.157024,7.5950413,0.52272725,0.6136364,0.95454544,0.8863636,0.97727275,127785.76,245864.83,0.0,0.0,0.0
5.0,15.0,1.0,9.0,1.0,0.50595236,0.20833333,0.05357143,21.761906,6.5,0.0,0.0,0.0,0.0,1.0,127785.76,245864.83,0.0,0.0,1.0
4.0,402.0,1.0,9.0,0.0,0.5026738,0.14973262,0.04812834,23.213903,6.828877,0.0,0.057142857,0.17142858,0.114285715,0.9142857,127785.76,245864.83,0.0,0.0,1.0
7.0,56.0,1.0,9.0,0.0,0.489011,0.12087912,0.093406595,26.84066,14.131868,0.0,0.027777778,0.9722222,0.22222222,1.0,127785.76,245864.83,0.0,0.0,1.0
3.0,127.0,1.0,9.0,1.0,0.375,0.0,0.0,25.25,8.0,0.0,0.05263158,0.27027026,0.10526316,0.7105263,127785.76,245864.83,0.0,0.0,0.0
1.0,104.0,1.0,9.0,0.0,0.53896105,0.097402595,0.051948052,24.564936,7.3506494,0.16129032,0.8064516,0.83870965,0.61290324,0.9354839,127785.76,245864.83,0.0,0.0,0.0
6.0,41.0,1.0,9.0,1.0,0.4566474,0.17919075,0.06358381,23.699423,6.271676,0.0,0.0,0.14814815,0.0,1.0,127785.76,245864.83,0.0,0.0,1.0
2.0,5.095476e+06,1.0,9.0,1.0,0.5543478,0.23913044,0.0,18.673914,5.2608695,0.0,0.0,0.0,,0.3,127785.76,245864.83,0.0,0.0,0.0
5.0,47.0,1.0,9.0,0.0,0.5406977,0.14534883,0.058139537,23.552326,6.7674417,0.0,0.0,0.125,0.0,1.0,127785.76,245864.83,0.0,0.0,1.0
3.0,129.0,1.0,9.0,1.0,0.5024155,0.12560387,0.06763285,24.164251,8.565217,0.023255814,0.093023255,0.6511628,0.30232558,0.90697676,127785.76,245864.83,0.0,0.0,0.0
2.0,5.092566e+06,1.0,9.0,1.0,0.4954955,0.0990991,0.018018018,22.378378,5.828829,0.0,0.15,0.6,,0.85,127785.76,245864.83,0.0,0.0,0.0
6.0,42.0,1.0,9.0,1.0,0.48026314,0.118421055,0.065789476,25.092106,5.618421,0.041666668,0.041666668,0.041666668,0.041666668,1.0,127785.76,245864.83,0.0,0.0,1.0
6.0,32.0,1.0,9.0,0.0,0.47297296,0.12837838,0.067567565,24.27027,6.6621623,0.0,0.12903225,0.87096775,0.12903225,1.0,127785.76,245864.83,0.0,0.0,1.0
4.0,11.0,1.0,9.0,1.0,0.46296296,0.12962963,0.08024691,25.030865,6.728395,0.0,0.03448276,0.13793103,0.03448276,0.7586207,127785.76,245864.83,0.0,0.0,1.0
1.0,127.0,1.0,9.0,1.0,0.47393364,0.15165877,0.061611373,23.14218,6.3270144,0.0,0.475,0.0,0.3,0.825,127785.76,245864.83,0.0,0.0,0.0
2.0,5.092928e+06,1.0,9.0,1.0,0.5151515,0.18181819,0.02020202,21.444445,5.3434343,0.0,0.0,0.0,,0.6,127785.76,245864.83,0.0,0.0,0.0
5.0,46.0,1.0,9.0,0.0,0.54140127,0.10191083,0.070063695,25.789808,6.1847134,0.0,0.12,0.44,0.04,0.96,127785.76,245864.83,0.0,0.0,1.0
3.0,104.0,1.0,9.0,0.0,0.46363637,0.11818182,0.045454547,24.827272,6.018182,0.04761905,0.23809524,0.71428573,0.3809524,0.9047619,127785.76,245864.83,0.0,0.0,0.0
5.0,18.0,1.0,9.0,1.0,0.47976878,0.17919075,0.046242774,21.17341,6.421965,0.0,0.035714287,0.035714287,0.035714287,0.89285713,127785.76,245864.83,0.0,0.0,1.0
4.0,13.0,1.0,9.0,1.0,0.4680851,0.10638298,0.07801419,25.156029,5.58156,0.0,0.0,0.0,0.0,0.9230769,127785.76,245864.83,0.0,0.0,1.0
6.0,34.0,1.0,9.0,1.0,0.52991456,0.13675214,0.15384616,29.666666,4.6239314,0.0,0.14285715,0.7619048,0.14285715,1.0,127785.76,245864.83,0.0,0.0,1.0
2.0,5.091801e+06,1.0,9.0,0.0,0.518797,0.09774436,0.037593983,22.947369,7.571429,0.05,0.15,0.65,,0.95,127785.76,245864.83,0.0,0.0,0.0
5.0,39.0,1.0,9.0,0.0,0.42682928,0.09146342,0.048780486,25.365854,6.109756,0.0,0.6764706,0.9411765,0.7352941,1.0,127785.76,245864.83,0.0,0.0,1.0
6.0,39.0,1.0,9.0,1.0,0.5179856,0.12230216,0.043165468,24.014389,5.3021584,0.0,0.0,0.16666667,0.0,0.45833334,127785.76,245864.83,0.0,0.0,1.0
7.0,24.0,1.0,9.0,1.0,0.42857143,0.17142858,0.071428575,23.357143,12.085714,0.0,0.0,0.0,0.0,1.0,127785.76,245864.83,0.0,0.0,1.0
6.0,40.0,1.0,9.0,1.0,0.46153846,0.13286713,0.10489511,26.16084,5.7552447,0.0,0.0,0.71428573,0.0952381,1.0,127785.76,245864.83,0.0,0.0,1.0
1.0,129.0,1.0,9.0,1.0,0.49519232,0.14423077,0.0625,24.076923,6.4903846,0.0,0.16216215,0.45945945,0.027027028,0.8918919,127785.76,245864.83,0.0,0.0,0.0
5.0,14.0,1.0,9.0,1.0,0.41958043,0.13286713,0.034965035,21.286713,5.3636365,0.03448276,0.0,0.13793103,0.0,0.9655172,127785.76,245864.83,0.0,0.0,1.0
6.0,31.0,1.0,9.0,0.0,0.47407407,0.1037037,0.05925926,25.251852,5.237037,0.041666668,0.8333333,1.0,0.875,1.0,127785.76,245864.83,0.0,0.0,1.0
7.0,25.0,1.0,9.0,1.0,0.4857143,0.12142857,0.092857145,25.62857,11.828571,0.0,0.0,0.2962963,0.0,1.0,127785.76,245864.83,0.0,0.0,1.0
4.0,304.0,1.0,9.0,0.0,0.48322147,0.16778524,0.053691275,22.932886,6.033557,0.0,0.24,0.64,0.36,1.0,127785.76,245864.83,0.0,0.0,1.0
7.0,58.0,1.0,9.0,0.0,0.5276074,0.1411043,0.09815951,27.90184,12.625767,0.0,0.0,0.5,0.16666667,0.96666664,127785.76,245864.83,0.0,0.0,1.0
5.0,17.0,1.0,9.0,1.0,0.47972974,0.19594595,0.06081081,22.912163,5.716216,0.0,0.037037037,0.14814815,0.0,0.962963,127785.76,245864.83,0.0,0.0,1.0
6.0,37.0,1.0,9.0,0.0,0.47435898,0.09615385,0.057692308,24.903847,5.8846154,0.0,0.035714287,0.5,0.2857143,1.0,127785.76,245864.83,0.0,0.0,1.0
6.0,33.0,1.0,9.0,1.0,0.48076922,0.13461539,0.06410257,24.128204,6.179487,0.0,0.03846154,0.65384614,0.0,1.0,127785.76,245864.83,0.0,0.0,1.0
7.0,29.0,1.0,9.0,1.0,0.566879,0.10191083,0.13375796,28.114649,14.203821,0.0,0.0,0.4516129,0.032258064,1.0,127785.76,245864.83,0.0,0.0,1.0
5.0,16.0,1.0,9.0,1.0,0.49142858,0.18285714,0.08,22.742857,7.0114284,0.0,0.0,0.0,0.0,0.9032258,127785.76,245864.83,0.0,0.0,1.0
6.0,44.0,1.0,9.0,1.0,0.5244755,0.13286713,0.10489511,26.874126,5.5314684,0.0,0.115384616,0.03846154,0.03846154,0.8076923,127785.76,245864.83,0.0,0.0,1.0
7.0,28.0,1.0,9.0,1.0,0.5067568,0.13513513,0.074324325,25.358109,12.864865,0.0,0.0,0.2580645,0.0,1.0,127785.76,245864.83,0.0,0.0,1.0
7.0,57.0,1.0,9.0,0.0,0.48872182,0.16541353,0.11278196,25.8797,10.781955,0.0,0.0,0.1923077,0.115384616,1.0,127785.76,245864.83,0.0,0.0,1.0
6.0,35.0,1.0,9.0,1.0,0.43312103,0.15923567,0.0955414,25.617834,6.745223,0.0,0.0,0.516129,0.0,0.9677419,127785.76,245864.83,0.0,0.0,1.0
7.0,55.0,1.0,9.0,0.0,0.45652175,0.0942029,0.07971015,31.007246,10.753623,0.0,0.38709676,1.0,0.9677419,1.0,127785.76,245864.83,0.0,0.0,1.0
5.0,20.0,1.0,9.0,1.0,0.4566929,0.13385826,0.03937008,23.700787,5.031496,0.0,0.0,0.0,0.0,0.46153846,127785.76,245864.83,0.0,0.0,1.0
4.0,10.0,1.0,9.0,1.0,0.5027322,0.2021858,0.043715846,21.043716,7.0546446,0.0,0.0,0.4,0.0,0.94285715,127785.76,245864.83,0.0,0.0,1.0
4.0,15.0,1.0,9.0,1.0,0.5,0.17010309,0.067010306,22.86598,7.85567,0.0,0.0,0.1388889,0.0,0.5555556,127785.76,245864.83,0.0,0.0,1.0
5.0,40.0,1.0,9.0,0.0,0.4682081,0.10982659,0.05202312,24.18497,6.4566474,0.0,0.41935483,0.7419355,0.32258064,1.0,127785.76,245864.83,0.0,0.0,1.0
7.0,26.0,1.0,9.0,1.0,0.47058824,0.14379086,0.05882353,24.27451,11.986928,0.0,0.0,0.13333334,0.06666667,1.0,127785.76,245864.83,0.0,0.0,1.0
3.0,128.0,1.0,9.0,1.0,0.51724136,0.19211823,0.044334974,21.256157,6.871921,0.0,0.04761905,0.071428575,0.0,0.3809524,127785.76,245864.83,0.0,0.0,0.0
5.0,19.0,1.0,9.0,1.0,0.50931674,0.14906833,0.08695652,25.832298,6.8136644,0.0,0.0,0.03846154,0.03846154,0.96153843,127785.76,245864.83,0.0,0.0,1.0
7.0,20.0,1.0,9.0,1.0,0.5294118,0.11764706,0.084033616,24.630253,11.210084,0.0,0.0,0.0,0.0,1.0,127785.76,245864.83,0.0,0.0,1.0
3.0,127.0,1.0,9.0,1.0,0.4904762,0.13809524,0.033333335,22.266666,7.409524,0.0,0.05263158,0.27027026,0.10526316,0.7105263,127785.76,245864.83,0.0,0.0,0.0
7.0,21.0,1.0,9.0,1.0,0.5769231,0.115384616,0.1,26.946154,12.246154,0.0,0.0,0.0,0.0,0.95652175,127785.76,245864.83,0.0,0.0,1.0
7.0,23.0,1.0,9.0,1.0,0.49655172,0.15172414,0.062068965,26.213793,16.124138,0.0,0.0,0.19354838,0.0,0.9354839,127785.76,245864.83,0.0,0.0,1.0
1.0,128.0,1.0,9.0,1.0,0.4921875,0.17578125,0.06640625,22.074219,7.3046875,0.022727273,0.045454547,0.023255814,0.0,0.25,127785.76,245864.83,0.0,0.0,0.0
6.0,38.0,1.0,9.0,1.0,0.5289855,0.13043478,0.10869565,25.130434,5.4492755,0.0,0.0,0.1,0.0,0.9,127785.76,245864.83,0.0,0.0,1.0
6.0,43.0,1.0,9.0,0.0,0.49242425,0.14393939,0.07575758,25.507576,5.121212,0.0,0.0,0.20833333,0.0,0.8333333,127785.76,245864.83,0.0,0.0,1.0
7.0,359.0,5.0,10.0,1.0,0.50961536,0.07692308,0.09615385,29.10577,8.153846,0.0,0.0,0.6666667,0.20833333,1.0,180790.84,65552.195,1.0,1.0,1.0
6.0,372.0,5.0,10.0,0.0,0.4857143,0.114285715,0.06428572,26.492857,5.1,0.05882353,0.32352942,0.88235295,0.32352942,1.0,180790.84,65552.195,1.0,1.0,1.0
7.0,365.0,5.0,10.0,1.0,0.4369748,0.1092437,0.075630255,27.142857,10.201681,0.0,0.0,0.9130435,0.04347826,1.0,180790.84,65552.195,1.0,1.0,1.0
2.0,1.0104067e+07,5.0,10.0,1.0,0.5555556,0.14444445,0.044444446,23.233334,5.111111,0.0,0.0,0.2,,1.0,180790.84,65552.195,1.0,1.0,0.0
6.0,363.0,5.0,10.0,1.0,0.42105263,0.15037593,0.082706764,26.827068,5.6165414,0.0,0.1923077,0.3846154,0.03846154,1.0,180790.84,65552.195,1.0,1.0,1.0
7.0,368.0,5.0,10.0,1.0,0.4871795,0.07692308,0.05982906,29.316238,9.179487,0.037037037,0.0,0.074074075,0.18518518,1.0,180790.84,65552.195,1.0,1.0,1.0
3.0,548.0,5.0,10.0,1.0,0.46153846,0.15384616,0.07100592,23.72781,5.781065,0.0,0.027777778,0.0,0.0,0.7222222,180790.84,65552.195,1.0,1.0,0.0
3.0,546.0,5.0,10.0,1.0,0.4888889,0.15555556,0.08888889,24.688889,5.0740743,0.0,0.0,0.0,0.0,0.88461536,180790.84,65552.195,1.0,1.0,0.0
3.0,544.0,5.0,10.0,1.0,0.48255813,0.12790698,0.069767445,25.738373,5.3023257,0.0,0.06666667,0.022222223,0.044444446,0.8666667,180790.84,65552.195,1.0,1.0,0.0
1.0,508.0,5.0,10.0,0.0,0.4909091,0.10909091,0.054545455,24.309092,6.163636,0.0,0.2631579,0.68421054,0.42105263,1.0,180790.84,65552.195,1.0,1.0,0.0
5.0,250.0,5.0,10.0,1.0,0.52238804,0.1119403,0.1119403,29.708956,5.7014923,0.0,0.0,0.115384616,0.0,1.0,180790.84,65552.195,1.0,1.0,1.0
4.0,157.0,5.0,10.0,1.0,0.44927537,0.123188406,0.06521739,26.224638,5.826087,0.0,0.25714287,0.62857145,0.028571429,1.0,180790.84,65552.195,1.0,1.0,1.0
6.0,374.0,5.0,10.0,1.0,0.5471698,0.0754717,0.13207547,32.66981,4.207547,0.05263158,0.0,0.05263158,0.0,1.0,180790.84,65552.195,1.0,1.0,1.0
4.0,160.0,5.0,10.0,1.0,0.4871795,0.17094018,0.051282052,24.0,4.3846154,0.0,0.06666667,0.16666667,0.033333335,0.93333334,180790.84,65552.195,1.0,1.0,1.0
6.0,367.0,5.0,10.0,0.0,0.5,0.09677419,0.05645161,27.580645,5.080645,0.035714287,0.32142857,0.8214286,0.32142857,1.0,180790.84,65552.195,1.0,1.0,1.0
5.0,247.0,5.0,10.0,1.0,0.459854,0.124087594,0.0729927,27.79562,5.817518,0.0,0.14285715,0.71428573,0.21428572,1.0,180790.84,65552.195,1.0,1.0,1.0
6.0,365.0,5.0,10.0,1.0,0.5,0.12686567,0.08955224,27.649254,5.716418,0.0,0.045454547,0.4090909,0.09090909,1.0,180790.84,65552.195,1.0,1.0,1.0
1.0,549.0,5.0,10.0,1.0,0.45806453,0.16129032,0.025806451,21.593548,5.116129,0.0,0.0,0.38235295,0.0,0.2647059,180790.84,65552.195,1.0,1.0,0.0
1.0,509.0,5.0,10.0,0.0,0.4402985,0.14179105,0.02238806,22.27612,7.0,0.0,0.15384616,0.7307692,0.6923077,0.6923077,180790.84,65552.195,1.0,1.0,0.0
6.0,371.0,5.0,10.0,1.0,0.5116279,0.10852713,0.1007752,29.387596,5.031008,0.0,0.03448276,0.4827586,0.0,1.0,180790.84,65552.195,1.0,1.0,1.0
6.0,373.0,5.0,10.0,1.0,0.4814815,0.11851852,0.05185185,26.192593,4.9555554,0.0,0.14285715,0.75,0.035714287,1.0,180790.84,65552.195,1.0,1.0,1.0
1.0,546.0,5.0,10.0,1.0,0.490099,0.16831683,0.04950495,23.40099,6.5643563,0.0,0.0,0.0,0.0,0.8235294,180790.84,65552.195,1.0,1.0,0.0
5.0,246.0,5.0,10.0,1.0,0.5074627,0.09701493,0.04477612,27.947762,5.2985077,0.0,0.21875,0.65625,0.0625,0.96875,180790.84,65552.195,1.0,1.0,1.0
5.0,309.0,5.0,10.0,0.0,0.47619048,0.15238096,0.04761905,26.0,4.447619,0.09090909,0.54545456,1.0,0.95454544,1.0,180790.84,65552.195,1.0,1.0,1.0
4.0,162.0,5.0,10.0,1.0,0.4848485,0.1030303,0.07272727,25.745455,6.369697,0.0,0.16666667,0.3888889,0.11111111,1.0,180790.84,65552.195,1.0,1.0,1.0
6.0,361.0,5.0,10.0,0.0,0.5307692,0.1,0.046153847,25.292307,5.1538463,0.25,0.71428573,1.0,0.8214286,1.0,180790.84,65552.195,1.0,1.0,1.0
1.0,545.0,5.0,10.0,1.0,0.546875,0.114583336,0.041666668,22.947916,5.9166665,0.0,0.027027028,0.3243243,0.10810811,1.0,180790.84,65552.195,1.0,1.0,0.0
7.0,361.0,5.0,10.0,1.0,0.48214287,0.17857143,0.08928572,25.526785,9.107142,0.0,0.037037037,0.5925926,0.0,1.0,180790.84,65552.195,1.0,1.0,1.0
1.0,544.0,5.0,10.0,1.0,0.48,0.08571429,0.08,27.931429,5.16,0.0,0.14634146,0.024390243,0.048780486,0.80487806,180790.84,65552.195,1.0,1.0,0.0
4.0,159.0,5.0,10.0,1.0,0.5,0.16923077,0.08461539,24.938461,4.9692307,0.0,0.09375,0.4375,0.09375,0.9375,180790.84,65552.195,1.0,1.0,1.0
5.0,249.0,5.0,10.0,1.0,0.49056605,0.13207547,0.028301887,24.09434,4.3396225,0.0,0.03448276,0.27586207,0.0,1.0,180790.84,65552.195,1.0,1.0,1.0
7.0,369.0,5.0,10.0,1.0,0.5114504,0.06870229,0.091603056,30.312977,10.21374,0.0,0.06451613,0.48387095,0.06451613,1.0,180790.84,65552.195,1.0,1.0,1.0
5.0,248.0,5.0,10.0,1.0,0.4796748,0.09756097,0.08943089,27.943089,4.5609756,0.0,0.09090909,0.54545456,0.13636364,1.0,180790.84,65552.195,1.0,1.0,1.0
3.0,549.0,5.0,10.0,1.0,0.54,0.18,0.046666667,21.626667,5.0933332,0.0,0.0,0.4516129,0.0,0.71875,180790.84,65552.195,1.0,1.0,0.0
7.0,419.0,5.0,10.0,0.0,0.5,0.094827585,0.12068965,32.982758,9.379311,0.84,0.56,1.0,0.96,1.0,180790.84,65552.195,1.0,1.0,1.0
3.0,547.0,5.0,10.0,1.0,0.5273973,0.11643836,0.047945205,23.732876,5.232877,0.0,0.0,0.36363637,0.0,0.7352941,180790.84,65552.195,1.0,1.0,0.0
7.0,360.0,5.0,10.0,1.0,0.45454547,0.1322314,0.14876033,31.545454,10.363636,0.0,0.0,0.0,0.13636364,1.0,180790.84,65552.195,1.0,1.0,1.0
2.0,1.0108803e+07,5.0,10.0,0.0,0.5483871,0.043010753,0.05376344,26.419355,5.344086,0.0,0.2,0.8,,0.9,180790.84,65552.195,1.0,1.0,0.0
4.0,163.0,5.0,10.0,1.0,0.5067568,0.18243243,0.0472973,23.202703,5.972973,0.0,0.0,0.032258064,0.032258064,1.0,180790.84,65552.195,1.0,1.0,1.0
6.0,364.0,5.0,10.0,1.0,0.44827586,0.12068965,0.15517241,31.62931,4.5172415,0.0,0.16666667,0.6666667,0.083333336,1.0,180790.84,65552.195,1.0,1.0,1.0
6.0,368.0,5.0,10.0,1.0,0.5070422,0.1056338,0.06338028,25.690142,6.450704,0.0,0.05882353,0.47058824,0.0,1.0,180790.84,65552.195,1.0,1.0,1.0
7.0,366.0,5.0,10.0,1.0,0.47413793,0.10344828,0.04310345,25.172413,9.379311,0.0,0.42307693,0.88461536,0.3846154,1.0,180790.84,65552.195,1.0,1.0,1.0
5.0,295.0,5.0,10.0,0.0,0.4861111,0.097222224,0.104166664,27.319445,5.5694447,0.0,0.37931034,0.62068963,0.10344828,0.9655172,180790.84,65552.195,1.0,1.0,1.0
3.0,545.0,5.0,10.0,1.0,0.50757575,0.121212125,0.022727273,23.234848,5.712121,0.0,0.027777778,0.31428573,0.055555556,0.8888889,180790.84,65552.195,1.0,1.0,0.0
7.0,364.0,5.0,10.0,1.0,0.4854369,0.1262136,0.116504855,28.38835,8.097087,0.0,0.0,0.45,0.05,1.0,180790.84,65552.195,1.0,1.0,1.0
6.0,370.0,5.0,10.0,1.0,0.5966387,0.084033616,0.05042017,28.134455,5.117647,0.041666668,0.375,0.9166667,0.375,1.0,180790.84,65552.195,1.0,1.0,1.0
6.0,360.0,5.0,10.0,0.0,0.45081967,0.09016393,0.07377049,29.557377,5.2786884,0.2962963,0.6296296,1.0,1.0,1.0,180790.84,65552.195,1.0,1.0,1.0
7.0,367.0,5.0,10.0,1.0,0.45689654,0.12931034,0.06896552,26.741379,9.103448,0.0,0.0,0.0,0.071428575,1.0,180790.84,65552.195,1.0,1.0,1.0
4.0,161.0,5.0,10.0,1.0,0.47826087,0.09565217,0.069565214,27.234783,4.3913045,0.0,0.0,0.0,0.0,1.0,180790.84,65552.195,1.0,1.0,1.0
1.0,548.0,5.0,10.0,1.0,0.49717513,0.18079096,0.028248588,20.293785,5.112994,0.0,0.025,0.0,0.0,0.425,180790.84,65552.195,1.0,1.0,0.0
6.0,366.0,5.0,10.0,1.0,0.4876033,0.07438017,0.08264463,28.966942,4.619835,0.04,0.12,0.64,0.08,1.0,180790.84,65552.195,1.0,1.0,1.0
4.0,158.0,5.0,10.0,1.0,0.46153846,0.16153847,0.07692308,26.23077,4.9692307,0.0,0.29032257,0.4,0.12903225,0.9677419,180790.84,65552.195,1.0,1.0,1.0
2.0,1.0103313e+07,5.0,10.0,1.0,0.5268817,0.11827957,0.05376344,23.688171,5.5591397,0.0,0.0,0.35,,0.7,180790.84,65552.195,1.0,1.0,0.0
6.0,362.0,5.0,10.0,0.0,0.504,0.136,0.032,24.576,4.936,0.0,0.1724138,0.9310345,0.55172414,1.0,180790.84,65552.195,1.0,1.0,1.0
2.0,1.0100602e+07,5.0,10.0,0.0,0.43564355,0.10891089,0.04950495,23.831684,6.90099,0.0,0.35,0.65,,1.0,180790.84,65552.195,1.0,1.0,0.0
6.0,369.0,5.0,10.0,1.0,0.5271318,0.15503876,0.07751938,25.04651,5.4806204,0.0,0.0,0.27272728,0.0,1.0,180790.84,65552.195,1.0,1.0,1.0
7.0,418.0,5.0,10.0,0.0,0.48039216,0.11764706,0.05882353,26.843138,9.019608,0.54545456,0.36363637,1.0,0.8636364,1.0,180790.84,65552.195,1.0,1.0,1.0
4.0,330.0,5.0,10.0,0.0,0.49305555,0.14583333,0.083333336,26.534721,6.236111,0.0,0.75,0.9142857,0.6111111,0.9722222,180790.84,65552.195,1.0,1.0,1.0
3.0,508.0,5.0,10.0,0.0,0.4878049,0.13414635,0.036585364,24.817074,5.3170733,0.1,0.3,0.55,0.55,0.95,180790.84,65552.195,1.0,1.0,0.0
2.0,1.0109463e+07,5.0,10.0,1.0,0.5050505,0.09090909,0.08080808,24.737373,5.4444447,0.0,0.0,0.0,,0.9,180790.84,65552.195,1.0,1.0,0.0
4.0,415.0,5.0,10.0,0.0,0.4829932,0.12244898,0.054421768,25.095238,6.727891,0.0,0.3548387,0.7419355,0.4516129,1.0,180790.84,65552.195,1.0,1.0,1.0
7.0,420.0,5.0,10.0,0.0,0.50359714,0.107913665,0.10071942,29.15108,11.52518,0.071428575,0.035714287,1.0,0.64285713,1.0,180790.84,65552.195,1.0,1.0,1.0
7.0,422.0,5.0,10.0,0.0,0.48387095,0.09677419,0.07258064,27.362904,9.580646,0.06666667,0.2,0.93333334,0.53333336,1.0,180790.84,65552.195,1.0,1.0,1.0
7.0,362.0,5.0,10.0,1.0,0.51754385,0.05263158,0.13157895,31.105263,8.947369,0.0,0.0,0.3043478,0.04347826,1.0,180790.84,65552.195,1.0,1.0,1.0
7.0,421.0,5.0,10.0,0.0,0.50877196,0.0877193,0.1754386,33.236843,9.017544,0.041666668,0.083333336,1.0,0.20833333,1.0,180790.84,65552.195,1.0,1.0,1.0
5.0,296.0,5.0,10.0,0.0,0.53125,0.2109375,0.03125,22.898438,4.703125,0.121212125,0.121212125,0.5151515,0.09090909,1.0,180790.84,65552.195,1.0,1.0,1.0
3.0,509.0,5.0,10.0,0.0,0.5555556,0.1574074,0.046296295,22.731482,5.4814816,0.04,0.08,0.6,0.32,0.76,180790.84,65552.195,1.0,1.0,0.0
2.0,1.0102795e+07,5.0,10.0,1.0,0.50574714,0.13793103,0.03448276,23.252874,4.954023,0.0,0.0,0.0,,0.85,180790.84,65552.195,1.0,1.0,0.0
2.0,1.010671e+07,5.0,10.0,1.0,0.5104167,0.15625,0.010416667,20.302084,5.25,0.0,0.0,0.05,,0.55,180790.84,65552.195,1.0,1.0,0.0
2.0,1.0102025e+07,5.0,10.0,1.0,0.5247525,0.14851485,0.03960396,22.90099,6.207921,0.0,0.0,0.1,,0.6,180790.84,65552.195,1.0,1.0,0.0
1.0,547.0,5.0,10.0,1.0,0.47540984,0.17486338,0.043715846,22.0,5.601093,0.0,0.078947365,0.21052632,0.0,0.7631579,180790.84,65552.195,1.0,1.0,0.0
6.0,359.0,5.0,10.0,1.0,0.45925927,0.1037037,0.096296296,29.481482,5.0296297,0.0,0.33333334,0.8148148,0.18518518,1.0,180790.84,65552.195,1.0,1.0,1.0
7.0,363.0,5.0,10.0,1.0,0.48623854,0.08256881,0.119266056,31.541285,8.201835,0.11111111,0.0,0.7777778,0.18518518,1.0,180790.84,65552.195,1.0,1.0,1.0
2.0,1.0108131e+07,5.0,10.0,1.0,0.44578314,0.18072289,0.072289154,24.337349,4.807229,0.0,0.0,0.05,,0.65,180790.84,65552.195,1.0,1.0,0.0
7.0,334.0,4.0,18.0,0.0,0.536,0.104,0.04,27.344,9.616,0.033333335,0.1,0.8333333,0.13333334,0.93333334,143417.75,130166.33,0.0,0.0,1.0
3.0,416.0,4.0,18.0,1.0,0.5443038,0.17088607,0.056962024,22.075949,5.556962,0.0,0.0,0.0,0.0,0.3125,143417.75,130166.33,0.0,0.0,0.0
2.0,5.5180772e+07,4.0,18.0,1.0,0.5231788,0.1589404,0.0794702,23.370861,9.357615,0.0,0.1,0.0,,0.4,143417.75,130166.33,0.0,0.0,0.0
5.0,234.0,4.0,18.0,0.0,0.4715447,0.1300813,0.07317073,27.569105,4.4634147,0.0,0.4814815,0.6666667,0.5555556,1.0,143417.75,130166.33,0.0,0.0,1.0
5.0,195.0,4.0,18.0,1.0,0.52307695,0.14615385,0.03846154,24.2,4.6307693,0.0,0.13333334,0.56666666,0.13333334,0.96666664,143417.75,130166.33,0.0,0.0,1.0
4.0,149.0,4.0,18.0,1.0,0.5365854,0.13821138,0.08130081,25.707317,5.227642,0.0,0.0,0.27272728,0.09090909,0.8484849,143417.75,130166.33,0.0,0.0,1.0
4.0,148.0,4.0,18.0,1.0,0.4649123,0.13157895,0.02631579,24.868422,4.5263157,0.0,0.03125,0.59375,0.21875,1.0,143417.75,130166.33,0.0,0.0,1.0
7.0,281.0,4.0,18.0,1.0,0.48412699,0.0952381,0.11904762,29.436508,10.380953,0.0,0.0,0.6451613,0.12903225,1.0,143417.75,130166.33,0.0,0.0,1.0
5.0,243.0,4.0,18.0,0.0,0.56153846,0.10769231,0.06153846,25.976923,5.1076922,0.0,0.625,0.875,0.46875,0.9375,143417.75,130166.33,0.0,0.0,1.0
6.0,284.0,4.0,18.0,1.0,0.4649123,0.114035085,0.03508772,25.59649,4.245614,0.0,0.0,0.6333333,0.13333334,1.0,143417.75,130166.33,0.0,0.0,1.0
1.0,416.0,4.0,18.0,1.0,0.48095238,0.16666667,0.071428575,23.323809,7.438095,0.02173913,0.0,0.02173913,0.0,0.26086956,143417.75,130166.33,0.0,0.0,0.0
3.0,406.0,4.0,18.0,0.0,0.5268817,0.12903225,0.086021505,25.55914,4.5053763,0.0,0.041666668,0.33333334,0.041666668,0.875,143417.75,130166.33,0.0,0.0,0.0
6.0,286.0,4.0,18.0,1.0,0.5116279,0.1007752,0.08527132,28.984497,4.9379845,0.0,0.030303031,0.060606062,0.36363637,0.969697,143417.75,130166.33,0.0,0.0,1.0
6.0,283.0,4.0,18.0,0.0,0.45378152,0.084033616,0.05882353,28.033613,4.9663863,0.8214286,0.2857143,0.96428573,0.8214286,1.0,143417.75,130166.33,0.0,0.0,1.0
6.0,287.0,4.0,18.0,1.0,0.49612403,0.11627907,0.093023255,28.589148,5.0775194,0.0,0.0,0.47826087,0.13043478,1.0,143417.75,130166.33,0.0,0.0,1.0
4.0,328.0,4.0,18.0,0.0,0.5132743,0.097345136,0.044247787,28.566372,4.0973454,0.7096774,0.5483871,0.9354839,0.7419355,1.0,143417.75,130166.33,0.0,0.0,1.0
5.0,196.0,4.0,18.0,1.0,0.472,0.088,0.056,27.152,4.792,0.0,0.22580644,0.41935483,0.16129032,0.9354839,143417.75,130166.33,0.0,0.0,1.0
7.0,333.0,4.0,18.0,0.0,0.45528457,0.08130081,0.15447155,33.382114,9.642277,0.2962963,0.5185185,1.0,0.9259259,1.0,143417.75,130166.33,0.0,0.0,1.0
3.0,415.0,4.0,18.0,1.0,0.53488374,0.14418605,0.06511628,23.055815,7.3627906,0.0,0.07317073,0.0,0.17073171,0.4390244,143417.75,130166.33,0.0,0.0,0.0
7.0,282.0,4.0,18.0,1.0,0.49673203,0.15686275,0.08496732,27.477123,11.751634,0.0,0.0,0.1875,0.15625,1.0,143417.75,130166.33,0.0,0.0,1.0
4.0,150.0,4.0,18.0,1.0,0.56643355,0.14685315,0.06993007,26.34965,5.2937064,0.0,0.033333335,0.73333335,0.23333333,0.8666667,143417.75,130166.33,0.0,0.0,1.0
7.0,283.0,4.0,18.0,1.0,0.47663552,0.093457945,0.11214953,29.401869,8.392524,0.0,0.08,0.56,0.28,1.0,143417.75,130166.33,0.0,0.0,1.0
1.0,406.0,4.0,18.0,0.0,0.496,0.136,0.056,23.552,7.272,0.0,0.125,0.25,0.125,0.5833333,143417.75,130166.33,0.0,0.0,0.0
5.0,194.0,4.0,18.0,1.0,0.47058824,0.15966387,0.075630255,28.033613,4.4117646,0.0,0.035714287,0.5714286,0.0,0.96428573,143417.75,130166.33,0.0,0.0,1.0
6.0,285.0,4.0,18.0,0.0,0.46357617,0.119205296,0.08609272,26.801325,5.794702,0.0,0.0,0.6388889,0.3611111,0.9722222,143417.75,130166.33,0.0,0.0,1.0
7.0,332.0,4.0,18.0,0.0,0.47663552,0.093457945,0.08411215,29.831776,8.46729,0.0,0.28,0.96,0.56,1.0,143417.75,130166.33,0.0,0.0,1.0
1.0,415.0,4.0,18.0,1.0,0.52991456,0.18376069,0.025641026,20.175213,9.042735,0.0,0.021276595,0.06382979,0.19148937,0.42553192,143417.75,130166.33,0.0,0.0,0.0
7.0,280.0,4.0,18.0,1.0,0.43939394,0.045454547,0.09848485,30.598484,11.060606,0.0,0.48,0.92,0.68,1.0,143417.75,130166.33,0.0,0.0,1.0
2.0,5.5182372e+07,4.0,18.0,1.0,0.47777778,0.16666667,0.044444446,23.9,5.2,0.0,0.0,0.0,,0.65,143417.75,130166.33,0.0,0.0,0.0
2.0,5.5180704e+07,4.0,18.0,0.0,0.5316456,0.1392405,0.050632913,24.658228,4.240506,0.0,0.05,0.35,,0.9,143417.75,130166.33,0.0,0.0,0.0
2.0,5.5182304e+07,4.0,18.0,0.0,0.57471263,0.10344828,0.06896552,25.126436,5.0689654,0.0,0.1,0.1,,0.65,143417.75,130166.33,0.0,0.0,0.0
6.0,282.0,4.0,18.0,1.0,0.46875,0.125,0.0859375,26.921875,4.890625,0.0,0.0,0.51724136,0.06896552,1.0,143417.75,130166.33,0.0,0.0,1.0
4.0,414.0,4.0,18.0,0.0,0.47435898,0.12820514,0.070512824,26.634615,5.717949,0.0,0.34210527,0.7368421,0.42105263,0.9736842,143417.75,130166.33,0.0,0.0,1.0
5.0,235.0,4.0,18.0,0.0,0.496,0.096,0.072,27.424,5.032,0.0,0.03125,0.375,0.0625,0.84375,143417.75,130166.33,0.0,0.0,1.0
6.0,446.0,5.0,27.0,0.0,0.46774194,0.09677419,0.08064516,29.10484,4.66129,0.04761905,0.04761905,0.6666667,0.14285715,0.95238096,280926.28,164192.27,1.0,1.0,1.0
6.0,448.0,5.0,27.0,1.0,0.5096774,0.12903225,0.090322584,26.425806,5.916129,0.0,0.0,0.07692308,0.0,0.61538464,280926.28,164192.27,1.0,1.0,1.0
1.0,521.0,5.0,27.0,1.0,0.4516129,0.18709677,0.08387097,22.096775,8.793549,0.0,0.037037037,0.0,0.0,0.18518518,280926.28,164192.27,1.0,1.0,0.0
2.0,3.527305e+07,5.0,27.0,1.0,0.4526316,0.24210526,0.010526316,20.357895,6.3473682,0.0,0.0,0.0,,0.3,280926.28,164192.27,1.0,1.0,0.0
7.0,507.0,5.0,27.0,0.0,0.553719,0.09917355,0.09090909,28.950413,8.876033,0.115384616,0.26923078,0.84615386,0.15384616,1.0,280926.28,164192.27,1.0,1.0,1.0
1.0,520.0,5.0,27.0,1.0,0.5090909,0.16969697,0.054545455,23.084848,5.1454544,0.0,0.028571429,0.11764706,0.057142857,0.25714287,280926.28,164192.27,1.0,1.0,0.0
1.0,503.0,5.0,27.0,0.0,0.50877196,0.15789473,0.00877193,20.833334,5.7894735,0.0,0.1,0.45,0.2,0.6,280926.28,164192.27,1.0,1.0,0.0
1.0,522.0,5.0,27.0,1.0,0.50678736,0.20361991,0.054298643,21.77828,6.574661,0.0,0.020408163,0.12244898,0.020408163,0.3265306,280926.28,164192.27,1.0,1.0,0.0
7.0,451.0,5.0,27.0,1.0,0.5371901,0.10743801,0.0661157,26.743801,9.504132,0.0,0.0,0.61538464,0.07692308,1.0,280926.28,164192.27,1.0,1.0,1.0
4.0,169.0,5.0,27.0,1.0,0.503268,0.1764706,0.06535948,24.058823,6.45098,0.0,0.0,0.0,0.0,0.85714287,280926.28,164192.27,1.0,1.0,1.0
7.0,446.0,5.0,27.0,1.0,0.48,0.12,0.10666667,33.6,9.626667,0.0,0.23529412,0.0,0.11764706,0.9411765,280926.28,164192.27,1.0,1.0,1.0
1.0,524.0,5.0,27.0,1.0,0.5086705,0.14450867,0.028901733,21.433525,6.3294797,0.060606062,0.36363637,0.3939394,0.3939394,0.8787879,280926.28,164192.27,1.0,1.0,0.0
4.0,166.0,5.0,27.0,1.0,0.5285714,0.12857144,0.08571429,26.692858,6.385714,0.0,0.0,0.5714286,0.0,0.78571427,280926.28,164192.27,1.0,1.0,1.0
6.0,458.0,5.0,27.0,0.0,0.5042017,0.12605043,0.033613447,25.89916,4.6638656,0.21875,0.53125,1.0,0.84375,1.0,280926.28,164192.27,1.0,1.0,1.0
6.0,451.0,5.0,27.0,1.0,0.53896105,0.18181819,0.051948052,23.642857,6.142857,0.0,0.0,0.44444445,0.037037037,0.9259259,280926.28,164192.27,1.0,1.0,1.0
7.0,452.0,5.0,27.0,1.0,0.5,0.16153847,0.092307694,27.438461,9.16923,0.0,0.071428575,0.5,0.14285715,1.0,280926.28,164192.27,1.0,1.0,1.0
3.0,519.0,5.0,27.0,1.0,0.5220126,0.094339624,0.018867925,21.792454,5.553459,0.0,0.029411765,0.029411765,0.0,0.23529412,280926.28,164192.27,1.0,1.0,0.0
5.0,252.0,5.0,27.0,1.0,0.518797,0.14285715,0.04511278,25.887218,5.601504,0.0,0.057142857,0.0,0.0,0.7714286,280926.28,164192.27,1.0,1.0,1.0
4.0,165.0,5.0,27.0,1.0,0.54198474,0.10687023,0.114503816,30.328245,5.0305343,0.0,0.0,0.25,0.035714287,0.64285713,280926.28,164192.27,1.0,1.0,1.0
7.0,509.0,5.0,27.0,0.0,0.49295774,0.07746479,0.09859155,28.274649,10.338028,0.0,0.0,0.06896552,0.03448276,1.0,280926.28,164192.27,1.0,1.0,1.0
4.0,332.0,5.0,27.0,0.0,0.49305555,0.16666667,0.055555556,23.07639,5.388889,0.0,0.0,0.33333334,0.060606062,1.0,280926.28,164192.27,1.0,1.0,1.0
1.0,523.0,5.0,27.0,1.0,0.5167464,0.19138756,0.033492822,20.717703,6.9425836,0.0,0.06521739,0.04347826,0.04347826,0.26086956,280926.28,164192.27,1.0,1.0,0.0
6.0,460.0,5.0,27.0,1.0,0.53333336,0.08571429,0.13333334,31.77143,4.3142858,0.0,0.0,0.42857143,0.0,1.0,280926.28,164192.27,1.0,1.0,1.0
6.0,453.0,5.0,27.0,1.0,0.46153846,0.16153847,0.092307694,25.069231,4.707692,0.0,0.0,0.0,0.037037037,0.962963,280926.28,164192.27,1.0,1.0,1.0
5.0,253.0,5.0,27.0,1.0,0.50318474,0.13375796,0.05732484,27.312101,7.0382166,0.0,0.15384616,0.0,0.0,0.5,280926.28,164192.27,1.0,1.0,1.0
5.0,297.0,5.0,27.0,0.0,0.46285716,0.08,0.06285714,27.36,6.7485714,0.15625,1.0,1.0,0.9375,1.0,280926.28,164192.27,1.0,1.0,1.0
4.0,333.0,5.0,27.0,0.0,0.47972974,0.12162162,0.02027027,23.29054,5.635135,0.03125,0.21875,0.84375,0.78125,1.0,280926.28,164192.27,1.0,1.0,1.0
3.0,521.0,5.0,27.0,1.0,0.5,0.096491225,0.03508772,22.77193,7.2982454,0.0,0.0,0.0,0.0,0.42105263,280926.28,164192.27,1.0,1.0,0.0
4.0,167.0,5.0,27.0,1.0,0.53571427,0.14285715,0.035714287,23.875,4.5,0.0,0.0,0.5,0.0,0.96666664,280926.28,164192.27,1.0,1.0,1.0
5.0,254.0,5.0,27.0,1.0,0.4820144,0.12230216,0.043165468,24.784172,5.9496403,0.0,0.2857143,0.53571427,0.10714286,1.0,280926.28,164192.27,1.0,1.0,1.0
3.0,504.0,5.0,27.0,0.0,0.4939759,0.1746988,0.04819277,21.355421,6.0,0.0,0.23076923,0.26923078,0.15384616,0.53846157,280926.28,164192.27,1.0,1.0,0.0
2.0,3.527568e+07,5.0,27.0,1.0,0.5154639,0.12371134,0.041237112,23.494844,5.371134,0.0,0.0,0.0,,0.25,280926.28,164192.27,1.0,1.0,0.0
7.0,510.0,5.0,27.0,0.0,0.51754385,0.14035088,0.0877193,28.973684,10.666667,0.0,0.8636364,1.0,0.95454544,1.0,280926.28,164192.27,1.0,1.0,1.0
5.0,255.0,5.0,27.0,1.0,0.519084,0.129771,0.08396947,27.351145,5.3206105,0.0,0.27272728,0.54545456,0.0,0.90909094,280926.28,164192.27,1.0,1.0,1.0
4.0,168.0,5.0,27.0,1.0,0.44094488,0.12598425,0.047244094,24.291338,5.031496,0.0,0.0,0.07692308,0.03846154,0.7307692,280926.28,164192.27,1.0,1.0,1.0
7.0,450.0,5.0,27.0,1.0,0.50793654,0.11111111,0.16666667,30.412699,9.746032,0.0,0.0,0.5,0.22727273,1.0,280926.28,164192.27,1.0,1.0,1.0
6.0,452.0,5.0,27.0,0.0,0.49305555,0.11111111,0.07638889,27.270834,5.8333335,0.15151516,0.030303031,0.93939394,0.6969697,1.0,280926.28,164192.27,1.0,1.0,1.0
6.0,447.0,5.0,27.0,1.0,0.5041322,0.08264463,0.09917355,29.107437,4.5206614,0.0,0.04347826,0.6086956,0.0,1.0,280926.28,164192.27,1.0,1.0,1.0
7.0,508.0,5.0,27.0,0.0,0.5092593,0.06481481,0.083333336,30.61111,8.296296,0.071428575,0.071428575,1.0,0.6785714,1.0,280926.28,164192.27,1.0,1.0,1.0
1.0,519.0,5.0,27.0,1.0,0.5714286,0.16666667,0.029761905,21.458334,5.345238,0.0,0.0,0.0,0.027027028,0.13513513,280926.28,164192.27,1.0,1.0,0.0
1.0,504.0,5.0,27.0,0.0,0.48979592,0.22959183,0.07653061,22.535715,6.4693875,0.0,0.0,0.20588236,0.1764706,0.5294118,280926.28,164192.27,1.0,1.0,0.0
6.0,456.0,5.0,27.0,0.0,0.5283019,0.13207547,0.06918239,24.383648,6.2327046,0.0,0.1,0.93333334,0.9,1.0,280926.28,164192.27,1.0,1.0,1.0
6.0,455.0,5.0,27.0,0.0,0.48872182,0.09022556,0.05263158,28.736841,5.180451,0.0,0.071428575,0.96428573,0.85714287,1.0,280926.28,164192.27,1.0,1.0,1.0
7.0,457.0,5.0,27.0,1.0,0.4923077,0.14615385,0.08461539,26.907692,9.630769,0.0,0.0,0.41666666,0.083333336,1.0,280926.28,164192.27,1.0,1.0,1.0
6.0,450.0,5.0,27.0,1.0,0.53061223,0.11564626,0.04761905,24.340136,5.734694,0.0,0.0,0.37931034,0.13793103,0.9310345,280926.28,164192.27,1.0,1.0,1.0
6.0,461.0,5.0,27.0,1.0,0.52755904,0.070866145,0.11811024,29.779528,4.7637796,0.0,0.04,0.56,0.08,1.0,280926.28,164192.27,1.0,1.0,1.0
6.0,459.0,5.0,27.0,1.0,0.5753425,0.20547946,0.09589041,26.49315,6.6986303,0.0,0.22580644,0.4516129,0.12903225,1.0,280926.28,164192.27,1.0,1.0,1.0
6.0,449.0,5.0,27.0,1.0,0.46825397,0.103174604,0.103174604,28.626984,5.015873,0.06896552,0.10344828,0.79310346,0.5862069,1.0,280926.28,164192.27,1.0,1.0,1.0
3.0,524.0,5.0,27.0,1.0,0.471831,0.13380282,0.04225352,23.894365,4.7746477,0.15151516,0.36363637,0.36363637,0.27272728,0.75757575,280926.28,164192.27,1.0,1.0,0.0
2.0,3.5277784e+07,5.0,27.0,1.0,0.53125,0.114583336,0.052083332,24.583334,5.2291665,0.0,0.05,0.0,,0.3,280926.28,164192.27,1.0,1.0,0.0
6.0,454.0,5.0,27.0,1.0,0.46923077,0.10769231,0.023076924,24.653847,4.8923078,0.0,0.071428575,0.64285713,0.32142857,1.0,280926.28,164192.27,1.0,1.0,1.0
2.0,3.5277704e+07,5.0,27.0,0.0,0.43269232,0.1923077,0.067307696,23.778847,7.25,0.0,0.0,0.35,,0.6,280926.28,164192.27,1.0,1.0,0.0
3.0,520.0,5.0,27.0,1.0,0.47586206,0.15862069,0.027586207,23.275862,5.096552,0.0,0.0,0.09375,0.0,0.1875,280926.28,164192.27,1.0,1.0,0.0
2.0,3.52764e+07,5.0,27.0,0.0,0.47474748,0.18181819,0.0,20.818182,5.828283,0.0,0.0,0.1,,0.35,280926.28,164192.27,1.0,1.0,0.0
7.0,449.0,5.0,27.0,1.0,0.51111114,0.08148148,0.096296296,28.133333,9.851851,0.0,0.0,0.0,0.030303031,0.93939394,280926.28,164192.27,1.0,1.0,1.0
2.0,3.5276944e+07,5.0,27.0,1.0,0.49462366,0.16129032,0.032258064,21.95699,5.2150536,0.0,0.0,0.1,,0.5,280926.28,164192.27,1.0,1.0,0.0
3.0,523.0,5.0,27.0,1.0,0.5026738,0.19251336,0.026737968,21.336899,5.951872,0.0,0.09090909,0.024390243,0.11363637,0.3409091,280926.28,164192.27,1.0,1.0,0.0
3.0,522.0,5.0,27.0,1.0,0.47395834,0.1875,0.03125,21.463541,6.40625,0.0,0.054054055,0.054054055,0.054054055,0.3243243,280926.28,164192.27,1.0,1.0,0.0
7.0,447.0,5.0,27.0,1.0,0.50757575,0.11363637,0.07575758,27.212122,9.848485,0.0,0.06451613,0.61290324,0.09677419,0.9677419,280926.28,164192.27,1.0,1.0,1.0
2.0,3.5276444e+07,5.0,27.0,1.0,0.53,0.15,0.06,23.07,5.66,0.0,0.0,0.0,,0.55,280926.28,164192.27,1.0,1.0,0.0
7.0,511.0,5.0,27.0,0.0,0.46721312,0.09016393,0.13934426,31.959017,9.967213,0.0,0.8095238,1.0,1.0,1.0,280926.28,164192.27,1.0,1.0,1.0
2.0,3.527215e+07,5.0,27.0,1.0,0.50574714,0.06896552,0.09195402,25.51724,5.804598,0.05,0.05,0.0,,0.3,280926.28,164192.27,1.0,1.0,0.0
7.0,448.0,5.0,27.0,1.0,0.57377046,0.09836066,0.10655738,27.631147,9.409836,0.0,0.0,0.86206895,0.20689656,0.8965517,280926.28,164192.27,1.0,1.0,1.0
7.0,453.0,5.0,27.0,1.0,0.5263158,0.13157895,0.08552632,27.973684,11.184211,0.0,0.0,0.5,0.25,1.0,280926.28,164192.27,1.0,1.0,1.0
5.0,251.0,5.0,27.0,1.0,0.47959185,0.18367347,0.06122449,25.510204,4.122449,0.0,0.04347826,0.04347826,0.0,0.9130435,280926.28,164192.27,1.0,1.0,1.0
6.0,457.0,5.0,27.0,1.0,0.47407407,0.11851852,0.11111111,27.592592,5.4,0.0,0.115384616,0.9230769,0.07692308,1.0,280926.28,164192.27,1.0,1.0,1.0
3.0,503.0,5.0,27.0,0.0,0.52380955,0.0952381,0.015873017,23.150793,6.904762,0.0,0.30769232,0.53846157,0.3846154,0.88461536,280926.28,164192.27,1.0,1.0,0.0
7.0,454.0,5.0,27.0,1.0,0.4848485,0.13636364,0.10606061,27.386364,9.909091,0.0,0.04,0.32,0.08,1.0,280926.28,164192.27,1.0,1.0,1.0
7.0,456.0,5.0,27.0,1.0,0.49612403,0.08527132,0.08527132,27.224806,9.627907,0.0,0.0,0.0,0.13333334,0.93333334,280926.28,164192.27,1.0,1.0,1.0
7.0,455.0,5.0,27.0,1.0,0.5254237,0.09322034,0.084745765,29.644068,9.593221,0.0,0.21428572,0.0,0.071428575,1.0,280926.28,164192.27,1.0,1.0,1.0
4.0,87.0,3.0,29.0,1.0,0.41549295,0.17605634,0.1056338,24.97183,6.9014087,0.0,0.037037037,0.44444445,0.0,1.0,42994.68,105150.62,0.0,0.0,1.0
3.0,344.0,3.0,29.0,1.0,0.4923077,0.16410257,0.071794875,23.54359,6.7743587,0.025641026,0.102564104,0.025641026,0.051282052,0.8974359,42994.68,105150.62,0.0,0.0,0.0
4.0,85.0,3.0,29.0,1.0,0.47887325,0.11971831,0.1056338,27.302816,5.3239436,0.03125,0.03125,0.65625,0.21875,1.0,42994.68,105150.62,0.0,0.0,1.0
4.0,410.0,3.0,29.0,0.0,0.518797,0.10526316,0.060150377,27.338346,5.1353383,0.035714287,0.035714287,0.8214286,0.5,1.0,42994.68,105150.62,0.0,0.0,1.0
7.0,173.0,3.0,29.0,1.0,0.43835616,0.12328767,0.047945205,22.712328,11.041096,0.0,0.0,0.0,0.0,0.96153843,42994.68,105150.62,0.0,0.0,1.0
5.0,115.0,3.0,29.0,1.0,0.45454547,0.09848485,0.07575758,27.022728,5.090909,0.0,0.0,0.0,0.0,1.0,42994.68,105150.62,0.0,0.0,1.0
2.0,4.0296224e+07,3.0,29.0,1.0,0.53571427,0.19642857,0.05357143,21.446428,6.428571,0.0,0.0,0.0,,0.75,42994.68,105150.62,0.0,0.0,0.0
3.0,345.0,3.0,29.0,1.0,0.49685535,0.20125785,0.056603774,24.396227,5.515723,0.0,0.0,0.0,0.0,0.8235294,42994.68,105150.62,0.0,0.0,0.0
4.0,86.0,3.0,29.0,1.0,0.4698795,0.1746988,0.072289154,25.156626,6.506024,0.0,0.11764706,0.20588236,0.11764706,1.0,42994.68,105150.62,0.0,0.0,1.0
4.0,316.0,3.0,29.0,0.0,0.45,0.15,0.071428575,23.257143,6.1571426,0.0,0.03125,0.53125,0.03125,1.0,42994.68,105150.62,0.0,0.0,1.0
3.0,327.0,3.0,29.0,0.0,0.47826087,0.07826087,0.026086956,24.652174,7.121739,0.3043478,0.73913044,0.9130435,0.73913044,1.0,42994.68,105150.62,0.0,0.0,0.0
7.0,233.0,3.0,29.0,0.0,0.51428574,0.104761906,0.028571429,25.847618,8.933333,0.0,0.4074074,1.0,0.8888889,1.0,42994.68,105150.62,0.0,0.0,1.0
1.0,344.0,3.0,29.0,1.0,0.53125,0.15625,0.052083332,21.4375,6.0,0.0,0.032258064,0.0,0.032258064,0.7419355,42994.68,105150.62,0.0,0.0,0.0
7.0,171.0,3.0,29.0,1.0,0.464,0.096,0.056,27.816,10.672,0.0,0.0,0.16666667,0.375,1.0,42994.68,105150.62,0.0,0.0,1.0
6.0,201.0,3.0,29.0,1.0,0.511811,0.18110237,0.10236221,25.35433,6.3700786,0.0,0.0,0.25,0.0,0.9,42994.68,105150.62,0.0,0.0,1.0
2.0,4.029474e+07,3.0,29.0,1.0,0.54545456,0.15454546,0.045454547,23.845455,5.9454546,0.0,0.0,0.15,,0.9,42994.68,105150.62,0.0,0.0,0.0
7.0,172.0,3.0,29.0,1.0,0.5307692,0.092307694,0.08461539,26.223078,10.092308,0.0,0.04,0.04,0.0,0.96,42994.68,105150.62,0.0,0.0,1.0
5.0,114.0,3.0,29.0,1.0,0.5285714,0.13571429,0.1,26.492857,7.242857,0.0,0.12,0.4,0.04,1.0,42994.68,105150.62,0.0,0.0,1.0
6.0,200.0,3.0,29.0,1.0,0.45652175,0.0942029,0.10869565,29.884058,5.7971015,0.0,0.08695652,0.8695652,0.17391305,1.0,42994.68,105150.62,0.0,0.0,1.0
2.0,4.0291064e+07,3.0,29.0,1.0,0.53571427,0.2857143,0.0625,22.383928,6.375,0.0,0.0,0.0,,0.6,42994.68,105150.62,0.0,0.0,0.0
1.0,345.0,3.0,29.0,1.0,0.4566474,0.20231214,0.05202312,20.936417,5.7630057,0.0,0.0,0.0,0.0,0.6666667,42994.68,105150.62,0.0,0.0,0.0
2.0,4.02947e+07,3.0,29.0,0.0,0.512,0.128,0.056,23.072,7.464,0.0,0.25,0.45,,0.95,42994.68,105150.62,0.0,0.0,0.0
6.0,199.0,3.0,29.0,1.0,0.4728682,0.14728682,0.12403101,27.379845,4.9379845,0.03846154,0.03846154,0.46153846,0.115384616,0.96153843,42994.68,105150.62,0.0,0.0,1.0
2.0,8.5328216e+07,5.0,32.0,1.0,0.47959185,0.21428572,0.020408163,19.693878,5.4897957,0.0,0.0,0.0,,0.15,220419.61,102934.8,1.0,1.0,0.0
7.0,465.0,5.0,32.0,1.0,0.515873,0.11111111,0.07936508,27.952381,9.8412695,0.0,0.13333334,0.7,0.1,1.0,220419.61,102934.8,1.0,1.0,1.0
7.0,459.0,5.0,32.0,1.0,0.53097343,0.088495575,0.061946902,25.309734,9.150442,0.0,0.0,0.2580645,0.0,1.0,220419.61,102934.8,1.0,1.0,1.0
4.0,198.0,5.0,32.0,1.0,0.4883721,0.13178295,0.03875969,24.294573,4.844961,0.0,0.035714287,0.035714287,0.10714286,0.96428573,220419.61,102934.8,1.0,1.0,1.0
4.0,196.0,5.0,32.0,1.0,0.512987,0.15584415,0.051948052,21.863636,6.5584416,0.0,0.0,0.032258064,0.0,0.9677419,220419.61,102934.8,1.0,1.0,1.0
5.0,298.0,5.0,32.0,0.0,0.4852941,0.09558824,0.05147059,26.669117,5.352941,0.96,0.72,0.92,0.44,1.0,220419.61,102934.8,1.0,1.0,1.0
3.0,539.0,5.0,32.0,1.0,0.5411765,0.11764706,0.05882353,23.711765,6.0588236,0.0,0.0,0.1875,0.0,0.5625,220419.61,102934.8,1.0,1.0,0.0
1.0,541.0,5.0,32.0,1.0,0.525,0.15625,0.05,22.94375,6.2,0.027027028,0.24324325,0.24324325,0.21621622,0.7837838,220419.61,102934.8,1.0,1.0,0.0
6.0,475.0,5.0,32.0,1.0,0.53781515,0.15966387,0.025210084,22.579832,4.210084,0.0,0.071428575,0.035714287,0.10714286,1.0,220419.61,102934.8,1.0,1.0,1.0
3.0,541.0,5.0,32.0,1.0,0.5147059,0.13970588,0.022058824,22.470589,5.75,0.0,0.06666667,0.3,0.26666668,0.8333333,220419.61,102934.8,1.0,1.0,0.0
6.0,465.0,5.0,32.0,0.0,0.5,0.10169491,0.076271184,26.025423,4.40678,0.0,0.0,0.14814815,0.037037037,1.0,220419.61,102934.8,1.0,1.0,1.0
4.0,340.0,5.0,32.0,0.0,0.5037594,0.12781955,0.09022556,27.308271,5.0451126,0.0,0.0,0.1724138,0.0,0.96666664,220419.61,102934.8,1.0,1.0,1.0
2.0,8.532913e+07,5.0,32.0,1.0,0.45679012,0.09876543,0.061728396,24.679012,5.0493827,0.0,0.0,0.2,,0.3,220419.61,102934.8,1.0,1.0,0.0
6.0,471.0,5.0,32.0,1.0,0.4893617,0.17021276,0.06382979,23.503546,5.7659574,0.0,0.0,0.06666667,0.0,1.0,220419.61,102934.8,1.0,1.0,1.0
7.0,464.0,5.0,32.0,1.0,0.46728972,0.1495327,0.12149533,29.925234,9.588785,0.0,0.0,0.25,0.20833333,1.0,220419.61,102934.8,1.0,1.0,1.0
6.0,462.0,5.0,32.0,1.0,0.45762712,0.13559322,0.06779661,27.025423,4.6101694,0.0,0.0,0.7241379,0.10344828,1.0,220419.61,102934.8,1.0,1.0,1.0
7.0,461.0,5.0,32.0,1.0,0.45038167,0.13740458,0.06870229,27.442749,10.427481,0.0,0.0,0.44827586,0.03448276,1.0,220419.61,102934.8,1.0,1.0,1.0
5.0,258.0,5.0,32.0,1.0,0.4732143,0.125,0.125,28.392857,4.625,0.0,0.16,0.68,0.04,0.96,220419.61,102934.8,1.0,1.0,1.0
6.0,469.0,5.0,32.0,1.0,0.45918366,0.13265306,0.091836736,29.5,4.4489794,0.14285715,0.0,0.5714286,0.0952381,1.0,220419.61,102934.8,1.0,1.0,1.0
7.0,514.0,5.0,32.0,0.0,0.48091602,0.122137405,0.06870229,29.564886,10.244275,0.0,0.04,0.52,0.08,1.0,220419.61,102934.8,1.0,1.0,1.0
5.0,257.0,5.0,32.0,1.0,0.4537037,0.074074075,0.12037037,31.87037,4.5555553,0.0,0.08695652,0.26086956,0.13043478,1.0,220419.61,102934.8,1.0,1.0,1.0
1.0,542.0,5.0,32.0,1.0,0.516129,0.1797235,0.04608295,21.843317,6.24424,0.0,0.025641026,0.0,0.025641026,0.51282054,220419.61,102934.8,1.0,1.0,0.0
3.0,540.0,5.0,32.0,1.0,0.47663552,0.08411215,0.10280374,27.327103,4.775701,0.0,0.0,0.0,0.05,0.25,220419.61,102934.8,1.0,1.0,0.0
7.0,463.0,5.0,32.0,1.0,0.48031497,0.14173229,0.070866145,27.72441,9.496063,0.0,0.0,0.0,0.14814815,1.0,220419.61,102934.8,1.0,1.0,1.0
5.0,256.0,5.0,32.0,1.0,0.4778761,0.20353982,0.03539823,22.539824,4.6106195,0.0,0.11111111,0.0,0.074074075,1.0,220419.61,102934.8,1.0,1.0,1.0
7.0,466.0,5.0,32.0,1.0,0.5086207,0.094827585,0.0862069,26.241379,8.965517,0.0,0.037037037,0.2962963,0.037037037,1.0,220419.61,102934.8,1.0,1.0,1.0
4.0,197.0,5.0,32.0,1.0,0.48062015,0.14728682,0.069767445,26.193798,5.015504,0.0,0.0,0.0,0.0,1.0,220419.61,102934.8,1.0,1.0,1.0
4.0,199.0,5.0,32.0,1.0,0.4715447,0.10569106,0.09756097,27.926828,4.739837,0.0,0.03125,0.15625,0.03125,0.875,220419.61,102934.8,1.0,1.0,1.0
6.0,463.0,5.0,32.0,0.0,0.5294118,0.15441176,0.073529415,24.897058,4.897059,0.0,0.035714287,0.64285713,0.4642857,1.0,220419.61,102934.8,1.0,1.0,1.0
5.0,310.0,5.0,32.0,0.0,0.528,0.2,0.048,21.936,5.048,0.0,0.0,0.25925925,0.0,1.0,220419.61,102934.8,1.0,1.0,1.0
6.0,470.0,5.0,32.0,1.0,0.4923077,0.12307692,0.07692308,25.915384,4.8,0.0,0.0,0.0,0.0,1.0,220419.61,102934.8,1.0,1.0,1.0
2.0,8.532306e+07,5.0,32.0,1.0,0.47435898,0.20512821,0.03846154,21.5,4.230769,0.0,0.0,0.0,,0.15,220419.61,102934.8,1.0,1.0,0.0
1.0,543.0,5.0,32.0,1.0,0.5167785,0.18120806,0.0738255,24.040268,5.201342,0.0,0.029411765,0.0,0.029411765,0.4117647,220419.61,102934.8,1.0,1.0,0.0
6.0,474.0,5.0,32.0,1.0,0.456,0.16,0.104,26.048,5.848,0.0,0.04761905,0.7619048,0.0952381,1.0,220419.61,102934.8,1.0,1.0,1.0
1.0,539.0,5.0,32.0,1.0,0.543379,0.15068494,0.08219178,24.15525,7.5570774,0.0,0.0,0.0,0.0,0.30769232,220419.61,102934.8,1.0,1.0,0.0
2.0,8.532881e+07,5.0,32.0,1.0,0.53333336,0.08888889,0.06666667,27.133333,5.911111,0.0,0.05,0.1,,0.8,220419.61,102934.8,1.0,1.0,0.0
3.0,542.0,5.0,32.0,1.0,0.50793654,0.15343915,0.05820106,24.031746,5.857143,0.0,0.0,0.11111111,0.16666667,0.7777778,220419.61,102934.8,1.0,1.0,0.0
4.0,200.0,5.0,32.0,1.0,0.53125,0.13125,0.04375,23.24375,6.675,0.0,0.1,0.2,0.0,0.8666667,220419.61,102934.8,1.0,1.0,1.0
2.0,8.532676e+07,5.0,32.0,1.0,0.5555556,0.1,0.022222223,23.38889,5.022222,0.0,0.15,0.05,,0.6,220419.61,102934.8,1.0,1.0,0.0
1.0,540.0,5.0,32.0,1.0,0.46896553,0.13103448,0.04137931,23.793104,5.3586206,0.0,0.0,0.0,0.030303031,0.5151515,220419.61,102934.8,1.0,1.0,0.0
6.0,466.0,5.0,32.0,1.0,0.4765625,0.1484375,0.078125,27.601562,4.78125,0.0,0.035714287,0.4642857,0.10714286,1.0,220419.61,102934.8,1.0,1.0,1.0
7.0,512.0,5.0,32.0,0.0,0.45528457,0.08943089,0.17073171,33.93496,10.878049,0.15,0.6,1.0,0.85,1.0,220419.61,102934.8,1.0,1.0,1.0
7.0,513.0,5.0,32.0,0.0,0.5084746,0.11016949,0.084745765,28.550848,9.118644,0.0,0.0,0.78571427,0.25,1.0,220419.61,102934.8,1.0,1.0,1.0
6.0,468.0,5.0,32.0,1.0,0.5121951,0.08130081,0.048780486,26.853659,4.772358,0.0,0.071428575,0.5,0.17857143,1.0,220419.61,102934.8,1.0,1.0,1.0
7.0,467.0,5.0,32.0,1.0,0.5252525,0.09090909,0.060606062,27.50505,8.262627,0.0,0.04347826,0.6956522,0.2173913,1.0,220419.61,102934.8,1.0,1.0,1.0
6.0,472.0,5.0,32.0,0.0,0.511811,0.12598425,0.070866145,26.795275,4.7007875,0.0,0.11111111,0.25925925,0.22222222,1.0,220419.61,102934.8,1.0,1.0,1.0
6.0,464.0,5.0,32.0,1.0,0.5069444,0.06944445,0.0625,24.79861,5.4722223,0.0,0.0,0.03448276,0.0,0.9655172,220419.61,102934.8,1.0,1.0,1.0
3.0,543.0,5.0,32.0,1.0,0.47887325,0.14084508,0.112676054,26.746479,5.253521,0.0,0.0,0.0,0.0,0.5,220419.61,102934.8,1.0,1.0,0.0
7.0,462.0,5.0,32.0,1.0,0.3773585,0.094339624,0.11320755,28.09434,9.886792,0.0,0.0,0.75,0.0,1.0,220419.61,102934.8,1.0,1.0,1.0
6.0,473.0,5.0,32.0,1.0,0.5,0.13934426,0.09836066,28.311476,4.5409837,0.035714287,0.10714286,0.21428572,0.071428575,0.96428573,220419.61,102934.8,1.0,1.0,1.0
7.0,460.0,5.0,32.0,1.0,0.4144144,0.18018018,0.045045044,23.153152,9.27928,0.0,0.0,0.0,0.0,1.0,220419.61,102934.8,1.0,1.0,1.0
7.0,458.0,5.0,32.0,1.0,0.518797,0.12781955,0.082706764,27.345865,10.1203,0.0,0.0,0.7241379,0.03448276,1.0,220419.61,102934.8,1.0,1.0,1.0
2.0,8.532243e+07,5.0,32.0,1.0,0.45652175,0.19565217,0.032608695,20.673914,5.5652175,0.0,0.0,0.0,,0.25,220419.61,102934.8,1.0,1.0,0.0
6.0,467.0,5.0,32.0,1.0,0.5445545,0.07920792,0.10891089,30.683168,4.108911,0.0,0.0,0.35714287,0.14285715,1.0,220419.61,102934.8,1.0,1.0,1.0
6.0,209.0,3.0,35.0,1.0,0.4796748,0.12195122,0.08130081,23.943089,4.6422763,0.0,0.08695652,0.7826087,0.08695652,1.0,52958.07,146971.88,0.0,0.0,1.0
2.0,4.035586e+07,3.0,35.0,1.0,0.52678573,0.17857143,0.0625,22.526785,6.285714,0.05,0.0,0.0,,0.85,52958.07,146971.88,0.0,0.0,0.0
3.0,337.0,3.0,35.0,1.0,0.50857145,0.17714286,0.04,21.742857,6.234286,0.0,0.0,0.0,0.029411765,0.64705884,52958.07,146971.88,0.0,0.0,0.0
4.0,88.0,3.0,35.0,1.0,0.5084746,0.1299435,0.084745765,26.480227,6.8531075,0.0,0.0,0.030303031,0.030303031,1.0,52958.07,146971.88,0.0,0.0,1.0
5.0,118.0,3.0,35.0,1.0,0.4965035,0.12587413,0.07692308,26.776224,5.6013985,0.0,0.03846154,0.03846154,0.0,0.96153843,52958.07,146971.88,0.0,0.0,1.0
3.0,339.0,3.0,35.0,1.0,0.48913044,0.11956522,0.048913043,22.652174,7.054348,0.0,0.0,0.0,0.0,0.71875,52958.07,146971.88,0.0,0.0,0.0
7.0,178.0,3.0,35.0,1.0,0.53741497,0.108843535,0.0952381,27.238094,12.17687,0.0,0.074074075,0.962963,0.074074075,1.0,52958.07,146971.88,0.0,0.0,1.0
1.0,339.0,3.0,35.0,1.0,0.52272725,0.17727272,0.07727273,23.731817,7.7727275,0.0,0.0,0.0,0.0,0.67741936,52958.07,146971.88,0.0,0.0,0.0
2.0,4.0355172e+07,3.0,35.0,1.0,0.5,0.15833333,0.058333334,22.1,6.4333334,0.0,0.0,0.0,,0.8,52958.07,146971.88,0.0,0.0,0.0
6.0,210.0,3.0,35.0,1.0,0.49019608,0.13071896,0.06535948,25.437908,6.2941175,0.0,0.29032257,0.87096775,0.58064514,1.0,52958.07,146971.88,0.0,0.0,1.0
7.0,179.0,3.0,35.0,1.0,0.4868421,0.1118421,0.10526316,28.039474,11.868421,0.0,0.11111111,0.8888889,0.18518518,1.0,52958.07,146971.88,0.0,0.0,1.0
4.0,89.0,3.0,35.0,1.0,0.5,0.11805555,0.07638889,27.368055,5.4722223,0.03448276,0.0,0.44827586,0.03448276,1.0,52958.07,146971.88,0.0,0.0,1.0
3.0,338.0,3.0,35.0,1.0,0.49197862,0.1764706,0.07486631,23.181818,6.9251337,0.030303031,0.15151516,0.060606062,0.060606062,0.57575756,52958.07,146971.88,0.0,0.0,0.0
1.0,338.0,3.0,35.0,1.0,0.5125,0.15,0.06666667,23.075,8.15,0.0,0.06818182,0.022727273,0.06818182,0.59090906,52958.07,146971.88,0.0,0.0,0.0
2.0,4.035324e+07,3.0,35.0,1.0,0.57758623,0.1724138,0.06896552,23.310345,6.8448277,0.0,0.0,0.0,,0.55,52958.07,146971.88,0.0,0.0,0.0
1.0,337.0,3.0,35.0,1.0,0.5399061,0.20187794,0.07042254,22.694836,7.178404,0.027027028,0.0,0.027027028,0.027027028,0.8108108,52958.07,146971.88,0.0,0.0,0.0
7.0,371.0,5.0,38.0,1.0,0.5294118,0.10784314,0.11764706,31.058823,8.156863,0.0,0.04347826,0.73913044,0.08695652,1.0,217323.58,102178.445,1.0,1.0,1.0
7.0,424.0,5.0,38.0,0.0,0.4957265,0.07692308,0.12820514,30.74359,9.145299,0.0,0.12,0.6,0.04,1.0,217323.58,102178.445,1.0,1.0,1.0
4.0,331.0,5.0,38.0,0.0,0.48175183,0.13138686,0.05839416,26.554745,5.3649635,0.027777778,0.16666667,0.41666666,0.11111111,1.0,217323.58,102178.445,1.0,1.0,1.0
7.0,372.0,5.0,38.0,1.0,0.512,0.12,0.12,32.664,10.288,0.0,0.071428575,0.6785714,0.10714286,1.0,217323.58,102178.445,1.0,1.0,1.0
5.0,260.0,5.0,38.0,1.0,0.47008547,0.13675214,0.06837607,27.555555,4.5897436,0.0,0.13793103,0.0,0.10344828,1.0,217323.58,102178.445,1.0,1.0,1.0
2.0,1.0387473e+07,5.0,38.0,1.0,0.46226415,0.17924528,0.018867925,20.396227,6.1132073,0.0,0.1,0.0,,0.5,217323.58,102178.445,1.0,1.0,0.0
1.0,551.0,5.0,38.0,1.0,0.4827586,0.15517241,0.06321839,23.488506,5.4712644,0.0,0.0,0.0,0.0,0.28947368,217323.58,102178.445,1.0,1.0,0.0
3.0,551.0,5.0,38.0,1.0,0.45070422,0.16901408,0.028169014,22.267605,4.647887,0.0,0.0,0.0882353,0.0,0.4117647,217323.58,102178.445,1.0,1.0,0.0
7.0,423.0,5.0,38.0,0.0,0.4774775,0.08108108,0.14414415,33.855854,8.378378,0.0,0.17857143,0.78571427,0.35714287,1.0,217323.58,102178.445,1.0,1.0,1.0
1.0,550.0,5.0,38.0,1.0,0.52873564,0.12068965,0.08045977,26.12069,5.6666665,0.0,0.060606062,0.09090909,0.0,0.6060606,217323.58,102178.445,1.0,1.0,0.0
6.0,377.0,5.0,38.0,1.0,0.46666667,0.1,0.15833333,31.833334,4.5333333,0.0,0.04347826,0.3478261,0.0,1.0,217323.58,102178.445,1.0,1.0,1.0
6.0,376.0,5.0,38.0,0.0,0.51937985,0.10852713,0.07751938,29.930233,4.891473,0.4814815,0.5555556,0.9259259,0.8888889,1.0,217323.58,102178.445,1.0,1.0,1.0
5.0,259.0,5.0,38.0,1.0,0.5785124,0.0661157,0.0661157,27.900826,4.8842974,0.0,0.06666667,0.0,0.2,1.0,217323.58,102178.445,1.0,1.0,1.0
6.0,378.0,5.0,38.0,1.0,0.46551725,0.112068966,0.094827585,30.543104,4.5689654,0.0,0.07692308,0.23076923,0.0,1.0,217323.58,102178.445,1.0,1.0,1.0
3.0,550.0,5.0,38.0,1.0,0.52380955,0.14814815,0.06878307,25.095238,7.3386245,0.0,0.024390243,0.07317073,0.0,0.85365856,217323.58,102178.445,1.0,1.0,0.0
2.0,1.0381347e+07,5.0,38.0,1.0,0.5510204,0.13265306,0.05102041,21.979591,6.0612245,0.0,0.05,0.0,,0.9,217323.58,102178.445,1.0,1.0,0.0
7.0,370.0,5.0,38.0,1.0,0.49056605,0.094339624,0.094339624,30.037735,8.150944,0.0,0.1923077,0.84615386,0.30769232,1.0,217323.58,102178.445,1.0,1.0,1.0
4.0,164.0,5.0,38.0,1.0,0.5338983,0.11016949,0.09322034,27.677965,4.355932,0.0,0.0625,0.4375,0.09375,1.0,217323.58,102178.445,1.0,1.0,1.0
6.0,375.0,5.0,38.0,1.0,0.4909091,0.06363636,0.13636364,31.309092,4.072727,0.10344828,0.10344828,0.9655172,0.03448276,1.0,217323.58,102178.445,1.0,1.0,1.0
6.0,379.0,5.0,38.0,1.0,0.49514562,0.116504855,0.097087376,30.184465,4.0873785,0.03846154,0.03846154,0.23076923,0.115384616,1.0,217323.58,102178.445,1.0,1.0,1.0
2.0,4.541471e+07,4.0,41.0,1.0,0.5426357,0.12403101,0.062015504,23.379845,8.906977,0.0,0.05,0.1,,0.6,115225.91,158347.22,0.0,0.0,0.0
7.0,290.0,4.0,41.0,1.0,0.4918033,0.114754096,0.09836066,28.385246,9.934426,0.0,0.0,0.24242425,0.09090909,0.90909094,115225.91,158347.22,0.0,0.0,1.0
6.0,289.0,4.0,41.0,1.0,0.47368422,0.12781955,0.10526316,29.2406,5.6466165,0.0,0.5,0.78125,0.4375,1.0,115225.91,158347.22,0.0,0.0,1.0
4.0,123.0,4.0,41.0,1.0,0.48951048,0.14685315,0.06993007,25.454546,5.853147,0.0,0.0,0.6363636,0.15151516,1.0,115225.91,158347.22,0.0,0.0,1.0
4.0,122.0,4.0,41.0,1.0,0.5285714,0.16428572,0.114285715,28.642857,5.385714,0.0,0.24,0.92,0.64,1.0,115225.91,158347.22,0.0,0.0,1.0
6.0,293.0,4.0,41.0,1.0,0.5074627,0.07462686,0.09701493,30.074627,5.4179106,0.0,0.0625,0.65625,0.53125,1.0,115225.91,158347.22,0.0,0.0,1.0
5.0,201.0,4.0,41.0,1.0,0.48062015,0.10852713,0.08527132,26.75969,5.108527,0.0,0.1,0.36666667,0.13333334,0.7,115225.91,158347.22,0.0,0.0,1.0
6.0,297.0,4.0,41.0,0.0,0.51968503,0.11023622,0.09448819,29.283464,5.3622046,0.0,0.06666667,0.8333333,0.06666667,1.0,115225.91,158347.22,0.0,0.0,1.0
2.0,4.5411124e+07,4.0,41.0,1.0,0.5046729,0.1682243,0.028037382,19.897196,6.6261683,0.0,0.05,0.0,,0.65,115225.91,158347.22,0.0,0.0,0.0
6.0,295.0,4.0,41.0,1.0,0.47368422,0.11278196,0.11278196,29.857143,6.082707,0.0,0.4814815,0.8518519,0.4074074,1.0,115225.91,158347.22,0.0,0.0,1.0
7.0,284.0,4.0,41.0,1.0,0.44642857,0.13392857,0.08928572,27.991072,8.428572,0.0,0.0,0.375,0.16666667,1.0,115225.91,158347.22,0.0,0.0,1.0
7.0,286.0,4.0,41.0,1.0,0.40350878,0.114035085,0.078947365,28.81579,8.491228,0.0,0.06451613,0.87096775,0.32258064,1.0,115225.91,158347.22,0.0,0.0,1.0
4.0,127.0,4.0,41.0,1.0,0.47945204,0.14383562,0.05479452,23.479452,5.657534,0.0,0.13333334,0.39285713,0.13333334,0.8666667,115225.91,158347.22,0.0,0.0,1.0
1.0,423.0,4.0,41.0,1.0,0.52093023,0.13953489,0.046511628,23.409302,6.9255815,0.0,0.05,0.075,0.1,0.1,115225.91,158347.22,0.0,0.0,0.0
3.0,424.0,4.0,41.0,1.0,0.516129,0.11981567,0.08755761,25.1106,9.138248,0.0,0.030303031,0.030303031,0.09090909,0.24242425,115225.91,158347.22,0.0,0.0,0.0
3.0,425.0,4.0,41.0,1.0,0.51592356,0.1656051,0.05732484,22.726114,5.343949,0.0,0.0,0.0,0.0,0.027777778,115225.91,158347.22,0.0,0.0,0.0
4.0,125.0,4.0,41.0,1.0,0.5202703,0.16216215,0.074324325,24.93919,5.716216,0.0,0.060606062,0.4848485,0.060606062,0.93939394,115225.91,158347.22,0.0,0.0,1.0
1.0,409.0,4.0,41.0,0.0,0.47093022,0.15116279,0.05232558,23.38372,7.6511626,0.10344828,0.86206895,0.9655172,0.8965517,0.6896552,115225.91,158347.22,0.0,0.0,0.0
7.0,336.0,4.0,41.0,0.0,0.43410853,0.08527132,0.11627907,31.496124,10.155039,0.0,0.06666667,0.96666664,0.5,1.0,115225.91,158347.22,0.0,0.0,1.0
6.0,294.0,4.0,41.0,0.0,0.5641026,0.08547009,0.07692308,29.188034,5.08547,0.04347826,1.0,1.0,1.0,0.95652175,115225.91,158347.22,0.0,0.0,1.0
1.0,426.0,4.0,41.0,1.0,0.50660795,0.16299559,0.066079296,23.246696,6.7973566,0.0,0.071428575,0.0,0.071428575,0.14285715,115225.91,158347.22,0.0,0.0,0.0
3.0,423.0,4.0,41.0,1.0,0.5105263,0.1368421,0.05263158,23.747368,7.063158,0.0,0.0882353,0.09090909,0.05882353,0.23529412,115225.91,158347.22,0.0,0.0,0.0
7.0,285.0,4.0,41.0,1.0,0.4919355,0.14516129,0.11290322,28.161291,9.612904,0.0,0.06896552,0.0,0.13793103,1.0,115225.91,158347.22,0.0,0.0,1.0
6.0,301.0,4.0,41.0,1.0,0.4566929,0.11023622,0.07874016,28.370079,5.5196853,0.0,0.1724138,0.20689656,0.2413793,1.0,115225.91,158347.22,0.0,0.0,1.0
5.0,202.0,4.0,41.0,1.0,0.5086207,0.077586204,0.10344828,29.0,4.37931,0.0,0.08695652,0.73913044,0.04347826,0.7826087,115225.91,158347.22,0.0,0.0,1.0
5.0,197.0,4.0,41.0,1.0,0.50980395,0.104575165,0.06535948,27.267973,6.3986926,0.0,0.13636364,0.36363637,0.13636364,1.0,115225.91,158347.22,0.0,0.0,1.0
1.0,422.0,4.0,41.0,1.0,0.5026738,0.10695187,0.05882353,25.449198,7.171123,0.0,0.025641026,0.20512821,0.051282052,0.051282052,115225.91,158347.22,0.0,0.0,0.0
4.0,412.0,4.0,41.0,0.0,0.4875,0.11875,0.03125,24.1375,6.15,0.0,0.4117647,0.8235294,0.47058824,0.85294116,115225.91,158347.22,0.0,0.0,1.0
7.0,288.0,4.0,41.0,1.0,0.43846154,0.12307692,0.115384616,29.5,9.353847,0.0,0.14285715,0.78571427,0.35714287,0.9285714,115225.91,158347.22,0.0,0.0,1.0
6.0,298.0,4.0,41.0,1.0,0.5307692,0.10769231,0.13846155,30.692308,5.169231,0.0,0.0,0.65384614,0.0,1.0,115225.91,158347.22,0.0,0.0,1.0
6.0,288.0,4.0,41.0,0.0,0.49579832,0.10084034,0.075630255,27.605042,5.184874,0.26086956,0.3043478,0.8695652,0.39130434,1.0,115225.91,158347.22,0.0,0.0,1.0
6.0,299.0,4.0,41.0,1.0,0.49618322,0.08396947,0.14503817,33.16794,4.8778625,0.0,0.033333335,0.9,0.26666668,1.0,115225.91,158347.22,0.0,0.0,1.0
1.0,424.0,4.0,41.0,1.0,0.54330707,0.15354331,0.03937008,21.68504,7.889764,0.0,0.075,0.0,0.1,0.175,115225.91,158347.22,0.0,0.0,0.0
7.0,289.0,4.0,41.0,1.0,0.46031746,0.0952381,0.11904762,29.857143,9.333333,0.0,0.10714286,0.6785714,0.21428572,1.0,115225.91,158347.22,0.0,0.0,1.0
6.0,300.0,4.0,41.0,1.0,0.4920635,0.08730159,0.07936508,29.761906,5.1904764,0.0,0.22222222,0.6666667,0.18518518,1.0,115225.91,158347.22,0.0,0.0,1.0
6.0,292.0,4.0,41.0,0.0,0.45925927,0.096296296,0.06666667,27.214815,4.985185,0.0,0.0,0.6,0.057142857,0.9714286,115225.91,158347.22,0.0,0.0,1.0
7.0,335.0,4.0,41.0,0.0,0.48387095,0.088709675,0.088709675,31.564516,11.741936,0.20833333,0.33333334,1.0,0.75,1.0,115225.91,158347.22,0.0,0.0,1.0
4.0,124.0,4.0,41.0,1.0,0.5177305,0.09219858,0.04964539,26.397163,5.93617,0.0,0.26666668,0.8,0.13333334,1.0,115225.91,158347.22,0.0,0.0,1.0
5.0,199.0,4.0,41.0,1.0,0.47107437,0.12396694,0.0661157,26.504131,4.768595,0.0,0.06666667,0.4,0.1,0.33333334,115225.91,158347.22,0.0,0.0,1.0
1.0,425.0,4.0,41.0,1.0,0.5642458,0.17877094,0.044692736,21.340782,6.374302,0.0,0.028571429,0.0,0.0,0.0,115225.91,158347.22,0.0,0.0,0.0
2.0,4.541042e+07,4.0,41.0,1.0,0.57281554,0.1262136,0.067961164,23.747572,5.757282,0.0,0.0,0.2,,0.9,115225.91,158347.22,0.0,0.0,0.0
4.0,126.0,4.0,41.0,1.0,0.47468355,0.10759494,0.101265825,29.696203,6.481013,0.02631579,0.15789473,0.47368422,0.13157895,1.0,115225.91,158347.22,0.0,0.0,1.0
2.0,4.5414704e+07,4.0,41.0,0.0,0.4678899,0.110091746,0.07339449,27.642202,6.0091743,0.3,0.7,0.85,,1.0,115225.91,158347.22,0.0,0.0,0.0
5.0,200.0,4.0,41.0,1.0,0.47058824,0.10294118,0.066176474,27.44853,5.132353,0.0,0.030303031,0.3939394,0.09090909,0.8787879,115225.91,158347.22,0.0,0.0,1.0
5.0,237.0,4.0,41.0,0.0,0.5151515,0.09848485,0.030303031,26.871212,5.7272725,0.0,0.6923077,0.9230769,0.61538464,0.96153843,115225.91,158347.22,0.0,0.0,1.0
4.0,323.0,4.0,41.0,0.0,0.45882353,0.14705883,0.052941177,24.94706,7.8235292,0.1,0.725,0.95,0.725,0.9,115225.91,158347.22,0.0,0.0,1.0
4.0,322.0,4.0,41.0,0.0,0.540146,0.08759124,0.09489051,29.532846,5.189781,0.0,0.0,0.7419355,0.4516129,1.0,115225.91,158347.22,0.0,0.0,1.0
4.0,121.0,4.0,41.0,1.0,0.48076922,0.15384616,0.10897436,29.891026,6.423077,0.0,0.054054055,0.6216216,0.24324325,0.9459459,115225.91,158347.22,0.0,0.0,1.0
3.0,409.0,4.0,41.0,0.0,0.4652778,0.090277776,0.048611112,25.770834,6.5972223,0.033333335,0.96666664,0.9,0.8666667,0.9,115225.91,158347.22,0.0,0.0,0.0
6.0,290.0,4.0,41.0,1.0,0.48623854,0.1559633,0.027522936,24.550459,4.614679,0.0,0.14285715,0.6785714,0.10714286,1.0,115225.91,158347.22,0.0,0.0,1.0
5.0,236.0,4.0,41.0,0.0,0.5294118,0.10294118,0.073529415,28.286764,5.779412,0.0,0.79310346,1.0,0.79310346,0.9310345,115225.91,158347.22,0.0,0.0,1.0
6.0,291.0,4.0,41.0,1.0,0.504,0.088,0.096,27.64,4.84,0.0,0.033333335,0.6666667,0.46666667,1.0,115225.91,158347.22,0.0,0.0,1.0
2.0,4.5413864e+07,4.0,41.0,1.0,0.5491803,0.14754099,0.06557377,21.852459,7.6065574,0.0,0.05,0.0,,0.95,115225.91,158347.22,0.0,0.0,0.0
5.0,198.0,4.0,41.0,1.0,0.5416667,0.14166667,0.09166667,28.6,5.0333333,0.0,0.2,0.6,0.32,1.0,115225.91,158347.22,0.0,0.0,1.0
7.0,339.0,4.0,41.0,0.0,0.4829932,0.10204082,0.07482993,27.795918,11.034014,0.0,0.2,0.94285715,0.6571429,1.0,115225.91,158347.22,0.0,0.0,1.0
7.0,338.0,4.0,41.0,0.0,0.5229358,0.055045873,0.055045873,29.412844,9.266055,0.0,0.46153846,0.96153843,0.96153843,1.0,115225.91,158347.22,0.0,0.0,1.0
6.0,296.0,4.0,41.0,1.0,0.46496814,0.15923567,0.10191083,27.369427,5.853503,0.0,0.41935483,0.83870965,0.12903225,1.0,115225.91,158347.22,0.0,0.0,1.0
2.0,4.5419096e+07,4.0,41.0,1.0,0.56435645,0.12871288,0.03960396,24.039604,6.108911,0.0,0.0,0.05,,0.8,115225.91,158347.22,0.0,0.0,0.0
7.0,291.0,4.0,41.0,1.0,0.45859873,0.089171976,0.10191083,29.700638,11.707006,0.0,0.0,0.7647059,0.32352942,1.0,115225.91,158347.22,0.0,0.0,1.0
2.0,4.5416132e+07,4.0,41.0,1.0,0.55833334,0.06666667,0.083333336,25.366667,7.45,0.0,0.0,0.0,,0.95,115225.91,158347.22,0.0,0.0,0.0
7.0,337.0,4.0,41.0,0.0,0.49166667,0.15,0.041666668,26.291666,9.466666,0.074074075,0.7777778,1.0,0.9259259,1.0,115225.91,158347.22,0.0,0.0,1.0
7.0,292.0,4.0,41.0,1.0,0.52380955,0.103174604,0.055555556,28.166666,9.269841,0.0,0.0,0.85714287,0.17142858,1.0,115225.91,158347.22,0.0,0.0,1.0
5.0,244.0,4.0,41.0,0.0,0.49624062,0.10526316,0.067669176,27.849625,5.3157897,0.0,0.0882353,0.5,0.23529412,0.9411765,115225.91,158347.22,0.0,0.0,1.0
7.0,287.0,4.0,41.0,1.0,0.44827586,0.094827585,0.15517241,31.525862,8.75862,0.0,0.035714287,0.0,0.39285713,1.0,115225.91,158347.22,0.0,0.0,1.0
3.0,426.0,4.0,41.0,1.0,0.50510204,0.13265306,0.05612245,23.688776,6.2959185,0.0,0.0,0.0,0.07692308,0.102564104,115225.91,158347.22,0.0,0.0,0.0
1.0,118.0,1.0,42.0,1.0,0.4814815,0.16049382,0.074074075,24.28395,9.740741,0.0,0.0,0.03448276,0.0,0.51724136,95701.3,208040.19,0.0,0.0,0.0
7.0,30.0,1.0,42.0,1.0,0.46456692,0.11811024,0.18897638,35.503937,10.566929,0.0,0.0,0.72727275,0.13636364,1.0,95701.3,208040.19,0.0,0.0,1.0
3.0,102.0,1.0,42.0,0.0,0.5103448,0.18620689,0.06896552,23.22069,6.2,0.0,0.035714287,0.21428572,0.035714287,0.89285713,95701.3,208040.19,0.0,0.0,0.0
2.0,5.427303e+06,1.0,42.0,0.0,0.49473685,0.15789473,0.12631579,26.789474,5.5263157,0.0,0.0,0.0,,0.8,95701.3,208040.19,0.0,0.0,0.0
4.0,18.0,1.0,42.0,1.0,0.42682928,0.1402439,0.13414635,28.743902,5.9512196,0.0,0.05882353,0.7058824,0.14705883,0.9705882,95701.3,208040.19,0.0,0.0,1.0
3.0,116.0,1.0,42.0,1.0,0.442029,0.123188406,0.057971016,23.971014,6.710145,0.0,0.05,0.0,0.0,0.75,95701.3,208040.19,0.0,0.0,0.0
6.0,50.0,1.0,42.0,0.0,0.4516129,0.15483871,0.077419356,26.458065,6.1870966,0.0,0.16666667,0.7222222,0.22222222,0.9722222,95701.3,208040.19,0.0,0.0,1.0
3.0,117.0,1.0,42.0,1.0,0.5168539,0.15168539,0.050561797,22.573034,6.5393257,0.0,0.054054055,0.027027028,0.0,0.9189189,95701.3,208040.19,0.0,0.0,0.0
4.0,16.0,1.0,42.0,1.0,0.45625,0.1125,0.11875,27.625,6.5625,0.0,0.13793103,0.62068963,0.03448276,1.0,95701.3,208040.19,0.0,0.0,1.0
3.0,118.0,1.0,42.0,1.0,0.48507464,0.12686567,0.11940298,27.850746,5.8656716,0.0,0.045454547,0.0,0.0,0.8181818,95701.3,208040.19,0.0,0.0,0.0
5.0,21.0,1.0,42.0,1.0,0.41830066,0.16993465,0.104575165,25.281046,6.0457516,0.0,0.083333336,0.083333336,0.041666668,1.0,95701.3,208040.19,0.0,0.0,1.0
6.0,48.0,1.0,42.0,1.0,0.5084746,0.050847456,0.13559322,31.432203,4.9322033,0.0,0.0,0.5416667,0.041666668,0.875,95701.3,208040.19,0.0,0.0,1.0
5.0,22.0,1.0,42.0,1.0,0.5070422,0.08450704,0.09859155,28.302816,5.9295774,0.0,0.045454547,0.6818182,0.045454547,1.0,95701.3,208040.19,0.0,0.0,1.0
1.0,117.0,1.0,42.0,1.0,0.47668394,0.13989638,0.09326425,24.777203,6.720207,0.028571429,0.0,0.0,0.057142857,0.85714287,95701.3,208040.19,0.0,0.0,0.0
7.0,31.0,1.0,42.0,1.0,0.45378152,0.09243698,0.084033616,26.529411,9.361344,0.0,0.0,0.13043478,0.04347826,0.95652175,95701.3,208040.19,0.0,0.0,1.0
6.0,49.0,1.0,42.0,1.0,0.45588234,0.080882356,0.10294118,30.227942,5.029412,0.0,0.0,0.6956522,0.04347826,1.0,95701.3,208040.19,0.0,0.0,1.0
4.0,305.0,1.0,42.0,0.0,0.44755244,0.13986014,0.062937066,24.923077,5.825175,0.09090909,0.121212125,0.72727275,0.21212122,1.0,95701.3,208040.19,0.0,0.0,1.0
2.0,5.424003e+06,1.0,42.0,0.0,0.537037,0.11111111,0.074074075,25.63889,5.9444447,0.0,0.0,0.05,,0.7,95701.3,208040.19,0.0,0.0,0.0
5.0,41.0,1.0,42.0,0.0,0.4779412,0.125,0.05882353,25.852942,5.5735292,0.0,0.22580644,0.7096774,0.12903225,1.0,95701.3,208040.19,0.0,0.0,1.0
7.0,33.0,1.0,42.0,1.0,0.38848922,0.12230216,0.086330935,25.18705,11.064748,0.0,0.054054055,0.9189189,0.24324325,1.0,95701.3,208040.19,0.0,0.0,1.0
7.0,59.0,1.0,42.0,0.0,0.46280992,0.14876033,0.09090909,27.289257,9.636364,0.0,0.57575756,1.0,0.8787879,1.0,95701.3,208040.19,0.0,0.0,1.0
1.0,116.0,1.0,42.0,1.0,0.48618785,0.1436464,0.09392265,24.856354,7.2099447,0.0,0.033333335,0.03448276,0.033333335,0.9,95701.3,208040.19,0.0,0.0,0.0
2.0,5.427373e+06,1.0,42.0,1.0,0.5106383,0.14893617,0.07446808,24.393618,5.2978725,0.0,0.0,0.0,,0.9,95701.3,208040.19,0.0,0.0,0.0
6.0,47.0,1.0,42.0,1.0,0.4031008,0.1007752,0.12403101,28.914728,5.294574,0.0,0.0,0.04761905,0.04761905,1.0,95701.3,208040.19,0.0,0.0,1.0
6.0,46.0,1.0,42.0,1.0,0.47727272,0.15151516,0.12878788,29.484848,6.651515,0.0,0.0,0.6666667,0.04761905,1.0,95701.3,208040.19,0.0,0.0,1.0
2.0,5.424363e+06,1.0,42.0,1.0,0.47933885,0.14876033,0.03305785,21.669422,7.0826445,0.0,0.0,0.0,,0.35,95701.3,208040.19,0.0,0.0,0.0
5.0,23.0,1.0,42.0,1.0,0.5231788,0.14569536,0.0794702,24.960264,5.8211923,0.03846154,0.07692308,0.53846157,0.07692308,1.0,95701.3,208040.19,0.0,0.0,1.0
2.0,5.424019e+06,1.0,42.0,1.0,0.5,0.114035085,0.096491225,23.982456,6.4035087,0.0,0.0,0.0,,0.85,95701.3,208040.19,0.0,0.0,0.0
1.0,102.0,1.0,42.0,0.0,0.52671754,0.20610687,0.030534351,20.717558,6.0992365,0.03846154,0.07692308,0.07692308,0.07692308,0.6923077,95701.3,208040.19,0.0,0.0,0.0
7.0,32.0,1.0,42.0,1.0,0.42741936,0.12096774,0.15322581,31.258064,9.741936,0.0,0.09090909,0.045454547,0.045454547,1.0,95701.3,208040.19,0.0,0.0,1.0
6.0,45.0,1.0,42.0,0.0,0.5,0.07534247,0.14383562,30.547945,6.0410957,0.0,0.071428575,0.78571427,0.2857143,1.0,95701.3,208040.19,0.0,0.0,1.0
6.0,51.0,1.0,42.0,1.0,0.43283582,0.14179105,0.08955224,26.179104,5.149254,0.0,0.0,0.24,0.0,0.96,95701.3,208040.19,0.0,0.0,1.0
1.0,118.0,1.0,42.0,1.0,0.56962025,0.16455697,0.12658228,26.594936,5.481013,0.0,0.0,0.03448276,0.0,0.51724136,95701.3,208040.19,0.0,0.0,0.0
4.0,17.0,1.0,42.0,1.0,0.45695364,0.13245033,0.105960265,25.039736,6.0066223,0.033333335,0.033333335,0.06896552,0.033333335,0.96666664,95701.3,208040.19,0.0,0.0,1.0
1.0,418.0,4.0,44.0,1.0,0.51578945,0.11578947,0.05263158,22.942104,6.6,0.0,0.05,0.0,0.075,0.65,118947.61,122929.875,0.0,0.0,0.0
7.0,299.0,4.0,44.0,1.0,0.5041322,0.09090909,0.14049587,29.752066,8.909091,0.0,0.06666667,0.0,0.13333334,1.0,118947.61,122929.875,0.0,0.0,1.0
5.0,238.0,4.0,44.0,0.0,0.503268,0.13071896,0.09150327,27.398693,6.1503267,0.0,0.29411766,0.7647059,0.38235295,1.0,118947.61,122929.875,0.0,0.0,1.0
7.0,341.0,4.0,44.0,0.0,0.45112783,0.12781955,0.082706764,26.932331,9.819549,0.0,0.06666667,0.9,0.36666667,0.93333334,118947.61,122929.875,0.0,0.0,1.0
7.0,295.0,4.0,44.0,1.0,0.4732143,0.0625,0.15178572,32.30357,8.392858,0.07692308,0.0,0.65384614,0.15384616,0.96153843,118947.61,122929.875,0.0,0.0,1.0
3.0,418.0,4.0,44.0,1.0,0.54268295,0.09146342,0.067073174,24.286585,5.8292685,0.0,0.030303031,0.03125,0.060606062,0.6363636,118947.61,122929.875,0.0,0.0,0.0
6.0,304.0,4.0,44.0,1.0,0.4537037,0.14814815,0.046296295,25.574074,4.4444447,0.032258064,0.0,0.9677419,0.38709676,1.0,118947.61,122929.875,0.0,0.0,1.0
4.0,131.0,4.0,44.0,1.0,0.52100843,0.15966387,0.075630255,25.571428,4.6134453,0.0,0.0,0.0,0.0,1.0,118947.61,122929.875,0.0,0.0,1.0
7.0,340.0,4.0,44.0,0.0,0.45945945,0.12612613,0.054054055,25.063063,9.099099,0.2413793,0.06896552,0.9655172,0.5862069,1.0,118947.61,122929.875,0.0,0.0,1.0
7.0,294.0,4.0,44.0,1.0,0.4108527,0.12403101,0.054263566,26.32558,9.5348835,0.0,0.09677419,1.0,0.22580644,1.0,118947.61,122929.875,0.0,0.0,1.0
3.0,407.0,4.0,44.0,0.0,0.43925235,0.14018692,0.028037382,23.121496,5.7850466,0.44444445,0.3888889,0.7777778,0.7777778,1.0,118947.61,122929.875,0.0,0.0,0.0
7.0,298.0,4.0,44.0,1.0,0.43307087,0.062992126,0.10236221,30.661417,9.811024,0.0,0.10714286,0.89285713,0.17857143,1.0,118947.61,122929.875,0.0,0.0,1.0
1.0,419.0,4.0,44.0,1.0,0.5473251,0.11934157,0.049382716,25.168724,7.847737,0.0,0.31914893,0.61702126,0.38297874,1.0,118947.61,122929.875,0.0,0.0,0.0
6.0,305.0,4.0,44.0,1.0,0.52845526,0.08130081,0.13821138,30.203253,4.886179,0.0,0.07692308,0.7307692,0.23076923,1.0,118947.61,122929.875,0.0,0.0,1.0
6.0,308.0,4.0,44.0,1.0,0.4755245,0.11888112,0.07692308,25.90909,5.265734,0.0,0.14814815,0.5925926,0.25925925,1.0,118947.61,122929.875,0.0,0.0,1.0
6.0,306.0,4.0,44.0,0.0,0.464,0.144,0.048,27.04,4.888,0.25,0.5625,1.0,0.71875,1.0,118947.61,122929.875,0.0,0.0,1.0
3.0,417.0,4.0,44.0,1.0,0.5092593,0.097222224,0.0787037,25.268518,6.4444447,0.0,0.0,0.0,0.14634146,0.41463414,118947.61,122929.875,0.0,0.0,0.0
5.0,206.0,4.0,44.0,1.0,0.47692308,0.10769231,0.06153846,25.038462,5.1538463,0.0,0.14285715,0.5714286,0.14285715,1.0,118947.61,122929.875,0.0,0.0,1.0
2.0,4.5447184e+07,4.0,44.0,1.0,0.5192308,0.115384616,0.028846154,22.807692,5.769231,0.0,0.0,0.0,,0.55,118947.61,122929.875,0.0,0.0,0.0
6.0,303.0,4.0,44.0,1.0,0.5086207,0.12931034,0.0862069,28.25,4.5172415,0.0,0.0,0.6785714,0.17857143,1.0,118947.61,122929.875,0.0,0.0,1.0
6.0,302.0,4.0,44.0,0.0,0.519084,0.099236645,0.06870229,28.122137,5.8396945,0.3448276,0.44827586,1.0,0.9310345,1.0,118947.61,122929.875,0.0,0.0,1.0
5.0,204.0,4.0,44.0,1.0,0.5,0.103174604,0.055555556,26.809525,5.2063494,0.0,0.1724138,0.55172414,0.10344828,1.0,118947.61,122929.875,0.0,0.0,1.0
5.0,205.0,4.0,44.0,1.0,0.47517732,0.09929078,0.07801419,27.943262,5.992908,0.0,0.115384616,0.53846157,0.26923078,1.0,118947.61,122929.875,0.0,0.0,1.0
5.0,203.0,4.0,44.0,1.0,0.5416667,0.16666667,0.083333336,26.07639,5.388889,0.0,0.16129032,0.7419355,0.06451613,1.0,118947.61,122929.875,0.0,0.0,1.0
1.0,407.0,4.0,44.0,0.0,0.48181817,0.09090909,0.045454547,24.627274,5.9454546,0.55,0.45,0.65,0.75,0.9,118947.61,122929.875,0.0,0.0,0.0
2.0,4.5441932e+07,4.0,44.0,1.0,0.4949495,0.13131313,0.060606062,23.383839,6.232323,0.0,0.05,0.0,,0.4,118947.61,122929.875,0.0,0.0,0.0
4.0,130.0,4.0,44.0,1.0,0.5102041,0.18367347,0.06122449,23.979591,5.734694,0.0,0.030303031,0.7878788,0.18181819,1.0,118947.61,122929.875,0.0,0.0,1.0
6.0,307.0,4.0,44.0,1.0,0.45801526,0.114503816,0.091603056,29.114504,4.9083967,0.0,0.06451613,0.8064516,0.22580644,1.0,118947.61,122929.875,0.0,0.0,1.0
6.0,309.0,4.0,44.0,1.0,0.47482014,0.12230216,0.11510792,29.791367,5.532374,0.0,0.0,0.8888889,0.37037036,1.0,118947.61,122929.875,0.0,0.0,1.0
2.0,4.5448016e+07,4.0,44.0,1.0,0.5416667,0.058333334,0.058333334,26.283333,6.633333,0.0,0.3,0.4,,0.75,118947.61,122929.875,0.0,0.0,0.0
4.0,129.0,4.0,44.0,1.0,0.49112427,0.14201184,0.082840234,25.532545,6.289941,0.0,0.060606062,0.6363636,0.18181819,0.969697,118947.61,122929.875,0.0,0.0,1.0
1.0,417.0,4.0,44.0,1.0,0.5058824,0.11764706,0.06666667,24.364706,6.670588,0.0,0.04347826,0.0,0.10869565,0.39130434,118947.61,122929.875,0.0,0.0,0.0
4.0,128.0,4.0,44.0,1.0,0.50609756,0.17073171,0.085365854,24.987804,6.4268293,0.0,0.0,0.2,0.0,0.9714286,118947.61,122929.875,0.0,0.0,1.0
4.0,324.0,4.0,44.0,0.0,0.48951048,0.0979021,0.055944055,25.027971,5.3076925,0.20689656,0.2413793,0.62068963,0.2413793,1.0,118947.61,122929.875,0.0,0.0,1.0
3.0,419.0,4.0,44.0,1.0,0.52401745,0.12663755,0.06113537,23.921398,8.336245,0.0,0.2195122,0.5365854,0.29268292,0.9756098,118947.61,122929.875,0.0,0.0,0.0
7.0,297.0,4.0,44.0,1.0,0.5080645,0.08064516,0.08064516,27.008064,10.064516,0.0,0.0,0.72727275,0.121212125,1.0,118947.61,122929.875,0.0,0.0,1.0
2.0,4.5441904e+07,4.0,44.0,0.0,0.5858586,0.121212125,0.02020202,23.121212,5.6868687,0.55,0.4,0.8,,0.8,118947.61,122929.875,0.0,0.0,0.0
7.0,293.0,4.0,44.0,1.0,0.45384616,0.13846155,0.06923077,26.96923,10.307693,0.0,0.24242425,0.6060606,0.15151516,1.0,118947.61,122929.875,0.0,0.0,1.0
7.0,296.0,4.0,44.0,1.0,0.51282054,0.11111111,0.051282052,27.965813,8.837606,0.0,0.06896552,0.86206895,0.3448276,0.9310345,118947.61,122929.875,0.0,0.0,1.0
7.0,352.0,4.0,47.0,0.0,0.4852941,0.13235295,0.066176474,25.617647,10.676471,0.0,0.22222222,1.0,0.8518519,0.962963,110140.45,188975.33,0.0,0.0,1.0
7.0,351.0,4.0,47.0,0.0,0.5328467,0.09489051,0.10218978,27.759125,11.109489,0.0,0.037037037,1.0,0.4074074,0.9259259,110140.45,188975.33,0.0,0.0,1.0
7.0,353.0,4.0,47.0,0.0,0.42675158,0.15286624,0.05732484,24.127388,12.292994,0.0,0.0,0.8888889,0.2777778,0.9166667,110140.45,188975.33,0.0,0.0,1.0
6.0,323.0,4.0,47.0,1.0,0.5,0.083333336,0.11805555,31.76389,5.8055553,0.0,0.0,0.5416667,0.0,0.5,110140.45,188975.33,0.0,0.0,1.0
1.0,404.0,4.0,47.0,1.0,0.47115386,0.20192307,0.048076924,21.23077,6.7115383,0.0,0.037037037,0.44444445,0.11111111,0.037037037,110140.45,188975.33,0.0,0.0,0.0
4.0,547.0,4.0,47.0,0.0,0.47368422,0.18045112,0.02255639,22.18797,5.7518797,0.0,0.56666666,0.76666665,0.6333333,0.6333333,110140.45,188975.33,0.0,0.0,1.0
5.0,230.0,4.0,47.0,0.0,0.46721312,0.09836066,0.06557377,29.049181,5.2295084,0.0,0.9655172,1.0,0.79310346,0.86206895,110140.45,188975.33,0.0,0.0,1.0
7.0,356.0,4.0,47.0,0.0,0.4385965,0.10526316,0.0877193,29.95614,8.912281,0.035714287,0.53571427,1.0,0.9285714,0.96428573,110140.45,188975.33,0.0,0.0,1.0
1.0,401.0,4.0,47.0,0.0,0.47619048,0.15476191,0.011904762,21.595238,4.6190476,0.10526316,0.84210527,0.68421054,0.47368422,0.36842105,110140.45,188975.33,0.0,0.0,0.0
4.0,542.0,4.0,47.0,0.0,0.5422535,0.12676056,0.07042254,24.711267,5.633803,0.0,0.074074075,0.7777778,0.22222222,0.5925926,110140.45,188975.33,0.0,0.0,1.0
5.0,227.0,4.0,47.0,0.0,0.53900707,0.11347517,0.09219858,26.872341,5.4822693,0.0,0.12,0.36,0.16,1.0,110140.45,188975.33,0.0,0.0,1.0
6.0,326.0,4.0,47.0,0.0,0.41129032,0.14516129,0.11290322,32.419353,5.306452,0.29166666,0.9583333,1.0,1.0,1.0,110140.45,188975.33,0.0,0.0,1.0
4.0,140.0,4.0,47.0,1.0,0.51428574,0.10714286,0.12142857,28.607143,5.457143,0.0,0.03448276,0.6551724,0.10344828,0.7586207,110140.45,188975.33,0.0,0.0,1.0
6.0,319.0,4.0,47.0,0.0,0.46938777,0.07482993,0.06802721,30.244898,6.4557824,0.33333334,0.8148148,1.0,1.0,1.0,110140.45,188975.33,0.0,0.0,1.0
7.0,301.0,4.0,47.0,1.0,0.47368422,0.120300755,0.13533835,34.05263,11.293233,0.0,0.2,0.9,0.26666668,0.96666664,110140.45,188975.33,0.0,0.0,1.0
4.0,142.0,4.0,47.0,1.0,0.5479452,0.10273973,0.08219178,27.773973,5.8630137,0.0,0.03125,0.8125,0.3125,1.0,110140.45,188975.33,0.0,0.0,1.0
6.0,325.0,4.0,47.0,0.0,0.5034965,0.12587413,0.09090909,27.93007,5.5594406,0.0,0.035714287,0.8214286,0.42857143,1.0,110140.45,188975.33,0.0,0.0,1.0
5.0,231.0,4.0,47.0,0.0,0.57419354,0.10967742,0.038709678,25.187098,6.1354837,0.0,0.5,0.9,0.46666667,0.9,110140.45,188975.33,0.0,0.0,1.0
6.0,317.0,4.0,47.0,0.0,0.57258064,0.11290322,0.024193548,24.169355,5.370968,0.0,0.86206895,1.0,0.9655172,1.0,110140.45,188975.33,0.0,0.0,1.0
6.0,320.0,4.0,47.0,0.0,0.4920635,0.11904762,0.071428575,26.055555,5.3174605,0.060606062,0.27272728,0.969697,0.6363636,0.8484849,110140.45,188975.33,0.0,0.0,1.0
7.0,305.0,4.0,47.0,1.0,0.4964029,0.09352518,0.05755396,29.273382,12.302158,0.0,0.033333335,0.5,0.1,0.96666664,110140.45,188975.33,0.0,0.0,1.0
4.0,541.0,4.0,47.0,0.0,0.4935065,0.09090909,0.051948052,27.948051,6.5064936,0.0,0.29411766,0.9705882,0.5588235,0.7352941,110140.45,188975.33,0.0,0.0,1.0
6.0,321.0,4.0,47.0,0.0,0.5248227,0.10638298,0.10638298,27.957447,5.4822693,0.0,0.2580645,1.0,0.61290324,0.9677419,110140.45,188975.33,0.0,0.0,1.0
3.0,431.0,4.0,47.0,1.0,0.49367088,0.12025317,0.08227848,26.170887,6.012658,0.0,0.033333335,0.033333335,0.0,0.0,110140.45,188975.33,0.0,0.0,0.0
2.0,5.0475104e+07,4.0,47.0,0.0,0.49019608,0.12745099,0.04901961,24.264706,6.5882354,0.0,0.35,0.75,,0.6,110140.45,188975.33,0.0,0.0,0.0
5.0,232.0,4.0,47.0,0.0,0.4390244,0.15243903,0.07926829,25.030487,6.8536587,0.0,0.43333334,0.9,0.3,0.93333334,110140.45,188975.33,0.0,0.0,1.0
7.0,304.0,4.0,47.0,1.0,0.47272727,0.09090909,0.11818182,30.709091,8.727273,0.0,0.06896552,0.79310346,0.3448276,0.86206895,110140.45,188975.33,0.0,0.0,1.0
4.0,545.0,4.0,47.0,0.0,0.5241935,0.13709678,0.05645161,24.903225,4.7419353,0.0,0.46666667,0.93333334,0.6333333,0.8333333,110140.45,188975.33,0.0,0.0,1.0
6.0,318.0,4.0,47.0,0.0,0.5307692,0.10769231,0.053846154,25.746155,5.076923,0.0,0.5151515,1.0,0.72727275,0.969697,110140.45,188975.33,0.0,0.0,1.0
5.0,207.0,4.0,47.0,1.0,0.5555556,0.13333334,0.08148148,26.503704,5.266667,0.0,0.15384616,0.0,0.07692308,0.5769231,110140.45,188975.33,0.0,0.0,1.0
4.0,544.0,4.0,47.0,0.0,0.4899329,0.16107382,0.026845638,23.073826,5.738255,0.19444445,0.3888889,0.8611111,0.8333333,0.9166667,110140.45,188975.33,0.0,0.0,1.0
7.0,355.0,4.0,47.0,0.0,0.5,0.11111111,0.103174604,30.047619,9.777778,0.0,0.53846157,1.0,0.9230769,0.96153843,110140.45,188975.33,0.0,0.0,1.0
5.0,209.0,4.0,47.0,0.0,0.5714286,0.0,0.14285715,34.42857,7.0,0.0,0.0,0.28,0.0,0.56,110140.45,188975.33,0.0,0.0,1.0
5.0,228.0,4.0,47.0,0.0,0.5,0.12711865,0.050847456,26.59322,5.0338984,0.0,1.0,0.9285714,0.89285713,1.0,110140.45,188975.33,0.0,0.0,1.0
7.0,302.0,4.0,47.0,1.0,0.5096774,0.12258065,0.14838709,28.490322,12.4,0.0,0.0,0.037037037,0.11111111,0.962963,110140.45,188975.33,0.0,0.0,1.0
2.0,5.0474524e+07,4.0,47.0,0.0,0.56626505,0.09638554,0.0,22.939758,4.759036,1.0,1.0,1.0,,1.0,110140.45,188975.33,0.0,0.0,0.0
6.0,314.0,4.0,47.0,1.0,0.48120302,0.09774436,0.14285715,32.466164,5.3157897,0.0,0.035714287,0.60714287,0.25,1.0,110140.45,188975.33,0.0,0.0,1.0
6.0,310.0,4.0,47.0,1.0,0.42016807,0.10084034,0.1092437,28.453781,4.9663863,0.0,0.032258064,0.32258064,0.032258064,0.3548387,110140.45,188975.33,0.0,0.0,1.0
4.0,543.0,4.0,47.0,0.0,0.53205127,0.13461539,0.032051284,24.551283,6.448718,0.0,0.14705883,0.5588235,0.29411766,0.5294118,110140.45,188975.33,0.0,0.0,1.0
7.0,358.0,4.0,47.0,0.0,0.5,0.125,0.06666667,26.975,9.033334,0.0,0.42857143,1.0,0.85714287,1.0,110140.45,188975.33,0.0,0.0,1.0
6.0,313.0,4.0,47.0,0.0,0.52517986,0.107913665,0.10071942,30.561152,5.3741007,0.0,0.0,0.93939394,0.21212122,1.0,110140.45,188975.33,0.0,0.0,1.0
2.0,5.047757e+07,4.0,47.0,0.0,0.50961536,0.16346154,0.03846154,24.0,5.6346154,0.0,0.05,0.35,,0.35,110140.45,188975.33,0.0,0.0,0.0
2.0,5.047302e+07,4.0,47.0,1.0,0.5591398,0.07526882,0.086021505,26.333334,5.4731183,0.0,0.05,0.0,,0.6,110140.45,188975.33,0.0,0.0,0.0
3.0,401.0,4.0,47.0,0.0,0.48039216,0.14705883,0.039215688,22.862745,5.5686274,0.0,0.5714286,0.9047619,0.42857143,0.42857143,110140.45,188975.33,0.0,0.0,0.0
6.0,327.0,4.0,47.0,0.0,0.44444445,0.09803922,0.104575165,28.90196,5.901961,0.057142857,0.62857145,1.0,0.82857144,0.9714286,110140.45,188975.33,0.0,0.0,1.0
2.0,5.0474084e+07,4.0,47.0,0.0,0.5051546,0.10309278,0.030927835,21.824741,5.659794,0.0,0.1,1.0,,0.4,110140.45,188975.33,0.0,0.0,0.0
5.0,208.0,4.0,47.0,1.0,0.52,0.088,0.136,35.488,4.904,0.0,0.074074075,0.6666667,0.037037037,0.8518519,110140.45,188975.33,0.0,0.0,1.0
1.0,432.0,4.0,47.0,1.0,0.50884956,0.13274336,0.061946902,24.23009,7.9911504,0.0,0.06666667,0.0,0.0,0.06666667,110140.45,188975.33,0.0,0.0,0.0
3.0,403.0,4.0,47.0,1.0,0.47311828,0.11827957,0.043010753,23.311829,6.290323,0.0,0.1,0.25,0.2,0.55,110140.45,188975.33,0.0,0.0,0.0
3.0,402.0,4.0,47.0,0.0,0.55,0.125,0.0625,25.5125,5.525,0.0,0.26666668,0.8666667,0.0,0.26666668,110140.45,188975.33,0.0,0.0,0.0
3.0,404.0,4.0,47.0,1.0,0.47619048,0.11904762,0.05952381,27.261906,5.5238094,0.0,0.14285715,0.2857143,0.0952381,0.0952381,110140.45,188975.33,0.0,0.0,0.0
4.0,546.0,4.0,47.0,0.0,0.47761193,0.15671642,0.04477612,22.425373,6.2985077,0.0,0.0,0.25,0.0625,0.28125,110140.45,188975.33,0.0,0.0,1.0
7.0,342.0,4.0,47.0,0.0,0.48214287,0.09821428,0.09821428,31.821428,9.321428,0.0,0.115384616,0.88461536,0.46153846,0.96153843,110140.45,188975.33,0.0,0.0,1.0
5.0,209.0,4.0,47.0,1.0,0.48360655,0.114754096,0.114754096,28.17213,4.6885247,0.0,0.0,0.28,0.0,0.56,110140.45,188975.33,0.0,0.0,1.0
6.0,322.0,4.0,47.0,1.0,0.48175183,0.08029197,0.11678832,28.948906,5.350365,0.0,0.0,0.4814815,0.18518518,0.6666667,110140.45,188975.33,0.0,0.0,1.0
6.0,324.0,4.0,47.0,0.0,0.47482014,0.07194245,0.086330935,33.08633,5.1438847,0.0,0.03125,0.9375,0.875,1.0,110140.45,188975.33,0.0,0.0,1.0
6.0,316.0,4.0,47.0,0.0,0.52,0.112,0.048,26.344,4.648,0.0,0.3448276,1.0,0.7586207,0.8965517,110140.45,188975.33,0.0,0.0,1.0
7.0,300.0,4.0,47.0,1.0,0.4827586,0.10344828,0.060344826,25.862068,9.379311,0.0,0.0,0.0,0.0,0.5714286,110140.45,188975.33,0.0,0.0,1.0
6.0,311.0,4.0,47.0,1.0,0.48872182,0.120300755,0.10526316,27.691729,5.0451126,0.0,0.0,0.071428575,0.0,0.5,110140.45,188975.33,0.0,0.0,1.0
5.0,226.0,4.0,47.0,0.0,0.5102041,0.1632653,0.07482993,25.544218,6.088435,0.0,0.87096775,0.9677419,0.7096774,0.8064516,110140.45,188975.33,0.0,0.0,1.0
5.0,229.0,4.0,47.0,0.0,0.5070422,0.18309858,0.07746479,25.943663,7.9295774,0.0,0.33333334,0.93333334,0.43333334,1.0,110140.45,188975.33,0.0,0.0,1.0
7.0,357.0,4.0,47.0,0.0,0.504,0.088,0.08,27.936,10.288,0.0,0.30769232,1.0,0.9230769,0.96153843,110140.45,188975.33,0.0,0.0,1.0
7.0,303.0,4.0,47.0,1.0,0.5042017,0.12605043,0.15966387,31.218487,9.260504,0.0,0.0,0.22222222,0.037037037,0.4814815,110140.45,188975.33,0.0,0.0,1.0
1.0,403.0,4.0,47.0,1.0,0.5277778,0.14814815,0.06481481,23.296297,7.296296,0.055555556,0.11111111,0.22222222,0.16666667,0.22222222,110140.45,188975.33,0.0,0.0,0.0
4.0,141.0,4.0,47.0,1.0,0.53846157,0.11888112,0.0979021,26.167831,5.4335666,0.0,0.0,0.0,0.0,0.16129032,110140.45,188975.33,0.0,0.0,1.0
7.0,354.0,4.0,47.0,0.0,0.42975205,0.10743801,0.11570248,31.421488,9.404959,0.0,0.21428572,1.0,0.85714287,1.0,110140.45,188975.33,0.0,0.0,1.0
7.0,350.0,4.0,47.0,0.0,0.42537314,0.08208955,0.09701493,28.61194,10.925373,0.0,0.23076923,0.96153843,0.6923077,1.0,110140.45,188975.33,0.0,0.0,1.0
6.0,315.0,4.0,47.0,0.0,0.5302013,0.147651,0.040268455,25.657719,5.536913,0.0,0.037037037,0.8888889,0.44444445,1.0,110140.45,188975.33,0.0,0.0,1.0
1.0,402.0,4.0,47.0,0.0,0.5289256,0.09917355,0.041322313,23.099174,7.628099,0.0,0.5555556,0.8888889,0.44444445,0.2777778,110140.45,188975.33,0.0,0.0,0.0
2.0,5.047751e+07,4.0,47.0,0.0,0.58181816,0.10909091,0.027272727,21.536364,5.909091,0.0,0.2,0.8,,0.55,110140.45,188975.33,0.0,0.0,0.0
2.0,5.0475108e+07,4.0,47.0,0.0,0.4673913,0.11956522,0.032608695,25.25,4.9347825,0.25,0.3,0.75,,0.45,110140.45,188975.33,0.0,0.0,0.0
3.0,432.0,4.0,47.0,1.0,0.46451613,0.11612903,0.058064517,25.135485,6.0580645,0.0,0.025641026,0.025641026,0.025641026,0.20512821,110140.45,188975.33,0.0,0.0,0.0
2.0,5.047646e+07,4.0,47.0,1.0,0.54310346,0.12931034,0.060344826,24.758621,6.913793,0.0,0.25,0.0,,0.3,110140.45,188975.33,0.0,0.0,0.0
6.0,312.0,4.0,47.0,0.0,0.47333333,0.13333334,0.086666666,26.966667,5.9466667,0.0,0.0,0.78125,0.15625,0.9375,110140.45,188975.33,0.0,0.0,1.0
1.0,431.0,4.0,47.0,1.0,0.5,0.16336633,0.09405941,25.153465,7.039604,0.025,0.0,0.0,0.0,0.0,110140.45,188975.33,0.0,0.0,0.0
2.0,5.047213e+07,4.0,47.0,0.0,0.51086956,0.1521739,0.02173913,23.065218,5.2608695,0.05,0.15,0.85,,0.4,110140.45,188975.33,0.0,0.0,0.0
7.0,343.0,4.0,47.0,0.0,0.5241379,0.14482759,0.08275862,26.22069,11.131035,0.0,0.0,0.3611111,0.083333336,1.0,110140.45,188975.33,0.0,0.0,1.0
2.0,5.0476976e+07,4.0,47.0,0.0,0.5631068,0.14563107,0.0776699,24.281553,6.067961,0.0,0.0,0.1,,0.7,110140.45,188975.33,0.0,0.0,0.0
2.0,5.047851e+07,4.0,47.0,0.0,0.43243244,0.22522523,0.054054055,20.054054,6.171171,0.55,0.7,0.95,,0.3,110140.45,188975.33,0.0,0.0,0.0
5.0,210.0,4.0,47.0,1.0,0.49382716,0.06790123,0.12962963,29.925926,6.123457,0.0,0.14285715,0.78571427,0.0,0.9285714,110140.45,188975.33,0.0,0.0,1.0
2.0,5.0474516e+07,4.0,47.0,0.0,0.5123967,0.12396694,0.041322313,24.057852,6.785124,0.0,0.1,0.75,,0.4,110140.45,188975.33,0.0,0.0,0.0
2.0,5.0474828e+07,4.0,47.0,0.0,0.49586776,0.09090909,0.05785124,25.206612,7.2809916,0.0,0.0,0.55,,0.35,110140.45,188975.33,0.0,0.0,0.0
7.0,469.0,5.0,49.0,1.0,0.45774648,0.112676054,0.12676056,28.359156,10.929578,0.0,0.0,0.41666666,0.16666667,0.9583333,266759.1,152673.62,1.0,1.0,1.0
1.0,531.0,5.0,49.0,1.0,0.49375,0.175,0.06875,23.73125,6.7,0.0,0.032258064,0.0,0.0,0.32258064,266759.1,152673.62,1.0,1.0,0.0
6.0,478.0,5.0,49.0,1.0,0.46258503,0.12244898,0.08163265,26.088436,5.748299,0.0,0.0,0.32258064,0.12903225,1.0,266759.1,152673.62,1.0,1.0,1.0
1.0,532.0,5.0,49.0,1.0,0.52820516,0.14871795,0.035897437,21.241026,5.953846,0.025641026,0.0,0.0,0.0,0.33333334,266759.1,152673.62,1.0,1.0,0.0
1.0,533.0,5.0,49.0,1.0,0.47619048,0.2,0.061904762,22.595238,7.590476,0.0,0.046511628,0.0,0.0,0.23255815,266759.1,152673.62,1.0,1.0,0.0
3.0,533.0,5.0,49.0,1.0,0.5082873,0.1878453,0.055248618,22.502762,5.685083,0.029411765,0.05882353,0.03125,0.029411765,0.64705884,266759.1,152673.62,1.0,1.0,0.0
6.0,486.0,5.0,49.0,1.0,0.48739496,0.14285715,0.084033616,26.69748,5.117647,0.0,0.035714287,0.25,0.21428572,1.0,266759.1,152673.62,1.0,1.0,1.0
7.0,468.0,5.0,49.0,1.0,0.4820144,0.12230216,0.05755396,28.28777,10.748201,0.0,0.06666667,0.4,0.2,1.0,266759.1,152673.62,1.0,1.0,1.0
7.0,471.0,5.0,49.0,1.0,0.50877196,0.14619882,0.058479533,23.97076,15.941521,0.0,0.060606062,0.0,0.121212125,1.0,266759.1,152673.62,1.0,1.0,1.0
5.0,299.0,5.0,49.0,0.0,0.5179856,0.11510792,0.05755396,26.510792,6.1079135,0.72727275,0.6363636,0.8181818,0.6666667,1.0,266759.1,152673.62,1.0,1.0,1.0
4.0,203.0,5.0,49.0,1.0,0.5507246,0.13768116,0.04347826,24.210144,5.0289855,0.0,0.033333335,0.1,0.06666667,1.0,266759.1,152673.62,1.0,1.0,1.0
2.0,8.549947e+07,5.0,49.0,1.0,0.516129,0.12903225,0.086021505,25.537634,5.172043,0.0,0.0,0.0,,0.25,266759.1,152673.62,1.0,1.0,0.0
7.0,475.0,5.0,49.0,1.0,0.43307087,0.07874016,0.11811024,31.33071,9.716536,0.0,0.04,0.2,0.0,1.0,266759.1,152673.62,1.0,1.0,1.0
7.0,515.0,5.0,49.0,0.0,0.528,0.128,0.088,28.32,9.68,0.0,0.11111111,0.7037037,0.37037036,1.0,266759.1,152673.62,1.0,1.0,1.0
7.0,470.0,5.0,49.0,1.0,0.53333336,0.1,0.108333334,28.925,10.133333,0.03846154,0.0,0.34615386,0.07692308,1.0,266759.1,152673.62,1.0,1.0,1.0
5.0,262.0,5.0,49.0,1.0,0.4262295,0.13934426,0.09836066,27.303278,5.0655737,0.0,0.0,0.24,0.04,1.0,266759.1,152673.62,1.0,1.0,1.0
7.0,516.0,5.0,49.0,0.0,0.4827586,0.10344828,0.07586207,28.634483,10.468966,0.033333335,0.033333335,0.9,0.36666667,1.0,266759.1,152673.62,1.0,1.0,1.0
3.0,532.0,5.0,49.0,1.0,0.5269461,0.15568863,0.047904193,22.550898,6.077844,0.0,0.0,0.029411765,0.029411765,0.5588235,266759.1,152673.62,1.0,1.0,0.0
2.0,8.549772e+07,5.0,49.0,1.0,0.4945055,0.14285715,0.08791209,25.131868,5.0439563,0.0,0.0,0.0,,0.3,266759.1,152673.62,1.0,1.0,0.0
5.0,261.0,5.0,49.0,1.0,0.518797,0.16541353,0.05263158,23.49624,5.8721805,0.0,0.037037037,0.0,0.037037037,1.0,266759.1,152673.62,1.0,1.0,1.0
4.0,201.0,5.0,49.0,1.0,0.45355192,0.17486338,0.043715846,20.540983,8.04918,0.0,0.0,0.0,0.0,0.9512195,266759.1,152673.62,1.0,1.0,1.0
4.0,202.0,5.0,49.0,1.0,0.4868421,0.19736843,0.032894738,22.651316,6.4736843,0.0,0.0,0.0,0.027027028,0.972973,266759.1,152673.62,1.0,1.0,1.0
7.0,473.0,5.0,49.0,1.0,0.4326241,0.09929078,0.07801419,24.957447,11.560284,0.0,0.0,0.0,0.074074075,1.0,266759.1,152673.62,1.0,1.0,1.0
6.0,483.0,5.0,49.0,1.0,0.5083333,0.083333336,0.075,27.591667,4.633333,0.0,0.0,0.0,0.032258064,1.0,266759.1,152673.62,1.0,1.0,1.0
7.0,474.0,5.0,49.0,1.0,0.4678899,0.119266056,0.17431192,30.669725,9.596331,0.0,0.083333336,0.25,0.20833333,1.0,266759.1,152673.62,1.0,1.0,1.0
2.0,8.549082e+07,5.0,49.0,1.0,0.56666666,0.17777778,0.022222223,22.377777,5.688889,0.0,0.0,0.0,,0.4,266759.1,152673.62,1.0,1.0,0.0
6.0,481.0,5.0,49.0,0.0,0.49264705,0.13970588,0.0882353,26.0,5.9117646,0.0,0.0,0.46875,0.09375,1.0,266759.1,152673.62,1.0,1.0,1.0
6.0,485.0,5.0,49.0,0.0,0.43636364,0.13636364,0.14545454,29.818182,4.2727275,0.0,0.0,0.035714287,0.0,1.0,266759.1,152673.62,1.0,1.0,1.0
6.0,476.0,5.0,49.0,1.0,0.5116279,0.13178295,0.062015504,25.852713,4.7674417,0.0,0.0,0.31034482,0.13793103,1.0,266759.1,152673.62,1.0,1.0,1.0
7.0,518.0,5.0,49.0,0.0,0.44186047,0.1007752,0.10852713,30.596899,10.775194,0.06666667,0.53333336,0.96666664,0.73333335,1.0,266759.1,152673.62,1.0,1.0,1.0
3.0,531.0,5.0,49.0,1.0,0.47916666,0.15972222,0.041666668,21.006945,6.1944447,0.0,0.032258064,0.0,0.0,0.29032257,266759.1,152673.62,1.0,1.0,0.0
6.0,482.0,5.0,49.0,1.0,0.5045045,0.12612613,0.06306306,25.243244,4.5855856,0.0,0.0,0.041666668,0.0,0.9583333,266759.1,152673.62,1.0,1.0,1.0
6.0,479.0,5.0,49.0,0.0,0.49019608,0.11111111,0.06535948,26.27451,6.019608,0.42857143,0.071428575,0.71428573,0.25,1.0,266759.1,152673.62,1.0,1.0,1.0
6.0,484.0,5.0,49.0,1.0,0.5486111,0.097222224,0.0625,23.791666,6.4027777,0.0,0.0,0.03846154,0.0,1.0,266759.1,152673.62,1.0,1.0,1.0
1.0,530.0,5.0,49.0,1.0,0.49468085,0.17553191,0.08510638,23.872341,6.680851,0.0,0.030303031,0.060606062,0.0,0.24242425,266759.1,152673.62,1.0,1.0,0.0
2.0,8.549061e+07,5.0,49.0,1.0,0.48979592,0.1734694,0.040816326,21.571428,5.5306125,0.0,0.0,0.0,,0.1,266759.1,152673.62,1.0,1.0,0.0
7.0,472.0,5.0,49.0,1.0,0.48951048,0.14685315,0.08391608,27.741259,12.013986,0.0,0.030303031,0.030303031,0.060606062,1.0,266759.1,152673.62,1.0,1.0,1.0
3.0,530.0,5.0,49.0,1.0,0.5263158,0.18421052,0.032894738,21.986841,5.5789475,0.028571429,0.028571429,0.033333335,0.028571429,0.22857143,266759.1,152673.62,1.0,1.0,0.0
5.0,311.0,5.0,49.0,0.0,0.5,0.16197184,0.06338028,26.105635,5.816901,0.035714287,0.35714287,0.5714286,0.39285713,1.0,266759.1,152673.62,1.0,1.0,1.0
7.0,517.0,5.0,49.0,0.0,0.5,0.10135135,0.10135135,29.878378,11.162162,0.0,0.08571429,0.028571429,0.14285715,1.0,266759.1,152673.62,1.0,1.0,1.0
2.0,8.549617e+07,5.0,49.0,1.0,0.5089286,0.08928572,0.08928572,24.267857,7.053571,0.0,0.0,0.0,,0.5,266759.1,152673.62,1.0,1.0,0.0
6.0,477.0,5.0,49.0,0.0,0.4765625,0.125,0.0859375,27.640625,5.03125,0.0,0.035714287,0.53571427,0.25,1.0,266759.1,152673.62,1.0,1.0,1.0
6.0,480.0,5.0,49.0,1.0,0.45890412,0.15753424,0.09589041,26.616438,6.410959,0.032258064,0.06451613,0.41935483,0.22580644,1.0,266759.1,152673.62,1.0,1.0,1.0
4.0,419.0,5.0,49.0,0.0,0.48062015,0.2015504,0.07751938,22.596899,4.8139534,0.0,0.0,0.0,0.0,0.93939394,266759.1,152673.62,1.0,1.0,1.0
2.0,5.5509416e+07,4.0,50.0,1.0,0.50961536,0.067307696,0.057692308,26.01923,6.769231,0.0,0.0,0.0,,0.75,130638.18,91136.766,0.0,0.0,0.0
6.0,331.0,4.0,50.0,1.0,0.5426357,0.093023255,0.046511628,26.503876,4.5658913,0.0,0.0,0.76666665,0.16666667,1.0,130638.18,91136.766,0.0,0.0,1.0
3.0,414.0,4.0,50.0,1.0,0.4817073,0.1402439,0.067073174,24.743902,6.4390244,0.0,0.1764706,0.11764706,0.14705883,0.7941176,130638.18,91136.766,0.0,0.0,0.0
5.0,215.0,4.0,50.0,1.0,0.47826087,0.14782609,0.069565214,25.947826,4.617391,0.0,0.0,0.074074075,0.037037037,1.0,130638.18,91136.766,0.0,0.0,1.0
7.0,308.0,4.0,50.0,1.0,0.51492536,0.104477614,0.12686567,32.104477,11.343284,0.0,0.028571429,0.8,0.25714287,1.0,130638.18,91136.766,0.0,0.0,1.0
7.0,309.0,4.0,50.0,1.0,0.5,0.14492753,0.057971016,26.594202,10.84058,0.060606062,0.060606062,0.6060606,0.33333334,1.0,130638.18,91136.766,0.0,0.0,1.0
3.0,411.0,4.0,50.0,1.0,0.5232558,0.15116279,0.046511628,22.267443,5.5581393,0.0,0.057142857,0.17142858,0.057142857,0.8,130638.18,91136.766,0.0,0.0,0.0
1.0,413.0,4.0,50.0,1.0,0.50691247,0.17050691,0.059907835,22.571428,6.345622,0.0,0.05,0.175,0.075,0.925,130638.18,91136.766,0.0,0.0,0.0
1.0,412.0,4.0,50.0,1.0,0.5177665,0.15228426,0.040609136,23.416245,7.0,0.022222223,0.044444446,0.022222223,0.044444446,0.6,130638.18,91136.766,0.0,0.0,0.0
2.0,5.5507944e+07,4.0,50.0,1.0,0.5092593,0.09259259,0.0,21.796297,5.962963,0.05,0.2,0.1,,0.85,130638.18,91136.766,0.0,0.0,0.0
4.0,154.0,4.0,50.0,1.0,0.504,0.144,0.048,24.144,4.936,0.0,0.06896552,0.7586207,0.13793103,1.0,130638.18,91136.766,0.0,0.0,1.0
7.0,313.0,4.0,50.0,1.0,0.44444445,0.07936508,0.103174604,30.944445,9.68254,0.0,0.0,0.8333333,0.3,1.0,130638.18,91136.766,0.0,0.0,1.0
7.0,306.0,4.0,50.0,1.0,0.5074627,0.1119403,0.05970149,27.097015,10.238806,0.0,0.0,0.67741936,0.19354838,1.0,130638.18,91136.766,0.0,0.0,1.0
5.0,213.0,4.0,50.0,1.0,0.51282054,0.11965812,0.07692308,24.76923,4.675214,0.0,0.037037037,0.5185185,0.11111111,1.0,130638.18,91136.766,0.0,0.0,1.0
5.0,245.0,4.0,50.0,0.0,0.48120302,0.15037593,0.060150377,27.293234,5.0902257,0.0,0.67741936,0.9354839,0.7741935,1.0,130638.18,91136.766,0.0,0.0,1.0
4.0,155.0,4.0,50.0,1.0,0.4852941,0.14705883,0.11764706,27.882353,4.9852943,0.0,0.033333335,0.5,0.26666668,1.0,130638.18,91136.766,0.0,0.0,1.0
1.0,414.0,4.0,50.0,1.0,0.49717513,0.13559322,0.056497175,23.559322,5.960452,0.027777778,0.027777778,0.1388889,0.027777778,0.7222222,130638.18,91136.766,0.0,0.0,0.0
7.0,307.0,4.0,50.0,1.0,0.496063,0.11811024,0.05511811,27.858267,9.968504,0.0,0.032258064,0.67741936,0.12903225,1.0,130638.18,91136.766,0.0,0.0,1.0
2.0,5.5507904e+07,4.0,50.0,0.0,0.5151515,0.09090909,0.08080808,25.151516,5.585859,0.0,0.35,0.4,,0.75,130638.18,91136.766,0.0,0.0,0.0
3.0,413.0,4.0,50.0,1.0,0.50898206,0.13173653,0.08383234,24.520958,6.3892217,0.0,0.0,0.2,0.0,0.85714287,130638.18,91136.766,0.0,0.0,0.0
7.0,345.0,4.0,50.0,0.0,0.5478261,0.07826087,0.09565217,31.669565,8.608696,0.032258064,0.22580644,0.9677419,0.8064516,1.0,130638.18,91136.766,0.0,0.0,1.0
6.0,332.0,4.0,50.0,1.0,0.4921875,0.078125,0.109375,28.210938,4.859375,0.0,0.035714287,0.10714286,0.071428575,1.0,130638.18,91136.766,0.0,0.0,1.0
1.0,405.0,4.0,50.0,0.0,0.45454547,0.125,0.022727273,23.511364,5.5,0.25,0.25,0.45,0.2,0.9,130638.18,91136.766,0.0,0.0,0.0
6.0,330.0,4.0,50.0,0.0,0.5,0.08955224,0.08208955,28.208956,4.9402986,0.0,0.032258064,0.8064516,0.22580644,1.0,130638.18,91136.766,0.0,0.0,1.0
7.0,344.0,4.0,50.0,0.0,0.3828125,0.09375,0.0859375,28.179688,11.34375,0.037037037,0.22222222,0.962963,0.5555556,1.0,130638.18,91136.766,0.0,0.0,1.0
4.0,152.0,4.0,50.0,1.0,0.46564886,0.16030534,0.06870229,25.419847,5.3053436,0.0,0.03125,0.5,0.15625,1.0,130638.18,91136.766,0.0,0.0,1.0
2.0,5.5507184e+07,4.0,50.0,1.0,0.5233645,0.1588785,0.037383176,21.738317,6.0280375,0.0,0.0,0.05,,0.65,130638.18,91136.766,0.0,0.0,0.0
4.0,151.0,4.0,50.0,1.0,0.5037594,0.15789473,0.02255639,23.81203,5.406015,0.0,0.13793103,0.7241379,0.37931034,1.0,130638.18,91136.766,0.0,0.0,1.0
6.0,328.0,4.0,50.0,1.0,0.38016528,0.10743801,0.08264463,27.272728,4.8347106,0.0,0.0,0.6363636,0.21212122,1.0,130638.18,91136.766,0.0,0.0,1.0
5.0,211.0,4.0,50.0,1.0,0.52380955,0.103174604,0.06349207,26.119047,4.888889,0.0,0.13793103,0.37931034,0.13793103,1.0,130638.18,91136.766,0.0,0.0,1.0
6.0,335.0,4.0,50.0,1.0,0.5116279,0.093023255,0.07751938,28.488373,4.9069767,0.0,0.09677419,0.67741936,0.16129032,1.0,130638.18,91136.766,0.0,0.0,1.0
6.0,337.0,4.0,50.0,1.0,0.5503876,0.13178295,0.03875969,24.271318,4.9534883,0.0,0.030303031,0.75757575,0.060606062,1.0,130638.18,91136.766,0.0,0.0,1.0
5.0,214.0,4.0,50.0,1.0,0.5135135,0.117117114,0.072072074,26.864864,4.2612615,0.0,0.07692308,0.65384614,0.15384616,1.0,130638.18,91136.766,0.0,0.0,1.0
6.0,333.0,4.0,50.0,1.0,0.46043167,0.107913665,0.12230216,29.093525,5.647482,0.0,0.0,0.4642857,0.035714287,1.0,130638.18,91136.766,0.0,0.0,1.0
6.0,329.0,4.0,50.0,1.0,0.44852942,0.15441176,0.16911764,31.852942,6.132353,0.0,0.0,1.0,0.16666667,1.0,130638.18,91136.766,0.0,0.0,1.0
3.0,405.0,4.0,50.0,0.0,0.48666668,0.12666667,0.04,21.7,7.6666665,0.03448276,0.1724138,0.53571427,0.41379312,0.9655172,130638.18,91136.766,0.0,0.0,0.0
1.0,411.0,4.0,50.0,1.0,0.5350877,0.19298245,0.05263158,22.372807,6.640351,0.0,0.0,0.14583333,0.020833334,0.6458333,130638.18,91136.766,0.0,0.0,0.0
3.0,412.0,4.0,50.0,1.0,0.5337838,0.067567565,0.0945946,28.054054,6.1486487,0.0,0.03125,0.0,0.125,0.90625,130638.18,91136.766,0.0,0.0,0.0
7.0,311.0,4.0,50.0,1.0,0.47887325,0.11971831,0.07042254,29.077465,10.394366,0.0,0.27272728,0.969697,0.54545456,1.0,130638.18,91136.766,0.0,0.0,1.0
7.0,312.0,4.0,50.0,1.0,0.47727272,0.10606061,0.11363637,30.666666,11.939394,0.0,0.15384616,0.84615386,0.115384616,1.0,130638.18,91136.766,0.0,0.0,1.0
4.0,329.0,4.0,50.0,0.0,0.45695364,0.11258278,0.059602648,26.370861,6.2582784,0.13793103,0.7241379,0.9655172,0.82758623,0.9655172,130638.18,91136.766,0.0,0.0,1.0
7.0,310.0,4.0,50.0,1.0,0.4728682,0.10852713,0.062015504,26.95349,10.310078,0.0,0.0,0.8235294,0.29411766,1.0,130638.18,91136.766,0.0,0.0,1.0
4.0,153.0,4.0,50.0,1.0,0.5074627,0.17910448,0.052238807,23.514925,5.522388,0.0,0.0,0.03846154,0.0,1.0,130638.18,91136.766,0.0,0.0,1.0
6.0,336.0,4.0,50.0,1.0,0.4774775,0.12612613,0.072072074,28.846848,4.5315313,0.0,0.53846157,0.9230769,0.88461536,1.0,130638.18,91136.766,0.0,0.0,1.0
2.0,5.5503948e+07,4.0,50.0,1.0,0.5058824,0.11764706,0.047058824,24.341177,4.7411766,0.0,0.0,0.0,,0.55,130638.18,91136.766,0.0,0.0,0.0
5.0,212.0,4.0,50.0,1.0,0.446281,0.1322314,0.05785124,27.842976,4.7190084,0.0,0.1875,0.625,0.34375,1.0,130638.18,91136.766,0.0,0.0,1.0
5.0,239.0,4.0,50.0,0.0,0.49635038,0.124087594,0.08759124,29.182482,5.8467155,0.10344828,0.9310345,1.0,0.9655172,1.0,130638.18,91136.766,0.0,0.0,1.0
6.0,334.0,4.0,50.0,0.0,0.5,0.11940298,0.052238807,28.35821,5.119403,0.19354838,0.38709676,1.0,0.9354839,1.0,130638.18,91136.766,0.0,0.0,1.0
5.0,263.0,5.0,52.0,1.0,0.4552239,0.13432837,0.029850746,23.11194,5.597015,0.033333335,0.0,0.16666667,0.033333335,0.8333333,308395.12,190793.38,1.0,1.0,1.0
6.0,492.0,5.0,52.0,0.0,0.51592356,0.10828026,0.06369427,27.598726,6.248408,0.0,0.25,0.9583333,0.625,0.9583333,308395.12,190793.38,1.0,1.0,1.0
7.0,480.0,5.0,52.0,1.0,0.475,0.1625,0.06875,24.6375,12.9,0.0,0.0,0.033333335,0.13333334,1.0,308395.12,190793.38,1.0,1.0,1.0
3.0,528.0,5.0,52.0,1.0,0.5314685,0.1958042,0.04895105,21.874126,5.3496504,0.0,0.0,0.0,0.033333335,0.3,308395.12,190793.38,1.0,1.0,0.0
2.0,8.552024e+07,5.0,52.0,1.0,0.5,0.1375,0.075,24.0,4.625,0.0,0.0,0.0,,0.3,308395.12,190793.38,1.0,1.0,0.0
4.0,341.0,5.0,52.0,0.0,0.56213015,0.088757396,0.07692308,26.928993,7.035503,0.26666668,0.4,0.9,0.8,1.0,308395.12,190793.38,1.0,1.0,1.0
1.0,528.0,5.0,52.0,1.0,0.46857142,0.18285714,0.08,23.30857,7.8342857,0.0,0.0,0.0,0.028571429,0.37142858,308395.12,190793.38,1.0,1.0,0.0
1.0,529.0,5.0,52.0,1.0,0.4722222,0.1712963,0.06944445,23.61574,7.1574073,0.0,0.0,0.0,0.0,0.45714286,308395.12,190793.38,1.0,1.0,0.0
6.0,491.0,5.0,52.0,1.0,0.54310346,0.094827585,0.0862069,29.37931,4.862069,0.0,0.0,0.0,0.0,0.962963,308395.12,190793.38,1.0,1.0,1.0
7.0,476.0,5.0,52.0,1.0,0.4609375,0.1484375,0.09375,26.75,11.15625,0.0,0.0,0.6296296,0.22222222,1.0,308395.12,190793.38,1.0,1.0,1.0
6.0,488.0,5.0,52.0,1.0,0.45890412,0.1780822,0.05479452,24.40411,5.39726,0.06666667,0.0,0.0,0.06666667,0.8666667,308395.12,190793.38,1.0,1.0,1.0
6.0,490.0,5.0,52.0,0.0,0.43452382,0.08928572,0.0952381,29.970238,6.2619047,0.0,0.09677419,0.83870965,0.3548387,1.0,308395.12,190793.38,1.0,1.0,1.0
3.0,529.0,5.0,52.0,1.0,0.47560975,0.14634146,0.06097561,22.573172,5.9634147,0.0,0.0,0.0,0.0,0.5,308395.12,190793.38,1.0,1.0,0.0
4.0,205.0,5.0,52.0,1.0,0.50793654,0.11111111,0.03968254,24.230158,4.825397,0.0,0.06451613,0.0,0.0,0.83870965,308395.12,190793.38,1.0,1.0,1.0
4.0,420.0,5.0,52.0,0.0,0.52205884,0.13970588,0.04411765,23.433823,5.2058825,0.0,0.0,0.0,0.0,0.76666665,308395.12,190793.38,1.0,1.0,1.0
2.0,8.552333e+07,5.0,52.0,1.0,0.5217391,0.08695652,0.02173913,23.043478,5.7391305,0.0,0.0,0.0,,0.2,308395.12,190793.38,1.0,1.0,0.0
6.0,487.0,5.0,52.0,1.0,0.50340134,0.1292517,0.07482993,25.5034,5.408163,0.0,0.0,0.15625,0.03125,1.0,308395.12,190793.38,1.0,1.0,1.0
6.0,489.0,5.0,52.0,1.0,0.45112783,0.10526316,0.067669176,26.421053,5.4210525,0.0,0.0,0.37931034,0.1724138,1.0,308395.12,190793.38,1.0,1.0,1.0
7.0,477.0,5.0,52.0,1.0,0.4890511,0.09489051,0.08029197,28.240875,11.576642,0.0,0.0,0.6785714,0.0,1.0,308395.12,190793.38,1.0,1.0,1.0
5.0,264.0,5.0,52.0,1.0,0.56643355,0.11188811,0.10489511,27.524475,6.2027974,0.0,0.03846154,0.115384616,0.03846154,1.0,308395.12,190793.38,1.0,1.0,1.0
7.0,478.0,5.0,52.0,1.0,0.53205127,0.08974359,0.07692308,26.205128,12.410256,0.0,0.0,0.7586207,0.03448276,1.0,308395.12,190793.38,1.0,1.0,1.0
7.0,519.0,5.0,52.0,0.0,0.45454547,0.08181818,0.09090909,28.381819,9.236363,0.0,0.0,0.9,0.36666667,1.0,308395.12,190793.38,1.0,1.0,1.0
4.0,204.0,5.0,52.0,1.0,0.55333334,0.11333334,0.06,26.1,6.28,0.0,0.057142857,0.17142858,0.028571429,0.94285715,308395.12,190793.38,1.0,1.0,1.0
6.0,493.0,5.0,52.0,1.0,0.5625,0.1171875,0.0546875,26.679688,5.140625,0.0,0.11111111,0.37037036,0.074074075,0.8148148,308395.12,190793.38,1.0,1.0,1.0
7.0,479.0,5.0,52.0,1.0,0.47619048,0.11309524,0.083333336,26.333334,13.047619,0.0,0.0,0.5588235,0.11764706,1.0,308395.12,190793.38,1.0,1.0,1.0
1.0,340.0,3.0,54.0,1.0,0.45414847,0.14847161,0.10043668,26.742357,6.135371,0.0,0.025641026,0.0,0.025641026,0.84615386,26180.674,137688.75,0.0,0.0,0.0
2.0,4.0548704e+07,3.0,54.0,1.0,0.5445545,0.15841584,0.05940594,24.79208,5.633663,0.0,0.0,0.0,,0.8,26180.674,137688.75,0.0,0.0,0.0
5.0,127.0,3.0,54.0,1.0,0.46296296,0.17283951,0.037037037,21.882715,6.691358,0.0,0.22222222,0.0,0.0,1.0,26180.674,137688.75,0.0,0.0,1.0
5.0,126.0,3.0,54.0,1.0,0.46153846,0.12426036,0.082840234,25.680473,6.2781067,0.033333335,0.4,0.8666667,0.33333334,1.0,26180.674,137688.75,0.0,0.0,1.0
2.0,4.0545436e+07,3.0,54.0,1.0,0.46226415,0.13207547,0.08490566,24.009434,5.8490567,0.0,0.0,0.0,,0.65,26180.674,137688.75,0.0,0.0,0.0
7.0,188.0,3.0,54.0,1.0,0.416,0.112,0.16,31.384,10.128,0.0,0.04761905,0.7619048,0.04761905,1.0,26180.674,137688.75,0.0,0.0,1.0
6.0,222.0,3.0,54.0,1.0,0.5202703,0.0945946,0.12837838,27.013514,5.581081,0.0,0.0,0.53571427,0.035714287,1.0,26180.674,137688.75,0.0,0.0,1.0
6.0,224.0,3.0,54.0,1.0,0.46086955,0.12173913,0.13043478,27.121738,5.8173914,0.0,0.04347826,0.8695652,0.08695652,1.0,26180.674,137688.75,0.0,0.0,1.0
6.0,223.0,3.0,54.0,0.0,0.47368422,0.082706764,0.060150377,27.827068,5.180451,0.1923077,0.53846157,1.0,0.7692308,1.0,26180.674,137688.75,0.0,0.0,1.0
3.0,340.0,3.0,54.0,1.0,0.44541484,0.18340611,0.104803495,25.248909,5.934498,0.0,0.08695652,0.04347826,0.08695652,0.8913044,26180.674,137688.75,0.0,0.0,0.0
6.0,225.0,3.0,54.0,1.0,0.44520548,0.12328767,0.13013698,28.945206,5.452055,0.0,0.037037037,0.44444445,0.11111111,1.0,26180.674,137688.75,0.0,0.0,1.0
7.0,189.0,3.0,54.0,1.0,0.42635658,0.13178295,0.07751938,26.023256,11.705426,0.0,0.037037037,0.0,0.11111111,1.0,26180.674,137688.75,0.0,0.0,1.0
5.0,188.0,3.0,54.0,0.0,0.4878049,0.14634146,0.048780486,24.676828,6.8292685,0.035714287,0.42857143,0.96428573,0.42857143,1.0,26180.674,137688.75,0.0,0.0,1.0
4.0,90.0,3.0,54.0,1.0,0.47560975,0.15853658,0.07317073,24.603659,6.0487804,0.0,0.0,0.0,0.032258064,1.0,26180.674,137688.75,0.0,0.0,1.0
4.0,91.0,3.0,54.0,1.0,0.47619048,0.12244898,0.0952381,26.64626,5.802721,0.0,0.0,0.8,0.0,1.0,26180.674,137688.75,0.0,0.0,1.0
4.0,133.0,4.0,55.0,1.0,0.50666666,0.12666667,0.07333333,26.68,7.4133334,0.0,0.09677419,0.16129032,0.12903225,0.9354839,82436.08,111756.836,0.0,0.0,1.0
2.0,4.555571e+07,4.0,55.0,1.0,0.46875,0.15625,0.0546875,22.296875,7.109375,0.0,0.05,0.0,,0.45,82436.08,111756.836,0.0,0.0,0.0
1.0,420.0,4.0,55.0,1.0,0.46305418,0.19704433,0.06403941,22.014778,6.9310346,0.024390243,0.17073171,0.024390243,0.09756097,0.68292683,82436.08,111756.836,0.0,0.0,0.0
6.0,341.0,4.0,55.0,1.0,0.49315068,0.10958904,0.0890411,27.541096,5.260274,0.032258064,0.0,0.9032258,0.06451613,0.9677419,82436.08,111756.836,0.0,0.0,1.0
7.0,316.0,4.0,55.0,1.0,0.47916666,0.13194445,0.06944445,26.555555,11.25,0.0,0.03125,0.53125,0.25,1.0,82436.08,111756.836,0.0,0.0,1.0
5.0,216.0,4.0,55.0,1.0,0.5660377,0.13836478,0.062893085,24.666666,6.3962264,0.0,0.06666667,0.0,0.0,0.93333334,82436.08,111756.836,0.0,0.0,1.0
6.0,340.0,4.0,55.0,1.0,0.53289473,0.125,0.05263158,24.269737,5.736842,0.0,0.0,0.1724138,0.13793103,1.0,82436.08,111756.836,0.0,0.0,1.0
4.0,325.0,4.0,55.0,0.0,0.47619048,0.125,0.05357143,23.416666,6.678571,0.0,0.16216215,0.45945945,0.16216215,1.0,82436.08,111756.836,0.0,0.0,1.0
7.0,346.0,4.0,55.0,0.0,0.47826087,0.06521739,0.07971015,30.202898,13.130435,0.0,0.14705883,1.0,0.8235294,1.0,82436.08,111756.836,0.0,0.0,1.0
3.0,420.0,4.0,55.0,1.0,0.4347826,0.13664596,0.07453416,25.080746,6.726708,0.0,0.14814815,0.08,0.2962963,0.8518519,82436.08,111756.836,0.0,0.0,0.0
4.0,132.0,4.0,55.0,1.0,0.5104895,0.14685315,0.07692308,24.979021,5.7552447,0.0,0.09090909,0.36363637,0.0,0.90909094,82436.08,111756.836,0.0,0.0,1.0
6.0,338.0,4.0,55.0,0.0,0.44047618,0.11904762,0.10119048,28.065475,6.321429,0.0,0.09677419,0.87096775,0.41935483,1.0,82436.08,111756.836,0.0,0.0,1.0
6.0,339.0,4.0,55.0,1.0,0.52205884,0.125,0.10294118,28.227942,5.6617646,0.0,0.0,0.04,0.12,1.0,82436.08,111756.836,0.0,0.0,1.0
7.0,314.0,4.0,55.0,1.0,0.47586206,0.096551724,0.096551724,27.73793,11.24138,0.0,0.0,0.16,0.0,1.0,82436.08,111756.836,0.0,0.0,1.0
5.0,240.0,4.0,55.0,0.0,0.5,0.13432837,0.03731343,25.47015,5.761194,0.0,0.06451613,0.41935483,0.12903225,0.9677419,82436.08,111756.836,0.0,0.0,1.0
6.0,342.0,4.0,55.0,1.0,0.464,0.128,0.144,29.584,5.08,0.0,0.0,0.4814815,0.0,1.0,82436.08,111756.836,0.0,0.0,1.0
5.0,217.0,4.0,55.0,1.0,0.48251748,0.13986014,0.10489511,25.818182,5.2797203,0.0,0.0,0.22580644,0.12903225,1.0,82436.08,111756.836,0.0,0.0,1.0
2.0,4.555663e+07,4.0,55.0,1.0,0.5,0.14893617,0.031914894,22.329786,5.212766,0.05,0.15,0.15,,0.25,82436.08,111756.836,0.0,0.0,0.0
7.0,315.0,4.0,55.0,1.0,0.4496124,0.10852713,0.093023255,26.04651,9.689922,0.0,0.0,0.04347826,0.04347826,1.0,82436.08,111756.836,0.0,0.0,1.0
7.0,319.0,4.0,57.0,1.0,0.38059703,0.08955224,0.09701493,27.813433,10.895522,0.057142857,0.114285715,0.85714287,0.74285716,1.0,161151.66,126546.39,0.0,0.0,1.0
4.0,156.0,4.0,57.0,1.0,0.45859873,0.15923567,0.10191083,26.866241,6.579618,0.0,0.0,0.54545456,0.3030303,0.8181818,161151.66,126546.39,0.0,0.0,1.0
6.0,345.0,4.0,57.0,1.0,0.46774194,0.11290322,0.05645161,26.17742,4.693548,0.0,0.06896552,0.79310346,0.13793103,1.0,161151.66,126546.39,0.0,0.0,1.0
6.0,343.0,4.0,57.0,1.0,0.48453608,0.10309278,0.19587629,34.4433,4.4639177,0.0,0.13043478,0.39130434,0.08695652,1.0,161151.66,126546.39,0.0,0.0,1.0
5.0,218.0,4.0,57.0,1.0,0.46226415,0.10377359,0.0754717,25.971699,4.4905663,0.0,0.0,0.3043478,0.04347826,0.9130435,161151.66,126546.39,0.0,0.0,1.0
7.0,317.0,4.0,57.0,1.0,0.45762712,0.11016949,0.059322033,26.915255,10.20339,0.0,0.10344828,0.9310345,0.4827586,1.0,161151.66,126546.39,0.0,0.0,1.0
7.0,347.0,4.0,57.0,0.0,0.4852941,0.0882353,0.125,30.720589,10.117647,0.8965517,0.41379312,0.8965517,0.82758623,1.0,161151.66,126546.39,0.0,0.0,1.0
7.0,318.0,4.0,57.0,1.0,0.5153846,0.12307692,0.053846154,27.66154,9.630769,0.0,0.0,0.73333335,0.23333333,1.0,161151.66,126546.39,0.0,0.0,1.0
6.0,346.0,4.0,57.0,1.0,0.5043478,0.07826087,0.069565214,29.834784,4.5130434,0.0,0.06666667,0.6666667,0.43333334,0.93333334,161151.66,126546.39,0.0,0.0,1.0
6.0,344.0,4.0,57.0,0.0,0.45038167,0.10687023,0.10687023,31.19084,5.5496182,0.8125,0.34375,1.0,0.8125,1.0,161151.66,126546.39,0.0,0.0,1.0
7.0,373.0,5.0,64.0,1.0,0.4722222,0.10185185,0.083333336,29.148148,9.0,0.0,0.0,0.7692308,0.23076923,1.0,221962.94,116534.97,1.0,1.0,1.0
6.0,389.0,5.0,64.0,1.0,0.4864865,0.09009009,0.09009009,30.783783,4.207207,0.2857143,0.1904762,0.5714286,0.04761905,1.0,221962.94,116534.97,1.0,1.0,1.0
6.0,390.0,5.0,64.0,1.0,0.48051947,0.116883114,0.084415585,26.577923,6.961039,0.030303031,0.15151516,0.72727275,0.36363637,1.0,221962.94,116534.97,1.0,1.0,1.0
2.0,8.064035e+07,5.0,64.0,1.0,0.5060241,0.084337346,0.04819277,23.45783,5.506024,0.0,0.0,0.0,,0.6,221962.94,116534.97,1.0,1.0,0.0
1.0,555.0,5.0,64.0,1.0,0.54028434,0.123222746,0.04265403,22.227488,5.6729856,0.0,0.069767445,0.046511628,0.023255814,0.41860464,221962.94,116534.97,1.0,1.0,0.0
7.0,378.0,5.0,64.0,1.0,0.45689654,0.0862069,0.094827585,30.0,8.965517,0.0,0.04347826,0.8695652,0.13043478,1.0,221962.94,116534.97,1.0,1.0,1.0
6.0,381.0,5.0,64.0,1.0,0.5221239,0.14159292,0.053097345,27.044249,4.716814,0.0,0.3,0.36666667,0.16666667,0.96666664,221962.94,116534.97,1.0,1.0,1.0
5.0,268.0,5.0,64.0,1.0,0.4488189,0.13385826,0.09448819,27.763779,5.094488,0.0,0.37931034,0.7241379,0.06896552,1.0,221962.94,116534.97,1.0,1.0,1.0
2.0,8.0647544e+07,5.0,64.0,1.0,0.5301205,0.14457831,0.09638554,24.168674,5.2650604,0.0,0.05,0.0,,0.55,221962.94,116534.97,1.0,1.0,0.0
4.0,187.0,5.0,64.0,1.0,0.4566929,0.11023622,0.07874016,25.259842,4.8110237,0.0,0.0,0.06896552,0.033333335,0.96666664,221962.94,116534.97,1.0,1.0,1.0
2.0,8.064692e+07,5.0,64.0,1.0,0.4939759,0.15662651,0.084337346,26.60241,5.3373494,0.0,0.0,0.0,,0.3,221962.94,116534.97,1.0,1.0,0.0
5.0,265.0,5.0,64.0,1.0,0.52136755,0.11965812,0.07692308,28.94017,4.3675213,0.0,0.13636364,0.0,0.13636364,1.0,221962.94,116534.97,1.0,1.0,1.0
5.0,267.0,5.0,64.0,1.0,0.5304348,0.104347825,0.11304348,29.92174,4.5130434,0.0,0.29166666,0.5416667,0.16666667,0.9583333,221962.94,116534.97,1.0,1.0,1.0
4.0,183.0,5.0,64.0,1.0,0.5037594,0.17293233,0.05263158,24.789474,5.0,0.0,0.032258064,0.09677419,0.032258064,0.87096775,221962.94,116534.97,1.0,1.0,1.0
3.0,510.0,5.0,64.0,0.0,0.4854369,0.08737864,0.03883495,25.951456,5.23301,0.0,0.6086956,0.5652174,0.5652174,0.82608694,221962.94,116534.97,1.0,1.0,0.0
2.0,8.064286e+07,5.0,64.0,1.0,0.4939759,0.18072289,0.024096385,21.289156,4.759036,0.0,0.0,0.0,,0.3,221962.94,116534.97,1.0,1.0,0.0
1.0,510.0,5.0,64.0,0.0,0.47826087,0.12173913,0.052173913,23.086956,5.382609,0.03846154,0.15384616,0.53846157,0.3846154,0.7692308,221962.94,116534.97,1.0,1.0,0.0
3.0,555.0,5.0,64.0,1.0,0.505618,0.19101124,0.02247191,20.88764,5.3707867,0.0,0.08108108,0.027777778,0.027027028,0.7567568,221962.94,116534.97,1.0,1.0,0.0
4.0,186.0,5.0,64.0,1.0,0.442029,0.13043478,0.08695652,25.971014,5.3333335,0.03125,0.15625,0.09375,0.0625,0.84375,221962.94,116534.97,1.0,1.0,1.0
5.0,312.0,5.0,64.0,0.0,0.44094488,0.11811024,0.062992126,26.070866,5.3937006,0.0,0.36363637,0.8181818,0.18181819,0.90909094,221962.94,116534.97,1.0,1.0,1.0
7.0,376.0,5.0,64.0,1.0,0.52459013,0.114754096,0.114754096,30.508196,10.655738,0.074074075,0.0,0.7407407,0.11111111,1.0,221962.94,116534.97,1.0,1.0,1.0
7.0,381.0,5.0,64.0,1.0,0.53731346,0.14179105,0.08208955,25.75373,12.238806,0.0,0.17391305,0.82608694,0.39130434,1.0,221962.94,116534.97,1.0,1.0,1.0
2.0,8.064478e+07,5.0,64.0,1.0,0.4512195,0.13414635,0.06097561,22.341463,4.6585364,0.0,0.0,0.3,,0.7,221962.94,116534.97,1.0,1.0,0.0
1.0,554.0,5.0,64.0,1.0,0.5232558,0.10465116,0.05232558,24.95349,5.383721,0.0,0.0,0.05,0.0,0.25,221962.94,116534.97,1.0,1.0,0.0
3.0,552.0,5.0,64.0,1.0,0.51829267,0.12804878,0.06097561,24.530487,5.621951,0.0,0.1388889,0.0,0.0,0.5,221962.94,116534.97,1.0,1.0,0.0
7.0,426.0,5.0,64.0,0.0,0.51282054,0.11965812,0.05982906,27.837606,9.282051,0.0,0.0,0.9583333,0.45833334,1.0,221962.94,116534.97,1.0,1.0,1.0
6.0,386.0,5.0,64.0,0.0,0.46280992,0.14049587,0.08264463,28.669422,4.8512397,0.16666667,0.6333333,0.9,0.7,1.0,221962.94,116534.97,1.0,1.0,1.0
2.0,8.0646056e+07,5.0,64.0,1.0,0.5180723,0.12048193,0.060240965,24.421686,4.9759035,0.0,0.05,0.0,,0.95,221962.94,116534.97,1.0,1.0,0.0
4.0,185.0,5.0,64.0,1.0,0.5138889,0.15277778,0.07638889,27.020834,6.1805553,0.0,0.0882353,0.64705884,0.0882353,1.0,221962.94,116534.97,1.0,1.0,1.0
7.0,377.0,5.0,64.0,1.0,0.47,0.09,0.15,35.3,8.28,0.0,0.0,0.9047619,0.0952381,1.0,221962.94,116534.97,1.0,1.0,1.0
6.0,387.0,5.0,64.0,1.0,0.47008547,0.102564104,0.13675214,29.991453,4.7264957,0.0,0.0,0.7777778,0.074074075,1.0,221962.94,116534.97,1.0,1.0,1.0
7.0,425.0,5.0,64.0,0.0,0.50427353,0.13675214,0.08547009,29.401709,9.2136755,0.16129032,0.12903225,1.0,0.5483871,1.0,221962.94,116534.97,1.0,1.0,1.0
6.0,380.0,5.0,64.0,1.0,0.47368422,0.06140351,0.078947365,30.052631,4.4736843,0.0,0.074074075,0.37037036,0.18518518,1.0,221962.94,116534.97,1.0,1.0,1.0
6.0,383.0,5.0,64.0,1.0,0.49557522,0.097345136,0.061946902,29.238937,4.221239,0.0,0.0,0.0,0.0,0.9032258,221962.94,116534.97,1.0,1.0,1.0
6.0,388.0,5.0,64.0,1.0,0.49367088,0.10759494,0.06329114,27.126583,6.253165,0.7,0.1,0.8333333,0.033333335,0.9,221962.94,116534.97,1.0,1.0,1.0
3.0,554.0,5.0,64.0,1.0,0.48818898,0.09448819,0.08661418,27.622047,4.905512,0.0,0.0,0.0,0.0,0.72727275,221962.94,116534.97,1.0,1.0,0.0
6.0,385.0,5.0,64.0,1.0,0.4774775,0.09009009,0.117117114,29.684685,4.4414415,0.037037037,0.074074075,0.8148148,0.074074075,1.0,221962.94,116534.97,1.0,1.0,1.0
1.0,553.0,5.0,64.0,1.0,0.5025381,0.14720812,0.07106599,24.913706,5.7309647,0.0,0.0,0.0,0.0,0.37777779,221962.94,116534.97,1.0,1.0,0.0
5.0,266.0,5.0,64.0,1.0,0.475,0.13333334,0.05,25.591667,4.95,0.0,0.27586207,0.27586207,0.03448276,1.0,221962.94,116534.97,1.0,1.0,1.0
6.0,382.0,5.0,64.0,1.0,0.51304346,0.12173913,0.052173913,25.721739,4.269565,0.03448276,0.03448276,0.31034482,0.2413793,1.0,221962.94,116534.97,1.0,1.0,1.0
5.0,300.0,5.0,64.0,0.0,0.44,0.072,0.064,29.168,4.872,0.10344828,0.7241379,0.86206895,0.86206895,0.9655172,221962.94,116534.97,1.0,1.0,1.0
3.0,556.0,5.0,64.0,1.0,0.45185184,0.11111111,0.044444446,24.007408,4.8074074,0.0,0.030303031,0.0,0.0,0.3939394,221962.94,116534.97,1.0,1.0,0.0
6.0,384.0,5.0,64.0,0.0,0.49056605,0.06603774,0.056603774,28.820755,4.3396225,0.0,0.0,0.8076923,0.15384616,1.0,221962.94,116534.97,1.0,1.0,1.0
7.0,380.0,5.0,64.0,1.0,0.51282054,0.102564104,0.11965812,29.91453,8.940171,0.0,0.0,0.03846154,0.0,1.0,221962.94,116534.97,1.0,1.0,1.0
2.0,8.0646e+07,5.0,64.0,0.0,0.58762884,0.072164945,0.072164945,25.27835,5.3505154,0.0,0.7,0.75,,1.0,221962.94,116534.97,1.0,1.0,0.0
3.0,553.0,5.0,64.0,1.0,0.4811321,0.13679245,0.061320756,24.367924,6.3018866,0.0,0.03773585,0.0,0.11320755,0.509434,221962.94,116534.97,1.0,1.0,0.0
7.0,375.0,5.0,64.0,1.0,0.4649123,0.096491225,0.13157895,31.114035,8.947369,0.0,0.08,0.32,0.04,1.0,221962.94,116534.97,1.0,1.0,1.0
7.0,379.0,5.0,64.0,1.0,0.51724136,0.112068966,0.060344826,25.077587,10.137931,0.0,0.0,0.23809524,0.04761905,0.95238096,221962.94,116534.97,1.0,1.0,1.0
4.0,184.0,5.0,64.0,1.0,0.536,0.128,0.088,26.432,4.664,0.0,0.121212125,0.7878788,0.0,0.969697,221962.94,116534.97,1.0,1.0,1.0
4.0,337.0,5.0,64.0,0.0,0.51937985,0.08527132,0.054263566,27.031008,5.4341087,0.0,0.21875,0.7419355,0.625,0.90625,221962.94,116534.97,1.0,1.0,1.0
7.0,374.0,5.0,64.0,1.0,0.43548387,0.088709675,0.13709678,33.153225,9.903226,0.0,0.13793103,0.9655172,0.37931034,1.0,221962.94,116534.97,1.0,1.0,1.0
3.0,408.0,4.0,65.0,0.0,0.5420561,0.11214953,0.037383176,23.82243,8.158878,0.04347826,0.47826087,0.8181818,0.73913044,0.9130435,75192.17,143178.05,0.0,0.0,0.0
1.0,408.0,4.0,65.0,0.0,0.5104167,0.13541667,0.0625,25.5625,5.2916665,0.2173913,0.95652175,0.6956522,0.5652174,0.82608694,75192.17,143178.05,0.0,0.0,0.0
7.0,322.0,4.0,65.0,1.0,0.5,0.10344828,0.077586204,29.905172,9.379311,0.0,0.037037037,0.4074074,0.11111111,1.0,75192.17,143178.05,0.0,0.0,1.0
4.0,134.0,4.0,65.0,1.0,0.5217391,0.16666667,0.072463766,24.224638,5.6231885,0.0,0.035714287,0.21428572,0.14285715,1.0,75192.17,143178.05,0.0,0.0,1.0
5.0,241.0,4.0,65.0,0.0,0.4296875,0.1328125,0.0546875,25.273438,4.984375,0.20833333,0.9166667,0.9583333,0.875,1.0,75192.17,143178.05,0.0,0.0,1.0
6.0,347.0,4.0,65.0,1.0,0.42741936,0.088709675,0.11290322,30.290323,5.370968,0.0,0.0,0.2413793,0.06896552,1.0,75192.17,143178.05,0.0,0.0,1.0
1.0,421.0,4.0,65.0,1.0,0.47029704,0.13366337,0.06435644,24.227722,6.4356437,0.0,0.15,0.1,0.1,0.45,75192.17,143178.05,0.0,0.0,0.0
5.0,219.0,4.0,65.0,1.0,0.5104895,0.16083916,0.07692308,25.51049,6.104895,0.0,0.22222222,0.6296296,0.14814815,1.0,75192.17,143178.05,0.0,0.0,1.0
4.0,135.0,4.0,65.0,1.0,0.535,0.105,0.125,29.805,7.86,0.0,0.0,0.0,0.025641026,0.974359,75192.17,143178.05,0.0,0.0,1.0
2.0,4.56576e+07,4.0,65.0,0.0,0.5051546,0.15463917,0.0,21.670103,5.9072165,0.0,0.1,0.7,,0.75,75192.17,143178.05,0.0,0.0,0.0
5.0,220.0,4.0,65.0,1.0,0.4861111,0.1388889,0.083333336,24.92361,5.763889,0.0,0.15151516,0.3939394,0.030303031,0.90909094,75192.17,143178.05,0.0,0.0,1.0
6.0,348.0,4.0,65.0,1.0,0.4413793,0.13793103,0.089655176,25.986206,5.289655,0.0,0.13793103,0.41379312,0.2413793,1.0,75192.17,143178.05,0.0,0.0,1.0
7.0,321.0,4.0,65.0,1.0,0.48251748,0.13286713,0.08391608,25.0,11.8741255,0.074074075,0.0,0.6296296,0.14814815,1.0,75192.17,143178.05,0.0,0.0,1.0
3.0,421.0,4.0,65.0,1.0,0.5180723,0.1626506,0.10240964,25.96988,5.9879518,0.0,0.0,0.121212125,0.121212125,0.4848485,75192.17,143178.05,0.0,0.0,0.0
7.0,320.0,4.0,65.0,1.0,0.5086207,0.06896552,0.14655173,35.49138,8.827586,0.25925925,0.0,0.0,0.11111111,1.0,75192.17,143178.05,0.0,0.0,1.0
2.0,4.5657628e+07,4.0,65.0,1.0,0.55445546,0.10891089,0.04950495,24.435644,5.4158416,0.0,0.0,0.0,,0.2,75192.17,143178.05,0.0,0.0,0.0
7.0,348.0,4.0,65.0,0.0,0.50980395,0.078431375,0.1503268,32.124184,11.045752,0.0,0.0,0.2413793,0.06896552,1.0,75192.17,143178.05,0.0,0.0,1.0
3.0,563.0,5.0,69.0,1.0,0.48366013,0.104575165,0.08496732,25.013071,5.745098,0.0,0.0,0.06896552,0.06896552,0.79310346,158194.5,72925.5,1.0,1.0,0.0
6.0,393.0,5.0,69.0,0.0,0.4920635,0.11904762,0.04761905,27.460318,4.6031747,0.03846154,0.23076923,0.84615386,0.46153846,1.0,158194.5,72925.5,1.0,1.0,1.0
6.0,397.0,5.0,69.0,1.0,0.5078125,0.0703125,0.0625,28.617188,4.796875,0.0,0.0,0.76666665,0.2,1.0,158194.5,72925.5,1.0,1.0,1.0
7.0,386.0,5.0,69.0,1.0,0.51937985,0.08527132,0.069767445,30.356588,9.906977,0.03448276,0.2413793,0.9655172,0.27586207,1.0,158194.5,72925.5,1.0,1.0,1.0
3.0,565.0,5.0,69.0,1.0,0.4918033,0.1420765,0.04918033,24.049181,6.7814207,0.0,0.0,0.057142857,0.0,0.85714287,158194.5,72925.5,1.0,1.0,0.0
5.0,269.0,5.0,69.0,1.0,0.5,0.16393442,0.10655738,26.885246,4.819672,0.0,0.20689656,0.6551724,0.1724138,1.0,158194.5,72925.5,1.0,1.0,1.0
6.0,395.0,5.0,69.0,1.0,0.47457626,0.10169491,0.09322034,30.211864,4.59322,0.0,0.03125,0.71875,0.0625,1.0,158194.5,72925.5,1.0,1.0,1.0
6.0,392.0,5.0,69.0,1.0,0.45794392,0.13084112,0.028037382,25.981308,4.4392524,0.0,0.03448276,0.55172414,0.06896552,1.0,158194.5,72925.5,1.0,1.0,1.0
4.0,188.0,5.0,69.0,1.0,0.46825397,0.13492064,0.071428575,26.126984,5.269841,0.0,0.09375,0.46875,0.125,0.96875,158194.5,72925.5,1.0,1.0,1.0
6.0,394.0,5.0,69.0,1.0,0.48120302,0.10526316,0.11278196,29.49624,5.4962406,0.0,0.074074075,0.7407407,0.11111111,1.0,158194.5,72925.5,1.0,1.0,1.0
7.0,383.0,5.0,69.0,1.0,0.47445256,0.11678832,0.06569343,28.832117,10.175182,0.0,0.06896552,0.31034482,0.1724138,1.0,158194.5,72925.5,1.0,1.0,1.0
7.0,384.0,5.0,69.0,1.0,0.5,0.103174604,0.07936508,28.087301,9.714286,0.0,0.0,0.8148148,0.0,1.0,158194.5,72925.5,1.0,1.0,1.0
7.0,387.0,5.0,69.0,1.0,0.46875,0.1328125,0.140625,29.53125,10.21875,0.0,0.15384616,0.0,0.115384616,1.0,158194.5,72925.5,1.0,1.0,1.0
6.0,398.0,5.0,69.0,1.0,0.52592593,0.11111111,0.096296296,27.244444,5.42963,0.0,0.041666668,0.083333336,0.0,0.9583333,158194.5,72925.5,1.0,1.0,1.0
4.0,189.0,5.0,69.0,1.0,0.48,0.13333334,0.086666666,25.266666,6.1466665,0.0,0.033333335,0.56666666,0.06666667,0.96666664,158194.5,72925.5,1.0,1.0,1.0
7.0,427.0,5.0,69.0,0.0,0.50427353,0.06837607,0.051282052,29.19658,8.632479,0.14285715,0.25,0.89285713,0.6785714,1.0,158194.5,72925.5,1.0,1.0,1.0
1.0,564.0,5.0,69.0,1.0,0.48913044,0.14673913,0.054347824,22.695652,5.6847825,0.0,0.027027028,0.0,0.054054055,0.21621622,158194.5,72925.5,1.0,1.0,0.0
5.0,301.0,5.0,69.0,0.0,0.47058824,0.09558824,0.073529415,27.919117,5.2058825,0.09677419,0.87096775,0.9354839,0.8064516,1.0,158194.5,72925.5,1.0,1.0,1.0
7.0,428.0,5.0,69.0,0.0,0.52678573,0.14285715,0.035714287,25.455357,8.857142,0.0,0.14814815,0.8148148,0.4814815,1.0,158194.5,72925.5,1.0,1.0,1.0
4.0,190.0,5.0,69.0,1.0,0.5483871,0.16935484,0.07258064,24.387096,4.66129,0.0,0.03448276,0.2413793,0.0,1.0,158194.5,72925.5,1.0,1.0,1.0
4.0,418.0,5.0,69.0,0.0,0.51079136,0.13669065,0.0647482,23.294964,5.3741007,0.0,0.08571429,0.25714287,0.2,0.9714286,158194.5,72925.5,1.0,1.0,1.0
6.0,391.0,5.0,69.0,1.0,0.512,0.104,0.04,25.872,5.08,0.0,0.0,0.4642857,0.0,1.0,158194.5,72925.5,1.0,1.0,1.0
5.0,271.0,5.0,69.0,1.0,0.5403226,0.04032258,0.09677419,29.790323,4.725806,0.0,0.1,0.0,0.06666667,0.96666664,158194.5,72925.5,1.0,1.0,1.0
2.0,8.069917e+07,5.0,69.0,1.0,0.53636366,0.11818182,0.036363635,21.545454,6.836364,0.0,0.0,0.0,,0.7,158194.5,72925.5,1.0,1.0,0.0
6.0,396.0,5.0,69.0,0.0,0.53571427,0.12142857,0.08571429,28.614286,5.4,0.1388889,0.19444445,0.9166667,0.30555555,1.0,158194.5,72925.5,1.0,1.0,1.0
2.0,8.069635e+07,5.0,69.0,1.0,0.5145631,0.13592233,0.067961164,21.048544,6.669903,0.0,0.0,0.0,,0.65,158194.5,72925.5,1.0,1.0,0.0
7.0,385.0,5.0,69.0,1.0,0.4919355,0.13709678,0.10483871,28.830645,10.387096,0.0,0.1904762,0.0,0.04761905,1.0,158194.5,72925.5,1.0,1.0,1.0
5.0,270.0,5.0,69.0,1.0,0.46280992,0.10743801,0.09090909,28.256199,5.3140497,0.0,0.15384616,0.03846154,0.0,0.96153843,158194.5,72925.5,1.0,1.0,1.0
2.0,8.069151e+07,5.0,69.0,1.0,0.55445546,0.14851485,0.02970297,20.584158,6.643564,0.0,0.05,0.05,,0.65,158194.5,72925.5,1.0,1.0,0.0
7.0,382.0,5.0,69.0,1.0,0.46280992,0.09917355,0.14876033,34.01653,9.140496,0.0,0.033333335,0.5,0.033333335,1.0,158194.5,72925.5,1.0,1.0,1.0
3.0,564.0,5.0,69.0,1.0,0.5,0.11340206,0.041237112,22.917526,8.989691,0.0,0.02631579,0.054054055,0.0,0.7105263,158194.5,72925.5,1.0,1.0,0.0
1.0,563.0,5.0,69.0,1.0,0.48660713,0.13839285,0.084821425,23.584822,8.535714,0.045454547,0.09090909,0.06818182,0.045454547,0.54545456,158194.5,72925.5,1.0,1.0,0.0
1.0,565.0,5.0,69.0,1.0,0.5322581,0.12903225,0.032258064,23.005377,6.290323,0.0,0.0,0.0,0.0,0.65,158194.5,72925.5,1.0,1.0,0.0
7.0,392.0,5.0,70.0,1.0,0.51282054,0.11111111,0.094017096,27.487179,9.897436,0.0,0.0,0.53846157,0.26923078,1.0,247789.77,156798.16,1.0,1.0,1.0
7.0,390.0,5.0,70.0,1.0,0.45394737,0.17105263,0.07236842,23.664474,11.815789,0.0,0.0,0.34615386,0.07692308,1.0,247789.77,156798.16,1.0,1.0,1.0
6.0,402.0,5.0,70.0,0.0,0.44366196,0.09859155,0.06338028,26.612677,6.267606,0.5945946,0.35135135,0.9459459,0.7567568,1.0,247789.77,156798.16,1.0,1.0,1.0
1.0,511.0,5.0,70.0,0.0,0.5045045,0.17117117,0.072072074,22.576576,5.3063064,0.0,0.18181819,0.36363637,0.36363637,0.8636364,247789.77,156798.16,1.0,1.0,0.0
4.0,191.0,5.0,70.0,1.0,0.54268295,0.15853658,0.07317073,24.731707,7.1585364,0.0,0.102564104,0.0,0.0,0.9230769,247789.77,156798.16,1.0,1.0,1.0
4.0,192.0,5.0,70.0,1.0,0.46875,0.13125,0.04375,21.8875,6.925,0.0,0.071428575,0.035714287,0.0,0.78571427,247789.77,156798.16,1.0,1.0,1.0
6.0,405.0,5.0,70.0,1.0,0.47435898,0.13461539,0.06410257,25.839743,5.6282053,0.0,0.09090909,0.5151515,0.21212122,1.0,247789.77,156798.16,1.0,1.0,1.0
1.0,557.0,5.0,70.0,1.0,0.5,0.16517857,0.08035714,23.080357,7.178571,0.0,0.069767445,0.20930232,0.13953489,0.25581396,247789.77,156798.16,1.0,1.0,0.0
1.0,558.0,5.0,70.0,1.0,0.453125,0.15234375,0.0859375,23.753906,10.171875,0.0,0.041666668,0.021276595,0.20833333,0.22916667,247789.77,156798.16,1.0,1.0,0.0
5.0,272.0,5.0,70.0,1.0,0.42735043,0.16239317,0.08547009,26.675213,5.119658,0.0,0.48,0.76,0.56,1.0,247789.77,156798.16,1.0,1.0,1.0
6.0,401.0,5.0,70.0,0.0,0.4214876,0.10743801,0.0661157,26.966942,4.801653,0.33333334,0.14814815,0.8888889,0.7777778,1.0,247789.77,156798.16,1.0,1.0,1.0
6.0,399.0,5.0,70.0,1.0,0.49541286,0.14678898,0.027522936,24.724771,4.5596333,0.25,0.071428575,0.4642857,0.10714286,1.0,247789.77,156798.16,1.0,1.0,1.0
7.0,391.0,5.0,70.0,1.0,0.4852941,0.11764706,0.0882353,26.933823,10.529411,0.0,0.06666667,0.5,0.23333333,1.0,247789.77,156798.16,1.0,1.0,1.0
6.0,403.0,5.0,70.0,1.0,0.5058824,0.14117648,0.029411765,21.94706,6.752941,0.0,0.0,0.75,0.0,0.96875,247789.77,156798.16,1.0,1.0,1.0
3.0,557.0,5.0,70.0,1.0,0.46892655,0.16949153,0.050847456,23.050848,6.7853107,0.0,0.26666668,0.13333334,0.2,0.36666667,247789.77,156798.16,1.0,1.0,0.0
4.0,338.0,5.0,70.0,0.0,0.44067797,0.107344635,0.073446326,27.58192,6.9096045,0.27272728,1.0,0.969697,0.93939394,1.0,247789.77,156798.16,1.0,1.0,1.0
7.0,430.0,5.0,70.0,0.0,0.41566265,0.10843374,0.12048193,28.86747,14.337349,0.0,0.24324325,0.972973,0.5945946,1.0,247789.77,156798.16,1.0,1.0,1.0
6.0,404.0,5.0,70.0,1.0,0.47368422,0.16541353,0.09022556,27.015038,5.43609,0.0,0.13043478,0.39130434,0.47826087,1.0,247789.77,156798.16,1.0,1.0,1.0
7.0,388.0,5.0,70.0,1.0,0.52205884,0.16176471,0.022058824,22.691177,10.088235,0.0,0.0,0.53125,0.03125,1.0,247789.77,156798.16,1.0,1.0,1.0
2.0,8.070889e+07,5.0,70.0,1.0,0.5315315,0.15315315,0.018018018,21.846848,6.8378377,0.0,0.0,0.05,,0.75,247789.77,156798.16,1.0,1.0,0.0
6.0,400.0,5.0,70.0,1.0,0.47517732,0.16312057,0.08510638,26.446808,6.06383,0.0,0.071428575,0.60714287,0.21428572,1.0,247789.77,156798.16,1.0,1.0,1.0
3.0,511.0,5.0,70.0,0.0,0.53636366,0.16363636,0.036363635,22.063637,6.109091,0.0,0.375,0.3478261,0.41666666,1.0,247789.77,156798.16,1.0,1.0,0.0
2.0,8.0701816e+07,5.0,70.0,1.0,0.50427353,0.102564104,0.05982906,23.461538,7.119658,0.0,0.3,0.05,,1.0,247789.77,156798.16,1.0,1.0,0.0
3.0,558.0,5.0,70.0,1.0,0.46938777,0.1632653,0.035714287,21.918367,7.1530614,0.0,0.0,0.16216215,0.10810811,0.27027026,247789.77,156798.16,1.0,1.0,0.0
7.0,429.0,5.0,70.0,0.0,0.456,0.104,0.048,27.568,9.68,0.03125,0.125,0.65625,0.25,1.0,247789.77,156798.16,1.0,1.0,1.0
2.0,8.070661e+07,5.0,70.0,0.0,0.5494506,0.15384616,0.06593407,22.120878,4.934066,0.0,0.0,0.3,,0.75,247789.77,156798.16,1.0,1.0,0.0
7.0,389.0,5.0,70.0,1.0,0.4918033,0.10655738,0.040983606,25.467213,10.622951,0.0,0.04347826,0.73913044,0.08695652,1.0,247789.77,156798.16,1.0,1.0,1.0
5.0,302.0,5.0,70.0,0.0,0.44444445,0.1764706,0.09150327,26.352942,6.5686274,0.2857143,0.71428573,0.9285714,0.64285713,1.0,247789.77,156798.16,1.0,1.0,1.0
6.0,503.0,5.0,73.0,1.0,0.4921875,0.140625,0.0859375,24.1875,4.734375,0.03846154,0.03846154,0.26923078,0.0,0.96153843,314779.28,196491.27,1.0,1.0,1.0
1.0,525.0,5.0,73.0,1.0,0.5294118,0.20588236,0.078431375,22.308823,7.6764708,0.0,0.0,0.0,0.0,0.25,314779.28,196491.27,1.0,1.0,0.0
3.0,505.0,5.0,73.0,0.0,0.496063,0.09448819,0.062992126,26.66929,6.133858,0.0,0.47058824,0.64705884,0.47058824,0.64705884,314779.28,196491.27,1.0,1.0,0.0
2.0,8.573646e+07,5.0,73.0,1.0,0.52873564,0.1724138,0.022988506,23.114943,5.275862,0.0,0.0,0.0,,0.4,314779.28,196491.27,1.0,1.0,0.0
3.0,526.0,5.0,73.0,1.0,0.4918033,0.20765027,0.06010929,21.295082,6.912568,0.0,0.0,0.028571429,0.027777778,0.3888889,314779.28,196491.27,1.0,1.0,0.0
2.0,8.5738504e+07,5.0,73.0,0.0,0.47945204,0.15068494,0.061643835,23.342466,8.520548,0.0,0.35,0.9,,0.95,314779.28,196491.27,1.0,1.0,0.0
5.0,273.0,5.0,73.0,1.0,0.45517242,0.2137931,0.027586207,21.855173,6.158621,0.0,0.0,0.0,0.0,0.5185185,314779.28,196491.27,1.0,1.0,1.0
6.0,495.0,5.0,73.0,1.0,0.5208333,0.13194445,0.07638889,26.70139,5.4027777,0.0,0.0,0.54285717,0.0,1.0,314779.28,196491.27,1.0,1.0,1.0
1.0,526.0,5.0,73.0,1.0,0.5025126,0.1758794,0.050251257,21.633165,7.281407,0.0,0.0,0.09090909,0.045454547,0.27272728,314779.28,196491.27,1.0,1.0,0.0
7.0,482.0,5.0,73.0,1.0,0.4965035,0.13986014,0.11888112,28.475525,10.699301,0.0,0.0,0.43333334,0.13333334,1.0,314779.28,196491.27,1.0,1.0,1.0
6.0,494.0,5.0,73.0,1.0,0.52517986,0.11510792,0.09352518,27.654676,5.4604316,0.0,0.0,0.5714286,0.10714286,0.96428573,314779.28,196491.27,1.0,1.0,1.0
7.0,486.0,5.0,73.0,1.0,0.50364965,0.08759124,0.08029197,28.496351,10.291971,0.0,0.03125,0.875,0.125,1.0,314779.28,196491.27,1.0,1.0,1.0
4.0,208.0,5.0,73.0,1.0,0.5222222,0.11111111,0.1,25.65,7.977778,0.0,0.0,0.057142857,0.028571429,0.62857145,314779.28,196491.27,1.0,1.0,1.0
5.0,274.0,5.0,73.0,1.0,0.44927537,0.16666667,0.014492754,21.65942,5.4492755,0.0,0.071428575,0.0,0.071428575,0.89285713,314779.28,196491.27,1.0,1.0,1.0
5.0,275.0,5.0,73.0,1.0,0.4903226,0.16774194,0.032258064,24.012903,6.290323,0.0,0.0,0.033333335,0.033333335,0.8666667,314779.28,196491.27,1.0,1.0,1.0
6.0,502.0,5.0,73.0,0.0,0.44366196,0.14788732,0.12676056,27.260563,5.732394,0.08,0.24,1.0,0.92,1.0,314779.28,196491.27,1.0,1.0,1.0
6.0,500.0,5.0,73.0,1.0,0.51449275,0.10144927,0.13043478,30.92029,5.57971,0.0,0.037037037,0.7037037,0.0,1.0,314779.28,196491.27,1.0,1.0,1.0
6.0,498.0,5.0,73.0,1.0,0.4811321,0.1509434,0.094339624,26.226416,4.075472,0.0,0.0,0.14285715,0.0,1.0,314779.28,196491.27,1.0,1.0,1.0
5.0,303.0,5.0,73.0,0.0,0.4473684,0.13815789,0.019736841,24.651316,7.631579,0.04347826,0.6956522,0.9130435,0.6086956,0.95652175,314779.28,196491.27,1.0,1.0,1.0
4.0,206.0,5.0,73.0,1.0,0.4822695,0.11347517,0.04964539,24.758865,5.680851,0.0,0.06666667,0.3,0.1,0.9,314779.28,196491.27,1.0,1.0,1.0
6.0,499.0,5.0,73.0,1.0,0.48333332,0.11666667,0.083333336,27.983334,4.6666665,0.0,0.0,0.48387095,0.0,1.0,314779.28,196491.27,1.0,1.0,1.0
1.0,527.0,5.0,73.0,1.0,0.5049505,0.18316832,0.06930693,22.08911,6.633663,0.0,0.0,0.045454547,0.06818182,0.36363637,314779.28,196491.27,1.0,1.0,0.0
7.0,520.0,5.0,73.0,0.0,0.4829932,0.108843535,0.06802721,27.312925,11.605442,0.0,0.028571429,0.9142857,0.14285715,1.0,314779.28,196491.27,1.0,1.0,1.0
7.0,485.0,5.0,73.0,1.0,0.5106383,0.08510638,0.10638298,28.411348,10.851064,0.0,0.0,0.61538464,0.07692308,1.0,314779.28,196491.27,1.0,1.0,1.0
3.0,527.0,5.0,73.0,1.0,0.5294118,0.14379086,0.07189543,22.875816,5.392157,0.0,0.0,0.0,0.0,0.27027026,314779.28,196491.27,1.0,1.0,0.0
4.0,342.0,5.0,73.0,0.0,0.49717513,0.14124294,0.050847456,22.231638,6.6497173,0.0,0.11111111,0.5925926,0.4074074,1.0,314779.28,196491.27,1.0,1.0,1.0
6.0,501.0,5.0,73.0,0.0,0.50931674,0.14285715,0.062111802,25.9441,6.267081,0.0,0.0,0.5,0.23076923,1.0,314779.28,196491.27,1.0,1.0,1.0
6.0,497.0,5.0,73.0,1.0,0.5140845,0.20422535,0.056338027,22.450705,5.6901407,0.0,0.0,0.13333334,0.0,0.96666664,314779.28,196491.27,1.0,1.0,1.0
4.0,207.0,5.0,73.0,1.0,0.47945204,0.16438356,0.034246575,21.856165,5.849315,0.0,0.027027028,0.21621622,0.027027028,0.9459459,314779.28,196491.27,1.0,1.0,1.0
7.0,521.0,5.0,73.0,0.0,0.48366013,0.07189543,0.08496732,29.849672,11.777778,0.2580645,0.32258064,1.0,0.67741936,1.0,314779.28,196491.27,1.0,1.0,1.0
7.0,481.0,5.0,73.0,1.0,0.52459013,0.07377049,0.06557377,27.819672,8.95082,0.0,0.0,0.2,0.0,1.0,314779.28,196491.27,1.0,1.0,1.0
7.0,522.0,5.0,73.0,0.0,0.38181818,0.054545455,0.084848486,31.357576,14.339394,0.0,0.8125,1.0,0.9375,1.0,314779.28,196491.27,1.0,1.0,1.0
1.0,505.0,5.0,73.0,0.0,0.52554744,0.22627737,0.03649635,20.59854,7.4525547,0.0,0.52380955,0.61904764,0.47619048,0.52380955,314779.28,196491.27,1.0,1.0,0.0
7.0,483.0,5.0,73.0,1.0,0.49624062,0.082706764,0.060150377,26.661654,10.601503,0.0,0.0,0.58064514,0.09677419,1.0,314779.28,196491.27,1.0,1.0,1.0
7.0,484.0,5.0,73.0,1.0,0.52238804,0.08955224,0.104477614,30.328358,9.910448,0.0,0.0,0.6333333,0.2,1.0,314779.28,196491.27,1.0,1.0,1.0
3.0,525.0,5.0,73.0,1.0,0.477707,0.13375796,0.05732484,23.528662,7.0636945,0.0,0.0,0.0,0.0,0.42307693,314779.28,196491.27,1.0,1.0,0.0
6.0,496.0,5.0,73.0,0.0,0.4814815,0.2,0.05925926,22.933332,5.42963,0.0,0.09375,0.28125,0.21875,1.0,314779.28,196491.27,1.0,1.0,1.0
2.0,8.573363e+07,5.0,73.0,1.0,0.4631579,0.25263157,0.021052632,20.452631,5.0842104,0.0,0.0,0.0,,0.1,314779.28,196491.27,1.0,1.0,0.0
2.0,8.573124e+07,5.0,73.0,1.0,0.48598132,0.22429906,0.009345794,19.878504,6.420561,0.0,0.0,0.0,,0.05,314779.28,196491.27,1.0,1.0,0.0
2.0,8.573459e+07,5.0,73.0,1.0,0.5,0.12222222,0.011111111,21.11111,4.9333334,0.0,0.0,0.0,,0.2,314779.28,196491.27,1.0,1.0,0.0
7.0,394.0,5.0,76.0,1.0,0.48739496,0.1092437,0.05042017,27.806723,9.764706,0.0,0.0,0.41935483,0.06451613,1.0,113503.41,55049.656,1.0,1.0,1.0
3.0,573.0,5.0,76.0,1.0,0.49112427,0.10059172,0.06508876,24.52071,6.4319525,0.032258064,0.0,0.19354838,0.06451613,0.9032258,113503.41,55049.656,1.0,1.0,0.0
4.0,177.0,5.0,76.0,1.0,0.52469134,0.14197531,0.08024691,25.246914,6.5925927,0.030303031,0.0,0.6060606,0.060606062,1.0,113503.41,55049.656,1.0,1.0,1.0
7.0,396.0,5.0,76.0,1.0,0.5483871,0.08064516,0.088709675,29.379032,10.387096,0.0,0.15384616,0.96153843,0.61538464,1.0,113503.41,55049.656,1.0,1.0,1.0
6.0,416.0,5.0,76.0,1.0,0.5214724,0.20858896,0.0797546,22.93865,6.7300615,0.0,0.0,0.083333336,0.0,0.9583333,113503.41,55049.656,1.0,1.0,1.0
4.0,175.0,5.0,76.0,1.0,0.5170068,0.12244898,0.06122449,26.197279,6.7006803,0.0,0.0,0.4054054,0.0,1.0,113503.41,55049.656,1.0,1.0,1.0
6.0,412.0,5.0,76.0,1.0,0.47727272,0.1590909,0.083333336,27.636364,5.7272725,0.0,0.0,0.55172414,0.13793103,1.0,113503.41,55049.656,1.0,1.0,1.0
1.0,572.0,5.0,76.0,1.0,0.4974093,0.18134715,0.09326425,24.476685,5.9015546,0.0,0.0,0.42424244,0.0,0.90909094,113503.41,55049.656,1.0,1.0,0.0
1.0,513.0,5.0,76.0,0.0,0.5301205,0.1626506,0.05421687,22.289156,7.8313255,0.0,0.0,0.27586207,0.03448276,1.0,113503.41,55049.656,1.0,1.0,0.0
1.0,514.0,5.0,76.0,0.0,0.4857143,0.12142857,0.035714287,21.392857,7.3428574,0.0,0.32142857,0.5,0.2857143,0.89285713,113503.41,55049.656,1.0,1.0,0.0
5.0,313.0,5.0,76.0,0.0,0.5,0.12142857,0.06428572,26.357143,5.2714286,0.0,0.2857143,0.78571427,0.035714287,1.0,113503.41,55049.656,1.0,1.0,1.0
6.0,408.0,5.0,76.0,1.0,0.44827586,0.13793103,0.08275862,26.103449,6.1034484,0.0,0.0,0.75,0.041666668,1.0,113503.41,55049.656,1.0,1.0,1.0
7.0,433.0,5.0,76.0,0.0,0.5,0.11111111,0.0952381,30.761906,10.920635,0.15384616,0.7307692,1.0,0.9230769,1.0,113503.41,55049.656,1.0,1.0,1.0
5.0,277.0,5.0,76.0,1.0,0.57342654,0.16783217,0.07692308,26.104895,5.4895105,0.0,0.21428572,0.8214286,0.17857143,1.0,113503.41,55049.656,1.0,1.0,1.0
7.0,398.0,5.0,76.0,1.0,0.4883721,0.13178295,0.08527132,28.093023,10.372093,0.0,0.115384616,1.0,0.34615386,1.0,113503.41,55049.656,1.0,1.0,1.0
6.0,413.0,5.0,76.0,1.0,0.47619048,0.08730159,0.07936508,26.531746,5.6507936,0.0,0.0,0.88,0.28,1.0,113503.41,55049.656,1.0,1.0,1.0
4.0,334.0,5.0,76.0,0.0,0.5114504,0.129771,0.053435113,25.045801,5.4732823,0.0,0.36666667,0.8333333,0.56666666,1.0,113503.41,55049.656,1.0,1.0,1.0
5.0,304.0,5.0,76.0,0.0,0.47457626,0.10169491,0.016949153,25.466103,4.9661016,0.030303031,0.8181818,1.0,0.8181818,1.0,113503.41,55049.656,1.0,1.0,1.0
5.0,276.0,5.0,76.0,1.0,0.53061223,0.15646258,0.054421768,24.034014,6.102041,0.0,0.17857143,0.0,0.0,1.0,113503.41,55049.656,1.0,1.0,1.0
7.0,395.0,5.0,76.0,1.0,0.47572815,0.116504855,0.03883495,27.747572,7.9417477,0.0,0.037037037,0.5185185,0.074074075,1.0,113503.41,55049.656,1.0,1.0,1.0
2.0,7.07616e+07,5.0,76.0,0.0,0.5645161,0.15322581,0.032258064,20.048388,6.870968,0.0,0.1,0.2,,0.85,113503.41,55049.656,1.0,1.0,0.0
6.0,406.0,5.0,76.0,0.0,0.5,0.11875,0.10625,27.2875,6.35,0.0,0.0,0.6666667,0.22222222,1.0,113503.41,55049.656,1.0,1.0,1.0
4.0,174.0,5.0,76.0,1.0,0.553719,0.11570248,0.0661157,26.438017,4.487603,0.0,0.032258064,0.2580645,0.032258064,1.0,113503.41,55049.656,1.0,1.0,1.0
6.0,409.0,5.0,76.0,1.0,0.484375,0.1484375,0.1171875,28.867188,5.71875,0.0,0.0,0.46153846,0.115384616,0.9230769,113503.41,55049.656,1.0,1.0,1.0
6.0,414.0,5.0,76.0,0.0,0.5217391,0.1552795,0.0931677,25.254658,7.571429,0.0,0.0,0.4642857,0.035714287,1.0,113503.41,55049.656,1.0,1.0,1.0
6.0,407.0,5.0,76.0,1.0,0.519802,0.16336633,0.09405941,24.341583,7.811881,0.0,0.0,0.1,0.0,0.95,113503.41,55049.656,1.0,1.0,1.0
2.0,7.0768344e+07,5.0,76.0,1.0,0.4563107,0.16504854,0.067961164,22.533981,5.776699,0.0,0.1,0.3,,0.55,113503.41,55049.656,1.0,1.0,0.0
6.0,410.0,5.0,76.0,1.0,0.44604316,0.07913669,0.07194245,28.115108,5.733813,0.06896552,0.10344828,0.8965517,0.6551724,1.0,113503.41,55049.656,1.0,1.0,1.0
4.0,417.0,5.0,76.0,0.0,0.46625766,0.12883435,0.08588957,26.77914,7.8834357,0.0,0.21212122,0.969697,0.45454547,1.0,113503.41,55049.656,1.0,1.0,1.0
4.0,335.0,5.0,76.0,0.0,0.4935065,0.14285715,0.071428575,25.422077,6.376623,0.0,0.027027028,0.5945946,0.21621622,1.0,113503.41,55049.656,1.0,1.0,1.0
3.0,513.0,5.0,76.0,0.0,0.5511811,0.14173229,0.05511811,23.677166,6.2598424,0.0,0.0,0.47826087,0.08695652,1.0,113503.41,55049.656,1.0,1.0,0.0
3.0,571.0,5.0,76.0,1.0,0.4730539,0.16766468,0.035928145,21.131737,6.2215567,0.0,0.032258064,0.32258064,0.0,0.7741935,113503.41,55049.656,1.0,1.0,0.0
5.0,278.0,5.0,76.0,1.0,0.49659863,0.12244898,0.07482993,26.020409,5.4761906,0.0,0.29032257,0.4516129,0.06451613,1.0,113503.41,55049.656,1.0,1.0,1.0
1.0,571.0,5.0,76.0,1.0,0.5339367,0.1764706,0.049773756,21.515837,7.162896,0.0,0.0,0.2682927,0.0,0.5609756,113503.41,55049.656,1.0,1.0,0.0
2.0,7.07673e+07,5.0,76.0,1.0,0.5339806,0.19417475,0.08737864,23.009708,5.737864,0.0,0.0,0.25,,0.95,113503.41,55049.656,1.0,1.0,0.0
2.0,7.07639e+07,5.0,76.0,0.0,0.50961536,0.125,0.028846154,22.115385,6.923077,0.0,0.05,0.55,,1.0,113503.41,55049.656,1.0,1.0,0.0
1.0,573.0,5.0,76.0,1.0,0.516129,0.13364056,0.041474655,21.43318,7.4608293,0.0,0.0,0.12195122,0.023809524,0.7619048,113503.41,55049.656,1.0,1.0,0.0
7.0,393.0,5.0,76.0,1.0,0.5263158,0.1513158,0.118421055,26.236841,12.5,0.0,0.0,0.0,0.0,1.0,113503.41,55049.656,1.0,1.0,1.0
3.0,572.0,5.0,76.0,1.0,0.4742268,0.18041237,0.04639175,21.273195,6.742268,0.0,0.032258064,0.516129,0.032258064,1.0,113503.41,55049.656,1.0,1.0,0.0
2.0,7.076555e+07,5.0,76.0,1.0,0.53,0.14,0.06,22.47,5.78,0.0,0.0,0.1,,0.8,113503.41,55049.656,1.0,1.0,0.0
3.0,514.0,5.0,76.0,0.0,0.44144145,0.15315315,0.06306306,23.756756,6.603604,0.0,0.03846154,0.3846154,0.1923077,0.9230769,113503.41,55049.656,1.0,1.0,0.0
7.0,431.0,5.0,76.0,0.0,0.4899329,0.147651,0.060402684,24.261745,11.610738,0.0,0.14814815,0.962963,0.4074074,1.0,113503.41,55049.656,1.0,1.0,1.0
6.0,415.0,5.0,76.0,1.0,0.48251748,0.18181819,0.10489511,27.846153,6.300699,0.0,0.0625,0.6875,0.1875,1.0,113503.41,55049.656,1.0,1.0,1.0
4.0,176.0,5.0,76.0,1.0,0.5304878,0.11585366,0.06097561,25.40244,6.195122,0.0,0.0,0.5714286,0.22857143,1.0,113503.41,55049.656,1.0,1.0,1.0
7.0,397.0,5.0,76.0,1.0,0.5478261,0.12173913,0.09565217,29.6,9.304348,0.0,0.041666668,0.6666667,0.20833333,1.0,113503.41,55049.656,1.0,1.0,1.0
2.0,7.076228e+07,5.0,76.0,1.0,0.49565217,0.07826087,0.026086956,20.66087,6.5130434,0.0,0.0,0.1,,0.6,113503.41,55049.656,1.0,1.0,0.0
7.0,399.0,5.0,76.0,1.0,0.49253732,0.18656716,0.04477612,24.320896,10.626865,0.0,0.14814815,0.5925926,0.11111111,1.0,113503.41,55049.656,1.0,1.0,1.0
7.0,432.0,5.0,76.0,0.0,0.45945945,0.12162162,0.074324325,27.506756,11.459459,0.055555556,0.3611111,0.9722222,0.8611111,1.0,113503.41,55049.656,1.0,1.0,1.0
7.0,400.0,5.0,76.0,1.0,0.54966885,0.14569536,0.07284768,25.39735,12.304636,0.0,0.0,0.0,0.06451613,1.0,113503.41,55049.656,1.0,1.0,1.0
6.0,411.0,5.0,76.0,0.0,0.50877196,0.096491225,0.05263158,29.552631,5.3508773,0.03448276,0.55172414,1.0,0.86206895,1.0,113503.41,55049.656,1.0,1.0,1.0
3.0,515.0,5.0,77.0,1.0,0.4848485,0.19393939,0.060606062,22.260607,6.1151514,0.0,0.0,0.0,0.05882353,0.32352942,361794.25,243901.86,1.0,1.0,0.0
5.0,279.0,5.0,77.0,1.0,0.5584416,0.13636364,0.025974026,23.175325,5.7012987,0.0,0.06896552,0.2413793,0.0,0.7586207,361794.25,243901.86,1.0,1.0,1.0
6.0,507.0,5.0,77.0,1.0,0.4680851,0.17730497,0.035460994,23.666666,5.58156,0.0,0.0,0.03125,0.0,0.84375,361794.25,243901.86,1.0,1.0,1.0
4.0,171.0,5.0,77.0,1.0,0.4923077,0.12307692,0.092307694,25.023077,4.8153844,0.0,0.0,0.0,0.0,0.36666667,361794.25,243901.86,1.0,1.0,1.0
1.0,516.0,5.0,77.0,1.0,0.5833333,0.16666667,0.083333336,26.25,12.0,0.0,0.02631579,0.0,0.05263158,0.18421052,361794.25,243901.86,1.0,1.0,0.0
5.0,305.0,5.0,77.0,0.0,0.4661017,0.050847456,0.042372882,30.66949,4.6949153,0.0,0.95652175,1.0,1.0,1.0,361794.25,243901.86,1.0,1.0,1.0
6.0,505.0,5.0,77.0,1.0,0.5100671,0.147651,0.0738255,24.362415,6.154362,0.033333335,0.0,0.73333335,0.033333335,0.96666664,361794.25,243901.86,1.0,1.0,1.0
3.0,516.0,5.0,77.0,1.0,0.52105266,0.14210527,0.05263158,22.857895,8.168421,0.0,0.0,0.0,0.0,0.1891892,361794.25,243901.86,1.0,1.0,0.0
6.0,506.0,5.0,77.0,0.0,0.53900707,0.120567374,0.09219858,25.290781,5.865248,0.0,0.0,0.7241379,0.31034482,1.0,361794.25,243901.86,1.0,1.0,1.0
2.0,3.5772508e+07,5.0,77.0,1.0,0.5268817,0.20430107,0.021505376,20.333334,5.408602,0.0,0.0,0.0,,0.1,361794.25,243901.86,1.0,1.0,0.0
6.0,504.0,5.0,77.0,1.0,0.5462185,0.15126051,0.12605043,29.92437,4.714286,0.0,0.0,0.083333336,0.041666668,1.0,361794.25,243901.86,1.0,1.0,1.0
2.0,3.5779028e+07,5.0,77.0,1.0,0.4952381,0.20952381,0.04761905,21.457144,6.1238093,0.0,0.0,0.0,,0.05,361794.25,243901.86,1.0,1.0,0.0
7.0,489.0,5.0,77.0,1.0,0.46153846,0.16083916,0.08391608,25.902098,11.118881,0.0,0.03846154,0.23076923,0.07692308,1.0,361794.25,243901.86,1.0,1.0,1.0
1.0,516.0,5.0,77.0,1.0,0.46341464,0.2195122,0.043902438,20.117073,7.604878,0.0,0.02631579,0.0,0.05263158,0.18421052,361794.25,243901.86,1.0,1.0,0.0
7.0,488.0,5.0,77.0,1.0,0.4846154,0.10769231,0.03846154,28.169231,9.415384,0.0,0.0,0.3548387,0.0,0.9354839,361794.25,243901.86,1.0,1.0,1.0
4.0,416.0,5.0,77.0,0.0,0.5206612,0.14049587,0.05785124,26.727272,4.8512397,0.0,0.1,0.33333334,0.16666667,0.93333334,361794.25,243901.86,1.0,1.0,1.0
4.0,170.0,5.0,77.0,1.0,0.4814815,0.15555556,0.044444446,23.525927,5.2074075,0.0,0.0,0.033333335,0.0,0.46666667,361794.25,243901.86,1.0,1.0,1.0
7.0,523.0,5.0,77.0,0.0,0.45081967,0.09836066,0.07377049,29.180328,10.327868,0.0,0.26923078,0.9230769,0.7307692,1.0,361794.25,243901.86,1.0,1.0,1.0
7.0,490.0,5.0,77.0,1.0,0.5279503,0.10559006,0.04347826,24.695652,12.21118,0.0,0.0,0.0,0.33333334,1.0,361794.25,243901.86,1.0,1.0,1.0
7.0,487.0,5.0,77.0,1.0,0.4351145,0.10687023,0.08396947,28.87023,10.183207,0.0,0.035714287,0.75,0.10714286,0.96428573,361794.25,243901.86,1.0,1.0,1.0
1.0,515.0,5.0,77.0,1.0,0.48979592,0.20918368,0.035714287,20.382652,7.0306125,0.0,0.0,0.028571429,0.028571429,0.2,361794.25,243901.86,1.0,1.0,0.0
3.0,111.0,1.0,78.0,1.0,0.4857143,0.108571425,0.06285714,24.102858,6.428571,0.0,0.0,0.0,0.0,0.23529412,130868.48,246167.25,0.0,0.0,0.0
7.0,34.0,1.0,78.0,1.0,0.48192772,0.12650603,0.14457831,27.963856,15.084337,0.0,0.0,0.21428572,0.0,1.0,130868.48,246167.25,0.0,0.0,1.0
7.0,38.0,1.0,78.0,1.0,0.49079755,0.11042945,0.11042945,27.055214,14.171779,0.0,0.0,0.0,0.05882353,0.9705882,130868.48,246167.25,0.0,0.0,1.0
1.0,111.0,1.0,78.0,1.0,0.49327356,0.17040358,0.040358745,22.434978,6.6860986,0.0,0.0,0.0,0.0,0.16666667,130868.48,246167.25,0.0,0.0,0.0
7.0,35.0,1.0,78.0,1.0,0.4864865,0.13513513,0.08108108,25.871622,10.918919,0.0,0.0,0.20689656,0.0,1.0,130868.48,246167.25,0.0,0.0,1.0
2.0,7.578951e+07,1.0,78.0,1.0,0.42307693,0.16346154,0.10576923,24.326923,6.4038463,0.0,0.0,0.0,,0.65,130868.48,246167.25,0.0,0.0,0.0
4.0,28.0,1.0,78.0,1.0,0.45454547,0.15508021,0.069518715,23.90909,7.342246,0.0,0.0,0.027027028,0.0,1.0,130868.48,246167.25,0.0,0.0,1.0
6.0,56.0,1.0,78.0,1.0,0.47761193,0.14925373,0.08208955,24.619404,5.8358207,0.0,0.0,0.25,0.0,0.85714287,130868.48,246167.25,0.0,0.0,1.0
2.0,7.578578e+07,1.0,78.0,1.0,0.52459013,0.114754096,0.04918033,23.081966,6.8688526,0.0,0.05,0.0,,0.2,130868.48,246167.25,0.0,0.0,0.0
6.0,57.0,1.0,78.0,1.0,0.46774194,0.16935484,0.12096774,29.112904,5.016129,0.0,0.0,0.2173913,0.0,1.0,130868.48,246167.25,0.0,0.0,1.0
1.0,108.0,1.0,78.0,1.0,0.48502994,0.1736527,0.08383234,23.928144,6.161677,0.03448276,0.03448276,0.10344828,0.03448276,0.7586207,130868.48,246167.25,0.0,0.0,0.0
2.0,7.578523e+07,1.0,78.0,1.0,0.4811321,0.13207547,0.094339624,25.792454,6.8867927,0.0,0.0,0.0,,0.45,130868.48,246167.25,0.0,0.0,0.0
5.0,25.0,1.0,78.0,1.0,0.5041322,0.12396694,0.09090909,28.809917,4.8347106,0.0,0.04,0.0,0.04,0.96,130868.48,246167.25,0.0,0.0,1.0
6.0,53.0,1.0,78.0,1.0,0.47580644,0.16935484,0.12096774,25.774193,5.080645,0.0,0.04347826,0.5217391,0.0,1.0,130868.48,246167.25,0.0,0.0,1.0
2.0,7.578386e+07,1.0,78.0,1.0,0.536,0.128,0.064,22.216,6.84,0.0,0.0,0.15,,0.8,130868.48,246167.25,0.0,0.0,0.0
5.0,42.0,1.0,78.0,0.0,0.5072464,0.08695652,0.072463766,28.18116,5.2753625,0.0,0.7407407,0.8888889,0.5555556,1.0,130868.48,246167.25,0.0,0.0,1.0
7.0,39.0,1.0,78.0,1.0,0.45890412,0.13013698,0.09589041,26.123287,16.958904,0.0,0.08,0.36,0.04,1.0,130868.48,246167.25,0.0,0.0,1.0
1.0,109.0,1.0,78.0,1.0,0.47058824,0.21390374,0.0855615,22.411764,6.593583,0.0,0.0,0.0,0.0,0.59375,130868.48,246167.25,0.0,0.0,0.0
6.0,59.0,1.0,78.0,1.0,0.48333332,0.21666667,0.075,24.283333,4.616667,0.03448276,0.0,0.20689656,0.0,0.8965517,130868.48,246167.25,0.0,0.0,1.0
1.0,110.0,1.0,78.0,1.0,0.5119617,0.16746412,0.03827751,21.99043,6.54067,0.027777778,0.0,0.0,0.0,0.30555555,130868.48,246167.25,0.0,0.0,0.0
7.0,62.0,1.0,78.0,0.0,0.5,0.12676056,0.12676056,29.021128,11.746479,0.0,0.21428572,0.85714287,0.25,1.0,130868.48,246167.25,0.0,0.0,1.0
5.0,48.0,1.0,78.0,0.0,0.49044585,0.11464968,0.06369427,25.394905,5.89172,0.0,0.24324325,0.6756757,0.27027026,1.0,130868.48,246167.25,0.0,0.0,1.0
7.0,61.0,1.0,78.0,0.0,0.51724136,0.13103448,0.10344828,27.013794,11.434483,0.0,0.037037037,0.37037036,0.074074075,0.962963,130868.48,246167.25,0.0,0.0,1.0
5.0,27.0,1.0,78.0,1.0,0.48062015,0.13953489,0.13178295,28.705427,5.5116277,0.0,0.04,0.0,0.0,0.76,130868.48,246167.25,0.0,0.0,1.0
6.0,62.0,1.0,78.0,1.0,0.48623854,0.119266056,0.08256881,26.61468,4.5412846,0.0,0.0,0.25,0.0,1.0,130868.48,246167.25,0.0,0.0,1.0
7.0,36.0,1.0,78.0,1.0,0.44,0.072,0.12,30.024,10.416,0.0,0.0,0.12,0.0,1.0,130868.48,246167.25,0.0,0.0,1.0
5.0,29.0,1.0,78.0,1.0,0.5069444,0.125,0.1388889,30.277779,5.9305553,0.0,0.0,0.04,0.0,1.0,130868.48,246167.25,0.0,0.0,1.0
4.0,31.0,1.0,78.0,1.0,0.54375,0.15625,0.08125,24.675,7.2,0.035714287,0.0,0.32142857,0.071428575,1.0,130868.48,246167.25,0.0,0.0,1.0
4.0,29.0,1.0,78.0,1.0,0.43046358,0.1589404,0.08609272,26.76159,6.3112583,0.0,0.060606062,0.030303031,0.030303031,0.90909094,130868.48,246167.25,0.0,0.0,1.0
5.0,24.0,1.0,78.0,1.0,0.4710145,0.18115942,0.072463766,24.210144,5.289855,0.0,0.0,0.56666666,0.0,1.0,130868.48,246167.25,0.0,0.0,1.0
4.0,27.0,1.0,78.0,1.0,0.4698795,0.13253012,0.09638554,27.066265,7.506024,0.0,0.15384616,0.7692308,0.15384616,1.0,130868.48,246167.25,0.0,0.0,1.0
6.0,52.0,1.0,78.0,1.0,0.39072847,0.13907285,0.0794702,27.463575,6.231788,0.0,0.5151515,0.90909094,0.6666667,1.0,130868.48,246167.25,0.0,0.0,1.0
3.0,110.0,1.0,78.0,1.0,0.45731708,0.18902439,0.067073174,22.993902,5.878049,0.0,0.027777778,0.0,0.0,0.3888889,130868.48,246167.25,0.0,0.0,0.0
4.0,308.0,1.0,78.0,0.0,0.5,0.13194445,0.0625,25.25,6.0416665,0.0,0.16129032,0.61290324,0.29032257,1.0,130868.48,246167.25,0.0,0.0,1.0
7.0,42.0,1.0,78.0,1.0,0.503876,0.1007752,0.07751938,26.96124,10.55814,0.0,0.03846154,0.0,0.03846154,1.0,130868.48,246167.25,0.0,0.0,1.0
7.0,37.0,1.0,78.0,1.0,0.44642857,0.15476191,0.071428575,24.303572,12.666667,0.0,0.0,0.5,0.05263158,1.0,130868.48,246167.25,0.0,0.0,1.0
4.0,30.0,1.0,78.0,1.0,0.47333333,0.16,0.053333335,23.313334,6.6266665,0.030303031,0.0,0.030303031,0.060606062,0.36363637,130868.48,246167.25,0.0,0.0,1.0
3.0,108.0,1.0,78.0,1.0,0.47407407,0.18518518,0.074074075,24.25926,6.2148147,0.0,0.115384616,0.26923078,0.0,0.84615386,130868.48,246167.25,0.0,0.0,0.0
7.0,40.0,1.0,78.0,1.0,0.5367647,0.13970588,0.11029412,27.102942,10.6470585,0.0,0.033333335,0.0,0.0,1.0,130868.48,246167.25,0.0,0.0,1.0
7.0,43.0,1.0,78.0,1.0,0.51552796,0.111801244,0.08074534,27.192547,11.78882,0.0,0.08571429,0.6857143,0.17142858,1.0,130868.48,246167.25,0.0,0.0,1.0
5.0,28.0,1.0,78.0,1.0,0.5,0.09859155,0.12676056,30.605635,6.267606,0.0,0.0,0.0,0.0,1.0,130868.48,246167.25,0.0,0.0,1.0
6.0,61.0,1.0,78.0,1.0,0.50793654,0.12698413,0.15079366,31.928572,5.4761906,0.0,0.0,0.33333334,0.0,1.0,130868.48,246167.25,0.0,0.0,1.0
6.0,54.0,1.0,78.0,1.0,0.49275362,0.123188406,0.0942029,26.73913,5.130435,0.0,0.04,0.32,0.0,0.96,130868.48,246167.25,0.0,0.0,1.0
2.0,7.57895e+07,1.0,78.0,0.0,0.48598132,0.08411215,0.056074765,23.981308,6.009346,0.2,0.35,0.75,,0.9,130868.48,246167.25,0.0,0.0,0.0
6.0,60.0,1.0,78.0,0.0,0.50641024,0.115384616,0.102564104,29.538462,6.076923,0.0,0.0,0.8666667,0.13333334,1.0,130868.48,246167.25,0.0,0.0,1.0
4.0,404.0,1.0,78.0,0.0,0.43165466,0.107913665,0.07194245,25.273382,6.079137,0.0,0.06896552,0.27586207,0.13793103,0.9655172,130868.48,246167.25,0.0,0.0,1.0
6.0,58.0,1.0,78.0,1.0,0.5,0.10344828,0.06896552,26.198277,5.086207,0.0,0.0,0.29166666,0.041666668,0.9583333,130868.48,246167.25,0.0,0.0,1.0
6.0,55.0,1.0,78.0,0.0,0.49315068,0.09589041,0.11643836,30.328768,5.60274,0.07692308,0.03846154,1.0,0.9230769,1.0,130868.48,246167.25,0.0,0.0,1.0
7.0,41.0,1.0,78.0,1.0,0.48091602,0.122137405,0.099236645,27.473282,10.641221,0.03448276,0.0,0.0,0.0,0.9655172,130868.48,246167.25,0.0,0.0,1.0
5.0,26.0,1.0,78.0,1.0,0.49285713,0.14285715,0.14285715,26.942858,6.0285716,0.0,0.0,0.0,0.0,0.5652174,130868.48,246167.25,0.0,0.0,1.0
3.0,109.0,1.0,78.0,1.0,0.45930234,0.16860466,0.034883723,20.67442,6.581395,0.0,0.0,0.0,0.0,0.74285716,130868.48,246167.25,0.0,0.0,0.0
7.0,60.0,1.0,78.0,0.0,0.46031746,0.08730159,0.0952381,31.587301,10.063492,0.0,0.6333333,1.0,1.0,1.0,130868.48,246167.25,0.0,0.0,1.0
7.0,47.0,1.0,79.0,1.0,0.49295774,0.09859155,0.1056338,27.183098,11.070422,0.0,0.0,0.53571427,0.035714287,1.0,97250.3,204290.72,0.0,0.0,1.0
4.0,20.0,1.0,79.0,1.0,0.5,0.11971831,0.11971831,29.394365,6.4084506,0.0,0.03125,0.28125,0.09375,0.96875,97250.3,204290.72,0.0,0.0,1.0
2.0,5.798043e+06,1.0,79.0,1.0,0.5730337,0.11235955,0.056179777,24.460674,5.3146067,0.0,0.0,0.0,,0.7,97250.3,204290.72,0.0,0.0,0.0
7.0,50.0,1.0,79.0,1.0,0.4814815,0.11851852,0.096296296,26.28148,10.325926,0.0,0.0,0.52,0.12,1.0,97250.3,204290.72,0.0,0.0,1.0
3.0,114.0,1.0,79.0,1.0,0.47524753,0.14356436,0.04950495,23.252476,7.039604,0.0,0.025641026,0.10526316,0.051282052,0.51282054,97250.3,204290.72,0.0,0.0,0.0
2.0,5.791423e+06,1.0,79.0,1.0,0.5754717,0.1509434,0.06603774,24.915094,6.037736,0.0,0.0,0.15,,0.6,97250.3,204290.72,0.0,0.0,0.0
6.0,69.0,1.0,79.0,1.0,0.4796748,0.08943089,0.17073171,33.845528,4.723577,0.2,0.0,0.52,0.04,1.0,97250.3,204290.72,0.0,0.0,1.0
5.0,33.0,1.0,79.0,1.0,0.49006623,0.13245033,0.0794702,26.271523,5.701987,0.0,0.115384616,0.26923078,0.07692308,0.53846157,97250.3,204290.72,0.0,0.0,1.0
2.0,5.795817e+06,1.0,79.0,1.0,0.48314607,0.14606741,0.0,21.988764,5.224719,0.05,0.0,0.0,,0.1,97250.3,204290.72,0.0,0.0,0.0
3.0,112.0,1.0,79.0,1.0,0.5,0.1724138,0.05172414,21.862068,6.8965516,0.05882353,0.029411765,0.030303031,0.029411765,0.23529412,97250.3,204290.72,0.0,0.0,0.0
7.0,48.0,1.0,79.0,1.0,0.44715446,0.08943089,0.13821138,28.95122,9.089431,0.0,0.0,0.2,0.16,1.0,97250.3,204290.72,0.0,0.0,1.0
6.0,63.0,1.0,79.0,0.0,0.48387095,0.11612903,0.090322584,26.63871,6.6258063,0.0,0.25,0.9285714,0.5,1.0,97250.3,204290.72,0.0,0.0,1.0
7.0,65.0,1.0,79.0,0.0,0.44761905,0.06666667,0.104761906,29.790476,8.32381,0.0,0.08,0.92,0.52,1.0,97250.3,204290.72,0.0,0.0,1.0
3.0,115.0,1.0,79.0,1.0,0.47260273,0.14383562,0.06849315,24.732876,5.4931507,0.0,0.09090909,0.18181819,0.0,0.33333334,97250.3,204290.72,0.0,0.0,0.0
6.0,64.0,1.0,79.0,1.0,0.47445256,0.10948905,0.15328467,32.32847,5.1459856,0.0,0.03846154,0.115384616,0.0,0.96153843,97250.3,204290.72,0.0,0.0,1.0
3.0,113.0,1.0,79.0,1.0,0.5083799,0.17318435,0.05586592,22.96648,7.290503,0.0,0.083333336,0.25,0.0,0.3888889,97250.3,204290.72,0.0,0.0,0.0
6.0,67.0,1.0,79.0,1.0,0.48854962,0.07633588,0.122137405,28.389313,5.2900763,0.0,0.04,0.72,0.04,0.96,97250.3,204290.72,0.0,0.0,1.0
2.0,5.798002e+06,1.0,79.0,0.0,0.5714286,0.1122449,0.05102041,25.336735,5.4489794,0.65,0.2,0.7,,0.85,97250.3,204290.72,0.0,0.0,0.0
4.0,306.0,1.0,79.0,0.0,0.44444445,0.15277778,0.048611112,23.291666,5.5833335,0.18181819,0.0,0.57575756,0.121212125,0.969697,97250.3,204290.72,0.0,0.0,1.0
4.0,19.0,1.0,79.0,1.0,0.49079755,0.13496932,0.09202454,26.177914,6.079755,0.0,0.0,0.06451613,0.0,0.87096775,97250.3,204290.72,0.0,0.0,1.0
6.0,65.0,1.0,79.0,1.0,0.52272725,0.09090909,0.11363637,28.272728,5.1060605,0.0625,0.0,0.65625,0.125,0.96875,97250.3,204290.72,0.0,0.0,1.0
4.0,403.0,1.0,79.0,0.0,0.4962963,0.096296296,0.08888889,28.0,5.548148,0.0,0.0,0.6551724,0.0,0.9655172,97250.3,204290.72,0.0,0.0,1.0
6.0,66.0,1.0,79.0,1.0,0.4107143,0.125,0.09821428,28.910715,5.125,0.0,0.0,0.08695652,0.0,1.0,97250.3,204290.72,0.0,0.0,1.0
2.0,5.797684e+06,1.0,79.0,1.0,0.5425532,0.095744684,0.031914894,24.957447,5.382979,0.0,0.0,0.2,,0.2,97250.3,204290.72,0.0,0.0,0.0
6.0,71.0,1.0,79.0,1.0,0.43046358,0.13907285,0.105960265,26.039736,6.2582784,0.0,0.0,0.37037036,0.074074075,0.962963,97250.3,204290.72,0.0,0.0,1.0
7.0,46.0,1.0,79.0,1.0,0.49253732,0.11940298,0.104477614,28.156717,11.701492,0.0,0.0,0.0,0.10344828,1.0,97250.3,204290.72,0.0,0.0,1.0
6.0,72.0,1.0,79.0,1.0,0.5123967,0.09917355,0.09917355,28.355371,4.6859503,0.0,0.0,0.7407407,0.18518518,1.0,97250.3,204290.72,0.0,0.0,1.0
5.0,43.0,1.0,79.0,0.0,0.47407407,0.17777778,0.11851852,28.103704,5.251852,0.0,0.17857143,0.32142857,0.14285715,0.89285713,97250.3,204290.72,0.0,0.0,1.0
5.0,32.0,1.0,79.0,1.0,0.502994,0.16766468,0.077844314,25.251497,6.473054,0.0,0.032258064,0.0,0.0,0.61290324,97250.3,204290.72,0.0,0.0,1.0
6.0,70.0,1.0,79.0,0.0,0.471831,0.09154929,0.15492958,30.366198,5.8450704,0.0,0.037037037,0.8148148,0.37037036,1.0,97250.3,204290.72,0.0,0.0,1.0
1.0,114.0,1.0,79.0,1.0,0.5019608,0.16078432,0.05490196,22.254902,9.266666,0.0,0.04347826,0.15555556,0.02173913,0.41304347,97250.3,204290.72,0.0,0.0,0.0
7.0,44.0,1.0,79.0,1.0,0.51724136,0.12931034,0.1724138,30.577587,10.448276,0.0,0.0,0.42857143,0.04761905,1.0,97250.3,204290.72,0.0,0.0,1.0
7.0,63.0,1.0,79.0,0.0,0.50344825,0.11724138,0.11724138,28.227587,12.868965,0.0,0.0,0.86206895,0.1724138,1.0,97250.3,204290.72,0.0,0.0,1.0
5.0,31.0,1.0,79.0,1.0,0.46715328,0.13138686,0.10218978,28.218979,6.270073,0.0,0.14814815,0.0,0.074074075,0.962963,97250.3,204290.72,0.0,0.0,1.0
7.0,49.0,1.0,79.0,1.0,0.44915253,0.1440678,0.12711865,30.262712,10.338983,0.0,0.0,0.55172414,0.10344828,1.0,97250.3,204290.72,0.0,0.0,1.0
7.0,45.0,1.0,79.0,1.0,0.4722222,0.055555556,0.11111111,32.13889,9.111111,0.0,0.0,0.0,0.0,1.0,97250.3,204290.72,0.0,0.0,1.0
4.0,22.0,1.0,79.0,1.0,0.45045045,0.09009009,0.1891892,33.279278,4.7657657,0.04347826,0.0,0.08695652,0.0,0.9130435,97250.3,204290.72,0.0,0.0,1.0
7.0,64.0,1.0,79.0,0.0,0.45833334,0.108333334,0.15,31.475,9.633333,0.0,0.0,0.6666667,0.083333336,1.0,97250.3,204290.72,0.0,0.0,1.0
1.0,115.0,1.0,79.0,1.0,0.50526315,0.1368421,0.08421053,26.789474,6.6526318,0.0,0.030303031,0.27272728,0.0,0.36363637,97250.3,204290.72,0.0,0.0,0.0
5.0,49.0,1.0,79.0,0.0,0.49659863,0.14285715,0.054421768,25.659864,5.3537416,0.0,0.26666668,0.76666665,0.23333333,1.0,97250.3,204290.72,0.0,0.0,1.0
6.0,68.0,1.0,79.0,0.0,0.5371901,0.11570248,0.09917355,28.008265,4.6859503,0.4347826,0.04347826,0.73913044,0.17391305,1.0,97250.3,204290.72,0.0,0.0,1.0
4.0,21.0,1.0,79.0,1.0,0.4477612,0.1641791,0.104477614,26.19403,6.149254,0.0,0.04,0.0,0.0,0.88,97250.3,204290.72,0.0,0.0,1.0
1.0,112.0,1.0,79.0,1.0,0.46596858,0.20942408,0.07329843,22.073298,6.1937175,0.0,0.027027028,0.027027028,0.054054055,0.24324325,97250.3,204290.72,0.0,0.0,0.0
5.0,30.0,1.0,79.0,1.0,0.5441176,0.10294118,0.10294118,29.830883,5.617647,0.0,0.04761905,0.0,0.0,0.85714287,97250.3,204290.72,0.0,0.0,1.0
1.0,113.0,1.0,79.0,1.0,0.51891893,0.14054054,0.09189189,25.854053,6.091892,0.033333335,0.0,0.1,0.0,0.2,97250.3,204290.72,0.0,0.0,0.0
4.0,193.0,5.0,81.0,1.0,0.4661017,0.09322034,0.09322034,27.457626,4.4915257,0.0,0.0,0.3448276,0.03448276,1.0,194573.34,110592.734,1.0,1.0,1.0
6.0,432.0,5.0,81.0,1.0,0.4899329,0.12751678,0.046979867,24.583893,5.644295,0.074074075,0.0,0.5925926,0.0,1.0,194573.34,110592.734,1.0,1.0,1.0
7.0,435.0,5.0,81.0,0.0,0.41346154,0.09615385,0.15384616,32.807693,7.8076925,0.0,0.18518518,0.8148148,0.4814815,1.0,194573.34,110592.734,1.0,1.0,1.0
6.0,421.0,5.0,81.0,0.0,0.5,0.10769231,0.092307694,30.038462,5.5692306,0.17857143,0.71428573,1.0,1.0,1.0,194573.34,110592.734,1.0,1.0,1.0
5.0,293.0,5.0,81.0,0.0,0.4965035,0.10489511,0.034965035,26.53147,5.5174823,0.34375,0.875,0.90625,0.84375,1.0,194573.34,110592.734,1.0,1.0,1.0
4.0,549.0,5.0,81.0,0.0,0.47651008,0.16107382,0.060402684,24.885906,5.6174498,0.0,0.114285715,0.54285717,0.14285715,1.0,194573.34,110592.734,1.0,1.0,1.0
2.0,8.0819416e+07,5.0,81.0,1.0,0.5104167,0.16666667,0.041666668,20.708334,5.9583335,0.0,0.0,0.0,,0.45,194573.34,110592.734,1.0,1.0,0.0
2.0,8.081128e+07,5.0,81.0,1.0,0.43820226,0.17977528,0.04494382,23.258427,5.1348314,0.0,0.0,0.0,,0.95,194573.34,110592.734,1.0,1.0,0.0
1.0,562.0,5.0,81.0,1.0,0.44444445,0.1388889,0.055555556,21.63889,4.5,0.0,0.0,0.02631579,0.0,0.36842105,194573.34,110592.734,1.0,1.0,0.0
6.0,431.0,5.0,81.0,0.0,0.5243902,0.13414635,0.07317073,25.817074,7.378049,0.92105263,0.05263158,0.84210527,0.0,1.0,194573.34,110592.734,1.0,1.0,1.0
4.0,550.0,5.0,81.0,0.0,0.56349206,0.0952381,0.023809524,24.126984,4.84127,0.0,0.31034482,0.6551724,0.27586207,1.0,194573.34,110592.734,1.0,1.0,1.0
1.0,561.0,5.0,81.0,1.0,0.50574714,0.16091955,0.07471264,22.775862,6.4827585,0.025641026,0.0,0.0,0.025641026,0.51282054,194573.34,110592.734,1.0,1.0,0.0
1.0,562.0,5.0,81.0,1.0,0.5322581,0.13709678,0.08064516,24.241936,4.612903,0.0,0.0,0.02631579,0.0,0.36842105,194573.34,110592.734,1.0,1.0,0.0
1.0,560.0,5.0,81.0,1.0,0.46698114,0.16981132,0.08018868,23.132076,6.3962264,0.0,0.025,0.175,0.025,0.5,194573.34,110592.734,1.0,1.0,0.0
5.0,282.0,5.0,81.0,1.0,0.47826087,0.13913043,0.09565217,25.834784,4.6,0.0,0.03448276,0.5862069,0.0,1.0,194573.34,110592.734,1.0,1.0,1.0
7.0,436.0,5.0,81.0,0.0,0.44852942,0.11764706,0.066176474,28.316177,10.205882,0.0,0.1724138,1.0,0.55172414,1.0,194573.34,110592.734,1.0,1.0,1.0
6.0,419.0,5.0,81.0,1.0,0.5,0.08181818,0.07272727,29.5,4.3818183,0.0,0.115384616,0.1923077,0.07692308,1.0,194573.34,110592.734,1.0,1.0,1.0
3.0,502.0,5.0,81.0,1.0,0.51960784,0.10784314,0.039215688,24.647058,5.5882354,0.0,0.0,0.045454547,0.0,0.36363637,194573.34,110592.734,1.0,1.0,0.0
6.0,425.0,5.0,81.0,0.0,0.4347826,0.08695652,0.007246377,24.666666,5.57971,0.0,1.0,1.0,1.0,1.0,194573.34,110592.734,1.0,1.0,1.0
2.0,8.081254e+07,5.0,81.0,1.0,0.52884614,0.10576923,0.028846154,23.548077,5.980769,0.0,0.0,0.15,,0.75,194573.34,110592.734,1.0,1.0,0.0
5.0,286.0,5.0,81.0,1.0,0.5030675,0.1411043,0.049079753,23.88957,6.6441717,0.0,0.06451613,0.2580645,0.09677419,0.9677419,194573.34,110592.734,1.0,1.0,1.0
4.0,195.0,5.0,81.0,1.0,0.43382353,0.11029412,0.05882353,25.919117,5.602941,0.0,0.029411765,0.5,0.11764706,1.0,194573.34,110592.734,1.0,1.0,1.0
7.0,442.0,5.0,81.0,0.0,0.45238096,0.04761905,0.14285715,33.38889,10.126985,0.0,0.68,1.0,1.0,1.0,194573.34,110592.734,1.0,1.0,1.0
2.0,8.081221e+07,5.0,81.0,0.0,0.4915254,0.09322034,0.06779661,25.686441,7.440678,0.55,0.7,0.9,,1.0,194573.34,110592.734,1.0,1.0,0.0
1.0,559.0,5.0,81.0,1.0,0.48453608,0.19587629,0.06185567,21.453608,6.072165,0.0,0.0,0.0,0.0,0.21052632,194573.34,110592.734,1.0,1.0,0.0
3.0,501.0,5.0,81.0,0.0,0.46853146,0.07692308,0.06993007,28.055944,6.818182,0.27586207,0.8965517,0.9310345,0.82758623,1.0,194573.34,110592.734,1.0,1.0,0.0
2.0,8.081222e+07,5.0,81.0,0.0,0.5126051,0.05882353,0.05042017,26.563025,7.1680675,0.4,0.9,0.95,,0.95,194573.34,110592.734,1.0,1.0,0.0
4.0,339.0,5.0,81.0,0.0,0.525,0.15,0.058333334,25.725,4.7833333,0.0,0.03125,0.6875,0.0625,1.0,194573.34,110592.734,1.0,1.0,1.0
2.0,8.0812216e+07,5.0,81.0,0.0,0.5050505,0.15151516,0.04040404,23.353535,5.707071,0.0,0.2,0.65,,0.9,194573.34,110592.734,1.0,1.0,0.0
4.0,548.0,5.0,81.0,0.0,0.5,0.14788732,0.028169014,23.964788,5.830986,0.054054055,0.5135135,0.972973,0.8918919,1.0,194573.34,110592.734,1.0,1.0,1.0
4.0,194.0,5.0,81.0,1.0,0.47482014,0.10071942,0.043165468,26.395683,5.158273,0.0,0.033333335,0.7,0.033333335,1.0,194573.34,110592.734,1.0,1.0,1.0
6.0,420.0,5.0,81.0,0.0,0.4949495,0.09090909,0.04040404,28.717173,3.989899,0.12,0.6,1.0,1.0,1.0,194573.34,110592.734,1.0,1.0,1.0
2.0,8.0817224e+07,5.0,81.0,0.0,0.47674417,0.19767442,0.023255814,21.860466,4.976744,0.0,0.0,0.15,,0.1,194573.34,110592.734,1.0,1.0,0.0
7.0,444.0,5.0,81.0,0.0,0.45081967,0.13934426,0.07377049,25.606558,10.0,0.0,0.5,0.96666664,0.8666667,1.0,194573.34,110592.734,1.0,1.0,1.0
5.0,281.0,5.0,81.0,1.0,0.5131579,0.118421055,0.065789476,27.243422,5.8157897,0.0,0.31034482,0.44827586,0.20689656,0.9655172,194573.34,110592.734,1.0,1.0,1.0
6.0,426.0,5.0,81.0,1.0,0.52884614,0.07692308,0.086538464,28.788462,3.8076923,0.13793103,0.27586207,0.9655172,0.13793103,1.0,194573.34,110592.734,1.0,1.0,1.0
6.0,429.0,5.0,81.0,0.0,0.5,0.103896104,0.071428575,28.75974,6.4025974,0.06896552,0.5862069,0.8965517,0.7586207,1.0,194573.34,110592.734,1.0,1.0,1.0
6.0,427.0,5.0,81.0,0.0,0.5169492,0.06779661,0.12711865,31.516949,4.6949153,0.071428575,0.2857143,0.96428573,0.10714286,1.0,194573.34,110592.734,1.0,1.0,1.0
2.0,8.081727e+07,5.0,81.0,0.0,0.5277778,0.12962963,0.037037037,22.37037,6.9444447,0.0,0.0,0.0,,0.8,194573.34,110592.734,1.0,1.0,0.0
7.0,406.0,5.0,81.0,1.0,0.47107437,0.12396694,0.12396694,31.86777,9.900826,0.035714287,0.17857143,1.0,0.53571427,1.0,194573.34,110592.734,1.0,1.0,1.0
7.0,445.0,5.0,81.0,0.0,0.45528457,0.08943089,0.08130081,27.707317,10.130081,0.0,0.2,0.88,0.6,1.0,194573.34,110592.734,1.0,1.0,1.0
1.0,501.0,5.0,81.0,0.0,0.4923077,0.092307694,0.06923077,26.084616,7.476923,0.20833333,0.7916667,0.9166667,0.7916667,1.0,194573.34,110592.734,1.0,1.0,0.0
6.0,422.0,5.0,81.0,1.0,0.47580644,0.19354838,0.048387095,25.57258,5.354839,0.035714287,0.0,0.6785714,0.0,0.96428573,194573.34,110592.734,1.0,1.0,1.0
7.0,401.0,5.0,81.0,1.0,0.5042017,0.084033616,0.09243698,29.420168,8.789916,0.0,0.11111111,0.0,0.11111111,1.0,194573.34,110592.734,1.0,1.0,1.0
5.0,280.0,5.0,81.0,1.0,0.46456692,0.10236221,0.09448819,28.015749,5.2834644,0.035714287,0.10714286,0.64285713,0.14285715,1.0,194573.34,110592.734,1.0,1.0,1.0
3.0,561.0,5.0,81.0,1.0,0.4820144,0.15827338,0.043165468,23.798561,4.971223,0.0,0.0,0.0,0.03125,0.8125,194573.34,110592.734,1.0,1.0,0.0
2.0,8.08122e+07,5.0,81.0,0.0,0.5247525,0.12871288,0.04950495,22.524752,5.6138616,0.0,0.0,0.05,,0.95,194573.34,110592.734,1.0,1.0,0.0
2.0,8.081724e+07,5.0,81.0,0.0,0.53333336,0.175,0.025,21.541666,6.883333,0.0,0.05,0.1,,0.8,194573.34,110592.734,1.0,1.0,0.0
3.0,560.0,5.0,81.0,1.0,0.43589744,0.14102565,0.070512824,24.128204,5.3846154,0.0,0.0,0.33333334,0.121212125,0.75757575,194573.34,110592.734,1.0,1.0,0.0
7.0,434.0,5.0,81.0,0.0,0.504,0.08,0.112,31.0,9.296,0.0,0.071428575,0.78571427,0.14285715,1.0,194573.34,110592.734,1.0,1.0,1.0
3.0,559.0,5.0,81.0,1.0,0.4566474,0.15606937,0.028901733,21.462427,5.9710984,0.0,0.0,0.0,0.0,0.65625,194573.34,110592.734,1.0,1.0,0.0
3.0,562.0,5.0,81.0,1.0,0.5611511,0.17985612,0.007194245,21.81295,4.5683455,0.0,0.0,0.030303031,0.0,0.6666667,194573.34,110592.734,1.0,1.0,0.0
2.0,8.081223e+07,5.0,81.0,0.0,0.44554454,0.11881188,0.04950495,23.801981,5.831683,0.0,0.0,0.1,,0.95,194573.34,110592.734,1.0,1.0,0.0
6.0,424.0,5.0,81.0,1.0,0.53521127,0.09859155,0.049295776,25.119719,5.4366198,0.03448276,0.10344828,0.10344828,0.03448276,1.0,194573.34,110592.734,1.0,1.0,1.0
7.0,403.0,5.0,81.0,1.0,0.5,0.11111111,0.11904762,29.706348,9.777778,0.0,0.030303031,0.93939394,0.18181819,1.0,194573.34,110592.734,1.0,1.0,1.0
6.0,418.0,5.0,81.0,1.0,0.509434,0.12264151,0.047169812,26.73585,3.8113208,0.0,0.1724138,0.82758623,0.1724138,1.0,194573.34,110592.734,1.0,1.0,1.0
7.0,405.0,5.0,81.0,1.0,0.5,0.13846155,0.03076923,25.223078,9.7846155,0.5,0.0,0.8,0.0,1.0,194573.34,110592.734,1.0,1.0,1.0
7.0,441.0,5.0,81.0,0.0,0.52380955,0.07936508,0.055555556,28.126984,10.126985,0.22857143,0.51428574,1.0,1.0,1.0,194573.34,110592.734,1.0,1.0,1.0
6.0,428.0,5.0,81.0,0.0,0.49541286,0.10091743,0.110091746,29.6789,4.1009173,0.0,0.06896552,0.7241379,0.13793103,1.0,194573.34,110592.734,1.0,1.0,1.0
7.0,443.0,5.0,81.0,0.0,0.44615385,0.06923077,0.092307694,31.646154,10.369231,0.08,0.48,1.0,0.84,1.0,194573.34,110592.734,1.0,1.0,1.0
7.0,407.0,5.0,81.0,1.0,0.49166667,0.058333334,0.06666667,29.366667,9.166667,0.0,0.0,0.84,0.04,1.0,194573.34,110592.734,1.0,1.0,1.0
1.0,502.0,5.0,81.0,1.0,0.4642857,0.13095239,0.04761905,22.833334,5.214286,0.0,0.0,0.0,0.0,0.11111111,194573.34,110592.734,1.0,1.0,0.0
6.0,417.0,5.0,81.0,0.0,0.5049505,0.12871288,0.03960396,27.60396,4.188119,0.071428575,0.10714286,0.89285713,0.2857143,0.96428573,194573.34,110592.734,1.0,1.0,1.0
7.0,404.0,5.0,81.0,1.0,0.5194805,0.084415585,0.12987013,32.084415,12.597403,0.46666667,0.33333334,0.9,0.3,1.0,194573.34,110592.734,1.0,1.0,1.0
7.0,437.0,5.0,81.0,0.0,0.5409836,0.13934426,0.04918033,23.762295,9.114754,0.0,0.0,0.8666667,0.0,1.0,194573.34,110592.734,1.0,1.0,1.0
2.0,8.081828e+07,5.0,81.0,1.0,0.5903614,0.18072289,0.024096385,21.891565,4.7349396,0.0,0.05,0.0,,0.7,194573.34,110592.734,1.0,1.0,0.0
2.0,8.081349e+07,5.0,81.0,1.0,0.51960784,0.11764706,0.019607844,23.12745,6.8235292,0.0,0.0,0.0,,0.0,194573.34,110592.734,1.0,1.0,0.0
7.0,402.0,5.0,81.0,1.0,0.46601942,0.048543688,0.14563107,35.242718,8.873786,0.2,0.0,0.72,0.28,1.0,194573.34,110592.734,1.0,1.0,1.0
5.0,292.0,5.0,81.0,0.0,0.4822695,0.09929078,0.07801419,28.58156,5.9078016,0.4,0.9,0.93333334,0.8,1.0,194573.34,110592.734,1.0,1.0,1.0
6.0,430.0,5.0,81.0,0.0,0.45081967,0.08196721,0.04918033,29.139345,5.0655737,0.15384616,0.7692308,1.0,0.9230769,1.0,194573.34,110592.734,1.0,1.0,1.0
5.0,294.0,5.0,81.0,0.0,0.488,0.112,0.08,26.424,4.872,0.03448276,0.13793103,0.51724136,0.20689656,1.0,194573.34,110592.734,1.0,1.0,1.0
6.0,423.0,5.0,81.0,0.0,0.49579832,0.15126051,0.05042017,25.193277,4.647059,0.16,0.2,0.88,0.48,0.96,194573.34,110592.734,1.0,1.0,1.0
3.0,346.0,3.0,82.0,1.0,0.49367088,0.1329114,0.03164557,23.379747,6.101266,0.0,0.0,0.0,0.0,0.87096775,72738.96,78508.766,0.0,0.0,0.0
5.0,145.0,3.0,82.0,1.0,0.49305555,0.125,0.055555556,24.45139,5.5277777,0.0,0.3,0.46666667,0.13333334,1.0,72738.96,78508.766,0.0,0.0,1.0
3.0,328.0,3.0,82.0,0.0,0.5285714,0.071428575,0.057142857,27.328571,6.457143,0.16666667,0.5,0.8333333,0.8333333,1.0,72738.96,78508.766,0.0,0.0,0.0
4.0,92.0,3.0,82.0,1.0,0.45783132,0.15662651,0.06626506,24.487951,6.8433733,0.027027028,0.054054055,0.3243243,0.054054055,1.0,72738.96,78508.766,0.0,0.0,1.0
7.0,214.0,3.0,82.0,1.0,0.49295774,0.1056338,0.06338028,26.894365,11.239436,0.030303031,0.121212125,0.93939394,0.4848485,1.0,72738.96,78508.766,0.0,0.0,1.0
3.0,347.0,3.0,82.0,1.0,0.51079136,0.1438849,0.05035971,22.625898,5.9064746,0.0,0.0,0.032258064,0.0,0.67741936,72738.96,78508.766,0.0,0.0,0.0
6.0,259.0,3.0,82.0,1.0,0.45833334,0.15972222,0.07638889,26.333334,6.1527777,0.0,0.029411765,0.8235294,0.029411765,1.0,72738.96,78508.766,0.0,0.0,1.0
1.0,347.0,3.0,82.0,1.0,0.49130434,0.17391305,0.060869563,22.7,7.2434783,0.0,0.0,0.023255814,0.0,0.7209302,72738.96,78508.766,0.0,0.0,0.0
4.0,317.0,3.0,82.0,0.0,0.47204968,0.14285715,0.08074534,25.720497,6.490683,0.0,0.030303031,0.36363637,0.121212125,1.0,72738.96,78508.766,0.0,0.0,1.0
1.0,327.0,3.0,82.0,0.0,0.49541286,0.119266056,0.07339449,24.825687,6.3394494,0.09090909,0.45454547,0.77272725,0.5,0.90909094,72738.96,78508.766,0.0,0.0,0.0
1.0,346.0,3.0,82.0,1.0,0.52717394,0.14130434,0.048913043,22.934782,6.021739,0.0,0.0,0.029411765,0.0,0.7058824,72738.96,78508.766,0.0,0.0,0.0
1.0,328.0,3.0,82.0,0.0,0.4477612,0.104477614,0.014925373,23.164179,5.597015,0.13333334,0.6,0.8666667,0.6666667,1.0,72738.96,78508.766,0.0,0.0,0.0
6.0,258.0,3.0,82.0,1.0,0.5298507,0.13432837,0.104477614,26.514925,5.0597014,0.0,0.0,0.0,0.04761905,1.0,72738.96,78508.766,0.0,0.0,1.0
7.0,213.0,3.0,82.0,1.0,0.5,0.14583333,0.097222224,26.993055,11.888889,0.0,0.0,0.5,0.06666667,1.0,72738.96,78508.766,0.0,0.0,1.0
7.0,248.0,3.0,82.0,0.0,0.46031746,0.11904762,0.04761905,26.539682,9.619047,0.0,0.25,0.8214286,0.5,1.0,72738.96,78508.766,0.0,0.0,1.0
6.0,510.0,5.0,85.0,1.0,0.530303,0.21969697,0.045454547,22.871212,5.5454545,0.0,0.0,0.037037037,0.0,0.8888889,271224.34,153130.3,1.0,1.0,1.0
4.0,211.0,5.0,85.0,1.0,0.4919355,0.14516129,0.06451613,24.798388,4.66129,0.0,0.0,0.32258064,0.0,1.0,271224.34,153130.3,1.0,1.0,1.0
2.0,8.585925e+07,5.0,85.0,1.0,0.44444445,0.18518518,0.012345679,21.296297,4.6790123,0.0,0.0,0.0,,0.15,271224.34,153130.3,1.0,1.0,0.0
2.0,8.58542e+07,5.0,85.0,0.0,0.5,0.2244898,0.040816326,20.734694,5.612245,0.0,0.0,0.2,,0.65,271224.34,153130.3,1.0,1.0,0.0
4.0,210.0,5.0,85.0,1.0,0.52592593,0.18518518,0.05185185,22.266666,5.6222224,0.0,0.0,0.030303031,0.0,0.969697,271224.34,153130.3,1.0,1.0,1.0
6.0,511.0,5.0,85.0,0.0,0.50318474,0.08280255,0.050955415,27.885351,6.2356687,0.13043478,0.2173913,1.0,0.39130434,1.0,271224.34,153130.3,1.0,1.0,1.0
3.0,506.0,5.0,85.0,0.0,0.48175183,0.18248175,0.02919708,20.540146,6.489051,0.0,0.071428575,0.35714287,0.0,0.89285713,271224.34,153130.3,1.0,1.0,0.0
7.0,493.0,5.0,85.0,1.0,0.50757575,0.121212125,0.17424242,29.810606,11.606061,0.0,0.0,0.71428573,0.2857143,0.95238096,271224.34,153130.3,1.0,1.0,1.0
3.0,537.0,5.0,85.0,1.0,0.5116279,0.16860466,0.069767445,22.563953,5.0348835,0.05263158,0.0,0.027777778,0.05263158,0.21052632,271224.34,153130.3,1.0,1.0,0.0
2.0,8.585761e+07,5.0,85.0,1.0,0.5,0.16666667,0.027777778,23.36111,4.5,0.0,0.0,0.0,,0.15,271224.34,153130.3,1.0,1.0,0.0
6.0,514.0,5.0,85.0,0.0,0.48175183,0.10948905,0.0729927,25.671534,5.642336,0.13793103,0.31034482,1.0,0.55172414,1.0,271224.34,153130.3,1.0,1.0,1.0
1.0,506.0,5.0,85.0,0.0,0.47619048,0.20408164,0.020408163,19.591837,7.4353743,0.0,0.0625,0.4375,0.09375,0.90625,271224.34,153130.3,1.0,1.0,0.0
3.0,536.0,5.0,85.0,1.0,0.5221675,0.13793103,0.0591133,22.970444,7.4236455,0.0,0.0,0.10526316,0.02631579,0.7631579,271224.34,153130.3,1.0,1.0,0.0
1.0,535.0,5.0,85.0,1.0,0.5529412,0.08235294,0.11764706,28.129412,4.8588233,0.0,0.0,0.054054055,0.027027028,0.35135135,271224.34,153130.3,1.0,1.0,0.0
4.0,212.0,5.0,85.0,1.0,0.5,0.14516129,0.05645161,24.185484,4.774194,0.0,0.0,0.06896552,0.0,0.8965517,271224.34,153130.3,1.0,1.0,1.0
1.0,507.0,5.0,85.0,0.0,0.51891893,0.09189189,0.05945946,24.551352,7.92973,0.12,0.76,0.8,0.56,0.88,271224.34,153130.3,1.0,1.0,0.0
6.0,509.0,5.0,85.0,1.0,0.43076923,0.10769231,0.06153846,25.884615,5.1384616,0.0,0.0,0.06666667,0.06666667,0.76666665,271224.34,153130.3,1.0,1.0,1.0
7.0,527.0,5.0,85.0,0.0,0.53333336,0.08148148,0.08888889,28.985186,11.6,0.0,0.15384616,0.9230769,0.3846154,1.0,271224.34,153130.3,1.0,1.0,1.0
6.0,521.0,5.0,85.0,1.0,0.4871795,0.16239317,0.07692308,26.529915,4.8461537,0.0,0.037037037,0.6296296,0.14814815,0.962963,271224.34,153130.3,1.0,1.0,1.0
5.0,314.0,5.0,85.0,0.0,0.5323741,0.16546762,0.10071942,26.892086,5.5035973,0.0,0.42307693,0.46153846,0.15384616,1.0,271224.34,153130.3,1.0,1.0,1.0
4.0,343.0,5.0,85.0,0.0,0.5068493,0.14383562,0.047945205,23.739725,6.1369863,0.13513513,0.27027026,0.5675676,0.24324325,1.0,271224.34,153130.3,1.0,1.0,1.0
7.0,495.0,5.0,85.0,1.0,0.488,0.056,0.08,30.328,9.712,0.0,0.0,0.9259259,0.14814815,1.0,271224.34,153130.3,1.0,1.0,1.0
6.0,518.0,5.0,85.0,1.0,0.515873,0.12698413,0.06349207,27.13492,5.0793653,0.06666667,0.13333334,0.76666665,0.26666668,1.0,271224.34,153130.3,1.0,1.0,1.0
7.0,525.0,5.0,85.0,0.0,0.49612403,0.10852713,0.062015504,26.728682,9.286821,0.0,0.0,0.8333333,0.2,1.0,271224.34,153130.3,1.0,1.0,1.0
1.0,534.0,5.0,85.0,1.0,0.50222224,0.22666667,0.044444446,19.12889,6.6,0.0,0.0,0.0,0.0,0.25,271224.34,153130.3,1.0,1.0,0.0
4.0,213.0,5.0,85.0,1.0,0.47524753,0.14851485,0.10891089,28.039604,4.009901,0.0,0.04,0.0,0.0,0.76,271224.34,153130.3,1.0,1.0,1.0
6.0,512.0,5.0,85.0,1.0,0.49122807,0.14035088,0.03508772,24.149122,4.7894735,0.0,0.0,0.6086956,0.04347826,0.95652175,271224.34,153130.3,1.0,1.0,1.0
7.0,526.0,5.0,85.0,0.0,0.5045872,0.08256881,0.08256881,29.844036,9.009174,0.13043478,0.6086956,1.0,0.8695652,1.0,271224.34,153130.3,1.0,1.0,1.0
1.0,535.0,5.0,85.0,1.0,0.4861111,0.125,0.027777778,23.26389,6.0277777,0.0,0.0,0.054054055,0.027027028,0.35135135,271224.34,153130.3,1.0,1.0,0.0
6.0,522.0,5.0,85.0,1.0,0.4918033,0.09836066,0.13934426,31.745901,4.5901637,0.0,0.045454547,0.0,0.09090909,1.0,271224.34,153130.3,1.0,1.0,1.0
2.0,8.585422e+07,5.0,85.0,1.0,0.5478261,0.14782609,0.034782607,22.93913,6.8608694,0.0,0.0,0.0,,0.35,271224.34,153130.3,1.0,1.0,0.0
6.0,519.0,5.0,85.0,1.0,0.5090909,0.10909091,0.11818182,30.563637,4.2909093,0.0,0.20833333,0.125,0.0,0.9166667,271224.34,153130.3,1.0,1.0,1.0
6.0,516.0,5.0,85.0,1.0,0.5089286,0.14285715,0.071428575,26.5,4.178571,0.0,0.0,0.04,0.04,0.88,271224.34,153130.3,1.0,1.0,1.0
6.0,517.0,5.0,85.0,1.0,0.5206612,0.09917355,0.0661157,27.206612,4.8347106,0.07692308,0.07692308,0.0,0.07692308,1.0,271224.34,153130.3,1.0,1.0,1.0
5.0,284.0,5.0,85.0,1.0,0.4774775,0.10810811,0.15315315,31.531532,5.18018,0.1,0.2,0.8,0.1,0.95,271224.34,153130.3,1.0,1.0,1.0
1.0,536.0,5.0,85.0,1.0,0.5022831,0.1780822,0.05936073,21.853882,7.0547943,0.0,0.054054055,0.0,0.0,0.45945945,271224.34,153130.3,1.0,1.0,0.0
3.0,534.0,5.0,85.0,1.0,0.5,0.20731707,0.036585364,19.987804,5.9634147,0.0,0.0,0.0,0.0,0.3939394,271224.34,153130.3,1.0,1.0,0.0
7.0,528.0,5.0,85.0,0.0,0.42957747,0.09859155,0.07042254,26.753521,11.718309,0.02631579,0.0,0.8684211,0.18421052,1.0,271224.34,153130.3,1.0,1.0,1.0
4.0,209.0,5.0,85.0,1.0,0.471831,0.09154929,0.07042254,25.809858,5.338028,0.0,0.0625,0.29032257,0.0,0.875,271224.34,153130.3,1.0,1.0,1.0
6.0,515.0,5.0,85.0,0.0,0.4878049,0.07317073,0.08943089,28.422764,5.211382,0.08,0.0,0.76,0.2,1.0,271224.34,153130.3,1.0,1.0,1.0
1.0,538.0,5.0,85.0,1.0,0.5119048,0.16666667,0.065476194,22.619047,5.345238,0.0,0.027027028,0.0,0.0,0.24324325,271224.34,153130.3,1.0,1.0,0.0
7.0,494.0,5.0,85.0,1.0,0.43801653,0.09917355,0.05785124,26.727272,8.644629,0.0,0.0,0.58064514,0.06451613,1.0,271224.34,153130.3,1.0,1.0,1.0
3.0,538.0,5.0,85.0,1.0,0.50980395,0.14379086,0.07189543,23.784313,4.633987,0.0,0.0,0.0,0.0,0.25,271224.34,153130.3,1.0,1.0,0.0
6.0,520.0,5.0,85.0,1.0,0.5,0.06944445,0.083333336,27.36111,5.861111,0.0,0.0,0.5,0.14705883,1.0,271224.34,153130.3,1.0,1.0,1.0
2.0,8.585582e+07,5.0,85.0,1.0,0.5263158,0.094736844,0.042105265,22.16842,5.5263157,0.0,0.0,0.0,,0.3,271224.34,153130.3,1.0,1.0,0.0
3.0,535.0,5.0,85.0,1.0,0.53333336,0.24444444,0.06666667,19.933332,4.9555554,0.0,0.0,0.0,0.0,0.3448276,271224.34,153130.3,1.0,1.0,0.0
7.0,491.0,5.0,85.0,1.0,0.44954127,0.119266056,0.06422018,27.110092,8.678899,0.0,0.14285715,0.0,0.10714286,0.9285714,271224.34,153130.3,1.0,1.0,1.0
5.0,307.0,5.0,85.0,0.0,0.4391892,0.12837838,0.0472973,25.243244,5.6486487,0.029411765,0.9411765,0.9117647,0.9117647,1.0,271224.34,153130.3,1.0,1.0,1.0
2.0,8.585499e+07,5.0,85.0,1.0,0.5591398,0.12903225,0.043010753,22.849463,5.623656,0.0,0.0,0.0,,0.65,271224.34,153130.3,1.0,1.0,0.0
5.0,283.0,5.0,85.0,1.0,0.5,0.17460318,0.06349207,23.15873,5.0634923,0.0,0.035714287,0.0,0.0,1.0,271224.34,153130.3,1.0,1.0,1.0
5.0,285.0,5.0,85.0,1.0,0.48920864,0.1438849,0.09352518,27.884892,8.913669,0.0,0.04,0.12,0.04,0.72,271224.34,153130.3,1.0,1.0,1.0
6.0,523.0,5.0,85.0,1.0,0.46923077,0.16923077,0.1,25.107693,5.0615387,0.04761905,0.0,0.6666667,0.1904762,1.0,271224.34,153130.3,1.0,1.0,1.0
7.0,497.0,5.0,85.0,1.0,0.46774194,0.11290322,0.08064516,26.564516,9.83871,0.0,0.071428575,0.0,0.0,1.0,271224.34,153130.3,1.0,1.0,1.0
7.0,524.0,5.0,85.0,0.0,0.47826087,0.12173913,0.04347826,28.095652,9.2,0.0,0.27586207,0.4827586,0.31034482,1.0,271224.34,153130.3,1.0,1.0,1.0
7.0,498.0,5.0,85.0,1.0,0.43650794,0.103174604,0.103174604,29.587301,9.142858,0.0,0.23333333,0.43333334,0.23333333,1.0,271224.34,153130.3,1.0,1.0,1.0
7.0,499.0,5.0,85.0,1.0,0.46846846,0.12612613,0.10810811,29.621622,8.810811,0.0,0.074074075,0.18518518,0.037037037,1.0,271224.34,153130.3,1.0,1.0,1.0
7.0,492.0,5.0,85.0,1.0,0.4715447,0.07317073,0.06504065,27.406504,9.317073,0.0,0.03448276,0.79310346,0.0,1.0,271224.34,153130.3,1.0,1.0,1.0
7.0,501.0,5.0,85.0,1.0,0.47328246,0.129771,0.16030534,31.450382,9.908397,0.0,0.37931034,0.37931034,0.10344828,0.9310345,271224.34,153130.3,1.0,1.0,1.0
5.0,306.0,5.0,85.0,0.0,0.49056605,0.10062893,0.044025157,25.26415,6.1320753,0.0,0.39285713,0.75,0.21428572,1.0,271224.34,153130.3,1.0,1.0,1.0
3.0,507.0,5.0,85.0,0.0,0.44186047,0.13178295,0.046511628,24.782946,6.4573646,0.04761905,0.52380955,0.85714287,0.52380955,0.9047619,271224.34,153130.3,1.0,1.0,0.0
2.0,8.5854904e+07,5.0,85.0,0.0,0.57258064,0.11290322,0.024193548,20.612904,7.467742,0.05,0.45,0.95,,1.0,271224.34,153130.3,1.0,1.0,0.0
7.0,500.0,5.0,85.0,1.0,0.45217392,0.104347825,0.052173913,26.904348,8.643478,0.0,0.30769232,0.8076923,0.115384616,1.0,271224.34,153130.3,1.0,1.0,1.0
6.0,513.0,5.0,85.0,0.0,0.49285713,0.14285715,0.057142857,24.928572,5.614286,0.17857143,0.32142857,1.0,0.53571427,1.0,271224.34,153130.3,1.0,1.0,1.0
7.0,496.0,5.0,85.0,1.0,0.45528457,0.09756097,0.11382114,30.024391,9.121951,0.0,0.16,0.44,0.16,1.0,271224.34,153130.3,1.0,1.0,1.0
6.0,508.0,5.0,85.0,1.0,0.50714284,0.10714286,0.10714286,29.235714,5.542857,0.0,0.0,0.5862069,0.06896552,1.0,271224.34,153130.3,1.0,1.0,1.0
1.0,537.0,5.0,85.0,1.0,0.47715735,0.11167513,0.0964467,24.8934,5.7715735,0.024390243,0.024390243,0.0,0.048780486,0.2195122,271224.34,153130.3,1.0,1.0,0.0
1.0,342.0,3.0,86.0,1.0,0.54761904,0.21428572,0.071428575,22.028572,6.7714286,0.0,0.0,0.0,0.0,0.6388889,28357.508,145198.77,0.0,0.0,0.0
7.0,216.0,3.0,86.0,1.0,0.5,0.11029412,0.066176474,26.75,10.529411,0.0,0.035714287,0.8214286,0.10714286,1.0,28357.508,145198.77,0.0,0.0,1.0
1.0,341.0,3.0,86.0,1.0,0.43979058,0.16753927,0.09424084,25.026178,5.931937,0.0,0.027777778,0.0,0.0,0.8333333,28357.508,145198.77,0.0,0.0,0.0
6.0,261.0,3.0,86.0,1.0,0.40145984,0.124087594,0.15328467,29.744526,5.408759,0.0,0.0,0.84210527,0.0,1.0,28357.508,145198.77,0.0,0.0,1.0
3.0,343.0,3.0,86.0,1.0,0.5046729,0.26168224,0.05140187,19.228971,7.2429905,0.0,0.0,0.0,0.0,0.61764705,28357.508,145198.77,0.0,0.0,0.0
4.0,93.0,3.0,86.0,1.0,0.44025156,0.19496855,0.08805031,24.534592,6.1698112,0.0,0.0,0.0,0.0,1.0,28357.508,145198.77,0.0,0.0,1.0
6.0,260.0,3.0,86.0,1.0,0.3561644,0.12328767,0.10273973,28.342466,5.6849313,0.0,0.0,0.64285713,0.071428575,1.0,28357.508,145198.77,0.0,0.0,1.0
5.0,146.0,3.0,86.0,1.0,0.4868421,0.14473684,0.118421055,27.625,6.2105265,0.0,0.16666667,0.33333334,0.0,1.0,28357.508,145198.77,0.0,0.0,1.0
2.0,4.086365e+07,3.0,86.0,1.0,0.46969697,0.21212122,0.03787879,20.022728,7.848485,0.0,0.0,0.0,,0.55,28357.508,145198.77,0.0,0.0,0.0
1.0,343.0,3.0,86.0,1.0,0.44660193,0.2961165,0.058252428,19.54369,7.495146,0.0,0.0,0.0,0.0,0.41025642,28357.508,145198.77,0.0,0.0,0.0
2.0,4.0866584e+07,3.0,86.0,1.0,0.5121951,0.20325203,0.07317073,22.869919,7.130081,0.0,0.0,0.0,,0.6,28357.508,145198.77,0.0,0.0,0.0
3.0,342.0,3.0,86.0,1.0,0.4722222,0.22222222,0.0625,21.597221,6.0555553,0.0,0.04761905,0.0,0.0,0.7619048,28357.508,145198.77,0.0,0.0,0.0
2.0,4.086697e+07,3.0,86.0,1.0,0.5263158,0.08421053,0.11578947,27.231579,5.7789474,0.0,0.0,0.0,,0.8,28357.508,145198.77,0.0,0.0,0.0
7.0,215.0,3.0,86.0,1.0,0.4563107,0.1553398,0.058252428,23.30097,10.54369,0.0,0.0,0.0,0.0,1.0,28357.508,145198.77,0.0,0.0,1.0
3.0,341.0,3.0,86.0,1.0,0.46116504,0.1699029,0.058252428,21.830097,6.4174757,0.0,0.029411765,0.0,0.029411765,0.9705882,28357.508,145198.77,0.0,0.0,0.0
4.0,94.0,3.0,86.0,1.0,0.48091602,0.13740458,0.091603056,24.175573,5.778626,0.0,0.0,0.074074075,0.074074075,0.9259259,28357.508,145198.77,0.0,0.0,1.0
2.0,5.0874772e+07,4.0,87.0,1.0,0.5339806,0.116504855,0.048543688,24.194174,5.6213593,0.0,0.0,0.25,,0.05,148772.88,211410.4,0.0,0.0,0.0
6.0,354.0,4.0,87.0,0.0,0.4871795,0.13461539,0.051282052,25.948717,6.3461537,0.06451613,0.2580645,0.87096775,0.48387095,1.0,148772.88,211410.4,0.0,0.0,1.0
3.0,430.0,4.0,87.0,1.0,0.5,0.16346154,0.067307696,23.10577,7.5961537,0.0,0.051282052,0.12820514,0.15384616,0.12820514,148772.88,211410.4,0.0,0.0,0.0
1.0,428.0,4.0,87.0,1.0,0.4848485,0.15151516,0.06926407,23.069263,6.7922077,0.0,0.045454547,0.20454545,0.022727273,0.022727273,148772.88,211410.4,0.0,0.0,0.0
7.0,326.0,4.0,87.0,1.0,0.51428574,0.10714286,0.07857143,26.87857,10.542857,0.0,0.12,0.88,0.28,0.96,148772.88,211410.4,0.0,0.0,1.0
4.0,145.0,4.0,87.0,1.0,0.4413793,0.1724138,0.08275862,25.51724,5.7586207,0.027027028,0.0,0.4054054,0.13513513,0.972973,148772.88,211410.4,0.0,0.0,1.0
6.0,351.0,4.0,87.0,1.0,0.44444445,0.0625,0.14583333,32.430557,5.3055553,0.0,0.0,0.90625,0.3125,0.84375,148772.88,211410.4,0.0,0.0,1.0
7.0,324.0,4.0,87.0,1.0,0.47663552,0.08411215,0.093457945,28.635513,8.392524,0.0,0.071428575,1.0,0.2857143,1.0,148772.88,211410.4,0.0,0.0,1.0
3.0,428.0,4.0,87.0,1.0,0.45754716,0.17924528,0.070754714,22.95283,6.707547,0.027027028,0.027027028,0.1891892,0.08108108,0.08108108,148772.88,211410.4,0.0,0.0,0.0
5.0,222.0,4.0,87.0,1.0,0.48765433,0.10493827,0.11111111,29.246914,6.6790123,0.0,0.28125,0.375,0.21875,0.09375,148772.88,211410.4,0.0,0.0,1.0
6.0,355.0,4.0,87.0,1.0,0.49668875,0.11258278,0.08609272,27.754967,5.7549667,0.0,0.03125,0.6875,0.25,1.0,148772.88,211410.4,0.0,0.0,1.0
5.0,223.0,4.0,87.0,1.0,0.49462366,0.10752688,0.09677419,28.327957,8.774194,0.0,0.2857143,0.2857143,0.25714287,0.7714286,148772.88,211410.4,0.0,0.0,1.0
7.0,329.0,4.0,87.0,1.0,0.5,0.04310345,0.13793103,34.405174,8.827586,0.0,0.1724138,0.62068963,0.3448276,0.9655172,148772.88,211410.4,0.0,0.0,1.0
2.0,5.0870424e+07,4.0,87.0,1.0,0.5339806,0.116504855,0.029126214,23.019417,5.7184467,0.0,0.0,0.0,,0.3,148772.88,211410.4,0.0,0.0,0.0
3.0,429.0,4.0,87.0,1.0,0.48969072,0.14948453,0.0927835,24.814432,6.7938147,0.0,0.0,0.0,0.05882353,0.029411765,148772.88,211410.4,0.0,0.0,0.0
5.0,225.0,4.0,87.0,1.0,0.48872182,0.120300755,0.05263158,23.270678,5.7218046,0.0,0.035714287,0.0,0.0,0.32142857,148772.88,211410.4,0.0,0.0,1.0
6.0,356.0,4.0,87.0,1.0,0.4939759,0.078313254,0.072289154,26.680723,8.072289,0.0,0.0,0.4827586,0.0,0.6896552,148772.88,211410.4,0.0,0.0,1.0
2.0,5.0878252e+07,4.0,87.0,1.0,0.50574714,0.13793103,0.06896552,25.54023,4.793103,0.0,0.0,0.3,,0.35,148772.88,211410.4,0.0,0.0,0.0
7.0,327.0,4.0,87.0,1.0,0.5153846,0.13846155,0.10769231,30.123077,9.753846,0.0,0.12,0.64,0.32,1.0,148772.88,211410.4,0.0,0.0,1.0
7.0,325.0,4.0,87.0,1.0,0.5258621,0.05172414,0.112068966,31.887932,8.5172415,0.083333336,0.041666668,0.25,0.125,0.9166667,148772.88,211410.4,0.0,0.0,1.0
4.0,146.0,4.0,87.0,1.0,0.46206897,0.07586207,0.055172414,26.331034,5.4,0.0,0.0,0.25925925,0.14814815,0.33333334,148772.88,211410.4,0.0,0.0,1.0
4.0,143.0,4.0,87.0,1.0,0.56643355,0.15384616,0.10489511,26.797203,6.300699,0.0,0.0,0.0,0.0,0.83870965,148772.88,211410.4,0.0,0.0,1.0
5.0,224.0,4.0,87.0,1.0,0.47619048,0.12698413,0.04761905,25.174603,5.269841,0.0,0.14285715,0.75,0.10714286,0.17857143,148772.88,211410.4,0.0,0.0,1.0
1.0,429.0,4.0,87.0,1.0,0.5151515,0.17676768,0.060606062,23.161615,5.959596,0.0,0.051282052,0.0,0.0,0.0,148772.88,211410.4,0.0,0.0,0.0
2.0,5.087908e+07,4.0,87.0,1.0,0.4952381,0.15238096,0.057142857,24.133333,5.857143,0.0,0.05,0.4,,0.75,148772.88,211410.4,0.0,0.0,0.0
5.0,221.0,4.0,87.0,1.0,0.45,0.125,0.108333334,28.525,4.766667,0.0,0.17857143,0.10714286,0.071428575,0.17857143,148772.88,211410.4,0.0,0.0,1.0
4.0,147.0,4.0,87.0,1.0,0.5,0.14179105,0.03731343,25.044777,5.1044774,0.0,0.0,0.09090909,0.121212125,1.0,148772.88,211410.4,0.0,0.0,1.0
6.0,352.0,4.0,87.0,1.0,0.44715446,0.10569106,0.09756097,28.707317,4.772358,0.0,0.16666667,0.6666667,0.2,1.0,148772.88,211410.4,0.0,0.0,1.0
6.0,358.0,4.0,87.0,1.0,0.5234375,0.078125,0.125,31.9375,4.828125,0.0,0.0,0.26666668,0.1,1.0,148772.88,211410.4,0.0,0.0,1.0
6.0,349.0,4.0,87.0,0.0,0.49285713,0.057142857,0.13571429,31.607143,5.3285713,0.0,0.14814815,0.7037037,0.4074074,0.7037037,148772.88,211410.4,0.0,0.0,1.0
6.0,353.0,4.0,87.0,1.0,0.41843972,0.10638298,0.10638298,28.404255,6.1489363,0.0,0.071428575,0.25,0.35714287,0.8214286,148772.88,211410.4,0.0,0.0,1.0
7.0,328.0,4.0,87.0,1.0,0.47019866,0.08609272,0.15231788,31.509933,11.509933,0.0,0.0,0.55172414,0.13793103,0.51724136,148772.88,211410.4,0.0,0.0,1.0
3.0,427.0,4.0,87.0,1.0,0.50595236,0.14880952,0.05357143,24.077381,5.7738094,0.0,0.0,0.5405405,0.0,0.05263158,148772.88,211410.4,0.0,0.0,0.0
1.0,430.0,4.0,87.0,1.0,0.52105266,0.14210527,0.06842105,24.752632,6.1894736,0.0,0.051282052,0.051282052,0.07692308,0.07692308,148772.88,211410.4,0.0,0.0,0.0
4.0,144.0,4.0,87.0,1.0,0.515625,0.1484375,0.0546875,25.0,5.609375,0.0,0.0,0.46666667,0.033333335,1.0,148772.88,211410.4,0.0,0.0,1.0
7.0,349.0,4.0,87.0,0.0,0.460177,0.11504425,0.044247787,25.80531,10.353982,0.06896552,0.06896552,0.8965517,0.13793103,0.9310345,148772.88,211410.4,0.0,0.0,1.0
4.0,327.0,4.0,87.0,0.0,0.4779874,0.1572327,0.094339624,25.308176,7.289308,0.2647059,0.0,0.64705884,0.4117647,0.9705882,148772.88,211410.4,0.0,0.0,1.0
6.0,350.0,4.0,87.0,1.0,0.4318182,0.11363637,0.1590909,30.712122,6.2272725,0.0,0.18518518,0.8518519,0.33333334,0.962963,148772.88,211410.4,0.0,0.0,1.0
2.0,5.08782e+07,4.0,87.0,0.0,0.57522124,0.11504425,0.053097345,22.99115,6.964602,0.05,0.1,0.65,,0.9,148772.88,211410.4,0.0,0.0,0.0
6.0,357.0,4.0,87.0,1.0,0.5,0.10655738,0.114754096,28.377048,5.0491805,0.0,0.0,0.44444445,0.0,0.5555556,148772.88,211410.4,0.0,0.0,1.0
7.0,323.0,4.0,87.0,1.0,0.5032258,0.08387097,0.103225805,32.296776,12.993548,0.0,0.09677419,0.22580644,0.29032257,0.61290324,148772.88,211410.4,0.0,0.0,1.0
2.0,7.088676e+07,5.0,88.0,1.0,0.5241935,0.13709678,0.07258064,24.741936,7.548387,0.0,0.0,0.05,,1.0,124837.266,25424.426,1.0,1.0,0.0
4.0,336.0,5.0,88.0,0.0,0.459854,0.1459854,0.03649635,23.430656,5.3065696,0.0,0.0,0.45945945,0.08108108,1.0,124837.266,25424.426,1.0,1.0,1.0
7.0,440.0,5.0,88.0,0.0,0.45588234,0.13235295,0.05882353,27.455883,10.970589,0.0,0.15625,1.0,0.65625,1.0,124837.266,25424.426,1.0,1.0,1.0
6.0,435.0,5.0,88.0,0.0,0.43548387,0.12096774,0.09677419,27.637096,4.774194,0.0,0.0,0.6666667,0.14814815,1.0,124837.266,25424.426,1.0,1.0,1.0
4.0,181.0,5.0,88.0,1.0,0.512987,0.16883117,0.064935066,23.27922,5.909091,0.0,0.0,0.41935483,0.06451613,1.0,124837.266,25424.426,1.0,1.0,1.0
6.0,443.0,5.0,88.0,1.0,0.47663552,0.11214953,0.08411215,28.71028,4.6074767,0.0,0.03846154,0.65384614,0.0,1.0,124837.266,25424.426,1.0,1.0,1.0
7.0,411.0,5.0,88.0,1.0,0.504,0.104,0.072,28.984,10.576,0.0,0.071428575,0.35714287,0.10714286,1.0,124837.266,25424.426,1.0,1.0,1.0
7.0,414.0,5.0,88.0,1.0,0.4532374,0.15107913,0.086330935,26.705036,11.52518,0.0,0.035714287,0.6785714,0.035714287,1.0,124837.266,25424.426,1.0,1.0,1.0
7.0,412.0,5.0,88.0,1.0,0.53846157,0.1474359,0.051282052,22.538462,12.641026,0.0,0.0,0.0,0.0,1.0,124837.266,25424.426,1.0,1.0,1.0
3.0,570.0,5.0,88.0,1.0,0.4779874,0.16981132,0.044025157,21.509434,6.4591193,0.0,0.0,0.10714286,0.0,0.8965517,124837.266,25424.426,1.0,1.0,0.0
1.0,568.0,5.0,88.0,1.0,0.50625,0.18125,0.04375,21.9125,7.1125,0.0,0.032258064,0.09677419,0.032258064,0.9354839,124837.266,25424.426,1.0,1.0,0.0
7.0,408.0,5.0,88.0,1.0,0.4710145,0.18115942,0.13768116,29.10145,11.42029,0.037037037,0.11111111,0.8888889,0.14814815,1.0,124837.266,25424.426,1.0,1.0,1.0
7.0,417.0,5.0,88.0,1.0,0.50993377,0.09271523,0.119205296,28.225166,11.721854,0.0,0.06666667,0.7,0.26666668,1.0,124837.266,25424.426,1.0,1.0,1.0
6.0,444.0,5.0,88.0,1.0,0.51079136,0.1438849,0.0647482,23.820145,5.992806,0.0,0.0,0.0,0.08,1.0,124837.266,25424.426,1.0,1.0,1.0
1.0,569.0,5.0,88.0,1.0,0.5508021,0.13368984,0.0855615,26.486631,6.946524,0.0,0.0,0.0,0.0,0.4047619,124837.266,25424.426,1.0,1.0,0.0
7.0,438.0,5.0,88.0,0.0,0.4822695,0.09219858,0.14184397,30.007092,12.83688,0.0,0.18518518,0.8148148,0.25925925,1.0,124837.266,25424.426,1.0,1.0,1.0
2.0,7.088788e+07,5.0,88.0,1.0,0.54651165,0.10465116,0.093023255,25.54651,4.744186,0.0,0.0,0.25,,0.9,124837.266,25424.426,1.0,1.0,0.0
1.0,512.0,5.0,88.0,0.0,0.41333333,0.07333333,0.093333334,26.053333,7.96,0.12,0.6,1.0,0.8,1.0,124837.266,25424.426,1.0,1.0,0.0
6.0,437.0,5.0,88.0,1.0,0.45528457,0.17073171,0.06504065,26.130081,4.9674797,0.0,0.04347826,0.3043478,0.0,1.0,124837.266,25424.426,1.0,1.0,1.0
6.0,439.0,5.0,88.0,1.0,0.53691274,0.10067114,0.10738255,30.053692,6.7181206,0.0,0.0,0.71875,0.34375,1.0,124837.266,25424.426,1.0,1.0,1.0
7.0,409.0,5.0,88.0,1.0,0.49019608,0.14379086,0.07189543,25.82353,11.228758,0.0,0.033333335,0.8,0.23333333,1.0,124837.266,25424.426,1.0,1.0,1.0
2.0,7.088118e+07,5.0,88.0,1.0,0.5203252,0.17886178,0.048780486,20.390244,7.195122,0.0,0.05,0.1,,0.95,124837.266,25424.426,1.0,1.0,0.0
4.0,178.0,5.0,88.0,1.0,0.50609756,0.23170732,0.048780486,21.182926,6.792683,0.0,0.0,0.0,0.0,1.0,124837.266,25424.426,1.0,1.0,1.0
3.0,569.0,5.0,88.0,1.0,0.4679487,0.070512824,0.102564104,29.602564,5.948718,0.0,0.0,0.0,0.0625,0.71875,124837.266,25424.426,1.0,1.0,0.0
6.0,442.0,5.0,88.0,1.0,0.47540984,0.13114753,0.09016393,27.467213,5.0491805,0.0,0.0,0.89285713,0.21428572,1.0,124837.266,25424.426,1.0,1.0,1.0
3.0,567.0,5.0,88.0,1.0,0.5151515,0.15151516,0.025252525,22.378788,7.3434343,0.0,0.030303031,0.36363637,0.15151516,0.969697,124837.266,25424.426,1.0,1.0,0.0
2.0,7.08878e+07,5.0,88.0,0.0,0.48507464,0.07462686,0.1119403,28.492537,8.985075,0.0,0.6,1.0,,1.0,124837.266,25424.426,1.0,1.0,0.0
7.0,416.0,5.0,88.0,1.0,0.46666667,0.17037037,0.06666667,24.903704,10.562963,0.0,0.0,0.42307693,0.15384616,1.0,124837.266,25424.426,1.0,1.0,1.0
5.0,290.0,5.0,88.0,1.0,0.44720498,0.19875777,0.03726708,21.31677,6.6273293,0.0,0.06451613,0.32258064,0.032258064,1.0,124837.266,25424.426,1.0,1.0,1.0
3.0,568.0,5.0,88.0,1.0,0.4964029,0.17266187,0.05755396,22.640287,6.3669066,0.0,0.0,0.08,0.0,0.92,124837.266,25424.426,1.0,1.0,0.0
6.0,433.0,5.0,88.0,1.0,0.5704698,0.10067114,0.0738255,26.630873,5.8590603,0.035714287,0.035714287,0.96428573,0.21428572,1.0,124837.266,25424.426,1.0,1.0,1.0
1.0,567.0,5.0,88.0,1.0,0.48241207,0.10552764,0.06030151,23.844221,6.8090453,0.0,0.0,0.07692308,0.051282052,0.8974359,124837.266,25424.426,1.0,1.0,0.0
6.0,445.0,5.0,88.0,1.0,0.4728682,0.15503876,0.046511628,23.589148,4.736434,0.0,0.0,0.6896552,0.0,1.0,124837.266,25424.426,1.0,1.0,1.0
6.0,436.0,5.0,88.0,1.0,0.43537414,0.108843535,0.027210884,24.829931,5.897959,0.028571429,0.0,0.6857143,0.028571429,1.0,124837.266,25424.426,1.0,1.0,1.0
6.0,441.0,5.0,88.0,0.0,0.5179856,0.13669065,0.035971224,24.96403,5.877698,0.0,0.03448276,0.79310346,0.13793103,1.0,124837.266,25424.426,1.0,1.0,1.0
5.0,288.0,5.0,88.0,1.0,0.52517986,0.1438849,0.05755396,23.661871,5.1870503,0.0,0.04,0.84,0.04,1.0,124837.266,25424.426,1.0,1.0,1.0
3.0,566.0,5.0,88.0,1.0,0.52903223,0.10967742,0.06451613,26.309677,5.2580647,0.0,0.0,0.0,0.0,0.5,124837.266,25424.426,1.0,1.0,0.0
1.0,566.0,5.0,88.0,1.0,0.5030303,0.121212125,0.060606062,25.50303,5.8121214,0.0,0.032258064,0.0,0.032258064,0.38709676,124837.266,25424.426,1.0,1.0,0.0
4.0,180.0,5.0,88.0,1.0,0.5,0.21839081,0.040229887,20.798851,8.528735,0.0,0.0,0.09090909,0.0,1.0,124837.266,25424.426,1.0,1.0,1.0
4.0,182.0,5.0,88.0,1.0,0.50617284,0.13580246,0.06790123,24.407408,6.271605,0.0,0.0,0.060606062,0.029411765,0.9705882,124837.266,25424.426,1.0,1.0,1.0
4.0,179.0,5.0,88.0,1.0,0.47014925,0.1716418,0.03731343,23.156717,5.4179106,0.0,0.0,0.0,0.060606062,1.0,124837.266,25424.426,1.0,1.0,1.0
5.0,289.0,5.0,88.0,1.0,0.45578232,0.1292517,0.040816326,23.952381,5.394558,0.0,0.06666667,0.7,0.0,1.0,124837.266,25424.426,1.0,1.0,1.0
1.0,570.0,5.0,88.0,1.0,0.4834437,0.1986755,0.06622516,22.60265,5.6622515,0.0,0.0,0.06451613,0.0,0.8064516,124837.266,25424.426,1.0,1.0,0.0
7.0,415.0,5.0,88.0,1.0,0.5263158,0.114035085,0.096491225,26.824562,8.526316,0.0,0.0,0.24,0.12,1.0,124837.266,25424.426,1.0,1.0,1.0
7.0,413.0,5.0,88.0,1.0,0.51111114,0.11111111,0.11851852,26.748148,11.185185,0.0,0.0,0.44444445,0.0,1.0,124837.266,25424.426,1.0,1.0,1.0
6.0,440.0,5.0,88.0,0.0,0.51111114,0.1037037,0.05185185,26.185184,5.296296,0.037037037,0.14814815,1.0,0.6666667,1.0,124837.266,25424.426,1.0,1.0,1.0
2.0,7.0888984e+07,5.0,88.0,1.0,0.5050505,0.09090909,0.08080808,25.686869,6.5959597,0.0,0.0,0.0,,0.25,124837.266,25424.426,1.0,1.0,0.0
2.0,7.088504e+07,5.0,88.0,1.0,0.5254237,0.13559322,0.050847456,23.29661,6.983051,0.0,0.0,0.0,,0.6,124837.266,25424.426,1.0,1.0,0.0
6.0,438.0,5.0,88.0,1.0,0.51785713,0.16964285,0.08928572,26.125,5.642857,0.0,0.0,0.25,0.0,1.0,124837.266,25424.426,1.0,1.0,1.0
3.0,512.0,5.0,88.0,0.0,0.5362319,0.13768116,0.06521739,25.65942,9.681159,0.2,0.4,0.9166667,0.8,0.96,124837.266,25424.426,1.0,1.0,0.0
2.0,7.088949e+07,5.0,88.0,1.0,0.46938777,0.14285715,0.040816326,22.561224,6.6734695,0.0,0.0,0.0,,0.4,124837.266,25424.426,1.0,1.0,0.0
7.0,439.0,5.0,88.0,0.0,0.4871795,0.13675214,0.094017096,30.102564,8.700854,0.2,0.84,1.0,1.0,1.0,124837.266,25424.426,1.0,1.0,1.0
6.0,434.0,5.0,88.0,1.0,0.46153846,0.20512821,0.070512824,21.52564,6.8717947,0.0,0.0,0.25925925,0.0,0.9259259,124837.266,25424.426,1.0,1.0,1.0
5.0,308.0,5.0,88.0,0.0,0.5289855,0.123188406,0.028985508,23.775362,5.130435,0.0,0.4642857,1.0,0.4642857,1.0,124837.266,25424.426,1.0,1.0,1.0
5.0,287.0,5.0,88.0,1.0,0.44827586,0.15862069,0.08275862,24.586206,6.2413793,0.0,0.0,0.0,0.0,0.96428573,124837.266,25424.426,1.0,1.0,1.0
7.0,410.0,5.0,88.0,1.0,0.45112783,0.120300755,0.060150377,25.413534,10.360902,0.0,0.0,0.0,0.0,1.0,124837.266,25424.426,1.0,1.0,1.0
1.0,517.0,5.0,94.0,1.0,0.51666665,0.26666668,0.05,20.933332,4.8333335,0.0,0.0625,0.15625,0.03125,0.15625,343804.56,228762.64,1.0,1.0,0.0
7.0,504.0,5.0,94.0,1.0,0.51937985,0.11627907,0.046511628,25.27907,9.131783,0.0,0.0,0.0,0.032258064,1.0,343804.56,228762.64,1.0,1.0,1.0
3.0,517.0,5.0,94.0,1.0,0.4966443,0.1409396,0.040268455,23.711409,5.6174498,0.0,0.0,0.21212122,0.030303031,0.27272728,343804.56,228762.64,1.0,1.0,0.0
7.0,530.0,5.0,94.0,0.0,0.5182482,0.11678832,0.09489051,27.642336,10.846715,0.0,0.56,1.0,0.92,1.0,343804.56,228762.64,1.0,1.0,1.0
7.0,503.0,5.0,94.0,1.0,0.5243243,0.11891892,0.054054055,22.816216,14.064865,0.0,0.09677419,0.6451613,0.0,1.0,343804.56,228762.64,1.0,1.0,1.0
6.0,526.0,5.0,94.0,1.0,0.45,0.09166667,0.05,26.791666,4.7833333,0.0,0.0,0.0,0.074074075,0.8518519,343804.56,228762.64,1.0,1.0,1.0
6.0,524.0,5.0,94.0,1.0,0.5,0.15151516,0.060606062,24.242424,4.621212,0.0,0.0,0.06666667,0.033333335,0.8666667,343804.56,228762.64,1.0,1.0,1.0
7.0,529.0,5.0,94.0,0.0,0.48818898,0.14173229,0.05511811,24.677166,9.748032,0.0,0.04,0.16,0.12,1.0,343804.56,228762.64,1.0,1.0,1.0
3.0,518.0,5.0,94.0,1.0,0.5246637,0.1838565,0.03587444,19.67713,8.309417,0.0,0.0,0.0,0.0,0.15789473,343804.56,228762.64,1.0,1.0,0.0
6.0,528.0,5.0,94.0,0.0,0.47368422,0.094736844,0.08421053,27.852633,4.4947367,0.16666667,0.16666667,1.0,1.0,1.0,343804.56,228762.64,1.0,1.0,1.0
7.0,506.0,5.0,94.0,1.0,0.47887325,0.08450704,0.11971831,29.338028,11.1267605,0.0,0.0,0.7692308,0.07692308,0.96153843,343804.56,228762.64,1.0,1.0,1.0
6.0,529.0,5.0,94.0,1.0,0.5163934,0.14754099,0.08196721,27.090164,5.0,0.0,0.0,0.24,0.0,0.96,343804.56,228762.64,1.0,1.0,1.0
2.0,3.594949e+07,5.0,94.0,1.0,0.5135135,0.13513513,0.054054055,23.360361,5.900901,0.0,0.0,0.0,,0.25,343804.56,228762.64,1.0,1.0,0.0
5.0,291.0,5.0,94.0,1.0,0.4318182,0.16666667,0.030303031,21.35606,4.9242425,0.0,0.074074075,0.4814815,0.074074075,0.8518519,343804.56,228762.64,1.0,1.0,1.0
4.0,172.0,5.0,94.0,1.0,0.5362319,0.21014492,0.072463766,23.297102,5.768116,0.0,0.0,0.15384616,0.0,0.5,343804.56,228762.64,1.0,1.0,1.0
2.0,3.594511e+07,5.0,94.0,1.0,0.4918033,0.21311475,0.09016393,23.114754,8.377049,0.0,0.0,0.0,,0.3,343804.56,228762.64,1.0,1.0,0.0
4.0,173.0,5.0,94.0,1.0,0.46835443,0.12025317,0.06329114,25.13924,6.037975,0.0,0.0,0.2857143,0.08571429,0.6,343804.56,228762.64,1.0,1.0,1.0
6.0,530.0,5.0,94.0,1.0,0.49253732,0.14179105,0.08955224,25.447762,5.0895524,0.0,0.0,0.7037037,0.11111111,1.0,343804.56,228762.64,1.0,1.0,1.0
6.0,527.0,5.0,94.0,1.0,0.5341615,0.17391305,0.07453416,24.813665,6.0186334,0.0,0.06666667,0.13333334,0.16666667,1.0,343804.56,228762.64,1.0,1.0,1.0
2.0,3.5949404e+07,5.0,94.0,1.0,0.5212766,0.15957446,0.0,21.531916,5.06383,0.0,0.0,0.1,,0.25,343804.56,228762.64,1.0,1.0,0.0
6.0,525.0,5.0,94.0,0.0,0.52678573,0.08928572,0.071428575,26.258928,4.214286,0.0,0.07692308,0.7692308,0.61538464,1.0,343804.56,228762.64,1.0,1.0,1.0
7.0,505.0,5.0,94.0,1.0,0.4883721,0.08527132,0.08527132,30.503876,9.844961,0.0,0.03448276,0.5862069,0.2413793,1.0,343804.56,228762.64,1.0,1.0,1.0
7.0,502.0,5.0,94.0,1.0,0.54285717,0.114285715,0.07857143,26.12143,10.571428,0.0,0.0,0.16666667,0.041666668,1.0,343804.56,228762.64,1.0,1.0,1.0
1.0,518.0,5.0,94.0,1.0,0.49302325,0.22325581,0.041860465,20.786047,7.2976747,0.0,0.0,0.0,0.023809524,0.071428575,343804.56,228762.64,1.0,1.0,0.0
1.0,517.0,5.0,94.0,1.0,0.5565217,0.2,0.069565214,22.913044,5.852174,0.0,0.0625,0.15625,0.03125,0.15625,343804.56,228762.64,1.0,1.0,0.0
