year,Cluster,Division,District,Urban,grameen_bank,co_operative_soc,madrassa_school,primary_school,high_school,post_office,cinema,dist_Thana,dist_district,NGO,dist_satellite_clinic,padma_m,jamuna_m,treat,smp1,yr,dist_hos
3.0,410.0,4.0,1.0,,0.0,1.0,0.0,0.0,0.0,0.0,1.0,0.0,0.0,1.0,2.0,109203.125,206010.5,0.0,0.0,0.0,0.0
1.0,433.0,4.0,1.0,,0.0,0.0,,,,,,3.0,4.0,1.0,1.0,109203.125,206010.5,0.0,0.0,0.0,5.0
7.0,278.0,4.0,1.0,1.0,1.0,1.0,0.0,0.0,3.0,0.0,35.0,,,,,109203.125,206010.5,0.0,0.0,1.0,0.0
7.0,275.0,4.0,1.0,1.0,1.0,0.0,0.0,0.0,0.0,3.0,3.0,,,,,109203.125,206010.5,0.0,0.0,1.0,0.0
4.0,137.0,4.0,1.0,1.0,2.0,0.0,0.0,0.0,0.0,0.0,16.0,13.0,45.0,,,109203.125,206010.5,0.0,0.0,1.0,0.0
6.0,280.0,4.0,1.0,1.0,1.0,1.0,0.0,0.0,4.0,0.0,40.0,,,,,109203.125,206010.5,0.0,0.0,1.0,0.0
5.0,192.0,4.0,1.0,1.0,1.0,1.0,2.0,0.0,2.0,2.0,5.0,,,,,109203.125,206010.5,0.0,0.0,1.0,0.0
5.0,242.0,4.0,1.0,4.0,1.0,1.0,0.0,1.0,1.0,1.0,1.0,,,,,109203.125,206010.5,0.0,0.0,1.0,0.0
1.0,410.0,4.0,1.0,,0.0,1.0,,,,,,0.0,0.0,0.0,1.0,109203.125,206010.5,0.0,0.0,0.0,1.0
4.0,138.0,4.0,1.0,1.0,1.0,1.0,0.0,0.0,2.0,0.0,7.0,7.0,20.0,,,109203.125,206010.5,0.0,0.0,1.0,0.0
2.0,5.0010896e+07,4.0,1.0,1.0,0.0,1.0,6.0,0.0,0.0,0.0,0.0,5.0,8.0,1.0,0.0,109203.125,206010.5,0.0,0.0,0.0,0.0
1.0,435.0,4.0,1.0,,0.0,0.0,,,,,,2.0,20.0,0.0,5.0,109203.125,206010.5,0.0,0.0,0.0,5.0
5.0,233.0,4.0,1.0,2.0,1.0,0.0,0.0,0.0,0.0,0.0,1.0,,,,,109203.125,206010.5,0.0,0.0,1.0,0.0
7.0,279.0,4.0,1.0,1.0,1.0,0.0,0.0,0.0,1.0,0.0,20.0,,,,,109203.125,206010.5,0.0,0.0,1.0,0.0
3.0,433.0,4.0,1.0,,0.0,1.0,4.0,0.0,0.0,1.0,5.0,5.0,5.0,0.0,2.0,109203.125,206010.5,0.0,0.0,0.0,5.0
6.0,277.0,4.0,1.0,1.0,1.0,0.0,0.0,0.0,0.0,3.0,3.0,,,,,109203.125,206010.5,0.0,0.0,1.0,0.0
3.0,434.0,4.0,1.0,,1.0,0.0,0.0,0.0,2.0,2.0,7.0,7.0,10.0,1.0,2.0,109203.125,206010.5,0.0,0.0,0.0,7.0
5.0,190.0,4.0,1.0,1.0,1.0,1.0,3.0,0.0,0.0,1.0,13.0,,,,,109203.125,206010.5,0.0,0.0,1.0,0.0
4.0,136.0,4.0,1.0,1.0,2.0,1.0,0.0,0.0,0.0,3.0,12.0,12.0,35.0,,,109203.125,206010.5,0.0,0.0,1.0,0.0
5.0,191.0,4.0,1.0,1.0,1.0,0.0,0.0,0.0,4.0,1.0,8.0,,,,,109203.125,206010.5,0.0,0.0,1.0,0.0
3.0,435.0,4.0,1.0,,0.0,1.0,3.0,1.0,3.0,2.0,5.0,5.0,17.0,1.0,2.0,109203.125,206010.5,0.0,0.0,0.0,4.0
7.0,277.0,4.0,1.0,1.0,1.0,1.0,2.0,0.0,0.0,0.0,20.0,,,,,109203.125,206010.5,0.0,0.0,1.0,0.0
6.0,281.0,4.0,1.0,2.0,1.0,0.0,0.0,0.0,1.0,1.0,45.0,,,,,109203.125,206010.5,0.0,0.0,1.0,0.0
5.0,193.0,4.0,1.0,1.0,1.0,1.0,0.0,0.0,0.0,0.0,20.0,,,,,109203.125,206010.5,0.0,0.0,1.0,0.0
2.0,5.001565e+07,4.0,1.0,1.0,0.0,1.0,1.0,0.0,0.0,0.0,0.0,8.0,20.0,1.0,0.0,109203.125,206010.5,0.0,0.0,0.0,0.0
7.0,274.0,4.0,1.0,1.0,1.0,1.0,0.0,1.0,1.0,0.0,15.0,,,,,109203.125,206010.5,0.0,0.0,1.0,1.0
4.0,413.0,4.0,1.0,4.0,2.0,1.0,0.0,0.0,0.0,0.0,3.0,,45.0,,,109203.125,206010.5,0.0,0.0,1.0,0.0
4.0,139.0,4.0,1.0,1.0,2.0,1.0,2.0,0.0,2.0,2.0,7.0,6.0,40.0,,,109203.125,206010.5,0.0,0.0,1.0,0.0
4.0,326.0,4.0,1.0,3.0,2.0,1.0,2.0,0.0,2.0,2.0,0.0,,4.83,,,109203.125,206010.5,0.0,0.0,1.0,0.0
6.0,278.0,4.0,1.0,1.0,1.0,0.0,0.0,0.0,2.0,2.0,8.0,,,,,109203.125,206010.5,0.0,0.0,1.0,0.0
7.0,331.0,4.0,1.0,2.0,1.0,1.0,1.0,1.0,1.0,1.0,6.0,,,,,109203.125,206010.5,0.0,0.0,1.0,0.0
1.0,434.0,4.0,1.0,,1.0,0.0,,,,,,7.0,9.0,1.0,1.0,109203.125,206010.5,0.0,0.0,0.0,7.0
6.0,276.0,4.0,1.0,2.0,1.0,1.0,2.0,0.0,0.0,0.0,13.0,,,,,109203.125,206010.5,0.0,0.0,1.0,0.0
6.0,275.0,4.0,1.0,1.0,1.0,0.0,2.0,0.0,0.0,5.0,5.0,,,,,109203.125,206010.5,0.0,0.0,1.0,1.0
2.0,5.0017384e+07,4.0,1.0,1.0,0.0,1.0,2.0,0.0,0.0,0.0,0.0,8.0,28.0,0.0,0.0,109203.125,206010.5,0.0,0.0,0.0,0.0
7.0,330.0,4.0,1.0,2.0,1.0,1.0,0.0,0.0,1.0,0.0,3.0,,,,,109203.125,206010.5,0.0,0.0,1.0,1.0
6.0,279.0,4.0,1.0,1.0,1.0,0.0,0.0,0.0,0.0,0.0,19.0,,,,,109203.125,206010.5,0.0,0.0,1.0,0.0
7.0,276.0,4.0,1.0,1.0,1.0,1.0,0.0,0.0,1.0,1.0,20.0,,,,,109203.125,206010.5,0.0,0.0,1.0,0.0
2.0,5.0016036e+07,4.0,1.0,1.0,0.0,1.0,2.0,1.0,1.0,0.0,0.0,9.0,12.0,0.0,0.0,109203.125,206010.5,0.0,0.0,0.0,0.0
6.0,274.0,4.0,1.0,1.0,1.0,1.0,0.0,0.0,3.0,2.0,12.0,,,,,109203.125,206010.5,0.0,0.0,1.0,0.0
7.0,51.0,1.0,4.0,2.0,1.0,1.0,1.0,0.0,0.0,0.0,20.0,,,,,137845.23,247795.16,0.0,0.0,1.0,0.0
7.0,52.0,1.0,4.0,2.0,1.0,0.0,0.0,0.0,0.0,0.0,40.25,,,,,137845.23,247795.16,0.0,0.0,1.0,1.0
1.0,101.0,1.0,4.0,,0.0,0.0,,,,,,0.0,0.0,1.0,1.0,137845.23,247795.16,0.0,0.0,0.0,1.0
6.0,3.0,1.0,4.0,2.0,1.0,1.0,2.0,1.0,0.0,2.0,3.0,,,,,137845.23,247795.16,0.0,0.0,1.0,0.0
7.0,2.0,1.0,4.0,1.0,1.0,0.0,1.0,0.0,3.0,3.0,20.0,,,,,137845.23,247795.16,0.0,0.0,1.0,0.0
1.0,107.0,1.0,4.0,,1.0,0.0,,,,,,6.0,16.0,1.0,3.0,137845.23,247795.16,0.0,0.0,0.0,6.0
5.0,1.0,1.0,4.0,1.0,1.0,1.0,0.0,0.0,2.0,1.0,16.0,,,,,137845.23,247795.16,0.0,0.0,1.0,0.0
4.0,307.0,1.0,4.0,3.0,1.0,0.0,0.0,0.0,0.0,0.0,1.0,,30.0,,,137845.23,247795.16,0.0,0.0,1.0,0.0
3.0,106.0,1.0,4.0,,,0.0,1.0,0.0,1.0,3.0,2.0,12.0,12.0,1.0,1.0,137845.23,247795.16,0.0,0.0,0.0,2.0
5.0,4.0,1.0,4.0,1.0,1.0,0.0,2.0,0.0,1.0,0.0,5.0,,,,,137845.23,247795.16,0.0,0.0,1.0,0.0
3.0,101.0,1.0,4.0,,1.0,0.0,0.0,0.0,0.0,1.0,1.0,1.0,1.0,1.0,1.0,137845.23,247795.16,0.0,0.0,0.0,1.0
1.0,106.0,1.0,4.0,,1.0,0.0,,,,,,13.0,13.0,0.0,1.0,137845.23,247795.16,0.0,0.0,0.0,13.0
2.0,7.504478e+07,1.0,4.0,1.0,0.0,0.0,4.0,0.0,0.0,0.0,0.0,16.0,7.0,0.0,0.0,137845.23,247795.16,0.0,0.0,0.0,0.0
7.0,6.0,1.0,4.0,1.0,1.0,0.0,0.0,0.0,0.0,0.0,56.35,,,,,137845.23,247795.16,0.0,0.0,1.0,0.0
4.0,26.0,1.0,4.0,1.0,1.0,0.0,0.0,0.0,1.0,1.0,1.0,20.0,15.0,,,137845.23,247795.16,0.0,0.0,1.0,1.0
3.0,107.0,1.0,4.0,,1.0,1.0,0.0,0.0,1.0,1.0,6.0,6.0,36.0,1.0,1.0,137845.23,247795.16,0.0,0.0,0.0,6.0
6.0,2.0,1.0,4.0,1.0,1.0,1.0,0.0,1.0,1.0,3.0,13.0,,,,,137845.23,247795.16,0.0,0.0,1.0,0.0
1.0,105.0,1.0,4.0,,1.0,1.0,,,,,,14.0,4.0,1.0,1.0,137845.23,247795.16,0.0,0.0,0.0,4.0
3.0,105.0,1.0,4.0,,0.0,1.0,0.0,0.0,5.0,1.0,5.0,20.0,5.0,1.0,1.0,137845.23,247795.16,0.0,0.0,0.0,5.0
4.0,24.0,1.0,4.0,1.0,1.0,1.0,0.0,0.0,4.0,4.0,4.0,10.0,4.0,,,137845.23,247795.16,0.0,0.0,1.0,0.0
7.0,5.0,1.0,4.0,1.0,1.0,0.0,6.44,0.0,0.0,0.0,30.0,,,,,137845.23,247795.16,0.0,0.0,1.0,4.0
6.0,4.0,1.0,4.0,1.0,1.0,1.0,1.0,0.0,0.0,5.0,8.0,,,,,137845.23,247795.16,0.0,0.0,1.0,0.0
4.0,23.0,1.0,4.0,1.0,1.0,1.0,0.0,0.0,0.0,3.0,10.0,10.0,20.0,,,137845.23,247795.16,0.0,0.0,1.0,0.0
2.0,7.50429e+07,1.0,4.0,1.0,0.0,0.0,1.0,0.0,1.0,0.0,0.0,15.0,15.0,0.0,0.0,137845.23,247795.16,0.0,0.0,0.0,0.0
5.0,3.0,1.0,4.0,1.0,1.0,0.0,2.0,0.0,0.0,0.0,12.0,,,,,137845.23,247795.16,0.0,0.0,1.0,0.0
7.0,1.0,1.0,4.0,1.0,1.0,0.0,5.0,0.0,8.0,6.0,8.0,,,,,137845.23,247795.16,0.0,0.0,1.0,0.0
6.0,5.0,1.0,4.0,1.0,1.0,1.0,1.0,0.0,0.0,0.0,6.0,,,,,137845.23,247795.16,0.0,0.0,1.0,0.0
4.0,25.0,1.0,4.0,1.0,1.0,1.0,0.0,0.0,0.0,0.0,8.0,8.0,30.0,,,137845.23,247795.16,0.0,0.0,1.0,0.0
5.0,2.0,1.0,4.0,1.0,1.0,1.0,1.0,0.0,3.0,3.0,28.98,,,,,137845.23,247795.16,0.0,0.0,1.0,0.0
7.0,4.0,1.0,4.0,1.0,1.0,0.0,0.0,0.0,0.0,0.0,3.0,,,,,137845.23,247795.16,0.0,0.0,1.0,0.0
6.0,8.0,1.0,4.0,1.0,1.0,1.0,2.0,0.0,1.0,4.0,11.0,,,,,137845.23,247795.16,0.0,0.0,1.0,1.0
7.0,3.0,1.0,4.0,1.0,1.0,0.0,0.0,0.0,0.0,1.0,11.0,,,,,137845.23,247795.16,0.0,0.0,1.0,0.0
6.0,7.0,1.0,4.0,2.0,1.0,1.0,2.0,1.0,3.0,3.0,5.0,,,,,137845.23,247795.16,0.0,0.0,1.0,0.0
5.0,44.0,1.0,4.0,4.0,1.0,1.0,2.0,0.0,1.0,5.0,20.0,,,,,137845.23,247795.16,0.0,0.0,1.0,0.0
6.0,6.0,1.0,4.0,1.0,1.0,1.0,3.0,0.0,2.0,2.0,44.0,,,,,137845.23,247795.16,0.0,0.0,1.0,0.0
5.0,34.0,1.0,4.0,3.0,2.0,1.0,0.0,0.0,0.0,1.0,15.0,,,,,137845.23,247795.16,0.0,0.0,1.0,0.0
2.0,7.504851e+07,1.0,4.0,1.0,0.0,0.0,3.0,0.0,0.0,0.0,0.0,8.0,50.0,0.0,0.0,137845.23,247795.16,0.0,0.0,0.0,0.0
6.0,1.0,1.0,4.0,1.0,1.0,0.0,1.0,2.0,5.0,1.0,5.0,,,,,137845.23,247795.16,0.0,0.0,1.0,1.0
4.0,1.0,1.0,6.0,1.0,1.0,1.0,0.0,0.0,0.0,0.0,2.0,0.0,36.0,,,66725.055,182398.97,0.0,0.0,1.0,0.0
6.0,21.0,1.0,6.0,3.0,2.0,1.0,0.0,0.0,2.0,2.0,1.0,,,,,66725.055,182398.97,0.0,0.0,1.0,0.0
7.0,53.0,1.0,6.0,2.0,1.0,1.0,0.0,0.0,0.0,2.0,20.0,,,,,66725.055,182398.97,0.0,0.0,1.0,0.0
2.0,5.065143e+06,1.0,6.0,1.0,0.0,1.0,0.0,0.0,0.0,1.0,0.0,5.0,4.0,0.0,0.0,66725.055,182398.97,0.0,0.0,0.0,0.0
6.0,28.0,1.0,6.0,1.0,1.0,1.0,2.0,0.0,0.0,2.0,20.0,,,,,66725.055,182398.97,0.0,0.0,1.0,0.0
4.0,5.0,1.0,6.0,1.0,2.0,0.0,1.0,0.0,0.0,0.0,10.0,10.0,35.0,,,66725.055,182398.97,0.0,0.0,1.0,0.0
7.0,15.0,1.0,6.0,1.0,2.0,0.0,4.0,0.0,3.0,4.0,12.0,,,,,66725.055,182398.97,0.0,0.0,1.0,3.0
7.0,54.0,1.0,6.0,2.0,2.0,0.0,1.0,2.0,9.0,2.0,9.0,,,,,66725.055,182398.97,0.0,0.0,1.0,0.0
3.0,121.0,1.0,6.0,,0.0,1.0,0.0,0.0,1.0,1.0,2.0,1.0,23.0,0.0,1.0,66725.055,182398.97,0.0,0.0,0.0,1.0
7.0,17.0,1.0,6.0,1.0,1.0,0.0,1.61,1.61,0.0,1.61,11.27,,,,,66725.055,182398.97,0.0,0.0,1.0,0.0
2.0,5.060727e+06,1.0,6.0,1.0,0.0,1.0,1.0,0.0,0.0,1.0,0.0,15.0,10.0,1.0,1.0,66725.055,182398.97,0.0,0.0,0.0,1.0
7.0,72.0,1.0,6.0,3.0,1.0,0.0,1.0,0.0,2.0,0.0,4.0,,,,,66725.055,182398.97,0.0,0.0,1.0,0.0
6.0,13.0,1.0,6.0,1.0,1.0,1.0,0.0,0.0,0.0,0.0,24.0,,,,,66725.055,182398.97,0.0,0.0,1.0,0.0
4.0,9.0,1.0,6.0,1.0,1.0,0.0,1.0,0.0,2.0,2.0,5.0,3.0,25.0,,,66725.055,182398.97,0.0,0.0,1.0,0.0
7.0,11.0,1.0,6.0,1.0,1.0,1.0,1.0,1.0,2.0,3.0,6.0,,,,,66725.055,182398.97,0.0,0.0,1.0,0.0
7.0,14.0,1.0,6.0,1.0,2.0,0.0,5.0,0.0,0.0,3.0,9.0,,,,,66725.055,182398.97,0.0,0.0,1.0,0.0
7.0,66.0,1.0,6.0,3.0,2.0,0.0,0.0,0.0,3.0,1.0,3.0,,,,,66725.055,182398.97,0.0,0.0,1.0,1.0
6.0,20.0,1.0,6.0,3.0,1.0,1.0,0.0,0.0,1.0,0.0,2.0,,,,,66725.055,182398.97,0.0,0.0,1.0,0.0
5.0,9.0,1.0,6.0,1.0,1.0,1.0,6.0,0.0,1.0,0.0,20.0,,,,,66725.055,182398.97,0.0,0.0,1.0,1.0
7.0,7.0,1.0,6.0,1.0,1.0,0.0,1.0,0.0,3.0,3.0,8.0,,,,,66725.055,182398.97,0.0,0.0,1.0,0.0
6.0,29.0,1.0,6.0,1.0,1.0,1.0,2.0,0.0,3.0,2.0,15.0,,,,,66725.055,182398.97,0.0,0.0,1.0,0.0
6.0,18.0,1.0,6.0,3.0,1.0,1.0,0.0,0.0,0.0,3.0,3.0,,,,,66725.055,182398.97,0.0,0.0,1.0,0.0
1.0,123.0,1.0,6.0,,1.0,1.0,,,,,,2.0,22.0,1.0,4.0,66725.055,182398.97,0.0,0.0,0.0,2.0
6.0,14.0,1.0,6.0,2.0,1.0,1.0,0.0,0.0,0.0,0.0,7.0,,,,,66725.055,182398.97,0.0,0.0,1.0,0.0
7.0,16.0,1.0,6.0,1.0,1.0,0.0,3.22,0.0,6.44,9.66,4.0,,,,,66725.055,182398.97,0.0,0.0,1.0,0.0
1.0,119.0,1.0,6.0,,1.0,0.0,,,,,,3.0,15.0,1.0,1.0,66725.055,182398.97,0.0,0.0,0.0,3.0
4.0,301.0,1.0,6.0,3.0,2.0,0.0,0.0,0.0,0.0,0.0,0.0,,2.0,,3.0,66725.055,182398.97,0.0,0.0,1.0,0.0
1.0,121.0,1.0,6.0,,0.0,1.0,,,,,,1.0,18.0,0.0,1.0,66725.055,182398.97,0.0,0.0,0.0,1.0
3.0,119.0,1.0,6.0,,1.0,1.0,0.0,0.0,0.0,0.0,14.0,4.0,18.0,1.0,2.0,66725.055,182398.97,0.0,0.0,0.0,4.0
4.0,7.0,1.0,6.0,1.0,2.0,0.0,0.0,0.0,0.0,0.0,8.0,8.0,21.0,,,66725.055,182398.97,0.0,0.0,1.0,0.0
6.0,27.0,1.0,6.0,1.0,2.0,1.0,0.0,0.0,1.0,3.0,10.0,,,,,66725.055,182398.97,0.0,0.0,1.0,0.0
6.0,19.0,1.0,6.0,3.0,2.0,1.0,0.0,0.0,0.0,1.0,2.0,,,,,66725.055,182398.97,0.0,0.0,1.0,0.0
2.0,5.069421e+06,1.0,6.0,1.0,0.0,1.0,,,0.0,0.0,0.0,5.0,25.0,1.0,,66725.055,182398.97,0.0,0.0,0.0,2.0
3.0,123.0,1.0,6.0,,1.0,1.0,0.0,0.0,1.0,1.0,1.0,1.0,17.0,1.0,1.0,66725.055,182398.97,0.0,0.0,0.0,1.0
6.0,9.0,1.0,6.0,1.0,1.0,1.0,2.0,0.0,3.0,2.0,6.0,,,,,66725.055,182398.97,0.0,0.0,1.0,1.0
3.0,103.0,1.0,6.0,,0.0,1.0,0.0,0.0,0.0,1.0,0.0,0.0,0.0,0.0,0.0,66725.055,182398.97,0.0,0.0,0.0,1.0
1.0,103.0,1.0,6.0,,0.0,1.0,,,,,,0.0,0.0,0.0,9.0,66725.055,182398.97,0.0,0.0,0.0,9.0
1.0,120.0,1.0,6.0,,1.0,1.0,,,,,,3.0,20.0,1.0,2.0,66725.055,182398.97,0.0,0.0,0.0,3.0
4.0,3.0,1.0,6.0,1.0,1.0,0.0,0.0,0.0,0.0,3.22,16.1,16.1,28.98,,,66725.055,182398.97,0.0,0.0,1.0,0.0
1.0,122.0,1.0,6.0,,0.0,1.0,,,,,,12.0,40.0,0.0,8.0,66725.055,182398.97,0.0,0.0,0.0,12.0
7.0,12.0,1.0,6.0,1.0,1.0,0.0,0.0,0.0,2.0,0.0,4.0,,,,,66725.055,182398.97,0.0,0.0,1.0,0.0
5.0,8.0,1.0,6.0,1.0,1.0,1.0,2.0,1.0,0.0,2.0,8.0,,,,,66725.055,182398.97,0.0,0.0,1.0,0.0
6.0,26.0,1.0,6.0,1.0,1.0,1.0,2.0,2.0,2.0,2.0,8.0,,,,,66725.055,182398.97,0.0,0.0,1.0,0.0
5.0,35.0,1.0,6.0,3.0,1.0,0.0,0.0,0.0,0.0,0.0,1.0,,,,,66725.055,182398.97,0.0,0.0,1.0,0.0
7.0,70.0,1.0,6.0,3.0,2.0,0.0,1.0,2.0,2.0,0.0,1.0,,,,,66725.055,182398.97,0.0,0.0,1.0,0.0
2.0,5.061052e+06,1.0,6.0,1.0,1.0,1.0,,25.0,8.0,1.0,0.0,8.0,25.0,1.0,5.0,66725.055,182398.97,0.0,0.0,0.0,4.0
5.0,6.0,1.0,6.0,1.0,1.0,0.0,1.0,0.0,1.0,0.0,10.0,,,,,66725.055,182398.97,0.0,0.0,1.0,0.0
5.0,11.0,1.0,6.0,1.0,1.0,1.0,0.0,0.0,0.0,0.0,3.0,,,,,66725.055,182398.97,0.0,0.0,1.0,0.0
5.0,38.0,1.0,6.0,3.0,1.0,1.0,0.0,0.0,1.0,0.0,0.0,,,,,66725.055,182398.97,0.0,0.0,1.0,0.0
7.0,9.0,1.0,6.0,1.0,1.0,1.0,0.0,0.0,1.0,1.0,10.0,,,,,66725.055,182398.97,0.0,0.0,1.0,0.0
6.0,23.0,1.0,6.0,3.0,1.0,1.0,0.0,0.0,1.0,4.0,4.0,,,,,66725.055,182398.97,0.0,0.0,1.0,0.0
4.0,6.0,1.0,6.0,1.0,1.0,1.0,0.0,0.0,1.0,1.0,12.0,12.0,12.0,,,66725.055,182398.97,0.0,0.0,1.0,1.0
5.0,37.0,1.0,6.0,3.0,1.0,1.0,0.0,0.0,0.0,0.0,0.0,,,,,66725.055,182398.97,0.0,0.0,1.0,0.0
6.0,24.0,1.0,6.0,1.0,1.0,1.0,0.0,0.0,0.0,2.0,7.0,,,,,66725.055,182398.97,0.0,0.0,1.0,0.0
6.0,15.0,1.0,6.0,1.0,1.0,1.0,0.0,0.0,3.0,3.0,3.0,,,,,66725.055,182398.97,0.0,0.0,1.0,0.0
2.0,5.066287e+06,1.0,6.0,1.0,1.0,1.0,2.0,0.0,2.0,1.0,0.0,3.0,20.0,1.0,,66725.055,182398.97,0.0,0.0,0.0,2.0
2.0,5.066959e+06,1.0,6.0,1.0,0.0,0.0,2.0,0.0,0.0,0.0,0.0,2.0,20.0,,,66725.055,182398.97,0.0,0.0,0.0,0.0
6.0,16.0,1.0,6.0,1.0,1.0,1.0,2.0,0.0,2.0,2.0,7.0,,,,,66725.055,182398.97,0.0,0.0,1.0,0.0
7.0,67.0,1.0,6.0,3.0,1.0,1.0,0.0,0.0,2.0,1.0,2.0,,,,,66725.055,182398.97,0.0,0.0,1.0,0.0
3.0,120.0,1.0,6.0,,1.0,1.0,0.0,0.0,0.0,1.0,3.0,3.0,20.0,1.0,1.0,66725.055,182398.97,0.0,0.0,0.0,1.0
4.0,4.0,1.0,6.0,1.0,1.0,1.0,0.0,0.0,1.0,1.0,3.0,4.0,64.4,,,66725.055,182398.97,0.0,0.0,1.0,0.0
7.0,71.0,1.0,6.0,3.0,1.0,0.0,2.0,2.0,3.0,3.0,3.0,,,,,66725.055,182398.97,0.0,0.0,1.0,0.0
4.0,401.0,1.0,6.0,4.0,1.0,0.0,1.0,1.0,1.0,2.0,5.0,,6.0,,,66725.055,182398.97,0.0,0.0,1.0,0.0
6.0,11.0,1.0,6.0,1.0,1.0,0.0,0.0,0.0,0.0,0.0,14.0,,,,,66725.055,182398.97,0.0,0.0,1.0,0.0
6.0,10.0,1.0,6.0,1.0,1.0,1.0,0.0,0.0,0.0,3.0,24.0,,,,,66725.055,182398.97,0.0,0.0,1.0,0.0
4.0,302.0,1.0,6.0,3.0,2.0,0.0,0.0,0.0,3.0,2.0,2.0,,2.0,,,66725.055,182398.97,0.0,0.0,1.0,0.0
5.0,45.0,1.0,6.0,4.0,1.0,1.0,0.0,0.0,0.0,1.0,1.0,,,,,66725.055,182398.97,0.0,0.0,1.0,0.0
4.0,8.0,1.0,6.0,1.0,2.0,0.0,0.0,1.0,1.0,1.0,12.0,14.0,50.0,,,66725.055,182398.97,0.0,0.0,1.0,1.0
7.0,69.0,1.0,6.0,3.0,1.0,1.0,0.0,0.0,0.0,0.0,0.0,,,,,66725.055,182398.97,0.0,0.0,1.0,0.0
3.0,125.0,1.0,6.0,,1.0,1.0,0.0,0.0,0.0,0.0,9.0,17.0,9.0,0.0,3.0,66725.055,182398.97,0.0,0.0,0.0,17.0
5.0,12.0,1.0,6.0,1.0,1.0,1.0,1.0,0.0,2.0,4.0,4.0,,,,,66725.055,182398.97,0.0,0.0,1.0,0.0
1.0,124.0,1.0,6.0,,1.0,1.0,,,,,,2.0,2.0,1.0,1.0,66725.055,182398.97,0.0,0.0,0.0,2.0
5.0,5.0,1.0,6.0,1.0,1.0,1.0,2.0,0.0,0.0,0.0,20.0,,,,,66725.055,182398.97,0.0,0.0,1.0,0.0
7.0,10.0,1.0,6.0,1.0,1.0,1.0,1.0,0.0,1.0,1.0,1.0,,,,,66725.055,182398.97,0.0,0.0,1.0,0.0
5.0,13.0,1.0,6.0,1.0,1.0,0.0,2.0,0.0,2.0,3.0,6.0,,,,,66725.055,182398.97,0.0,0.0,1.0,0.0
6.0,30.0,1.0,6.0,1.0,1.0,1.0,0.0,0.0,0.0,0.0,25.0,,,,,66725.055,182398.97,0.0,0.0,1.0,0.0
1.0,125.0,1.0,6.0,,1.0,0.0,,,,,,17.0,10.0,1.0,3.0,66725.055,182398.97,0.0,0.0,0.0,10.0
6.0,22.0,1.0,6.0,3.0,1.0,1.0,0.0,0.0,5.0,1.0,8.0,,,,,66725.055,182398.97,0.0,0.0,1.0,1.0
7.0,18.0,1.0,6.0,1.0,1.0,0.0,0.0,0.0,0.0,0.0,3.0,,,,,66725.055,182398.97,0.0,0.0,1.0,0.0
2.0,5.063681e+06,1.0,6.0,1.0,0.0,1.0,7.0,0.0,7.0,0.0,0.0,16.0,56.0,,,66725.055,182398.97,0.0,0.0,0.0,6.0
5.0,10.0,1.0,6.0,1.0,1.0,1.0,0.0,0.0,2.0,2.0,7.0,,,,,66725.055,182398.97,0.0,0.0,1.0,0.0
5.0,36.0,1.0,6.0,3.0,1.0,1.0,0.0,0.0,0.0,1.0,1.0,,,,,66725.055,182398.97,0.0,0.0,1.0,0.0
7.0,68.0,1.0,6.0,3.0,1.0,0.0,0.0,0.0,0.0,0.0,1.0,,,,,66725.055,182398.97,0.0,0.0,1.0,0.0
3.0,122.0,1.0,6.0,,0.0,0.0,0.0,0.0,4.0,2.0,12.0,10.0,50.0,0.0,8.0,66725.055,182398.97,0.0,0.0,0.0,10.0
5.0,7.0,1.0,6.0,1.0,1.0,0.0,0.0,0.0,2.0,2.0,10.0,,,,,66725.055,182398.97,0.0,0.0,1.0,0.0
7.0,19.0,1.0,6.0,1.0,1.0,0.0,0.0,0.0,0.0,0.0,10.0,,,,,66725.055,182398.97,0.0,0.0,1.0,0.0
4.0,303.0,1.0,6.0,3.0,2.0,0.0,0.0,0.0,0.0,0.0,0.0,,0.0,,,66725.055,182398.97,0.0,0.0,1.0,0.0
7.0,13.0,1.0,6.0,1.0,1.0,0.0,0.0,0.0,2.0,2.0,6.0,,,,,66725.055,182398.97,0.0,0.0,1.0,0.0
4.0,2.0,1.0,6.0,1.0,1.0,0.0,0.0,0.0,0.0,6.0,7.0,8.0,28.0,,,66725.055,182398.97,0.0,0.0,1.0,0.0
3.0,124.0,1.0,6.0,,0.0,0.0,0.0,0.0,0.0,0.0,2.0,2.0,2.0,0.0,0.0,66725.055,182398.97,0.0,0.0,0.0,2.0
6.0,25.0,1.0,6.0,2.0,1.0,0.0,0.0,0.0,0.0,2.0,3.0,,,,,66725.055,182398.97,0.0,0.0,1.0,1.0
2.0,5.066287e+06,1.0,6.0,1.0,1.0,1.0,2.0,0.0,2.0,1.0,0.0,3.0,20.0,1.0,,66725.055,182398.97,0.0,0.0,0.0,2.0
6.0,12.0,1.0,6.0,1.0,2.0,0.0,0.0,0.0,3.0,3.0,14.0,,,,,66725.055,182398.97,0.0,0.0,1.0,0.0
7.0,8.0,1.0,6.0,1.0,1.0,0.0,0.0,0.0,0.0,3.0,28.0,,,,,66725.055,182398.97,0.0,0.0,1.0,3.0
6.0,17.0,1.0,6.0,3.0,1.0,1.0,0.0,0.0,0.0,2.0,2.0,,,,,66725.055,182398.97,0.0,0.0,1.0,0.0
1.0,128.0,1.0,9.0,,0.0,1.0,,,,,,9.0,39.0,1.0,3.0,127785.76,245864.83,0.0,0.0,0.0,9.0
6.0,35.0,1.0,9.0,1.0,1.0,1.0,0.0,0.0,2.0,2.0,7.0,,,,,127785.76,245864.83,0.0,0.0,1.0,0.0
5.0,14.0,1.0,9.0,1.0,1.0,0.0,1.0,0.0,2.0,4.0,4.0,,,,,127785.76,245864.83,0.0,0.0,1.0,0.0
7.0,56.0,1.0,9.0,2.0,1.0,1.0,0.0,0.0,1.0,0.0,1.0,,,,,127785.76,245864.83,0.0,0.0,1.0,0.0
7.0,57.0,1.0,9.0,2.0,1.0,1.0,2.0,0.0,0.0,3.0,3.0,,,,,127785.76,245864.83,0.0,0.0,1.0,0.0
7.0,24.0,1.0,9.0,1.0,1.0,1.0,1.0,0.0,0.0,0.0,5.0,,,,,127785.76,245864.83,0.0,0.0,1.0,1.0
5.0,40.0,1.0,9.0,3.0,2.0,0.0,2.0,0.0,1.0,2.0,1.0,,,,,127785.76,245864.83,0.0,0.0,1.0,0.0
5.0,46.0,1.0,9.0,1.0,2.0,0.0,1.0,0.0,0.0,1.0,2.0,,,,,127785.76,245864.83,0.0,0.0,1.0,0.0
6.0,32.0,1.0,9.0,2.0,1.0,0.0,3.0,0.0,2.0,3.0,3.0,,,,,127785.76,245864.83,0.0,0.0,1.0,0.0
7.0,27.0,1.0,9.0,1.0,1.0,1.0,0.0,0.0,0.0,0.0,0.0,,,,,127785.76,245864.83,0.0,0.0,1.0,0.0
6.0,41.0,1.0,9.0,1.0,1.0,1.0,0.0,0.0,3.0,0.0,12.88,,,,,127785.76,245864.83,0.0,0.0,1.0,0.0
1.0,104.0,1.0,9.0,,0.0,0.0,,,,,,0.0,0.0,1.0,0.0,127785.76,245864.83,0.0,0.0,0.0,4.0
5.0,47.0,1.0,9.0,4.0,1.0,1.0,4.0,0.0,0.0,5.0,5.0,,,,,127785.76,245864.83,0.0,0.0,1.0,0.0
6.0,36.0,1.0,9.0,1.0,1.0,1.0,1.0,0.0,1.61,1.61,1.61,,,,,127785.76,245864.83,0.0,0.0,1.0,0.0
6.0,39.0,1.0,9.0,1.0,2.0,1.0,1.0,0.0,0.0,0.0,45.0,,,,,127785.76,245864.83,0.0,0.0,1.0,0.0
3.0,126.0,1.0,9.0,,0.0,0.0,1.0,0.0,0.0,1.0,0.0,0.0,0.0,0.0,0.0,127785.76,245864.83,0.0,0.0,0.0,1.0
5.0,16.0,1.0,9.0,1.0,1.0,0.0,4.83,1.61,4.83,4.83,12.88,,,,,127785.76,245864.83,0.0,0.0,1.0,1.0
6.0,38.0,1.0,9.0,1.0,1.0,1.0,2.0,0.0,0.0,0.0,23.0,,,,,127785.76,245864.83,0.0,0.0,1.0,0.0
4.0,15.0,1.0,9.0,1.0,2.0,0.0,1.0,0.0,1.0,1.0,45.0,1.0,85.0,,,127785.76,245864.83,0.0,0.0,1.0,0.0
5.0,20.0,1.0,9.0,1.0,1.0,0.0,0.0,0.0,2.0,2.0,10.0,,,,,127785.76,245864.83,0.0,0.0,1.0,0.0
7.0,23.0,1.0,9.0,1.0,1.0,0.0,0.0,0.0,3.0,4.0,15.0,,,,,127785.76,245864.83,0.0,0.0,1.0,0.0
7.0,55.0,1.0,9.0,2.0,1.0,1.0,0.0,0.0,0.0,0.0,0.0,,,,,127785.76,245864.83,0.0,0.0,1.0,0.0
1.0,127.0,1.0,9.0,,0.0,1.0,,,,,,0.0,29.0,1.0,1.0,127785.76,245864.83,0.0,0.0,0.0,
7.0,20.0,1.0,9.0,1.0,1.0,0.0,2.0,0.0,2.0,2.0,15.0,,,,,127785.76,245864.83,0.0,0.0,1.0,0.0
5.0,19.0,1.0,9.0,1.0,1.0,1.0,2.0,0.0,0.0,2.0,3.0,,,,,127785.76,245864.83,0.0,0.0,1.0,0.0
2.0,5.092928e+06,1.0,9.0,1.0,0.0,1.0,0.0,0.0,0.0,1.0,0.0,5.0,5.0,0.0,0.0,127785.76,245864.83,0.0,0.0,0.0,0.0
2.0,5.092566e+06,1.0,9.0,1.0,0.0,1.0,,,,1.0,1.0,0.0,41.0,1.0,,127785.76,245864.83,0.0,0.0,0.0,8.0
7.0,22.0,1.0,9.0,1.0,1.0,1.0,0.0,0.0,3.0,5.0,5.0,,,,,127785.76,245864.83,0.0,0.0,1.0,0.0
7.0,28.0,1.0,9.0,1.0,1.0,1.0,0.0,0.0,0.0,3.0,17.0,,,,,127785.76,245864.83,0.0,0.0,1.0,0.0
6.0,42.0,1.0,9.0,1.0,1.0,0.0,0.0,0.0,0.0,0.0,16.1,,,,,127785.76,245864.83,0.0,0.0,1.0,0.0
4.0,402.0,1.0,9.0,4.0,2.0,1.0,1.0,0.0,2.0,1.0,0.0,,70.0,,,127785.76,245864.83,0.0,0.0,1.0,0.0
7.0,29.0,1.0,9.0,1.0,1.0,1.0,0.0,0.0,0.0,3.0,3.0,,,,,127785.76,245864.83,0.0,0.0,1.0,0.0
4.0,304.0,1.0,9.0,3.0,2.0,1.0,0.0,0.0,0.0,1.0,1.0,,18.0,,,127785.76,245864.83,0.0,0.0,1.0,0.0
7.0,25.0,1.0,9.0,1.0,1.0,1.0,0.0,0.0,0.0,3.0,6.0,,,,,127785.76,245864.83,0.0,0.0,1.0,0.0
3.0,127.0,1.0,9.0,,0.0,1.0,0.0,0.0,0.0,0.0,0.0,0.0,37.0,1.0,3.0,127785.76,245864.83,0.0,0.0,0.0,0.0
7.0,58.0,1.0,9.0,2.0,1.0,1.0,0.0,0.0,1.0,1.0,1.0,,,,,127785.76,245864.83,0.0,0.0,1.0,0.0
3.0,129.0,1.0,9.0,,0.0,1.0,0.0,0.0,0.0,0.0,0.0,0.0,48.0,1.0,3.0,127785.76,245864.83,0.0,0.0,0.0,0.0
5.0,15.0,1.0,9.0,1.0,1.0,0.0,2.0,0.0,2.0,2.0,8.0,,,,,127785.76,245864.83,0.0,0.0,1.0,0.0
4.0,11.0,1.0,9.0,1.0,1.0,1.0,0.0,0.0,0.0,0.0,5.0,5.0,25.0,,,127785.76,245864.83,0.0,0.0,1.0,0.0
5.0,18.0,1.0,9.0,1.0,1.0,0.0,0.0,0.0,0.0,4.0,10.0,,,,,127785.76,245864.83,0.0,0.0,1.0,0.0
6.0,31.0,1.0,9.0,2.0,1.0,1.0,2.0,0.0,2.0,0.0,0.0,,,,,127785.76,245864.83,0.0,0.0,1.0,0.0
6.0,37.0,1.0,9.0,2.0,1.0,1.0,0.0,0.0,2.0,2.0,1.0,,,,,127785.76,245864.83,0.0,0.0,1.0,0.0
6.0,44.0,1.0,9.0,1.0,1.0,1.0,0.0,0.0,0.0,0.0,4.0,,,,,127785.76,245864.83,0.0,0.0,1.0,0.0
6.0,43.0,1.0,9.0,2.0,1.0,0.0,1.0,0.0,1.0,3.0,5.0,,,,,127785.76,245864.83,0.0,0.0,1.0,0.0
3.0,104.0,1.0,9.0,,0.0,0.0,0.0,0.0,0.0,0.0,1.0,0.0,0.0,1.0,3.0,127785.76,245864.83,0.0,0.0,0.0,1.0
2.0,5.099157e+06,1.0,9.0,1.0,0.0,1.0,5.0,,5.0,0.0,0.0,5.0,40.0,0.0,1.0,127785.76,245864.83,0.0,0.0,0.0,1.0
5.0,39.0,1.0,9.0,3.0,1.0,0.0,0.0,0.0,0.0,0.0,0.0,,,,,127785.76,245864.83,0.0,0.0,1.0,0.0
2.0,5.095476e+06,1.0,9.0,1.0,0.0,1.0,5.0,,,1.0,0.0,8.0,40.0,,,127785.76,245864.83,0.0,0.0,0.0,2.0
4.0,10.0,1.0,9.0,1.0,2.0,0.0,1.0,0.0,0.0,1.0,3.0,10.0,10.0,,,127785.76,245864.83,0.0,0.0,1.0,0.0
2.0,5.091814e+06,1.0,9.0,1.0,0.0,1.0,,1.0,1.0,0.0,0.0,3.0,2.0,,,127785.76,245864.83,0.0,0.0,0.0,1.0
5.0,17.0,1.0,9.0,1.0,1.0,0.0,0.0,0.0,0.0,0.0,6.0,,,,,127785.76,245864.83,0.0,0.0,1.0,0.0
6.0,40.0,1.0,9.0,1.0,1.0,0.0,2.0,0.0,3.0,1.0,2.0,,,,,127785.76,245864.83,0.0,0.0,1.0,0.0
4.0,14.0,1.0,9.0,1.0,2.0,0.0,0.0,0.0,3.0,0.0,9.0,9.0,75.0,,,127785.76,245864.83,0.0,0.0,1.0,0.0
4.0,12.0,1.0,9.0,1.0,1.0,0.0,2.0,0.0,4.0,4.0,15.0,15.0,90.0,,,127785.76,245864.83,0.0,0.0,1.0,0.0
3.0,128.0,1.0,9.0,,0.0,1.0,1.0,0.0,0.0,0.0,10.0,10.0,45.0,1.0,3.0,127785.76,245864.83,0.0,0.0,0.0,10.0
7.0,21.0,1.0,9.0,1.0,1.0,1.0,0.0,0.0,0.0,0.0,20.0,,,,,127785.76,245864.83,0.0,0.0,1.0,0.0
6.0,33.0,1.0,9.0,1.0,1.0,1.0,0.0,0.0,0.0,0.0,3.0,,,,,127785.76,245864.83,0.0,0.0,1.0,0.0
4.0,13.0,1.0,9.0,1.0,2.0,0.0,0.0,0.0,0.0,3.0,14.0,14.0,92.0,,,127785.76,245864.83,0.0,0.0,1.0,0.0
1.0,129.0,1.0,9.0,,1.0,1.0,,,,,,2.0,2.0,1.0,3.0,127785.76,245864.83,0.0,0.0,0.0,2.0
1.0,126.0,1.0,9.0,,1.0,1.0,,,,,,2.0,2.0,1.0,3.0,127785.76,245864.83,0.0,0.0,0.0,2.0
7.0,26.0,1.0,9.0,1.0,1.0,1.0,0.0,0.0,2.0,1.0,8.0,,,,,127785.76,245864.83,0.0,0.0,1.0,0.0
6.0,34.0,1.0,9.0,1.0,1.0,0.0,0.0,0.0,0.0,0.0,24.15,,,,,127785.76,245864.83,0.0,0.0,1.0,0.0
5.0,295.0,5.0,10.0,3.0,1.0,0.0,1.0,1.0,2.0,3.0,3.0,,,,,180790.84,65552.195,1.0,1.0,1.0,3.0
3.0,545.0,5.0,10.0,,0.0,1.0,1.0,0.0,1.0,1.0,3.0,3.0,11.0,0.0,1.0,180790.84,65552.195,1.0,1.0,0.0,3.0
2.0,1.0103313e+07,5.0,10.0,1.0,1.0,0.0,2.0,0.0,0.0,0.0,0.0,7.0,20.0,,0.0,180790.84,65552.195,1.0,1.0,0.0,0.0
7.0,364.0,5.0,10.0,1.0,1.0,0.0,0.0,0.0,0.0,2.0,15.0,,,,,180790.84,65552.195,1.0,1.0,1.0,0.0
7.0,362.0,5.0,10.0,1.0,2.0,0.0,0.0,0.0,0.0,0.0,10.0,,,,,180790.84,65552.195,1.0,1.0,1.0,0.0
4.0,161.0,5.0,10.0,1.0,1.0,0.0,0.0,0.0,0.0,2.0,7.0,16.0,30.0,,,180790.84,65552.195,1.0,1.0,1.0,0.0
2.0,1.010671e+07,5.0,10.0,1.0,0.0,1.0,2.0,0.0,1.0,0.0,0.0,6.0,18.0,1.0,0.0,180790.84,65552.195,1.0,1.0,0.0,0.0
7.0,420.0,5.0,10.0,2.0,1.0,1.0,0.0,0.0,3.0,4.0,4.0,,,,,180790.84,65552.195,1.0,1.0,1.0,1.0
3.0,549.0,5.0,10.0,,0.0,1.0,0.0,0.0,0.0,2.0,4.0,4.0,17.0,1.0,2.0,180790.84,65552.195,1.0,1.0,0.0,4.0
4.0,158.0,5.0,10.0,1.0,1.0,1.0,0.0,0.0,2.0,2.0,4.0,12.0,8.0,,,180790.84,65552.195,1.0,1.0,1.0,0.0
7.0,421.0,5.0,10.0,2.0,1.0,0.0,0.0,0.0,0.0,0.0,20.0,,,,,180790.84,65552.195,1.0,1.0,1.0,0.0
1.0,544.0,5.0,10.0,,1.0,1.0,,,,,,3.0,12.0,1.0,1.0,180790.84,65552.195,1.0,1.0,0.0,3.0
1.0,548.0,5.0,10.0,,1.0,1.0,,,,,,3.0,14.0,0.0,3.0,180790.84,65552.195,1.0,1.0,0.0,3.0
5.0,248.0,5.0,10.0,1.0,1.0,0.0,0.0,0.0,2.0,1.0,13.0,,,,,180790.84,65552.195,1.0,1.0,1.0,0.0
3.0,544.0,5.0,10.0,,1.0,1.0,1.0,0.0,1.0,1.0,1.0,4.0,13.0,1.0,4.0,180790.84,65552.195,1.0,1.0,0.0,0.0
7.0,361.0,5.0,10.0,1.0,1.0,0.0,1.0,1.0,3.0,5.0,7.0,,,,,180790.84,65552.195,1.0,1.0,1.0,2.0
7.0,359.0,5.0,10.0,1.0,1.0,0.0,0.0,0.0,1.0,0.0,5.0,,,,,180790.84,65552.195,1.0,1.0,1.0,0.0
3.0,547.0,5.0,10.0,,0.0,0.0,1.0,0.0,1.0,3.0,3.0,3.0,3.0,1.0,2.0,180790.84,65552.195,1.0,1.0,0.0,3.0
6.0,373.0,5.0,10.0,1.0,1.0,1.0,1.0,1.0,1.0,1.0,12.0,,,,,180790.84,65552.195,1.0,1.0,1.0,1.0
2.0,1.0102795e+07,5.0,10.0,1.0,0.0,0.0,1.0,,0.0,0.0,0.0,5.0,12.0,0.0,0.0,180790.84,65552.195,1.0,1.0,0.0,0.0
4.0,163.0,5.0,10.0,1.0,1.0,0.0,0.0,0.0,0.0,1.0,8.0,8.0,40.0,,,180790.84,65552.195,1.0,1.0,1.0,0.0
4.0,160.0,5.0,10.0,1.0,1.0,1.0,0.0,0.0,2.0,0.0,10.0,10.0,18.0,,0.0,180790.84,65552.195,1.0,1.0,1.0,0.0
2.0,1.0109463e+07,5.0,10.0,1.0,0.0,0.0,0.0,1.0,2.0,0.0,0.0,4.0,13.0,0.0,0.0,180790.84,65552.195,1.0,1.0,0.0,0.0
7.0,368.0,5.0,10.0,1.0,1.0,0.0,1.0,2.0,2.0,2.0,2.0,,,,,180790.84,65552.195,1.0,1.0,1.0,0.0
7.0,367.0,5.0,10.0,1.0,1.0,0.0,2.0,0.0,2.0,3.0,3.0,,,,,180790.84,65552.195,1.0,1.0,1.0,0.0
6.0,364.0,5.0,10.0,1.0,1.0,1.0,3.0,0.0,3.0,3.0,12.0,,,,,180790.84,65552.195,1.0,1.0,1.0,0.0
5.0,246.0,5.0,10.0,1.0,1.0,1.0,1.0,0.0,1.0,1.0,5.0,,,,,180790.84,65552.195,1.0,1.0,1.0,1.0
7.0,422.0,5.0,10.0,2.0,1.0,1.0,2.0,1.0,1.0,2.0,3.0,,,,,180790.84,65552.195,1.0,1.0,1.0,0.0
1.0,546.0,5.0,10.0,,1.0,1.0,,,,,,6.0,9.0,1.0,7.0,180790.84,65552.195,1.0,1.0,0.0,6.0
4.0,157.0,5.0,10.0,1.0,1.0,1.0,2.0,0.0,2.0,2.0,5.0,5.0,40.0,,,180790.84,65552.195,1.0,1.0,1.0,0.0
4.0,330.0,5.0,10.0,3.0,2.0,0.0,3.0,0.0,0.0,1.0,2.0,,5.0,,,180790.84,65552.195,1.0,1.0,1.0,0.0
6.0,363.0,5.0,10.0,1.0,1.0,1.0,2.0,0.0,2.0,2.0,6.0,,,,,180790.84,65552.195,1.0,1.0,1.0,0.0
1.0,508.0,5.0,10.0,,1.0,1.0,,,,,,1.0,11.0,1.0,0.0,180790.84,65552.195,1.0,1.0,0.0,
7.0,365.0,5.0,10.0,1.0,1.0,1.0,1.0,1.0,1.0,1.0,15.0,,,,,180790.84,65552.195,1.0,1.0,1.0,0.0
7.0,419.0,5.0,10.0,2.0,1.0,0.0,0.0,0.0,1.0,0.0,1.0,,,,,180790.84,65552.195,1.0,1.0,1.0,0.0
1.0,549.0,5.0,10.0,,1.0,1.0,,,,,,3.0,15.0,0.0,1.0,180790.84,65552.195,1.0,1.0,0.0,3.0
1.0,509.0,5.0,10.0,,0.0,1.0,,,,,,5.0,30.0,1.0,2.0,180790.84,65552.195,1.0,1.0,0.0,5.0
1.0,547.0,5.0,10.0,,0.0,1.0,,,,,,4.0,4.0,1.0,3.0,180790.84,65552.195,1.0,1.0,0.0,4.0
4.0,159.0,5.0,10.0,1.0,1.0,0.0,0.0,0.0,1.0,2.0,2.0,2.0,25.0,,,180790.84,65552.195,1.0,1.0,1.0,0.0
6.0,361.0,5.0,10.0,2.0,1.0,0.0,0.0,0.0,1.0,1.0,2.0,,,,,180790.84,65552.195,1.0,1.0,1.0,0.0
5.0,296.0,5.0,10.0,1.0,1.0,1.0,1.0,1.0,0.0,2.0,2.0,,,,,180790.84,65552.195,1.0,1.0,1.0,0.0
5.0,249.0,5.0,10.0,1.0,1.0,0.0,2.0,0.0,3.0,3.0,3.0,,,,,180790.84,65552.195,1.0,1.0,1.0,0.0
4.0,162.0,5.0,10.0,1.0,1.0,1.0,4.0,1.0,4.0,6.0,12.0,12.0,22.0,,,180790.84,65552.195,1.0,1.0,1.0,0.0
2.0,1.0104067e+07,5.0,10.0,1.0,0.0,0.0,6.0,0.0,2.0,0.0,0.0,8.0,14.0,0.0,2.0,180790.84,65552.195,1.0,1.0,0.0,1.0
6.0,365.0,5.0,10.0,1.0,1.0,0.0,0.0,0.0,1.0,1.0,18.0,,,,,180790.84,65552.195,1.0,1.0,1.0,0.0
2.0,1.0102025e+07,5.0,10.0,1.0,0.0,0.0,1.0,0.0,1.0,0.0,0.0,5.0,5.0,1.0,0.0,180790.84,65552.195,1.0,1.0,0.0,0.0
3.0,548.0,5.0,10.0,,0.0,0.0,1.0,0.0,0.0,0.0,3.0,3.0,14.0,0.0,2.0,180790.84,65552.195,1.0,1.0,0.0,2.0
7.0,369.0,5.0,10.0,1.0,1.0,0.0,0.0,0.0,1.0,1.0,6.0,,,,,180790.84,65552.195,1.0,1.0,1.0,0.0
6.0,368.0,5.0,10.0,1.0,1.0,0.0,0.0,0.0,0.0,0.0,9.0,,,,,180790.84,65552.195,1.0,1.0,1.0,0.0
3.0,509.0,5.0,10.0,,0.0,1.0,0.0,0.0,0.0,0.0,0.0,3.0,25.0,0.0,3.0,180790.84,65552.195,1.0,1.0,0.0,3.0
1.0,545.0,5.0,10.0,,1.0,0.0,,,,,,1.0,10.0,1.0,2.0,180790.84,65552.195,1.0,1.0,0.0,1.0
7.0,418.0,5.0,10.0,2.0,1.0,0.0,1.0,0.0,1.0,2.0,6.0,,,,,180790.84,65552.195,1.0,1.0,1.0,0.0
6.0,370.0,5.0,10.0,1.0,1.0,0.0,1.0,1.0,1.0,1.0,0.0,,,,,180790.84,65552.195,1.0,1.0,1.0,0.0
6.0,371.0,5.0,10.0,1.0,1.0,1.0,0.0,1.0,2.0,3.0,3.0,,,,,180790.84,65552.195,1.0,1.0,1.0,0.0
6.0,369.0,5.0,10.0,1.0,2.0,0.0,6.0,1.0,6.0,1.0,10.0,,,,,180790.84,65552.195,1.0,1.0,1.0,6.0
2.0,1.0108131e+07,5.0,10.0,1.0,0.0,1.0,1.0,0.0,1.0,0.0,0.0,1.0,13.0,1.0,0.0,180790.84,65552.195,1.0,1.0,0.0,0.0
6.0,360.0,5.0,10.0,2.0,1.0,1.0,0.0,0.0,0.0,0.0,2.0,,,,,180790.84,65552.195,1.0,1.0,1.0,0.0
7.0,363.0,5.0,10.0,1.0,1.0,0.0,0.0,0.0,3.0,2.0,7.0,,,,,180790.84,65552.195,1.0,1.0,1.0,0.0
6.0,366.0,5.0,10.0,1.0,1.0,0.0,0.0,0.0,0.0,3.0,8.0,,,,,180790.84,65552.195,1.0,1.0,1.0,0.0
5.0,250.0,5.0,10.0,1.0,2.0,0.0,1.0,1.0,1.0,2.0,5.0,,,,,180790.84,65552.195,1.0,1.0,1.0,1.0
6.0,372.0,5.0,10.0,2.0,1.0,1.0,0.0,0.0,0.0,1.0,1.0,,,,,180790.84,65552.195,1.0,1.0,1.0,1.0
5.0,309.0,5.0,10.0,2.0,1.0,1.0,0.0,0.0,0.0,0.0,5.0,,,,,180790.84,65552.195,1.0,1.0,1.0,0.0
5.0,247.0,5.0,10.0,1.0,1.0,0.0,2.0,1.0,1.0,2.0,4.0,,,,,180790.84,65552.195,1.0,1.0,1.0,0.0
7.0,366.0,5.0,10.0,1.0,1.0,1.0,0.0,0.0,1.0,1.0,3.0,,,,,180790.84,65552.195,1.0,1.0,1.0,0.0
6.0,374.0,5.0,10.0,1.0,1.0,1.0,0.0,0.0,2.0,2.0,2.0,,,,,180790.84,65552.195,1.0,1.0,1.0,0.0
6.0,362.0,5.0,10.0,2.0,1.0,1.0,0.0,0.0,2.0,3.0,2.0,,,,,180790.84,65552.195,1.0,1.0,1.0,0.0
6.0,367.0,5.0,10.0,2.0,1.0,1.0,1.0,1.0,1.0,1.0,0.0,,,,,180790.84,65552.195,1.0,1.0,1.0,0.0
3.0,546.0,5.0,10.0,,0.0,0.0,0.0,0.0,2.0,2.0,6.0,6.0,12.0,0.0,2.0,180790.84,65552.195,1.0,1.0,0.0,6.0
6.0,359.0,5.0,10.0,1.0,1.0,0.0,0.0,0.0,0.0,0.0,10.0,,,,,180790.84,65552.195,1.0,1.0,1.0,0.0
4.0,415.0,5.0,10.0,4.0,1.0,0.0,0.0,0.0,0.0,0.0,0.0,,28.98,,,180790.84,65552.195,1.0,1.0,1.0,0.0
7.0,360.0,5.0,10.0,1.0,2.0,1.0,0.0,0.0,2.0,2.0,10.0,,,,,180790.84,65552.195,1.0,1.0,1.0,0.0
3.0,508.0,5.0,10.0,,0.0,1.0,0.0,0.0,0.0,0.0,0.0,10.0,13.0,1.0,2.0,180790.84,65552.195,1.0,1.0,0.0,0.0
4.0,148.0,4.0,18.0,1.0,2.0,0.0,1.0,0.0,2.0,1.0,1.0,1.0,18.0,,,143417.75,130166.33,0.0,0.0,1.0,0.0
6.0,282.0,4.0,18.0,1.0,1.0,0.0,4.0,0.0,2.0,2.0,4.0,,,,,143417.75,130166.33,0.0,0.0,1.0,0.0
5.0,235.0,4.0,18.0,3.0,1.0,0.0,3.0,0.0,1.0,2.0,2.0,,,,,143417.75,130166.33,0.0,0.0,1.0,0.0
6.0,285.0,4.0,18.0,2.0,1.0,1.0,1.0,0.0,0.0,1.0,2.0,,,,,143417.75,130166.33,0.0,0.0,1.0,0.0
7.0,282.0,4.0,18.0,1.0,1.0,1.0,6.0,0.0,1.0,4.0,15.0,,,,,143417.75,130166.33,0.0,0.0,1.0,0.0
4.0,150.0,4.0,18.0,1.0,1.0,1.0,6.0,0.0,2.0,0.0,6.0,6.0,30.0,,,143417.75,130166.33,0.0,0.0,1.0,0.0
2.0,5.5182372e+07,4.0,18.0,1.0,0.0,1.0,4.0,0.0,3.0,0.0,0.0,4.0,4.0,1.0,2.0,143417.75,130166.33,0.0,0.0,0.0,4.0
3.0,406.0,4.0,18.0,,0.0,1.0,0.0,0.0,0.0,0.0,0.0,0.0,12.0,1.0,0.0,143417.75,130166.33,0.0,0.0,0.0,0.0
3.0,415.0,4.0,18.0,,0.0,1.0,2.0,0.0,0.0,2.0,5.0,8.0,7.0,1.0,3.0,143417.75,130166.33,0.0,0.0,0.0,8.0
5.0,196.0,4.0,18.0,1.0,1.0,1.0,1.0,0.0,2.0,0.0,19.0,,,,,143417.75,130166.33,0.0,0.0,1.0,0.0
4.0,328.0,4.0,18.0,3.0,1.0,0.0,0.0,0.0,1.0,0.0,0.0,,0.0,,12.0,143417.75,130166.33,0.0,0.0,1.0,0.0
6.0,283.0,4.0,18.0,2.0,1.0,1.0,0.0,0.0,2.0,1.0,0.0,,,,,143417.75,130166.33,0.0,0.0,1.0,0.0
3.0,416.0,4.0,18.0,,0.0,1.0,1.0,0.0,1.0,1.0,2.0,2.0,2.0,1.0,1.0,143417.75,130166.33,0.0,0.0,0.0,2.0
6.0,284.0,4.0,18.0,1.0,1.0,1.0,4.0,0.0,0.0,4.0,19.0,,,,,143417.75,130166.33,0.0,0.0,1.0,0.0
1.0,406.0,4.0,18.0,,0.0,1.0,,,,,,0.0,0.0,1.0,1.0,143417.75,130166.33,0.0,0.0,0.0,1.0
1.0,416.0,4.0,18.0,,0.0,1.0,,,,,,2.0,2.0,1.0,2.0,143417.75,130166.33,0.0,0.0,0.0,2.0
7.0,334.0,4.0,18.0,2.0,1.0,1.0,4.0,2.0,4.0,4.0,21.0,,,,,143417.75,130166.33,0.0,0.0,1.0,0.0
7.0,332.0,4.0,18.0,2.0,1.0,1.0,0.0,0.0,0.0,1.0,1.0,,,,,143417.75,130166.33,0.0,0.0,1.0,0.0
7.0,333.0,4.0,18.0,2.0,1.0,1.0,0.0,0.0,0.0,1.0,1.0,,,,,143417.75,130166.33,0.0,0.0,1.0,0.0
4.0,414.0,4.0,18.0,4.0,1.0,1.0,0.0,1.0,0.0,0.0,7.0,,7.0,,,143417.75,130166.33,0.0,0.0,1.0,0.0
5.0,194.0,4.0,18.0,1.0,1.0,1.0,3.0,1.0,2.0,0.0,3.0,,,,,143417.75,130166.33,0.0,0.0,1.0,0.0
5.0,243.0,4.0,18.0,1.0,1.0,0.0,1.0,0.0,3.0,1.0,1.0,,,,,143417.75,130166.33,0.0,0.0,1.0,0.0
4.0,149.0,4.0,18.0,1.0,2.0,0.0,0.0,0.0,2.0,2.0,8.0,18.0,18.0,,,143417.75,130166.33,0.0,0.0,1.0,0.0
5.0,234.0,4.0,18.0,3.0,1.0,0.0,1.0,1.0,1.0,1.0,0.0,,,,,143417.75,130166.33,0.0,0.0,1.0,1.0
5.0,195.0,4.0,18.0,1.0,1.0,0.0,0.0,0.0,0.0,4.0,6.0,,,,,143417.75,130166.33,0.0,0.0,1.0,0.0
2.0,5.5180772e+07,4.0,18.0,1.0,0.0,0.0,9.0,0.0,2.0,0.0,0.0,12.0,9.0,0.0,1.0,143417.75,130166.33,0.0,0.0,0.0,1.0
7.0,283.0,4.0,18.0,1.0,1.0,1.0,5.0,0.0,0.0,1.0,28.0,,,,,143417.75,130166.33,0.0,0.0,1.0,0.0
6.0,286.0,4.0,18.0,1.0,1.0,1.0,3.0,0.0,3.0,3.0,2.0,,,,,143417.75,130166.33,0.0,0.0,1.0,0.0
6.0,287.0,4.0,18.0,1.0,1.0,0.0,1.0,0.0,2.0,7.0,7.0,,,,,143417.75,130166.33,0.0,0.0,1.0,0.0
1.0,415.0,4.0,18.0,,0.0,1.0,,,,,,10.0,5.0,1.0,1.0,143417.75,130166.33,0.0,0.0,0.0,5.0
7.0,281.0,4.0,18.0,1.0,1.0,1.0,0.0,0.0,2.0,4.0,7.0,,,,,143417.75,130166.33,0.0,0.0,1.0,0.0
7.0,280.0,4.0,18.0,1.0,1.0,1.0,2.0,0.0,3.0,2.0,1.0,,,,,143417.75,130166.33,0.0,0.0,1.0,0.0
5.0,252.0,5.0,27.0,1.0,1.0,0.0,2.0,0.0,3.0,3.0,12.0,,,,,280926.28,164192.27,1.0,1.0,1.0,0.0
1.0,523.0,5.0,27.0,,1.0,0.0,,,,,,5.0,20.0,1.0,1.0,280926.28,164192.27,1.0,1.0,0.0,5.0
4.0,169.0,5.0,27.0,1.0,1.0,1.0,0.0,0.0,0.0,5.0,15.0,40.0,55.0,,,280926.28,164192.27,1.0,1.0,1.0,5.0
1.0,522.0,5.0,27.0,,1.0,0.0,,,,,,14.0,25.0,1.0,1.0,280926.28,164192.27,1.0,1.0,0.0,1.0
5.0,254.0,5.0,27.0,1.0,1.0,1.0,0.0,0.0,3.0,1.0,8.0,,,,,280926.28,164192.27,1.0,1.0,1.0,0.0
4.0,166.0,5.0,27.0,1.0,1.0,1.0,0.0,0.0,0.0,2.0,16.0,5.0,16.0,,,280926.28,164192.27,1.0,1.0,1.0,0.0
5.0,253.0,5.0,27.0,1.0,2.0,0.0,2.0,0.0,2.0,2.0,4.0,,,,,280926.28,164192.27,1.0,1.0,1.0,0.0
1.0,503.0,5.0,27.0,,1.0,0.0,,,,,,2.0,1.0,1.0,1.0,280926.28,164192.27,1.0,1.0,0.0,1.0
5.0,251.0,5.0,27.0,1.0,2.0,0.0,0.0,0.0,0.0,1.0,2.0,,,,,280926.28,164192.27,1.0,1.0,1.0,0.0
4.0,332.0,5.0,27.0,3.0,1.0,1.0,1.0,2.0,1.0,2.0,2.0,,67.0,,,280926.28,164192.27,1.0,1.0,1.0,0.0
4.0,165.0,5.0,27.0,1.0,1.0,0.0,0.0,0.0,2.0,2.0,6.0,6.0,50.0,,,280926.28,164192.27,1.0,1.0,1.0,0.0
5.0,255.0,5.0,27.0,2.0,1.0,1.0,0.0,0.0,0.0,0.0,4.0,,,,,280926.28,164192.27,1.0,1.0,1.0,0.0
1.0,520.0,5.0,27.0,,1.0,1.0,,,,,,6.0,10.0,1.0,3.0,280926.28,164192.27,1.0,1.0,0.0,6.0
3.0,503.0,5.0,27.0,,0.0,1.0,0.0,0.0,0.0,0.0,1.0,1.0,2.0,1.0,1.0,280926.28,164192.27,1.0,1.0,0.0,1.0
4.0,167.0,5.0,27.0,1.0,1.0,0.0,2.0,0.0,3.0,2.0,12.0,12.0,51.0,,,280926.28,164192.27,1.0,1.0,1.0,0.0
3.0,504.0,5.0,27.0,,0.0,0.0,1.0,0.0,0.0,0.0,0.0,1.0,19.0,1.0,1.0,280926.28,164192.27,1.0,1.0,0.0,2.0
3.0,522.0,5.0,27.0,,0.0,1.0,0.0,1.0,1.0,1.0,5.0,8.0,35.0,1.0,1.0,280926.28,164192.27,1.0,1.0,0.0,8.0
3.0,521.0,5.0,27.0,,0.0,1.0,1.0,1.0,3.0,1.0,12.0,12.0,12.0,1.0,1.0,280926.28,164192.27,1.0,1.0,0.0,12.0
1.0,519.0,5.0,27.0,,1.0,1.0,,,,,,2.0,20.0,1.0,1.0,280926.28,164192.27,1.0,1.0,0.0,2.0
4.0,333.0,5.0,27.0,3.0,2.0,1.0,0.0,0.0,0.0,1.0,1.0,,32.0,,,280926.28,164192.27,1.0,1.0,1.0,0.0
3.0,523.0,5.0,27.0,,1.0,1.0,1.0,1.0,1.0,1.0,1.0,25.0,25.0,1.0,2.0,280926.28,164192.27,1.0,1.0,0.0,5.0
2.0,3.527305e+07,5.0,27.0,1.0,0.0,0.0,4.0,0.0,1.0,0.0,0.0,12.0,24.0,1.0,0.0,280926.28,164192.27,1.0,1.0,0.0,0.0
5.0,297.0,5.0,27.0,3.0,2.0,0.0,1.0,1.0,2.0,3.0,0.0,,,,,280926.28,164192.27,1.0,1.0,1.0,0.0
3.0,519.0,5.0,27.0,,0.0,1.0,1.0,0.0,2.0,1.0,4.0,4.0,18.0,0.0,4.0,280926.28,164192.27,1.0,1.0,0.0,8.0
1.0,521.0,5.0,27.0,,0.0,1.0,,,,,,12.0,12.0,1.0,1.0,280926.28,164192.27,1.0,1.0,0.0,12.0
2.0,3.527568e+07,5.0,27.0,1.0,0.0,1.0,2.0,0.0,0.0,0.0,0.0,8.0,10.0,1.0,0.0,280926.28,164192.27,1.0,1.0,0.0,0.0
2.0,3.5276444e+07,5.0,27.0,1.0,0.0,0.0,0.0,0.0,4.0,0.0,0.0,16.0,13.0,0.0,0.0,280926.28,164192.27,1.0,1.0,0.0,2.0
2.0,3.5276944e+07,5.0,27.0,1.0,0.0,0.0,1.0,0.0,0.0,0.0,1.0,3.0,40.0,1.0,0.0,280926.28,164192.27,1.0,1.0,0.0,0.0
3.0,520.0,5.0,27.0,,1.0,1.0,2.0,1.0,1.0,4.0,10.0,6.0,10.0,1.0,4.0,280926.28,164192.27,1.0,1.0,0.0,5.0
2.0,3.5277784e+07,5.0,27.0,1.0,1.0,0.0,2.0,0.0,0.0,0.0,0.0,3.0,22.0,1.0,2.0,280926.28,164192.27,1.0,1.0,0.0,0.0
4.0,168.0,5.0,27.0,1.0,2.0,0.0,0.0,0.0,0.0,1.0,6.0,6.0,48.0,,,280926.28,164192.27,1.0,1.0,1.0,1.0
1.0,504.0,5.0,27.0,,0.0,0.0,,,,,,0.0,19.0,0.0,0.0,280926.28,164192.27,1.0,1.0,0.0,
2.0,3.527215e+07,5.0,27.0,1.0,0.0,1.0,4.0,0.0,4.0,0.0,0.0,4.0,23.0,1.0,0.0,280926.28,164192.27,1.0,1.0,0.0,0.0
3.0,524.0,5.0,27.0,,0.0,1.0,0.0,0.0,0.0,0.0,1.0,0.0,40.0,1.0,1.0,280926.28,164192.27,1.0,1.0,0.0,0.0
1.0,524.0,5.0,27.0,,1.0,1.0,,,,,,0.0,40.0,1.0,1.0,280926.28,164192.27,1.0,1.0,0.0,
7.0,171.0,3.0,29.0,1.0,1.0,0.0,0.0,1.0,3.0,3.0,12.0,,,,,42994.68,105150.62,0.0,0.0,1.0,1.0
1.0,345.0,3.0,29.0,,1.0,1.0,,,,,,6.0,30.0,1.0,1.0,42994.68,105150.62,0.0,0.0,0.0,6.0
5.0,115.0,3.0,29.0,1.0,1.0,1.0,2.0,2.0,4.0,2.0,4.0,,,,,42994.68,105150.62,0.0,0.0,1.0,2.0
4.0,86.0,3.0,29.0,1.0,1.0,0.0,4.0,0.0,0.0,3.0,5.0,6.0,7.0,,,42994.68,105150.62,0.0,0.0,1.0,0.0
6.0,199.0,3.0,29.0,1.0,1.0,0.0,0.0,0.0,3.0,3.0,10.0,,,,,42994.68,105150.62,0.0,0.0,1.0,0.0
7.0,173.0,3.0,29.0,1.0,1.0,0.0,1.0,0.0,3.0,5.0,15.0,,,,,42994.68,105150.62,0.0,0.0,1.0,2.0
4.0,87.0,3.0,29.0,1.0,2.0,0.0,1.61,0.0,1.0,1.0,4.0,4.0,30.0,,,42994.68,105150.62,0.0,0.0,1.0,0.0
6.0,201.0,3.0,29.0,1.0,1.0,0.0,4.0,2.0,1.0,1.0,10.0,,,,,42994.68,105150.62,0.0,0.0,1.0,0.0
3.0,344.0,3.0,29.0,,0.0,0.0,2.0,0.0,1.0,0.0,3.0,4.0,20.0,0.0,3.0,42994.68,105150.62,0.0,0.0,0.0,3.0
4.0,316.0,3.0,29.0,3.0,1.0,0.0,3.0,1.61,4.83,2.0,2.0,,30.0,,,42994.68,105150.62,0.0,0.0,1.0,0.0
3.0,327.0,3.0,29.0,,0.0,1.0,0.0,0.0,0.0,0.0,0.0,0.0,0.0,0.0,0.0,42994.68,105150.62,0.0,0.0,0.0,0.0
5.0,114.0,3.0,29.0,1.0,1.0,0.0,1.0,0.0,0.0,4.0,4.0,,,,,42994.68,105150.62,0.0,0.0,1.0,0.0
2.0,4.0291064e+07,3.0,29.0,1.0,0.0,1.0,3.0,,2.0,0.0,0.0,14.0,48.0,0.0,,42994.68,105150.62,0.0,0.0,0.0,2.0
7.0,233.0,3.0,29.0,2.0,1.0,1.0,0.0,0.0,,1.0,0.0,,,,,42994.68,105150.62,0.0,0.0,1.0,0.0
4.0,85.0,3.0,29.0,1.0,1.0,1.0,0.0,0.0,0.0,0.0,5.0,11.0,35.0,,,42994.68,105150.62,0.0,0.0,1.0,0.0
1.0,344.0,3.0,29.0,,0.0,1.0,,,,,,6.0,24.0,1.0,1.0,42994.68,105150.62,0.0,0.0,0.0,6.0
4.0,410.0,3.0,29.0,4.0,1.0,1.0,2.0,0.0,0.0,0.0,0.0,,30.0,,,42994.68,105150.62,0.0,0.0,1.0,0.0
2.0,4.0296224e+07,3.0,29.0,1.0,0.0,0.0,3.0,0.0,3.0,0.0,0.0,8.0,28.0,0.0,0.0,42994.68,105150.62,0.0,0.0,0.0,0.0
3.0,345.0,3.0,29.0,,0.0,0.0,1.0,1.0,1.0,1.0,13.0,13.0,30.0,0.0,0.0,42994.68,105150.62,0.0,0.0,0.0,13.0
6.0,200.0,3.0,29.0,1.0,1.0,1.0,1.0,1.0,8.0,1.0,8.0,,,,,42994.68,105150.62,0.0,0.0,1.0,0.0
2.0,4.029474e+07,3.0,29.0,1.0,0.0,1.0,0.0,0.0,0.0,1.0,0.0,7.0,7.0,1.0,0.0,42994.68,105150.62,0.0,0.0,0.0,0.0
7.0,172.0,3.0,29.0,1.0,1.0,0.0,3.0,3.0,6.0,3.0,14.0,,,,,42994.68,105150.62,0.0,0.0,1.0,3.0
3.0,542.0,5.0,32.0,,1.0,0.0,0.0,0.0,0.0,0.0,4.0,4.0,9.0,1.0,2.0,220419.61,102934.8,1.0,1.0,0.0,4.0
1.0,542.0,5.0,32.0,,1.0,1.0,,,,,,4.0,9.0,1.0,2.0,220419.61,102934.8,1.0,1.0,0.0,4.0
1.0,543.0,5.0,32.0,,1.0,1.0,,,,,,7.0,12.0,1.0,2.0,220419.61,102934.8,1.0,1.0,0.0,7.0
3.0,539.0,5.0,32.0,,0.0,1.0,0.0,0.0,0.0,2.0,2.0,2.0,16.0,1.0,3.0,220419.61,102934.8,1.0,1.0,0.0,2.0
4.0,200.0,5.0,32.0,1.0,2.0,0.0,0.0,0.0,0.0,2.0,5.0,20.0,25.0,,,220419.61,102934.8,1.0,1.0,1.0,0.0
3.0,541.0,5.0,32.0,,1.0,0.0,0.0,0.0,0.0,0.0,0.0,5.0,11.0,1.0,0.0,220419.61,102934.8,1.0,1.0,0.0,5.0
2.0,8.532306e+07,5.0,32.0,1.0,0.0,1.0,1.0,0.0,1.0,0.0,0.0,8.0,12.0,0.0,,220419.61,102934.8,1.0,1.0,0.0,0.0
5.0,258.0,5.0,32.0,1.0,1.0,1.0,1.0,1.0,1.0,1.0,3.0,,,,,220419.61,102934.8,1.0,1.0,1.0,0.0
1.0,541.0,5.0,32.0,,1.0,1.0,,,,,,7.0,12.0,1.0,1.0,220419.61,102934.8,1.0,1.0,0.0,7.0
4.0,198.0,5.0,32.0,1.0,1.0,0.0,2.0,0.0,1.0,1.0,5.0,4.0,12.0,,,220419.61,102934.8,1.0,1.0,1.0,0.0
5.0,298.0,5.0,32.0,3.0,1.0,0.0,3.0,0.0,1.0,2.0,2.0,,,,,220419.61,102934.8,1.0,1.0,1.0,1.0
5.0,310.0,5.0,32.0,4.0,1.0,1.0,0.0,0.0,1.0,1.0,0.0,,,,,220419.61,102934.8,1.0,1.0,1.0,0.0
4.0,199.0,5.0,32.0,1.0,1.0,0.0,2.0,0.0,1.0,0.0,7.0,7.0,18.0,,,220419.61,102934.8,1.0,1.0,1.0,0.0
3.0,543.0,5.0,32.0,,1.0,1.0,0.0,0.0,2.0,2.0,2.0,8.0,13.0,1.0,2.0,220419.61,102934.8,1.0,1.0,0.0,8.0
4.0,197.0,5.0,32.0,1.0,1.0,0.0,1.0,1.0,1.0,2.0,2.0,2.0,40.0,,,220419.61,102934.8,1.0,1.0,1.0,0.0
5.0,256.0,5.0,32.0,1.0,1.0,0.0,0.0,0.0,1.0,1.0,11.0,,,,,220419.61,102934.8,1.0,1.0,1.0,1.0
4.0,196.0,5.0,32.0,1.0,2.0,0.0,3.0,2.0,4.0,4.0,5.0,13.0,27.0,,0.0,220419.61,102934.8,1.0,1.0,1.0,0.0
4.0,340.0,5.0,32.0,3.0,1.0,0.0,1.0,0.0,0.0,3.0,2.0,,34.0,,,220419.61,102934.8,1.0,1.0,1.0,0.0
1.0,539.0,5.0,32.0,,1.0,1.0,,,,,,1.0,18.0,1.0,1.0,220419.61,102934.8,1.0,1.0,0.0,1.0
2.0,8.532243e+07,5.0,32.0,1.0,1.0,0.0,2.0,0.0,0.0,1.0,0.0,6.0,7.0,1.0,0.0,220419.61,102934.8,1.0,1.0,0.0,0.0
2.0,8.532676e+07,5.0,32.0,1.0,0.0,0.0,5.0,0.0,0.0,0.0,0.0,5.0,1.0,1.0,0.0,220419.61,102934.8,1.0,1.0,0.0,0.0
2.0,8.5328216e+07,5.0,32.0,1.0,0.0,0.0,0.0,0.0,1.0,0.0,0.0,6.0,12.0,0.0,0.0,220419.61,102934.8,1.0,1.0,0.0,0.0
2.0,8.532913e+07,5.0,32.0,1.0,0.0,1.0,2.0,0.0,0.0,0.0,0.0,1.0,22.0,0.0,,220419.61,102934.8,1.0,1.0,0.0,0.0
5.0,257.0,5.0,32.0,1.0,1.0,0.0,0.0,0.0,1.0,1.0,13.0,,,,,220419.61,102934.8,1.0,1.0,1.0,0.0
3.0,540.0,5.0,32.0,,1.0,1.0,0.0,0.0,0.0,0.0,5.0,5.0,5.0,0.0,2.0,220419.61,102934.8,1.0,1.0,0.0,5.0
2.0,8.532881e+07,5.0,32.0,1.0,0.0,1.0,0.0,0.0,0.0,1.0,1.0,7.0,12.0,1.0,0.0,220419.61,102934.8,1.0,1.0,0.0,0.0
1.0,540.0,5.0,32.0,,1.0,1.0,,,,,,6.0,6.0,1.0,1.0,220419.61,102934.8,1.0,1.0,0.0,6.0
1.0,339.0,3.0,35.0,,0.0,0.0,,,,,,4.0,14.0,1.0,1.0,52958.07,146971.88,0.0,0.0,0.0,1.0
1.0,337.0,3.0,35.0,,1.0,0.0,,,,,,6.0,35.0,1.0,4.0,52958.07,146971.88,0.0,0.0,0.0,6.0
2.0,4.035324e+07,3.0,35.0,1.0,0.0,1.0,1.0,15.0,15.0,0.0,0.0,15.0,14.0,0.0,2.0,52958.07,146971.88,0.0,0.0,0.0,0.0
2.0,4.0355172e+07,3.0,35.0,1.0,0.0,1.0,4.0,0.0,1.0,1.0,0.0,5.0,15.0,1.0,,52958.07,146971.88,0.0,0.0,0.0,1.0
7.0,179.0,3.0,35.0,1.0,1.0,0.0,1.0,0.0,1.0,2.0,10.0,,,,,52958.07,146971.88,0.0,0.0,1.0,1.0
4.0,88.0,3.0,35.0,1.0,2.0,0.0,5.0,0.0,0.0,3.0,5.0,25.0,28.0,,,52958.07,146971.88,0.0,0.0,1.0,2.0
1.0,338.0,3.0,35.0,,0.0,1.0,,,,,,12.0,12.0,1.0,1.0,52958.07,146971.88,0.0,0.0,0.0,12.0
3.0,339.0,3.0,35.0,,0.0,0.0,5.0,0.0,1.0,0.0,5.0,5.0,14.0,1.0,4.0,52958.07,146971.88,0.0,0.0,0.0,5.0
3.0,338.0,3.0,35.0,,0.0,1.0,0.0,0.0,0.0,1.0,14.0,14.0,14.0,0.0,1.0,52958.07,146971.88,0.0,0.0,0.0,5.0
5.0,118.0,3.0,35.0,1.0,2.0,0.0,2.0,0.0,2.0,2.0,30.0,,,,,52958.07,146971.88,0.0,0.0,1.0,0.0
2.0,4.035586e+07,3.0,35.0,1.0,0.0,1.0,0.0,0.0,1.0,1.0,0.0,7.0,24.0,1.0,2.0,52958.07,146971.88,0.0,0.0,0.0,1.0
4.0,89.0,3.0,35.0,1.0,2.0,0.0,10.0,0.0,0.0,1.61,7.0,23.0,38.0,,,52958.07,146971.88,0.0,0.0,1.0,0.0
7.0,178.0,3.0,35.0,1.0,2.0,0.0,1.0,0.0,1.0,3.0,10.0,,,,,52958.07,146971.88,0.0,0.0,1.0,1.0
3.0,337.0,3.0,35.0,,1.0,1.0,0.0,0.0,1.0,0.0,3.0,5.0,29.0,1.0,3.0,52958.07,146971.88,0.0,0.0,0.0,5.0
6.0,210.0,3.0,35.0,1.0,1.0,1.0,0.0,0.0,1.0,1.0,2.0,,,,,52958.07,146971.88,0.0,0.0,1.0,0.0
6.0,209.0,3.0,35.0,1.0,1.0,1.0,0.0,2.0,1.0,0.0,5.0,,,,,52958.07,146971.88,0.0,0.0,1.0,0.0
7.0,533.0,5.0,36.0,1.0,1.0,0.0,2.0,0.0,2.0,0.0,8.0,,,,,159593.23,167315.83,1.0,1.0,1.0,0.0
6.0,531.0,5.0,36.0,1.0,1.0,1.0,0.0,0.0,0.0,0.0,6.0,,,,,159593.23,167315.83,1.0,1.0,1.0,0.0
7.0,532.0,5.0,36.0,1.0,1.0,0.0,0.0,1.0,1.0,0.0,15.0,,,,,159593.23,167315.83,1.0,1.0,1.0,0.0
7.0,537.0,5.0,36.0,1.0,1.0,1.0,2.0,0.0,3.0,3.0,13.0,,,,,159593.23,167315.83,1.0,1.0,1.0,0.0
6.0,542.0,5.0,36.0,1.0,1.0,0.0,0.0,0.0,0.0,1.0,3.0,,,,,159593.23,167315.83,1.0,1.0,1.0,0.0
6.0,538.0,5.0,36.0,1.0,1.0,1.0,2.0,0.0,1.0,1.0,4.0,,,,,159593.23,167315.83,1.0,1.0,1.0,0.0
7.0,535.0,5.0,36.0,1.0,1.0,1.0,2.0,0.0,2.0,3.0,15.0,,,,,159593.23,167315.83,1.0,1.0,1.0,0.0
7.0,539.0,5.0,36.0,1.0,1.0,0.0,0.0,0.0,0.0,0.0,0.0,,,,,159593.23,167315.83,1.0,1.0,1.0,0.0
6.0,532.0,5.0,36.0,1.0,1.0,0.0,2.0,0.0,3.0,2.0,3.0,,,,,159593.23,167315.83,1.0,1.0,1.0,0.0
6.0,544.0,5.0,36.0,1.0,1.0,0.0,0.0,0.0,0.0,0.0,22.0,,,,,159593.23,167315.83,1.0,1.0,1.0,0.0
6.0,537.0,5.0,36.0,2.0,1.0,1.0,1.0,0.0,0.0,0.0,0.0,,,,,159593.23,167315.83,1.0,1.0,1.0,0.0
6.0,543.0,5.0,36.0,1.0,1.0,0.0,4.0,1.0,4.0,3.0,40.0,,,,,159593.23,167315.83,1.0,1.0,1.0,0.0
7.0,541.0,5.0,36.0,1.0,1.0,0.0,0.0,0.0,0.0,0.0,45.0,,,,,159593.23,167315.83,1.0,1.0,1.0,0.0
6.0,534.0,5.0,36.0,1.0,2.0,0.0,3.0,0.0,3.0,6.0,25.0,,,,,159593.23,167315.83,1.0,1.0,1.0,0.0
6.0,536.0,5.0,36.0,1.0,1.0,0.0,0.0,1.0,7.0,2.0,7.0,,,,,159593.23,167315.83,1.0,1.0,1.0,0.0
7.0,534.0,5.0,36.0,1.0,1.0,0.0,2.0,0.0,2.0,2.0,2.0,,,,,159593.23,167315.83,1.0,1.0,1.0,2.0
6.0,535.0,5.0,36.0,1.0,1.0,0.0,1.0,0.0,3.0,6.0,15.0,,,,,159593.23,167315.83,1.0,1.0,1.0,0.0
7.0,580.0,5.0,36.0,2.0,1.0,0.0,0.0,0.0,0.0,0.0,0.0,,,,,159593.23,167315.83,1.0,1.0,1.0,0.0
7.0,536.0,5.0,36.0,1.0,1.0,0.0,0.0,0.0,0.0,0.0,4.0,,,,,159593.23,167315.83,1.0,1.0,1.0,0.0
7.0,581.0,5.0,36.0,2.0,1.0,0.0,0.0,0.0,0.0,0.0,30.0,,,,,159593.23,167315.83,1.0,1.0,1.0,0.0
7.0,579.0,5.0,36.0,2.0,1.0,0.0,0.0,1.0,1.0,1.0,1.0,,,,,159593.23,167315.83,1.0,1.0,1.0,0.0
6.0,540.0,5.0,36.0,2.0,1.0,1.0,1.0,0.0,0.0,1.0,2.0,,,,,159593.23,167315.83,1.0,1.0,1.0,0.0
7.0,538.0,5.0,36.0,1.0,1.0,0.0,1.0,0.0,1.0,1.0,7.0,,,,,159593.23,167315.83,1.0,1.0,1.0,0.0
6.0,533.0,5.0,36.0,2.0,1.0,1.0,0.0,0.0,2.0,2.0,15.0,,,,,159593.23,167315.83,1.0,1.0,1.0,0.0
7.0,531.0,5.0,36.0,1.0,1.0,0.0,4.0,0.0,10.0,10.0,10.0,,,,,159593.23,167315.83,1.0,1.0,1.0,0.0
6.0,539.0,5.0,36.0,1.0,1.0,0.0,0.0,0.0,0.0,0.0,18.0,,,,,159593.23,167315.83,1.0,1.0,1.0,0.0
6.0,541.0,5.0,36.0,1.0,2.0,0.0,2.0,0.0,0.0,2.0,8.0,,,,,159593.23,167315.83,1.0,1.0,1.0,2.0
7.0,540.0,5.0,36.0,1.0,1.0,0.0,1.0,0.0,0.0,1.0,40.0,,,,,159593.23,167315.83,1.0,1.0,1.0,0.0
4.0,164.0,5.0,38.0,1.0,1.0,1.0,1.0,0.0,1.0,1.0,6.0,6.0,20.0,,2.0,217323.58,102178.445,1.0,1.0,1.0,0.0
1.0,551.0,5.0,38.0,,0.0,0.0,,,,,,7.0,7.0,0.0,3.0,217323.58,102178.445,1.0,1.0,0.0,6.0
6.0,377.0,5.0,38.0,1.0,1.0,1.0,0.0,0.0,1.0,0.0,8.0,,,,,217323.58,102178.445,1.0,1.0,1.0,1.0
7.0,423.0,5.0,38.0,2.0,1.0,0.0,0.0,0.0,0.0,0.0,0.0,,,,,217323.58,102178.445,1.0,1.0,1.0,0.0
4.0,331.0,5.0,38.0,3.0,2.0,0.0,0.0,0.0,2.0,2.0,2.0,,20.0,,,217323.58,102178.445,1.0,1.0,1.0,0.0
3.0,550.0,5.0,38.0,,1.0,0.0,3.0,0.0,3.0,1.0,3.0,3.0,10.0,1.0,3.0,217323.58,102178.445,1.0,1.0,0.0,3.0
3.0,551.0,5.0,38.0,,1.0,1.0,1.0,0.0,1.0,2.0,7.0,7.0,8.0,1.0,4.0,217323.58,102178.445,1.0,1.0,0.0,6.0
2.0,1.0381347e+07,5.0,38.0,1.0,0.0,0.0,0.0,0.0,3.0,0.0,0.0,3.0,16.0,0.0,0.0,217323.58,102178.445,1.0,1.0,0.0,0.0
7.0,370.0,5.0,38.0,1.0,1.0,0.0,3.0,0.0,0.0,5.0,15.0,,,,,217323.58,102178.445,1.0,1.0,1.0,0.0
5.0,259.0,5.0,38.0,1.0,1.0,1.0,4.0,1.0,5.0,5.0,10.0,,,,,217323.58,102178.445,1.0,1.0,1.0,5.0
6.0,375.0,5.0,38.0,1.0,1.0,1.0,0.0,0.0,3.0,3.0,8.0,,,,,217323.58,102178.445,1.0,1.0,1.0,0.0
6.0,376.0,5.0,38.0,2.0,1.0,1.0,0.0,0.0,1.0,1.0,1.0,,,,,217323.58,102178.445,1.0,1.0,1.0,0.0
7.0,372.0,5.0,38.0,1.0,1.0,1.0,0.0,2.0,2.0,3.0,3.0,,,,,217323.58,102178.445,1.0,1.0,1.0,0.0
7.0,371.0,5.0,38.0,1.0,1.0,1.0,0.0,0.0,0.0,0.0,6.0,,,,,217323.58,102178.445,1.0,1.0,1.0,0.0
6.0,378.0,5.0,38.0,1.0,1.0,1.0,0.0,0.0,1.0,1.0,10.0,,,,,217323.58,102178.445,1.0,1.0,1.0,0.0
6.0,379.0,5.0,38.0,1.0,1.0,1.0,0.0,0.0,0.0,0.0,7.0,,,,,217323.58,102178.445,1.0,1.0,1.0,0.0
2.0,1.0387473e+07,5.0,38.0,1.0,0.0,1.0,2.0,0.0,0.0,0.0,0.0,10.0,10.0,1.0,0.0,217323.58,102178.445,1.0,1.0,0.0,0.0
5.0,260.0,5.0,38.0,1.0,1.0,0.0,2.0,2.0,2.0,2.0,15.0,,,,,217323.58,102178.445,1.0,1.0,1.0,2.0
1.0,550.0,5.0,38.0,,1.0,0.0,,,,,,2.0,12.0,0.0,1.0,217323.58,102178.445,1.0,1.0,0.0,2.0
7.0,424.0,5.0,38.0,2.0,1.0,1.0,2.0,2.0,2.0,2.0,10.0,,,,,217323.58,102178.445,1.0,1.0,1.0,0.0
5.0,237.0,4.0,41.0,2.0,2.0,0.0,1.0,0.0,0.0,0.0,0.0,,,,,115225.91,158347.22,0.0,0.0,1.0,0.0
7.0,291.0,4.0,41.0,1.0,1.0,1.0,2.0,0.0,0.0,1.0,20.0,,,,,115225.91,158347.22,0.0,0.0,1.0,0.0
6.0,288.0,4.0,41.0,2.0,2.0,1.0,0.0,0.0,0.0,1.0,1.0,,,,,115225.91,158347.22,0.0,0.0,1.0,0.0
7.0,288.0,4.0,41.0,1.0,1.0,1.0,0.0,0.0,0.0,0.0,18.0,,,,,115225.91,158347.22,0.0,0.0,1.0,0.0
5.0,198.0,4.0,41.0,1.0,1.0,1.0,0.0,0.0,0.0,2.0,11.0,,,,,115225.91,158347.22,0.0,0.0,1.0,0.0
6.0,299.0,4.0,41.0,1.0,1.0,1.0,0.0,0.0,0.0,0.0,7.0,,,,,115225.91,158347.22,0.0,0.0,1.0,0.0
7.0,284.0,4.0,41.0,1.0,1.0,0.0,0.0,0.0,2.0,2.0,22.0,,,,,115225.91,158347.22,0.0,0.0,1.0,0.0
3.0,424.0,4.0,41.0,,0.0,0.0,0.0,0.0,0.0,2.0,4.0,4.0,30.0,0.0,2.0,115225.91,158347.22,0.0,0.0,0.0,2.0
4.0,122.0,4.0,41.0,1.0,1.0,0.0,0.0,0.0,0.0,0.0,8.0,8.0,32.2,,,115225.91,158347.22,0.0,0.0,1.0,0.0
7.0,336.0,4.0,41.0,2.0,1.0,0.0,3.0,0.0,2.0,2.0,2.0,,,,,115225.91,158347.22,0.0,0.0,1.0,0.0
6.0,298.0,4.0,41.0,1.0,1.0,1.0,0.0,0.0,0.0,0.0,3.0,,,,,115225.91,158347.22,0.0,0.0,1.0,0.0
2.0,4.5411124e+07,4.0,41.0,1.0,0.0,0.0,4.0,0.0,0.0,0.0,0.0,4.0,20.0,0.0,0.0,115225.91,158347.22,0.0,0.0,0.0,0.0
7.0,286.0,4.0,41.0,1.0,1.0,0.0,1.0,0.0,1.0,1.0,10.0,,,,,115225.91,158347.22,0.0,0.0,1.0,0.0
6.0,295.0,4.0,41.0,1.0,1.0,0.0,1.0,0.0,1.0,3.0,6.0,,,,,115225.91,158347.22,0.0,0.0,1.0,0.0
6.0,292.0,4.0,41.0,2.0,1.0,1.0,2.0,1.0,2.0,2.0,2.0,,,,,115225.91,158347.22,0.0,0.0,1.0,0.0
4.0,121.0,4.0,41.0,1.0,1.0,1.0,1.0,0.0,1.0,1.0,6.0,6.0,35.0,,,115225.91,158347.22,0.0,0.0,1.0,0.0
4.0,127.0,4.0,41.0,1.0,1.0,0.0,0.0,0.0,0.0,0.0,15.0,20.0,45.0,,,115225.91,158347.22,0.0,0.0,1.0,0.0
3.0,423.0,4.0,41.0,,1.0,1.0,0.0,0.0,0.0,2.0,14.0,15.0,15.0,1.0,2.0,115225.91,158347.22,0.0,0.0,0.0,2.0
5.0,197.0,4.0,41.0,1.0,1.0,0.0,2.0,0.0,1.0,2.0,13.0,,,,,115225.91,158347.22,0.0,0.0,1.0,0.0
7.0,290.0,4.0,41.0,1.0,1.0,1.0,0.0,0.0,0.0,0.0,18.0,,,,,115225.91,158347.22,0.0,0.0,1.0,0.0
2.0,4.5416132e+07,4.0,41.0,1.0,,1.0,1.0,0.0,0.0,0.0,0.0,11.0,20.0,1.0,,115225.91,158347.22,0.0,0.0,0.0,0.0
4.0,125.0,4.0,41.0,1.0,2.0,0.0,0.0,0.0,1.0,1.0,5.0,5.0,5.0,,,115225.91,158347.22,0.0,0.0,1.0,1.0
7.0,287.0,4.0,41.0,1.0,1.0,1.0,0.0,0.0,0.0,0.0,17.0,,,,,115225.91,158347.22,0.0,0.0,1.0,0.0
5.0,200.0,4.0,41.0,1.0,1.0,1.0,0.0,0.0,0.0,0.0,10.0,,,,,115225.91,158347.22,0.0,0.0,1.0,0.0
2.0,4.5413864e+07,4.0,41.0,1.0,0.0,0.0,,1.0,1.0,0.0,0.0,10.0,30.0,,,115225.91,158347.22,0.0,0.0,0.0,0.0
4.0,124.0,4.0,41.0,1.0,1.0,1.0,0.0,0.0,3.0,3.0,18.0,20.0,40.0,,,115225.91,158347.22,0.0,0.0,1.0,0.0
6.0,293.0,4.0,41.0,1.0,1.0,1.0,1.0,0.0,1.0,4.0,7.0,,,,,115225.91,158347.22,0.0,0.0,1.0,0.0
4.0,126.0,4.0,41.0,1.0,2.0,1.0,0.0,0.0,0.0,0.0,15.0,16.0,45.0,,,115225.91,158347.22,0.0,0.0,1.0,0.0
1.0,425.0,4.0,41.0,,0.0,0.0,,,,,,5.0,21.0,0.0,1.0,115225.91,158347.22,0.0,0.0,0.0,2.0
1.0,422.0,4.0,41.0,,0.0,1.0,,,,,,8.0,16.0,1.0,2.0,115225.91,158347.22,0.0,0.0,0.0,8.0
6.0,289.0,4.0,41.0,1.0,1.0,1.0,0.0,0.0,0.0,0.0,15.0,,,,,115225.91,158347.22,0.0,0.0,1.0,0.0
2.0,4.541042e+07,4.0,41.0,1.0,0.0,0.0,0.0,0.0,0.0,1.0,0.0,8.0,16.0,0.0,1.0,115225.91,158347.22,0.0,0.0,0.0,1.0
5.0,244.0,4.0,41.0,1.0,1.0,1.0,0.0,0.0,2.0,0.0,3.0,,,,,115225.91,158347.22,0.0,0.0,1.0,0.0
3.0,409.0,4.0,41.0,,0.0,1.0,0.0,0.0,0.0,0.0,0.0,0.0,0.0,1.0,0.0,115225.91,158347.22,0.0,0.0,0.0,0.0
1.0,426.0,4.0,41.0,,0.0,1.0,,,,,,13.0,17.0,1.0,1.0,115225.91,158347.22,0.0,0.0,0.0,13.0
7.0,339.0,4.0,41.0,2.0,1.0,1.0,1.0,0.0,1.0,1.0,10.0,,,,,115225.91,158347.22,0.0,0.0,1.0,0.0
5.0,201.0,4.0,41.0,1.0,1.0,1.0,1.0,0.0,0.0,0.0,16.0,,,,,115225.91,158347.22,0.0,0.0,1.0,0.0
7.0,292.0,4.0,41.0,1.0,1.0,0.0,2.0,0.0,5.0,5.0,14.0,,,,,115225.91,158347.22,0.0,0.0,1.0,0.0
6.0,296.0,4.0,41.0,1.0,1.0,0.0,0.0,0.0,0.0,0.0,14.49,,,,,115225.91,158347.22,0.0,0.0,1.0,0.0
5.0,236.0,4.0,41.0,2.0,1.0,0.0,0.0,0.0,2.0,0.0,1.0,,,,,115225.91,158347.22,0.0,0.0,1.0,0.0
4.0,322.0,4.0,41.0,3.0,1.0,1.0,0.0,0.0,0.0,0.0,2.0,,32.0,,,115225.91,158347.22,0.0,0.0,1.0,0.0
4.0,123.0,4.0,41.0,1.0,1.0,1.0,0.0,0.0,2.0,2.0,6.0,15.0,25.0,,,115225.91,158347.22,0.0,0.0,1.0,2.0
6.0,300.0,4.0,41.0,1.0,1.0,1.0,0.0,0.0,2.0,2.0,14.0,,,,,115225.91,158347.22,0.0,0.0,1.0,0.0
3.0,426.0,4.0,41.0,,0.0,1.0,1.0,0.0,0.0,1.0,4.0,12.0,18.0,1.0,3.0,115225.91,158347.22,0.0,0.0,0.0,12.0
4.0,412.0,4.0,41.0,4.0,1.0,0.0,1.0,0.0,0.0,0.0,3.0,,4.0,,,115225.91,158347.22,0.0,0.0,1.0,0.0
4.0,323.0,4.0,41.0,3.0,1.0,0.0,0.0,0.0,0.0,0.0,0.0,,0.0,,,115225.91,158347.22,0.0,0.0,1.0,0.0
1.0,424.0,4.0,41.0,,0.0,1.0,,,,,,4.0,18.0,1.0,1.0,115225.91,158347.22,0.0,0.0,0.0,4.0
6.0,297.0,4.0,41.0,2.0,1.0,0.0,2.0,0.0,2.0,2.0,2.0,,,,,115225.91,158347.22,0.0,0.0,1.0,0.0
2.0,4.5419096e+07,4.0,41.0,1.0,0.0,1.0,2.0,4.0,2.0,0.0,0.0,7.0,20.0,,,115225.91,158347.22,0.0,0.0,0.0,4.0
6.0,290.0,4.0,41.0,1.0,1.0,1.0,3.0,0.0,1.0,4.0,8.0,,,,,115225.91,158347.22,0.0,0.0,1.0,0.0
7.0,338.0,4.0,41.0,2.0,1.0,1.0,0.0,0.0,1.0,0.0,0.0,,,,,115225.91,158347.22,0.0,0.0,1.0,0.0
6.0,301.0,4.0,41.0,1.0,1.0,0.0,0.0,0.0,2.0,1.61,7.0,,,,,115225.91,158347.22,0.0,0.0,1.0,0.0
6.0,294.0,4.0,41.0,2.0,2.0,1.0,1.0,0.0,0.0,0.0,0.0,,,,,115225.91,158347.22,0.0,0.0,1.0,0.0
1.0,409.0,4.0,41.0,,0.0,0.0,,,,,,0.0,0.0,1.0,0.0,115225.91,158347.22,0.0,0.0,0.0,
6.0,291.0,4.0,41.0,1.0,1.0,1.0,0.0,0.0,3.0,3.0,4.0,,,,,115225.91,158347.22,0.0,0.0,1.0,0.0
3.0,425.0,4.0,41.0,,0.0,1.0,0.0,2.0,2.0,3.0,6.0,6.0,33.0,0.0,2.0,115225.91,158347.22,0.0,0.0,0.0,6.0
1.0,423.0,4.0,41.0,,1.0,1.0,,,,,,10.0,10.0,1.0,2.0,115225.91,158347.22,0.0,0.0,0.0,10.0
7.0,335.0,4.0,41.0,2.0,1.0,1.0,0.0,0.0,0.0,0.0,0.0,,,,,115225.91,158347.22,0.0,0.0,1.0,0.0
5.0,202.0,4.0,41.0,1.0,2.0,0.0,3.0,1.0,3.0,3.0,18.0,,,,,115225.91,158347.22,0.0,0.0,1.0,0.0
7.0,289.0,4.0,41.0,1.0,1.0,1.0,0.0,0.0,0.0,4.0,8.0,,,,,115225.91,158347.22,0.0,0.0,1.0,0.0
2.0,4.541471e+07,4.0,41.0,1.0,0.0,0.0,,,10.0,0.0,0.0,12.0,19.0,1.0,6.0,115225.91,158347.22,0.0,0.0,0.0,6.0
7.0,285.0,4.0,41.0,1.0,1.0,1.0,0.0,0.0,0.0,0.0,10.0,,,,,115225.91,158347.22,0.0,0.0,1.0,0.0
5.0,199.0,4.0,41.0,1.0,1.0,1.0,3.0,0.0,1.0,0.0,3.0,,,,,115225.91,158347.22,0.0,0.0,1.0,0.0
7.0,337.0,4.0,41.0,2.0,2.0,1.0,2.0,0.0,1.0,1.0,1.0,,,,,115225.91,158347.22,0.0,0.0,1.0,0.0
2.0,5.427373e+06,1.0,42.0,1.0,0.0,0.0,2.0,,15.0,1.0,0.0,20.0,15.0,0.0,,95701.3,208040.19,0.0,0.0,0.0,4.0
4.0,17.0,1.0,42.0,1.0,1.0,1.0,2.0,0.0,1.0,2.0,11.0,3.0,11.0,,2.0,95701.3,208040.19,0.0,0.0,1.0,2.0
3.0,118.0,1.0,42.0,,1.0,0.0,0.0,0.0,1.0,0.0,2.0,4.0,40.0,0.0,2.0,95701.3,208040.19,0.0,0.0,0.0,2.0
6.0,46.0,1.0,42.0,1.0,1.0,1.0,0.0,0.0,1.0,0.0,4.0,,,,,95701.3,208040.19,0.0,0.0,1.0,1.0
6.0,48.0,1.0,42.0,1.0,1.0,0.0,0.0,0.0,2.0,0.0,10.0,,,,,95701.3,208040.19,0.0,0.0,1.0,0.0
5.0,23.0,1.0,42.0,1.0,1.0,0.0,1.0,0.0,1.0,1.0,6.0,,,,,95701.3,208040.19,0.0,0.0,1.0,0.0
5.0,21.0,1.0,42.0,1.0,1.0,1.0,1.0,0.0,1.0,2.0,10.0,,,,,95701.3,208040.19,0.0,0.0,1.0,0.0
4.0,16.0,1.0,42.0,1.0,1.0,0.0,1.0,0.0,0.0,0.0,5.0,5.0,10.0,,,95701.3,208040.19,0.0,0.0,1.0,0.0
6.0,51.0,1.0,42.0,1.0,1.0,1.0,1.0,0.0,1.0,1.0,20.0,,,,,95701.3,208040.19,0.0,0.0,1.0,0.0
7.0,33.0,1.0,42.0,1.0,1.0,1.0,0.0,0.0,0.0,1.0,12.0,,,,,95701.3,208040.19,0.0,0.0,1.0,0.0
7.0,31.0,1.0,42.0,1.0,1.0,0.0,2.0,0.0,2.0,2.0,10.0,,,,,95701.3,208040.19,0.0,0.0,1.0,1.0
1.0,116.0,1.0,42.0,,1.0,1.0,,,,,,8.0,8.0,1.0,1.0,95701.3,208040.19,0.0,0.0,0.0,8.0
2.0,5.424363e+06,1.0,42.0,1.0,0.0,1.0,0.0,0.0,2.0,1.0,0.0,4.0,21.0,1.0,0.0,95701.3,208040.19,0.0,0.0,0.0,0.0
4.0,18.0,1.0,42.0,1.0,2.0,1.0,0.0,0.0,0.0,0.0,4.0,12.0,25.0,,,95701.3,208040.19,0.0,0.0,1.0,1.0
6.0,50.0,1.0,42.0,2.0,1.0,1.0,1.0,0.0,0.0,1.0,12.0,,,,,95701.3,208040.19,0.0,0.0,1.0,0.0
1.0,117.0,1.0,42.0,,0.0,1.0,,,,,,11.0,9.0,0.0,3.0,95701.3,208040.19,0.0,0.0,0.0,9.0
3.0,102.0,1.0,42.0,,1.0,1.0,0.0,0.0,0.0,0.0,0.0,0.0,0.0,0.0,0.0,95701.3,208040.19,0.0,0.0,0.0,1.0
6.0,45.0,1.0,42.0,2.0,1.0,0.0,0.0,0.0,0.0,5.0,0.0,,,,,95701.3,208040.19,0.0,0.0,1.0,0.0
7.0,30.0,1.0,42.0,1.0,1.0,1.0,0.0,0.0,1.0,0.0,0.0,,,,,95701.3,208040.19,0.0,0.0,1.0,0.0
6.0,47.0,1.0,42.0,1.0,2.0,0.0,2.0,0.0,3.0,3.0,10.0,,,,,95701.3,208040.19,0.0,0.0,1.0,0.0
5.0,41.0,1.0,42.0,3.0,1.0,0.0,0.0,0.0,0.0,1.0,10.0,,,,,95701.3,208040.19,0.0,0.0,1.0,0.0
7.0,32.0,1.0,42.0,1.0,1.0,1.0,0.0,0.0,1.0,3.0,7.0,,,,,95701.3,208040.19,0.0,0.0,1.0,0.0
5.0,22.0,1.0,42.0,1.0,1.0,1.0,1.0,0.0,2.0,2.0,3.0,,,,,95701.3,208040.19,0.0,0.0,1.0,0.0
1.0,118.0,1.0,42.0,,1.0,1.0,,,,,,5.0,35.0,1.0,1.0,95701.3,208040.19,0.0,0.0,0.0,4.0
7.0,59.0,1.0,42.0,2.0,1.0,1.0,0.0,0.0,1.0,0.0,2.0,,,,,95701.3,208040.19,0.0,0.0,1.0,0.0
1.0,102.0,1.0,42.0,,1.0,0.0,,,,,,1.0,1.0,0.0,1.0,95701.3,208040.19,0.0,0.0,0.0,1.0
6.0,49.0,1.0,42.0,1.0,1.0,1.0,3.0,0.0,0.0,3.0,20.0,,,,,95701.3,208040.19,0.0,0.0,1.0,0.0
2.0,5.424019e+06,1.0,42.0,1.0,0.0,1.0,1.0,0.0,0.0,0.0,0.0,9.0,9.0,,0.0,95701.3,208040.19,0.0,0.0,0.0,0.0
3.0,117.0,1.0,42.0,,0.0,1.0,0.0,0.0,0.0,1.0,7.0,11.0,7.0,0.0,2.0,95701.3,208040.19,0.0,0.0,0.0,7.0
4.0,305.0,1.0,42.0,3.0,2.0,1.0,1.0,0.0,0.0,1.0,1.0,,2.0,,,95701.3,208040.19,0.0,0.0,1.0,0.0
3.0,116.0,1.0,42.0,,1.0,1.0,1.0,0.0,3.0,2.0,7.0,7.0,7.0,0.0,4.0,95701.3,208040.19,0.0,0.0,0.0,7.0
5.0,204.0,4.0,44.0,1.0,1.0,0.0,2.0,0.0,2.0,6.0,4.0,,,,,118947.61,122929.875,0.0,0.0,1.0,0.0
6.0,304.0,4.0,44.0,1.0,1.0,0.0,2.0,1.0,2.0,2.0,2.0,,,,,118947.61,122929.875,0.0,0.0,1.0,0.0
4.0,324.0,4.0,44.0,3.0,2.0,0.0,0.0,0.0,1.0,2.0,2.0,,4.0,,0.0,118947.61,122929.875,0.0,0.0,1.0,0.0
7.0,298.0,4.0,44.0,1.0,1.0,0.0,1.0,1.0,2.0,1.0,15.0,,,,,118947.61,122929.875,0.0,0.0,1.0,0.0
2.0,4.5447184e+07,4.0,44.0,1.0,0.0,1.0,3.0,,3.0,0.0,0.0,6.0,35.0,1.0,3.0,118947.61,122929.875,0.0,0.0,0.0,6.0
7.0,296.0,4.0,44.0,1.0,1.0,0.0,3.0,0.0,4.0,1.0,2.0,,,,,118947.61,122929.875,0.0,0.0,1.0,0.0
7.0,341.0,4.0,44.0,2.0,1.0,0.0,0.0,1.0,3.0,3.0,3.0,,,,,118947.61,122929.875,0.0,0.0,1.0,0.0
6.0,303.0,4.0,44.0,1.0,1.0,0.0,0.0,3.22,14.0,1.61,14.0,,,,,118947.61,122929.875,0.0,0.0,1.0,0.0
3.0,417.0,4.0,44.0,,0.0,0.0,3.0,0.0,30.0,20.0,49.0,6.0,24.0,0.0,3.0,118947.61,122929.875,0.0,0.0,0.0,6.0
4.0,130.0,4.0,44.0,1.0,2.0,0.0,3.0,0.0,3.0,3.0,30.0,30.0,60.0,,,118947.61,122929.875,0.0,0.0,1.0,0.0
7.0,297.0,4.0,44.0,1.0,1.0,0.0,4.0,1.0,3.0,3.0,15.0,,,,,118947.61,122929.875,0.0,0.0,1.0,0.0
6.0,308.0,4.0,44.0,1.0,1.0,0.0,0.0,0.0,0.0,0.0,24.0,,,,,118947.61,122929.875,0.0,0.0,1.0,0.0
1.0,419.0,4.0,44.0,,0.0,0.0,,,,,,9.0,20.0,1.0,3.0,118947.61,122929.875,0.0,0.0,0.0,9.0
6.0,302.0,4.0,44.0,2.0,1.0,0.0,1.0,1.0,1.0,1.0,1.0,,,,,118947.61,122929.875,0.0,0.0,1.0,0.0
2.0,4.5448016e+07,4.0,44.0,1.0,,0.0,10.0,0.0,1.0,0.0,1.0,12.0,25.0,0.0,,118947.61,122929.875,0.0,0.0,0.0,2.0
7.0,340.0,4.0,44.0,2.0,1.0,1.0,0.0,1.0,1.0,1.0,1.0,,,,,118947.61,122929.875,0.0,0.0,1.0,0.0
5.0,206.0,4.0,44.0,1.0,1.0,0.0,2.0,0.0,1.0,2.0,20.0,,,,,118947.61,122929.875,0.0,0.0,1.0,0.0
5.0,238.0,4.0,44.0,3.0,1.0,0.0,0.0,0.0,1.0,2.0,2.0,,,,,118947.61,122929.875,0.0,0.0,1.0,0.0
6.0,307.0,4.0,44.0,1.0,1.0,0.0,3.0,1.0,9.0,3.0,9.0,,,,,118947.61,122929.875,0.0,0.0,1.0,0.0
4.0,131.0,4.0,44.0,1.0,2.0,1.0,4.0,0.0,2.0,2.0,4.0,4.0,20.0,,,118947.61,122929.875,0.0,0.0,1.0,0.0
5.0,203.0,4.0,44.0,1.0,1.0,0.0,0.0,0.0,7.0,7.0,3.0,,,,,118947.61,122929.875,0.0,0.0,1.0,0.0
6.0,306.0,4.0,44.0,2.0,1.0,0.0,0.0,0.0,1.0,0.0,0.0,,,,,118947.61,122929.875,0.0,0.0,1.0,0.0
2.0,4.5441932e+07,4.0,44.0,1.0,0.0,0.0,,,2.0,0.0,0.0,12.0,12.0,1.0,,118947.61,122929.875,0.0,0.0,0.0,1.0
1.0,407.0,4.0,44.0,,1.0,1.0,,,,,,0.0,1.0,1.0,1.0,118947.61,122929.875,0.0,0.0,0.0,1.0
4.0,128.0,4.0,44.0,1.0,1.0,1.0,1.0,0.0,1.0,3.0,16.1,16.1,16.1,,,118947.61,122929.875,0.0,0.0,1.0,0.0
3.0,407.0,4.0,44.0,,1.0,1.0,0.0,0.0,0.0,0.0,0.0,0.0,0.0,1.0,0.0,118947.61,122929.875,0.0,0.0,0.0,0.0
6.0,309.0,4.0,44.0,1.0,1.0,0.0,0.0,0.0,0.0,0.0,15.0,,,,,118947.61,122929.875,0.0,0.0,1.0,0.0
7.0,293.0,4.0,44.0,1.0,1.0,0.0,1.0,1.0,3.0,2.0,9.0,,,,,118947.61,122929.875,0.0,0.0,1.0,0.0
1.0,418.0,4.0,44.0,,0.0,0.0,,,,,,9.0,9.0,0.0,2.0,118947.61,122929.875,0.0,0.0,0.0,9.0
5.0,205.0,4.0,44.0,1.0,1.0,0.0,0.0,0.0,3.0,3.0,10.0,,,,,118947.61,122929.875,0.0,0.0,1.0,0.0
3.0,419.0,4.0,44.0,,0.0,1.0,0.0,0.0,0.0,0.0,0.0,10.0,22.0,1.0,2.0,118947.61,122929.875,0.0,0.0,0.0,10.0
6.0,305.0,4.0,44.0,1.0,1.0,0.0,0.0,0.0,8.0,2.0,10.0,,,,,118947.61,122929.875,0.0,0.0,1.0,0.0
3.0,418.0,4.0,44.0,,0.0,0.0,0.0,0.0,2.0,0.0,10.0,10.0,10.0,0.0,2.0,118947.61,122929.875,0.0,0.0,0.0,10.0
1.0,417.0,4.0,44.0,,0.0,0.0,,,,,,4.0,20.0,1.0,1.0,118947.61,122929.875,0.0,0.0,0.0,4.0
7.0,294.0,4.0,44.0,1.0,1.0,1.0,1.0,0.0,0.0,2.0,7.0,,,,,118947.61,122929.875,0.0,0.0,1.0,0.0
4.0,129.0,4.0,44.0,1.0,2.0,0.0,0.0,0.0,0.0,0.0,10.0,10.0,35.0,,,118947.61,122929.875,0.0,0.0,1.0,0.0
7.0,299.0,4.0,44.0,1.0,1.0,0.0,3.0,0.0,2.0,2.0,15.0,,,,,118947.61,122929.875,0.0,0.0,1.0,0.0
7.0,295.0,4.0,44.0,1.0,1.0,1.0,1.0,0.0,1.0,1.0,20.0,,,,,118947.61,122929.875,0.0,0.0,1.0,0.0
3.0,403.0,4.0,47.0,,0.0,0.0,0.0,1.0,3.0,1.0,2.0,2.0,15.0,1.0,1.0,110140.45,188975.33,0.0,0.0,0.0,3.0
4.0,541.0,4.0,47.0,3.0,2.0,0.0,1.0,0.0,0.0,2.0,1.0,,9.0,,,110140.45,188975.33,0.0,0.0,1.0,0.0
7.0,301.0,4.0,47.0,1.0,1.0,1.0,0.0,0.0,2.0,2.0,2.0,,,,,110140.45,188975.33,0.0,0.0,1.0,0.0
7.0,303.0,4.0,47.0,1.0,1.0,0.0,3.0,0.0,2.0,2.0,0.0,,,,,110140.45,188975.33,0.0,0.0,1.0,0.0
6.0,324.0,4.0,47.0,2.0,1.0,1.0,0.0,0.0,1.0,2.0,3.0,,,,,110140.45,188975.33,0.0,0.0,1.0,0.0
5.0,226.0,4.0,47.0,2.0,1.0,0.0,0.0,0.0,0.0,0.0,1.0,,,,,110140.45,188975.33,0.0,0.0,1.0,0.0
7.0,304.0,4.0,47.0,1.0,1.0,0.0,2.0,0.0,2.0,1.0,0.0,,,,,110140.45,188975.33,0.0,0.0,1.0,0.0
6.0,321.0,4.0,47.0,3.0,1.0,1.0,1.0,0.0,1.0,1.0,4.0,,,,,110140.45,188975.33,0.0,0.0,1.0,0.0
6.0,322.0,4.0,47.0,1.0,1.0,0.0,0.0,0.0,2.0,1.0,42.0,,,,,110140.45,188975.33,0.0,0.0,1.0,0.0
7.0,353.0,4.0,47.0,3.0,1.0,1.0,0.0,0.0,2.0,1.0,3.0,,,,,110140.45,188975.33,0.0,0.0,1.0,0.0
6.0,317.0,4.0,47.0,3.0,2.0,1.0,0.0,0.0,1.0,1.0,1.0,,,,,110140.45,188975.33,0.0,0.0,1.0,0.0
7.0,343.0,4.0,47.0,2.0,1.0,1.0,4.0,1.0,2.0,2.0,25.0,,,,,110140.45,188975.33,0.0,0.0,1.0,0.0
3.0,402.0,4.0,47.0,,0.0,1.0,0.0,0.0,0.0,1.0,1.0,0.0,0.0,1.0,6.0,110140.45,188975.33,0.0,0.0,0.0,2.0
4.0,547.0,4.0,47.0,3.0,2.0,0.0,0.0,0.0,1.0,1.0,0.0,,3.0,,,110140.45,188975.33,0.0,0.0,1.0,0.0
7.0,342.0,4.0,47.0,2.0,1.0,1.0,0.0,0.0,0.0,0.0,10.0,,,,,110140.45,188975.33,0.0,0.0,1.0,0.0
7.0,355.0,4.0,47.0,3.0,2.0,1.0,0.0,0.0,0.0,0.0,2.0,,,,,110140.45,188975.33,0.0,0.0,1.0,0.0
5.0,209.0,4.0,47.0,1.0,1.0,1.0,0.0,0.0,0.0,2.0,40.0,,,,,110140.45,188975.33,0.0,0.0,1.0,0.0
5.0,228.0,4.0,47.0,2.0,1.0,0.0,0.0,0.0,0.0,0.0,2.0,,,,,110140.45,188975.33,0.0,0.0,1.0,0.0
5.0,231.0,4.0,47.0,4.0,1.0,1.0,0.0,0.0,1.0,1.0,1.0,,,,,110140.45,188975.33,0.0,0.0,1.0,0.0
7.0,351.0,4.0,47.0,3.0,1.0,1.0,0.0,0.0,1.0,1.0,2.0,,,,,110140.45,188975.33,0.0,0.0,1.0,0.0
7.0,300.0,4.0,47.0,1.0,1.0,1.0,0.0,1.0,1.0,1.0,34.0,,,,,110140.45,188975.33,0.0,0.0,1.0,0.0
1.0,404.0,4.0,47.0,,0.0,1.0,,,,,,7.0,1.0,0.0,1.0,110140.45,188975.33,0.0,0.0,0.0,1.0
6.0,318.0,4.0,47.0,3.0,1.0,1.0,0.0,0.0,0.0,1.0,5.0,,,,,110140.45,188975.33,0.0,0.0,1.0,1.0
6.0,310.0,4.0,47.0,1.0,1.0,1.0,6.0,1.0,1.0,1.0,12.0,,,,,110140.45,188975.33,0.0,0.0,1.0,0.0
1.0,432.0,4.0,47.0,,0.0,1.0,,,,,,10.0,22.0,1.0,1.0,110140.45,188975.33,0.0,0.0,0.0,10.0
5.0,229.0,4.0,47.0,1.0,1.0,0.0,0.0,0.0,0.0,0.0,1.0,,,,,110140.45,188975.33,0.0,0.0,1.0,0.0
7.0,354.0,4.0,47.0,3.0,2.0,0.0,0.0,0.0,1.0,1.0,3.0,,,,,110140.45,188975.33,0.0,0.0,1.0,0.0
3.0,401.0,4.0,47.0,,0.0,1.0,0.0,0.0,0.0,0.0,0.0,0.0,0.0,1.0,4.0,110140.45,188975.33,0.0,0.0,0.0,2.0
3.0,404.0,4.0,47.0,,0.0,1.0,0.0,0.0,0.0,0.0,1.0,4.0,1.0,0.0,1.0,110140.45,188975.33,0.0,0.0,0.0,1.0
7.0,356.0,4.0,47.0,3.0,1.0,1.0,0.0,0.0,0.0,0.0,0.0,,,,,110140.45,188975.33,0.0,0.0,1.0,0.0
3.0,431.0,4.0,47.0,,0.0,1.0,2.0,0.0,0.0,1.0,3.0,3.0,40.0,0.0,2.0,110140.45,188975.33,0.0,0.0,0.0,3.0
4.0,141.0,4.0,47.0,1.0,2.0,0.0,0.0,1.0,1.0,1.0,28.0,8.0,90.0,,,110140.45,188975.33,0.0,0.0,1.0,0.0
6.0,313.0,4.0,47.0,2.0,1.0,0.0,0.0,0.0,1.0,0.0,7.0,,,,,110140.45,188975.33,0.0,0.0,1.0,0.0
1.0,431.0,4.0,47.0,,0.0,1.0,,,,,,3.0,46.0,0.0,2.0,110140.45,188975.33,0.0,0.0,0.0,4.0
4.0,542.0,4.0,47.0,5.0,1.0,0.0,1.0,0.0,3.0,2.0,5.0,,9.0,,,110140.45,188975.33,0.0,0.0,1.0,0.0
5.0,210.0,4.0,47.0,1.0,1.0,1.0,3.0,1.0,2.0,1.0,16.0,,,,,110140.45,188975.33,0.0,0.0,1.0,1.0
7.0,305.0,4.0,47.0,1.0,1.0,1.0,2.0,0.0,0.0,0.0,9.0,,,,,110140.45,188975.33,0.0,0.0,1.0,0.0
6.0,315.0,4.0,47.0,2.0,1.0,1.0,0.0,0.0,0.0,0.0,3.0,,,,,110140.45,188975.33,0.0,0.0,1.0,0.0
4.0,543.0,4.0,47.0,3.0,2.0,0.0,0.0,0.0,0.0,0.0,0.0,,5.0,,,110140.45,188975.33,0.0,0.0,1.0,0.0
6.0,311.0,4.0,47.0,1.0,1.0,1.0,1.0,0.0,0.0,0.0,10.0,,,,,110140.45,188975.33,0.0,0.0,1.0,0.0
7.0,352.0,4.0,47.0,3.0,2.0,1.0,0.0,0.0,1.0,1.0,3.0,,,,,110140.45,188975.33,0.0,0.0,1.0,0.0
7.0,357.0,4.0,47.0,3.0,1.0,1.0,0.0,0.0,0.0,0.0,1.0,,,,,110140.45,188975.33,0.0,0.0,1.0,0.0
4.0,142.0,4.0,47.0,1.0,1.0,0.0,0.0,0.0,2.0,1.0,6.44,6.44,32.2,,,110140.45,188975.33,0.0,0.0,1.0,0.0
6.0,326.0,4.0,47.0,3.0,1.0,0.0,0.0,0.0,0.0,0.0,0.0,,,,,110140.45,188975.33,0.0,0.0,1.0,0.0
5.0,232.0,4.0,47.0,2.0,1.0,1.0,0.0,0.0,0.0,2.0,2.0,,,,,110140.45,188975.33,0.0,0.0,1.0,0.0
4.0,546.0,4.0,47.0,5.0,1.0,0.0,1.0,1.0,1.0,2.0,5.0,,10.0,,,110140.45,188975.33,0.0,0.0,1.0,1.0
6.0,314.0,4.0,47.0,1.0,1.0,1.0,1.0,0.0,0.0,2.0,6.0,,,,,110140.45,188975.33,0.0,0.0,1.0,0.0
5.0,227.0,4.0,47.0,1.0,1.0,1.0,0.0,0.0,1.61,1.61,3.22,,,,,110140.45,188975.33,0.0,0.0,1.0,0.0
5.0,207.0,4.0,47.0,1.0,1.0,1.0,2.0,0.0,1.0,2.0,15.0,,,,,110140.45,188975.33,0.0,0.0,1.0,0.0
3.0,432.0,4.0,47.0,,0.0,1.0,0.0,0.0,0.0,0.0,12.0,12.0,22.0,1.0,0.0,110140.45,188975.33,0.0,0.0,0.0,12.0
5.0,208.0,4.0,47.0,1.0,1.0,1.0,2.0,0.0,1.0,1.0,10.0,,,,,110140.45,188975.33,0.0,0.0,1.0,0.0
2.0,5.047302e+07,4.0,47.0,1.0,0.0,1.0,0.0,0.0,0.0,1.0,0.0,15.0,25.0,1.0,0.0,110140.45,188975.33,0.0,0.0,0.0,0.0
1.0,403.0,4.0,47.0,,0.0,1.0,,,,,,1.0,19.0,0.0,1.0,110140.45,188975.33,0.0,0.0,0.0,3.0
5.0,230.0,4.0,47.0,2.0,1.0,0.0,0.0,0.0,0.0,0.0,1.0,,,,,110140.45,188975.33,0.0,0.0,1.0,0.0
2.0,5.047646e+07,4.0,47.0,1.0,0.0,1.0,1.0,1.0,1.0,0.0,0.0,4.0,48.0,0.0,0.0,110140.45,188975.33,0.0,0.0,0.0,0.0
7.0,302.0,4.0,47.0,1.0,1.0,1.0,0.0,0.0,0.0,3.0,10.0,,,,,110140.45,188975.33,0.0,0.0,1.0,0.0
6.0,316.0,4.0,47.0,3.0,1.0,1.0,0.0,0.0,0.0,1.0,1.0,,,,,110140.45,188975.33,0.0,0.0,1.0,0.0
7.0,358.0,4.0,47.0,3.0,1.0,1.0,0.0,0.0,0.0,0.0,0.0,,,,,110140.45,188975.33,0.0,0.0,1.0,0.0
6.0,319.0,4.0,47.0,3.0,2.0,1.0,1.0,0.0,1.0,1.0,3.0,,,,,110140.45,188975.33,0.0,0.0,1.0,0.0
6.0,320.0,4.0,47.0,3.0,1.0,1.0,1.0,0.0,1.0,2.0,3.0,,,,,110140.45,188975.33,0.0,0.0,1.0,0.0
4.0,544.0,4.0,47.0,3.0,2.0,0.0,0.0,0.0,4.0,0.0,0.0,,2.0,,,110140.45,188975.33,0.0,0.0,1.0,0.0
6.0,312.0,4.0,47.0,3.0,1.0,1.0,0.0,0.0,0.0,4.0,5.0,,,,,110140.45,188975.33,0.0,0.0,1.0,0.0
6.0,323.0,4.0,47.0,1.0,2.0,0.0,9.0,0.0,2.0,5.0,26.0,,,,,110140.45,188975.33,0.0,0.0,1.0,1.0
7.0,350.0,4.0,47.0,3.0,2.0,0.0,1.0,0.0,0.0,2.0,2.0,,,,,110140.45,188975.33,0.0,0.0,1.0,0.0
6.0,327.0,4.0,47.0,3.0,2.0,1.0,0.0,0.0,0.0,0.0,1.0,,,,,110140.45,188975.33,0.0,0.0,1.0,0.0
1.0,401.0,4.0,47.0,,0.0,1.0,,,,,,0.0,0.0,1.0,1.0,110140.45,188975.33,0.0,0.0,0.0,2.0
4.0,545.0,4.0,47.0,3.0,2.0,0.0,0.0,0.0,4.0,3.0,4.0,,5.0,,,110140.45,188975.33,0.0,0.0,1.0,0.0
4.0,140.0,4.0,47.0,1.0,2.0,1.0,0.0,0.0,0.0,2.0,6.0,6.0,25.0,,,110140.45,188975.33,0.0,0.0,1.0,0.0
6.0,325.0,4.0,47.0,2.0,1.0,0.0,0.0,0.0,1.0,1.0,5.0,,,,,110140.45,188975.33,0.0,0.0,1.0,0.0
1.0,402.0,4.0,47.0,,0.0,1.0,,,,,,4.0,4.0,1.0,4.0,110140.45,188975.33,0.0,0.0,0.0,3.0
1.0,531.0,5.0,49.0,,0.0,1.0,,,,,,5.0,17.0,1.0,4.0,266759.1,152673.62,1.0,1.0,0.0,5.0
5.0,262.0,5.0,49.0,1.0,1.0,0.0,0.0,0.0,1.0,6.0,6.0,,,,,266759.1,152673.62,1.0,1.0,1.0,2.0
2.0,8.549947e+07,5.0,49.0,1.0,0.0,1.0,1.0,0.0,1.0,0.0,0.0,12.0,12.0,0.0,1.0,266759.1,152673.62,1.0,1.0,0.0,1.0
1.0,533.0,5.0,49.0,,0.0,1.0,,,,,,0.0,40.0,1.0,0.0,266759.1,152673.62,1.0,1.0,0.0,
4.0,203.0,5.0,49.0,1.0,2.0,1.0,0.0,0.0,0.0,0.0,6.0,6.0,80.0,,,266759.1,152673.62,1.0,1.0,1.0,0.0
4.0,419.0,5.0,49.0,4.0,1.0,1.0,0.0,0.0,0.0,1.0,1.0,,28.0,,,266759.1,152673.62,1.0,1.0,1.0,0.0
3.0,533.0,5.0,49.0,,0.0,1.0,0.0,0.0,0.0,0.0,11.0,0.0,40.0,1.0,0.0,266759.1,152673.62,1.0,1.0,0.0,0.0
1.0,530.0,5.0,49.0,,1.0,0.0,,,,,,5.0,20.0,1.0,1.0,266759.1,152673.62,1.0,1.0,0.0,5.0
3.0,532.0,5.0,49.0,,0.0,1.0,0.0,2.0,2.0,2.0,6.0,6.0,6.0,0.0,2.0,266759.1,152673.62,1.0,1.0,0.0,6.0
1.0,532.0,5.0,49.0,,0.0,1.0,,,,,,6.0,7.0,0.0,2.0,266759.1,152673.62,1.0,1.0,0.0,2.0
3.0,531.0,5.0,49.0,,0.0,1.0,0.0,0.0,1.0,0.0,6.0,6.0,20.0,0.0,1.0,266759.1,152673.62,1.0,1.0,0.0,1.0
5.0,299.0,5.0,49.0,3.0,1.0,0.0,1.0,0.0,0.0,1.0,0.0,,,,,266759.1,152673.62,1.0,1.0,1.0,0.0
2.0,8.549061e+07,5.0,49.0,1.0,0.0,0.0,0.0,0.0,0.0,1.0,0.0,7.0,18.0,0.0,0.0,266759.1,152673.62,1.0,1.0,0.0,0.0
2.0,8.549617e+07,5.0,49.0,1.0,0.0,1.0,0.0,0.0,0.0,0.0,0.0,6.0,16.0,0.0,0.0,266759.1,152673.62,1.0,1.0,0.0,0.0
3.0,530.0,5.0,49.0,,1.0,1.0,0.0,0.0,0.0,0.0,6.0,6.0,30.0,1.0,0.0,266759.1,152673.62,1.0,1.0,0.0,0.0
2.0,8.549772e+07,5.0,49.0,1.0,0.0,0.0,2.0,0.0,0.0,0.0,0.0,3.0,11.0,1.0,1.0,266759.1,152673.62,1.0,1.0,0.0,1.0
2.0,8.549082e+07,5.0,49.0,1.0,0.0,0.0,,1.0,1.0,0.0,0.0,1.0,35.0,0.0,,266759.1,152673.62,1.0,1.0,0.0,0.0
4.0,201.0,5.0,49.0,1.0,2.0,1.0,0.0,0.0,0.0,14.0,14.0,14.0,45.0,,,266759.1,152673.62,1.0,1.0,1.0,0.0
5.0,261.0,5.0,49.0,1.0,1.0,0.0,0.0,0.0,3.0,3.0,15.0,,,,,266759.1,152673.62,1.0,1.0,1.0,1.0
5.0,311.0,5.0,49.0,4.0,1.0,0.0,0.0,0.0,0.0,0.0,0.0,,,,,266759.1,152673.62,1.0,1.0,1.0,0.0
4.0,202.0,5.0,49.0,1.0,2.0,0.0,3.0,0.0,1.0,1.0,5.0,4.83,16.1,,,266759.1,152673.62,1.0,1.0,1.0,0.0
7.0,311.0,4.0,50.0,1.0,1.0,1.0,0.0,0.0,0.0,0.0,4.0,,,,,130638.18,91136.766,0.0,0.0,1.0,0.0
1.0,405.0,4.0,50.0,,0.0,1.0,,,,,,0.0,0.0,1.0,1.0,130638.18,91136.766,0.0,0.0,0.0,1.0
7.0,312.0,4.0,50.0,1.0,1.0,1.0,2.0,0.0,2.0,2.0,2.0,,,,,130638.18,91136.766,0.0,0.0,1.0,0.0
3.0,411.0,4.0,50.0,,1.0,0.0,0.0,0.0,0.0,2.0,8.0,9.0,16.0,0.0,2.0,130638.18,91136.766,0.0,0.0,0.0,9.0
3.0,412.0,4.0,50.0,,1.0,0.0,0.0,0.0,0.0,3.0,5.0,5.0,14.0,0.0,3.0,130638.18,91136.766,0.0,0.0,0.0,5.0
2.0,5.5507184e+07,4.0,50.0,1.0,0.0,1.0,3.0,0.0,2.0,0.0,0.0,3.0,13.0,1.0,0.0,130638.18,91136.766,0.0,0.0,0.0,0.0
5.0,214.0,4.0,50.0,1.0,1.0,1.0,3.0,0.0,4.0,7.0,7.0,,,,,130638.18,91136.766,0.0,0.0,1.0,0.0
7.0,307.0,4.0,50.0,1.0,2.0,1.0,4.0,0.0,5.0,5.0,32.0,,,,,130638.18,91136.766,0.0,0.0,1.0,0.0
7.0,308.0,4.0,50.0,1.0,1.0,1.0,2.0,0.0,2.0,2.0,2.0,,,,,130638.18,91136.766,0.0,0.0,1.0,0.0
2.0,5.5509416e+07,4.0,50.0,1.0,0.0,,2.0,0.0,1.0,0.0,0.0,10.0,18.0,1.0,,130638.18,91136.766,0.0,0.0,0.0,1.0
4.0,152.0,4.0,50.0,1.0,2.0,0.0,3.0,0.0,0.0,1.0,2.0,3.0,22.0,,,130638.18,91136.766,0.0,0.0,1.0,0.0
3.0,413.0,4.0,50.0,,0.0,1.0,0.0,0.0,0.0,0.0,2.0,1.0,1.0,1.0,6.0,130638.18,91136.766,0.0,0.0,0.0,2.0
7.0,345.0,4.0,50.0,2.0,1.0,1.0,0.0,0.0,0.0,0.0,14.0,,,,,130638.18,91136.766,0.0,0.0,1.0,0.0
6.0,334.0,4.0,50.0,2.0,1.0,0.0,0.0,0.0,0.0,0.0,2.0,,,,,130638.18,91136.766,0.0,0.0,1.0,3.0
3.0,405.0,4.0,50.0,,0.0,1.0,0.0,0.0,0.0,0.0,0.0,0.0,0.0,1.0,4.0,130638.18,91136.766,0.0,0.0,0.0,1.0
1.0,412.0,4.0,50.0,,1.0,0.0,,,,,,10.0,20.0,1.0,1.0,130638.18,91136.766,0.0,0.0,0.0,10.0
6.0,329.0,4.0,50.0,1.0,1.0,1.0,3.0,0.0,0.0,4.0,25.0,,,,,130638.18,91136.766,0.0,0.0,1.0,0.0
5.0,245.0,4.0,50.0,2.0,2.0,0.0,8.0,0.0,0.0,0.0,0.0,,,,,130638.18,91136.766,0.0,0.0,1.0,0.0
3.0,414.0,4.0,50.0,,0.0,1.0,1.0,0.0,1.0,2.0,2.0,2.0,10.0,0.0,1.0,130638.18,91136.766,0.0,0.0,0.0,2.0
4.0,153.0,4.0,50.0,1.0,2.0,0.0,3.0,0.0,4.0,4.0,10.0,10.0,10.0,,,130638.18,91136.766,0.0,0.0,1.0,0.0
6.0,331.0,4.0,50.0,1.0,1.0,0.0,2.0,0.0,2.0,3.0,10.0,,,,,130638.18,91136.766,0.0,0.0,1.0,0.0
5.0,215.0,4.0,50.0,1.0,1.0,0.0,1.0,0.0,2.0,2.0,23.0,,,,,130638.18,91136.766,0.0,0.0,1.0,0.0
4.0,151.0,4.0,50.0,1.0,2.0,0.0,0.0,1.0,1.61,2.0,2.0,7.0,26.0,,,130638.18,91136.766,0.0,0.0,1.0,0.0
6.0,330.0,4.0,50.0,2.0,1.0,1.0,0.0,0.0,0.0,0.0,9.0,,,,,130638.18,91136.766,0.0,0.0,1.0,0.0
7.0,310.0,4.0,50.0,1.0,1.0,1.0,1.0,0.0,2.0,2.0,2.0,,,,,130638.18,91136.766,0.0,0.0,1.0,0.0
7.0,309.0,4.0,50.0,1.0,1.0,1.0,0.0,0.0,0.0,2.0,2.0,,,,,130638.18,91136.766,0.0,0.0,1.0,0.0
5.0,239.0,4.0,50.0,3.0,1.0,1.0,0.0,0.0,0.0,0.0,0.0,,,,,130638.18,91136.766,0.0,0.0,1.0,0.0
7.0,306.0,4.0,50.0,1.0,1.0,1.0,0.0,0.0,0.0,0.0,13.0,,,,,130638.18,91136.766,0.0,0.0,1.0,0.0
5.0,212.0,4.0,50.0,1.0,1.0,1.0,0.0,0.0,0.0,3.0,5.0,,,,,130638.18,91136.766,0.0,0.0,1.0,0.0
6.0,333.0,4.0,50.0,1.0,1.0,0.0,8.0,0.0,0.0,2.0,5.0,,,,,130638.18,91136.766,0.0,0.0,1.0,0.0
6.0,337.0,4.0,50.0,1.0,2.0,0.0,2.0,2.0,2.0,2.0,7.0,,,,,130638.18,91136.766,0.0,0.0,1.0,2.0
6.0,336.0,4.0,50.0,1.0,1.0,0.0,0.0,0.0,0.0,0.0,0.0,,,,,130638.18,91136.766,0.0,0.0,1.0,1.0
6.0,335.0,4.0,50.0,1.0,1.0,0.0,3.0,0.0,3.0,3.0,25.0,,,,,130638.18,91136.766,0.0,0.0,1.0,1.0
2.0,5.5503948e+07,4.0,50.0,1.0,0.0,0.0,1.0,,2.0,0.0,0.0,14.0,18.0,0.0,,130638.18,91136.766,0.0,0.0,0.0,8.0
6.0,328.0,4.0,50.0,1.0,1.0,1.0,2.0,0.0,2.0,1.0,12.0,,,,,130638.18,91136.766,0.0,0.0,1.0,0.0
7.0,344.0,4.0,50.0,2.0,1.0,1.0,0.0,0.0,0.0,0.0,0.0,,,,,130638.18,91136.766,0.0,0.0,1.0,0.0
1.0,411.0,4.0,50.0,,1.0,1.0,,,,,,10.0,14.0,1.0,1.0,130638.18,91136.766,0.0,0.0,0.0,1.0
4.0,154.0,4.0,50.0,1.0,1.0,1.0,0.0,0.0,2.0,2.0,4.0,25.0,25.0,,,130638.18,91136.766,0.0,0.0,1.0,0.0
4.0,329.0,4.0,50.0,3.0,2.0,0.0,0.0,0.0,1.0,1.0,2.0,,1.0,,,130638.18,91136.766,0.0,0.0,1.0,0.0
5.0,213.0,4.0,50.0,1.0,1.0,0.0,2.0,0.0,1.0,2.0,2.0,,,,,130638.18,91136.766,0.0,0.0,1.0,0.0
2.0,5.5507944e+07,4.0,50.0,1.0,0.0,1.0,0.0,0.0,0.0,1.0,0.0,4.0,4.0,0.0,0.0,130638.18,91136.766,0.0,0.0,0.0,2.0
6.0,332.0,4.0,50.0,1.0,1.0,0.0,2.0,0.0,0.0,2.0,8.0,,,,,130638.18,91136.766,0.0,0.0,1.0,0.0
1.0,413.0,4.0,50.0,,1.0,1.0,,,,,,1.0,1.0,0.0,0.0,130638.18,91136.766,0.0,0.0,0.0,
4.0,155.0,4.0,50.0,1.0,1.0,0.0,0.0,0.0,2.0,2.0,8.0,8.0,8.0,,,130638.18,91136.766,0.0,0.0,1.0,0.0
7.0,313.0,4.0,50.0,1.0,1.0,1.0,0.0,0.0,0.0,2.0,15.0,,,,,130638.18,91136.766,0.0,0.0,1.0,0.0
5.0,211.0,4.0,50.0,2.0,1.0,1.0,1.0,0.0,1.0,1.0,8.0,,,,,130638.18,91136.766,0.0,0.0,1.0,0.0
1.0,414.0,4.0,50.0,,1.0,0.0,,,,,,1.0,13.0,1.0,1.0,130638.18,91136.766,0.0,0.0,0.0,1.0
5.0,263.0,5.0,52.0,1.0,1.0,1.0,0.0,0.0,0.0,0.0,3.0,,,,,308395.12,190793.38,1.0,1.0,1.0,0.0
1.0,528.0,5.0,52.0,,0.0,1.0,,,,,,5.0,25.0,0.0,1.0,308395.12,190793.38,1.0,1.0,0.0,5.0
3.0,528.0,5.0,52.0,,0.0,0.0,0.0,0.0,2.0,2.0,8.0,8.0,44.0,1.0,2.0,308395.12,190793.38,1.0,1.0,0.0,2.0
2.0,8.552333e+07,5.0,52.0,1.0,0.0,0.0,1.0,0.0,2.0,0.0,0.0,5.0,22.0,1.0,0.0,308395.12,190793.38,1.0,1.0,0.0,0.0
4.0,420.0,5.0,52.0,4.0,1.0,0.0,2.0,0.0,0.0,2.0,2.0,,60.0,,,308395.12,190793.38,1.0,1.0,1.0,0.0
2.0,8.552024e+07,5.0,52.0,1.0,0.0,0.0,3.0,0.0,0.0,1.0,0.0,14.0,12.0,1.0,0.0,308395.12,190793.38,1.0,1.0,0.0,0.0
4.0,204.0,5.0,52.0,1.0,1.0,1.0,0.0,0.0,0.0,0.0,11.0,5.0,11.0,,,308395.12,190793.38,1.0,1.0,1.0,0.0
5.0,264.0,5.0,52.0,1.0,1.0,0.0,0.0,0.0,0.0,3.0,5.0,,,,,308395.12,190793.38,1.0,1.0,1.0,0.0
3.0,529.0,5.0,52.0,,0.0,1.0,2.0,0.0,0.0,0.0,10.0,15.0,10.0,1.0,0.0,308395.12,190793.38,1.0,1.0,0.0,0.0
4.0,341.0,5.0,52.0,3.0,1.0,1.0,0.0,0.0,2.0,1.0,2.0,,1.0,,,308395.12,190793.38,1.0,1.0,1.0,0.0
4.0,205.0,5.0,52.0,1.0,1.0,0.0,0.0,0.0,1.0,3.0,3.0,6.0,32.0,,1.0,308395.12,190793.38,1.0,1.0,1.0,1.0
1.0,529.0,5.0,52.0,,0.0,1.0,,,,,,14.0,10.0,1.0,0.0,308395.12,190793.38,1.0,1.0,0.0,10.0
4.0,91.0,3.0,54.0,1.0,1.0,0.0,5.0,0.0,3.0,1.0,5.0,5.0,40.0,,,26180.674,137688.75,0.0,0.0,1.0,2.0
4.0,90.0,3.0,54.0,1.0,1.0,1.0,3.0,0.0,0.0,0.0,5.0,32.2,9.0,,,26180.674,137688.75,0.0,0.0,1.0,0.0
7.0,188.0,3.0,54.0,1.0,1.0,0.0,0.0,1.0,1.0,1.0,15.0,,,,,26180.674,137688.75,0.0,0.0,1.0,0.0
7.0,189.0,3.0,54.0,1.0,1.0,0.0,0.0,0.0,3.0,3.0,9.0,,,,,26180.674,137688.75,0.0,0.0,1.0,0.0
6.0,224.0,3.0,54.0,1.0,1.0,1.0,2.0,0.0,3.0,2.0,15.0,,,,,26180.674,137688.75,0.0,0.0,1.0,0.0
5.0,126.0,3.0,54.0,1.0,1.0,0.0,0.0,0.0,2.0,2.0,8.0,,,,,26180.674,137688.75,0.0,0.0,1.0,0.0
3.0,340.0,3.0,54.0,,0.0,1.0,0.0,0.0,0.0,0.0,7.0,7.0,20.0,0.0,0.0,26180.674,137688.75,0.0,0.0,0.0,7.0
6.0,225.0,3.0,54.0,1.0,1.0,1.0,2.0,0.0,2.0,2.0,7.0,,,,,26180.674,137688.75,0.0,0.0,1.0,0.0
6.0,222.0,3.0,54.0,1.0,1.0,1.0,0.0,0.0,2.0,1.0,3.0,,,,,26180.674,137688.75,0.0,0.0,1.0,0.0
5.0,188.0,3.0,54.0,4.0,1.0,1.0,0.0,0.0,0.0,0.0,1.0,,,,,26180.674,137688.75,0.0,0.0,1.0,0.0
5.0,127.0,3.0,54.0,1.0,1.0,1.0,1.0,1.0,4.0,2.0,10.0,,,,,26180.674,137688.75,0.0,0.0,1.0,0.0
1.0,340.0,3.0,54.0,,0.0,1.0,,,,,,6.0,20.0,1.0,1.0,26180.674,137688.75,0.0,0.0,0.0,6.0
6.0,223.0,3.0,54.0,2.0,1.0,1.0,1.0,0.0,0.0,1.0,1.0,,,,,26180.674,137688.75,0.0,0.0,1.0,0.0
2.0,4.0545436e+07,3.0,54.0,1.0,0.0,1.0,6.0,0.0,4.0,0.0,0.0,4.0,5.0,1.0,2.0,26180.674,137688.75,0.0,0.0,0.0,1.0
2.0,4.0548704e+07,3.0,54.0,1.0,0.0,0.0,8.0,45.0,3.0,0.0,0.0,10.0,30.0,0.0,,26180.674,137688.75,0.0,0.0,0.0,0.0
5.0,217.0,4.0,55.0,1.0,1.0,1.0,0.0,0.0,0.0,0.0,15.0,,,,,82436.08,111756.836,0.0,0.0,1.0,0.0
4.0,132.0,4.0,55.0,1.0,1.0,1.0,0.0,0.0,2.0,2.0,5.0,,14.0,,,82436.08,111756.836,0.0,0.0,1.0,0.0
6.0,342.0,4.0,55.0,1.0,1.0,0.0,3.0,0.0,3.0,2.0,12.0,,,,,82436.08,111756.836,0.0,0.0,1.0,1.0
6.0,341.0,4.0,55.0,1.0,1.0,1.0,2.0,1.0,4.0,4.0,13.0,,,,,82436.08,111756.836,0.0,0.0,1.0,1.0
1.0,420.0,4.0,55.0,,1.0,1.0,,,,,,18.0,18.0,0.0,1.0,82436.08,111756.836,0.0,0.0,0.0,1.0
2.0,4.555571e+07,4.0,55.0,1.0,0.0,0.0,0.0,0.0,0.0,1.0,0.0,15.0,15.0,1.0,,82436.08,111756.836,0.0,0.0,0.0,1.0
5.0,240.0,4.0,55.0,3.0,1.0,0.0,5.0,1.0,1.0,4.0,5.0,,,,,82436.08,111756.836,0.0,0.0,1.0,0.0
6.0,338.0,4.0,55.0,2.0,1.0,0.0,2.0,0.0,0.0,1.0,1.0,,,,,82436.08,111756.836,0.0,0.0,1.0,0.0
6.0,339.0,4.0,55.0,1.0,1.0,0.0,3.0,2.0,3.0,2.0,7.0,,,,,82436.08,111756.836,0.0,0.0,1.0,0.0
7.0,346.0,4.0,55.0,2.0,1.0,1.0,0.0,0.0,0.0,0.0,0.0,,,,,82436.08,111756.836,0.0,0.0,1.0,0.0
6.0,340.0,4.0,55.0,1.0,1.0,1.0,2.0,0.0,0.0,2.0,25.0,,,,,82436.08,111756.836,0.0,0.0,1.0,0.0
4.0,325.0,4.0,55.0,3.0,2.0,0.0,2.0,0.0,0.0,1.0,2.0,,2.0,,,82436.08,111756.836,0.0,0.0,1.0,0.0
7.0,315.0,4.0,55.0,1.0,2.0,0.0,1.0,0.0,2.0,2.0,16.0,,,,,82436.08,111756.836,0.0,0.0,1.0,0.0
3.0,420.0,4.0,55.0,,1.0,1.0,0.0,0.0,0.0,0.0,16.0,16.0,16.0,1.0,0.0,82436.08,111756.836,0.0,0.0,0.0,16.0
4.0,133.0,4.0,55.0,1.0,1.0,1.0,1.0,1.0,1.0,1.0,5.0,5.0,16.0,,,82436.08,111756.836,0.0,0.0,1.0,0.0
5.0,216.0,4.0,55.0,1.0,1.0,1.0,2.0,0.0,1.0,3.0,20.0,,,,,82436.08,111756.836,0.0,0.0,1.0,0.0
7.0,314.0,4.0,55.0,1.0,2.0,0.0,1.0,0.0,0.0,3.0,17.0,,,,,82436.08,111756.836,0.0,0.0,1.0,0.0
7.0,316.0,4.0,55.0,1.0,1.0,0.0,1.0,0.0,0.0,2.0,8.0,,,,,82436.08,111756.836,0.0,0.0,1.0,0.0
6.0,345.0,4.0,57.0,1.0,1.0,1.0,1.0,0.0,1.0,0.0,10.0,,,,,161151.66,126546.39,0.0,0.0,1.0,0.0
7.0,317.0,4.0,57.0,1.0,1.0,1.0,1.0,0.0,0.0,2.0,14.0,,,,,161151.66,126546.39,0.0,0.0,1.0,0.0
6.0,343.0,4.0,57.0,1.0,1.0,1.0,4.0,0.0,0.0,4.0,16.0,,,,,161151.66,126546.39,0.0,0.0,1.0,0.0
4.0,156.0,4.0,57.0,1.0,2.0,1.0,2.0,1.0,1.0,2.0,7.0,,7.0,,,161151.66,126546.39,0.0,0.0,1.0,0.0
6.0,346.0,4.0,57.0,1.0,1.0,1.0,0.0,0.0,3.0,3.0,10.0,,,,,161151.66,126546.39,0.0,0.0,1.0,0.0
5.0,218.0,4.0,57.0,1.0,2.0,0.0,6.0,2.0,3.0,3.0,15.0,,,,,161151.66,126546.39,0.0,0.0,1.0,3.0
7.0,347.0,4.0,57.0,2.0,2.0,0.0,0.0,0.0,0.0,0.0,0.0,,,,,161151.66,126546.39,0.0,0.0,1.0,0.0
7.0,318.0,4.0,57.0,1.0,1.0,1.0,1.0,0.0,1.0,1.0,20.0,,,,,161151.66,126546.39,0.0,0.0,1.0,0.0
7.0,319.0,4.0,57.0,1.0,1.0,0.0,6.0,0.0,1.0,5.0,6.0,,,,,161151.66,126546.39,0.0,0.0,1.0,0.0
6.0,344.0,4.0,57.0,2.0,1.0,1.0,0.0,0.0,2.0,0.0,0.0,,,,,161151.66,126546.39,0.0,0.0,1.0,0.0
6.0,551.0,5.0,58.0,2.0,1.0,0.0,1.0,0.0,2.0,1.0,1.0,,,,,205305.48,215355.66,1.0,1.0,1.0,0.0
7.0,544.0,5.0,58.0,1.0,2.0,0.0,3.0,0.0,2.0,0.0,13.0,,,,,205305.48,215355.66,1.0,1.0,1.0,0.0
7.0,542.0,5.0,58.0,1.0,1.0,1.0,1.0,0.0,4.0,4.0,20.0,,,,,205305.48,215355.66,1.0,1.0,1.0,0.0
7.0,550.0,5.0,58.0,1.0,1.0,1.0,2.0,0.0,2.0,2.0,10.0,,,,,205305.48,215355.66,1.0,1.0,1.0,5.0
7.0,582.0,5.0,58.0,2.0,1.0,0.0,3.0,2.0,0.0,3.0,3.0,,,,,205305.48,215355.66,1.0,1.0,1.0,0.0
6.0,548.0,5.0,58.0,1.0,1.0,0.0,1.0,0.0,9.0,2.0,9.0,,,,,205305.48,215355.66,1.0,1.0,1.0,0.0
7.0,583.0,5.0,58.0,2.0,1.0,1.0,0.0,0.0,0.0,1.0,3.0,,,,,205305.48,215355.66,1.0,1.0,1.0,0.0
6.0,553.0,5.0,58.0,1.0,1.0,0.0,3.0,0.0,3.0,2.0,21.0,,,,,205305.48,215355.66,1.0,1.0,1.0,0.0
6.0,552.0,5.0,58.0,1.0,1.0,0.0,0.0,0.0,1.0,1.0,12.0,,,,,205305.48,215355.66,1.0,1.0,1.0,0.0
6.0,549.0,5.0,58.0,1.0,1.0,0.0,1.0,0.0,9.0,1.0,9.0,,,,,205305.48,215355.66,1.0,1.0,1.0,0.0
6.0,554.0,5.0,58.0,1.0,1.0,0.0,0.0,0.0,0.0,0.0,12.0,,,,,205305.48,215355.66,1.0,1.0,1.0,1.0
7.0,547.0,5.0,58.0,1.0,1.0,1.0,1.61,0.0,1.61,1.61,4.83,,,,,205305.48,215355.66,1.0,1.0,1.0,0.0
7.0,543.0,5.0,58.0,1.0,1.0,1.0,3.0,0.0,0.0,0.0,4.0,,,,,205305.48,215355.66,1.0,1.0,1.0,0.0
7.0,545.0,5.0,58.0,1.0,1.0,1.0,0.0,0.0,0.0,0.0,30.0,,,,,205305.48,215355.66,1.0,1.0,1.0,0.0
7.0,546.0,5.0,58.0,1.0,1.0,1.0,0.0,2.0,2.0,2.0,3.0,,,,,205305.48,215355.66,1.0,1.0,1.0,1.0
6.0,546.0,5.0,58.0,1.0,1.0,0.0,1.0,0.0,2.0,2.0,2.0,,,,,205305.48,215355.66,1.0,1.0,1.0,1.0
7.0,551.0,5.0,58.0,1.0,1.0,0.0,2.0,0.0,6.0,2.0,17.0,,,,,205305.48,215355.66,1.0,1.0,1.0,0.0
7.0,548.0,5.0,58.0,1.0,1.0,1.0,3.0,1.0,2.0,2.0,13.0,,,,,205305.48,215355.66,1.0,1.0,1.0,0.0
6.0,550.0,5.0,58.0,1.0,1.0,0.0,3.0,1.0,9.0,0.0,8.0,,,,,205305.48,215355.66,1.0,1.0,1.0,0.0
6.0,555.0,5.0,58.0,1.0,1.0,0.0,2.0,0.0,2.0,2.0,2.0,,,,,205305.48,215355.66,1.0,1.0,1.0,0.0
6.0,556.0,5.0,58.0,1.0,1.0,0.0,3.0,0.0,9.0,1.0,9.0,,,,,205305.48,215355.66,1.0,1.0,1.0,0.0
7.0,549.0,5.0,58.0,1.0,1.0,1.0,1.0,1.0,1.0,1.0,10.0,,,,,205305.48,215355.66,1.0,1.0,1.0,0.0
6.0,545.0,5.0,58.0,1.0,1.0,0.0,0.0,0.0,1.0,1.0,18.0,,,,,205305.48,215355.66,1.0,1.0,1.0,0.0
6.0,547.0,5.0,58.0,2.0,1.0,0.0,0.0,1.0,1.0,1.0,2.0,,,,,205305.48,215355.66,1.0,1.0,1.0,1.0
7.0,426.0,5.0,64.0,2.0,1.0,1.0,0.0,0.0,1.0,2.0,2.0,,,,,221962.94,116534.97,1.0,1.0,1.0,0.0
6.0,389.0,5.0,64.0,1.0,1.0,0.0,0.0,0.0,4.0,5.0,8.0,,,,,221962.94,116534.97,1.0,1.0,1.0,0.0
4.0,185.0,5.0,64.0,1.0,1.0,0.0,0.0,0.0,0.0,2.0,5.0,6.0,5.0,,,221962.94,116534.97,1.0,1.0,1.0,0.0
4.0,184.0,5.0,64.0,1.0,1.0,1.0,7.0,1.0,1.0,3.0,5.0,7.0,36.0,,,221962.94,116534.97,1.0,1.0,1.0,0.0
6.0,388.0,5.0,64.0,1.0,1.0,1.0,0.0,0.0,2.0,4.0,15.0,,,,,221962.94,116534.97,1.0,1.0,1.0,0.0
7.0,376.0,5.0,64.0,1.0,1.0,1.0,1.0,0.0,0.0,0.0,11.0,,,,,221962.94,116534.97,1.0,1.0,1.0,0.0
2.0,8.0646056e+07,5.0,64.0,1.0,0.0,1.0,2.0,0.0,1.0,0.0,0.0,6.0,6.0,1.0,0.0,221962.94,116534.97,1.0,1.0,0.0,0.0
2.0,8.064035e+07,5.0,64.0,1.0,0.0,0.0,,,9.0,0.0,0.0,9.0,20.0,0.0,,221962.94,116534.97,1.0,1.0,0.0,0.0
7.0,379.0,5.0,64.0,1.0,2.0,1.0,3.0,0.0,5.0,4.0,3.0,,,,,221962.94,116534.97,1.0,1.0,1.0,1.0
4.0,187.0,5.0,64.0,1.0,1.0,0.0,0.0,0.0,1.0,2.0,10.0,19.0,19.0,,,221962.94,116534.97,1.0,1.0,1.0,0.0
3.0,510.0,5.0,64.0,,,1.0,0.0,0.0,0.0,0.0,2.0,2.0,2.0,1.0,2.0,221962.94,116534.97,1.0,1.0,0.0,2.0
6.0,383.0,5.0,64.0,1.0,1.0,1.0,2.0,0.0,0.0,3.0,12.0,,,,,221962.94,116534.97,1.0,1.0,1.0,0.0
7.0,375.0,5.0,64.0,1.0,1.0,0.0,1.0,1.0,0.0,0.0,2.0,,,,,221962.94,116534.97,1.0,1.0,1.0,0.0
6.0,380.0,5.0,64.0,1.0,1.0,0.0,0.0,0.0,1.0,1.0,8.0,,,,,221962.94,116534.97,1.0,1.0,1.0,0.0
6.0,386.0,5.0,64.0,2.0,1.0,0.0,5.0,0.0,0.0,2.0,1.0,,,,,221962.94,116534.97,1.0,1.0,1.0,0.0
7.0,377.0,5.0,64.0,1.0,1.0,1.0,4.0,0.0,0.0,0.0,7.0,,,,,221962.94,116534.97,1.0,1.0,1.0,0.0
2.0,8.064286e+07,5.0,64.0,1.0,0.0,0.0,1.0,1.0,2.0,0.0,0.0,6.0,48.0,0.0,1.0,221962.94,116534.97,1.0,1.0,0.0,1.0
3.0,552.0,5.0,64.0,,0.0,1.0,2.0,0.0,2.0,4.0,4.0,4.0,22.0,0.0,7.0,221962.94,116534.97,1.0,1.0,0.0,4.0
5.0,267.0,5.0,64.0,1.0,1.0,1.0,0.0,0.0,0.0,6.0,6.0,,,,,221962.94,116534.97,1.0,1.0,1.0,0.0
1.0,510.0,5.0,64.0,,0.0,0.0,,,,,,2.0,2.0,1.0,1.0,221962.94,116534.97,1.0,1.0,0.0,1.0
7.0,373.0,5.0,64.0,1.0,1.0,1.0,0.0,1.0,0.0,0.0,36.0,,,,,221962.94,116534.97,1.0,1.0,1.0,0.0
4.0,183.0,5.0,64.0,1.0,1.0,0.0,1.0,0.0,1.0,1.0,5.0,10.0,25.0,,,221962.94,116534.97,1.0,1.0,1.0,0.0
6.0,382.0,5.0,64.0,1.0,1.0,1.0,2.0,0.0,3.0,3.0,9.0,,,,,221962.94,116534.97,1.0,1.0,1.0,0.0
3.0,556.0,5.0,64.0,,0.0,1.0,0.0,0.0,2.0,2.0,2.0,2.0,32.0,1.0,2.0,221962.94,116534.97,1.0,1.0,0.0,2.0
3.0,555.0,5.0,64.0,,1.0,0.0,2.0,1.0,2.0,2.0,8.0,8.0,36.0,0.0,4.0,221962.94,116534.97,1.0,1.0,0.0,8.0
3.0,554.0,5.0,64.0,,1.0,1.0,0.0,0.0,0.0,4.0,4.0,5.0,22.0,1.0,4.0,221962.94,116534.97,1.0,1.0,0.0,5.0
3.0,553.0,5.0,64.0,,0.0,0.0,0.0,0.0,0.0,2.0,7.0,7.0,18.0,0.0,3.0,221962.94,116534.97,1.0,1.0,0.0,7.0
7.0,425.0,5.0,64.0,2.0,1.0,1.0,2.0,0.0,0.0,3.0,3.0,,,,,221962.94,116534.97,1.0,1.0,1.0,0.0
6.0,381.0,5.0,64.0,1.0,1.0,0.0,3.0,0.0,3.0,3.0,9.0,,,,,221962.94,116534.97,1.0,1.0,1.0,0.0
5.0,300.0,5.0,64.0,1.0,1.0,1.0,0.0,0.0,0.0,2.0,1.0,,,,,221962.94,116534.97,1.0,1.0,1.0,0.0
6.0,390.0,5.0,64.0,1.0,1.0,1.0,1.0,0.0,2.0,1.0,16.0,,,,,221962.94,116534.97,1.0,1.0,1.0,0.0
1.0,555.0,5.0,64.0,,1.0,0.0,,,,,,8.0,40.0,0.0,2.0,221962.94,116534.97,1.0,1.0,0.0,8.0
7.0,380.0,5.0,64.0,1.0,1.0,0.0,6.0,0.0,3.0,6.0,6.0,,,,,221962.94,116534.97,1.0,1.0,1.0,0.0
5.0,266.0,5.0,64.0,1.0,1.0,1.0,0.0,0.0,1.0,4.0,1.0,,,,,221962.94,116534.97,1.0,1.0,1.0,0.0
2.0,8.064692e+07,5.0,64.0,1.0,0.0,,6.0,0.0,3.0,0.0,0.0,6.0,31.0,0.0,,221962.94,116534.97,1.0,1.0,0.0,0.0
1.0,554.0,5.0,64.0,,1.0,1.0,,,,,,6.0,24.0,0.0,1.0,221962.94,116534.97,1.0,1.0,0.0,7.0
7.0,374.0,5.0,64.0,1.0,1.0,1.0,3.0,0.0,5.0,5.0,15.0,,,,,221962.94,116534.97,1.0,1.0,1.0,0.0
5.0,312.0,5.0,64.0,4.0,1.0,1.0,0.0,0.0,0.0,0.0,7.0,,,,,221962.94,116534.97,1.0,1.0,1.0,0.0
5.0,265.0,5.0,64.0,1.0,1.0,0.0,0.0,0.0,3.0,2.0,2.0,,,,,221962.94,116534.97,1.0,1.0,1.0,0.0
6.0,387.0,5.0,64.0,1.0,1.0,0.0,0.0,0.0,0.0,4.0,15.0,,,,,221962.94,116534.97,1.0,1.0,1.0,1.0
2.0,8.0647544e+07,5.0,64.0,1.0,0.0,0.0,2.0,1.0,4.0,0.0,0.0,12.0,48.0,0.0,4.0,221962.94,116534.97,1.0,1.0,0.0,1.0
2.0,8.064478e+07,5.0,64.0,1.0,0.0,1.0,4.0,1.0,1.0,0.0,0.0,6.0,19.0,0.0,,221962.94,116534.97,1.0,1.0,0.0,1.0
7.0,381.0,5.0,64.0,1.0,1.0,1.0,2.0,0.0,3.0,3.0,20.0,,,,,221962.94,116534.97,1.0,1.0,1.0,0.0
1.0,553.0,5.0,64.0,,0.0,0.0,,,,,,7.0,17.0,0.0,7.0,221962.94,116534.97,1.0,1.0,0.0,7.0
4.0,337.0,5.0,64.0,3.0,2.0,0.0,1.0,1.0,1.0,1.0,1.0,,39.0,,,221962.94,116534.97,1.0,1.0,1.0,0.0
6.0,384.0,5.0,64.0,2.0,1.0,0.0,2.0,0.0,1.0,1.0,8.0,,,,,221962.94,116534.97,1.0,1.0,1.0,0.0
7.0,378.0,5.0,64.0,1.0,1.0,1.0,2.0,0.0,2.0,2.0,10.0,,,,,221962.94,116534.97,1.0,1.0,1.0,0.0
4.0,186.0,5.0,64.0,1.0,2.0,1.0,1.0,0.0,0.0,5.0,5.0,5.0,51.0,,,221962.94,116534.97,1.0,1.0,1.0,0.0
5.0,268.0,5.0,64.0,1.0,1.0,1.0,0.0,0.0,0.0,1.0,5.0,,,,,221962.94,116534.97,1.0,1.0,1.0,0.0
6.0,385.0,5.0,64.0,1.0,1.0,1.0,7.0,2.0,2.0,2.0,8.0,,,,,221962.94,116534.97,1.0,1.0,1.0,0.0
6.0,347.0,4.0,65.0,1.0,1.0,1.0,0.0,0.0,0.0,0.0,5.0,,,,,75192.17,143178.05,0.0,0.0,1.0,0.0
7.0,322.0,4.0,65.0,1.0,1.0,1.0,1.0,0.0,1.0,3.0,9.0,,,,,75192.17,143178.05,0.0,0.0,1.0,0.0
1.0,408.0,4.0,65.0,,0.0,1.0,,,,,,0.0,0.0,1.0,0.0,75192.17,143178.05,0.0,0.0,0.0,
7.0,321.0,4.0,65.0,1.0,1.0,0.0,0.0,0.0,1.0,2.0,12.0,,,,,75192.17,143178.05,0.0,0.0,1.0,0.0
4.0,134.0,4.0,65.0,1.0,1.0,0.0,4.0,0.0,3.0,2.0,8.0,8.0,20.0,,,75192.17,143178.05,0.0,0.0,1.0,0.0
4.0,135.0,4.0,65.0,1.0,1.0,0.0,2.0,0.0,2.0,2.0,6.0,6.0,6.0,,,75192.17,143178.05,0.0,0.0,1.0,0.0
3.0,421.0,4.0,65.0,,0.0,1.0,0.0,0.0,0.0,0.0,10.0,12.0,12.0,1.0,0.0,75192.17,143178.05,0.0,0.0,0.0,12.0
2.0,4.5657628e+07,4.0,65.0,1.0,0.0,0.0,9.0,0.0,0.0,0.0,0.0,10.0,10.0,,,75192.17,143178.05,0.0,0.0,0.0,1.0
1.0,421.0,4.0,65.0,,0.0,1.0,,,,,,7.0,7.0,1.0,1.0,75192.17,143178.05,0.0,0.0,0.0,7.0
7.0,320.0,4.0,65.0,1.0,2.0,1.0,4.0,0.0,2.0,2.0,14.0,,,,,75192.17,143178.05,0.0,0.0,1.0,0.0
5.0,220.0,4.0,65.0,1.0,1.0,0.0,0.0,0.0,1.0,0.0,15.0,,,,,75192.17,143178.05,0.0,0.0,1.0,9.0
7.0,348.0,4.0,65.0,2.0,2.0,0.0,4.0,0.0,2.0,2.0,10.0,,,,,75192.17,143178.05,0.0,0.0,1.0,0.0
3.0,408.0,4.0,65.0,,0.0,0.0,0.0,0.0,0.0,0.0,0.0,0.0,0.0,1.0,2.0,75192.17,143178.05,0.0,0.0,0.0,0.0
5.0,219.0,4.0,65.0,1.0,1.0,0.0,0.0,0.0,1.0,1.0,16.0,,,,,75192.17,143178.05,0.0,0.0,1.0,0.0
6.0,348.0,4.0,65.0,1.0,1.0,1.0,0.0,0.0,2.0,4.0,8.0,,,,,75192.17,143178.05,0.0,0.0,1.0,0.0
5.0,241.0,4.0,65.0,3.0,1.0,1.0,2.0,0.0,0.0,0.0,0.0,,,,,75192.17,143178.05,0.0,0.0,1.0,0.0
4.0,189.0,5.0,69.0,1.0,1.0,0.0,0.0,0.0,0.0,0.0,10.0,16.0,16.0,,,158194.5,72925.5,1.0,1.0,1.0,0.0
4.0,190.0,5.0,69.0,1.0,1.0,1.0,0.0,0.0,2.0,3.0,4.0,6.0,24.0,,,158194.5,72925.5,1.0,1.0,1.0,0.0
7.0,427.0,5.0,69.0,2.0,1.0,0.0,0.0,0.0,0.0,0.0,1.0,,,,,158194.5,72925.5,1.0,1.0,1.0,0.0
4.0,188.0,5.0,69.0,1.0,1.0,1.0,0.0,0.0,0.0,1.0,6.0,6.0,16.0,,,158194.5,72925.5,1.0,1.0,1.0,0.0
7.0,382.0,5.0,69.0,1.0,1.0,0.0,1.0,0.0,1.0,2.0,15.0,,,,,158194.5,72925.5,1.0,1.0,1.0,0.0
2.0,8.069635e+07,5.0,69.0,1.0,0.0,0.0,2.0,0.0,2.0,0.0,0.0,10.0,10.0,1.0,0.0,158194.5,72925.5,1.0,1.0,0.0,0.0
6.0,392.0,5.0,69.0,1.0,1.0,0.0,0.0,0.0,0.0,0.0,7.0,,,,,158194.5,72925.5,1.0,1.0,1.0,0.0
1.0,564.0,5.0,69.0,,1.0,1.0,,,,,,6.0,6.0,1.0,1.0,158194.5,72925.5,1.0,1.0,0.0,6.0
7.0,383.0,5.0,69.0,1.0,1.0,0.0,2.0,1.0,2.0,2.0,20.0,,,,,158194.5,72925.5,1.0,1.0,1.0,0.0
3.0,563.0,5.0,69.0,,1.0,1.0,1.0,0.0,1.0,1.0,3.0,2.0,9.0,0.0,3.0,158194.5,72925.5,1.0,1.0,0.0,3.0
1.0,565.0,5.0,69.0,,0.0,1.0,,,,,,18.0,32.0,0.0,18.0,158194.5,72925.5,1.0,1.0,0.0,18.0
3.0,564.0,5.0,69.0,,1.0,1.0,0.0,0.0,1.0,3.0,6.0,6.0,6.0,1.0,1.0,158194.5,72925.5,1.0,1.0,0.0,6.0
3.0,565.0,5.0,69.0,,0.0,0.0,0.0,0.0,0.0,2.0,6.0,12.0,24.0,0.0,6.0,158194.5,72925.5,1.0,1.0,0.0,6.0
7.0,385.0,5.0,69.0,1.0,1.0,0.0,4.0,3.0,2.0,7.0,7.0,,,,,158194.5,72925.5,1.0,1.0,1.0,0.0
6.0,395.0,5.0,69.0,1.0,1.0,1.0,0.0,0.0,0.0,3.0,9.0,,,,,158194.5,72925.5,1.0,1.0,1.0,0.0
6.0,394.0,5.0,69.0,1.0,1.0,1.0,1.0,1.0,4.0,4.0,15.0,,,,,158194.5,72925.5,1.0,1.0,1.0,0.0
1.0,563.0,5.0,69.0,,1.0,0.0,,,,,,2.0,14.0,1.0,1.0,158194.5,72925.5,1.0,1.0,0.0,2.0
5.0,271.0,5.0,69.0,1.0,1.0,0.0,0.0,0.0,2.0,2.0,14.0,,,,,158194.5,72925.5,1.0,1.0,1.0,4.0
6.0,391.0,5.0,69.0,1.0,1.0,0.0,2.0,0.0,2.0,1.0,7.0,,,,,158194.5,72925.5,1.0,1.0,1.0,0.0
5.0,301.0,5.0,69.0,3.0,1.0,0.0,0.0,1.0,3.0,0.0,3.0,,,,,158194.5,72925.5,1.0,1.0,1.0,0.0
7.0,386.0,5.0,69.0,1.0,1.0,1.0,0.0,0.0,0.0,2.0,20.0,,,,,158194.5,72925.5,1.0,1.0,1.0,0.0
7.0,428.0,5.0,69.0,2.0,1.0,1.0,3.0,0.0,0.0,3.0,3.0,,,,,158194.5,72925.5,1.0,1.0,1.0,0.0
4.0,418.0,5.0,69.0,4.0,1.0,0.0,1.0,0.0,3.0,1.0,0.0,,35.0,,,158194.5,72925.5,1.0,1.0,1.0,0.0
5.0,269.0,5.0,69.0,1.0,1.0,0.0,0.0,0.0,0.0,0.0,2.0,,,,,158194.5,72925.5,1.0,1.0,1.0,0.0
2.0,8.069151e+07,5.0,69.0,1.0,0.0,1.0,2.0,,2.0,0.0,0.0,12.0,15.0,1.0,,158194.5,72925.5,1.0,1.0,0.0,2.0
6.0,396.0,5.0,69.0,2.0,1.0,0.0,1.0,1.0,1.0,1.0,13.0,,,,,158194.5,72925.5,1.0,1.0,1.0,0.0
5.0,270.0,5.0,69.0,1.0,1.0,0.0,0.0,0.0,2.0,2.0,7.0,,,,,158194.5,72925.5,1.0,1.0,1.0,0.0
7.0,384.0,5.0,69.0,1.0,1.0,0.0,1.0,0.0,2.0,2.0,30.0,,,,,158194.5,72925.5,1.0,1.0,1.0,0.0
7.0,387.0,5.0,69.0,1.0,1.0,0.0,1.0,1.0,0.0,1.0,20.0,,,,,158194.5,72925.5,1.0,1.0,1.0,0.0
2.0,8.069917e+07,5.0,69.0,1.0,0.0,0.0,1.0,0.0,2.0,0.0,0.0,17.0,31.0,,,158194.5,72925.5,1.0,1.0,0.0,3.0
6.0,393.0,5.0,69.0,2.0,1.0,0.0,1.0,0.0,1.0,0.0,15.0,,,,,158194.5,72925.5,1.0,1.0,1.0,1.0
6.0,397.0,5.0,69.0,1.0,1.0,1.0,1.0,1.0,1.0,1.0,7.0,,,,,158194.5,72925.5,1.0,1.0,1.0,0.0
6.0,398.0,5.0,69.0,1.0,1.0,1.0,1.0,1.0,1.0,1.0,12.0,,,,,158194.5,72925.5,1.0,1.0,1.0,0.0
4.0,191.0,5.0,70.0,1.0,2.0,1.0,4.0,0.0,0.0,0.0,10.0,12.0,26.0,,,247789.77,156798.16,1.0,1.0,1.0,0.0
7.0,429.0,5.0,70.0,2.0,1.0,1.0,1.0,0.0,1.0,1.0,40.0,,,,,247789.77,156798.16,1.0,1.0,1.0,0.0
7.0,389.0,5.0,70.0,1.0,1.0,0.0,0.0,0.0,0.0,0.0,25.0,,,,,247789.77,156798.16,1.0,1.0,1.0,2.0
6.0,405.0,5.0,70.0,1.0,1.0,1.0,1.0,0.0,2.0,2.0,6.0,,,,,247789.77,156798.16,1.0,1.0,1.0,0.0
1.0,511.0,5.0,70.0,,0.0,0.0,,,,,,1.0,0.0,1.0,1.0,247789.77,156798.16,1.0,1.0,0.0,1.0
6.0,404.0,5.0,70.0,1.0,1.0,0.0,5.0,1.0,1.0,2.0,12.0,,,,,247789.77,156798.16,1.0,1.0,1.0,1.0
6.0,401.0,5.0,70.0,2.0,1.0,0.0,0.0,0.0,2.0,1.0,1.0,,,,,247789.77,156798.16,1.0,1.0,1.0,0.0
7.0,392.0,5.0,70.0,1.0,1.0,1.0,2.0,0.0,1.0,1.0,5.0,,,,,247789.77,156798.16,1.0,1.0,1.0,0.0
7.0,388.0,5.0,70.0,1.0,1.0,1.0,0.0,0.0,0.0,0.0,22.0,,,,,247789.77,156798.16,1.0,1.0,1.0,0.0
5.0,272.0,5.0,70.0,1.0,1.0,0.0,0.0,0.0,2.0,2.0,8.0,,,,,247789.77,156798.16,1.0,1.0,1.0,0.0
3.0,557.0,5.0,70.0,,1.0,1.0,0.0,0.0,0.0,1.0,0.0,1.0,42.0,1.0,1.0,247789.77,156798.16,1.0,1.0,0.0,1.0
6.0,400.0,5.0,70.0,1.0,1.0,0.0,0.0,2.0,3.0,2.0,20.0,,,,,247789.77,156798.16,1.0,1.0,1.0,0.0
3.0,558.0,5.0,70.0,,1.0,0.0,2.0,0.0,1.0,2.0,2.0,6.0,20.0,1.0,0.0,247789.77,156798.16,1.0,1.0,0.0,6.0
7.0,390.0,5.0,70.0,1.0,1.0,0.0,1.0,0.0,1.0,1.0,10.0,,,,,247789.77,156798.16,1.0,1.0,1.0,1.0
3.0,511.0,5.0,70.0,,0.0,1.0,0.0,0.0,0.0,1.0,1.0,1.0,1.0,1.0,2.0,247789.77,156798.16,1.0,1.0,0.0,1.0
4.0,338.0,5.0,70.0,3.0,2.0,0.0,0.0,0.0,1.0,0.0,0.0,,1.0,,,247789.77,156798.16,1.0,1.0,1.0,0.0
7.0,430.0,5.0,70.0,2.0,1.0,1.0,0.0,0.0,0.0,0.0,3.0,,,,,247789.77,156798.16,1.0,1.0,1.0,0.0
1.0,558.0,5.0,70.0,,0.0,0.0,,,,,,8.0,20.0,0.0,1.0,247789.77,156798.16,1.0,1.0,0.0,8.0
6.0,403.0,5.0,70.0,1.0,1.0,0.0,1.0,0.0,2.0,3.0,5.0,,,,,247789.77,156798.16,1.0,1.0,1.0,1.0
5.0,302.0,5.0,70.0,3.0,2.0,0.0,0.0,0.0,0.0,2.0,2.0,,,,,247789.77,156798.16,1.0,1.0,1.0,0.0
6.0,399.0,5.0,70.0,1.0,1.0,0.0,0.0,0.0,1.0,1.0,21.0,,,,,247789.77,156798.16,1.0,1.0,1.0,0.0
2.0,8.070889e+07,5.0,70.0,1.0,0.0,1.0,3.0,19.0,2.0,0.0,0.0,7.0,19.0,1.0,1.0,247789.77,156798.16,1.0,1.0,0.0,1.0
1.0,557.0,5.0,70.0,,0.0,0.0,,,,,,1.0,36.0,1.0,0.0,247789.77,156798.16,1.0,1.0,0.0,2.0
4.0,192.0,5.0,70.0,1.0,2.0,0.0,1.0,0.0,2.0,1.0,10.0,16.0,35.0,,,247789.77,156798.16,1.0,1.0,1.0,0.0
2.0,8.0701816e+07,5.0,70.0,1.0,0.0,0.0,1.0,0.0,0.0,0.0,0.0,,56.0,0.0,,247789.77,156798.16,1.0,1.0,0.0,0.0
7.0,391.0,5.0,70.0,1.0,1.0,1.0,0.0,0.0,0.0,0.0,30.0,,,,,247789.77,156798.16,1.0,1.0,1.0,0.0
6.0,402.0,5.0,70.0,2.0,1.0,0.0,0.0,0.0,3.0,1.0,1.0,,,,,247789.77,156798.16,1.0,1.0,1.0,0.0
2.0,8.573363e+07,5.0,73.0,1.0,0.0,0.0,0.0,0.0,1.0,0.0,0.0,7.0,20.0,1.0,1.0,314779.28,196491.27,1.0,1.0,0.0,7.0
4.0,342.0,5.0,73.0,3.0,2.0,0.0,0.0,0.0,1.0,1.0,1.0,,22.0,,,314779.28,196491.27,1.0,1.0,1.0,0.0
3.0,525.0,5.0,73.0,,1.0,0.0,1.0,0.0,0.0,2.0,7.0,7.0,15.0,1.0,3.0,314779.28,196491.27,1.0,1.0,0.0,7.0
5.0,273.0,5.0,73.0,1.0,1.0,0.0,0.0,0.0,0.0,0.0,14.0,,,,,314779.28,196491.27,1.0,1.0,1.0,4.0
2.0,8.573124e+07,5.0,73.0,1.0,0.0,1.0,1.0,0.0,2.0,0.0,0.0,15.0,45.0,1.0,1.0,314779.28,196491.27,1.0,1.0,0.0,1.0
1.0,505.0,5.0,73.0,,1.0,0.0,,,,,,0.0,13.0,1.0,1.0,314779.28,196491.27,1.0,1.0,0.0,1.0
3.0,527.0,5.0,73.0,,1.0,1.0,0.0,0.0,1.0,1.0,10.0,10.0,20.0,0.0,1.0,314779.28,196491.27,1.0,1.0,0.0,10.0
5.0,275.0,5.0,73.0,1.0,1.0,0.0,0.0,0.0,0.0,1.0,7.0,,,,,314779.28,196491.27,1.0,1.0,1.0,0.0
2.0,,5.0,73.0,1.0,,,,,,,,,,,,314779.28,196491.27,1.0,1.0,0.0,
3.0,526.0,5.0,73.0,,0.0,1.0,0.0,0.0,0.0,0.0,5.0,5.0,5.0,0.0,1.0,314779.28,196491.27,1.0,1.0,0.0,5.0
5.0,303.0,5.0,73.0,3.0,1.0,1.0,0.0,0.0,0.0,0.0,1.0,,,,,314779.28,196491.27,1.0,1.0,1.0,0.0
5.0,274.0,5.0,73.0,1.0,1.0,1.0,0.0,0.0,0.0,1.0,5.0,,,,,314779.28,196491.27,1.0,1.0,1.0,0.0
4.0,208.0,5.0,73.0,1.0,1.0,0.0,4.0,0.0,4.0,4.0,16.0,19.0,18.0,,,314779.28,196491.27,1.0,1.0,1.0,0.0
1.0,526.0,5.0,73.0,,1.0,1.0,,,,,,6.0,6.0,1.0,0.0,314779.28,196491.27,1.0,1.0,0.0,6.0
4.0,206.0,5.0,73.0,1.0,1.0,1.0,0.0,0.0,1.0,1.0,1.0,1.0,45.0,,,314779.28,196491.27,1.0,1.0,1.0,1.0
4.0,207.0,5.0,73.0,1.0,1.0,1.0,0.0,0.0,2.0,2.0,2.0,2.0,16.0,,,314779.28,196491.27,1.0,1.0,1.0,0.0
2.0,8.573646e+07,5.0,73.0,1.0,0.0,1.0,1.0,0.0,1.0,0.0,0.0,7.0,7.0,1.0,,314779.28,196491.27,1.0,1.0,0.0,0.0
3.0,505.0,5.0,73.0,,0.0,0.0,0.0,0.0,0.0,1.0,1.0,1.0,16.0,1.0,0.0,314779.28,196491.27,1.0,1.0,0.0,1.0
1.0,527.0,5.0,73.0,,1.0,1.0,,,,,,7.0,25.0,1.0,1.0,314779.28,196491.27,1.0,1.0,0.0,7.0
1.0,525.0,5.0,73.0,,1.0,1.0,,,,,,9.0,22.0,1.0,3.0,314779.28,196491.27,1.0,1.0,0.0,9.0
6.0,409.0,5.0,76.0,1.0,1.0,1.0,0.0,0.0,0.0,1.61,2.0,,,,,113503.41,55049.656,1.0,1.0,1.0,0.0
2.0,7.076228e+07,5.0,76.0,1.0,0.0,1.0,0.0,0.0,0.0,0.0,0.0,4.0,16.0,1.0,0.0,113503.41,55049.656,1.0,1.0,0.0,4.0
5.0,276.0,5.0,76.0,1.0,1.0,0.0,2.0,1.0,4.0,2.0,20.0,,,,,113503.41,55049.656,1.0,1.0,1.0,0.0
4.0,177.0,5.0,76.0,1.0,1.0,0.0,0.0,0.0,0.0,2.0,10.0,15.0,36.0,,,113503.41,55049.656,1.0,1.0,1.0,0.0
7.0,396.0,5.0,76.0,1.0,1.0,1.0,0.0,0.0,2.0,3.0,10.0,,,,,113503.41,55049.656,1.0,1.0,1.0,0.0
7.0,433.0,5.0,76.0,2.0,1.0,1.0,0.0,0.0,0.0,0.0,0.0,,,,,113503.41,55049.656,1.0,1.0,1.0,0.0
7.0,395.0,5.0,76.0,1.0,1.0,0.0,0.0,0.0,2.0,2.0,2.0,,,,,113503.41,55049.656,1.0,1.0,1.0,0.0
7.0,397.0,5.0,76.0,1.0,1.0,0.0,2.0,1.0,4.0,0.0,10.0,,,,,113503.41,55049.656,1.0,1.0,1.0,0.0
7.0,394.0,5.0,76.0,1.0,1.0,1.0,0.0,0.0,0.0,0.0,6.0,,,,,113503.41,55049.656,1.0,1.0,1.0,0.0
7.0,398.0,5.0,76.0,1.0,1.0,1.0,0.0,0.0,2.0,4.0,2.0,,,,,113503.41,55049.656,1.0,1.0,1.0,0.0
6.0,415.0,5.0,76.0,1.0,1.0,1.0,0.0,0.0,0.0,0.0,5.0,,,,,113503.41,55049.656,1.0,1.0,1.0,0.0
7.0,400.0,5.0,76.0,1.0,1.0,1.0,3.0,0.0,3.0,3.0,20.0,,,,,113503.41,55049.656,1.0,1.0,1.0,2.0
2.0,7.07673e+07,5.0,76.0,1.0,0.0,0.0,0.0,0.0,0.0,0.0,0.0,1.0,20.0,0.0,0.0,113503.41,55049.656,1.0,1.0,0.0,0.0
7.0,432.0,5.0,76.0,2.0,1.0,1.0,0.0,0.0,1.0,0.0,0.0,,,,,113503.41,55049.656,1.0,1.0,1.0,0.0
3.0,514.0,5.0,76.0,,0.0,1.0,0.0,0.0,1.0,1.0,1.0,0.0,17.0,1.0,1.0,113503.41,55049.656,1.0,1.0,0.0,1.0
3.0,573.0,5.0,76.0,,0.0,0.0,1.0,1.0,1.0,1.0,3.0,3.0,18.0,1.0,3.0,113503.41,55049.656,1.0,1.0,0.0,3.0
6.0,406.0,5.0,76.0,2.0,1.0,1.0,0.0,0.0,0.0,2.0,0.0,,,,,113503.41,55049.656,1.0,1.0,1.0,0.0
6.0,413.0,5.0,76.0,1.0,1.0,1.0,1.0,0.0,0.0,0.0,4.0,,,,,113503.41,55049.656,1.0,1.0,1.0,0.0
2.0,7.0768344e+07,5.0,76.0,1.0,0.0,0.0,3.0,0.0,0.0,1.0,0.0,14.0,26.0,0.0,,113503.41,55049.656,1.0,1.0,0.0,
6.0,412.0,5.0,76.0,1.0,1.0,1.0,0.0,0.0,0.0,0.0,12.0,,,,,113503.41,55049.656,1.0,1.0,1.0,0.0
6.0,414.0,5.0,76.0,2.0,1.0,0.0,1.0,0.0,1.0,1.0,8.05,,,,,113503.41,55049.656,1.0,1.0,1.0,0.0
4.0,175.0,5.0,76.0,1.0,1.0,0.0,0.0,0.0,1.0,1.0,4.83,4.83,33.0,,,113503.41,55049.656,1.0,1.0,1.0,0.0
1.0,573.0,5.0,76.0,,1.0,1.0,,,,,,3.0,16.0,0.0,1.0,113503.41,55049.656,1.0,1.0,0.0,3.0
6.0,407.0,5.0,76.0,1.0,2.0,1.0,2.0,0.0,2.0,3.0,12.0,,,,,113503.41,55049.656,1.0,1.0,1.0,0.0
1.0,513.0,5.0,76.0,,0.0,1.0,,,,,,0.0,26.0,1.0,0.0,113503.41,55049.656,1.0,1.0,0.0,
1.0,571.0,5.0,76.0,,0.0,0.0,,,,,,13.0,25.0,0.0,1.0,113503.41,55049.656,1.0,1.0,0.0,13.0
4.0,335.0,5.0,76.0,3.0,2.0,1.0,0.0,0.0,0.0,0.0,0.0,,25.0,,,113503.41,55049.656,1.0,1.0,1.0,0.0
1.0,572.0,5.0,76.0,,1.0,1.0,,,,,,0.0,18.0,0.0,2.0,113503.41,55049.656,1.0,1.0,0.0,
4.0,176.0,5.0,76.0,1.0,2.0,1.0,1.0,1.0,0.0,3.0,3.0,3.0,3.0,,,113503.41,55049.656,1.0,1.0,1.0,0.0
1.0,514.0,5.0,76.0,,0.0,1.0,,,,,,0.0,20.0,1.0,2.0,113503.41,55049.656,1.0,1.0,0.0,2.0
3.0,571.0,5.0,76.0,,0.0,1.0,0.0,0.0,0.0,0.0,12.0,12.0,24.0,0.0,1.0,113503.41,55049.656,1.0,1.0,0.0,12.0
5.0,277.0,5.0,76.0,1.0,1.0,1.0,0.0,1.0,1.0,1.0,7.0,,,,,113503.41,55049.656,1.0,1.0,1.0,1.0
2.0,7.076555e+07,5.0,76.0,1.0,0.0,0.0,3.0,0.0,1.0,0.0,0.0,7.0,6.0,0.0,2.0,113503.41,55049.656,1.0,1.0,0.0,1.0
5.0,304.0,5.0,76.0,3.0,9.0,0.0,0.0,0.0,0.0,0.0,0.0,,,,,113503.41,55049.656,1.0,1.0,1.0,0.0
4.0,417.0,5.0,76.0,4.0,2.0,1.0,4.83,0.0,0.0,1.61,3.22,,3.22,,,113503.41,55049.656,1.0,1.0,1.0,0.0
5.0,313.0,5.0,76.0,4.0,1.0,1.0,0.0,0.0,0.0,5.0,5.0,,,,,113503.41,55049.656,1.0,1.0,1.0,0.0
6.0,411.0,5.0,76.0,2.0,1.0,1.0,0.0,0.0,16.1,0.0,1.0,,,,,113503.41,55049.656,1.0,1.0,1.0,0.0
6.0,410.0,5.0,76.0,1.0,1.0,1.0,0.0,0.0,3.0,0.0,2.0,,,,,113503.41,55049.656,1.0,1.0,1.0,0.0
7.0,393.0,5.0,76.0,1.0,2.0,0.0,5.0,0.0,5.0,3.0,40.0,,,,,113503.41,55049.656,1.0,1.0,1.0,0.0
6.0,416.0,5.0,76.0,1.0,2.0,1.0,5.0,0.0,4.0,4.0,20.0,,,,,113503.41,55049.656,1.0,1.0,1.0,0.0
5.0,278.0,5.0,76.0,1.0,1.0,0.0,0.0,0.0,1.0,2.0,8.0,,,,,113503.41,55049.656,1.0,1.0,1.0,0.0
7.0,399.0,5.0,76.0,1.0,1.0,1.0,0.0,0.0,1.0,1.0,1.0,,,,,113503.41,55049.656,1.0,1.0,1.0,0.0
3.0,513.0,5.0,76.0,,1.0,0.0,0.0,0.0,0.0,1.0,1.0,1.0,40.0,1.0,5.0,113503.41,55049.656,1.0,1.0,0.0,0.0
6.0,408.0,5.0,76.0,1.0,1.0,1.0,1.0,0.0,1.0,1.0,5.0,,,,,113503.41,55049.656,1.0,1.0,1.0,0.0
7.0,431.0,5.0,76.0,2.0,1.0,0.0,0.0,1.0,0.0,2.0,2.0,,,,,113503.41,55049.656,1.0,1.0,1.0,0.0
3.0,572.0,5.0,76.0,,1.0,1.0,0.0,0.0,0.0,0.0,1.0,0.0,18.0,1.0,4.0,113503.41,55049.656,1.0,1.0,0.0,1.0
4.0,174.0,5.0,76.0,1.0,2.0,1.0,0.0,0.0,1.0,1.0,5.0,8.0,12.0,,1.0,113503.41,55049.656,1.0,1.0,1.0,1.0
4.0,334.0,5.0,76.0,3.0,1.0,1.0,0.0,0.0,0.0,1.0,2.0,,26.0,,,113503.41,55049.656,1.0,1.0,1.0,0.0
2.0,3.5772508e+07,5.0,77.0,1.0,0.0,0.0,3.0,1.0,2.0,0.0,0.0,15.0,20.0,0.0,0.0,361794.25,243901.86,1.0,1.0,0.0,0.0
5.0,305.0,5.0,77.0,3.0,2.0,0.0,2.0,0.0,0.0,0.0,2.0,,,,,361794.25,243901.86,1.0,1.0,1.0,2.0
3.0,515.0,5.0,77.0,,1.0,1.0,1.0,1.0,1.0,1.0,1.0,11.0,15.0,1.0,1.0,361794.25,243901.86,1.0,1.0,0.0,11.0
5.0,279.0,5.0,77.0,1.0,2.0,0.0,2.0,0.0,2.0,6.0,10.0,,,,,361794.25,243901.86,1.0,1.0,1.0,6.0
1.0,516.0,5.0,77.0,,0.0,0.0,,,,,,14.0,16.0,0.0,2.0,361794.25,243901.86,1.0,1.0,0.0,14.0
4.0,171.0,5.0,77.0,1.0,1.0,0.0,0.0,0.0,0.0,0.0,9.0,9.0,10.0,,,361794.25,243901.86,1.0,1.0,1.0,0.0
4.0,170.0,5.0,77.0,1.0,2.0,0.0,1.0,0.0,0.0,1.0,4.0,4.0,20.0,,,361794.25,243901.86,1.0,1.0,1.0,0.0
4.0,416.0,5.0,77.0,4.0,1.0,1.0,0.0,1.0,1.0,1.0,1.0,,16.0,,,361794.25,243901.86,1.0,1.0,1.0,0.0
1.0,515.0,5.0,77.0,,1.0,1.0,,,,,,10.0,14.0,0.0,0.0,361794.25,243901.86,1.0,1.0,0.0,10.0
3.0,516.0,5.0,77.0,,0.0,0.0,0.0,0.0,1.0,1.0,6.0,12.0,16.0,1.0,1.0,361794.25,243901.86,1.0,1.0,0.0,12.0
2.0,3.5779028e+07,5.0,77.0,1.0,0.0,0.0,6.0,1.0,3.0,0.0,0.0,17.0,22.0,0.0,0.0,361794.25,243901.86,1.0,1.0,0.0,0.0
3.0,109.0,1.0,78.0,,1.0,1.0,0.0,0.0,3.0,3.0,14.0,14.0,14.0,0.0,7.0,130868.48,246167.25,0.0,0.0,0.0,14.0
6.0,59.0,1.0,78.0,1.0,1.0,0.0,1.0,0.0,3.0,4.0,10.0,,,,,130868.48,246167.25,0.0,0.0,1.0,0.0
7.0,61.0,1.0,78.0,2.0,1.0,1.0,0.0,0.0,1.0,1.0,0.0,,,,,130868.48,246167.25,0.0,0.0,1.0,0.0
7.0,60.0,1.0,78.0,2.0,1.0,1.0,0.0,0.0,0.0,0.0,2.0,,,,,130868.48,246167.25,0.0,0.0,1.0,0.0
6.0,60.0,1.0,78.0,2.0,1.0,1.0,2.0,0.0,2.0,2.0,2.0,,,,,130868.48,246167.25,0.0,0.0,1.0,0.0
1.0,110.0,1.0,78.0,,1.0,1.0,,,,,,4.0,40.0,1.0,1.0,130868.48,246167.25,0.0,0.0,0.0,4.0
7.0,34.0,1.0,78.0,1.0,1.0,0.0,4.83,0.0,0.0,1.0,14.0,,,,,130868.48,246167.25,0.0,0.0,1.0,0.0
6.0,57.0,1.0,78.0,1.0,1.0,0.0,3.0,3.0,3.0,3.0,18.0,,,,,130868.48,246167.25,0.0,0.0,1.0,1.0
5.0,27.0,1.0,78.0,1.0,1.0,0.0,3.0,2.0,4.0,4.0,4.0,,,,,130868.48,246167.25,0.0,0.0,1.0,0.0
6.0,53.0,1.0,78.0,1.0,1.0,1.0,0.0,0.0,0.0,0.0,7.0,,,,,130868.48,246167.25,0.0,0.0,1.0,0.0
7.0,35.0,1.0,78.0,1.0,1.0,0.0,4.83,0.0,3.22,6.44,22.54,,,,,130868.48,246167.25,0.0,0.0,1.0,0.0
7.0,42.0,1.0,78.0,1.0,1.0,1.0,0.0,0.0,0.0,1.0,15.0,,,,,130868.48,246167.25,0.0,0.0,1.0,0.0
5.0,42.0,1.0,78.0,2.0,2.0,0.0,1.0,0.0,0.0,0.0,0.0,,,,,130868.48,246167.25,0.0,0.0,1.0,0.0
1.0,111.0,1.0,78.0,,1.0,1.0,,,,,,2.0,17.0,1.0,2.0,130868.48,246167.25,0.0,0.0,0.0,3.0
7.0,62.0,1.0,78.0,2.0,1.0,1.0,1.0,0.0,2.0,2.0,2.0,,,,,130868.48,246167.25,0.0,0.0,1.0,0.0
6.0,55.0,1.0,78.0,2.0,1.0,1.0,1.0,0.0,1.0,1.0,1.0,,,,,130868.48,246167.25,0.0,0.0,1.0,1.0
3.0,108.0,1.0,78.0,,0.0,0.0,0.0,0.0,2.0,1.0,7.0,7.0,22.0,0.0,7.0,130868.48,246167.25,0.0,0.0,0.0,7.0
4.0,29.0,1.0,78.0,1.0,1.0,0.0,0.0,0.0,0.0,4.0,15.0,15.0,25.0,,,130868.48,246167.25,0.0,0.0,1.0,0.0
4.0,27.0,1.0,78.0,1.0,1.0,0.0,0.0,0.0,1.61,3.22,0.0,1.61,32.0,,,130868.48,246167.25,0.0,0.0,1.0,0.0
7.0,36.0,1.0,78.0,1.0,1.0,0.0,2.0,0.0,0.0,2.0,10.0,,,,,130868.48,246167.25,0.0,0.0,1.0,0.0
4.0,31.0,1.0,78.0,1.0,1.0,0.0,1.0,0.0,0.0,1.0,4.0,4.0,4.0,,,130868.48,246167.25,0.0,0.0,1.0,0.0
3.0,110.0,1.0,78.0,,1.0,1.0,0.0,0.0,0.0,0.0,4.0,3.0,47.0,1.0,0.0,130868.48,246167.25,0.0,0.0,0.0,4.0
5.0,25.0,1.0,78.0,1.0,2.0,1.0,1.0,0.0,2.0,2.0,2.0,,,,,130868.48,246167.25,0.0,0.0,1.0,0.0
7.0,38.0,1.0,78.0,1.0,1.0,1.0,2.0,1.0,2.0,2.0,12.0,,,,,130868.48,246167.25,0.0,0.0,1.0,0.0
6.0,52.0,1.0,78.0,1.0,1.0,1.0,0.0,0.0,0.0,0.0,8.0,,,,,130868.48,246167.25,0.0,0.0,1.0,0.0
6.0,54.0,1.0,78.0,1.0,1.0,0.0,0.0,0.0,0.0,3.0,10.0,,,,,130868.48,246167.25,0.0,0.0,1.0,0.0
4.0,308.0,1.0,78.0,3.0,2.0,1.0,0.0,0.0,0.0,0.0,0.0,,0.0,,,130868.48,246167.25,0.0,0.0,1.0,0.0
6.0,61.0,1.0,78.0,1.0,1.0,0.0,3.0,0.0,0.0,2.0,3.0,,,,,130868.48,246167.25,0.0,0.0,1.0,0.0
1.0,108.0,1.0,78.0,,1.0,1.0,,,,,,10.0,26.0,1.0,2.0,130868.48,246167.25,0.0,0.0,0.0,10.0
3.0,111.0,1.0,78.0,,1.0,1.0,3.0,0.0,3.0,1.0,2.0,2.0,17.0,1.0,0.0,130868.48,246167.25,0.0,0.0,0.0,2.0
2.0,7.578386e+07,1.0,78.0,1.0,0.0,0.0,0.0,0.0,2.0,0.0,0.0,15.0,28.0,1.0,0.0,130868.48,246167.25,0.0,0.0,0.0,0.0
5.0,48.0,1.0,78.0,4.0,1.0,1.0,1.0,1.0,1.0,1.0,1.0,,,,,130868.48,246167.25,0.0,0.0,1.0,0.0
4.0,28.0,1.0,78.0,1.0,1.0,0.0,0.0,0.0,0.0,0.0,7.0,7.0,15.0,,,130868.48,246167.25,0.0,0.0,1.0,0.0
4.0,30.0,1.0,78.0,1.0,1.0,1.0,2.0,0.0,4.0,4.0,15.0,15.0,65.0,,,130868.48,246167.25,0.0,0.0,1.0,0.0
7.0,41.0,1.0,78.0,1.0,1.0,0.0,2.0,1.0,3.0,3.0,10.0,,,,,130868.48,246167.25,0.0,0.0,1.0,1.0
6.0,58.0,1.0,78.0,1.0,1.0,1.0,0.0,0.0,0.0,0.0,16.0,,,,,130868.48,246167.25,0.0,0.0,1.0,0.0
7.0,39.0,1.0,78.0,1.0,1.0,1.0,1.0,0.0,1.0,2.0,18.0,,,,,130868.48,246167.25,0.0,0.0,1.0,0.0
6.0,56.0,1.0,78.0,1.0,1.0,1.0,8.0,0.0,15.0,16.0,50.0,,,,,130868.48,246167.25,0.0,0.0,1.0,0.0
5.0,29.0,1.0,78.0,1.0,2.0,0.0,0.0,0.0,2.0,1.0,4.0,,,,,130868.48,246167.25,0.0,0.0,1.0,0.0
5.0,28.0,1.0,78.0,1.0,2.0,0.0,1.0,0.0,0.0,2.0,8.0,,,,,130868.48,246167.25,0.0,0.0,1.0,0.0
4.0,404.0,1.0,78.0,4.0,1.0,1.0,0.0,0.0,0.0,3.0,6.0,,30.0,,,130868.48,246167.25,0.0,0.0,1.0,0.0
6.0,62.0,1.0,78.0,1.0,1.0,0.0,1.0,0.0,2.0,2.0,6.44,,,,,130868.48,246167.25,0.0,0.0,1.0,0.0
5.0,24.0,1.0,78.0,1.0,1.0,1.0,1.0,1.0,1.0,1.0,0.0,,,,,130868.48,246167.25,0.0,0.0,1.0,0.0
2.0,7.578578e+07,1.0,78.0,1.0,0.0,1.0,2.0,0.0,0.0,0.0,0.0,8.0,24.0,1.0,0.0,130868.48,246167.25,0.0,0.0,0.0,0.0
5.0,26.0,1.0,78.0,1.0,2.0,0.0,1.0,0.0,2.0,1.0,40.0,,,,,130868.48,246167.25,0.0,0.0,1.0,0.0
2.0,7.578523e+07,1.0,78.0,1.0,0.0,1.0,3.0,0.0,1.0,0.0,0.0,3.0,30.0,0.0,0.0,130868.48,246167.25,0.0,0.0,0.0,0.0
7.0,40.0,1.0,78.0,1.0,1.0,0.0,0.0,0.0,3.0,3.0,3.0,,,,,130868.48,246167.25,0.0,0.0,1.0,0.0
7.0,37.0,1.0,78.0,1.0,1.0,0.0,1.0,0.0,1.0,2.0,7.0,,,,,130868.48,246167.25,0.0,0.0,1.0,0.0
7.0,43.0,1.0,78.0,1.0,1.0,1.0,0.0,0.0,0.0,2.0,3.0,,,,,130868.48,246167.25,0.0,0.0,1.0,0.0
2.0,7.578951e+07,1.0,78.0,1.0,0.0,0.0,0.0,0.0,0.0,0.0,0.0,10.0,11.0,0.0,0.0,130868.48,246167.25,0.0,0.0,0.0,0.0
1.0,109.0,1.0,78.0,,1.0,1.0,,,,,,12.0,12.0,0.0,8.0,130868.48,246167.25,0.0,0.0,0.0,12.0
6.0,66.0,1.0,79.0,1.0,1.0,0.0,0.0,0.0,2.0,2.0,13.0,,,,,97250.3,204290.72,0.0,0.0,1.0,0.0
5.0,43.0,1.0,79.0,3.0,1.0,0.0,0.0,0.0,1.0,3.0,3.0,,,,,97250.3,204290.72,0.0,0.0,1.0,0.0
2.0,5.791423e+06,1.0,79.0,1.0,0.0,1.0,,,,0.0,0.0,6.0,20.0,1.0,,97250.3,204290.72,0.0,0.0,0.0,0.0
7.0,65.0,1.0,79.0,2.0,1.0,0.0,1.0,0.0,1.0,1.0,2.0,,,,,97250.3,204290.72,0.0,0.0,1.0,0.0
7.0,50.0,1.0,79.0,1.0,1.0,1.0,2.0,0.0,2.0,2.0,20.0,,,,,97250.3,204290.72,0.0,0.0,1.0,0.0
3.0,115.0,1.0,79.0,,1.0,1.0,1.0,0.0,1.0,0.0,0.0,2.0,12.0,1.0,2.0,97250.3,204290.72,0.0,0.0,0.0,2.0
6.0,71.0,1.0,79.0,1.0,1.0,1.0,0.0,0.0,2.0,6.0,5.0,,,,,97250.3,204290.72,0.0,0.0,1.0,0.0
2.0,5.795817e+06,1.0,79.0,1.0,0.0,1.0,0.0,0.0,0.0,1.0,0.0,5.0,30.0,,0.0,97250.3,204290.72,0.0,0.0,0.0,0.0
4.0,306.0,1.0,79.0,3.0,1.0,1.0,1.0,0.0,3.0,1.0,2.0,,2.0,,,97250.3,204290.72,0.0,0.0,1.0,0.0
3.0,114.0,1.0,79.0,,1.0,1.0,0.0,0.0,1.0,1.0,1.0,3.0,5.0,1.0,4.0,97250.3,204290.72,0.0,0.0,0.0,5.0
7.0,48.0,1.0,79.0,1.0,1.0,1.0,1.0,1.0,2.0,1.0,8.0,,,,,97250.3,204290.72,0.0,0.0,1.0,0.0
7.0,64.0,1.0,79.0,2.0,1.0,0.0,3.0,0.0,6.0,6.0,6.0,,,,,97250.3,204290.72,0.0,0.0,1.0,0.0
4.0,22.0,1.0,79.0,1.0,1.0,0.0,0.0,0.0,0.0,5.0,14.0,15.0,25.0,,,97250.3,204290.72,0.0,0.0,1.0,0.0
3.0,112.0,1.0,79.0,,0.0,1.0,0.0,0.0,1.0,1.0,6.0,6.0,22.0,1.0,1.0,97250.3,204290.72,0.0,0.0,0.0,6.0
5.0,30.0,1.0,79.0,1.0,1.0,0.0,3.0,0.0,0.0,4.0,4.0,,,,,97250.3,204290.72,0.0,0.0,1.0,0.0
4.0,403.0,1.0,79.0,4.0,1.0,1.0,4.0,0.0,4.0,4.0,6.0,,36.0,,,97250.3,204290.72,0.0,0.0,1.0,0.0
7.0,45.0,1.0,79.0,1.0,1.0,0.0,2.0,0.0,1.0,3.0,13.0,,,,,97250.3,204290.72,0.0,0.0,1.0,0.0
5.0,33.0,1.0,79.0,1.0,1.0,1.0,1.0,0.0,0.0,1.0,8.0,,,,,97250.3,204290.72,0.0,0.0,1.0,0.0
4.0,21.0,1.0,79.0,1.0,2.0,0.0,1.0,0.0,4.0,4.0,32.2,32.2,32.2,,,97250.3,204290.72,0.0,0.0,1.0,0.0
3.0,113.0,1.0,79.0,,0.0,1.0,0.0,0.0,0.0,2.0,3.0,5.0,19.0,1.0,2.0,97250.3,204290.72,0.0,0.0,0.0,5.0
7.0,47.0,1.0,79.0,1.0,1.0,1.0,0.0,0.0,1.0,3.0,10.0,,,,,97250.3,204290.72,0.0,0.0,1.0,0.0
7.0,49.0,1.0,79.0,1.0,1.0,0.0,0.0,1.0,0.0,2.0,5.0,,,,,97250.3,204290.72,0.0,0.0,1.0,0.0
6.0,65.0,1.0,79.0,1.0,1.0,1.0,3.0,0.0,2.0,2.0,12.0,,,,,97250.3,204290.72,0.0,0.0,1.0,0.0
7.0,44.0,1.0,79.0,1.0,1.0,1.0,1.0,0.0,0.0,0.0,3.0,,,,,97250.3,204290.72,0.0,0.0,1.0,0.0
1.0,112.0,1.0,79.0,,1.0,0.0,,,,,,5.0,30.0,0.0,2.0,97250.3,204290.72,0.0,0.0,0.0,5.0
2.0,5.798043e+06,1.0,79.0,1.0,0.0,1.0,2.0,0.0,1.0,0.0,0.0,6.0,6.0,1.0,0.0,97250.3,204290.72,0.0,0.0,0.0,0.0
6.0,69.0,1.0,79.0,1.0,1.0,0.0,2.0,2.0,2.0,2.0,11.0,,,,,97250.3,204290.72,0.0,0.0,1.0,1.0
6.0,68.0,1.0,79.0,2.0,1.0,0.0,0.0,0.0,1.0,2.0,2.0,,,,,97250.3,204290.72,0.0,0.0,1.0,0.0
6.0,64.0,1.0,79.0,1.0,1.0,0.0,0.0,0.0,0.0,0.0,10.0,,,,,97250.3,204290.72,0.0,0.0,1.0,0.0
6.0,63.0,1.0,79.0,2.0,1.0,1.0,0.0,0.0,2.0,0.0,0.0,,,,,97250.3,204290.72,0.0,0.0,1.0,0.0
5.0,49.0,1.0,79.0,4.0,1.0,1.0,0.0,0.0,0.0,0.0,0.0,,,,,97250.3,204290.72,0.0,0.0,1.0,0.0
6.0,72.0,1.0,79.0,1.0,1.0,0.0,1.0,0.0,2.0,2.0,5.0,,,,,97250.3,204290.72,0.0,0.0,1.0,0.0
5.0,31.0,1.0,79.0,1.0,1.0,1.0,0.0,0.0,0.0,3.0,8.0,,,,,97250.3,204290.72,0.0,0.0,1.0,0.0
6.0,67.0,1.0,79.0,1.0,2.0,1.0,4.83,0.0,0.0,2.0,12.0,,,,,97250.3,204290.72,0.0,0.0,1.0,0.0
4.0,19.0,1.0,79.0,1.0,2.0,1.0,0.0,0.0,0.0,0.0,10.0,20.93,15.0,,,97250.3,204290.72,0.0,0.0,1.0,0.0
1.0,113.0,1.0,79.0,,0.0,1.0,,,,,,3.0,12.0,1.0,1.0,97250.3,204290.72,0.0,0.0,0.0,3.0
1.0,115.0,1.0,79.0,,1.0,1.0,,,,,,1.0,8.0,0.0,2.0,97250.3,204290.72,0.0,0.0,0.0,2.0
7.0,46.0,1.0,79.0,1.0,1.0,0.0,0.0,1.0,3.0,2.0,15.0,,,,,97250.3,204290.72,0.0,0.0,1.0,1.0
5.0,32.0,1.0,79.0,1.0,1.0,1.0,1.0,0.0,2.0,2.0,17.0,,,,,97250.3,204290.72,0.0,0.0,1.0,0.0
7.0,63.0,1.0,79.0,2.0,1.0,0.0,0.0,0.0,2.0,1.0,2.0,,,,,97250.3,204290.72,0.0,0.0,1.0,0.0
4.0,20.0,1.0,79.0,1.0,1.0,0.0,1.0,0.0,2.0,2.0,3.0,3.0,44.0,,,97250.3,204290.72,0.0,0.0,1.0,0.0
1.0,114.0,1.0,79.0,,1.0,1.0,,,,,,5.0,5.0,1.0,1.0,97250.3,204290.72,0.0,0.0,0.0,5.0
6.0,70.0,1.0,79.0,2.0,1.0,0.0,0.0,0.0,2.0,1.0,4.0,,,,,97250.3,204290.72,0.0,0.0,1.0,0.0
2.0,5.797684e+06,1.0,79.0,1.0,0.0,1.0,3.0,0.0,1.0,1.0,0.0,2.0,11.0,,,97250.3,204290.72,0.0,0.0,0.0,0.0
7.0,441.0,5.0,81.0,3.0,1.0,1.0,0.0,0.0,1.0,1.0,1.0,,,,,194573.34,110592.734,1.0,1.0,1.0,0.0
1.0,501.0,5.0,81.0,,0.0,1.0,,,,,,0.0,0.0,1.0,0.0,194573.34,110592.734,1.0,1.0,0.0,1.0
7.0,407.0,5.0,81.0,1.0,1.0,1.0,1.0,0.0,1.0,2.0,13.0,,,,,194573.34,110592.734,1.0,1.0,1.0,1.0
6.0,426.0,5.0,81.0,1.0,1.0,0.0,0.0,0.0,1.61,1.0,6.0,,,,,194573.34,110592.734,1.0,1.0,1.0,0.0
7.0,436.0,5.0,81.0,2.0,1.0,0.0,2.0,0.0,1.0,0.0,7.0,,,,,194573.34,110592.734,1.0,1.0,1.0,0.0
7.0,435.0,5.0,81.0,2.0,1.0,0.0,0.0,0.0,1.0,0.0,4.0,,,,,194573.34,110592.734,1.0,1.0,1.0,0.0
1.0,561.0,5.0,81.0,,0.0,1.0,,,,,,10.0,30.0,0.0,2.0,194573.34,110592.734,1.0,1.0,0.0,6.0
5.0,280.0,5.0,81.0,1.0,1.0,1.0,0.0,0.0,1.0,0.0,0.0,,,,,194573.34,110592.734,1.0,1.0,1.0,0.0
2.0,8.081128e+07,5.0,81.0,1.0,0.0,1.0,0.0,0.0,0.0,0.0,0.0,10.0,30.0,0.0,,194573.34,110592.734,1.0,1.0,0.0,2.0
7.0,403.0,5.0,81.0,1.0,1.0,0.0,4.0,1.0,3.0,3.0,20.0,,,,,194573.34,110592.734,1.0,1.0,1.0,1.0
7.0,404.0,5.0,81.0,1.0,1.0,1.0,1.0,0.0,0.0,3.0,18.0,,,,,194573.34,110592.734,1.0,1.0,1.0,0.0
7.0,444.0,5.0,81.0,3.0,1.0,1.0,0.0,0.0,4.0,2.0,6.0,,,,,194573.34,110592.734,1.0,1.0,1.0,0.0
4.0,549.0,5.0,81.0,5.0,1.0,1.0,0.0,0.0,0.0,0.0,6.0,,9.66,,,194573.34,110592.734,1.0,1.0,1.0,0.0
7.0,434.0,5.0,81.0,2.0,1.0,1.0,1.0,0.0,1.0,1.0,2.0,,,,,194573.34,110592.734,1.0,1.0,1.0,1.0
1.0,562.0,5.0,81.0,,1.0,1.0,,,,,,12.0,30.0,1.0,1.0,194573.34,110592.734,1.0,1.0,0.0,12.0
6.0,419.0,5.0,81.0,1.0,1.0,1.0,0.0,0.0,3.0,3.0,25.0,,,,,194573.34,110592.734,1.0,1.0,1.0,0.0
3.0,560.0,5.0,81.0,,1.0,0.0,0.0,0.0,2.0,1.0,7.0,6.0,15.0,1.0,3.0,194573.34,110592.734,1.0,1.0,0.0,7.0
1.0,559.0,5.0,81.0,,0.0,1.0,,,,,,7.0,25.0,0.0,2.0,194573.34,110592.734,1.0,1.0,0.0,7.0
7.0,442.0,5.0,81.0,3.0,1.0,1.0,1.0,1.0,1.0,2.0,2.0,,,,,194573.34,110592.734,1.0,1.0,1.0,0.0
6.0,420.0,5.0,81.0,3.0,1.0,1.0,0.0,0.0,1.0,1.0,1.0,,,,,194573.34,110592.734,1.0,1.0,1.0,0.0
6.0,430.0,5.0,81.0,3.0,1.0,1.0,0.0,0.0,1.0,1.0,5.0,,,,,194573.34,110592.734,1.0,1.0,1.0,0.0
6.0,428.0,5.0,81.0,2.0,1.0,0.0,1.0,1.0,1.0,1.0,10.0,,,,,194573.34,110592.734,1.0,1.0,1.0,0.0
7.0,437.0,5.0,81.0,2.0,1.0,1.0,0.0,0.0,1.0,1.0,5.0,,,,,194573.34,110592.734,1.0,1.0,1.0,0.0
5.0,292.0,5.0,81.0,2.0,1.0,0.0,0.0,0.0,0.0,0.0,0.0,,,,,194573.34,110592.734,1.0,1.0,1.0,0.0
6.0,423.0,5.0,81.0,2.0,2.0,0.0,1.0,1.0,1.0,1.0,18.0,,,,,194573.34,110592.734,1.0,1.0,1.0,0.0
6.0,418.0,5.0,81.0,1.0,1.0,0.0,2.0,0.0,0.0,0.0,6.0,,,,,194573.34,110592.734,1.0,1.0,1.0,0.0
7.0,406.0,5.0,81.0,1.0,1.0,0.0,0.0,0.0,0.0,0.0,3.0,,,,,194573.34,110592.734,1.0,1.0,1.0,0.0
6.0,429.0,5.0,81.0,3.0,1.0,0.0,0.0,0.0,1.0,1.0,5.0,,,,,194573.34,110592.734,1.0,1.0,1.0,0.0
2.0,8.081828e+07,5.0,81.0,1.0,0.0,1.0,2.0,14.0,2.0,1.0,0.0,14.0,34.0,1.0,,194573.34,110592.734,1.0,1.0,0.0,1.0
5.0,286.0,5.0,81.0,1.0,1.0,1.0,0.0,0.0,4.0,4.0,4.0,,,,,194573.34,110592.734,1.0,1.0,1.0,0.0
2.0,8.081254e+07,5.0,81.0,1.0,0.0,0.0,0.0,0.0,2.0,0.0,0.0,7.0,18.0,1.0,,194573.34,110592.734,1.0,1.0,0.0,7.0
6.0,424.0,5.0,81.0,1.0,1.0,0.0,1.0,1.0,3.0,3.0,13.0,,,,,194573.34,110592.734,1.0,1.0,1.0,0.0
6.0,417.0,5.0,81.0,2.0,1.0,0.0,0.0,0.0,0.0,0.0,0.0,,,,,194573.34,110592.734,1.0,1.0,1.0,0.0
2.0,8.081349e+07,5.0,81.0,1.0,1.0,0.0,2.0,0.0,1.0,0.0,0.0,15.0,15.0,0.0,0.0,194573.34,110592.734,1.0,1.0,0.0,0.0
3.0,502.0,5.0,81.0,,0.0,0.0,2.0,0.0,1.0,1.0,10.0,10.0,13.0,1.0,1.0,194573.34,110592.734,1.0,1.0,0.0,5.0
5.0,281.0,5.0,81.0,1.0,1.0,1.0,0.0,0.0,0.0,0.0,15.0,,,,,194573.34,110592.734,1.0,1.0,1.0,0.0
4.0,339.0,5.0,81.0,3.0,2.0,1.0,0.0,0.0,0.0,1.0,2.0,,55.0,,,194573.34,110592.734,1.0,1.0,1.0,0.0
4.0,194.0,5.0,81.0,1.0,2.0,1.0,2.0,0.0,0.0,1.0,7.0,7.0,45.0,,,194573.34,110592.734,1.0,1.0,1.0,0.0
1.0,502.0,5.0,81.0,,0.0,1.0,,,,,,8.0,10.0,1.0,1.0,194573.34,110592.734,1.0,1.0,0.0,3.0
5.0,293.0,5.0,81.0,2.0,1.0,0.0,0.0,0.0,0.0,0.0,0.0,,,,,194573.34,110592.734,1.0,1.0,1.0,0.0
3.0,562.0,5.0,81.0,,1.0,1.0,1.0,1.0,1.0,1.0,1.0,18.0,48.0,1.0,2.0,194573.34,110592.734,1.0,1.0,0.0,18.0
5.0,282.0,5.0,81.0,1.0,1.0,0.0,0.0,0.0,2.0,2.0,10.0,,,,,194573.34,110592.734,1.0,1.0,1.0,0.0
4.0,193.0,5.0,81.0,1.0,1.0,1.0,0.0,1.0,1.0,1.0,3.0,5.0,50.0,,,194573.34,110592.734,1.0,1.0,1.0,0.0
5.0,294.0,5.0,81.0,2.0,1.0,0.0,1.0,0.0,2.0,2.0,6.0,,,,,194573.34,110592.734,1.0,1.0,1.0,0.0
7.0,401.0,5.0,81.0,1.0,1.0,0.0,0.0,0.0,3.0,3.0,7.0,,,,,194573.34,110592.734,1.0,1.0,1.0,0.0
4.0,195.0,5.0,81.0,1.0,1.0,0.0,0.0,0.0,0.0,0.0,2.0,5.0,19.0,,,194573.34,110592.734,1.0,1.0,1.0,0.0
7.0,405.0,5.0,81.0,1.0,1.0,1.0,0.0,0.0,1.0,3.0,12.0,,,,,194573.34,110592.734,1.0,1.0,1.0,0.0
7.0,443.0,5.0,81.0,3.0,1.0,1.0,2.0,0.0,1.0,0.0,5.0,,,,,194573.34,110592.734,1.0,1.0,1.0,1.0
6.0,431.0,5.0,81.0,2.0,1.0,1.0,0.0,0.0,1.0,3.0,13.0,,,,,194573.34,110592.734,1.0,1.0,1.0,0.0
6.0,421.0,5.0,81.0,3.0,2.0,1.0,1.0,0.0,0.0,0.0,0.0,,,,,194573.34,110592.734,1.0,1.0,1.0,0.0
3.0,501.0,5.0,81.0,,0.0,1.0,0.0,0.0,0.0,0.0,1.0,0.0,0.0,0.0,0.0,194573.34,110592.734,1.0,1.0,0.0,7.0
6.0,422.0,5.0,81.0,1.0,1.0,0.0,2.0,0.0,9.0,2.0,9.0,,,,,194573.34,110592.734,1.0,1.0,1.0,0.0
6.0,427.0,5.0,81.0,2.0,1.0,0.0,0.0,0.0,4.0,4.0,4.0,,,,,194573.34,110592.734,1.0,1.0,1.0,0.0
4.0,550.0,5.0,81.0,5.0,1.0,1.0,0.0,0.0,0.0,0.0,2.0,,13.0,,,194573.34,110592.734,1.0,1.0,1.0,0.0
3.0,559.0,5.0,81.0,,0.0,1.0,0.0,0.0,3.0,3.0,10.0,10.0,26.0,0.0,4.0,194573.34,110592.734,1.0,1.0,0.0,10.0
3.0,561.0,5.0,81.0,,1.0,1.0,0.0,0.0,0.0,0.0,6.0,5.0,32.0,0.0,1.0,194573.34,110592.734,1.0,1.0,0.0,10.0
4.0,548.0,5.0,81.0,3.0,1.0,0.0,2.0,0.0,0.0,2.0,3.0,,3.0,,,194573.34,110592.734,1.0,1.0,1.0,0.0
1.0,560.0,5.0,81.0,,1.0,1.0,,,,,,3.0,14.0,1.0,1.0,194573.34,110592.734,1.0,1.0,0.0,3.0
7.0,445.0,5.0,81.0,3.0,1.0,1.0,3.0,4.0,5.0,7.0,10.0,,,,,194573.34,110592.734,1.0,1.0,1.0,0.0
6.0,432.0,5.0,81.0,1.0,1.0,0.0,4.0,1.0,4.0,3.0,18.0,,,,,194573.34,110592.734,1.0,1.0,1.0,0.0
7.0,402.0,5.0,81.0,1.0,1.0,0.0,0.0,0.0,0.0,0.0,14.0,,,,,194573.34,110592.734,1.0,1.0,1.0,0.0
2.0,8.0819416e+07,5.0,81.0,1.0,0.0,1.0,4.0,0.0,1.0,0.0,0.0,10.0,30.0,0.0,0.0,194573.34,110592.734,1.0,1.0,0.0,0.0
6.0,425.0,5.0,81.0,3.0,2.0,1.0,1.0,0.0,0.0,1.0,2.0,,,,,194573.34,110592.734,1.0,1.0,1.0,0.0
7.0,213.0,3.0,82.0,1.0,1.0,0.0,3.0,3.0,3.0,3.0,25.0,,,,,72738.96,78508.766,0.0,0.0,1.0,0.0
7.0,248.0,3.0,82.0,2.0,1.0,1.0,1.0,1.0,1.0,1.0,1.61,,,,,72738.96,78508.766,0.0,0.0,1.0,0.0
4.0,92.0,3.0,82.0,1.0,1.0,0.0,2.0,0.0,3.22,3.22,2.0,8.0,22.0,,,72738.96,78508.766,0.0,0.0,1.0,0.0
3.0,328.0,3.0,82.0,,0.0,0.0,0.0,0.0,0.0,0.0,0.0,0.0,0.0,0.0,3.0,72738.96,78508.766,0.0,0.0,0.0,1.0
1.0,347.0,3.0,82.0,,1.0,1.0,,,,,,7.0,7.0,1.0,2.0,72738.96,78508.766,0.0,0.0,0.0,7.0
3.0,347.0,3.0,82.0,,0.0,0.0,1.0,1.0,2.0,2.0,10.0,7.0,7.0,0.0,1.0,72738.96,78508.766,0.0,0.0,0.0,1.0
7.0,214.0,3.0,82.0,1.0,1.0,0.0,0.0,0.0,4.0,4.0,2.0,,,,,72738.96,78508.766,0.0,0.0,1.0,0.0
1.0,346.0,3.0,82.0,,1.0,0.0,,,,,,10.0,11.0,1.0,2.0,72738.96,78508.766,0.0,0.0,0.0,10.0
5.0,145.0,3.0,82.0,1.0,1.0,1.0,2.0,0.0,0.0,0.0,8.0,,,,,72738.96,78508.766,0.0,0.0,1.0,0.0
1.0,328.0,3.0,82.0,,0.0,0.0,,,,,,0.0,0.0,1.0,1.0,72738.96,78508.766,0.0,0.0,0.0,
4.0,317.0,3.0,82.0,3.0,2.0,0.0,1.0,1.0,1.0,1.0,1.0,,26.0,,,72738.96,78508.766,0.0,0.0,1.0,0.0
6.0,258.0,3.0,82.0,1.0,1.0,0.0,2.0,1.0,1.0,1.0,15.0,,,,,72738.96,78508.766,0.0,0.0,1.0,0.0
3.0,346.0,3.0,82.0,,0.0,0.0,1.0,1.0,2.0,1.0,5.0,10.0,13.0,0.0,5.0,72738.96,78508.766,0.0,0.0,0.0,10.0
1.0,327.0,3.0,82.0,,0.0,0.0,,,,,,0.0,0.0,0.0,0.0,72738.96,78508.766,0.0,0.0,0.0,
6.0,259.0,3.0,82.0,1.0,1.0,0.0,3.0,0.0,0.0,3.0,3.0,,,,,72738.96,78508.766,0.0,0.0,1.0,1.0
3.0,534.0,5.0,85.0,,0.0,0.0,3.0,0.0,1.0,2.0,3.0,4.0,15.0,1.0,3.0,271224.34,153130.3,1.0,1.0,0.0,4.0
5.0,314.0,5.0,85.0,1.0,1.0,0.0,3.0,1.0,1.0,2.0,3.0,,,,,271224.34,153130.3,1.0,1.0,1.0,0.0
1.0,534.0,5.0,85.0,,0.0,0.0,,,,,,3.0,18.0,1.0,3.0,271224.34,153130.3,1.0,1.0,0.0,3.0
3.0,536.0,5.0,85.0,,0.0,1.0,0.0,1.0,1.0,1.0,6.0,6.0,6.0,1.0,5.0,271224.34,153130.3,1.0,1.0,0.0,6.0
5.0,285.0,5.0,85.0,1.0,1.0,0.0,1.0,1.0,6.0,4.0,3.0,,,,,271224.34,153130.3,1.0,1.0,1.0,0.0
4.0,213.0,5.0,85.0,1.0,2.0,1.0,3.0,0.0,3.0,3.0,3.0,18.0,52.0,,,271224.34,153130.3,1.0,1.0,1.0,0.0
1.0,537.0,5.0,85.0,,0.0,0.0,,,,,,14.0,14.0,0.0,1.0,271224.34,153130.3,1.0,1.0,0.0,2.0
4.0,210.0,5.0,85.0,1.0,2.0,1.0,0.0,0.0,0.0,3.0,3.0,2.0,20.0,,,271224.34,153130.3,1.0,1.0,1.0,2.0
1.0,538.0,5.0,85.0,,0.0,1.0,,,,,,6.0,30.0,0.0,1.0,271224.34,153130.3,1.0,1.0,0.0,6.0
2.0,8.585761e+07,5.0,85.0,1.0,0.0,0.0,1.0,0.0,0.0,0.0,0.0,6.0,36.0,1.0,0.0,271224.34,153130.3,1.0,1.0,0.0,0.0
4.0,209.0,5.0,85.0,1.0,1.0,1.0,0.0,0.0,0.0,0.0,10.0,10.0,35.0,,,271224.34,153130.3,1.0,1.0,1.0,0.0
1.0,506.0,5.0,85.0,,0.0,0.0,,,,,,12.0,4.0,0.0,1.0,271224.34,153130.3,1.0,1.0,0.0,12.0
3.0,537.0,5.0,85.0,,0.0,0.0,1.0,0.0,1.0,1.0,2.0,16.0,16.0,0.0,1.0,271224.34,153130.3,1.0,1.0,0.0,16.0
2.0,8.585422e+07,5.0,85.0,1.0,0.0,,5.0,0.0,1.0,0.0,0.0,5.0,26.0,0.0,0.0,271224.34,153130.3,1.0,1.0,0.0,0.0
4.0,211.0,5.0,85.0,1.0,2.0,0.0,0.0,0.0,4.0,4.0,4.0,6.0,6.0,,,271224.34,153130.3,1.0,1.0,1.0,0.0
5.0,284.0,5.0,85.0,1.0,1.0,1.0,2.0,2.0,2.0,2.0,12.0,,,,,271224.34,153130.3,1.0,1.0,1.0,0.0
5.0,307.0,5.0,85.0,3.0,2.0,1.0,0.0,0.0,0.0,0.0,0.0,,,,,271224.34,153130.3,1.0,1.0,1.0,0.0
3.0,507.0,5.0,85.0,,0.0,0.0,0.0,0.0,0.0,0.0,0.0,0.0,0.0,0.0,5.0,271224.34,153130.3,1.0,1.0,0.0,0.0
1.0,536.0,5.0,85.0,,1.0,1.0,,,,,,4.0,4.0,0.0,2.0,271224.34,153130.3,1.0,1.0,0.0,3.0
2.0,8.585925e+07,5.0,85.0,1.0,0.0,1.0,2.0,0.0,2.0,0.0,0.0,5.0,14.0,1.0,0.0,271224.34,153130.3,1.0,1.0,0.0,0.0
4.0,212.0,5.0,85.0,1.0,1.0,0.0,1.0,0.0,2.0,2.0,28.0,30.0,50.0,,,271224.34,153130.3,1.0,1.0,1.0,0.0
3.0,535.0,5.0,85.0,,0.0,1.0,0.0,0.0,2.0,2.0,6.0,6.0,12.0,1.0,2.0,271224.34,153130.3,1.0,1.0,0.0,4.0
4.0,343.0,5.0,85.0,3.0,1.0,0.0,0.0,0.0,3.0,5.0,6.0,,3.0,,,271224.34,153130.3,1.0,1.0,1.0,0.0
1.0,535.0,5.0,85.0,,1.0,1.0,,,,,,5.0,14.0,1.0,2.0,271224.34,153130.3,1.0,1.0,0.0,5.0
1.0,507.0,5.0,85.0,,0.0,1.0,,,,,,0.0,0.0,0.0,0.0,271224.34,153130.3,1.0,1.0,0.0,1.0
2.0,8.585582e+07,5.0,85.0,1.0,1.0,,5.0,,2.0,0.0,0.0,30.0,50.0,0.0,,271224.34,153130.3,1.0,1.0,0.0,2.0
2.0,8.585499e+07,5.0,85.0,1.0,0.0,1.0,1.0,1.0,1.0,0.0,0.0,7.0,6.0,1.0,0.0,271224.34,153130.3,1.0,1.0,0.0,0.0
5.0,283.0,5.0,85.0,1.0,1.0,0.0,3.0,0.0,2.0,2.0,5.0,,,,,271224.34,153130.3,1.0,1.0,1.0,0.0
5.0,306.0,5.0,85.0,3.0,1.0,1.0,1.0,0.0,0.0,1.0,16.0,,,,,271224.34,153130.3,1.0,1.0,1.0,0.0
3.0,538.0,5.0,85.0,,0.0,1.0,0.0,0.0,3.0,3.0,3.0,7.0,24.0,1.0,3.0,271224.34,153130.3,1.0,1.0,0.0,7.0
3.0,506.0,5.0,85.0,,0.0,1.0,0.0,0.0,0.0,0.0,5.0,4.0,6.0,0.0,4.0,271224.34,153130.3,1.0,1.0,0.0,1.0
7.0,216.0,3.0,86.0,1.0,1.0,0.0,0.0,1.0,2.0,2.0,20.0,,,,,28357.508,145198.77,0.0,0.0,1.0,0.0
4.0,93.0,3.0,86.0,1.0,1.0,1.0,2.0,0.0,0.0,2.0,4.0,4.0,35.0,,,28357.508,145198.77,0.0,0.0,1.0,0.0
1.0,343.0,3.0,86.0,,0.0,0.0,,,,,,7.0,15.0,0.0,4.0,28357.508,145198.77,0.0,0.0,0.0,7.0
6.0,260.0,3.0,86.0,1.0,1.0,0.0,0.0,0.0,0.0,1.0,12.0,,,,,28357.508,145198.77,0.0,0.0,1.0,0.0
3.0,341.0,3.0,86.0,,0.0,0.0,0.0,0.0,4.0,2.0,4.0,4.0,5.0,1.0,4.0,28357.508,145198.77,0.0,0.0,0.0,4.0
1.0,341.0,3.0,86.0,,0.0,0.0,,,,,,2.0,2.0,0.0,3.0,28357.508,145198.77,0.0,0.0,0.0,3.0
3.0,343.0,3.0,86.0,,0.0,0.0,6.0,0.0,4.0,4.0,7.0,8.0,30.0,1.0,4.0,28357.508,145198.77,0.0,0.0,0.0,8.0
6.0,261.0,3.0,86.0,1.0,2.0,1.0,13.0,0.0,2.0,2.0,10.0,,,,,28357.508,145198.77,0.0,0.0,1.0,0.0
5.0,146.0,3.0,86.0,1.0,1.0,0.0,2.0,0.0,0.0,0.0,5.0,,,,,28357.508,145198.77,0.0,0.0,1.0,0.0
2.0,4.0866584e+07,3.0,86.0,1.0,0.0,0.0,10.0,0.0,10.0,1.0,0.0,10.0,10.0,0.0,0.0,28357.508,145198.77,0.0,0.0,0.0,0.0
4.0,94.0,3.0,86.0,1.0,1.0,1.0,2.0,0.0,2.0,2.0,4.0,4.0,22.0,,,28357.508,145198.77,0.0,0.0,1.0,2.0
1.0,342.0,3.0,86.0,,0.0,0.0,,,,,,8.0,8.0,0.0,0.0,28357.508,145198.77,0.0,0.0,0.0,8.0
7.0,215.0,3.0,86.0,1.0,1.0,0.0,4.0,2.0,3.0,3.0,5.0,,,,,28357.508,145198.77,0.0,0.0,1.0,0.0
2.0,4.086365e+07,3.0,86.0,1.0,0.0,0.0,3.0,30.0,3.0,0.0,0.0,10.0,30.0,,3.0,28357.508,145198.77,0.0,0.0,0.0,1.0
3.0,342.0,3.0,86.0,,0.0,0.0,0.0,0.0,1.0,2.0,5.0,6.0,5.0,1.0,4.0,28357.508,145198.77,0.0,0.0,0.0,10.0
2.0,4.086697e+07,3.0,86.0,1.0,0.0,0.0,3.0,0.0,3.0,0.0,0.0,3.0,3.0,0.0,0.0,28357.508,145198.77,0.0,0.0,0.0,0.0
4.0,144.0,4.0,87.0,1.0,2.0,1.0,0.0,0.0,0.0,2.0,4.0,5.0,21.0,,,148772.88,211410.4,0.0,0.0,1.0,0.0
5.0,221.0,4.0,87.0,1.0,1.0,1.0,2.0,0.0,0.0,1.0,6.0,,,,,148772.88,211410.4,0.0,0.0,1.0,0.0
4.0,327.0,4.0,87.0,3.0,2.0,1.0,0.0,0.0,0.0,3.0,3.0,,10.0,,,148772.88,211410.4,0.0,0.0,1.0,0.0
7.0,326.0,4.0,87.0,1.0,1.0,0.0,1.0,1.0,1.0,1.0,14.0,,,,,148772.88,211410.4,0.0,0.0,1.0,0.0
4.0,145.0,4.0,87.0,1.0,1.0,1.0,0.0,0.0,0.0,0.0,8.0,9.0,30.0,,,148772.88,211410.4,0.0,0.0,1.0,4.0
4.0,146.0,4.0,87.0,1.0,1.0,1.0,0.0,0.0,0.0,0.0,4.0,4.0,46.0,,,148772.88,211410.4,0.0,0.0,1.0,2.0
6.0,355.0,4.0,87.0,1.0,2.0,1.0,3.0,0.0,1.0,1.0,14.0,,,,,148772.88,211410.4,0.0,0.0,1.0,0.0
6.0,350.0,4.0,87.0,1.0,1.0,1.0,0.0,0.0,0.0,0.0,11.0,,,,,148772.88,211410.4,0.0,0.0,1.0,1.0
2.0,5.0878252e+07,4.0,87.0,1.0,0.0,0.0,1.0,0.0,0.0,0.0,0.0,1.0,10.0,0.0,0.0,148772.88,211410.4,0.0,0.0,0.0,0.0
7.0,325.0,4.0,87.0,1.0,2.0,0.0,0.0,0.0,0.0,0.0,7.0,,,,,148772.88,211410.4,0.0,0.0,1.0,0.0
7.0,324.0,4.0,87.0,1.0,1.0,1.0,1.0,0.0,0.0,3.0,0.0,,,,,148772.88,211410.4,0.0,0.0,1.0,0.0
7.0,329.0,4.0,87.0,1.0,1.0,1.0,0.0,0.0,0.0,3.0,,,,,,148772.88,211410.4,0.0,0.0,1.0,0.0
1.0,430.0,4.0,87.0,,1.0,0.0,,,,,,8.0,9.0,0.0,1.0,148772.88,211410.4,0.0,0.0,0.0,8.0
6.0,353.0,4.0,87.0,1.0,1.0,1.0,2.0,1.0,2.0,2.0,10.0,,,,,148772.88,211410.4,0.0,0.0,1.0,1.0
5.0,224.0,4.0,87.0,1.0,1.0,0.0,1.0,0.0,1.0,1.0,10.0,,,,,148772.88,211410.4,0.0,0.0,1.0,0.0
6.0,356.0,4.0,87.0,1.0,1.0,1.0,1.0,0.0,0.0,1.0,5.0,,,,,148772.88,211410.4,0.0,0.0,1.0,0.0
5.0,223.0,4.0,87.0,1.0,1.0,0.0,0.0,1.0,1.0,1.0,9.0,,,,,148772.88,211410.4,0.0,0.0,1.0,0.0
6.0,357.0,4.0,87.0,1.0,1.0,1.0,0.0,0.0,0.0,0.0,20.0,,,,,148772.88,211410.4,0.0,0.0,1.0,0.0
4.0,143.0,4.0,87.0,1.0,1.0,1.0,0.0,0.0,2.0,2.0,14.0,9.66,30.59,,,148772.88,211410.4,0.0,0.0,1.0,0.0
7.0,328.0,4.0,87.0,1.0,1.0,1.0,3.0,0.0,0.0,1.0,15.0,,,,,148772.88,211410.4,0.0,0.0,1.0,0.0
6.0,351.0,4.0,87.0,1.0,1.0,1.0,4.0,0.0,3.0,1.0,5.0,,,,,148772.88,211410.4,0.0,0.0,1.0,0.0
7.0,327.0,4.0,87.0,1.0,1.0,,0.0,0.0,3.0,0.0,18.0,,,,,148772.88,211410.4,0.0,0.0,1.0,0.0
1.0,428.0,4.0,87.0,,1.0,1.0,,,,,,3.0,24.0,1.0,1.0,148772.88,211410.4,0.0,0.0,0.0,4.0
2.0,5.0874772e+07,4.0,87.0,1.0,0.0,1.0,3.0,0.0,0.0,0.0,0.0,3.0,27.0,1.0,0.0,148772.88,211410.4,0.0,0.0,0.0,0.0
5.0,225.0,4.0,87.0,1.0,1.0,0.0,0.0,0.0,3.0,3.0,10.0,,,,,148772.88,211410.4,0.0,0.0,1.0,0.0
1.0,429.0,4.0,87.0,,0.0,1.0,,,,,,3.0,17.0,0.0,1.0,148772.88,211410.4,0.0,0.0,0.0,3.0
5.0,222.0,4.0,87.0,1.0,1.0,0.0,1.0,1.0,1.0,1.0,2.0,,,,,148772.88,211410.4,0.0,0.0,1.0,0.0
3.0,430.0,4.0,87.0,,1.0,1.0,0.0,0.0,1.0,1.0,1.0,8.0,9.0,1.0,2.0,148772.88,211410.4,0.0,0.0,0.0,8.0
2.0,5.087908e+07,4.0,87.0,1.0,0.0,0.0,1.0,0.0,1.0,0.0,0.0,10.0,5.0,1.0,0.0,148772.88,211410.4,0.0,0.0,0.0,0.0
7.0,349.0,4.0,87.0,2.0,1.0,1.0,0.0,0.0,1.0,1.0,3.0,,,,,148772.88,211410.4,0.0,0.0,1.0,0.0
3.0,428.0,4.0,87.0,,1.0,1.0,0.0,0.0,2.0,1.0,3.0,4.0,22.0,1.0,2.0,148772.88,211410.4,0.0,0.0,0.0,3.0
2.0,5.0870424e+07,4.0,87.0,1.0,0.0,0.0,0.0,0.0,5.0,0.0,0.0,4.0,18.0,0.0,2.0,148772.88,211410.4,0.0,0.0,0.0,0.0
6.0,349.0,4.0,87.0,2.0,1.0,1.0,1.0,0.0,0.0,0.0,12.0,,,,,148772.88,211410.4,0.0,0.0,1.0,0.0
6.0,352.0,4.0,87.0,1.0,1.0,0.0,2.0,1.0,1.0,2.0,2.0,,,,,148772.88,211410.4,0.0,0.0,1.0,2.0
3.0,427.0,4.0,87.0,,0.0,1.0,1.0,0.0,1.0,1.0,7.0,7.0,7.0,0.0,2.0,148772.88,211410.4,0.0,0.0,0.0,2.0
3.0,429.0,4.0,87.0,,1.0,1.0,0.0,0.0,0.0,1.0,7.0,3.0,13.0,1.0,2.0,148772.88,211410.4,0.0,0.0,0.0,3.0
4.0,147.0,4.0,87.0,1.0,1.0,1.0,0.0,0.0,0.0,0.0,5.0,5.0,30.0,,,148772.88,211410.4,0.0,0.0,1.0,0.0
6.0,358.0,4.0,87.0,1.0,1.0,1.0,3.0,0.0,1.0,4.0,5.0,,,,,148772.88,211410.4,0.0,0.0,1.0,0.0
7.0,323.0,4.0,87.0,1.0,1.0,1.0,1.0,0.0,2.0,2.0,10.0,,,,,148772.88,211410.4,0.0,0.0,1.0,0.0
6.0,354.0,4.0,87.0,2.0,2.0,1.0,0.0,0.0,1.0,4.0,2.0,,,,,148772.88,211410.4,0.0,0.0,1.0,0.0
3.0,566.0,5.0,88.0,,1.0,1.0,2.0,0.0,0.0,2.0,4.0,2.0,26.0,1.0,4.0,124837.266,25424.426,1.0,1.0,0.0,2.0
7.0,412.0,5.0,88.0,1.0,2.0,0.0,3.0,3.0,3.0,3.0,12.0,,,,,124837.266,25424.426,1.0,1.0,1.0,2.0
7.0,440.0,5.0,88.0,2.0,1.0,1.0,0.0,0.0,0.0,1.0,1.0,,,,,124837.266,25424.426,1.0,1.0,1.0,0.0
7.0,439.0,5.0,88.0,2.0,1.0,0.0,0.0,2.0,0.0,0.0,2.0,,,,,124837.266,25424.426,1.0,1.0,1.0,0.0
3.0,570.0,5.0,88.0,,1.0,1.0,2.0,0.0,2.0,2.0,3.0,3.0,30.0,1.0,2.0,124837.266,25424.426,1.0,1.0,0.0,3.0
7.0,409.0,5.0,88.0,1.0,1.0,0.0,0.0,0.0,0.0,2.0,10.0,,,,,124837.266,25424.426,1.0,1.0,1.0,0.0
7.0,438.0,5.0,88.0,2.0,1.0,1.0,0.0,0.0,2.0,1.0,10.0,,,,,124837.266,25424.426,1.0,1.0,1.0,0.0
6.0,440.0,5.0,88.0,2.0,1.0,1.0,0.0,0.0,0.0,0.0,0.0,,,,,124837.266,25424.426,1.0,1.0,1.0,0.0
3.0,568.0,5.0,88.0,,0.0,0.0,0.0,0.0,0.0,1.0,1.0,5.0,6.0,0.0,1.0,124837.266,25424.426,1.0,1.0,0.0,5.0
7.0,417.0,5.0,88.0,1.0,1.0,1.0,3.0,0.0,1.0,2.0,10.0,,,,,124837.266,25424.426,1.0,1.0,1.0,0.0
7.0,414.0,5.0,88.0,1.0,1.0,0.0,0.0,0.0,1.0,0.0,5.0,,,,,124837.266,25424.426,1.0,1.0,1.0,0.0
4.0,181.0,5.0,88.0,1.0,1.0,0.0,0.0,0.0,0.0,1.61,4.83,6.44,4.83,,,124837.266,25424.426,1.0,1.0,1.0,0.0
6.0,435.0,5.0,88.0,2.0,1.0,1.0,3.0,0.0,0.0,0.0,14.0,,,,,124837.266,25424.426,1.0,1.0,1.0,0.0
7.0,408.0,5.0,88.0,1.0,1.0,1.0,0.0,0.0,1.0,0.0,5.0,,,,,124837.266,25424.426,1.0,1.0,1.0,0.0
3.0,512.0,5.0,88.0,,0.0,1.0,0.0,0.0,0.0,0.0,0.0,0.0,0.0,1.0,3.0,124837.266,25424.426,1.0,1.0,0.0,0.0
4.0,178.0,5.0,88.0,1.0,2.0,0.0,1.61,4.83,1.61,3.22,6.44,6.44,48.3,,,124837.266,25424.426,1.0,1.0,1.0,3.22
3.0,567.0,5.0,88.0,,0.0,0.0,0.0,0.0,2.0,2.0,2.0,0.0,1.0,1.0,2.0,124837.266,25424.426,1.0,1.0,0.0,3.0
6.0,443.0,5.0,88.0,1.0,1.0,1.0,0.0,0.0,0.0,0.0,15.0,,,,,124837.266,25424.426,1.0,1.0,1.0,0.0
2.0,7.088949e+07,5.0,88.0,1.0,0.0,0.0,1.0,14.0,1.0,0.0,0.0,15.0,35.0,,,124837.266,25424.426,1.0,1.0,0.0,4.0
3.0,569.0,5.0,88.0,,0.0,0.0,0.0,0.0,1.0,0.0,1.0,12.0,40.0,1.0,3.0,124837.266,25424.426,1.0,1.0,0.0,9.0
4.0,179.0,5.0,88.0,1.0,1.0,0.0,0.0,0.0,0.0,0.0,6.44,9.66,17.71,,,124837.266,25424.426,1.0,1.0,1.0,0.0
7.0,415.0,5.0,88.0,1.0,2.0,1.0,0.0,0.0,1.0,1.0,10.0,,,,,124837.266,25424.426,1.0,1.0,1.0,0.0
2.0,7.0888984e+07,5.0,88.0,1.0,0.0,1.0,3.0,0.0,0.0,0.0,0.0,3.0,25.0,0.0,0.0,124837.266,25424.426,1.0,1.0,0.0,0.0
2.0,7.088676e+07,5.0,88.0,1.0,0.0,1.0,5.0,0.0,0.0,0.0,0.0,12.0,35.0,1.0,2.0,124837.266,25424.426,1.0,1.0,0.0,1.0
1.0,570.0,5.0,88.0,,1.0,1.0,,,,,,4.0,22.0,0.0,1.0,124837.266,25424.426,1.0,1.0,0.0,6.0
1.0,566.0,5.0,88.0,,1.0,1.0,,,,,,2.0,22.0,1.0,4.0,124837.266,25424.426,1.0,1.0,0.0,2.0
5.0,308.0,5.0,88.0,2.0,1.0,1.0,0.0,0.0,3.0,0.0,1.0,,,,,124837.266,25424.426,1.0,1.0,1.0,0.0
6.0,433.0,5.0,88.0,1.0,1.0,1.0,0.0,0.0,2.0,0.0,2.0,,,,,124837.266,25424.426,1.0,1.0,1.0,0.0
7.0,416.0,5.0,88.0,1.0,1.0,1.0,0.0,0.0,4.0,2.0,14.0,,,,,124837.266,25424.426,1.0,1.0,1.0,2.0
2.0,7.088504e+07,5.0,88.0,1.0,0.0,1.0,3.0,0.0,1.0,0.0,0.0,11.0,28.0,,0.0,124837.266,25424.426,1.0,1.0,0.0,0.0
1.0,568.0,5.0,88.0,,0.0,0.0,,,,,,5.0,8.0,0.0,1.0,124837.266,25424.426,1.0,1.0,0.0,6.0
7.0,410.0,5.0,88.0,1.0,1.0,0.0,0.0,0.0,1.0,3.0,40.0,,,,,124837.266,25424.426,1.0,1.0,1.0,0.0
4.0,180.0,5.0,88.0,1.0,2.0,0.0,0.0,0.0,0.0,0.0,1.61,12.88,27.37,,,124837.266,25424.426,1.0,1.0,1.0,0.0
5.0,288.0,5.0,88.0,1.0,1.0,0.0,0.0,0.0,0.0,1.0,15.0,,,,,124837.266,25424.426,1.0,1.0,1.0,0.0
6.0,436.0,5.0,88.0,1.0,1.0,1.0,3.0,0.0,0.0,0.0,12.0,,,,,124837.266,25424.426,1.0,1.0,1.0,0.0
6.0,441.0,5.0,88.0,2.0,1.0,1.0,1.0,0.0,0.0,1.0,1.0,,,,,124837.266,25424.426,1.0,1.0,1.0,0.0
1.0,567.0,5.0,88.0,,0.0,1.0,,,,,,3.0,2.0,1.0,1.0,124837.266,25424.426,1.0,1.0,0.0,3.0
1.0,512.0,5.0,88.0,,0.0,1.0,,,,,,0.0,0.0,1.0,0.0,124837.266,25424.426,1.0,1.0,0.0,
6.0,434.0,5.0,88.0,1.0,1.0,0.0,1.0,1.0,5.0,5.0,12.0,,,,,124837.266,25424.426,1.0,1.0,1.0,1.0
4.0,182.0,5.0,88.0,1.0,1.0,1.0,0.0,0.0,2.0,2.0,6.44,9.66,19.32,,,124837.266,25424.426,1.0,1.0,1.0,0.0
1.0,569.0,5.0,88.0,,1.0,1.0,,,,,,12.0,30.0,1.0,1.0,124837.266,25424.426,1.0,1.0,0.0,7.0
2.0,7.088118e+07,5.0,88.0,1.0,0.0,0.0,0.0,0.0,1.0,0.0,0.0,8.0,10.0,1.0,2.0,124837.266,25424.426,1.0,1.0,0.0,2.0
4.0,336.0,5.0,88.0,3.0,1.0,0.0,0.0,0.0,0.0,4.0,2.0,,2.0,,,124837.266,25424.426,1.0,1.0,1.0,0.0
6.0,445.0,5.0,88.0,1.0,1.0,1.0,1.0,0.0,2.0,1.0,15.0,,,,,124837.266,25424.426,1.0,1.0,1.0,0.0
7.0,411.0,5.0,88.0,1.0,1.0,1.0,1.0,0.0,2.0,2.0,7.0,,,,,124837.266,25424.426,1.0,1.0,1.0,0.0
6.0,437.0,5.0,88.0,1.0,1.0,1.0,0.0,0.0,0.0,3.0,10.0,,,,,124837.266,25424.426,1.0,1.0,1.0,0.0
6.0,438.0,5.0,88.0,1.0,1.0,0.0,2.0,0.0,2.0,2.0,2.0,,,,,124837.266,25424.426,1.0,1.0,1.0,0.0
5.0,290.0,5.0,88.0,1.0,1.0,0.0,1.0,0.0,0.0,2.0,7.0,,,,,124837.266,25424.426,1.0,1.0,1.0,0.0
2.0,7.088788e+07,5.0,88.0,1.0,0.0,1.0,2.0,1.0,1.0,0.0,0.0,2.0,1.0,1.0,1.0,124837.266,25424.426,1.0,1.0,0.0,2.0
6.0,442.0,5.0,88.0,1.0,1.0,1.0,2.0,0.0,0.0,3.0,4.0,,,,,124837.266,25424.426,1.0,1.0,1.0,0.0
7.0,413.0,5.0,88.0,1.0,1.0,1.0,1.0,0.0,0.0,1.0,3.0,,,,,124837.266,25424.426,1.0,1.0,1.0,0.0
6.0,444.0,5.0,88.0,1.0,1.0,1.0,2.0,0.0,2.0,2.0,14.0,,,,,124837.266,25424.426,1.0,1.0,1.0,0.0
6.0,439.0,5.0,88.0,1.0,1.0,1.0,5.0,0.0,0.0,0.0,4.0,,,,,124837.266,25424.426,1.0,1.0,1.0,0.0
5.0,287.0,5.0,88.0,1.0,1.0,1.0,0.0,0.0,0.0,4.0,7.0,,,,,124837.266,25424.426,1.0,1.0,1.0,0.0
5.0,289.0,5.0,88.0,1.0,1.0,1.0,0.0,0.0,0.0,2.0,5.0,,,,,124837.266,25424.426,1.0,1.0,1.0,0.0
7.0,561.0,5.0,90.0,1.0,2.0,1.0,0.0,0.0,1.0,3.0,20.0,,,,,203592.56,171170.12,1.0,1.0,1.0,0.0
6.0,559.0,5.0,90.0,1.0,2.0,0.0,0.0,0.0,2.0,3.0,25.0,,,,,203592.56,171170.12,1.0,1.0,1.0,0.0
6.0,568.0,5.0,90.0,1.0,1.0,1.0,0.0,0.0,4.0,4.0,30.0,,,,,203592.56,171170.12,1.0,1.0,1.0,0.0
7.0,556.0,5.0,90.0,1.0,1.0,0.0,2.0,0.0,2.0,2.0,8.0,,,,,203592.56,171170.12,1.0,1.0,1.0,0.0
6.0,557.0,5.0,90.0,1.0,2.0,0.0,0.0,0.0,4.0,4.0,15.0,,,,,203592.56,171170.12,1.0,1.0,1.0,0.0
7.0,553.0,5.0,90.0,1.0,1.0,0.0,0.0,0.0,0.0,1.0,6.0,,,,,203592.56,171170.12,1.0,1.0,1.0,0.0
7.0,554.0,5.0,90.0,1.0,,,0.0,0.0,0.0,1.0,43.0,,,,,203592.56,171170.12,1.0,1.0,1.0,0.0
7.0,560.0,5.0,90.0,1.0,1.0,0.0,0.0,0.0,2.0,2.0,40.0,,,,,203592.56,171170.12,1.0,1.0,1.0,0.0
7.0,563.0,5.0,90.0,1.0,2.0,0.0,1.0,1.0,2.0,3.0,35.0,,,,,203592.56,171170.12,1.0,1.0,1.0,1.0
6.0,567.0,5.0,90.0,1.0,2.0,1.0,1.0,1.0,0.0,1.0,8.0,,,,,203592.56,171170.12,1.0,1.0,1.0,0.0
7.0,562.0,5.0,90.0,1.0,1.0,0.0,1.0,0.0,0.0,1.0,15.0,,,,,203592.56,171170.12,1.0,1.0,1.0,0.0
7.0,585.0,5.0,90.0,2.0,1.0,1.0,1.0,0.0,7.0,1.0,2.0,,,,,203592.56,171170.12,1.0,1.0,1.0,0.0
6.0,569.0,5.0,90.0,2.0,1.0,1.0,0.0,0.0,1.0,0.0,1.0,,,,,203592.56,171170.12,1.0,1.0,1.0,0.0
6.0,571.0,5.0,90.0,1.0,1.0,0.0,0.0,0.0,0.0,0.0,32.0,,,,,203592.56,171170.12,1.0,1.0,1.0,0.0
6.0,562.0,5.0,90.0,1.0,1.0,0.0,2.0,0.0,3.0,5.0,5.0,,,,,203592.56,171170.12,1.0,1.0,1.0,0.0
6.0,570.0,5.0,90.0,1.0,1.0,0.0,1.0,0.0,2.0,0.0,5.0,,,,,203592.56,171170.12,1.0,1.0,1.0,0.0
7.0,586.0,5.0,90.0,2.0,2.0,0.0,2.0,0.0,2.0,2.0,18.0,,,,,203592.56,171170.12,1.0,1.0,1.0,1.0
6.0,566.0,5.0,90.0,1.0,1.0,0.0,0.0,0.0,3.0,1.61,14.0,,,,,203592.56,171170.12,1.0,1.0,1.0,0.0
6.0,565.0,5.0,90.0,1.0,1.0,0.0,1.0,0.0,3.0,2.0,5.0,,,,,203592.56,171170.12,1.0,1.0,1.0,0.0
7.0,557.0,5.0,90.0,1.0,1.0,0.0,1.0,0.0,1.0,1.0,22.0,,,,,203592.56,171170.12,1.0,1.0,1.0,0.0
7.0,558.0,5.0,90.0,1.0,1.0,0.0,1.0,0.0,2.0,2.0,35.0,,,,,203592.56,171170.12,1.0,1.0,1.0,0.0
6.0,563.0,5.0,90.0,1.0,1.0,0.0,2.0,0.0,1.0,2.0,12.0,,,,,203592.56,171170.12,1.0,1.0,1.0,0.0
6.0,558.0,5.0,90.0,2.0,1.0,1.0,1.0,0.0,1.0,0.0,1.0,,,,,203592.56,171170.12,1.0,1.0,1.0,0.0
7.0,552.0,5.0,90.0,1.0,1.0,0.0,1.0,0.0,2.0,1.0,5.0,,,,,203592.56,171170.12,1.0,1.0,1.0,0.0
7.0,555.0,5.0,90.0,1.0,1.0,0.0,2.0,0.0,2.0,0.0,30.0,,,,,203592.56,171170.12,1.0,1.0,1.0,0.0
7.0,584.0,5.0,90.0,2.0,2.0,0.0,0.0,0.0,0.0,0.0,31.0,,,,,203592.56,171170.12,1.0,1.0,1.0,0.0
7.0,559.0,5.0,90.0,1.0,1.0,0.0,0.0,2.0,4.0,6.0,30.0,,,,,203592.56,171170.12,1.0,1.0,1.0,0.0
6.0,564.0,5.0,90.0,2.0,1.0,1.0,0.0,0.0,1.0,0.0,0.0,,,,,203592.56,171170.12,1.0,1.0,1.0,0.0
6.0,561.0,5.0,90.0,1.0,1.0,0.0,2.0,0.0,10.0,10.0,40.0,,,,,203592.56,171170.12,1.0,1.0,1.0,0.0
6.0,560.0,5.0,90.0,1.0,1.0,0.0,2.0,1.0,3.0,3.0,15.0,,,,,203592.56,171170.12,1.0,1.0,1.0,1.0
7.0,574.0,5.0,91.0,1.0,1.0,1.0,2.0,0.0,2.0,8.0,30.0,,,,,243817.56,232976.03,1.0,1.0,1.0,0.0
7.0,567.0,5.0,91.0,1.0,1.0,1.0,11.0,0.0,1.0,2.0,30.0,,,,,243817.56,232976.03,1.0,1.0,1.0,0.0
7.0,564.0,5.0,91.0,1.0,1.0,0.0,1.0,1.0,0.0,2.0,25.0,,,,,243817.56,232976.03,1.0,1.0,1.0,0.0
7.0,569.0,5.0,91.0,1.0,1.0,1.0,0.0,1.0,6.0,1.0,7.0,,,,,243817.56,232976.03,1.0,1.0,1.0,0.0
7.0,565.0,5.0,91.0,1.0,2.0,0.0,0.0,0.0,0.0,0.0,26.0,,,,,243817.56,232976.03,1.0,1.0,1.0,0.0
7.0,568.0,5.0,91.0,1.0,1.0,1.0,0.0,0.0,0.0,0.0,40.0,,,,,243817.56,232976.03,1.0,1.0,1.0,0.0
6.0,583.0,5.0,91.0,1.0,2.0,0.0,0.0,0.0,2.0,3.0,35.0,,,,,243817.56,232976.03,1.0,1.0,1.0,0.0
7.0,588.0,5.0,91.0,2.0,1.0,1.0,0.0,0.0,0.0,3.0,6.0,,,,,243817.56,232976.03,1.0,1.0,1.0,0.0
7.0,589.0,5.0,91.0,2.0,1.0,1.0,0.0,0.0,1.0,1.0,50.0,,,,,243817.56,232976.03,1.0,1.0,1.0,1.0
6.0,586.0,5.0,91.0,1.0,1.0,1.0,5.0,0.0,0.0,0.0,6.0,,,,,243817.56,232976.03,1.0,1.0,1.0,0.0
7.0,597.0,5.0,91.0,3.0,1.0,1.0,0.0,0.0,0.0,0.0,0.0,,,,,243817.56,232976.03,1.0,1.0,1.0,0.0
6.0,592.0,5.0,91.0,3.0,1.0,1.0,0.0,0.0,0.0,0.0,0.0,,,,,243817.56,232976.03,1.0,1.0,1.0,0.0
7.0,594.0,5.0,91.0,3.0,1.0,0.0,1.0,0.0,1.0,2.0,4.0,,,,,243817.56,232976.03,1.0,1.0,1.0,0.0
7.0,599.0,5.0,91.0,3.0,1.0,1.0,1.0,1.0,2.0,2.0,2.0,,,,,243817.56,232976.03,1.0,1.0,1.0,1.0
7.0,598.0,5.0,91.0,3.0,1.0,1.0,0.0,0.0,0.0,0.0,0.0,,,,,243817.56,232976.03,1.0,1.0,1.0,0.0
6.0,573.0,5.0,91.0,1.0,1.0,0.0,0.0,0.0,0.0,0.0,20.0,,,,,243817.56,232976.03,1.0,1.0,1.0,0.0
7.0,600.0,5.0,91.0,3.0,1.0,1.0,0.0,0.0,0.0,0.0,0.0,,,,,243817.56,232976.03,1.0,1.0,1.0,0.0
7.0,591.0,5.0,91.0,3.0,1.0,0.0,1.0,0.0,2.0,0.0,3.0,,,,,243817.56,232976.03,1.0,1.0,1.0,0.0
6.0,584.0,5.0,91.0,1.0,1.0,1.0,1.0,0.0,1.0,1.0,16.0,,,,,243817.56,232976.03,1.0,1.0,1.0,0.0
7.0,593.0,5.0,91.0,3.0,1.0,0.0,3.0,0.0,2.0,3.0,4.0,,,,,243817.56,232976.03,1.0,1.0,1.0,0.0
7.0,596.0,5.0,91.0,3.0,1.0,0.0,0.0,0.0,0.0,1.0,1.0,,,,,243817.56,232976.03,1.0,1.0,1.0,0.0
6.0,600.0,5.0,91.0,1.0,1.0,1.0,0.0,0.0,1.0,1.0,57.0,,,,,243817.56,232976.03,1.0,1.0,1.0,1.0
6.0,596.0,5.0,91.0,3.0,2.0,0.0,0.0,0.0,0.0,0.0,2.0,,,,,243817.56,232976.03,1.0,1.0,1.0,0.0
6.0,585.0,5.0,91.0,2.0,1.0,1.0,0.0,0.0,0.0,5.0,35.0,,,,,243817.56,232976.03,1.0,1.0,1.0,0.0
6.0,599.0,5.0,91.0,2.0,2.0,1.0,0.0,0.0,0.0,1.0,5.0,,,,,243817.56,232976.03,1.0,1.0,1.0,0.0
6.0,597.0,5.0,91.0,1.0,1.0,1.0,0.0,0.0,2.0,5.0,12.0,,,,,243817.56,232976.03,1.0,1.0,1.0,0.0
6.0,580.0,5.0,91.0,2.0,1.0,0.0,1.0,0.0,1.0,1.0,23.0,,,,,243817.56,232976.03,1.0,1.0,1.0,0.0
6.0,589.0,5.0,91.0,3.0,1.0,1.0,0.0,0.0,1.0,4.0,2.0,,,,,243817.56,232976.03,1.0,1.0,1.0,0.0
7.0,566.0,5.0,91.0,1.0,1.0,1.0,0.0,0.0,0.0,0.0,50.0,,,,,243817.56,232976.03,1.0,1.0,1.0,0.0
6.0,572.0,5.0,91.0,1.0,2.0,0.0,2.0,0.0,5.0,5.0,60.0,,,,,243817.56,232976.03,1.0,1.0,1.0,0.0
6.0,579.0,5.0,91.0,1.0,1.0,0.0,1.0,0.0,0.0,1.0,7.0,,,,,243817.56,232976.03,1.0,1.0,1.0,0.0
7.0,570.0,5.0,91.0,1.0,1.0,1.0,2.0,0.0,2.0,1.0,0.0,,,,,243817.56,232976.03,1.0,1.0,1.0,0.0
7.0,576.0,5.0,91.0,1.0,1.0,0.0,1.0,0.0,1.0,1.0,18.0,,,,,243817.56,232976.03,1.0,1.0,1.0,0.0
7.0,587.0,5.0,91.0,2.0,1.0,1.0,0.0,0.0,0.0,1.0,0.0,,,,,243817.56,232976.03,1.0,1.0,1.0,0.0
6.0,576.0,5.0,91.0,1.0,2.0,1.0,0.0,0.0,1.0,2.0,16.0,,,,,243817.56,232976.03,1.0,1.0,1.0,0.0
7.0,592.0,5.0,91.0,3.0,1.0,0.0,1.0,0.0,1.0,0.0,3.0,,,,,243817.56,232976.03,1.0,1.0,1.0,0.0
6.0,593.0,5.0,91.0,3.0,2.0,1.0,0.0,0.0,2.0,1.0,2.0,,,,,243817.56,232976.03,1.0,1.0,1.0,0.0
6.0,590.0,5.0,91.0,3.0,1.0,1.0,0.0,0.0,0.0,2.0,3.0,,,,,243817.56,232976.03,1.0,1.0,1.0,0.0
7.0,571.0,5.0,91.0,1.0,1.0,0.0,0.0,0.0,0.0,0.0,25.0,,,,,243817.56,232976.03,1.0,1.0,1.0,0.0
7.0,573.0,5.0,91.0,1.0,1.0,1.0,4.0,0.0,0.0,2.0,45.0,,,,,243817.56,232976.03,1.0,1.0,1.0,2.0
7.0,572.0,5.0,91.0,1.0,1.0,1.0,0.0,0.0,0.0,6.0,30.0,,,,,243817.56,232976.03,1.0,1.0,1.0,0.0
6.0,591.0,5.0,91.0,3.0,1.0,1.0,1.0,0.0,1.0,2.0,1.0,,,,,243817.56,232976.03,1.0,1.0,1.0,0.0
6.0,595.0,5.0,91.0,3.0,1.0,1.0,0.0,0.0,3.0,0.0,3.0,,,,,243817.56,232976.03,1.0,1.0,1.0,0.0
6.0,598.0,5.0,91.0,1.0,1.0,1.0,2.0,2.0,1.0,0.0,16.0,,,,,243817.56,232976.03,1.0,1.0,1.0,0.0
6.0,587.0,5.0,91.0,3.0,2.0,1.0,1.0,0.0,0.0,3.0,3.0,,,,,243817.56,232976.03,1.0,1.0,1.0,0.0
7.0,578.0,5.0,91.0,1.0,1.0,1.0,1.0,0.0,1.0,1.0,90.0,,,,,243817.56,232976.03,1.0,1.0,1.0,0.0
6.0,575.0,5.0,91.0,1.0,1.0,0.0,0.0,1.0,5.0,1.0,45.0,,,,,243817.56,232976.03,1.0,1.0,1.0,0.0
6.0,578.0,5.0,91.0,1.0,1.0,1.0,2.0,0.0,2.0,3.0,14.0,,,,,243817.56,232976.03,1.0,1.0,1.0,1.0
7.0,595.0,5.0,91.0,3.0,1.0,0.0,0.0,0.0,1.0,1.0,1.0,,,,,243817.56,232976.03,1.0,1.0,1.0,0.0
6.0,582.0,5.0,91.0,1.0,1.0,0.0,0.0,0.0,1.0,1.0,25.0,,,,,243817.56,232976.03,1.0,1.0,1.0,0.0
6.0,594.0,5.0,91.0,3.0,1.0,1.0,0.0,0.0,0.0,1.0,2.0,,,,,243817.56,232976.03,1.0,1.0,1.0,0.0
7.0,575.0,5.0,91.0,1.0,1.0,1.0,1.0,0.0,1.0,1.0,80.0,,,,,243817.56,232976.03,1.0,1.0,1.0,1.0
6.0,577.0,5.0,91.0,1.0,1.0,0.0,0.0,0.0,0.0,0.0,17.0,,,,,243817.56,232976.03,1.0,1.0,1.0,1.0
6.0,588.0,5.0,91.0,3.0,1.0,1.0,0.0,0.0,0.0,0.0,0.0,,,,,243817.56,232976.03,1.0,1.0,1.0,0.0
7.0,577.0,5.0,91.0,1.0,1.0,0.0,0.0,0.0,1.0,0.0,1.0,,,,,243817.56,232976.03,1.0,1.0,1.0,4.0
6.0,574.0,5.0,91.0,2.0,1.0,0.0,0.0,0.0,3.0,0.0,50.0,,,,,243817.56,232976.03,1.0,1.0,1.0,0.0
6.0,581.0,5.0,91.0,1.0,1.0,1.0,0.0,0.0,1.0,1.0,85.0,,,,,243817.56,232976.03,1.0,1.0,1.0,0.0
7.0,590.0,5.0,91.0,2.0,1.0,1.0,0.0,0.0,0.0,0.0,90.0,,,,,243817.56,232976.03,1.0,1.0,1.0,0.0
2.0,3.594949e+07,5.0,94.0,1.0,0.0,0.0,0.0,0.0,1.0,0.0,0.0,2.0,1.0,1.0,0.0,343804.56,228762.64,1.0,1.0,0.0,0.0
3.0,518.0,5.0,94.0,,0.0,1.0,0.0,0.0,2.0,2.0,6.0,7.0,26.0,0.0,2.0,343804.56,228762.64,1.0,1.0,0.0,6.0
4.0,173.0,5.0,94.0,1.0,1.0,0.0,0.0,0.0,1.0,1.0,9.0,12.0,12.0,,,343804.56,228762.64,1.0,1.0,1.0,0.0
2.0,3.5949404e+07,5.0,94.0,1.0,0.0,0.0,0.0,0.0,1.0,0.0,0.0,6.0,5.0,1.0,0.0,343804.56,228762.64,1.0,1.0,0.0,0.0
3.0,517.0,5.0,94.0,,1.0,1.0,0.0,0.0,1.0,3.0,5.0,5.0,5.0,1.0,0.0,343804.56,228762.64,1.0,1.0,0.0,5.0
4.0,172.0,5.0,94.0,1.0,1.0,0.0,1.0,0.0,0.0,2.0,1.0,2.0,60.0,,,343804.56,228762.64,1.0,1.0,1.0,1.0
2.0,3.594511e+07,5.0,94.0,1.0,0.0,0.0,0.0,0.0,5.0,0.0,0.0,8.0,40.0,1.0,0.0,343804.56,228762.64,1.0,1.0,0.0,0.0
5.0,291.0,5.0,94.0,1.0,1.0,1.0,1.0,0.0,1.0,2.0,5.0,,,,,343804.56,228762.64,1.0,1.0,1.0,0.0
1.0,517.0,5.0,94.0,,1.0,0.0,,,,,,4.0,4.0,1.0,0.0,343804.56,228762.64,1.0,1.0,0.0,5.0
1.0,518.0,5.0,94.0,,0.0,1.0,,,,,,8.0,38.0,1.0,1.0,343804.56,228762.64,1.0,1.0,0.0,8.0
