geocode,year,div,dist,pop,emp,pop_agr,pop_ind,pop_serv,density,pop91,rainm,rainsd,surban,prop_elec,jamuna_m,padma_m,treat,smp1,treatd
10409.0,1.0,1.0,4.0,244420.0,56040.0,46840.0,140.0,9060.0,455.4297,244420.0,66.505486,56.547085,0.049832255,0.019743979,260636.16,148376.4,0.0,0.0,0.0
10409.0,2.0,1.0,4.0,258360.0,62110.0,51870.0,150.0,10090.0,481.4042,244420.0,57.439983,56.115414,0.06645766,0.0984779,260636.16,148376.4,0.0,0.0,0.0
10409.0,3.0,1.0,4.0,269300.0,73480.0,53000.0,3640.0,16840.0,501.7888,244420.0,54.52502,57.833355,0.081099145,0.22303069,260636.16,148376.4,0.0,0.0,0.0
10419.0,1.0,1.0,4.0,65850.0,14190.0,11490.0,130.0,2570.0,774.2504,65850.0,66.314476,55.478577,0.09172361,0.013953488,237144.56,128130.87,0.0,0.0,0.0
10419.0,2.0,1.0,4.0,69770.0,15730.0,12780.0,80.0,2870.0,820.34094,65850.0,57.215725,55.70329,0.10204959,0.06851972,237144.56,128130.87,0.0,0.0,0.0
10419.0,3.0,1.0,4.0,77140.0,22120.0,13160.0,3100.0,5860.0,906.99585,65850.0,54.23165,57.499096,0.09800363,0.29068577,237144.56,128130.87,0.0,0.0,0.0
10428.0,1.0,1.0,4.0,220400.0,49590.0,34790.0,280.0,14520.0,697.04926,220400.0,66.314476,55.478577,0.10181488,0.056235295,253781.38,143560.8,0.0,0.0,0.0
10428.0,2.0,1.0,4.0,238850.0,53120.0,37360.0,490.0,15270.0,755.4002,220400.0,57.215725,55.70329,0.11542809,0.17385419,253781.38,143560.8,0.0,0.0,0.0
10428.0,3.0,1.0,4.0,263080.0,68420.0,38480.0,4260.0,25680.0,832.0314,220400.0,54.23165,57.499096,0.124448836,0.32869512,253781.38,143560.8,0.0,0.0,0.0
10447.0,1.0,1.0,4.0,108350.0,22870.0,16910.0,190.0,5770.0,724.60376,108350.0,66.314476,55.478577,0.086479,0.021621622,230616.36,119056.375,0.0,0.0,0.0
10447.0,2.0,1.0,4.0,119570.0,26660.0,20460.0,240.0,5960.0,799.63885,108350.0,57.215725,55.70329,0.09233085,0.18809524,230616.36,119056.375,0.0,0.0,0.0
10447.0,3.0,1.0,4.0,118260.0,28200.0,17620.0,2140.0,8440.0,790.8781,108350.0,54.23165,57.499096,0.10722138,0.33954155,230616.36,119056.375,0.0,0.0,0.0
10485.0,1.0,1.0,4.0,135050.0,28960.0,20870.0,230.0,7860.0,567.41315,135050.0,58.199287,48.30112,0.11766013,0.014274691,256797.34,150101.73,0.0,0.0,0.0
10485.0,2.0,1.0,4.0,162590.0,33470.0,24040.0,170.0,9260.0,683.12256,135050.0,48.913654,47.27513,0.15179285,0.06706793,256797.34,150101.73,0.0,0.0,0.0
10485.0,3.0,1.0,4.0,162560.0,46080.0,30180.0,4040.0,11860.0,682.9965,135050.0,46.31549,50.137775,0.17310531,0.312761,256797.34,150101.73,0.0,0.0,0.0
10602.0,1.0,1.0,6.0,147780.0,34430.0,24600.0,820.0,9010.0,952.98895,147780.0,62.817764,48.3937,0.053322505,0.06217448,163707.16,51718.42,0.0,0.0,0.0
10602.0,2.0,1.0,6.0,155000.0,35100.0,25530.0,610.0,8960.0,999.5485,147780.0,56.302826,53.837715,0.06696774,0.26420453,163707.16,51718.42,0.0,0.0,0.0
10602.0,3.0,1.0,6.0,148820.0,38580.0,24700.0,2960.0,10920.0,959.69556,147780.0,52.439507,55.0378,0.066254534,0.47990257,163707.16,51718.42,0.0,0.0,0.0
10603.0,1.0,1.0,6.0,134660.0,26060.0,19770.0,380.0,5910.0,793.5647,134660.0,63.743793,49.487793,0.035422545,0.0977918,185040.22,68386.05,0.0,0.0,0.0
10603.0,2.0,1.0,6.0,146260.0,27600.0,19330.0,360.0,7910.0,861.9247,134660.0,56.435066,54.0984,0.05893614,0.4035433,185040.22,68386.05,0.0,0.0,0.0
10603.0,3.0,1.0,6.0,139000.0,34280.0,17720.0,3440.0,13120.0,819.14075,134660.0,52.85891,55.742012,0.0676259,0.62752527,185040.22,68386.05,0.0,0.0,0.0
10607.0,1.0,1.0,6.0,335790.0,59680.0,37130.0,1900.0,20650.0,920.0734,335790.0,64.82352,51.378002,0.04607046,0.015099088,214123.53,97637.04,0.0,0.0,0.0
10607.0,2.0,1.0,6.0,355160.0,62530.0,40570.0,1170.0,20790.0,973.14777,335790.0,57.20367,55.08892,0.057269964,0.25267342,214123.53,97637.04,0.0,0.0,0.0
10607.0,3.0,1.0,6.0,312060.0,72360.0,36540.0,8160.0,27660.0,855.0526,335790.0,53.822357,56.91952,0.064410694,0.45848477,214123.53,97637.04,0.0,0.0,0.0
10610.0,1.0,1.0,6.0,143760.0,28630.0,15990.0,440.0,12200.0,1119.8005,143760.0,63.743793,49.487793,0.09752365,0.06422704,179855.48,68563.28,0.0,0.0,0.0
10610.0,2.0,1.0,6.0,152500.0,29800.0,18140.0,500.0,11160.0,1187.8796,143760.0,56.435066,54.0984,0.09895082,0.25510836,179855.48,68563.28,0.0,0.0,0.0
10610.0,3.0,1.0,6.0,148520.0,40660.0,21220.0,3320.0,16120.0,1156.8779,143760.0,52.85891,55.742012,0.10853757,0.45918366,179855.48,68563.28,0.0,0.0,0.0
10632.0,1.0,1.0,6.0,171150.0,36770.0,25990.0,960.0,9820.0,1183.6919,171150.0,62.35475,47.86212,0.17020158,0.10918817,165449.67,49988.82,0.0,0.0,0.0
10632.0,2.0,1.0,6.0,180550.0,38070.0,25430.0,700.0,11940.0,1248.7032,171150.0,56.236702,53.716114,0.2113542,0.33866242,165449.67,49988.82,0.0,0.0,0.0
10632.0,3.0,1.0,6.0,189180.0,48200.0,28580.0,5880.0,13740.0,1308.3893,171150.0,52.229805,54.68747,0.21619621,0.5919153,165449.67,49988.82,0.0,0.0,0.0
10636.0,1.0,1.0,6.0,167340.0,39550.0,33900.0,140.0,5510.0,6116.228,167340.0,63.13578,49.42469,0.060356162,0.014214876,166062.22,47966.0,0.0,0.0,0.0
10636.0,2.0,1.0,6.0,175280.0,37500.0,31490.0,370.0,5640.0,6406.4326,167340.0,58.732224,56.440853,0.07673437,0.1704049,176495.69,58444.78,0.0,0.0,0.0
10636.0,3.0,1.0,6.0,145540.0,37520.0,29420.0,3120.0,4980.0,5319.4443,167340.0,54.56846,57.18166,0.09523155,0.41322854,166062.22,47966.0,0.0,0.0,0.0
10651.0,1.0,1.0,6.0,413890.0,67330.0,25380.0,3170.0,38780.0,1763.4102,413890.0,64.68644,50.73572,0.49353692,0.35806933,201149.45,83417.125,0.0,0.0,0.0
10651.0,2.0,1.0,6.0,464900.0,78800.0,30060.0,3610.0,45130.0,1980.7422,413890.0,57.455856,55.238537,0.5079372,0.63222784,201149.45,83417.125,0.0,0.0,0.0
10651.0,3.0,1.0,6.0,515940.0,150360.0,26700.0,20760.0,102900.0,2198.202,413890.0,54.007072,57.13152,0.64104354,0.8084232,201149.45,83417.125,0.0,0.0,0.0
10662.0,1.0,1.0,6.0,293300.0,57300.0,44150.0,330.0,12820.0,1234.7914,293300.0,68.457016,55.880264,0.09682918,0.009023642,183819.02,65592.875,0.0,0.0,0.0
10662.0,2.0,1.0,6.0,302630.0,55160.0,41380.0,680.0,13100.0,1274.0707,293300.0,61.53902,59.860214,0.108746655,0.052676294,183819.02,65592.875,0.0,0.0,0.0
10662.0,3.0,1.0,6.0,300460.0,75820.0,56560.0,5420.0,13840.0,1264.9349,293300.0,58.599735,62.743423,0.10909938,0.26425505,183819.02,65592.875,0.0,0.0,0.0
10669.0,1.0,1.0,6.0,170130.0,34240.0,28720.0,480.0,5040.0,1154.5979,170130.0,67.291176,54.542416,0.0578969,0.017463235,192162.38,73981.68,0.0,0.0,0.0
10669.0,2.0,1.0,6.0,184120.0,37820.0,30690.0,300.0,6830.0,1249.5419,170130.0,60.929443,59.13999,0.058603086,0.23793676,176798.17,58753.047,0.0,0.0,0.0
10669.0,3.0,1.0,6.0,175820.0,42020.0,28320.0,3740.0,9960.0,1193.2134,170130.0,57.711098,61.556515,0.112956434,0.4945341,176798.17,58753.047,0.0,0.0,0.0
10694.0,1.0,1.0,6.0,227520.0,48880.0,35820.0,860.0,12200.0,914.24896,227520.0,63.743793,49.487793,0.03160162,0.061927117,175085.97,62374.19,0.0,0.0,0.0
10694.0,2.0,1.0,6.0,239470.0,52420.0,39810.0,610.0,12000.0,962.26794,227520.0,56.435066,54.0984,0.04188416,0.2971592,175085.97,62374.19,0.0,0.0,0.0
10694.0,3.0,1.0,6.0,233200.0,59200.0,36760.0,5220.0,17220.0,937.07306,227520.0,52.85891,55.742012,0.05137221,0.5132175,175085.97,62374.19,0.0,0.0,0.0
10918.0,1.0,1.0,9.0,350770.0,66910.0,46660.0,560.0,19690.0,1168.8438,350770.0,72.2276,61.22271,0.18385267,0.08610536,210132.36,91775.49,0.0,0.0,0.0
10918.0,2.0,1.0,9.0,408100.0,73320.0,50680.0,680.0,21960.0,1359.88,350770.0,65.622185,64.563866,0.18488115,0.19547477,210132.36,91775.49,0.0,0.0,0.0
10918.0,3.0,1.0,9.0,430680.0,108560.0,56760.0,4860.0,46940.0,1435.1216,350770.0,63.192394,68.42556,0.20414229,0.4451514,210132.36,91775.49,0.0,0.0,0.0
10921.0,1.0,1.0,9.0,209290.0,46860.0,38990.0,90.0,7780.0,679.84406,209290.0,72.26848,64.53991,0.14616083,0.025013305,236047.97,117733.586,0.0,0.0,0.0
10921.0,2.0,1.0,9.0,244510.0,49170.0,38300.0,280.0,10590.0,794.2504,209290.0,65.15827,64.71921,0.14567912,0.08627946,236047.97,117733.586,0.0,0.0,0.0
10921.0,3.0,1.0,9.0,234480.0,59380.0,40340.0,3260.0,15780.0,761.6696,209290.0,62.653027,67.76537,0.16615489,0.24969098,236047.97,117733.586,0.0,0.0,0.0
10925.0,1.0,1.0,9.0,342960.0,75130.0,62600.0,460.0,12070.0,586.6174,342960.0,72.8346,68.73334,0.09289713,0.016991427,269103.7,150931.08,0.0,0.0,0.0
10925.0,2.0,1.0,9.0,413600.0,82250.0,65980.0,380.0,15890.0,707.4439,342960.0,65.39905,65.64383,0.09422147,0.038036212,269103.7,150931.08,0.0,0.0,0.0
10925.0,3.0,1.0,9.0,454840.0,118360.0,86240.0,11080.0,21040.0,777.98303,342960.0,62.76958,68.09655,0.09638554,0.20012534,269103.7,150931.08,0.0,0.0,0.0
10929.0,1.0,1.0,9.0,152610.0,32830.0,21650.0,290.0,10890.0,726.36835,152610.0,72.2276,61.22271,0.10438372,0.021435862,235772.36,118659.06,0.0,0.0,0.0
10929.0,2.0,1.0,9.0,173580.0,29010.0,18350.0,340.0,10320.0,826.178,152610.0,65.622185,64.563866,0.17807351,0.1644778,235772.36,118659.06,0.0,0.0,0.0
10929.0,3.0,1.0,9.0,171020.0,43780.0,28900.0,2620.0,12260.0,813.9933,152610.0,63.192394,68.42556,0.10115776,0.39674523,235772.36,118659.06,0.0,0.0,0.0
10954.0,1.0,1.0,9.0,253980.0,53680.0,45000.0,530.0,8150.0,953.4858,253980.0,72.29573,67.09665,0.11237105,0.0031049014,252545.33,134156.55,0.0,0.0,0.0
10954.0,2.0,1.0,9.0,274350.0,53970.0,43320.0,320.0,10330.0,1029.9584,253980.0,64.849,64.918625,0.11685803,0.04830734,252545.33,134156.55,0.0,0.0,0.0
10954.0,3.0,1.0,9.0,284780.0,73200.0,54280.0,4040.0,14880.0,1069.1144,253980.0,62.29345,67.34378,0.12620269,0.17868853,252545.33,134156.55,0.0,0.0,0.0
10965.0,1.0,1.0,9.0,52040.0,10330.0,9080.0,20.0,1230.0,218.95906,52040.0,73.60518,71.29137,0.04554189,0.016703786,272223.03,154119.55,0.0,0.0,0.0
10965.0,2.0,1.0,9.0,68680.0,13870.0,9700.0,60.0,4110.0,288.9721,52040.0,66.23954,66.815865,0.035818286,0.041237112,272223.03,154119.55,0.0,0.0,0.0
10965.0,3.0,1.0,9.0,76840.0,20180.0,16120.0,700.0,3360.0,323.30542,52040.0,63.66747,69.47354,0.010931807,0.18576196,272223.03,154119.55,0.0,0.0,0.0
10991.0,1.0,1.0,9.0,117700.0,25800.0,21910.0,90.0,3800.0,1188.6488,117700.0,72.29573,67.09665,0.13670348,0.0063414634,245229.1,127125.0,0.0,0.0,0.0
10991.0,2.0,1.0,9.0,120620.0,27940.0,23130.0,200.0,4610.0,1218.1378,117700.0,64.849,64.918625,0.15088709,0.051149882,245229.1,127125.0,0.0,0.0,0.0
10991.0,3.0,1.0,9.0,125420.0,36700.0,27580.0,3980.0,5140.0,1266.6128,117700.0,62.29345,67.34378,0.1616967,0.14822547,245229.1,127125.0,0.0,0.0,0.0
14240.0,1.0,1.0,42.0,196890.0,37560.0,22090.0,1180.0,14290.0,1051.9875,196890.0,63.743793,49.487793,0.18497638,0.110274345,194454.81,81404.21,0.0,0.0,0.0
14240.0,2.0,1.0,42.0,199770.0,36470.0,21890.0,930.0,13650.0,1067.3755,196890.0,56.435066,54.0984,0.22616008,0.27808857,194454.81,81404.21,0.0,0.0,0.0
14240.0,3.0,1.0,42.0,214160.0,55080.0,23900.0,6240.0,24940.0,1144.2616,196890.0,52.85891,55.742012,0.2514942,0.55947137,194454.81,81404.21,0.0,0.0,0.0
14243.0,1.0,1.0,42.0,123350.0,27240.0,19340.0,280.0,7620.0,821.5665,123350.0,66.314476,55.478577,0.06826104,0.031276062,222007.36,111763.695,0.0,0.0,0.0
14243.0,2.0,1.0,42.0,128380.0,26270.0,19770.0,240.0,6260.0,855.0686,123350.0,57.215725,55.70329,0.06644337,0.1506067,222007.36,111763.695,0.0,0.0,0.0
14243.0,3.0,1.0,42.0,120480.0,30220.0,18020.0,3360.0,8840.0,802.45105,123350.0,54.23165,57.499096,0.083499335,0.39107952,222007.36,111763.695,0.0,0.0,0.0
14284.0,1.0,1.0,42.0,143190.0,26140.0,18980.0,310.0,6850.0,909.9517,143190.0,63.743793,49.487793,0.08457295,0.028178936,208362.12,97232.97,0.0,0.0,0.0
14284.0,2.0,1.0,42.0,149460.0,28520.0,19860.0,410.0,8250.0,949.79663,143190.0,56.435066,54.0984,0.09393818,0.1879962,208362.12,97232.97,0.0,0.0,0.0
14284.0,3.0,1.0,42.0,147620.0,34480.0,15740.0,2520.0,16220.0,938.1037,143190.0,52.85891,55.742012,0.10879285,0.48385203,208362.12,97232.97,0.0,0.0,0.0
17838.0,1.0,1.0,78.0,286790.0,54020.0,37430.0,1190.0,15400.0,711.7967,286790.0,70.515724,62.181202,0.04194707,0.012712693,230946.89,113139.78,0.0,0.0,0.0
17838.0,2.0,1.0,78.0,306500.0,57380.0,40590.0,950.0,15840.0,760.71576,286790.0,62.916054,62.20684,0.048091356,0.22377977,230946.89,113139.78,0.0,0.0,0.0
17838.0,3.0,1.0,78.0,301220.0,74680.0,37960.0,8860.0,27860.0,747.61115,286790.0,60.231907,64.778404,0.054246064,0.38944575,230946.89,113139.78,0.0,0.0,0.0
17852.0,1.0,1.0,78.0,106380.0,24380.0,20520.0,300.0,3560.0,441.53906,106380.0,72.29573,67.09665,0.13367175,0.015888778,248039.16,130548.49,0.0,0.0,0.0
17852.0,2.0,1.0,78.0,119290.0,25210.0,20110.0,140.0,4960.0,495.12308,106380.0,64.849,64.918625,0.14385112,0.047658864,248039.16,130548.49,0.0,0.0,0.0
17852.0,3.0,1.0,78.0,123200.0,33140.0,22220.0,1880.0,9040.0,511.35187,106380.0,62.29345,67.34378,0.1637987,0.13754386,248039.16,130548.49,0.0,0.0,0.0
17866.0,1.0,1.0,78.0,177690.0,38950.0,29040.0,120.0,9790.0,402.07727,177690.0,67.14709,60.326015,0.114131354,0.038740158,281563.25,169744.38,0.0,0.0,0.0
17866.0,2.0,1.0,78.0,203100.0,47620.0,35350.0,280.0,11990.0,459.57504,177690.0,58.193268,57.564896,0.11486952,0.07175646,281563.25,169744.38,0.0,0.0,0.0
17866.0,3.0,1.0,78.0,238700.0,68640.0,45640.0,6100.0,16900.0,540.1308,177690.0,55.510437,58.964073,0.1535819,0.30384874,281563.25,169744.38,0.0,0.0,0.0
17876.0,1.0,1.0,78.0,109420.0,22070.0,17480.0,230.0,4360.0,698.1433,109420.0,66.314476,55.478577,0.16231036,0.03497469,230980.28,117956.6,0.0,0.0,0.0
17876.0,2.0,1.0,78.0,118500.0,25600.0,20640.0,270.0,4690.0,756.07733,109420.0,57.215725,55.70329,0.17232068,0.21167283,230980.28,117956.6,0.0,0.0,0.0
17876.0,3.0,1.0,78.0,121820.0,31600.0,19300.0,3620.0,8680.0,777.26025,109420.0,54.23165,57.499096,0.18190773,0.34372786,230980.28,117956.6,0.0,0.0,0.0
17895.0,1.0,1.0,78.0,165990.0,31980.0,18310.0,720.0,12950.0,459.92075,165990.0,66.314476,55.478577,0.29405385,0.16451614,232138.47,116895.41,0.0,0.0,0.0
17895.0,2.0,1.0,78.0,459600.0,86280.0,57020.0,1680.0,27580.0,1273.4476,165990.0,57.215725,55.70329,0.17245488,0.27638733,232138.47,116895.41,0.0,0.0,0.0
17895.0,3.0,1.0,78.0,452760.0,114700.0,57020.0,10780.0,46900.0,1254.4956,165990.0,54.23165,57.499096,0.18048559,0.4066232,232138.47,116895.41,0.0,0.0,0.0
17914.0,1.0,1.0,79.0,145190.0,25990.0,16380.0,370.0,9240.0,995.40656,145190.0,62.81841,51.956398,0.14691095,0.07430998,217712.11,109811.945,0.0,0.0,0.0
17914.0,2.0,1.0,79.0,155630.0,29890.0,20260.0,410.0,9220.0,1066.982,145190.0,53.6576,52.012737,0.14393112,0.2683766,217712.11,109811.945,0.0,0.0,0.0
17914.0,3.0,1.0,79.0,146300.0,34740.0,17340.0,3840.0,13560.0,1003.0166,145190.0,50.797104,54.256466,0.16431989,0.46100116,217712.11,109811.945,0.0,0.0,0.0
17947.0,1.0,1.0,79.0,70140.0,12750.0,6370.0,320.0,6060.0,990.5381,70140.0,63.743793,49.487793,0.11377245,0.058399424,202311.75,93190.18,0.0,0.0,0.0
17947.0,2.0,1.0,79.0,75610.0,13870.0,8260.0,320.0,5290.0,1067.7871,70140.0,56.435066,54.0984,0.13318343,0.2112251,202311.75,93190.18,0.0,0.0,0.0
17947.0,3.0,1.0,79.0,69720.0,20100.0,9560.0,1940.0,8600.0,984.60675,70140.0,52.85891,55.742012,0.13253012,0.44512948,202311.75,93190.18,0.0,0.0,0.0
17958.0,1.0,1.0,79.0,253050.0,50590.0,38660.0,570.0,11360.0,775.656,253050.0,59.06338,48.629932,0.08452875,0.01840364,235445.12,129386.695,0.0,0.0,0.0
17958.0,2.0,1.0,79.0,265910.0,52430.0,40570.0,310.0,11550.0,815.0748,253050.0,49.83591,48.13625,0.09608514,0.11426531,235445.12,129386.695,0.0,0.0,0.0
17958.0,3.0,1.0,79.0,262280.0,64960.0,38600.0,4940.0,21420.0,803.94806,253050.0,47.108147,50.807377,0.11095013,0.348153,235445.12,129386.695,0.0,0.0,0.0
17976.0,1.0,1.0,79.0,164140.0,37810.0,29470.0,430.0,7910.0,752.2801,164140.0,59.77,46.63653,0.01742415,0.029813664,182122.75,77258.98,0.0,0.0,0.0
17976.0,2.0,1.0,79.0,181060.0,43260.0,35180.0,320.0,7760.0,829.8272,164140.0,52.611385,50.180637,0.02640009,0.14009021,182122.75,77258.98,0.0,0.0,0.0
17976.0,3.0,1.0,79.0,179780.0,49940.0,36040.0,3120.0,10780.0,823.96075,164140.0,49.123634,52.169853,0.024029369,0.29571217,182122.75,77258.98,0.0,0.0,0.0
17980.0,1.0,1.0,79.0,224580.0,40910.0,22000.0,1380.0,17530.0,1269.9615,224580.0,58.066948,45.51195,0.1743254,0.1228645,200627.9,94874.414,0.0,0.0,0.0
17980.0,2.0,1.0,79.0,227210.0,44680.0,27500.0,670.0,16510.0,1284.8337,224580.0,50.972664,48.53657,0.24730426,0.3043569,200627.9,94874.414,0.0,0.0,0.0
17980.0,3.0,1.0,79.0,235960.0,62700.0,27060.0,6840.0,28800.0,1334.3135,224580.0,47.5228,50.650417,0.22022495,0.43554458,200627.9,94874.414,0.0,0.0,0.0
17987.0,1.0,1.0,79.0,204250.0,37580.0,18690.0,1280.0,17610.0,1187.7761,204250.0,63.743793,49.487793,0.18139535,0.067148015,187524.62,78979.555,0.0,0.0,0.0
17987.0,2.0,1.0,79.0,214660.0,42750.0,23930.0,840.0,17980.0,1248.3135,204250.0,56.435066,54.0984,0.21680798,0.28946254,187524.62,78979.555,0.0,0.0,0.0
17987.0,3.0,1.0,79.0,210720.0,60380.0,21200.0,8820.0,30360.0,1225.4012,204250.0,52.85891,55.742012,0.22323462,0.5338005,187524.62,78979.555,0.0,0.0,0.0
32608.0,1.0,3.0,26.0,382700.0,62420.0,2680.0,8640.0,51100.0,13269.764,191350.0,55.54649,43.68725,1.0,0.8505192,91637.84,46833.27,0.0,,1.0
32608.0,2.0,3.0,26.0,1244450.0,247060.0,43920.0,82800.0,120340.0,43150.137,191350.0,55.200657,52.289692,1.0,0.9753554,91637.84,46833.27,0.0,,1.0
32608.0,3.0,3.0,26.0,1803960.0,785240.0,8860.0,270580.0,505800.0,62550.625,191350.0,48.48315,48.14123,1.0,0.98786145,91637.84,46833.27,0.0,,1.0
32612.0,1.0,3.0,26.0,405080.0,78430.0,4360.0,12950.0,61120.0,8580.386,405080.0,55.54649,43.68725,1.0,0.86103773,103345.98,40536.31,0.0,,1.0
32612.0,2.0,3.0,26.0,428160.0,84100.0,21660.0,8410.0,54030.0,9069.266,405080.0,55.200657,52.289692,1.0,0.97182804,103345.98,40536.31,0.0,,1.0
32612.0,3.0,3.0,26.0,1041900.0,396780.0,4720.0,95720.0,296340.0,22069.477,405080.0,48.48315,48.14123,1.0,0.99346876,103345.98,40536.31,0.0,,1.0
32614.0,1.0,3.0,26.0,313650.0,75320.0,58110.0,2150.0,15060.0,1047.0707,313650.0,55.65202,44.125275,0.07317073,0.10689536,63779.152,57986.21,0.0,,1.0
32614.0,2.0,3.0,26.0,350930.0,88850.0,62170.0,7880.0,18800.0,1171.524,313650.0,55.037445,51.707596,0.12409882,0.39215687,63779.152,57986.21,0.0,,1.0
32614.0,3.0,3.0,26.0,415800.0,141700.0,59640.0,38460.0,43600.0,1388.0822,313650.0,48.51602,48.225494,0.14203945,0.76603323,63779.152,57986.21,0.0,,1.0
32616.0,1.0,3.0,26.0,200010.0,37840.0,670.0,7390.0,29780.0,25381.979,200010.0,0.0,0.0,1.0,0.88900745,95392.76,38036.207,0.0,,1.0
32616.0,2.0,3.0,26.0,252220.0,49720.0,9600.0,7440.0,32680.0,32007.613,200010.0,0.0,0.0,1.0,0.9844453,95392.76,38036.207,0.0,,1.0
32616.0,3.0,3.0,26.0,264960.0,120280.0,780.0,20320.0,99180.0,33624.363,200010.0,0.0,0.0,1.0,0.9945399,95392.76,38036.207,0.0,,1.0
32618.0,1.0,3.0,26.0,176730.0,30340.0,14420.0,6430.0,9490.0,1635.0264,176730.0,55.54649,43.68725,0.15062524,0.05681105,97231.74,21345.73,0.0,,1.0
32618.0,2.0,3.0,26.0,194070.0,29840.0,14530.0,3040.0,12270.0,1795.4482,176730.0,55.200657,52.289692,0.32905653,0.47013125,97231.74,21345.73,0.0,,1.0
32618.0,3.0,3.0,26.0,226180.0,50940.0,17260.0,8920.0,24760.0,2092.5156,176730.0,48.48315,48.14123,0.16296755,0.82834005,97231.74,21345.73,0.0,,1.0
32626.0,1.0,3.0,26.0,282140.0,51110.0,7050.0,6860.0,37200.0,5534.327,282140.0,55.54649,43.68725,1.0,0.7515585,95508.6,47202.27,0.0,,1.0
32626.0,2.0,3.0,26.0,904840.0,206090.0,44450.0,41850.0,119790.0,17748.922,282140.0,55.200657,52.289692,1.0,0.9284778,95508.6,47202.27,0.0,,1.0
32626.0,3.0,3.0,26.0,1321320.0,644680.0,9140.0,158260.0,477280.0,25918.4,282140.0,48.48315,48.14123,1.0,0.98780715,95508.6,47202.27,0.0,,1.0
32638.0,1.0,3.0,26.0,530420.0,104720.0,26170.0,11500.0,67050.0,2966.8867,530420.0,55.54649,43.68725,1.0,0.5573754,97509.96,32279.588,0.0,,1.0
32638.0,2.0,3.0,26.0,600670.0,112030.0,24910.0,14430.0,72690.0,3359.8276,530420.0,55.200657,52.289692,1.0,0.85285616,97509.96,32279.588,0.0,,1.0
32638.0,3.0,3.0,26.0,796820.0,287600.0,26380.0,99920.0,161300.0,4456.9863,530420.0,48.48315,48.14123,0.0,0.944577,97509.96,32279.588,0.0,,1.0
32640.0,1.0,3.0,26.0,398720.0,78420.0,940.0,12100.0,65380.0,42552.83,211610.0,55.54649,43.68725,1.0,0.88666666,97504.234,36185.04,0.0,,1.0
32640.0,2.0,3.0,26.0,636610.0,128620.0,17970.0,25560.0,85090.0,67941.305,211610.0,55.200657,52.289692,1.0,0.9634399,97504.234,36185.04,0.0,,1.0
32640.0,3.0,3.0,26.0,771780.0,329420.0,2220.0,85280.0,241920.0,82367.13,211610.0,48.48315,48.14123,1.0,0.9950887,97504.234,36185.04,0.0,,1.0
32642.0,1.0,3.0,26.0,211610.0,47960.0,120.0,6040.0,41800.0,111962.96,398720.0,0.0,0.0,1.0,0.9105373,99871.61,36928.58,0.0,,1.0
32642.0,2.0,3.0,26.0,256080.0,55650.0,9690.0,10290.0,35670.0,135492.06,398720.0,0.0,0.0,1.0,0.984298,99871.61,36928.58,0.0,,1.0
32642.0,3.0,3.0,26.0,256080.0,132060.0,1000.0,37720.0,93340.0,135492.06,398720.0,0.0,0.0,1.0,0.94514394,99871.61,36928.58,0.0,,1.0
32648.0,1.0,3.0,26.0,639540.0,125680.0,6030.0,29880.0,89770.0,42721.44,639540.0,0.0,0.0,1.0,0.75558364,90016.57,43055.707,0.0,,1.0
32648.0,2.0,3.0,26.0,550150.0,118280.0,29620.0,23720.0,64940.0,36750.168,639540.0,0.0,0.0,1.0,0.9689666,90016.57,43055.707,0.0,,1.0
32648.0,3.0,3.0,26.0,779340.0,338060.0,3220.0,101220.0,233620.0,52060.12,639540.0,0.0,0.0,1.0,0.9757122,90016.57,43055.707,0.0,,1.0
32654.0,1.0,3.0,26.0,532200.0,98010.0,1360.0,8180.0,88470.0,109057.375,222730.0,55.54649,43.68725,1.0,0.87682617,99096.38,39423.133,0.0,,1.0
32654.0,2.0,3.0,26.0,621620.0,124150.0,27820.0,11640.0,84690.0,127381.15,222730.0,55.200657,52.289692,1.0,0.95496094,99096.38,39423.133,0.0,,1.0
32654.0,3.0,3.0,26.0,484300.0,217700.0,580.0,26020.0,191100.0,99241.805,222730.0,48.48315,48.14123,1.0,0.9197308,99096.38,39423.133,0.0,,1.0
32662.0,1.0,3.0,26.0,268190.0,46030.0,26570.0,4590.0,14870.0,934.94855,268190.0,55.54649,43.68725,0.043625787,0.058859974,89661.97,28920.729,0.0,,1.0
32662.0,2.0,3.0,26.0,300350.0,51950.0,30670.0,2760.0,18520.0,1047.0629,268190.0,55.200657,52.289692,0.053704012,0.4214916,89661.97,28920.729,0.0,,1.0
32662.0,3.0,3.0,26.0,315320.0,77620.0,31120.0,9820.0,36680.0,1099.2505,268190.0,48.48315,48.14123,0.04972726,0.869774,89661.97,28920.729,0.0,,1.0
32666.0,1.0,3.0,26.0,193610.0,37940.0,930.0,3400.0,33610.0,23354.645,193610.0,0.0,0.0,1.0,0.8549492,97457.37,39494.66,0.0,,1.0
32666.0,2.0,3.0,26.0,257890.0,48970.0,12880.0,4880.0,31210.0,31108.564,193610.0,0.0,0.0,1.0,0.9281709,97457.37,39494.66,0.0,,1.0
32666.0,3.0,3.0,26.0,474300.0,206800.0,1980.0,44200.0,160620.0,57213.51,193610.0,0.0,0.0,1.0,0.89189196,97457.37,39494.66,0.0,,1.0
32668.0,1.0,3.0,26.0,353870.0,57370.0,1980.0,5100.0,50290.0,21803.451,353870.0,0.0,0.0,1.0,0.86425006,99706.5,41507.023,0.0,,1.0
32668.0,2.0,3.0,26.0,962620.0,211660.0,52380.0,31020.0,128260.0,59311.152,353870.0,0.0,0.0,1.0,0.97336656,99706.5,41507.023,0.0,,1.0
32668.0,3.0,3.0,26.0,1065680.0,447300.0,7280.0,65700.0,374320.0,65661.125,353870.0,0.0,0.0,1.0,0.8868243,99706.5,41507.023,0.0,,1.0
32672.0,1.0,3.0,26.0,668380.0,129520.0,38240.0,16890.0,74390.0,1921.4053,350960.0,55.59926,43.901043,1.0,0.5849442,76279.63,53318.312,0.0,,1.0
32672.0,2.0,3.0,26.0,1043770.0,223310.0,66690.0,43470.0,113150.0,3000.5464,350960.0,55.119053,51.995277,1.0,0.8816861,76279.63,53318.312,0.0,,1.0
32672.0,3.0,3.0,26.0,1742180.0,853640.0,39980.0,400940.0,412720.0,5008.2793,350960.0,48.499584,48.18152,0.6067787,0.96842873,76279.63,53318.312,0.0,,1.0
32690.0,1.0,3.0,26.0,220950.0,52560.0,1440.0,16260.0,34860.0,22943.926,220950.0,0.0,0.0,1.0,0.8151417,94846.92,41036.71,0.0,,1.0
32690.0,2.0,3.0,26.0,300440.0,66590.0,21350.0,14890.0,30350.0,31198.338,220950.0,0.0,0.0,1.0,0.9618151,94846.92,41036.71,0.0,,1.0
32690.0,3.0,3.0,26.0,429200.0,205020.0,800.0,62620.0,141600.0,44569.055,220950.0,0.0,0.0,1.0,0.9353992,94846.92,41036.71,0.0,,1.0
32695.0,1.0,3.0,26.0,108210.0,15750.0,3270.0,1310.0,11170.0,2052.1526,108210.0,55.54649,43.68725,1.0,0.7688953,88069.234,53163.613,0.0,,1.0
32695.0,2.0,3.0,26.0,349080.0,63270.0,22130.0,5570.0,35570.0,6620.1406,108210.0,55.200657,52.289692,1.0,0.8909112,88069.234,53163.613,0.0,,1.0
32695.0,3.0,3.0,26.0,685460.0,298140.0,6160.0,74280.0,217700.0,12999.432,108210.0,48.48315,48.14123,1.0,0.94831765,88069.234,53163.613,0.0,,1.0
32903.0,1.0,3.0,29.0,90320.0,18320.0,14670.0,370.0,3280.0,878.6847,90320.0,52.764908,42.139927,0.054915857,0.022182254,125572.52,59015.605,0.0,0.0,0.0
32903.0,2.0,3.0,29.0,100060.0,19930.0,15570.0,360.0,4000.0,973.441,90320.0,49.581257,45.7661,0.056666,0.1788339,125572.52,59015.605,0.0,0.0,0.0
32903.0,3.0,3.0,29.0,110480.0,26800.0,15480.0,1880.0,9440.0,1074.8127,90320.0,44.95821,46.67749,0.06553222,0.43209878,125572.52,59015.605,0.0,0.0,0.0
32910.0,1.0,3.0,29.0,216880.0,47980.0,35790.0,960.0,11230.0,1070.3252,216880.0,55.86361,42.86351,0.12878089,0.042496998,115113.54,23337.018,0.0,0.0,0.0
32910.0,2.0,3.0,29.0,234040.0,52400.0,37170.0,860.0,14370.0,1155.0116,216880.0,53.04432,49.737038,0.16971458,0.19124329,115113.54,23337.018,0.0,0.0,0.0
32910.0,3.0,3.0,29.0,257420.0,65620.0,39900.0,7780.0,17940.0,1270.3943,216880.0,48.034943,49.4451,0.1824256,0.54074854,115113.54,23337.018,0.0,0.0,0.0
32918.0,1.0,3.0,29.0,190810.0,44130.0,35210.0,880.0,8040.0,546.8746,190810.0,52.716858,42.299763,0.059221216,0.023196606,111072.65,56087.383,0.0,0.0,0.0
32918.0,2.0,3.0,29.0,231960.0,52020.0,39520.0,1050.0,11450.0,664.8133,190810.0,49.60626,45.697453,0.101569235,0.18181819,111072.65,56087.383,0.0,0.0,0.0
32918.0,3.0,3.0,29.0,254220.0,68340.0,44760.0,5180.0,18400.0,728.61194,190810.0,44.927517,46.56935,0.11265833,0.31875437,111072.65,56087.383,0.0,0.0,0.0
32921.0,1.0,3.0,29.0,69400.0,14930.0,12690.0,120.0,2120.0,507.82965,69400.0,53.30769,44.020363,0.3036023,0.044479746,92059.81,32197.834,0.0,0.0,0.0
32921.0,2.0,3.0,29.0,76860.0,15190.0,11380.0,260.0,3550.0,562.41766,69400.0,51.654396,47.347942,0.33554515,0.20526315,92059.81,32197.834,0.0,0.0,0.0
32921.0,3.0,3.0,29.0,61600.0,16160.0,11160.0,1040.0,3960.0,450.7537,69400.0,45.887665,46.291798,0.3590909,0.47338936,92059.81,32197.834,0.0,0.0,0.0
32947.0,1.0,3.0,29.0,338190.0,72140.0,42570.0,1090.0,28480.0,919.5443,338190.0,52.18829,44.395298,0.210089,0.15942729,88355.33,47331.727,0.0,0.0,0.0
32947.0,2.0,3.0,29.0,413330.0,88670.0,48830.0,2860.0,36980.0,1123.8512,338190.0,49.881268,45.075512,0.24689715,0.39185724,88355.33,47331.727,0.0,0.0,0.0
32947.0,3.0,3.0,29.0,470360.0,140520.0,50520.0,20980.0,69020.0,1278.9167,338190.0,44.589924,45.447422,0.25618675,0.6930374,88355.33,47331.727,0.0,0.0,0.0
32956.0,1.0,3.0,29.0,166970.0,37790.0,29840.0,710.0,7240.0,762.629,166970.0,52.26037,44.074753,0.056537103,0.038292103,96709.85,65739.836,0.0,0.0,0.0
32956.0,2.0,3.0,29.0,187840.0,41490.0,31240.0,740.0,9510.0,857.95197,166970.0,49.843765,45.145744,0.06457624,0.18016087,96709.85,65739.836,0.0,0.0,0.0
32956.0,3.0,3.0,29.0,203820.0,57120.0,35860.0,5580.0,15680.0,930.94,166970.0,44.63596,45.592945,0.066431165,0.41601393,96709.85,65739.836,0.0,0.0,0.0
32962.0,1.0,3.0,29.0,268230.0,64650.0,55970.0,870.0,7810.0,677.1604,268230.0,52.688026,42.398228,0.031838346,0.012326355,108224.766,39500.55,0.0,0.0,0.0
32962.0,2.0,3.0,29.0,323900.0,79470.0,67010.0,820.0,11640.0,817.7022,268230.0,49.62126,45.657215,0.039086137,0.16425425,108224.766,39500.55,0.0,0.0,0.0
32962.0,3.0,3.0,29.0,363120.0,96720.0,73780.0,3840.0,19100.0,916.7151,268230.0,44.909103,46.50495,0.06494435,0.39324206,108224.766,39500.55,0.0,0.0,0.0
32984.0,1.0,3.0,29.0,170790.0,42480.0,34650.0,660.0,7170.0,584.5169,170790.0,55.98897,43.314106,0.02564553,0.013818387,104096.49,20747.48,0.0,0.0,0.0
32984.0,2.0,3.0,29.0,189720.0,43040.0,34520.0,510.0,8010.0,649.3035,170790.0,54.28316,51.010643,0.028462999,0.11601916,104096.49,20747.48,0.0,0.0,0.0
32984.0,3.0,3.0,29.0,191740.0,51920.0,33060.0,6460.0,12400.0,656.21686,170790.0,48.48507,49.05255,0.03004068,0.3999126,104096.49,20747.48,0.0,0.0,0.0
33330.0,1.0,3.0,33.0,587640.0,118560.0,51820.0,23150.0,43590.0,1704.7867,587640.0,55.891865,45.27155,1.0,0.4983689,76728.71,68572.164,0.0,,1.0
33330.0,2.0,3.0,33.0,865430.0,226800.0,71690.0,74830.0,80280.0,2510.6758,587640.0,54.666508,50.48787,1.0,0.7695855,76728.71,68572.164,0.0,,1.0
33330.0,3.0,3.0,33.0,1822620.0,904940.0,45620.0,559860.0,299460.0,5287.554,587640.0,48.59073,48.47153,0.37904775,0.9436661,76728.71,68572.164,0.0,,1.0
33332.0,1.0,3.0,33.0,234240.0,55690.0,41920.0,2550.0,11220.0,762.12787,234240.0,56.179676,46.90502,0.043587774,0.14377406,60046.49,75738.97,0.0,,1.0
33332.0,2.0,3.0,33.0,266930.0,65680.0,38170.0,11250.0,16260.0,868.48865,234240.0,54.221382,49.225536,0.06968119,0.5432787,60046.49,75738.97,0.0,,1.0
33332.0,3.0,3.0,33.0,487140.0,224280.0,44200.0,134120.0,45960.0,1584.9683,234240.0,48.680374,48.865345,0.3414624,0.85726035,60046.49,75738.97,0.0,,1.0
33334.0,1.0,3.0,33.0,176610.0,38040.0,26990.0,2840.0,8210.0,879.1816,176610.0,54.7705,40.427605,0.06709699,0.23975721,91535.46,70557.02,0.0,,1.0
33334.0,2.0,3.0,33.0,239170.0,51150.0,33480.0,4230.0,13440.0,1190.6113,176610.0,55.316536,50.35039,0.061922483,0.56033313,91535.46,70557.02,0.0,,1.0
33334.0,3.0,3.0,33.0,264860.0,78040.0,34520.0,17180.0,26340.0,1318.4985,176610.0,50.111603,47.83183,0.17813185,0.7809683,91535.46,70557.02,0.0,,1.0
33336.0,1.0,3.0,33.0,304650.0,73340.0,62280.0,630.0,10430.0,850.74,304650.0,54.380875,41.291763,0.01434433,0.024209818,88614.16,88572.66,0.0,,1.0
33336.0,2.0,3.0,33.0,323830.0,77280.0,61210.0,820.0,15250.0,904.3005,304650.0,54.20951,47.924557,0.03322731,0.23588087,88614.16,88572.66,0.0,,1.0
33336.0,3.0,3.0,33.0,346480.0,89600.0,57080.0,7540.0,24980.0,967.55096,304650.0,49.511826,46.379475,0.047448628,0.51286983,88614.16,88572.66,0.0,,1.0
33386.0,1.0,3.0,33.0,321230.0,77010.0,61560.0,620.0,14830.0,690.5054,321230.0,55.86224,45.721165,0.050306633,0.04126651,71393.32,89378.195,0.0,,1.0
33386.0,2.0,3.0,33.0,339340.0,80280.0,56400.0,1550.0,22330.0,729.434,321230.0,54.219288,48.931675,0.052425295,0.26774314,71393.32,89378.195,0.0,,1.0
33386.0,3.0,3.0,33.0,487180.0,176060.0,52420.0,62180.0,61460.0,1047.226,321230.0,48.827103,48.354206,0.25579867,0.7010091,71393.32,89378.195,0.0,,1.0
33532.0,1.0,3.0,35.0,291980.0,59150.0,45560.0,530.0,13060.0,760.78064,291980.0,53.197952,42.37403,0.08380711,0.066077605,149954.62,57721.855,0.0,0.0,0.0
33532.0,2.0,3.0,35.0,322300.0,65270.0,47400.0,620.0,17250.0,839.78217,291980.0,49.46789,45.818024,0.13180266,0.25725338,149954.62,57721.855,0.0,0.0,0.0
33532.0,3.0,3.0,35.0,343880.0,89660.0,51600.0,6600.0,31460.0,896.0108,291980.0,45.019657,46.951767,0.15487961,0.5986878,149954.62,57721.855,0.0,0.0,0.0
33543.0,1.0,3.0,35.0,205840.0,43360.0,35280.0,560.0,7520.0,693.78815,205840.0,52.764908,42.139927,0.018995335,0.015608181,134406.22,51973.453,0.0,0.0,0.0
33543.0,2.0,3.0,35.0,229060.0,45750.0,35960.0,660.0,9130.0,772.05164,205840.0,49.581257,45.7661,0.024578713,0.102609076,134406.22,51973.453,0.0,0.0,0.0
33543.0,3.0,3.0,35.0,209360.0,52520.0,33780.0,1760.0,16980.0,705.65234,205840.0,44.95821,46.67749,0.027130302,0.45576176,134406.22,51973.453,0.0,0.0,0.0
33551.0,1.0,3.0,35.0,208760.0,46200.0,37410.0,400.0,8390.0,575.50867,208760.0,58.075027,44.68745,0.038321517,0.0047556143,156417.3,50866.547,0.0,0.0,0.0
33551.0,2.0,3.0,35.0,223640.0,52990.0,43990.0,220.0,8780.0,616.5298,208760.0,53.11644,50.19688,0.046771597,0.06170262,156417.3,50866.547,0.0,0.0,0.0
33551.0,3.0,3.0,35.0,232840.0,61800.0,44080.0,1840.0,15880.0,641.8923,208760.0,48.835682,51.02112,0.05127985,0.377602,156417.3,50866.547,0.0,0.0,0.0
33558.0,1.0,3.0,35.0,269080.0,59540.0,46110.0,1570.0,11860.0,802.64886,269080.0,53.599174,42.30371,0.022558346,0.022772674,127452.52,37122.066,0.0,0.0,0.0
33558.0,2.0,3.0,35.0,288360.0,62490.0,48650.0,690.0,13150.0,860.1599,269080.0,50.513622,46.805534,0.062560685,0.15929204,127452.52,37122.066,0.0,0.0,0.0
33558.0,3.0,3.0,35.0,287620.0,75980.0,51280.0,6500.0,18200.0,857.9525,269080.0,45.78656,47.410976,0.06981434,0.4260757,127452.52,37122.066,0.0,0.0,0.0
33591.0,1.0,3.0,35.0,87850.0,21010.0,17950.0,90.0,2970.0,530.46313,87850.0,55.796207,44.114357,0.3430848,0.03496082,166628.69,67106.43,0.0,0.0,0.0
33591.0,2.0,3.0,35.0,99430.0,22610.0,19230.0,50.0,3330.0,600.3865,87850.0,48.7877,46.382538,0.36387408,0.3340112,166628.69,67106.43,0.0,0.0,0.0
33591.0,3.0,3.0,35.0,97960.0,25860.0,18580.0,740.0,6540.0,591.5102,87850.0,45.38836,48.6368,0.37362188,0.5784133,166628.69,67106.43,0.0,0.0,0.0
33907.0,1.0,3.0,39.0,157230.0,41580.0,32850.0,450.0,8280.0,590.3135,157230.0,66.22771,60.324326,0.05348852,0.018402994,89371.75,201888.22,0.0,,1.0
33907.0,2.0,3.0,39.0,179550.0,42820.0,34130.0,330.0,8360.0,674.113,157230.0,60.543858,55.983192,0.05218602,0.08123318,89371.75,201888.22,0.0,,1.0
33907.0,3.0,3.0,39.0,220940.0,58680.0,45580.0,2100.0,11000.0,829.51,157230.0,56.377224,60.20274,0.12999004,0.23515895,89371.75,201888.22,0.0,,1.0
33915.0,1.0,3.0,39.0,192780.0,48670.0,41320.0,610.0,6740.0,980.2207,192780.0,66.22771,60.324326,0.049175225,0.027019937,98422.695,212428.72,0.0,,1.0
33915.0,2.0,3.0,39.0,229090.0,52480.0,44300.0,470.0,7710.0,1164.8447,192780.0,60.543858,55.983192,0.19367933,0.086567774,98422.695,212428.72,0.0,,1.0
33915.0,3.0,3.0,39.0,259840.0,69780.0,51040.0,2860.0,15880.0,1321.198,192780.0,56.377224,60.20274,0.1861915,0.21146245,98422.695,212428.72,0.0,,1.0
33929.0,1.0,3.0,39.0,268590.0,62200.0,53510.0,420.0,8270.0,805.1983,268590.0,66.22771,60.324326,0.019472057,0.020289855,74377.92,188954.53,0.0,,1.0
33929.0,2.0,3.0,39.0,290260.0,66560.0,55680.0,650.0,10230.0,870.1622,268590.0,60.543858,55.983192,0.12071936,0.11472868,74377.92,188954.53,0.0,,1.0
33929.0,3.0,3.0,39.0,298160.0,80800.0,63820.0,4260.0,12720.0,893.84534,268590.0,56.377224,60.20274,0.12644218,0.3811683,74377.92,188954.53,0.0,,1.0
33936.0,1.0,3.0,39.0,505470.0,129590.0,98190.0,1950.0,29450.0,955.8451,505470.0,58.287037,52.50209,0.2163531,0.1533205,55287.098,159618.33,0.0,,1.0
33936.0,2.0,3.0,39.0,565080.0,129380.0,91750.0,2570.0,35060.0,1068.5677,505470.0,53.628845,47.617527,0.22564946,0.29455465,55287.098,159618.33,0.0,,1.0
33936.0,3.0,3.0,39.0,609560.0,174300.0,95680.0,13460.0,65160.0,1152.6796,505470.0,49.802586,52.226307,0.24132161,0.49921155,55287.098,159618.33,0.0,,1.0
33961.0,1.0,3.0,39.0,262360.0,75910.0,64300.0,780.0,10830.0,1097.0979,262360.0,57.64812,53.302563,0.04642476,0.017806267,61904.035,175421.8,0.0,,1.0
33961.0,2.0,3.0,39.0,292510.0,72070.0,59910.0,600.0,11560.0,1223.1747,262360.0,51.96435,46.45606,0.11603022,0.073129006,61904.035,175421.8,0.0,,1.0
33961.0,3.0,3.0,39.0,317100.0,87600.0,66960.0,4200.0,16440.0,1326.0015,262360.0,48.52102,51.91178,0.1243141,0.4300817,61904.035,175421.8,0.0,,1.0
33985.0,1.0,3.0,39.0,289180.0,76830.0,62290.0,1810.0,12730.0,1112.7014,289180.0,55.196808,51.46398,0.17815894,0.07302609,35797.57,149442.31,0.0,,1.0
33985.0,2.0,3.0,39.0,314890.0,77530.0,60120.0,2030.0,15380.0,1211.6279,289180.0,49.513065,43.86219,0.15884912,0.23773113,35797.57,149442.31,0.0,,1.0
33985.0,3.0,3.0,39.0,325080.0,88800.0,59320.0,9240.0,20240.0,1250.8368,289180.0,46.27639,49.57259,0.16697428,0.5561097,35797.57,149442.31,0.0,,1.0
34802.0,1.0,3.0,48.0,132200.0,34660.0,31780.0,190.0,2690.0,443.63907,132200.0,53.304684,40.625538,0.113842666,0.009962049,137452.72,134332.66,0.0,,1.0
34802.0,2.0,3.0,48.0,146980.0,40370.0,36340.0,160.0,3870.0,493.23804,132200.0,54.134117,45.877213,0.11382501,0.11984353,137452.72,134332.66,0.0,,1.0
34802.0,3.0,3.0,48.0,152660.0,39620.0,32020.0,1820.0,5780.0,512.2991,132200.0,50.419167,43.96366,0.11672999,0.43882647,137452.72,134332.66,0.0,,1.0
34806.0,1.0,3.0,48.0,196950.0,42800.0,32490.0,310.0,10000.0,1072.5956,196950.0,54.07339,40.404762,0.11246509,0.06451613,121575.07,114979.6,0.0,,1.0
34806.0,2.0,3.0,48.0,209580.0,45510.0,31830.0,330.0,13350.0,1141.3789,196950.0,54.18797,47.228893,0.12634793,0.24647415,121575.07,114979.6,0.0,,1.0
34806.0,3.0,3.0,48.0,244120.0,62880.0,34160.0,4220.0,24500.0,1329.4849,196950.0,49.771065,45.57059,0.13517942,0.5710004,121575.07,114979.6,0.0,,1.0
34811.0,1.0,3.0,48.0,190990.0,38430.0,20640.0,3200.0,14590.0,1640.5258,190990.0,54.022144,40.309933,0.36865804,0.28485715,127438.484,106841.02,0.0,,1.0
34811.0,2.0,3.0,48.0,247520.0,39840.0,19930.0,1860.0,18050.0,2126.0952,190990.0,54.18438,47.121296,0.37798965,0.5135305,127438.484,106841.02,0.0,,1.0
34811.0,3.0,3.0,48.0,295480.0,74460.0,18940.0,16740.0,38780.0,2538.052,190990.0,49.81427,45.444664,0.3993502,0.86019355,127438.484,106841.02,0.0,,1.0
34827.0,1.0,3.0,48.0,147670.0,40670.0,34400.0,310.0,5960.0,1269.2969,147670.0,54.380875,41.291763,0.09182637,0.05374538,90506.25,121257.85,0.0,,1.0
34827.0,2.0,3.0,48.0,163320.0,37340.0,30210.0,510.0,6620.0,1403.8164,147670.0,54.20951,47.924557,0.0961303,0.16956279,90506.25,121257.85,0.0,,1.0
34827.0,3.0,3.0,48.0,182420.0,45920.0,30940.0,3400.0,11580.0,1567.9905,147670.0,49.511826,46.379475,0.121368274,0.37119383,90506.25,121257.85,0.0,,1.0
34833.0,1.0,3.0,48.0,131030.0,37130.0,33930.0,100.0,3100.0,345.46124,131030.0,125.365906,119.01311,0.14538655,0.0,133865.95,151141.8,0.0,,1.0
34833.0,2.0,3.0,48.0,150290.0,39800.0,36310.0,160.0,3330.0,396.24033,131030.0,117.10551,110.93121,0.14392175,0.09267171,133865.95,151141.8,0.0,,1.0
34833.0,3.0,3.0,48.0,163060.0,46820.0,40740.0,1440.0,4640.0,429.9085,131030.0,109.38165,115.54756,0.13786337,0.47979215,133865.95,151141.8,0.0,,1.0
34842.0,1.0,3.0,48.0,234770.0,54510.0,43550.0,780.0,10180.0,1189.1906,234770.0,54.380875,41.291763,0.057801254,0.03461715,114130.08,131959.08,0.0,,1.0
34842.0,2.0,3.0,48.0,259720.0,61650.0,44530.0,800.0,16320.0,1315.5709,234770.0,54.20951,47.924557,0.06834283,0.15386,114130.08,131959.08,0.0,,1.0
34842.0,3.0,3.0,48.0,290200.0,75260.0,50480.0,6680.0,18100.0,1469.9625,234770.0,49.511826,46.379475,0.090351485,0.48852772,114130.08,131959.08,0.0,,1.0
34845.0,1.0,3.0,48.0,269650.0,64700.0,50260.0,2030.0,12410.0,1228.6417,269650.0,54.380875,41.291763,0.048136473,0.020371117,107579.54,113418.52,0.0,,1.0
34845.0,2.0,3.0,48.0,286040.0,66470.0,52100.0,820.0,13550.0,1303.3217,269650.0,54.20951,47.924557,0.043944903,0.14952506,107579.54,113418.52,0.0,,1.0
34845.0,3.0,3.0,48.0,313560.0,74920.0,49880.0,7140.0,17900.0,1428.7146,269650.0,49.511826,46.379475,0.13266999,0.3833811,107579.54,113418.52,0.0,,1.0
34849.0,1.0,3.0,48.0,300470.0,69720.0,44310.0,2610.0,22800.0,1687.844,300470.0,54.380875,41.291763,0.20165075,0.16038062,102650.93,123937.14,0.0,,1.0
34849.0,2.0,3.0,48.0,352040.0,80830.0,49080.0,2370.0,29380.0,1977.5305,300470.0,54.20951,47.924557,0.22440632,0.304107,102650.93,123937.14,0.0,,1.0
34849.0,3.0,3.0,48.0,414220.0,112900.0,40120.0,15780.0,57000.0,2326.8171,300470.0,49.511826,46.379475,0.24764618,0.53774804,102650.93,123937.14,0.0,,1.0
34854.0,1.0,3.0,48.0,135260.0,31300.0,24540.0,550.0,6210.0,1357.7594,135260.0,54.380875,41.291763,0.10823599,0.035074342,116818.87,104716.82,0.0,,1.0
34854.0,2.0,3.0,48.0,155060.0,32240.0,21940.0,640.0,9660.0,1556.5148,135260.0,54.20951,47.924557,0.17754418,0.1967066,116818.87,104716.82,0.0,,1.0
34854.0,3.0,3.0,48.0,184020.0,46120.0,24680.0,6220.0,15220.0,1847.2194,135260.0,49.511826,46.379475,0.17965439,0.43587223,116818.87,104716.82,0.0,,1.0
34859.0,1.0,3.0,48.0,109250.0,28320.0,25710.0,80.0,2530.0,509.13412,109250.0,53.304684,40.625538,0.08622426,0.0,136067.36,142815.89,0.0,,1.0
34859.0,2.0,3.0,48.0,123170.0,32420.0,28970.0,70.0,3380.0,574.005,109250.0,54.134117,45.877213,0.10489567,0.10065646,136067.36,142815.89,0.0,,1.0
34859.0,3.0,3.0,48.0,121720.0,33880.0,27560.0,640.0,5680.0,567.2476,109250.0,50.419167,43.96366,0.09792967,0.3436714,136067.36,142815.89,0.0,,1.0
34876.0,1.0,3.0,48.0,109840.0,28570.0,24860.0,120.0,3590.0,564.8172,109840.0,54.227135,40.781,0.13610707,0.00090538705,121193.14,125378.375,0.0,,1.0
34876.0,2.0,3.0,48.0,120180.0,32450.0,27360.0,150.0,4940.0,617.98737,109840.0,54.19874,47.566093,0.14503245,0.12935324,121193.14,125378.375,0.0,,1.0
34876.0,3.0,3.0,48.0,136160.0,36620.0,29720.0,1380.0,5520.0,700.1594,109840.0,49.641445,45.963737,0.13689777,0.53154874,121193.14,125378.375,0.0,,1.0
34879.0,1.0,3.0,48.0,207040.0,50840.0,43320.0,810.0,6710.0,1190.1586,207040.0,54.380875,41.291763,0.04100657,0.02744511,94053.46,109793.77,0.0,,1.0
34879.0,2.0,3.0,48.0,235090.0,56040.0,46010.0,810.0,9220.0,1351.4026,207040.0,54.20951,47.924557,0.042324215,0.13349085,94053.46,109793.77,0.0,,1.0
34879.0,3.0,3.0,48.0,251040.0,62700.0,43420.0,3380.0,15900.0,1443.0903,207040.0,49.511826,46.379475,0.11177502,0.38253915,94053.46,109793.77,0.0,,1.0
34892.0,1.0,3.0,48.0,137460.0,34880.0,29800.0,200.0,4880.0,986.08325,137460.0,92.20166,85.844955,0.0534701,0.017558886,114537.11,141001.03,0.0,,1.0
34892.0,2.0,3.0,48.0,153620.0,37380.0,30510.0,220.0,6650.0,1102.0087,137460.0,86.84822,80.92451,0.054940764,0.091083415,114537.11,141001.03,0.0,,1.0
34892.0,3.0,3.0,48.0,158840.0,41780.0,29400.0,1420.0,10960.0,1139.4548,137460.0,81.14223,85.458305,0.053638883,0.60034704,114537.11,141001.03,0.0,,1.0
35440.0,1.0,3.0,54.0,250660.0,55170.0,46430.0,400.0,8340.0,841.6776,250660.0,58.692738,44.067547,0.022580387,0.04951561,155012.44,38697.062,0.0,0.0,0.0
35440.0,2.0,3.0,54.0,272290.0,58240.0,48480.0,680.0,9080.0,914.3078,250660.0,55.71375,52.964573,0.14161372,0.3479618,155012.44,38697.062,0.0,0.0,0.0
35440.0,3.0,3.0,54.0,276180.0,69340.0,46940.0,8580.0,13820.0,927.3698,250660.0,50.571255,51.961544,0.15620248,0.573438,155012.44,38697.062,0.0,0.0,0.0
35454.0,1.0,3.0,54.0,307370.0,73830.0,51150.0,2340.0,20340.0,1039.6766,307370.0,58.187634,43.607525,0.15365846,0.15621622,139418.1,25405.527,0.0,0.0,0.0
35454.0,2.0,3.0,54.0,333330.0,70990.0,50590.0,1400.0,19000.0,1127.4861,307370.0,55.641617,52.890724,0.1600216,0.45658836,139418.1,25405.527,0.0,0.0,0.0
35454.0,3.0,3.0,54.0,345820.0,94420.0,46020.0,11520.0,36880.0,1169.7334,307370.0,50.34249,51.592216,0.18396854,0.6837086,139418.1,25405.527,0.0,0.0,0.0
35480.0,1.0,3.0,54.0,204840.0,45960.0,35230.0,470.0,10260.0,894.53687,204840.0,56.982582,43.200798,0.084407344,0.10804416,135938.14,31993.625,0.0,0.0,0.0
35480.0,2.0,3.0,54.0,218480.0,49510.0,36370.0,440.0,12700.0,954.1028,204840.0,54.294872,51.238754,0.09579824,0.387883,135938.14,31993.625,0.0,0.0,0.0
35480.0,3.0,3.0,54.0,227200.0,61660.0,36680.0,4960.0,20020.0,992.18304,204840.0,49.145985,50.47184,0.09066901,0.68470687,135938.14,31993.625,0.0,0.0,0.0
35487.0,1.0,3.0,54.0,308990.0,75210.0,60820.0,1200.0,13190.0,1047.8143,308990.0,58.187634,43.607525,0.049451437,0.012157534,120386.336,8626.4795,0.0,0.0,0.0
35487.0,2.0,3.0,54.0,329120.0,72330.0,55850.0,960.0,15520.0,1116.0771,308990.0,55.641617,52.890724,0.087263,0.13412687,120386.336,8626.4795,0.0,0.0,0.0
35487.0,3.0,3.0,54.0,316360.0,93480.0,58980.0,8780.0,25720.0,1072.8068,308990.0,50.34249,51.592216,0.099759765,0.4468989,120386.336,8626.4795,0.0,0.0,0.0
35610.0,1.0,3.0,56.0,141590.0,32200.0,26730.0,320.0,5150.0,720.0834,141590.0,52.23506,44.804436,0.040186454,0.0074571217,49312.4,74178.21,0.0,,1.0
35610.0,2.0,3.0,56.0,155080.0,37620.0,32100.0,190.0,5330.0,788.6894,141590.0,49.635006,44.71794,0.03849626,0.13299,49312.4,74178.21,0.0,,1.0
35610.0,3.0,3.0,56.0,168040.0,42660.0,34820.0,2420.0,5420.0,854.6,141590.0,44.499397,45.4899,0.044037133,0.32851985,49312.4,74178.21,0.0,,1.0
35622.0,1.0,3.0,56.0,128500.0,29210.0,22340.0,670.0,6200.0,880.6195,128500.0,52.18829,44.395298,0.046692606,0.026894866,59609.836,60747.465,0.0,,1.0
35622.0,2.0,3.0,56.0,137110.0,32070.0,22490.0,870.0,8710.0,939.62445,128500.0,49.881268,45.075512,0.044854496,0.28491437,59609.836,60747.465,0.0,,1.0
35622.0,3.0,3.0,56.0,148360.0,41380.0,25560.0,4820.0,11000.0,1016.7215,128500.0,44.589924,45.447422,0.046373684,0.5794292,59609.836,60747.465,0.0,,1.0
35628.0,1.0,3.0,56.0,155190.0,32560.0,23830.0,930.0,7800.0,590.70496,155190.0,52.859932,44.153923,0.07017205,0.0065509337,77427.68,44283.695,0.0,,1.0
35628.0,2.0,3.0,56.0,168780.0,37730.0,27730.0,940.0,9060.0,642.433,155190.0,50.945145,46.421158,0.019611329,0.26560846,77427.68,44283.695,0.0,,1.0
35628.0,3.0,3.0,56.0,137820.0,38640.0,25840.0,3140.0,9660.0,524.5889,155190.0,45.36857,45.947327,0.014656799,0.47852027,77427.68,44283.695,0.0,,1.0
35646.0,1.0,3.0,56.0,237090.0,50570.0,34010.0,1660.0,14900.0,1193.386,237090.0,54.587006,43.7612,0.18942174,0.10555675,67776.5,50652.99,0.0,,1.0
35646.0,2.0,3.0,56.0,262870.0,54510.0,34530.0,1660.0,18320.0,1323.1489,237090.0,53.680832,50.113678,0.21075056,0.40673706,67776.5,50652.99,0.0,,1.0
35646.0,3.0,3.0,56.0,317080.0,89800.0,37540.0,10980.0,41280.0,1596.0135,237090.0,47.3708,47.323452,0.26466507,0.6674781,67776.5,50652.99,0.0,,1.0
35670.0,1.0,3.0,56.0,140660.0,33120.0,25620.0,1640.0,5860.0,951.36957,140660.0,53.92196,44.36153,0.05125835,0.022319796,56182.09,62345.973,0.0,,1.0
35670.0,2.0,3.0,56.0,155200.0,36300.0,26920.0,1290.0,8090.0,1049.7125,140660.0,52.25366,48.085915,0.05431701,0.3137931,56182.09,62345.973,0.0,,1.0
35670.0,3.0,3.0,56.0,171480.0,49340.0,28760.0,6700.0,13880.0,1159.8241,140660.0,46.43092,46.774933,0.04735246,0.57009345,56182.09,62345.973,0.0,,1.0
35678.0,1.0,3.0,56.0,143730.0,35280.0,23990.0,760.0,10530.0,688.75793,143730.0,52.18829,44.395298,0.024768664,0.02605136,62491.35,63301.008,0.0,,1.0
35678.0,2.0,3.0,56.0,154000.0,39570.0,27340.0,660.0,11570.0,737.97205,143730.0,49.881268,45.075512,0.027077923,0.23183882,62491.35,63301.008,0.0,,1.0
35678.0,3.0,3.0,56.0,170260.0,50320.0,29740.0,2920.0,17660.0,815.8904,143730.0,44.589924,45.447422,0.028662046,0.48039216,62491.35,63301.008,0.0,,1.0
35682.0,1.0,3.0,56.0,234400.0,56650.0,45610.0,820.0,10220.0,1095.4807,234400.0,55.54649,43.68725,0.058361776,0.010595131,78596.36,41154.195,0.0,,1.0
35682.0,2.0,3.0,56.0,249440.0,56680.0,42280.0,790.0,13610.0,1165.7709,234400.0,55.200657,52.289692,0.055965364,0.3198634,78596.36,41154.195,0.0,,1.0
35682.0,3.0,3.0,56.0,284080.0,76280.0,51920.0,6980.0,17380.0,1327.6627,234400.0,48.48315,48.14123,0.091101095,0.56651306,78596.36,41154.195,0.0,,1.0
35924.0,1.0,3.0,59.0,128640.0,26750.0,18370.0,290.0,8090.0,905.7879,128640.0,54.868717,39.768795,0.03653607,0.00493938,128874.44,42619.004,0.0,,1.0
35924.0,2.0,3.0,59.0,139280.0,26200.0,17820.0,270.0,8110.0,980.7069,128640.0,56.175774,52.03317,0.045950603,0.29226786,128874.44,42619.004,0.0,,1.0
35924.0,3.0,3.0,59.0,156320.0,44420.0,19980.0,11480.0,12960.0,1100.6901,128640.0,50.968548,49.028736,0.041965198,0.7697143,128874.44,42619.004,0.0,,1.0
35944.0,1.0,3.0,59.0,154510.0,29750.0,16050.0,430.0,13270.0,1176.1438,154510.0,58.187634,43.607525,0.07520549,0.10110701,118831.3,12788.866,0.0,,1.0
35944.0,2.0,3.0,59.0,167080.0,29740.0,14440.0,530.0,14770.0,1271.8278,154510.0,55.641617,52.890724,0.02902801,0.5794607,118831.3,12788.866,0.0,,1.0
35944.0,3.0,3.0,59.0,159460.0,48440.0,19120.0,6420.0,22900.0,1213.8236,154510.0,50.34249,51.592216,0.032359213,0.7912546,118831.3,12788.866,0.0,,1.0
35956.0,1.0,3.0,59.0,296670.0,65150.0,38020.0,2430.0,24700.0,1777.1055,296670.0,59.69915,44.809048,0.22830081,0.25083154,127270.68,30929.354,0.0,,1.0
35956.0,2.0,3.0,59.0,324410.0,66540.0,36920.0,3280.0,26340.0,1943.273,296670.0,59.482254,55.788773,0.32936716,0.75873643,127270.68,30929.354,0.0,,1.0
35956.0,3.0,3.0,59.0,383560.0,116500.0,37140.0,25580.0,53780.0,2297.5918,296670.0,54.988808,55.270927,0.35744083,0.9568571,127270.68,30929.354,0.0,,1.0
35974.0,1.0,3.0,59.0,228840.0,49440.0,34770.0,1780.0,12890.0,1306.6118,228840.0,55.54649,43.68725,0.012497815,0.060793407,107037.65,23277.693,0.0,,1.0
35974.0,2.0,3.0,59.0,242140.0,45910.0,27200.0,1940.0,16770.0,1382.5511,228840.0,55.200657,52.289692,0.012141736,0.3310359,107037.65,23277.693,0.0,,1.0
35974.0,3.0,3.0,59.0,287720.0,84860.0,42700.0,16620.0,25540.0,1642.8,228840.0,48.48315,48.14123,0.0129292365,0.9,107037.65,23277.693,0.0,,1.0
35984.0,1.0,3.0,59.0,205490.0,41060.0,24780.0,1500.0,14780.0,998.0088,205490.0,55.923798,43.575447,0.046960924,0.125,107479.8,13996.98,0.0,,1.0
35984.0,2.0,3.0,59.0,229450.0,42480.0,22810.0,1490.0,18180.0,1114.376,205490.0,55.263653,52.336346,0.046807583,0.59638816,107479.8,13996.98,0.0,,1.0
35984.0,3.0,3.0,59.0,255560.0,69880.0,26140.0,10460.0,33280.0,1241.185,205490.0,48.74877,48.62239,0.05572077,0.91567945,107479.8,13996.98,0.0,,1.0
35994.0,1.0,3.0,59.0,178250.0,41360.0,28600.0,790.0,11970.0,1613.8524,178250.0,57.307255,43.451527,0.07107995,0.1401012,123685.47,23376.58,0.0,,1.0
35994.0,2.0,3.0,59.0,190020.0,36830.0,20870.0,800.0,15160.0,1720.4165,178250.0,55.49463,52.61963,0.07946532,0.57475525,123685.47,23376.58,0.0,,1.0
35994.0,3.0,3.0,59.0,197760.0,59640.0,29040.0,6020.0,24580.0,1790.4935,178250.0,49.72271,50.421165,0.08343446,0.87986463,123685.47,23376.58,0.0,,1.0
36113.0,1.0,3.0,61.0,265690.0,66920.0,58540.0,820.0,7560.0,612.93744,265690.0,56.179676,46.90502,0.09104595,0.020041207,59083.336,106984.81,0.0,,1.0
36113.0,2.0,3.0,61.0,308810.0,77160.0,62490.0,1600.0,13070.0,712.41376,265690.0,54.221382,49.225536,0.101680644,0.14418153,59083.336,106984.81,0.0,,1.0
36113.0,3.0,3.0,61.0,431880.0,148240.0,60380.0,45660.0,42200.0,996.3319,265690.0,48.680374,48.865345,0.14031675,0.5459062,59083.336,106984.81,0.0,,1.0
36116.0,1.0,3.0,61.0,157220.0,40770.0,36710.0,200.0,3860.0,574.31964,157220.0,104.913864,101.755646,0.018381886,0.00065487885,107094.62,187356.06,0.0,,1.0
36116.0,2.0,3.0,61.0,172450.0,40640.0,36080.0,180.0,4380.0,629.95435,157220.0,97.32793,93.95983,0.028182082,0.017829051,107094.62,187356.06,0.0,,1.0
36116.0,3.0,3.0,61.0,196700.0,49700.0,37700.0,1720.0,10280.0,718.5388,157220.0,90.02627,96.99721,0.037620742,0.17136364,107094.62,187356.06,0.0,,1.0
36120.0,1.0,3.0,61.0,345370.0,85090.0,73520.0,970.0,10600.0,857.95557,345370.0,61.377266,53.775562,0.15583287,0.06307356,53312.473,129017.53,0.0,,1.0
36120.0,2.0,3.0,61.0,396690.0,87880.0,71200.0,1130.0,15550.0,985.4428,345370.0,57.744625,51.502274,0.15931836,0.15387312,53312.473,129017.53,0.0,,1.0
36120.0,3.0,3.0,61.0,452260.0,122020.0,81060.0,12260.0,28700.0,1123.4878,345370.0,53.328785,54.986015,0.113032326,0.32826087,53312.473,129017.53,0.0,,1.0
36122.0,1.0,3.0,61.0,380390.0,88990.0,74350.0,590.0,14050.0,957.7993,380390.0,55.043,42.530167,0.07442362,0.028119028,78829.81,112150.14,0.0,,1.0
36122.0,2.0,3.0,61.0,416330.0,94970.0,76390.0,1010.0,17570.0,1048.2941,380390.0,54.43194,48.178665,0.0794562,0.13698173,78829.81,112150.14,0.0,,1.0
36122.0,3.0,3.0,61.0,429460.0,111220.0,71280.0,13840.0,26100.0,1081.3546,380390.0,49.646454,47.123814,0.10054487,0.4428402,78829.81,112150.14,0.0,,1.0
36123.0,1.0,3.0,61.0,246740.0,63860.0,52660.0,2220.0,8980.0,1109.2429,246740.0,92.20166,85.844955,0.0716949,0.033545997,92617.95,151842.14,0.0,,1.0
36123.0,2.0,3.0,61.0,281980.0,67040.0,55070.0,780.0,11190.0,1267.6677,246740.0,86.84822,80.92451,0.07660118,0.07337278,92617.95,151842.14,0.0,,1.0
36123.0,3.0,3.0,61.0,325700.0,86760.0,57600.0,8700.0,20460.0,1464.2151,246740.0,81.14223,85.458305,0.07853853,0.32852387,92617.95,151842.14,0.0,,1.0
36124.0,1.0,3.0,61.0,241970.0,63300.0,53530.0,790.0,8980.0,823.952,241970.0,76.696014,68.98929,0.039839648,0.031149518,95993.9,185725.45,0.0,,1.0
36124.0,2.0,3.0,61.0,269400.0,63150.0,52570.0,600.0,9980.0,917.3562,241970.0,71.4271,65.7181,0.041054193,0.055573825,95993.9,185725.45,0.0,,1.0
36124.0,3.0,3.0,61.0,288620.0,77180.0,55540.0,3840.0,17800.0,982.8038,241970.0,65.93891,68.31702,0.04157716,0.24498446,95993.9,185725.45,0.0,,1.0
36131.0,1.0,3.0,61.0,306340.0,73950.0,62640.0,920.0,10390.0,1007.29974,306340.0,89.39944,82.88946,0.06920415,0.02917772,87463.21,140251.81,0.0,,1.0
36131.0,2.0,3.0,61.0,337680.0,79420.0,65810.0,630.0,12980.0,1110.3512,306340.0,84.20244,78.17127,0.091062546,0.116680704,87463.21,140251.81,0.0,,1.0
36131.0,3.0,3.0,61.0,378040.0,97820.0,71220.0,4840.0,21760.0,1243.062,306340.0,78.61373,82.63136,0.09237118,0.30019733,87463.21,140251.81,0.0,,1.0
36152.0,1.0,3.0,61.0,564930.0,108530.0,60070.0,3140.0,45320.0,1487.6758,564930.0,61.377266,53.775562,0.48354664,0.33178985,73016.81,150481.52,0.0,,1.0
36152.0,2.0,3.0,61.0,676310.0,120770.0,62260.0,2930.0,55580.0,1780.9818,564930.0,57.744625,51.502274,0.4952167,0.45868856,73016.81,150481.52,0.0,,1.0
36152.0,3.0,3.0,61.0,771120.0,218020.0,66420.0,33860.0,117740.0,2030.6526,564930.0,53.328785,54.986015,0.5013487,0.68081516,73016.81,150481.52,0.0,,1.0
36165.0,1.0,3.0,61.0,323370.0,75550.0,59820.0,2260.0,13470.0,1038.3394,323370.0,61.377266,53.775562,0.064539075,0.118040435,58424.34,146600.89,0.0,,1.0
36165.0,2.0,3.0,61.0,368300.0,79060.0,57620.0,1630.0,19810.0,1182.6093,323370.0,57.744625,51.502274,0.10165626,0.21648727,58424.34,146600.89,0.0,,1.0
36165.0,3.0,3.0,61.0,414820.0,116480.0,61520.0,8420.0,46540.0,1331.9847,323370.0,53.328785,54.986015,0.12130563,0.46356398,58424.34,146600.89,0.0,,1.0
36172.0,1.0,3.0,61.0,329360.0,86240.0,76870.0,380.0,8990.0,1016.5118,329360.0,85.89819,78.0745,0.04769857,0.033731107,93194.516,132193.05,0.0,,1.0
36172.0,2.0,3.0,61.0,372430.0,89860.0,76950.0,390.0,12520.0,1149.4398,329360.0,81.40843,74.91307,0.099508636,0.14221048,93194.516,132193.05,0.0,,1.0
36172.0,3.0,3.0,61.0,405400.0,102640.0,71940.0,9300.0,21400.0,1251.1959,329360.0,75.87049,78.876915,0.114652194,0.30586907,93194.516,132193.05,0.0,,1.0
36181.0,1.0,3.0,61.0,458640.0,117270.0,102710.0,1240.0,13320.0,773.21466,458640.0,67.542145,60.08242,0.026643991,0.010663374,86040.195,165587.19,0.0,,1.0
36181.0,2.0,3.0,61.0,526270.0,121720.0,105660.0,980.0,15080.0,887.23114,458640.0,63.565342,57.179268,0.030516654,0.04337778,86040.195,165587.19,0.0,,1.0
36181.0,3.0,3.0,61.0,602480.0,159540.0,115180.0,9580.0,34780.0,1015.7125,458640.0,58.89147,60.931644,0.04444961,0.286913,86040.195,165587.19,0.0,,1.0
36194.0,1.0,3.0,61.0,337860.0,78520.0,63040.0,830.0,14650.0,1005.68536,337860.0,62.64657,54.48832,0.09119162,0.03570874,67362.805,127723.266,0.0,,1.0
36194.0,2.0,3.0,61.0,371140.0,78610.0,59000.0,530.0,19080.0,1104.7477,337860.0,59.289112,53.04922,0.11653285,0.12428678,67362.805,127723.266,0.0,,1.0
36194.0,3.0,3.0,61.0,421700.0,109660.0,66680.0,9000.0,33980.0,1255.2462,337860.0,54.48447,55.878815,0.13564146,0.50980806,67362.805,127723.266,0.0,,1.0
36702.0,1.0,3.0,67.0,300110.0,58170.0,30090.0,9570.0,18510.0,1575.9597,300110.0,54.868717,39.768795,0.036653228,0.18376866,115524.766,58454.97,0.0,,1.0
36702.0,2.0,3.0,67.0,332300.0,67270.0,28800.0,15310.0,23160.0,1744.9982,300110.0,56.175774,52.03317,0.039542582,0.6119706,115524.766,58454.97,0.0,,1.0
36702.0,3.0,3.0,67.0,377720.0,113460.0,32840.0,32260.0,48360.0,1983.5111,300110.0,50.968548,49.028736,0.04214762,0.8690386,115524.766,58454.97,0.0,,1.0
36704.0,1.0,3.0,67.0,261920.0,50070.0,25150.0,5640.0,19280.0,1554.7904,261920.0,54.868717,39.768795,0.016226329,0.13746089,115998.7,46504.367,0.0,,1.0
36704.0,2.0,3.0,67.0,307730.0,55410.0,25470.0,5670.0,24270.0,1826.7244,261920.0,56.175774,52.03317,0.01754785,0.7821782,115998.7,46504.367,0.0,,1.0
36704.0,3.0,3.0,67.0,399340.0,134660.0,25100.0,29000.0,80560.0,2370.533,261920.0,50.968548,49.028736,0.087644614,0.9718156,115998.7,46504.367,0.0,,1.0
36706.0,1.0,3.0,67.0,211340.0,33390.0,6070.0,10350.0,16970.0,3468.0015,211340.0,54.868717,39.768795,1.0,0.6179377,115060.99,39652.67,0.0,,1.0
36706.0,2.0,3.0,67.0,249140.0,38480.0,7420.0,9310.0,21750.0,4088.2837,211340.0,56.175774,52.03317,1.0,0.91769993,115060.99,39652.67,0.0,,1.0
36706.0,3.0,3.0,67.0,314280.0,106200.0,7600.0,41220.0,57380.0,5157.204,211340.0,50.968548,49.028736,0.5329006,0.97460145,115060.99,39652.67,0.0,,1.0
36758.0,1.0,3.0,67.0,601910.0,111880.0,9770.0,24010.0,78100.0,5546.0244,601910.0,55.37705,42.560818,1.0,0.75502896,111994.88,33774.85,0.0,,1.0
36758.0,2.0,3.0,67.0,881510.0,175530.0,34650.0,49600.0,91280.0,8122.2705,601910.0,55.44444,52.1637,1.0,0.9015778,111994.88,33774.85,0.0,,1.0
36758.0,3.0,3.0,67.0,1331580.0,553280.0,13080.0,279940.0,260260.0,12269.234,601910.0,49.1045,48.312172,0.41039968,0.9716941,111994.88,33774.85,0.0,,1.0
36768.0,1.0,3.0,67.0,372890.0,80520.0,34930.0,21430.0,24160.0,1485.3809,372890.0,54.944023,40.122086,0.1713642,0.24553572,99692.8,54813.645,0.0,,1.0
36768.0,2.0,3.0,67.0,403860.0,82100.0,29990.0,18900.0,33210.0,1608.7477,372890.0,56.06743,52.02899,0.17684346,0.721554,99692.8,54813.645,0.0,,1.0
36768.0,3.0,3.0,67.0,540840.0,212200.0,28380.0,90480.0,93340.0,2154.3977,372890.0,50.692394,48.90361,0.4306634,0.9402937,99692.8,54813.645,0.0,,1.0
36807.0,1.0,3.0,68.0,144660.0,35610.0,29320.0,670.0,5620.0,1257.3663,144660.0,54.380875,41.291763,0.10638739,0.020466786,114165.66,97857.266,0.0,,1.0
36807.0,2.0,3.0,68.0,163720.0,38040.0,29730.0,780.0,7530.0,1423.0334,144660.0,54.20951,47.924557,0.10884437,0.24985372,114165.66,97857.266,0.0,,1.0
36807.0,3.0,3.0,68.0,189180.0,49660.0,27260.0,5440.0,16960.0,1644.3285,144660.0,49.511826,46.379475,0.110159636,0.5875413,114165.66,97857.266,0.0,,1.0
36852.0,1.0,3.0,68.0,230400.0,58420.0,49640.0,420.0,8360.0,1196.883,230400.0,54.380875,41.291763,0.04487847,0.030986508,100932.57,96229.49,0.0,,1.0
36852.0,2.0,3.0,68.0,243930.0,54220.0,43240.0,480.0,10500.0,1267.1688,230400.0,54.20951,47.924557,0.051449187,0.2360406,100932.57,96229.49,0.0,,1.0
36852.0,3.0,3.0,68.0,271940.0,70380.0,42100.0,4920.0,23360.0,1412.6753,230400.0,49.511826,46.379475,0.074722365,0.57084256,100932.57,96229.49,0.0,,1.0
36860.0,1.0,3.0,68.0,451010.0,96170.0,37470.0,20760.0,37940.0,2120.2048,451010.0,54.868717,39.768795,0.23154697,0.31616682,111875.98,69259.96,0.0,,1.0
36860.0,2.0,3.0,68.0,582440.0,117480.0,43700.0,25580.0,48200.0,2738.0593,451010.0,56.175774,52.03317,0.30167913,0.6545101,111875.98,69259.96,0.0,,1.0
36860.0,3.0,3.0,68.0,717260.0,223780.0,34380.0,78720.0,110680.0,3371.8503,451010.0,50.968548,49.028736,0.33817583,0.89017624,111875.98,69259.96,0.0,,1.0
36863.0,1.0,3.0,68.0,173160.0,39280.0,17250.0,11100.0,10930.0,1878.4985,173160.0,54.868717,39.768795,0.5435435,0.3517285,101847.734,72752.555,0.0,,1.0
36863.0,2.0,3.0,68.0,189710.0,39990.0,17810.0,10380.0,11800.0,2058.0386,173160.0,56.175774,52.03317,0.52754205,0.72223604,101847.734,72752.555,0.0,,1.0
36863.0,3.0,3.0,68.0,211780.0,66300.0,15360.0,26940.0,24000.0,2297.4614,173160.0,50.968548,49.028736,0.47322693,0.923044,101847.734,72752.555,0.0,,1.0
36864.0,1.0,3.0,68.0,414470.0,97410.0,63100.0,12420.0,21890.0,1277.2968,414470.0,54.73567,39.951283,0.072285086,0.08378871,122229.8,88326.68,0.0,,1.0
36864.0,2.0,3.0,68.0,453550.0,95970.0,63930.0,8160.0,23880.0,1397.7318,414470.0,55.639523,50.803974,0.07553743,0.32223356,122229.8,88326.68,0.0,,1.0
36864.0,3.0,3.0,68.0,535280.0,124780.0,64020.0,12940.0,47820.0,1649.604,414470.0,50.571262,48.25707,0.08193842,0.56999284,122229.8,88326.68,0.0,,1.0
36876.0,1.0,3.0,68.0,234400.0,52440.0,41230.0,1990.0,9220.0,1036.9387,234400.0,54.52026,40.620975,0.037755974,0.122838534,107527.5,84750.984,0.0,,1.0
36876.0,2.0,3.0,68.0,266180.0,58110.0,40380.0,2830.0,14900.0,1177.5271,234400.0,54.771297,48.9825,0.038770758,0.42972103,107527.5,84750.984,0.0,,1.0
36876.0,3.0,3.0,68.0,302080.0,83400.0,36920.0,13880.0,32600.0,1336.3416,234400.0,49.928032,47.084587,0.08554026,0.7850015,107527.5,84750.984,0.0,,1.0
37204.0,1.0,3.0,72.0,119150.0,33000.0,28960.0,120.0,3920.0,610.869,119150.0,92.20166,85.844955,0.0609316,0.0,119802.336,164830.6,0.0,,1.0
37204.0,2.0,3.0,72.0,133080.0,32970.0,28790.0,70.0,4110.0,682.28656,119150.0,86.84822,80.92451,0.06349564,0.14332604,119802.336,164830.6,0.0,,1.0
37204.0,3.0,3.0,72.0,143280.0,38580.0,30460.0,1420.0,6700.0,734.5809,119150.0,81.14223,85.458305,0.067560025,0.27099237,119802.336,164830.6,0.0,,1.0
37209.0,1.0,3.0,72.0,141490.0,37880.0,32130.0,200.0,5550.0,646.78186,141490.0,92.20166,85.844955,0.04049756,0.056490835,126516.35,178461.77,0.0,,1.0
37209.0,2.0,3.0,72.0,158110.0,39150.0,32600.0,170.0,6380.0,722.75555,141490.0,86.84822,80.92451,0.040667888,0.12578222,126516.35,178461.77,0.0,,1.0
37209.0,3.0,3.0,72.0,177420.0,49520.0,37720.0,2540.0,9260.0,811.0258,141490.0,81.14223,85.458305,0.04170894,0.24141574,126516.35,178461.77,0.0,,1.0
37218.0,1.0,3.0,72.0,171750.0,42870.0,35700.0,450.0,6720.0,597.20435,171750.0,147.24063,152.6566,0.07604076,0.023758098,119764.875,190191.81,0.0,,1.0
37218.0,2.0,3.0,72.0,196490.0,47790.0,40190.0,380.0,7220.0,683.2296,171750.0,136.17918,137.91225,0.113898925,0.13745943,119764.875,190191.81,0.0,,1.0
37218.0,3.0,3.0,72.0,225780.0,61960.0,44940.0,3060.0,13960.0,785.076,171750.0,126.1573,141.01123,0.12179998,0.21581028,119764.875,190191.81,0.0,,1.0
37238.0,1.0,3.0,72.0,75380.0,21870.0,20680.0,30.0,1160.0,262.64807,75380.0,140.74254,136.19925,0.05956487,0.0037907506,140681.31,167428.53,0.0,,1.0
37238.0,2.0,3.0,72.0,83090.0,23260.0,21080.0,20.0,2160.0,289.5122,75380.0,130.82617,125.58839,0.07353472,0.30440098,140681.31,167428.53,0.0,,1.0
37238.0,3.0,3.0,72.0,96420.0,30040.0,25840.0,620.0,3580.0,335.9582,75380.0,122.208466,130.392,0.06471686,0.3410771,140681.31,167428.53,0.0,,1.0
37240.0,1.0,3.0,72.0,209550.0,55520.0,48750.0,230.0,6540.0,537.8317,209550.0,139.37793,142.95493,0.043999046,0.0131279975,133151.22,193988.55,0.0,,1.0
37240.0,2.0,3.0,72.0,233590.0,55660.0,48590.0,430.0,6640.0,599.5329,209550.0,129.1319,129.61635,0.046149235,0.104741834,133151.22,193988.55,0.0,,1.0
37240.0,3.0,3.0,72.0,272640.0,72560.0,57240.0,1940.0,13380.0,699.7587,209550.0,119.72657,133.05502,0.055971242,0.21239242,133151.22,193988.55,0.0,,1.0
37247.0,1.0,3.0,72.0,264510.0,71710.0,62920.0,360.0,8430.0,790.47876,264510.0,92.20166,85.844955,0.0328532,0.020209871,108432.75,150528.4,0.0,,1.0
37247.0,2.0,3.0,72.0,287990.0,75910.0,65170.0,470.0,10270.0,860.6479,264510.0,86.84822,80.92451,0.06732873,0.16181393,108432.75,150528.4,0.0,,1.0
37247.0,3.0,3.0,72.0,305060.0,79260.0,62700.0,3600.0,12960.0,911.661,264510.0,81.14223,85.458305,0.07159247,0.28221416,108432.75,150528.4,0.0,,1.0
37256.0,1.0,3.0,72.0,118110.0,31210.0,28480.0,110.0,2620.0,498.98605,118110.0,106.76392,100.84944,0.09313352,0.016393442,124752.336,157060.86,0.0,,1.0
37256.0,2.0,3.0,72.0,142910.0,38170.0,33530.0,120.0,4520.0,603.7601,118110.0,100.0416,94.1664,0.11482751,0.2251452,124752.336,157060.86,0.0,,1.0
37256.0,3.0,3.0,72.0,153860.0,42860.0,36160.0,1380.0,5320.0,650.0211,118110.0,93.4621,98.83996,0.121539064,0.38224182,124752.336,157060.86,0.0,,1.0
37263.0,1.0,3.0,72.0,130260.0,34080.0,27880.0,280.0,5920.0,514.6582,130260.0,128.60732,123.53645,0.134577,0.06379453,135195.66,174522.34,0.0,,1.0
37263.0,2.0,3.0,72.0,146280.0,36780.0,29690.0,530.0,6560.0,577.95337,130260.0,119.83169,114.3067,0.15080667,0.21539524,135195.66,174522.34,0.0,,1.0
37263.0,3.0,3.0,72.0,167720.0,48020.0,35000.0,1920.0,11100.0,662.66296,130260.0,111.94191,119.085594,0.16861436,0.37514317,135195.66,174522.34,0.0,,1.0
37274.0,1.0,3.0,72.0,266790.0,65010.0,50950.0,1270.0,12790.0,850.7334,266790.0,92.20166,85.844955,0.16155028,0.12379669,111909.15,170573.61,0.0,,1.0
37274.0,2.0,3.0,72.0,329500.0,74910.0,54180.0,880.0,19850.0,1050.7015,266790.0,86.84822,80.92451,0.17192717,0.25025314,111909.15,170573.61,0.0,,1.0
37274.0,3.0,3.0,72.0,373040.0,103560.0,64420.0,7980.0,31160.0,1189.5408,266790.0,81.14223,85.458305,0.24533562,0.45483017,111909.15,170573.61,0.0,,1.0
37283.0,1.0,3.0,72.0,235780.0,59340.0,52330.0,550.0,6460.0,674.2158,235780.0,100.6692,95.87473,0.065357536,0.026595745,102769.88,172434.52,0.0,,1.0
37283.0,2.0,3.0,72.0,281030.0,69560.0,59180.0,380.0,10000.0,803.6087,235780.0,94.4376,89.453575,0.07098886,0.11085064,102769.88,172434.52,0.0,,1.0
37283.0,3.0,3.0,72.0,311580.0,81060.0,60580.0,5440.0,15040.0,890.9668,235780.0,88.06762,93.97469,0.07368894,0.24317181,102769.88,172434.52,0.0,,1.0
38207.0,1.0,3.0,82.0,161960.0,40790.0,33940.0,340.0,6510.0,660.5759,161960.0,51.49359,44.33954,0.04309706,0.014623956,85904.14,74510.19,0.0,0.0,0.0
38207.0,2.0,3.0,82.0,186680.0,46790.0,37480.0,740.0,8570.0,761.3998,161960.0,48.923203,43.907883,0.040711377,0.118729986,85904.14,74510.19,0.0,0.0,0.0
38207.0,3.0,3.0,82.0,208360.0,60660.0,46520.0,4380.0,9760.0,849.82465,161960.0,43.931206,44.991516,0.050297562,0.39083442,85904.14,74510.19,0.0,0.0,0.0
38229.0,1.0,3.0,82.0,91650.0,21650.0,14420.0,260.0,6970.0,619.5079,91650.0,52.18829,44.395298,0.12602292,0.05674653,71819.805,60327.29,0.0,0.0,0.0
38229.0,2.0,3.0,82.0,116440.0,24570.0,15060.0,330.0,9180.0,787.0758,91650.0,49.881268,45.075512,0.2723291,0.13148789,71819.805,60327.29,0.0,0.0,0.0
38229.0,3.0,3.0,82.0,110760.0,32200.0,16460.0,3480.0,12260.0,748.6819,91650.0,44.589924,45.447422,0.26760563,0.4516653,71819.805,60327.29,0.0,0.0,0.0
38273.0,1.0,3.0,82.0,317300.0,80120.0,67010.0,1960.0,11150.0,694.3563,317300.0,47.37171,44.317253,0.080743775,0.024474885,78299.6,90592.875,0.0,0.0,0.0
38273.0,2.0,3.0,82.0,352940.0,85420.0,68590.0,1930.0,14900.0,772.34827,317300.0,43.238697,37.65062,0.08378194,0.12623522,78299.6,90592.875,0.0,0.0,0.0
38273.0,3.0,3.0,82.0,400860.0,113660.0,77940.0,5960.0,29760.0,877.21295,317300.0,40.022816,42.439068,0.084260985,0.4262101,78299.6,90592.875,0.0,0.0,0.0
38276.0,1.0,3.0,82.0,263950.0,59400.0,41810.0,1530.0,16060.0,973.33875,263950.0,52.18829,44.395298,0.15995453,0.09422059,78011.516,65525.492,0.0,0.0,0.0
38276.0,2.0,3.0,82.0,292120.0,66250.0,41680.0,1750.0,22820.0,1077.2181,263950.0,49.881268,45.075512,0.16462412,0.21045773,78011.516,65525.492,0.0,0.0,0.0
38276.0,3.0,3.0,82.0,329460.0,92900.0,42360.0,9020.0,41520.0,1214.9126,263950.0,44.589924,45.447422,0.17750257,0.5654464,78011.516,65525.492,0.0,0.0,0.0
38614.0,1.0,3.0,86.0,206160.0,47370.0,39320.0,400.0,7650.0,714.98926,206160.0,62.79996,48.58072,0.021633683,0.015300547,149896.56,35577.176,0.0,0.0,0.0
38614.0,2.0,3.0,86.0,237370.0,50040.0,41360.0,600.0,8080.0,823.22955,206160.0,60.83952,58.063046,0.034039684,0.0726123,149896.56,35577.176,0.0,0.0,0.0
38614.0,3.0,3.0,86.0,253620.0,63400.0,42580.0,4100.0,16720.0,879.5866,206160.0,56.645454,58.94209,0.034776438,0.38957632,149896.56,35577.176,0.0,0.0,0.0
38625.0,1.0,3.0,86.0,96530.0,19160.0,15060.0,210.0,3890.0,1072.6748,96530.0,58.187634,43.607525,0.13519113,0.06859009,154734.0,36595.3,0.0,0.0,0.0
38625.0,2.0,3.0,86.0,117130.0,23780.0,17000.0,500.0,6280.0,1301.5891,96530.0,55.641617,52.890724,0.16460343,0.16989248,154734.0,36595.3,0.0,0.0,0.0
38625.0,3.0,3.0,86.0,111720.0,28240.0,15400.0,2700.0,10140.0,1241.4713,96530.0,50.34249,51.592216,0.1641604,0.4355372,154734.0,36595.3,0.0,0.0,0.0
38636.0,1.0,3.0,86.0,117230.0,26590.0,23020.0,340.0,3230.0,717.5736,117230.0,60.301617,45.828518,0.07148341,0.019991308,160913.52,42783.215,0.0,0.0,0.0
38636.0,2.0,3.0,86.0,122480.0,25120.0,21140.0,420.0,3560.0,749.7093,117230.0,58.023987,55.217457,0.07446114,0.08630245,160913.52,42783.215,0.0,0.0,0.0
38636.0,3.0,3.0,86.0,155320.0,40540.0,31320.0,2000.0,7220.0,950.7254,117230.0,53.23135,54.935513,0.065155804,0.29174203,160913.52,42783.215,0.0,0.0,0.0
38665.0,1.0,3.0,86.0,214170.0,40690.0,29580.0,830.0,10280.0,793.89856,214170.0,58.892296,44.335842,0.036653128,0.03331688,137490.25,22988.63,0.0,0.0,0.0
38665.0,2.0,3.0,86.0,225030.0,42300.0,29040.0,890.0,12370.0,834.155,214170.0,56.43574,53.657375,0.09096565,0.19261745,137490.25,22988.63,0.0,0.0,0.0
38665.0,3.0,3.0,86.0,231820.0,58780.0,30280.0,6160.0,22340.0,859.32465,214170.0,51.305447,52.701313,0.10309723,0.52116084,137490.25,22988.63,0.0,0.0,0.0
38669.0,1.0,3.0,86.0,163420.0,33740.0,26330.0,770.0,6640.0,916.4938,163420.0,58.187634,43.607525,0.20640069,0.06803385,142140.39,23762.21,0.0,0.0,0.0
38669.0,2.0,3.0,86.0,199740.0,43250.0,32390.0,1040.0,9820.0,1120.184,163420.0,55.641617,52.890724,0.20291379,0.20283505,142140.39,23762.21,0.0,0.0,0.0
38669.0,3.0,3.0,86.0,208500.0,59580.0,30320.0,7540.0,21720.0,1169.3119,163420.0,50.34249,51.592216,0.2326139,0.49825633,142140.39,23762.21,0.0,0.0,0.0
38694.0,1.0,3.0,86.0,156390.0,37200.0,32500.0,280.0,4420.0,595.3858,156390.0,58.187634,43.607525,0.012596713,0.014211439,126017.9,8438.517,0.0,0.0,0.0
38694.0,2.0,3.0,86.0,179800.0,42800.0,35630.0,490.0,6680.0,684.50903,156390.0,55.641617,52.890724,0.0977753,0.121751025,126017.9,8438.517,0.0,0.0,0.0
38694.0,3.0,3.0,86.0,196140.0,52040.0,35640.0,5660.0,10740.0,746.7164,156390.0,50.34249,51.592216,0.111858875,0.4525035,126017.9,8438.517,0.0,0.0,0.0
38937.0,1.0,3.0,89.0,138590.0,36260.0,32010.0,330.0,3920.0,676.21375,138590.0,76.696014,68.98929,0.033119272,0.027089527,91292.516,196184.25,0.0,,1.0
38937.0,2.0,3.0,89.0,154340.0,34870.0,28550.0,380.0,5940.0,753.0617,138590.0,71.4271,65.7181,0.034534145,0.06920601,91292.516,196184.25,0.0,,1.0
38937.0,3.0,3.0,89.0,162640.0,44960.0,34040.0,2880.0,8040.0,793.5594,138590.0,65.93891,68.31702,0.03799803,0.44892997,91292.516,196184.25,0.0,,1.0
38967.0,1.0,3.0,89.0,164970.0,39540.0,32550.0,630.0,6360.0,909.3264,164970.0,61.377266,53.775562,0.047281325,0.020566318,74975.93,170709.56,0.0,,1.0
38967.0,2.0,3.0,89.0,179490.0,42230.0,34620.0,420.0,7190.0,989.3617,164970.0,57.744625,51.502274,0.05504485,0.05900474,74975.93,170709.56,0.0,,1.0
38967.0,3.0,3.0,89.0,188440.0,51440.0,37480.0,3540.0,10420.0,1038.6947,164970.0,53.328785,54.986015,0.17607726,0.3902027,74975.93,170709.56,0.0,,1.0
38970.0,1.0,3.0,89.0,228170.0,50130.0,43520.0,260.0,6350.0,697.53296,228170.0,76.696014,68.98929,0.10939212,0.03832671,89900.16,188181.25,0.0,,1.0
38970.0,2.0,3.0,89.0,252270.0,56040.0,46330.0,660.0,9050.0,771.2085,228170.0,71.4271,65.7181,0.11459944,0.092552304,89900.16,188181.25,0.0,,1.0
38970.0,3.0,3.0,89.0,251800.0,71300.0,53960.0,4480.0,12860.0,769.77167,228170.0,65.93891,68.31702,0.10587768,0.34691358,89900.16,188181.25,0.0,,1.0
38988.0,1.0,3.0,89.0,379170.0,93180.0,74350.0,1360.0,17470.0,1076.637,379170.0,65.12259,58.360695,0.16438536,0.06385887,70718.17,176086.92,0.0,,1.0
38988.0,2.0,3.0,89.0,449770.0,102450.0,75910.0,2750.0,23790.0,1277.1027,379170.0,60.28989,54.380642,0.18173733,0.19312984,70718.17,176086.92,0.0,,1.0
38988.0,3.0,3.0,89.0,498500.0,138060.0,79680.0,12600.0,45780.0,1415.4694,379170.0,55.85594,58.320583,0.19719158,0.48329335,70718.17,176086.92,0.0,,1.0
38990.0,1.0,3.0,89.0,227420.0,49830.0,40640.0,880.0,8310.0,905.2623,227420.0,68.131035,61.87932,0.040189955,0.020004168,86818.805,195440.88,0.0,,1.0
38990.0,2.0,3.0,89.0,243130.0,56570.0,47090.0,810.0,8670.0,967.7971,227420.0,62.52263,57.722305,0.038868096,0.060070053,86818.805,195440.88,0.0,,1.0
38990.0,3.0,3.0,89.0,259420.0,69720.0,55880.0,3260.0,10580.0,1032.6407,227420.0,58.11571,61.660572,0.09459563,0.3878604,86818.805,195440.88,0.0,,1.0
39309.0,1.0,3.0,93.0,147910.0,36040.0,27790.0,1710.0,6540.0,935.2514,147910.0,56.179676,46.90502,0.07680346,0.06439942,33300.273,91467.52,0.0,,1.0
39309.0,2.0,3.0,93.0,159560.0,35780.0,28030.0,1350.0,6400.0,1008.91565,147910.0,54.221382,49.225536,0.08134871,0.4802709,33300.273,91467.52,0.0,,1.0
39309.0,3.0,3.0,93.0,159500.0,39420.0,23160.0,3760.0,12500.0,1008.53625,147910.0,48.680374,48.865345,0.08476489,0.6967341,33300.273,91467.52,0.0,,1.0
39319.0,1.0,3.0,93.0,177070.0,42670.0,32670.0,1000.0,9000.0,717.2891,177070.0,53.409397,48.74771,0.043655053,0.042448476,8421.708,124081.49,0.0,,1.0
39319.0,2.0,3.0,93.0,190320.0,40900.0,29190.0,780.0,10930.0,770.9633,177070.0,48.60931,42.997368,0.13319673,0.16056813,8421.708,124081.49,0.0,,1.0
39319.0,3.0,3.0,93.0,192040.0,48600.0,27980.0,3840.0,16780.0,777.9308,177070.0,44.729614,47.094902,0.14778171,0.4788975,8421.708,124081.49,0.0,,1.0
39323.0,1.0,3.0,93.0,175650.0,41720.0,27200.0,6320.0,8200.0,984.1439,175650.0,52.515694,47.56472,0.06848847,0.071885474,33647.99,84979.266,0.0,,1.0
39323.0,2.0,3.0,93.0,188070.0,42250.0,26570.0,6030.0,9650.0,1053.7316,175650.0,48.157433,42.711624,0.07109055,0.40151134,33647.99,84979.266,0.0,,1.0
39323.0,3.0,3.0,93.0,204580.0,57720.0,27820.0,8960.0,20940.0,1146.2349,175650.0,43.956226,45.92741,0.07312543,0.5729685,33647.99,84979.266,0.0,,1.0
39328.0,1.0,3.0,93.0,344790.0,86360.0,72420.0,1150.0,12790.0,762.7591,344790.0,56.177116,48.18304,0.03431074,0.06409888,29506.908,117271.57,0.0,,1.0
39328.0,2.0,3.0,93.0,373190.0,90300.0,72680.0,1460.0,16160.0,825.5868,344790.0,53.199474,47.646137,0.062032744,0.24053052,29506.908,117271.57,0.0,,1.0
39328.0,3.0,3.0,93.0,420520.0,118800.0,77740.0,8680.0,32380.0,930.29224,344790.0,48.271744,49.18714,0.08208884,0.63023645,29506.908,117271.57,0.0,,1.0
39338.0,1.0,3.0,93.0,251420.0,61420.0,51100.0,650.0,9670.0,1128.8107,251420.0,55.196808,51.46398,0.18574497,0.074558794,22989.9,132144.06,0.0,,1.0
39338.0,2.0,3.0,93.0,275200.0,65830.0,51860.0,880.0,13090.0,1235.5768,251420.0,49.513065,43.86219,0.18582849,0.22519982,22989.9,132144.06,0.0,,1.0
39338.0,3.0,3.0,93.0,253240.0,71540.0,50440.0,5500.0,15600.0,1136.982,251420.0,46.27639,49.57259,0.19578266,0.4992185,22989.9,132144.06,0.0,,1.0
39347.0,1.0,3.0,93.0,356940.0,89640.0,55500.0,17120.0,17020.0,1185.5321,356940.0,53.614887,47.251923,0.028212024,0.11605918,17835.12,107418.86,0.0,,1.0
39347.0,2.0,3.0,93.0,374810.0,82860.0,54990.0,5390.0,22480.0,1244.8851,356940.0,49.976616,44.586273,0.0871108,0.20670459,17835.12,107418.86,0.0,,1.0
39347.0,3.0,3.0,93.0,413760.0,125540.0,52500.0,29820.0,43220.0,1374.2528,356940.0,45.37347,46.76459,0.10189482,0.647105,17835.12,107418.86,0.0,,1.0
39357.0,1.0,3.0,93.0,374710.0,94170.0,78620.0,1140.0,14410.0,726.68915,374710.0,59.923042,53.147964,0.05011876,0.06215287,38941.676,138317.95,0.0,,1.0
39357.0,2.0,3.0,93.0,423230.0,106450.0,85840.0,1410.0,19200.0,820.78577,374710.0,55.80779,49.659943,0.19686694,0.20864736,38941.676,138317.95,0.0,,1.0
39357.0,3.0,3.0,93.0,477940.0,140920.0,94520.0,6840.0,39560.0,926.88696,374710.0,51.669395,53.675148,0.2086836,0.38462108,38941.676,138317.95,0.0,,1.0
39366.0,1.0,3.0,93.0,338280.0,78560.0,61190.0,2760.0,14610.0,926.7438,338280.0,55.89783,46.91661,0.070119426,0.10153651,46527.64,77742.91,0.0,,1.0
39366.0,2.0,3.0,93.0,366490.0,84360.0,64690.0,2210.0,17460.0,1004.0272,338280.0,53.754925,48.699833,0.081966765,0.45285642,46527.64,77742.91,0.0,,1.0
39366.0,3.0,3.0,93.0,402580.0,111940.0,57400.0,21420.0,33120.0,1102.8986,338280.0,48.31698,48.624973,0.08380943,0.642428,46527.64,77742.91,0.0,,1.0
39376.0,1.0,3.0,93.0,236960.0,52010.0,41930.0,2080.0,8000.0,939.7581,236960.0,52.43384,46.708282,0.04304524,0.01857585,40734.934,78524.92,0.0,,1.0
39376.0,2.0,3.0,93.0,256190.0,54710.0,43630.0,1160.0,9920.0,1016.0222,236960.0,48.58839,43.271152,0.04711347,0.09719457,40734.934,78524.92,0.0,,1.0
39376.0,3.0,3.0,93.0,285740.0,73580.0,48700.0,7060.0,17820.0,1133.2144,236960.0,44.11465,45.767708,0.04500595,0.28532773,40734.934,78524.92,0.0,,1.0
39385.0,1.0,3.0,93.0,222580.0,59240.0,52690.0,380.0,6170.0,505.14035,222580.0,56.179676,46.90502,0.10333363,0.022499444,42107.36,97976.17,0.0,,1.0
39385.0,2.0,3.0,93.0,241100.0,61130.0,50580.0,600.0,9950.0,547.1711,222580.0,54.221382,49.225536,0.118208215,0.14538208,42107.36,97976.17,0.0,,1.0
39385.0,3.0,3.0,93.0,276880.0,74680.0,51300.0,3440.0,19940.0,628.373,222580.0,48.680374,48.865345,0.16570355,0.7148086,42107.36,97976.17,0.0,,1.0
39395.0,1.0,3.0,93.0,381590.0,83320.0,45650.0,8490.0,29180.0,1214.288,381590.0,52.515694,47.56472,0.28001258,0.20002796,18939.613,99542.766,0.0,,1.0
39395.0,2.0,3.0,93.0,440270.0,93350.0,53100.0,5520.0,34730.0,1401.0183,381590.0,48.157433,42.711624,0.2953869,0.43102372,18939.613,99542.766,0.0,,1.0
39395.0,3.0,3.0,93.0,523100.0,149920.0,47740.0,17640.0,84540.0,1664.5983,381590.0,43.956226,45.92741,0.32735616,0.68204564,18939.613,99542.766,0.0,,1.0
40108.0,1.0,4.0,1.0,237070.0,42870.0,23340.0,600.0,18930.0,876.3816,237070.0,55.796207,44.114357,0.19036572,0.17902814,189642.61,94310.25,0.0,0.0,0.0
40108.0,2.0,4.0,1.0,258190.0,54580.0,33430.0,730.0,20420.0,954.45636,237070.0,48.7877,46.382538,0.18327588,0.4188124,189642.61,94310.25,0.0,0.0,0.0
40108.0,3.0,4.0,1.0,263940.0,78620.0,35740.0,5240.0,37640.0,975.7125,237070.0,45.38836,48.6368,0.18125331,0.59618986,189642.61,94310.25,0.0,0.0,0.0
40114.0,1.0,4.0,1.0,126820.0,31230.0,26800.0,310.0,4120.0,904.11346,126820.0,55.796207,44.114357,0.0081217475,0.020961776,178501.14,79514.37,0.0,0.0,0.0
40114.0,2.0,4.0,1.0,141110.0,33900.0,28980.0,240.0,4680.0,1005.9884,126820.0,48.7877,46.382538,0.011409539,0.20674956,178501.14,79514.37,0.0,0.0,0.0
40114.0,3.0,4.0,1.0,139840.0,36640.0,28920.0,1200.0,6520.0,996.93445,126820.0,45.38836,48.6368,0.00958238,0.36219433,178501.14,79514.37,0.0,0.0,0.0
40134.0,1.0,4.0,1.0,123160.0,25870.0,18060.0,380.0,7430.0,763.4042,123160.0,55.796207,44.114357,0.18861644,0.0757759,184030.89,95107.25,0.0,0.0,0.0
40134.0,2.0,4.0,1.0,133310.0,32610.0,22310.0,400.0,9900.0,826.3187,123160.0,48.7877,46.382538,0.20478584,0.31192347,184030.89,95107.25,0.0,0.0,0.0
40134.0,3.0,4.0,1.0,139700.0,41340.0,23720.0,3120.0,14500.0,865.927,123160.0,45.38836,48.6368,0.2004295,0.53832227,184030.89,95107.25,0.0,0.0,0.0
40138.0,1.0,4.0,1.0,91760.0,19680.0,14540.0,120.0,5020.0,788.1807,91760.0,55.796207,44.114357,0.09644725,0.047441363,194154.2,93078.98,0.0,0.0,0.0
40138.0,2.0,4.0,1.0,99950.0,24770.0,17220.0,210.0,7340.0,858.5295,91760.0,48.7877,46.382538,0.09514757,0.17501149,194154.2,93078.98,0.0,0.0,0.0
40138.0,3.0,4.0,1.0,96720.0,27320.0,15000.0,1100.0,11220.0,830.7851,91760.0,45.38836,48.6368,0.10607941,0.36206895,194154.2,93078.98,0.0,0.0,0.0
40156.0,1.0,4.0,1.0,117220.0,25700.0,21840.0,840.0,3020.0,555.17664,117220.0,55.796207,44.114357,0.096229315,0.06295956,168570.94,76945.805,0.0,0.0,0.0
40156.0,2.0,4.0,1.0,125580.0,28620.0,22660.0,560.0,5400.0,594.77124,117220.0,48.7877,46.382538,0.09348623,0.33016136,168570.94,76945.805,0.0,0.0,0.0
40156.0,3.0,4.0,1.0,131660.0,33800.0,25520.0,2340.0,5940.0,623.5673,117220.0,45.38836,48.6368,0.091599576,0.5317301,168570.94,76945.805,0.0,0.0,0.0
40158.0,1.0,4.0,1.0,139560.0,23950.0,11260.0,210.0,12480.0,108.72969,139560.0,29.105497,24.421663,0.37919176,0.18829057,250961.84,154568.28,0.0,0.0,0.0
40158.0,2.0,4.0,1.0,147640.0,25600.0,13410.0,430.0,11760.0,115.024734,139560.0,24.455568,23.67501,0.37496614,0.33158356,257458.19,153184.69,0.0,0.0,0.0
40158.0,3.0,4.0,1.0,136820.0,46800.0,14180.0,980.0,31640.0,106.594986,139560.0,23.223883,25.175945,0.28563076,0.44391534,257458.19,153184.69,0.0,0.0,0.0
40160.0,1.0,4.0,1.0,322850.0,61310.0,40980.0,850.0,19480.0,637.8418,322850.0,57.41148,46.686813,0.06619173,0.045984454,212962.84,111809.99,0.0,0.0,0.0
40160.0,2.0,4.0,1.0,350210.0,70050.0,51460.0,840.0,17750.0,691.8958,322850.0,48.87373,46.9314,0.08015191,0.13562621,212962.84,111809.99,0.0,0.0,0.0
40160.0,3.0,4.0,1.0,292900.0,75860.0,48140.0,4140.0,23580.0,578.6708,322850.0,45.955807,49.546436,0.0919085,0.2924454,212962.84,111809.99,0.0,0.0,0.0
40173.0,1.0,4.0,1.0,167050.0,34050.0,21470.0,310.0,12270.0,521.754,167050.0,55.796207,44.114357,0.008081413,0.030257639,200768.28,108928.58,0.0,0.0,0.0
40173.0,2.0,4.0,1.0,179380.0,40240.0,25700.0,380.0,14160.0,560.26483,167050.0,48.7877,46.382538,0.01103802,0.119059786,200768.28,108928.58,0.0,0.0,0.0
40173.0,3.0,4.0,1.0,155540.0,46000.0,29800.0,3100.0,13100.0,485.80438,167050.0,45.38836,48.6368,0.010286743,0.30471203,200768.28,108928.58,0.0,0.0,0.0
40177.0,1.0,4.0,1.0,107180.0,18360.0,11060.0,220.0,7080.0,168.24953,107180.0,58.234226,48.635212,0.22289607,0.07285429,271253.53,169256.44,0.0,0.0,0.0
40177.0,2.0,4.0,1.0,114030.0,19960.0,14030.0,170.0,5760.0,179.00255,107180.0,48.913837,47.3262,0.20433219,0.08260413,271253.53,169256.44,0.0,0.0,0.0
40177.0,3.0,4.0,1.0,117620.0,35400.0,14540.0,620.0,20240.0,184.63808,107180.0,46.39627,50.268898,0.22598198,0.23093072,271253.53,169256.44,0.0,0.0,0.0
41807.0,1.0,4.0,18.0,246770.0,67450.0,54760.0,2270.0,10420.0,721.35986,246770.0,43.339733,45.913174,0.22875552,0.20613742,115099.86,139714.8,0.0,0.0,0.0
41807.0,2.0,4.0,18.0,310850.0,86960.0,70250.0,1720.0,14990.0,908.679,246770.0,34.770126,31.460997,0.22107126,0.2906363,115099.86,139714.8,0.0,0.0,0.0
41807.0,3.0,4.0,18.0,346180.0,110240.0,80700.0,5880.0,23660.0,1011.95593,246770.0,34.008427,38.25158,0.23016928,0.6034762,115099.86,139714.8,0.0,0.0,0.0
41823.0,1.0,4.0,18.0,223990.0,55820.0,40710.0,1110.0,14000.0,794.3753,223990.0,43.339733,45.913174,0.39595518,0.14374107,126822.66,138866.28,0.0,0.0,0.0
41823.0,2.0,4.0,18.0,278850.0,70190.0,50640.0,1540.0,18010.0,988.935,223990.0,34.770126,31.460997,0.40372962,0.37471014,126822.66,138866.28,0.0,0.0,0.0
41823.0,3.0,4.0,18.0,315720.0,101560.0,56440.0,6420.0,38700.0,1119.6936,223990.0,34.008427,38.25158,0.40877992,0.6577351,126822.66,138866.28,0.0,0.0,0.0
41831.0,1.0,4.0,18.0,212420.0,56320.0,43390.0,2840.0,10090.0,659.4232,212420.0,43.339733,45.913174,0.22017701,0.059685584,137470.27,153623.08,0.0,0.0,0.0
41831.0,2.0,4.0,18.0,255180.0,64900.0,51470.0,910.0,12520.0,792.1646,212420.0,34.770126,31.460997,0.22705542,0.27925673,137470.27,153623.08,0.0,0.0,0.0
41831.0,3.0,4.0,18.0,289000.0,88260.0,60220.0,6860.0,21180.0,897.1533,212420.0,34.008427,38.25158,0.21024221,0.5979381,137470.27,153623.08,0.0,0.0,0.0
41855.0,1.0,4.0,18.0,125690.0,31660.0,26190.0,430.0,5040.0,616.5808,125690.0,44.80913,47.252666,0.15219985,0.05903084,141272.52,141466.83,0.0,0.0,0.0
41855.0,2.0,4.0,18.0,163740.0,41240.0,31980.0,440.0,8820.0,803.2377,125690.0,36.806984,34.381958,0.21692927,0.23956344,141272.52,141466.83,0.0,0.0,0.0
41855.0,3.0,4.0,18.0,179740.0,55820.0,37620.0,2820.0,15380.0,881.72675,125690.0,35.451183,39.810825,0.2121954,0.5659051,141272.52,141466.83,0.0,0.0,0.0
44104.0,1.0,4.0,41.0,205220.0,40770.0,27920.0,1520.0,11330.0,862.124,205220.0,48.21742,42.941105,0.13926518,0.16200215,157888.19,95476.88,0.0,0.0,0.0
44104.0,2.0,4.0,41.0,231150.0,50590.0,31080.0,5190.0,14320.0,971.0553,205220.0,43.418785,39.717567,0.3159853,0.4710792,157888.19,95476.88,0.0,0.0,0.0
44104.0,3.0,4.0,41.0,264140.0,83660.0,35820.0,20320.0,27520.0,1109.6455,205220.0,40.433468,43.769688,0.3229348,0.76978195,157888.19,95476.88,0.0,0.0,0.0
44109.0,1.0,4.0,41.0,166620.0,42350.0,35530.0,750.0,6070.0,613.43054,166620.0,46.227825,42.348507,0.050534148,0.05563234,136451.78,94537.44,0.0,0.0,0.0
44109.0,2.0,4.0,41.0,193930.0,49310.0,39230.0,1230.0,8850.0,713.9754,166620.0,42.60839,38.338062,0.055638634,0.30707678,136451.78,94537.44,0.0,0.0,0.0
44109.0,3.0,4.0,41.0,219700.0,63620.0,41800.0,4960.0,16860.0,808.8506,166620.0,39.557068,42.607605,0.039599452,0.5056,136451.78,94537.44,0.0,0.0,0.0
44111.0,1.0,4.0,41.0,181490.0,46760.0,38680.0,1020.0,7060.0,693.50397,181490.0,45.582966,44.402863,0.057138134,0.042095967,147175.69,125074.055,0.0,0.0,0.0
44111.0,2.0,4.0,41.0,212640.0,54630.0,44790.0,1020.0,8820.0,812.5334,181490.0,39.971386,36.29761,0.06682656,0.25032708,147175.69,125074.055,0.0,0.0,0.0
44111.0,3.0,4.0,41.0,230960.0,67460.0,48580.0,3000.0,15880.0,882.53723,181490.0,37.690758,41.27395,0.09040526,0.518781,147175.69,125074.055,0.0,0.0,0.0
44123.0,1.0,4.0,41.0,233590.0,57540.0,45780.0,1740.0,10020.0,765.54254,233590.0,46.98582,42.759644,0.11789888,0.10402378,164496.16,127074.73,0.0,0.0,0.0
44123.0,2.0,4.0,41.0,270550.0,67510.0,50850.0,2970.0,13690.0,886.67126,233590.0,42.709686,38.779594,0.1336167,0.31390134,164496.16,127074.73,0.0,0.0,0.0
44123.0,3.0,4.0,41.0,309700.0,89060.0,55980.0,9340.0,23740.0,1014.97723,233590.0,39.744007,43.0278,0.14149177,0.66763496,164496.16,127074.73,0.0,0.0,0.0
44138.0,1.0,4.0,41.0,197980.0,50370.0,40930.0,1190.0,8250.0,753.3772,197980.0,50.3968,45.294476,0.10127286,0.07992565,177467.92,119250.9,0.0,0.0,0.0
44138.0,2.0,4.0,41.0,225750.0,58610.0,45990.0,1580.0,11040.0,859.0509,197980.0,43.1655,40.938713,0.10516058,0.24010396,177467.92,119250.9,0.0,0.0,0.0
44138.0,3.0,4.0,41.0,254540.0,76940.0,54360.0,4860.0,17720.0,968.6061,197980.0,40.585236,44.965614,0.1361672,0.42779204,177467.92,119250.9,0.0,0.0,0.0
44147.0,1.0,4.0,41.0,531190.0,112760.0,62500.0,5270.0,44990.0,1249.653,531190.0,46.227825,42.348507,0.32135394,0.34923849,146542.02,107600.9,0.0,0.0,0.0
44147.0,2.0,4.0,41.0,634670.0,130140.0,68130.0,7100.0,54910.0,1493.0952,531190.0,42.60839,38.338062,0.3314951,0.5949836,146542.02,107600.9,0.0,0.0,0.0
44147.0,3.0,4.0,41.0,734660.0,225460.0,65160.0,24840.0,135460.0,1728.327,531190.0,39.557068,42.607605,0.33386874,0.76111555,146542.02,107600.9,0.0,0.0,0.0
44161.0,1.0,4.0,41.0,327800.0,81270.0,65840.0,2490.0,12940.0,747.6849,327800.0,47.895416,43.328846,0.042159855,0.09530988,164599.56,113953.89,0.0,0.0,0.0
44161.0,2.0,4.0,41.0,382070.0,95390.0,75480.0,2470.0,17440.0,871.4703,327800.0,42.831234,39.328518,0.05936085,0.25137132,164599.56,113953.89,0.0,0.0,0.0
44161.0,3.0,4.0,41.0,419700.0,122800.0,81080.0,9580.0,32140.0,957.3012,327800.0,39.968334,43.537205,0.0679533,0.5381503,164599.56,113953.89,0.0,0.0,0.0
44190.0,1.0,4.0,41.0,260720.0,63310.0,52180.0,1170.0,9960.0,779.59515,260720.0,47.62235,50.379337,0.0121969925,0.07751938,172156.45,138838.48,0.0,0.0,0.0
44190.0,2.0,4.0,41.0,311410.0,73090.0,56010.0,1370.0,15710.0,931.1665,260720.0,38.250957,36.28099,0.013101699,0.30807102,172156.45,138838.48,0.0,0.0,0.0
44190.0,3.0,4.0,41.0,344020.0,104540.0,68220.0,8360.0,27960.0,1028.6757,260720.0,36.800873,41.514862,0.123771876,0.57422155,172156.45,138838.48,0.0,0.0,0.0
44414.0,1.0,4.0,44.0,162790.0,43080.0,36560.0,1110.0,5410.0,729.9018,162790.0,46.6307,44.369278,0.10393759,0.018142235,109690.13,120556.79,0.0,0.0,0.0
44414.0,2.0,4.0,44.0,173330.0,49950.0,42580.0,300.0,7070.0,777.16003,162790.0,42.216766,36.67545,0.10505971,0.18887106,109690.13,120556.79,0.0,0.0,0.0
44414.0,3.0,4.0,44.0,196340.0,61480.0,50760.0,3500.0,7220.0,880.33,162790.0,39.320183,42.010166,0.14036874,0.5122356,109690.13,120556.79,0.0,0.0,0.0
44419.0,1.0,4.0,44.0,214790.0,49800.0,36360.0,1120.0,12320.0,466.61017,214790.0,46.486816,43.589073,0.29568416,0.14794244,116427.12,110660.47,0.0,0.0,0.0
44419.0,2.0,4.0,44.0,393180.0,97210.0,68400.0,2460.0,26350.0,854.14496,214790.0,42.356632,37.241856,0.2211964,0.3332555,116427.12,110660.47,0.0,0.0,0.0
44419.0,3.0,4.0,44.0,454060.0,136380.0,74300.0,11420.0,50660.0,986.40076,214790.0,39.404785,42.19576,0.24498965,0.62887335,116427.12,110660.47,0.0,0.0,0.0
44433.0,1.0,4.0,44.0,218130.0,54390.0,41450.0,1680.0,11260.0,705.9223,218130.0,46.227825,42.348507,0.13574474,0.06801661,130613.7,110833.62,0.0,0.0,0.0
44433.0,2.0,4.0,44.0,254910.0,66360.0,49010.0,1260.0,16090.0,824.9515,218130.0,42.60839,38.338062,0.14503159,0.23961113,130613.7,110833.62,0.0,0.0,0.0
44433.0,3.0,4.0,44.0,279520.0,85420.0,53600.0,6000.0,25820.0,904.59546,218130.0,39.557068,42.607605,0.1597739,0.5424528,130613.7,110833.62,0.0,0.0,0.0
44442.0,1.0,4.0,44.0,107440.0,23260.0,17670.0,530.0,5060.0,639.10535,107440.0,45.4099,44.074287,0.22570737,0.06794162,131487.58,126159.85,0.0,0.0,0.0
44442.0,2.0,4.0,44.0,134410.0,33430.0,24680.0,470.0,8280.0,799.536,107440.0,39.831093,35.95208,0.24157429,0.3478261,131487.58,126159.85,0.0,0.0,0.0
44442.0,3.0,4.0,44.0,140780.0,43400.0,27220.0,2480.0,13700.0,837.42786,107440.0,37.591293,41.1294,0.23639722,0.7332166,131487.58,126159.85,0.0,0.0,0.0
44471.0,1.0,4.0,44.0,244880.0,62560.0,53470.0,770.0,8320.0,574.75476,244880.0,44.80913,47.252666,0.048554394,0.022090262,151154.47,140778.11,0.0,0.0,0.0
44471.0,2.0,4.0,44.0,293810.0,75430.0,61970.0,1040.0,12420.0,689.5977,244880.0,36.806984,34.381958,0.07964331,0.1374747,151154.47,140778.11,0.0,0.0,0.0
44471.0,3.0,4.0,44.0,335000.0,101840.0,75840.0,6940.0,19060.0,786.27423,244880.0,35.451183,39.810825,0.082268655,0.6664995,151154.47,140778.11,0.0,0.0,0.0
44480.0,1.0,4.0,44.0,291560.0,73950.0,57770.0,2790.0,13390.0,791.4009,291560.0,46.6307,44.369278,0.085711345,0.055330634,98206.23,104696.82,0.0,0.0,0.0
44480.0,2.0,4.0,44.0,331820.0,85580.0,64510.0,1970.0,19100.0,900.6813,291560.0,42.216766,36.67545,0.097583026,0.21248916,98206.23,104696.82,0.0,0.0,0.0
44480.0,3.0,4.0,44.0,362840.0,107380.0,73540.0,8960.0,24880.0,984.881,291560.0,39.320183,42.010166,0.09805975,0.47507122,98206.23,104696.82,0.0,0.0,0.0
44712.0,1.0,4.0,47.0,128650.0,28340.0,21630.0,560.0,6150.0,571.0164,128650.0,54.25352,44.221687,0.044073068,0.027196653,188372.95,107140.58,0.0,0.0,0.0
44712.0,2.0,4.0,47.0,141600.0,30780.0,22060.0,350.0,8370.0,628.49536,128650.0,47.18136,44.719654,0.053248588,0.10938018,188372.95,107140.58,0.0,0.0,0.0
44712.0,3.0,4.0,47.0,169920.0,49140.0,30020.0,4140.0,14980.0,754.1944,128650.0,44.016037,47.541096,0.04555085,0.4085336,188372.95,107140.58,0.0,0.0,0.0
44717.0,1.0,4.0,47.0,141880.0,28480.0,21330.0,280.0,6870.0,184.72516,141880.0,55.81784,46.752537,0.11826896,0.044061303,224938.42,136537.08,0.0,0.0,0.0
44717.0,2.0,4.0,47.0,156930.0,31540.0,24340.0,260.0,6940.0,204.31998,141880.0,47.08274,45.09046,0.1289747,0.12157534,224938.42,136537.08,0.0,0.0,0.0
44717.0,3.0,4.0,47.0,152860.0,46480.0,30000.0,3320.0,13160.0,199.0209,141880.0,44.399334,48.35656,0.097082295,0.3159794,224938.42,136537.08,0.0,0.0,0.0
44721.0,1.0,4.0,47.0,80930.0,12280.0,740.0,2170.0,9370.0,18733.795,80930.0,55.796207,44.114357,1.0,0.669673,170276.45,95018.57,0.0,0.0,0.0
44721.0,2.0,4.0,47.0,120310.0,21170.0,5240.0,3930.0,12000.0,27849.535,80930.0,48.7877,46.382538,1.0,0.74797344,170276.45,95018.57,0.0,0.0,0.0
44721.0,3.0,4.0,47.0,110340.0,32680.0,3220.0,8140.0,21320.0,25541.666,80930.0,45.38836,48.6368,0.89124525,0.9451852,170276.45,95018.57,0.0,0.0,0.0
44730.0,1.0,4.0,47.0,255670.0,63610.0,46990.0,2010.0,14610.0,557.9878,255670.0,50.714413,45.163887,0.056322604,0.07685775,181133.55,109797.79,0.0,0.0,0.0
44730.0,2.0,4.0,47.0,279230.0,74440.0,57350.0,1540.0,15550.0,609.4064,255670.0,43.496216,41.227276,0.058983635,0.23033144,181133.55,109797.79,0.0,0.0,0.0
44730.0,3.0,4.0,47.0,303340.0,93260.0,62120.0,8420.0,22720.0,662.02527,255670.0,40.86777,45.1682,0.063822776,0.5825918,181133.55,109797.79,0.0,0.0,0.0
44740.0,1.0,4.0,47.0,108010.0,24290.0,8600.0,9760.0,5930.0,1401.4532,108010.0,55.796207,44.114357,1.0,0.42870814,164981.45,88413.37,0.0,0.0,0.0
44740.0,2.0,4.0,47.0,120460.0,19740.0,11240.0,2440.0,6060.0,1562.9946,108010.0,48.7877,46.382538,1.0,0.53264886,164981.45,88413.37,0.0,0.0,0.0
44740.0,3.0,4.0,47.0,117220.0,34620.0,10480.0,13920.0,10220.0,1520.955,108010.0,45.38836,48.6368,0.0,0.64434844,164981.45,88413.37,0.0,0.0,0.0
44745.0,1.0,4.0,47.0,172430.0,21870.0,620.0,7260.0,13990.0,12660.059,172430.0,0.0,0.0,1.0,0.74836856,173466.73,95494.16,0.0,0.0,0.0
44745.0,2.0,4.0,47.0,234160.0,46520.0,8920.0,16320.0,21280.0,17192.365,172430.0,0.0,0.0,1.0,0.8792796,173466.73,95494.16,0.0,0.0,0.0
44745.0,3.0,4.0,47.0,162920.0,50620.0,1200.0,13640.0,35780.0,11961.821,172430.0,0.0,0.0,1.0,0.96101457,173466.73,95494.16,0.0,0.0,0.0
44751.0,1.0,4.0,47.0,191890.0,29420.0,970.0,1850.0,26600.0,16234.349,191890.0,55.796207,44.114357,1.0,0.72610986,178725.33,97113.02,0.0,0.0,0.0
44751.0,2.0,4.0,47.0,250340.0,40830.0,10600.0,2890.0,27340.0,21179.357,191890.0,48.7877,46.382538,1.0,0.8681355,178725.33,97113.02,0.0,0.0,0.0
44751.0,3.0,4.0,47.0,228600.0,74220.0,2880.0,9620.0,61720.0,19340.102,191890.0,45.38836,48.6368,1.0,0.954055,178725.33,97113.02,0.0,0.0,0.0
44753.0,1.0,4.0,47.0,163630.0,33660.0,26870.0,310.0,6480.0,131.18106,163630.0,53.64997,48.765602,0.054757684,0.001755618,234055.25,151559.75,0.0,0.0,0.0
44753.0,2.0,4.0,47.0,190640.0,39880.0,31160.0,370.0,8350.0,152.8348,163630.0,43.146896,41.59926,0.061109945,0.05871702,234055.25,151559.75,0.0,0.0,0.0
44753.0,3.0,4.0,47.0,192580.0,53140.0,43140.0,1840.0,8160.0,154.39008,163630.0,41.258377,46.72925,0.057222974,0.24562937,234055.25,151559.75,0.0,0.0,0.0
44764.0,1.0,4.0,47.0,223420.0,46100.0,30910.0,1170.0,14020.0,579.9803,223420.0,50.661964,45.56382,0.011995345,0.030898204,205634.22,130112.766,0.0,0.0,0.0
44764.0,2.0,4.0,47.0,248250.0,54850.0,35600.0,1320.0,17930.0,644.43695,223420.0,43.18425,40.99886,0.05716012,0.12824456,205634.22,130112.766,0.0,0.0,0.0
44764.0,3.0,4.0,47.0,247520.0,76480.0,50220.0,3500.0,22760.0,642.54193,223420.0,40.644756,45.086754,0.06795411,0.4458918,205634.22,130112.766,0.0,0.0,0.0
44769.0,1.0,4.0,47.0,67260.0,12290.0,4960.0,1620.0,5710.0,1288.0122,67260.0,50.3968,45.294476,0.3962236,0.15195702,163579.81,96203.81,0.0,0.0,0.0
44769.0,2.0,4.0,47.0,76890.0,18260.0,7580.0,2790.0,7890.0,1472.4243,67260.0,43.1655,40.938713,0.4027832,0.46321365,163579.81,96203.81,0.0,0.0,0.0
44769.0,3.0,4.0,47.0,84720.0,26500.0,8040.0,6520.0,11940.0,1622.3668,67260.0,40.585236,44.965614,0.36425874,0.8335036,163579.81,96203.81,0.0,0.0,0.0
44775.0,1.0,4.0,47.0,150990.0,26860.0,9440.0,3360.0,14060.0,1584.199,150990.0,55.796207,44.114357,1.0,0.29055008,176902.03,92407.74,0.0,0.0,0.0
44775.0,2.0,4.0,47.0,168670.0,29770.0,13590.0,1850.0,14330.0,1769.699,150990.0,48.7877,46.382538,1.0,0.47759467,176902.03,92407.74,0.0,0.0,0.0
44775.0,3.0,4.0,47.0,176960.0,56780.0,14200.0,11620.0,30960.0,1856.6782,150990.0,45.38836,48.6368,0.0,0.7540592,176902.03,92407.74,0.0,0.0,0.0
44785.0,1.0,4.0,47.0,127240.0,20210.0,1160.0,1180.0,17870.0,16654.451,127240.0,0.0,0.0,1.0,0.7735623,176896.33,97425.77,0.0,0.0,0.0
44785.0,2.0,4.0,47.0,173460.0,27590.0,6600.0,1060.0,19930.0,22704.19,127240.0,0.0,0.0,1.0,0.8667855,176896.33,97425.77,0.0,0.0,0.0
44785.0,3.0,4.0,47.0,168640.0,52720.0,1520.0,4240.0,46960.0,22073.299,127240.0,0.0,0.0,1.0,0.9684355,176896.33,97425.77,0.0,0.0,0.0
44794.0,1.0,4.0,47.0,105050.0,23700.0,20370.0,270.0,3060.0,565.5755,105050.0,55.796207,44.114357,0.09900048,0.034464188,165400.58,82007.4,0.0,0.0,0.0
44794.0,2.0,4.0,47.0,111860.0,26200.0,21380.0,850.0,3970.0,602.2397,105050.0,48.7877,46.382538,0.095923476,0.112453535,165400.58,82007.4,0.0,0.0,0.0
44794.0,3.0,4.0,47.0,116500.0,31960.0,21200.0,3520.0,7240.0,627.2208,105050.0,45.38836,48.6368,0.10300429,0.44039485,165400.58,82007.4,0.0,0.0,0.0
45015.0,1.0,4.0,50.0,145400.0,33460.0,22540.0,2020.0,8900.0,967.0768,145400.0,46.09533,46.985672,0.17420907,0.20758258,88692.02,145888.78,0.0,0.0,0.0
45015.0,2.0,4.0,50.0,177710.0,36900.0,23950.0,1440.0,11510.0,1181.9753,145400.0,37.497326,32.8343,0.16307467,0.3277178,88692.02,145888.78,0.0,0.0,0.0
45015.0,3.0,4.0,50.0,200740.0,58800.0,33840.0,4720.0,20240.0,1335.1512,145400.0,36.5704,40.910698,0.15891203,0.6647059,88692.02,145888.78,0.0,0.0,0.0
45039.0,1.0,4.0,50.0,362040.0,89830.0,66270.0,4410.0,19150.0,780.6961,362040.0,43.887154,46.402218,0.040299416,0.14178658,103111.336,157602.48,0.0,0.0,0.0
45039.0,2.0,4.0,50.0,444070.0,103480.0,75700.0,5350.0,22430.0,957.584,362040.0,34.302097,31.075373,0.041885287,0.23741738,103111.336,157602.48,0.0,0.0,0.0
45039.0,3.0,4.0,50.0,455020.0,135020.0,100280.0,7180.0,27560.0,981.1964,362040.0,34.085785,38.78228,0.0432948,0.5630833,103111.336,157602.48,0.0,0.0,0.0
45063.0,1.0,4.0,50.0,93200.0,22790.0,14640.0,3120.0,5030.0,958.0592,93200.0,46.6307,44.369278,0.093454935,0.06088005,82149.12,104474.33,0.0,0.0,0.0
45063.0,2.0,4.0,50.0,114680.0,25610.0,16090.0,2360.0,7160.0,1178.8651,93200.0,42.216766,36.67545,0.18712941,0.2389937,82149.12,104474.33,0.0,0.0,0.0
45063.0,3.0,4.0,50.0,129720.0,38540.0,19980.0,5380.0,13180.0,1333.4705,93200.0,39.320183,42.010166,0.16913351,0.5271028,82149.12,104474.33,0.0,0.0,0.0
45071.0,1.0,4.0,50.0,267290.0,56720.0,32030.0,8130.0,16560.0,794.0644,267290.0,46.6307,44.369278,0.046728272,0.074020915,80631.6,113207.29,0.0,0.0,0.0
45071.0,2.0,4.0,50.0,299970.0,62900.0,33850.0,7310.0,21740.0,891.15,267290.0,42.216766,36.67545,0.06497316,0.34588563,80631.6,113207.29,0.0,0.0,0.0
45071.0,3.0,4.0,50.0,325420.0,95700.0,45460.0,18580.0,31660.0,966.75684,267290.0,39.320183,42.010166,0.06907996,0.62389266,80631.6,113207.29,0.0,0.0,0.0
45079.0,1.0,4.0,50.0,367380.0,90230.0,47910.0,3660.0,38660.0,1140.5067,367380.0,46.6307,44.369278,0.23468888,0.2700379,94449.0,124988.85,0.0,0.0,0.0
45079.0,2.0,4.0,50.0,427880.0,94760.0,55530.0,3800.0,35430.0,1328.3248,367380.0,42.216766,36.67545,0.23298588,0.5110256,94449.0,124988.85,0.0,0.0,0.0
45079.0,3.0,4.0,50.0,501200.0,156060.0,62180.0,18240.0,75640.0,1555.9419,367380.0,39.320183,42.010166,0.21292897,0.78708214,94449.0,124988.85,0.0,0.0,0.0
45094.0,1.0,4.0,50.0,264680.0,71660.0,56160.0,950.0,14550.0,819.1384,264680.0,44.71097,45.18762,0.078849934,0.17921221,97787.52,137667.36,0.0,0.0,0.0
45094.0,2.0,4.0,50.0,283830.0,73840.0,57840.0,750.0,15250.0,878.4043,264680.0,37.87289,33.29392,0.096008174,0.29963177,97787.52,137667.36,0.0,0.0,0.0
45094.0,3.0,4.0,50.0,327580.0,102820.0,73940.0,6360.0,22520.0,1013.8029,264680.0,36.221657,39.757614,0.09866292,0.6066683,97787.52,137667.36,0.0,0.0,0.0
45557.0,1.0,4.0,55.0,286380.0,63760.0,46880.0,1700.0,15180.0,718.8975,286380.0,46.314156,42.737766,0.1302116,0.09273084,112097.836,84345.625,0.0,0.0,0.0
45557.0,2.0,4.0,55.0,331680.0,78390.0,56800.0,1730.0,19860.0,832.6138,286380.0,42.52447,37.962086,0.25916547,0.25882354,112097.836,84345.625,0.0,0.0,0.0
45557.0,3.0,4.0,55.0,378440.0,107200.0,63240.0,8660.0,35300.0,949.995,286380.0,39.506306,42.459335,0.2568439,0.4635731,112097.836,84345.625,0.0,0.0,0.0
45566.0,1.0,4.0,55.0,159540.0,33250.0,27850.0,410.0,4990.0,684.16315,159540.0,52.764908,42.139927,0.041118216,0.015934844,113763.97,70398.48,0.0,0.0,0.0
45566.0,2.0,4.0,55.0,186970.0,42330.0,33640.0,550.0,8140.0,801.79254,159540.0,49.581257,45.7661,0.048136063,0.14527845,113763.97,70398.48,0.0,0.0,0.0
45566.0,3.0,4.0,55.0,209540.0,53400.0,37860.0,2000.0,13540.0,898.58057,159540.0,44.95821,46.67749,0.050682448,0.34788418,113763.97,70398.48,0.0,0.0,0.0
45585.0,1.0,4.0,55.0,131180.0,32850.0,27920.0,720.0,4210.0,584.11255,131180.0,46.227825,42.348507,0.03216954,0.026292335,124626.78,90141.04,0.0,0.0,0.0
45585.0,2.0,4.0,55.0,146460.0,39200.0,33200.0,480.0,5520.0,652.1507,131180.0,42.60839,38.338062,0.04014748,0.17842466,124626.78,90141.04,0.0,0.0,0.0
45585.0,3.0,4.0,55.0,166000.0,48340.0,36480.0,2180.0,9680.0,739.15753,131180.0,39.557068,42.607605,0.04072289,0.4084507,124626.78,90141.04,0.0,0.0,0.0
45595.0,1.0,4.0,55.0,144530.0,32670.0,25170.0,770.0,6730.0,768.4904,144530.0,47.325397,44.320004,0.027468346,0.026195426,96538.766,84859.16,0.0,0.0,0.0
45595.0,2.0,4.0,55.0,158220.0,38440.0,28380.0,1150.0,8910.0,841.2825,144530.0,43.174828,37.588123,0.02540766,0.1768235,96538.766,84859.16,0.0,0.0,0.0
45595.0,3.0,4.0,55.0,166380.0,46220.0,30780.0,2220.0,13220.0,884.6706,144530.0,39.9789,42.41198,0.03185479,0.38692674,96538.766,84859.16,0.0,0.0,0.0
45747.0,1.0,4.0,57.0,229160.0,61600.0,51120.0,600.0,9880.0,682.34875,229160.0,43.339733,45.913174,0.08422063,0.1260771,117582.2,156768.78,0.0,0.0,0.0
45747.0,2.0,4.0,57.0,267390.0,71950.0,58630.0,830.0,12490.0,796.18274,229160.0,34.770126,31.460997,0.088559784,0.26200467,117582.2,156768.78,0.0,0.0,0.0
45747.0,3.0,4.0,57.0,297260.0,91440.0,68980.0,2080.0,20380.0,885.1239,229160.0,34.008427,38.25158,0.102671064,0.581851,117582.2,156768.78,0.0,0.0,0.0
45787.0,1.0,4.0,57.0,263800.0,70750.0,57850.0,500.0,12400.0,679.1617,263800.0,43.339733,45.913174,0.10223654,0.21717171,135510.58,165534.52,0.0,0.0,0.0
45787.0,2.0,4.0,57.0,412580.0,110690.0,90060.0,720.0,19910.0,1062.2007,263800.0,34.770126,31.460997,0.122558214,0.28621453,135510.58,165534.52,0.0,0.0,0.0
45787.0,3.0,4.0,57.0,450560.0,137600.0,97860.0,2480.0,37260.0,1159.9814,263800.0,34.008427,38.25158,0.11672431,0.63128114,135510.58,165534.52,0.0,0.0,0.0
46528.0,1.0,4.0,65.0,199090.0,45520.0,34300.0,1250.0,9970.0,703.5728,199090.0,53.31605,42.440746,0.13541615,0.009575923,153164.6,75900.56,0.0,0.0,0.0
46528.0,2.0,4.0,65.0,208570.0,47340.0,36290.0,900.0,10150.0,737.0746,199090.0,49.436974,45.834293,0.16114494,0.20736994,153164.6,75900.56,0.0,0.0,0.0
46528.0,3.0,4.0,65.0,222800.0,58280.0,40720.0,3280.0,14280.0,787.3626,199090.0,45.03642,47.026905,0.17001796,0.47719297,153164.6,75900.56,0.0,0.0,0.0
46552.0,1.0,4.0,65.0,209850.0,41960.0,31840.0,1080.0,9040.0,708.9287,209850.0,52.764908,42.139927,0.019490112,0.017264634,134680.42,67693.68,0.0,0.0,0.0
46552.0,2.0,4.0,65.0,221260.0,46000.0,34150.0,1000.0,10850.0,747.47473,209850.0,49.581257,45.7661,0.023456566,0.17424242,134680.42,67693.68,0.0,0.0,0.0
46552.0,3.0,4.0,65.0,227480.0,57840.0,37060.0,4520.0,16260.0,768.48755,209850.0,44.95821,46.67749,0.10743801,0.43854856,134680.42,67693.68,0.0,0.0,0.0
46576.0,1.0,4.0,65.0,252050.0,59420.0,47470.0,1320.0,10630.0,655.3392,252050.0,48.95161,42.096592,0.14227335,0.05029521,141689.12,81982.28,0.0,0.0,0.0
46576.0,2.0,4.0,65.0,266840.0,64810.0,50050.0,1350.0,13410.0,693.79376,252050.0,45.513752,41.212215,0.17632289,0.1966181,141689.12,81982.28,0.0,0.0,0.0
46576.0,3.0,4.0,65.0,272220.0,76520.0,48860.0,4480.0,23180.0,707.7819,252050.0,41.80754,44.232536,0.18565866,0.48503184,141689.12,81982.28,0.0,0.0,0.0
48704.0,1.0,4.0,87.0,218660.0,48400.0,33780.0,2260.0,12360.0,768.8737,218660.0,51.77566,46.733902,0.03448276,0.019160805,214470.94,144548.42,0.0,0.0,0.0
48704.0,2.0,4.0,87.0,249680.0,56490.0,41540.0,990.0,13960.0,877.9493,218660.0,43.262993,41.269386,0.03232137,0.104118995,214470.94,144548.42,0.0,0.0,0.0
48704.0,3.0,4.0,87.0,271320.0,75600.0,58060.0,3900.0,13640.0,954.04193,218660.0,40.894753,45.605785,0.03309745,0.32688588,214470.94,144548.42,0.0,0.0,0.0
48725.0,1.0,4.0,87.0,98260.0,24220.0,15940.0,340.0,7940.0,576.23737,98260.0,51.04431,49.08362,0.021677183,0.059085842,214318.4,154927.39,0.0,0.0,0.0
48725.0,2.0,4.0,87.0,119570.0,26180.0,15600.0,450.0,10130.0,701.20807,98260.0,42.18893,40.21208,0.02216275,0.21288982,214318.4,154927.39,0.0,0.0,0.0
48725.0,3.0,4.0,87.0,125200.0,39100.0,23900.0,1880.0,13320.0,734.22473,98260.0,39.975914,44.650894,0.020447284,0.45741114,214318.4,154927.39,0.0,0.0,0.0
48743.0,1.0,4.0,87.0,188770.0,47330.0,37960.0,980.0,8390.0,773.3623,188770.0,50.710743,47.0928,0.102134876,0.0287068,184565.83,137343.27,0.0,0.0,0.0
48743.0,2.0,4.0,87.0,223740.0,54810.0,41910.0,1200.0,11700.0,916.62915,188770.0,42.692013,40.563866,0.11638509,0.15834156,184565.83,137343.27,0.0,0.0,0.0
48743.0,3.0,4.0,87.0,239140.0,69860.0,51560.0,4960.0,13340.0,979.7206,188770.0,40.289806,44.804207,0.121518776,0.4460189,184565.83,137343.27,0.0,0.0,0.0
48747.0,1.0,4.0,87.0,228160.0,51320.0,35070.0,2670.0,13580.0,506.0214,228160.0,53.048454,48.14346,0.057897966,0.021342926,225761.78,158728.55,0.0,0.0,0.0
48747.0,2.0,4.0,87.0,254170.0,58000.0,37920.0,2050.0,18030.0,563.70734,228160.0,43.35299,41.61342,0.061100837,0.09273278,225761.78,158728.55,0.0,0.0,0.0
48747.0,3.0,4.0,87.0,277980.0,81540.0,50260.0,6160.0,25120.0,616.514,228160.0,41.180466,46.21868,0.06173106,0.32902032,225761.78,158728.55,0.0,0.0,0.0
48782.0,1.0,4.0,87.0,344500.0,83050.0,60490.0,1980.0,20580.0,929.925,344500.0,50.867718,48.01997,0.20780842,0.16737926,200197.05,145355.62,0.0,0.0,0.0
48782.0,2.0,4.0,87.0,411250.0,91300.0,64600.0,1990.0,24710.0,1110.1063,344500.0,42.45527,40.392277,0.23071125,0.3543657,200197.05,145355.62,0.0,0.0,0.0
48782.0,3.0,4.0,87.0,468140.0,147120.0,75540.0,11820.0,59760.0,1263.6722,344500.0,40.14209,44.729713,0.2546247,0.62128013,200197.05,145355.62,0.0,0.0,0.0
48786.0,1.0,4.0,87.0,267290.0,54440.0,41350.0,500.0,12590.0,168.38226,267290.0,53.490513,48.53569,0.042351004,0.015173867,247692.33,171145.34,0.0,0.0,0.0
48786.0,2.0,4.0,87.0,312980.0,62560.0,47640.0,400.0,14520.0,197.16518,267290.0,42.931248,41.41476,0.0468081,0.08003108,247692.33,171145.34,0.0,0.0,0.0
48786.0,3.0,4.0,87.0,318940.0,87200.0,65160.0,1820.0,20220.0,200.91974,267290.0,41.175636,46.83727,0.054493006,0.3072519,247692.33,171145.34,0.0,0.0,0.0
48790.0,1.0,4.0,87.0,251320.0,64940.0,51170.0,1240.0,12530.0,748.06525,251320.0,50.3968,45.294476,0.018780837,0.04729023,192866.55,129361.56,0.0,0.0,0.0
48790.0,2.0,4.0,87.0,294280.0,78360.0,60810.0,1550.0,16000.0,875.9376,251320.0,43.1655,40.938713,0.029631643,0.23866606,192866.55,129361.56,0.0,0.0,0.0
48790.0,3.0,4.0,87.0,299300.0,90300.0,67520.0,4920.0,17860.0,890.8799,251320.0,40.585236,44.965614,0.032208487,0.43334255,192866.55,129361.56,0.0,0.0,0.0
51006.0,1.0,5.0,10.0,172170.0,39990.0,28760.0,1640.0,9590.0,964.05176,172170.0,49.571415,49.277615,0.1910902,0.18595944,84685.68,194127.58,1.0,1.0,0.0
51006.0,2.0,5.0,10.0,185810.0,44990.0,30210.0,2010.0,12770.0,1040.4279,172170.0,41.511326,36.719822,0.20542489,0.35989535,84685.68,194127.58,1.0,1.0,0.0
51006.0,3.0,5.0,10.0,199220.0,62980.0,31420.0,9860.0,21700.0,1115.516,172170.0,40.03201,44.863403,0.22216645,0.7447591,84685.68,194127.58,1.0,1.0,0.0
51020.0,1.0,5.0,10.0,584700.0,117120.0,65400.0,5580.0,46140.0,1445.4883,584700.0,49.571415,49.277615,0.27638105,0.33896962,62078.55,178545.4,1.0,1.0,0.0
51020.0,2.0,5.0,10.0,694140.0,148400.0,79220.0,9930.0,59250.0,1716.0446,584700.0,41.511326,36.719822,0.30215806,0.52110267,62078.55,178545.4,1.0,1.0,0.0
51020.0,3.0,5.0,10.0,843260.0,263180.0,73660.0,40420.0,149100.0,2084.6973,584700.0,40.03201,44.863403,0.41697288,0.76769054,62078.55,178545.4,1.0,1.0,0.0
51027.0,1.0,5.0,10.0,249300.0,67760.0,58970.0,830.0,7960.0,1004.63434,249300.0,55.196808,51.46398,0.06855194,0.011206194,38765.527,156537.88,1.0,1.0,0.0
51027.0,2.0,5.0,10.0,270610.0,70270.0,59100.0,1260.0,9910.0,1090.5098,249300.0,49.513065,43.86219,0.06437308,0.06020696,38765.527,156537.88,1.0,1.0,0.0
51027.0,3.0,5.0,10.0,292200.0,83740.0,63940.0,6860.0,12940.0,1177.5137,249300.0,46.27639,49.57259,0.07679672,0.27209613,38765.527,156537.88,1.0,1.0,0.0
51033.0,1.0,5.0,10.0,148030.0,38970.0,32200.0,510.0,6260.0,904.60767,148030.0,49.571415,49.277615,0.09957441,0.14851485,83727.3,197020.08,1.0,1.0,0.0
51033.0,2.0,5.0,10.0,161580.0,41950.0,33070.0,510.0,8370.0,987.4114,148030.0,41.511326,36.719822,0.13454635,0.32333598,83727.3,197020.08,1.0,1.0,0.0
51033.0,3.0,5.0,10.0,176500.0,54040.0,35180.0,7240.0,11620.0,1078.5872,148030.0,40.03201,44.863403,0.13257791,0.6474882,83727.3,197020.08,1.0,1.0,0.0
51040.0,1.0,5.0,10.0,267070.0,67030.0,55460.0,880.0,10690.0,1077.373,267070.0,50.27459,49.53518,0.011307897,0.05257186,62618.117,180768.5,1.0,1.0,0.0
51040.0,2.0,5.0,10.0,288950.0,82490.0,63910.0,1290.0,17290.0,1165.638,267070.0,42.511543,37.545483,0.011109188,0.15606852,62618.117,180768.5,1.0,1.0,0.0
51040.0,3.0,5.0,10.0,319540.0,95900.0,67740.0,9520.0,18640.0,1289.0396,267070.0,40.812553,45.436222,0.06640796,0.45456725,62618.117,180768.5,1.0,1.0,0.0
51054.0,1.0,5.0,10.0,181160.0,44400.0,36730.0,1040.0,6630.0,751.3583,181160.0,49.571415,49.277615,0.042779863,0.14636141,71465.4,185987.39,1.0,1.0,0.0
51054.0,2.0,5.0,10.0,199030.0,51440.0,39990.0,1400.0,10050.0,825.4739,181160.0,41.511326,36.719822,0.048535395,0.35747305,71465.4,185987.39,1.0,1.0,0.0
51054.0,3.0,5.0,10.0,222020.0,69260.0,47660.0,6520.0,15080.0,920.8245,181160.0,40.03201,44.863403,0.062877215,0.6179197,71465.4,185987.39,1.0,1.0,0.0
51067.0,1.0,5.0,10.0,146870.0,38120.0,35040.0,140.0,2940.0,541.5361,146870.0,49.571415,49.277615,0.026554095,0.03949731,63333.73,173415.27,1.0,1.0,0.0
51067.0,2.0,5.0,10.0,168240.0,45850.0,41200.0,250.0,4400.0,620.3311,146870.0,41.511326,36.719822,0.029660009,0.24698956,63333.73,173415.27,1.0,1.0,0.0
51067.0,3.0,5.0,10.0,182180.0,55380.0,45940.0,2860.0,6580.0,671.7304,146870.0,40.03201,44.863403,0.09924251,0.45660707,63333.73,173415.27,1.0,1.0,0.0
51081.0,1.0,5.0,10.0,231050.0,57580.0,48830.0,470.0,8280.0,546.1788,231050.0,55.98473,52.04558,0.027786193,0.03941417,56111.7,174221.92,1.0,1.0,0.0
51081.0,2.0,5.0,10.0,242110.0,55740.0,45560.0,500.0,9680.0,572.3235,231050.0,50.30098,44.688183,0.0712073,0.07550546,56111.7,174221.92,1.0,1.0,0.0
51081.0,3.0,5.0,10.0,272280.0,77980.0,60480.0,5240.0,12260.0,643.6423,231050.0,46.99788,50.322758,0.075804316,0.28928852,56111.7,174221.92,1.0,1.0,0.0
51088.0,1.0,5.0,10.0,231810.0,62190.0,51330.0,640.0,10220.0,813.911,231810.0,50.133957,49.48329,0.12872611,0.114700064,43475.05,157400.58,1.0,1.0,0.0
51088.0,2.0,5.0,10.0,286140.0,71030.0,52930.0,1720.0,16380.0,1004.6698,231810.0,42.3115,37.37856,0.15799958,0.20165987,43475.05,157400.58,1.0,1.0,0.0
51088.0,3.0,5.0,10.0,333600.0,101020.0,63980.0,12580.0,24460.0,1171.3073,231810.0,40.65645,45.321266,0.16450839,0.42333087,43475.05,157400.58,1.0,1.0,0.0
51094.0,1.0,5.0,10.0,310600.0,81210.0,65050.0,1050.0,15110.0,1002.22644,310600.0,52.85411,49.99475,0.024500966,0.093298085,83287.67,200782.14,1.0,1.0,0.0
51094.0,2.0,5.0,10.0,350720.0,93110.0,73920.0,1390.0,17800.0,1131.6833,310600.0,45.347385,41.349056,0.023922218,0.17847297,83287.67,200782.14,1.0,1.0,0.0
51094.0,3.0,5.0,10.0,381580.0,119920.0,91100.0,7400.0,21420.0,1231.2606,310600.0,43.617184,48.831253,0.057969496,0.47061175,83287.67,200782.14,1.0,1.0,0.0
51095.0,1.0,5.0,10.0,146290.0,31960.0,26060.0,190.0,5710.0,1088.3053,146290.0,57.910503,53.723537,0.06493951,0.03723987,71525.445,189892.55,1.0,1.0,0.0
51095.0,2.0,5.0,10.0,167660.0,38180.0,29110.0,390.0,8680.0,1247.2847,146290.0,51.58832,46.6187,0.06918764,0.099430345,71525.445,189892.55,1.0,1.0,0.0
51095.0,3.0,5.0,10.0,187880.0,51140.0,38300.0,3440.0,9400.0,1397.7087,146290.0,48.557755,52.588737,0.12763466,0.29271305,71525.445,189892.55,1.0,1.0,0.0
52710.0,1.0,5.0,27.0,135270.0,33710.0,28170.0,570.0,4970.0,717.99365,135270.0,52.791332,49.625477,0.14423005,0.048473284,135733.92,252445.97,1.0,1.0,0.0
52710.0,2.0,5.0,27.0,152440.0,36940.0,29550.0,470.0,6920.0,809.1295,135270.0,42.388393,39.74028,0.24462083,0.2230047,135733.92,252445.97,1.0,1.0,0.0
52710.0,3.0,5.0,27.0,172540.0,51880.0,33820.0,1720.0,16340.0,915.81744,135270.0,41.48815,47.80336,0.29187435,0.4417122,135733.92,252445.97,1.0,1.0,0.0
52712.0,1.0,5.0,27.0,232020.0,60550.0,54820.0,860.0,4870.0,568.71826,232020.0,68.86157,64.59805,0.045642618,0.11831972,204920.47,322067.4,1.0,1.0,0.0
52712.0,2.0,5.0,27.0,271300.0,61990.0,51280.0,770.0,9940.0,664.9999,232020.0,52.513763,51.61449,0.050387025,0.16311818,204920.47,322067.4,1.0,1.0,0.0
52712.0,3.0,5.0,27.0,313580.0,94620.0,68620.0,3480.0,22520.0,768.63495,232020.0,50.24788,57.587803,0.061674852,0.34235454,204920.47,322067.4,1.0,1.0,0.0
52717.0,1.0,5.0,27.0,202920.0,55810.0,45960.0,910.0,8940.0,578.5482,202920.0,66.2915,62.239536,0.04578159,0.038351905,185112.42,299960.72,1.0,1.0,0.0
52717.0,2.0,5.0,27.0,232960.0,57130.0,44990.0,1090.0,11050.0,664.19574,202920.0,50.144665,49.16487,0.032323144,0.16002268,185112.42,299960.72,1.0,1.0,0.0
52717.0,3.0,5.0,27.0,256500.0,78180.0,54000.0,3220.0,20960.0,731.311,202920.0,48.239243,55.429623,0.036413256,0.3108724,185112.42,299960.72,1.0,1.0,0.0
52721.0,1.0,5.0,27.0,133240.0,33610.0,28020.0,1610.0,3980.0,591.3892,133240.0,64.54768,66.21869,0.14852896,0.06858316,202856.84,317936.4,1.0,1.0,0.0
52721.0,2.0,5.0,27.0,145400.0,36430.0,30850.0,510.0,5070.0,645.36176,133240.0,42.737885,43.898727,0.17503439,0.13222882,202856.84,317936.4,1.0,1.0,0.0
52721.0,3.0,5.0,27.0,158020.0,50500.0,34820.0,3840.0,11840.0,701.3759,133240.0,42.074657,50.86999,0.1755474,0.29510704,202856.84,317936.4,1.0,1.0,0.0
52730.0,1.0,5.0,27.0,231890.0,59090.0,50310.0,1530.0,7250.0,731.9298,231890.0,66.45003,61.983776,0.026089957,0.09810711,171888.0,288832.88,1.0,1.0,0.0
52730.0,2.0,5.0,27.0,264010.0,64920.0,52830.0,980.0,11110.0,833.31226,231890.0,50.81801,49.718914,0.025264194,0.16322277,171888.0,288832.88,1.0,1.0,0.0
52730.0,3.0,5.0,27.0,288580.0,86000.0,59900.0,4240.0,21860.0,910.8642,231890.0,48.799656,55.872066,0.027514035,0.34073642,171888.0,288832.88,1.0,1.0,0.0
52738.0,1.0,5.0,27.0,130180.0,35590.0,29630.0,900.0,5060.0,662.5948,130180.0,54.317368,51.358864,0.1796743,0.08,146371.03,263008.44,1.0,1.0,0.0
52738.0,2.0,5.0,27.0,152260.0,37500.0,29400.0,510.0,7590.0,774.9784,130180.0,41.954544,39.887283,0.18363325,0.23389436,146371.03,263008.44,1.0,1.0,0.0
52738.0,3.0,5.0,27.0,179660.0,56680.0,35680.0,3140.0,17860.0,914.4399,130180.0,41.20035,47.929333,0.1999332,0.40230393,146371.03,263008.44,1.0,1.0,0.0
52743.0,1.0,5.0,27.0,84490.0,22020.0,17840.0,190.0,3990.0,580.56757,84490.0,55.042576,50.858925,0.039886378,0.05982906,113197.09,231264.81,1.0,1.0,0.0
52743.0,2.0,5.0,27.0,102170.0,24820.0,20170.0,180.0,4470.0,702.05457,84490.0,47.90476,44.545982,0.044142116,0.2276948,113197.09,231264.81,1.0,1.0,0.0
52743.0,3.0,5.0,27.0,118660.0,36740.0,26360.0,1640.0,8740.0,815.36456,84490.0,46.0073,51.526325,0.19265127,0.40026596,113197.09,231264.81,1.0,1.0,0.0
52747.0,1.0,5.0,27.0,65190.0,17580.0,13490.0,370.0,3720.0,617.03735,65190.0,54.412228,50.41759,0.1716521,0.06277056,122612.82,239536.27,1.0,1.0,0.0
52747.0,2.0,5.0,27.0,82440.0,20780.0,13790.0,140.0,6850.0,780.3123,65190.0,46.360176,43.154404,0.30215916,0.3697997,122612.82,239536.27,1.0,1.0,0.0
52747.0,3.0,5.0,27.0,90760.0,28620.0,16740.0,1240.0,10640.0,859.0629,65190.0,44.74194,50.46475,0.30850595,0.59816206,122612.82,239536.27,1.0,1.0,0.0
52756.0,1.0,5.0,27.0,119130.0,33270.0,29950.0,420.0,2900.0,571.2025,119130.0,66.45003,61.983776,0.048854195,0.043975376,195091.22,311458.72,1.0,1.0,0.0
52756.0,2.0,5.0,27.0,137920.0,35380.0,29330.0,380.0,5670.0,661.2965,119130.0,50.81801,49.718914,0.044953596,0.1261944,195091.22,311458.72,1.0,1.0,0.0
52756.0,3.0,5.0,27.0,152600.0,47880.0,35160.0,2420.0,10300.0,731.68396,119130.0,48.799656,55.872066,0.047313236,0.26822633,195091.22,311458.72,1.0,1.0,0.0
52760.0,1.0,5.0,27.0,124480.0,32750.0,29550.0,220.0,2980.0,684.1816,124480.0,66.45003,61.983776,0.050128534,0.056737587,191910.14,309568.4,1.0,1.0,0.0
52760.0,2.0,5.0,27.0,149670.0,34450.0,29490.0,160.0,4800.0,822.63385,124480.0,50.81801,49.718914,0.056323912,0.10242086,191910.14,309568.4,1.0,1.0,0.0
52760.0,3.0,5.0,27.0,174240.0,51320.0,38020.0,2600.0,10700.0,957.67834,124480.0,48.799656,55.872066,0.05073462,0.20892495,191910.14,309568.4,1.0,1.0,0.0
52764.0,1.0,5.0,27.0,356470.0,82230.0,51060.0,4350.0,26820.0,1010.0589,356470.0,65.41009,61.027893,0.37933066,0.34099886,173484.48,289229.7,1.0,1.0,0.0
52764.0,2.0,5.0,27.0,424100.0,84320.0,51600.0,1860.0,30860.0,1201.6887,356470.0,50.058285,48.86541,0.39368072,0.4388087,173484.48,289229.7,1.0,1.0,0.0
52764.0,3.0,5.0,27.0,485740.0,150340.0,52760.0,13180.0,84400.0,1376.3458,356470.0,48.14829,55.18267,0.39424384,0.67136,173484.48,289229.7,1.0,1.0,0.0
52769.0,1.0,5.0,27.0,170930.0,48350.0,42380.0,640.0,5330.0,513.3033,170930.0,57.712475,52.752934,0.025683029,0.023375142,132189.52,250017.22,1.0,1.0,0.0
52769.0,2.0,5.0,27.0,202730.0,52080.0,45330.0,410.0,6340.0,608.7988,170930.0,50.28511,47.26363,0.028412174,0.17909169,132189.52,250017.22,1.0,1.0,0.0
52769.0,3.0,5.0,27.0,232120.0,67960.0,51840.0,4340.0,11780.0,697.05707,170930.0,48.079033,53.66973,0.03144925,0.32617587,132189.52,250017.22,1.0,1.0,0.0
52777.0,1.0,5.0,27.0,271540.0,67710.0,55120.0,750.0,11840.0,627.56244,271540.0,66.85965,61.85429,0.11939309,0.08107096,159131.47,276714.72,1.0,1.0,0.0
52777.0,2.0,5.0,27.0,325030.0,73930.0,58530.0,690.0,14710.0,751.18445,271540.0,52.090343,50.931652,0.11358952,0.21699148,159131.47,276714.72,1.0,1.0,0.0
52777.0,3.0,5.0,27.0,363280.0,109020.0,69680.0,5400.0,33940.0,839.5849,271540.0,49.874928,56.79832,0.108181015,0.39612675,159131.47,276714.72,1.0,1.0,0.0
53221.0,1.0,5.0,32.0,129100.0,29580.0,26030.0,330.0,3220.0,404.1068,129100.0,66.22771,60.324326,0.044926412,0.01170117,95085.945,211296.48,1.0,1.0,0.0
53221.0,2.0,5.0,32.0,136080.0,32980.0,28170.0,230.0,4580.0,425.95547,129100.0,60.543858,55.983192,0.04622281,0.052030884,95085.945,211296.48,1.0,1.0,0.0
53221.0,3.0,5.0,32.0,164700.0,45060.0,35600.0,1420.0,8040.0,515.5414,129100.0,56.377224,60.20274,0.037401337,0.23604938,95085.945,211296.48,1.0,1.0,0.0
53224.0,1.0,5.0,32.0,357800.0,77030.0,54890.0,1470.0,20670.0,1105.4127,357800.0,64.62984,58.948345,0.18678032,0.0975469,106927.586,223981.72,1.0,1.0,0.0
53224.0,2.0,5.0,32.0,395560.0,85450.0,59070.0,1350.0,25030.0,1222.0712,357800.0,58.738274,54.308334,0.20029831,0.1590704,106927.586,223981.72,1.0,1.0,0.0
53224.0,3.0,5.0,32.0,445680.0,128820.0,70160.0,7040.0,51620.0,1376.9155,357800.0,54.895805,58.940823,0.20875965,0.4414324,106927.586,223981.72,1.0,1.0,0.0
53230.0,1.0,5.0,32.0,414900.0,105210.0,88100.0,2260.0,14850.0,885.2144,414900.0,55.042576,50.858925,0.031067727,0.031590823,93227.56,211579.27,1.0,1.0,0.0
53230.0,2.0,5.0,32.0,459740.0,114200.0,89930.0,1950.0,22320.0,980.88324,414900.0,47.90476,44.545982,0.068364725,0.12270165,93227.56,211579.27,1.0,1.0,0.0
53230.0,3.0,5.0,32.0,513620.0,149980.0,107520.0,8960.0,33500.0,1095.8395,414900.0,46.0073,51.526325,0.076671466,0.33127168,93227.56,211579.27,1.0,1.0,0.0
53267.0,1.0,5.0,32.0,209970.0,48580.0,40480.0,860.0,7240.0,1129.539,209970.0,55.042576,50.858925,0.069295615,0.023758098,102847.27,221203.88,1.0,1.0,0.0
53267.0,2.0,5.0,32.0,231780.0,54270.0,41120.0,790.0,12360.0,1246.8665,209970.0,47.90476,44.545982,0.08710846,0.1123242,102847.27,221203.88,1.0,1.0,0.0
53267.0,3.0,5.0,32.0,245140.0,68260.0,45640.0,4560.0,18060.0,1318.7369,209970.0,46.0073,51.526325,0.09333442,0.30805686,102847.27,221203.88,1.0,1.0,0.0
53282.0,1.0,5.0,32.0,245360.0,58570.0,49990.0,420.0,8160.0,1069.2,245360.0,55.042576,50.858925,0.041367788,0.046944387,115448.53,233500.77,1.0,1.0,0.0
53282.0,2.0,5.0,32.0,265560.0,62640.0,50500.0,350.0,11790.0,1157.2251,245360.0,47.90476,44.545982,0.04032987,0.11855422,115448.53,233500.77,1.0,1.0,0.0
53282.0,3.0,5.0,32.0,285020.0,79720.0,60900.0,4180.0,14640.0,1242.0255,245360.0,46.0073,51.526325,0.042874184,0.21796916,115448.53,233500.77,1.0,1.0,0.0
53288.0,1.0,5.0,32.0,230910.0,49630.0,40630.0,530.0,8470.0,1017.8524,230910.0,66.22771,60.324326,0.06664935,0.040835053,82474.195,200267.02,1.0,1.0,0.0
53288.0,2.0,5.0,32.0,251050.0,58070.0,45770.0,500.0,11800.0,1106.6296,230910.0,60.543858,55.983192,0.060505874,0.086904556,82474.195,200267.02,1.0,1.0,0.0
53288.0,3.0,5.0,32.0,264420.0,70920.0,50680.0,2860.0,17380.0,1165.5647,230910.0,56.377224,60.20274,0.056652296,0.31090486,82474.195,200267.02,1.0,1.0,0.0
53291.0,1.0,5.0,32.0,361560.0,85180.0,75410.0,730.0,9040.0,862.02704,361560.0,71.19119,63.715767,0.026496293,0.005238567,124532.47,241108.16,1.0,1.0,0.0
53291.0,2.0,5.0,32.0,400220.0,97900.0,84900.0,680.0,12320.0,954.19977,361560.0,64.64175,61.477444,0.08125531,0.10378652,124532.47,241108.16,1.0,1.0,0.0
53291.0,3.0,5.0,32.0,463800.0,130760.0,102800.0,5800.0,22160.0,1105.7865,361560.0,59.8405,63.7384,0.045450624,0.20712025,124532.47,241108.16,1.0,1.0,0.0
53813.0,1.0,5.0,38.0,126440.0,34270.0,25800.0,500.0,7970.0,908.5944,126440.0,50.353012,49.38373,0.035590004,0.031936128,94866.38,207265.44,1.0,1.0,0.0
53813.0,2.0,5.0,38.0,128270.0,33170.0,25100.0,730.0,7340.0,921.74475,126440.0,42.42467,37.80074,0.17143525,0.26940346,94866.38,207265.44,1.0,1.0,0.0
53813.0,3.0,5.0,38.0,138580.0,41240.0,29160.0,2260.0,9820.0,995.8321,126440.0,40.88562,45.79898,0.1754943,0.5540393,94866.38,207265.44,1.0,1.0,0.0
53847.0,1.0,5.0,38.0,225530.0,58320.0,45670.0,1610.0,11040.0,937.98865,225530.0,54.14208,50.250942,0.19296768,0.107288755,109471.79,224300.42,1.0,1.0,0.0
53847.0,2.0,5.0,38.0,256810.0,66660.0,48870.0,1750.0,16040.0,1068.0835,225530.0,45.69821,42.568214,0.23231183,0.30603516,109471.79,224300.42,1.0,1.0,0.0
53847.0,3.0,5.0,38.0,291280.0,93720.0,53140.0,4820.0,35760.0,1211.4457,225530.0,44.199642,50.01414,0.24361439,0.55101526,109471.79,224300.42,1.0,1.0,0.0
53858.0,1.0,5.0,38.0,114830.0,32560.0,28670.0,300.0,3590.0,731.91406,114830.0,55.042576,50.858925,0.049638595,0.13375528,95368.03,212244.69,1.0,1.0,0.0
53858.0,2.0,5.0,38.0,130240.0,34400.0,29260.0,380.0,4760.0,830.13574,114830.0,47.90476,44.545982,0.057125308,0.27928504,95368.03,212244.69,1.0,1.0,0.0
53858.0,3.0,5.0,38.0,143920.0,43680.0,35540.0,1160.0,6980.0,917.3306,114830.0,46.0073,51.526325,0.11200667,0.56427467,95368.03,212244.69,1.0,1.0,0.0
53861.0,1.0,5.0,38.0,106500.0,29200.0,25960.0,340.0,2900.0,695.8056,106500.0,52.85411,49.99475,0.097652584,0.13095239,96076.734,211320.1,1.0,1.0,0.0
53861.0,2.0,5.0,38.0,115850.0,33460.0,28170.0,350.0,4940.0,756.89276,106500.0,45.347385,41.349056,0.10539491,0.2963599,96076.734,211320.1,1.0,1.0,0.0
53861.0,3.0,5.0,38.0,109200.0,33940.0,26740.0,640.0,6560.0,713.44574,106500.0,43.617184,48.831253,0.10732601,0.6036217,96076.734,211320.1,1.0,1.0,0.0
53874.0,1.0,5.0,38.0,193520.0,51890.0,45110.0,500.0,6280.0,665.818,193520.0,54.18301,50.275314,0.07265399,0.09832258,115109.3,231487.22,1.0,1.0,0.0
53874.0,2.0,5.0,38.0,214800.0,55140.0,44780.0,600.0,9760.0,739.0332,193520.0,45.79851,42.65662,0.096182495,0.22376426,115109.3,231487.22,1.0,1.0,0.0
53874.0,3.0,5.0,38.0,233400.0,72040.0,53020.0,3120.0,15900.0,803.0277,193520.0,44.281807,50.08224,0.09640103,0.41751394,115109.3,231487.22,1.0,1.0,0.0
54906.0,1.0,5.0,49.0,176190.0,43670.0,39520.0,190.0,3960.0,767.9801,176190.0,91.77979,83.97938,0.11181112,0.017862372,190105.14,303480.66,1.0,1.0,0.0
54906.0,2.0,5.0,49.0,196630.0,46770.0,40860.0,170.0,5740.0,857.07434,176190.0,82.41194,81.19104,0.116004676,0.049297344,190105.14,303480.66,1.0,1.0,0.0
54906.0,3.0,5.0,49.0,230380.0,65060.0,52200.0,2620.0,10240.0,1004.18445,176190.0,74.4975,79.58003,0.12778887,0.19677307,190105.14,303480.66,1.0,1.0,0.0
54908.0,1.0,5.0,49.0,58380.0,14000.0,12830.0,40.0,1130.0,294.3282,58380.0,72.791306,65.24974,0.1459404,0.0017699115,122859.38,236673.56,1.0,1.0,0.0
54908.0,2.0,5.0,49.0,63490.0,13110.0,11320.0,120.0,1670.0,320.09073,58380.0,66.658875,63.39557,0.17987084,0.022889843,122859.38,236673.56,1.0,1.0,0.0
54908.0,3.0,5.0,49.0,76500.0,19280.0,15060.0,560.0,3660.0,385.68185,58380.0,61.36185,64.69438,0.20261438,0.17572254,122859.38,236673.56,1.0,1.0,0.0
54909.0,1.0,5.0,49.0,101990.0,22980.0,19250.0,200.0,3530.0,1060.8488,101990.0,76.0731,67.92432,0.39650947,0.04121688,132038.16,246649.78,1.0,1.0,0.0
54909.0,2.0,5.0,49.0,113860.0,22580.0,18850.0,120.0,3610.0,1184.3146,101990.0,69.716385,67.2309,0.3925874,0.08423407,132038.16,246649.78,1.0,1.0,0.0
54909.0,3.0,5.0,49.0,122980.0,32680.0,22800.0,920.0,8960.0,1279.1763,101990.0,63.854168,67.02198,0.37502033,0.22853453,132038.16,246649.78,1.0,1.0,0.0
54918.0,1.0,5.0,49.0,129870.0,32090.0,28490.0,180.0,3420.0,805.6452,129870.0,76.0731,67.92432,0.077077076,0.00747149,172609.58,287909.1,1.0,1.0,0.0
54918.0,2.0,5.0,49.0,140020.0,33910.0,28760.0,170.0,4980.0,868.6104,129870.0,69.716385,67.2309,0.0762034,0.045784656,172609.58,287909.1,1.0,1.0,0.0
54918.0,3.0,5.0,49.0,161900.0,46800.0,35060.0,1800.0,9940.0,1004.34247,129870.0,63.854168,67.02198,0.07967881,0.14783047,172609.58,287909.1,1.0,1.0,0.0
54952.0,1.0,5.0,49.0,217310.0,49400.0,37740.0,730.0,10930.0,784.541,217310.0,76.0731,67.92432,0.27900234,0.095796674,157849.84,271818.84,1.0,1.0,0.0
54952.0,2.0,5.0,49.0,259080.0,52170.0,38100.0,590.0,13480.0,935.34064,217310.0,69.716385,67.2309,0.27130616,0.18788539,157849.84,271818.84,1.0,1.0,0.0
54952.0,3.0,5.0,49.0,313520.0,84760.0,44520.0,4660.0,35580.0,1131.8821,217310.0,63.854168,67.02198,0.2554861,0.3321399,157849.84,271818.84,1.0,1.0,0.0
54961.0,1.0,5.0,49.0,279680.0,68970.0,62250.0,260.0,6460.0,663.2046,279680.0,79.76879,71.59914,0.14226973,0.015541059,172530.3,285477.9,1.0,1.0,0.0
54961.0,2.0,5.0,49.0,322590.0,73930.0,64870.0,230.0,8830.0,764.957,279680.0,72.703575,70.45418,0.1445488,0.062342662,172530.3,285477.9,1.0,1.0,0.0
54961.0,3.0,5.0,49.0,388900.0,103800.0,81620.0,3500.0,18680.0,922.19775,279680.0,66.35848,69.95923,0.1605554,0.17768331,172530.3,285477.9,1.0,1.0,0.0
54977.0,1.0,5.0,49.0,157290.0,37290.0,32180.0,280.0,4830.0,899.8799,157290.0,75.16652,66.99595,0.036175217,0.011244106,154998.33,271035.0,1.0,1.0,0.0
54977.0,2.0,5.0,49.0,169790.0,38910.0,32660.0,340.0,5910.0,971.3943,157290.0,68.47071,66.121124,0.050002944,0.10197628,154998.33,271035.0,1.0,1.0,0.0
54977.0,3.0,5.0,49.0,183600.0,52600.0,33340.0,2120.0,17140.0,1050.4034,157290.0,62.932404,66.48603,0.05272331,0.22451612,154998.33,271035.0,1.0,1.0,0.0
54979.0,1.0,5.0,49.0,137090.0,35710.0,33060.0,240.0,2410.0,563.345,137090.0,72.791306,65.24974,0.12407907,0.0072769052,128326.234,240466.83,1.0,1.0,0.0
54979.0,2.0,5.0,49.0,165720.0,37400.0,34020.0,190.0,3190.0,680.99445,137090.0,66.658875,63.39557,0.12690079,0.052244898,128326.234,240466.83,1.0,1.0,0.0
54979.0,3.0,5.0,49.0,196820.0,51320.0,41420.0,2000.0,7900.0,808.7939,137090.0,61.36185,64.69438,0.13189717,0.17832765,128326.234,240466.83,1.0,1.0,0.0
54994.0,1.0,5.0,49.0,345830.0,76860.0,66660.0,310.0,9890.0,758.51556,345830.0,76.0731,67.92432,0.07003441,0.0132764345,142745.62,257320.19,1.0,1.0,0.0
54994.0,2.0,5.0,49.0,360560.0,85420.0,70780.0,450.0,14190.0,790.8232,345830.0,69.716385,67.2309,0.118981585,0.06230126,142745.62,257320.19,1.0,1.0,0.0
54994.0,3.0,5.0,49.0,395380.0,107420.0,80860.0,5260.0,21300.0,867.1945,345830.0,63.854168,67.02198,0.115180336,0.19328547,142745.62,257320.19,1.0,1.0,0.0
55202.0,1.0,5.0,52.0,178440.0,45870.0,41640.0,260.0,3970.0,942.0833,178440.0,72.72561,65.27676,0.08815288,0.016383676,175272.84,292514.2,1.0,1.0,0.0
55202.0,2.0,5.0,52.0,203770.0,50230.0,43000.0,380.0,6850.0,1075.8143,178440.0,63.329174,62.283787,0.09118123,0.07167158,175272.84,292514.2,1.0,1.0,0.0
55202.0,3.0,5.0,52.0,226740.0,64740.0,51740.0,2920.0,10080.0,1197.0857,178440.0,59.367054,65.8238,0.08970627,0.20291522,175272.84,292514.2,1.0,1.0,0.0
55233.0,1.0,5.0,52.0,172840.0,43350.0,38490.0,140.0,4720.0,616.2074,172840.0,93.71566,87.9057,0.10564684,0.027196653,200367.02,318424.75,1.0,1.0,0.0
55233.0,2.0,5.0,52.0,206060.0,47660.0,41270.0,230.0,6160.0,734.64294,172840.0,79.65654,80.37047,0.11947976,0.04189636,200367.02,318424.75,1.0,1.0,0.0
55233.0,3.0,5.0,52.0,237520.0,64300.0,51600.0,3580.0,9120.0,846.80383,172840.0,73.123665,82.21123,0.0,0.123071134,200367.02,318424.75,1.0,1.0,0.0
55239.0,1.0,5.0,52.0,188320.0,45960.0,40710.0,160.0,5090.0,801.22534,188320.0,77.72324,70.54163,0.07524426,0.021592822,183425.22,301290.4,1.0,1.0,0.0
55239.0,2.0,5.0,52.0,217420.0,51330.0,44170.0,310.0,6850.0,925.03406,188320.0,67.216644,66.54214,0.07621194,0.03384486,183425.22,301290.4,1.0,1.0,0.0
55239.0,3.0,5.0,52.0,240340.0,69840.0,54960.0,3680.0,11200.0,1022.5494,188320.0,62.642437,69.70902,0.08113506,0.15789473,183425.22,301290.4,1.0,1.0,0.0
55255.0,1.0,5.0,52.0,262350.0,63740.0,50820.0,570.0,12350.0,1021.85095,262350.0,71.13727,63.28986,0.18334286,0.09324886,166822.83,283527.34,1.0,1.0,0.0
55255.0,2.0,5.0,52.0,288650.0,65590.0,51410.0,730.0,13450.0,1124.2892,262350.0,62.9344,61.348896,0.19875282,0.15386936,166822.83,283527.34,1.0,1.0,0.0
55255.0,3.0,5.0,52.0,332840.0,100040.0,60740.0,5080.0,34220.0,1296.4088,262350.0,58.83568,64.234215,0.18585506,0.31153184,166822.83,283527.34,1.0,1.0,0.0
55270.0,1.0,5.0,52.0,156460.0,41430.0,37180.0,60.0,4190.0,599.4636,156460.0,94.273285,89.71649,0.06416976,0.039895356,228079.0,346218.94,1.0,1.0,0.0
55270.0,2.0,5.0,52.0,196040.0,47280.0,40790.0,190.0,6300.0,751.1111,156460.0,76.82672,77.74979,0.12987146,0.056542058,228079.0,346218.94,1.0,1.0,0.0
55270.0,3.0,5.0,52.0,216400.0,62700.0,43740.0,2000.0,16960.0,829.1188,156460.0,70.80855,80.323975,0.1378928,0.19407345,228079.0,346218.94,1.0,1.0,0.0
56403.0,1.0,5.0,64.0,168480.0,43970.0,37740.0,960.0,5270.0,682.8794,168480.0,48.084015,48.29932,0.06220323,0.030214425,83070.84,183821.64,1.0,1.0,0.0
56403.0,2.0,5.0,64.0,180660.0,46920.0,39340.0,720.0,6860.0,732.2471,168480.0,38.40964,34.453114,0.06631241,0.1729927,83070.84,183821.64,1.0,1.0,0.0
56403.0,3.0,5.0,64.0,191300.0,60340.0,44700.0,1080.0,14560.0,775.37286,168480.0,37.707054,43.034176,0.07046524,0.43730754,83070.84,183821.64,1.0,1.0,0.0
56406.0,1.0,5.0,64.0,177080.0,49350.0,41980.0,950.0,6420.0,803.15674,177080.0,47.352932,47.64267,0.033261802,0.021939328,104871.37,215848.44,1.0,1.0,0.0
56406.0,2.0,5.0,64.0,185500.0,50540.0,40860.0,1140.0,8540.0,841.3462,177080.0,36.00423,33.32109,0.0341779,0.103027664,104871.37,215848.44,1.0,1.0,0.0
56406.0,3.0,5.0,64.0,201400.0,63580.0,45880.0,2280.0,15420.0,913.46155,177080.0,35.996155,41.994987,0.029890765,0.2972973,104871.37,215848.44,1.0,1.0,0.0
56428.0,1.0,5.0,64.0,150190.0,43930.0,39970.0,670.0,3290.0,478.44922,150190.0,51.890835,49.405148,0.0342899,0.02787919,125425.516,237473.03,1.0,1.0,0.0
56428.0,2.0,5.0,64.0,168340.0,47090.0,42130.0,420.0,4540.0,536.2684,150190.0,40.18185,37.963543,0.03985981,0.07248157,125425.516,237473.03,1.0,1.0,0.0
56428.0,3.0,5.0,64.0,184820.0,59520.0,50480.0,1360.0,7680.0,588.76746,150190.0,39.680492,46.372105,0.09154853,0.28181076,125425.516,237473.03,1.0,1.0,0.0
56447.0,1.0,5.0,64.0,331250.0,83390.0,71930.0,1000.0,10460.0,816.06757,331250.0,46.596615,47.553524,0.027713208,0.033814784,114062.56,213428.27,1.0,1.0,0.0
56447.0,2.0,5.0,64.0,351130.0,93650.0,80920.0,910.0,11820.0,865.04395,331250.0,35.307957,32.587776,0.03354883,0.16325323,114062.56,213428.27,1.0,1.0,0.0
56447.0,3.0,5.0,64.0,362020.0,109900.0,91820.0,3900.0,14180.0,891.87256,331250.0,35.3821,41.29214,0.031710956,0.32558617,114062.56,213428.27,1.0,1.0,0.0
56450.0,1.0,5.0,64.0,232130.0,67180.0,59600.0,700.0,6880.0,596.9501,232130.0,46.596615,47.553524,0.036402017,0.04416471,117238.445,223530.31,1.0,1.0,0.0
56450.0,2.0,5.0,64.0,268170.0,74060.0,63840.0,840.0,9380.0,689.6312,232130.0,35.307957,32.587776,0.04236119,0.21845907,117238.445,223530.31,1.0,1.0,0.0
56450.0,3.0,5.0,64.0,289380.0,96460.0,75540.0,4860.0,16060.0,744.1753,232130.0,35.3821,41.29214,0.053286336,0.3892247,117238.445,223530.31,1.0,1.0,0.0
56460.0,1.0,5.0,64.0,327210.0,77790.0,49350.0,2470.0,25970.0,1159.949,327210.0,46.596615,47.553524,0.30735612,0.15595296,99413.83,205243.8,1.0,1.0,0.0
56460.0,2.0,5.0,64.0,357010.0,83470.0,50880.0,4400.0,28190.0,1265.589,327210.0,35.307957,32.587776,0.34693706,0.34649017,99413.83,205243.8,1.0,1.0,0.0
56460.0,3.0,5.0,64.0,405760.0,129620.0,54500.0,15660.0,59460.0,1438.4062,327210.0,35.3821,41.29214,0.3744085,0.6539996,99413.83,205243.8,1.0,1.0,0.0
56469.0,1.0,5.0,64.0,193190.0,52490.0,47870.0,510.0,4110.0,434.89713,193190.0,46.322697,47.590393,0.020083856,0.04049587,132429.33,231667.94,1.0,1.0,0.0
56469.0,2.0,5.0,64.0,228550.0,57100.0,51450.0,410.0,5240.0,514.4973,193190.0,34.20312,32.1003,0.024764821,0.22548231,132429.33,231667.94,1.0,1.0,0.0
56469.0,3.0,5.0,64.0,248300.0,79420.0,63540.0,1540.0,14340.0,558.9573,193190.0,34.572502,40.64689,0.025050342,0.33950815,132429.33,231667.94,1.0,1.0,0.0
56475.0,1.0,5.0,64.0,198120.0,52290.0,46180.0,760.0,5350.0,531.1101,198120.0,51.890835,49.405148,0.045679387,0.021708878,130740.164,239905.03,1.0,1.0,0.0
56475.0,2.0,5.0,64.0,209490.0,58530.0,51160.0,720.0,6650.0,561.5902,198120.0,40.18185,37.963543,0.08124493,0.09152196,130740.164,239905.03,1.0,1.0,0.0
56475.0,3.0,5.0,64.0,230920.0,75300.0,59260.0,2080.0,13960.0,619.0387,198120.0,39.680492,46.372105,0.09856227,0.3643048,130740.164,239905.03,1.0,1.0,0.0
56479.0,1.0,5.0,64.0,97930.0,23500.0,20410.0,140.0,2950.0,379.75027,97930.0,48.23036,48.032005,0.08138466,0.0,142742.55,246433.4,1.0,1.0,0.0
56479.0,2.0,5.0,64.0,122180.0,29290.0,26980.0,80.0,2230.0,473.78625,97930.0,35.62955,33.773552,0.08389262,0.12470024,142742.55,246433.4,1.0,1.0,0.0
56479.0,3.0,5.0,64.0,130360.0,40580.0,32980.0,1980.0,5620.0,505.50644,97930.0,35.857693,42.222893,0.08729672,0.3323371,142742.55,246433.4,1.0,1.0,0.0
56485.0,1.0,5.0,64.0,156670.0,40680.0,34520.0,1180.0,4980.0,597.2021,156670.0,48.91035,48.814934,0.03044616,0.022773623,83080.08,188437.88,1.0,1.0,0.0
56485.0,2.0,5.0,64.0,179590.0,48150.0,40480.0,540.0,7130.0,684.56964,156670.0,40.132797,35.667427,0.032295786,0.27441162,83080.08,188437.88,1.0,1.0,0.0
56485.0,3.0,5.0,64.0,186840.0,56880.0,44680.0,2320.0,9880.0,712.20557,156670.0,38.998695,44.040337,0.034575038,0.52979845,83080.08,188437.88,1.0,1.0,0.0
56486.0,1.0,5.0,64.0,116700.0,28290.0,25950.0,100.0,2240.0,485.40054,116700.0,50.8978,49.55956,0.053384747,0.018971542,148810.0,255802.5,1.0,1.0,0.0
56486.0,2.0,5.0,64.0,143850.0,33560.0,29440.0,140.0,3980.0,598.32794,116700.0,37.3915,36.092636,0.07674661,0.07934858,148810.0,255802.5,1.0,1.0,0.0
56486.0,3.0,5.0,64.0,161060.0,47760.0,40000.0,1600.0,6160.0,669.911,116700.0,37.44517,44.365887,0.07698994,0.27403846,148810.0,255802.5,1.0,1.0,0.0
56909.0,1.0,5.0,69.0,106080.0,24830.0,21210.0,280.0,3340.0,765.5889,106080.0,44.9675,46.827827,0.07145551,0.14194812,84435.52,164473.31,1.0,1.0,0.0
56909.0,2.0,5.0,69.0,118300.0,29370.0,24330.0,380.0,4660.0,853.7818,106080.0,35.4117,31.562489,0.06813187,0.30481482,84435.52,164473.31,1.0,1.0,0.0
56909.0,3.0,5.0,69.0,131420.0,40800.0,27400.0,1680.0,11720.0,948.47,106080.0,35.10748,39.849865,0.07426571,0.534413,84435.52,164473.31,1.0,1.0,0.0
56915.0,1.0,5.0,69.0,230200.0,55230.0,48320.0,630.0,6280.0,581.8862,230200.0,47.97505,47.384396,0.07202432,0.10197609,67444.59,146460.1,1.0,1.0,0.0
56915.0,2.0,5.0,69.0,244980.0,65410.0,54380.0,940.0,10090.0,619.2463,230200.0,40.973366,35.478764,0.07429178,0.22228202,67444.59,146460.1,1.0,1.0,0.0
56915.0,3.0,5.0,69.0,278460.0,82440.0,62860.0,3740.0,15840.0,703.87506,230200.0,39.0086,42.774143,0.14106156,0.44637764,67444.59,146460.1,1.0,1.0,0.0
56941.0,1.0,5.0,69.0,173020.0,44240.0,35180.0,1720.0,7340.0,831.8269,173020.0,47.97505,47.384396,0.2282395,0.11543098,57814.32,148895.22,1.0,1.0,0.0
56941.0,2.0,5.0,69.0,193960.0,50320.0,41580.0,930.0,7810.0,932.5,173020.0,40.973366,35.478764,0.15121675,0.22425984,57814.32,148895.22,1.0,1.0,0.0
56941.0,3.0,5.0,69.0,212360.0,63000.0,47120.0,3000.0,12880.0,1020.96155,173020.0,39.0086,42.774143,0.14710869,0.50363636,57814.32,148895.22,1.0,1.0,0.0
56944.0,1.0,5.0,69.0,218310.0,52400.0,40470.0,1970.0,9960.0,935.30695,218310.0,44.557377,46.785736,0.07072511,0.12032153,86356.23,156065.08,1.0,1.0,0.0
56944.0,2.0,5.0,69.0,240720.0,60450.0,47330.0,1270.0,11850.0,1031.3182,218310.0,34.65329,31.166237,0.10975407,0.26294744,86356.23,156065.08,1.0,1.0,0.0
56944.0,3.0,5.0,69.0,274700.0,82160.0,56820.0,4080.0,21260.0,1176.899,218310.0,34.57551,39.47563,0.07666545,0.4989461,86356.23,156065.08,1.0,1.0,0.0
56963.0,1.0,5.0,69.0,368480.0,86090.0,65050.0,2070.0,18970.0,922.16833,368480.0,46.182507,47.10532,0.1840534,0.19286755,80351.66,170825.53,1.0,1.0,0.0
56963.0,2.0,5.0,69.0,401070.0,95160.0,71270.0,1480.0,22410.0,1003.72894,368480.0,36.818314,32.669582,0.21991174,0.32185963,80351.66,170825.53,1.0,1.0,0.0
56963.0,3.0,5.0,69.0,443320.0,136280.0,77080.0,9420.0,49780.0,1109.465,368480.0,36.214706,40.974445,0.20427682,0.57125133,80351.66,170825.53,1.0,1.0,0.0
56991.0,1.0,5.0,69.0,291470.0,73940.0,64940.0,790.0,8210.0,542.896,291470.0,48.963276,48.489334,0.04528768,0.1109434,61150.67,162447.81,1.0,1.0,0.0
56991.0,2.0,5.0,69.0,320250.0,86330.0,76250.0,750.0,9330.0,596.502,291470.0,41.30639,36.21921,0.067384854,0.21957785,61150.67,162447.81,1.0,1.0,0.0
56991.0,3.0,5.0,69.0,364000.0,108340.0,89340.0,3340.0,15660.0,677.99133,291470.0,39.64214,44.03119,0.0960989,0.439751,61150.67,162447.81,1.0,1.0,0.0
57018.0,1.0,5.0,70.0,71480.0,16030.0,13610.0,50.0,2370.0,578.13007,71480.0,45.500942,48.15187,0.14087857,0.047582503,167332.8,262814.03,1.0,1.0,0.0
57018.0,2.0,5.0,70.0,90820.0,18890.0,15470.0,100.0,3320.0,734.55194,71480.0,30.888609,30.95348,0.13818543,0.16113989,167332.8,262814.03,1.0,1.0,0.0
57018.0,3.0,5.0,70.0,103420.0,30000.0,22280.0,1460.0,6260.0,836.4607,71480.0,32.143715,38.84279,0.13188939,0.42075163,167332.8,262814.03,1.0,1.0,0.0
57037.0,1.0,5.0,70.0,193100.0,46680.0,35800.0,960.0,9920.0,605.13947,193100.0,45.500942,48.15187,0.18731228,0.06907607,152118.25,248726.39,1.0,1.0,0.0
57037.0,2.0,5.0,70.0,238250.0,51070.0,38440.0,1070.0,11560.0,746.63116,193100.0,30.888609,30.95348,0.21040924,0.16256554,152118.25,248726.39,1.0,1.0,0.0
57037.0,3.0,5.0,70.0,276700.0,82020.0,55380.0,6360.0,20280.0,867.1263,193100.0,32.143715,38.84279,0.21402241,0.4380863,152118.25,248726.39,1.0,1.0,0.0
57056.0,1.0,5.0,70.0,97700.0,24460.0,21290.0,110.0,3060.0,340.41812,97700.0,45.500942,48.15187,0.08433981,0.032107413,144040.53,236524.42,1.0,1.0,0.0
57056.0,2.0,5.0,70.0,134790.0,28870.0,24580.0,110.0,4180.0,469.65158,97700.0,30.888609,30.95348,0.07789896,0.18491577,144040.53,236524.42,1.0,1.0,0.0
57056.0,3.0,5.0,70.0,146860.0,41900.0,34680.0,2080.0,5140.0,511.7073,97700.0,32.143715,38.84279,0.11807163,0.48602673,144040.53,236524.42,1.0,1.0,0.0
57066.0,1.0,5.0,70.0,392270.0,80830.0,49560.0,1690.0,29580.0,844.11786,392270.0,45.105907,48.040123,0.33663037,0.12445382,153355.28,236097.19,1.0,1.0,0.0
57066.0,2.0,5.0,70.0,452890.0,87940.0,54800.0,1440.0,31700.0,974.5648,392270.0,30.758379,30.763887,0.33562234,0.2590526,153355.28,236097.19,1.0,1.0,0.0
57066.0,3.0,5.0,70.0,529920.0,143180.0,66620.0,13660.0,62900.0,1140.3241,392270.0,31.98946,38.520622,0.33737168,0.5613693,153355.28,236097.19,1.0,1.0,0.0
57088.0,1.0,5.0,70.0,423690.0,94930.0,67870.0,2600.0,24460.0,809.04736,423690.0,45.500942,48.15187,0.08010574,0.055637546,167143.94,254786.81,1.0,1.0,0.0
57088.0,2.0,5.0,70.0,511060.0,111030.0,83140.0,1550.0,26340.0,975.8827,423690.0,30.888609,30.95348,0.08188862,0.19571187,167143.94,254786.81,1.0,1.0,0.0
57088.0,3.0,5.0,70.0,592780.0,167260.0,119820.0,8340.0,39100.0,1131.9292,423690.0,32.143715,38.84279,0.08603529,0.46573806,167143.94,254786.81,1.0,1.0,0.0
57312.0,1.0,5.0,73.0,187800.0,49100.0,45250.0,130.0,3720.0,587.2237,187800.0,94.74513,91.50397,0.0414803,0.015599343,211925.69,330283.12,1.0,1.0,0.0
57312.0,2.0,5.0,73.0,223610.0,50940.0,44630.0,210.0,6100.0,699.1964,187800.0,74.43225,75.582504,0.06958544,0.0700309,211925.69,330283.12,1.0,1.0,0.0
57312.0,3.0,5.0,73.0,281760.0,76700.0,62980.0,2840.0,10880.0,881.02313,187800.0,68.84961,78.76226,0.07155026,0.2540132,211925.69,330283.12,1.0,1.0,0.0
57315.0,1.0,5.0,73.0,175590.0,42340.0,36930.0,130.0,5280.0,657.71436,175590.0,95.38855,94.29302,0.12620309,0.045589104,216925.8,335260.6,1.0,1.0,0.0
57315.0,2.0,5.0,73.0,218100.0,48780.0,39500.0,330.0,8950.0,816.94574,175590.0,71.16707,72.70914,0.17033471,0.09413815,216925.8,335260.6,1.0,1.0,0.0
57315.0,3.0,5.0,73.0,247180.0,70140.0,51200.0,4440.0,14500.0,925.8718,175590.0,66.178314,76.688385,0.16295817,0.33505687,216925.8,335260.6,1.0,1.0,0.0
57336.0,1.0,5.0,73.0,235300.0,63060.0,57460.0,290.0,5310.0,726.79535,235300.0,86.1434,81.35728,0.06281343,0.018177835,197167.52,315556.34,1.0,1.0,0.0
57336.0,2.0,5.0,73.0,275650.0,72800.0,64120.0,340.0,8340.0,851.4286,235300.0,69.05109,69.30066,0.054054055,0.083333336,197167.52,315556.34,1.0,1.0,0.0
57336.0,3.0,5.0,73.0,342940.0,98060.0,78100.0,4460.0,15500.0,1059.2742,235300.0,64.27231,72.96321,0.13839155,0.26759493,197167.52,315556.34,1.0,1.0,0.0
57364.0,1.0,5.0,73.0,305610.0,74720.0,63160.0,860.0,10700.0,827.4266,305610.0,70.90211,66.82572,0.10464317,0.05115651,193867.75,312019.78,1.0,1.0,0.0
57364.0,2.0,5.0,73.0,374200.0,85930.0,69030.0,770.0,16130.0,1013.13116,305610.0,53.948635,53.22237,0.10424907,0.13605957,193867.75,312019.78,1.0,1.0,0.0
57364.0,3.0,5.0,73.0,435600.0,126920.0,82620.0,7400.0,36900.0,1179.3691,305610.0,51.473297,59.04307,0.10560147,0.36857885,193867.75,312019.78,1.0,1.0,0.0
57385.0,1.0,5.0,73.0,128830.0,28740.0,19890.0,2730.0,6120.0,1069.5725,128830.0,66.45003,61.983776,0.24520686,0.21099797,177560.48,295668.34,1.0,1.0,0.0
57385.0,2.0,5.0,73.0,232290.0,40940.0,21860.0,1860.0,17220.0,1928.5181,128830.0,50.81801,49.718914,0.5150889,0.4509196,177560.48,295668.34,1.0,1.0,0.0
57385.0,3.0,5.0,73.0,261160.0,79980.0,25060.0,13200.0,41720.0,2168.2026,128830.0,48.799656,55.872066,0.4880533,0.63807946,177560.48,295668.34,1.0,1.0,0.0
57605.0,1.0,5.0,76.0,123520.0,32780.0,28380.0,790.0,3610.0,663.3371,123520.0,47.97505,47.384396,0.05804728,0.081478186,58752.05,123431.74,1.0,1.0,0.0
57605.0,2.0,5.0,76.0,136980.0,34620.0,29550.0,570.0,4500.0,735.62103,123520.0,40.973366,35.478764,0.06022777,0.26561978,58752.05,123431.74,1.0,1.0,0.0
57605.0,3.0,5.0,76.0,155980.0,46820.0,33120.0,3980.0,9720.0,837.6564,123520.0,39.0086,42.774143,0.091165535,0.47190428,58752.05,123431.74,1.0,1.0,0.0
57616.0,1.0,5.0,76.0,209800.0,44840.0,23490.0,4460.0,16890.0,770.47375,209800.0,52.28651,45.272083,0.18870352,0.09295853,51541.242,82700.59,1.0,1.0,0.0
57616.0,2.0,5.0,76.0,232670.0,47190.0,27320.0,3770.0,16100.0,854.46204,209800.0,49.364117,44.331974,0.20140113,0.31613466,51541.242,82700.59,1.0,1.0,0.0
57616.0,3.0,5.0,76.0,255920.0,72360.0,32020.0,10320.0,30020.0,939.8458,209800.0,44.399815,45.546734,0.1900594,0.5215877,51541.242,82700.59,1.0,1.0,0.0
57619.0,1.0,5.0,76.0,80590.0,20390.0,16630.0,270.0,3490.0,703.3514,80590.0,47.97505,47.384396,0.25052735,0.077405855,41408.402,125296.875,1.0,1.0,0.0
57619.0,2.0,5.0,76.0,99410.0,23850.0,20010.0,330.0,3510.0,867.6034,80590.0,40.973366,35.478764,0.23408107,0.23517978,41408.402,125296.875,1.0,1.0,0.0
57619.0,3.0,5.0,76.0,124900.0,35360.0,24940.0,1820.0,8600.0,1090.0681,80590.0,39.0086,42.774143,0.16285028,0.4837145,41408.402,125296.875,1.0,1.0,0.0
57622.0,1.0,5.0,76.0,228410.0,56380.0,47470.0,1420.0,7490.0,722.74786,228410.0,47.97505,47.384396,0.07188827,0.08582935,50826.21,130241.195,1.0,1.0,0.0
57622.0,2.0,5.0,76.0,238750.0,59540.0,49470.0,1070.0,9000.0,755.46625,228410.0,40.973366,35.478764,0.09348691,0.19599618,50826.21,130241.195,1.0,1.0,0.0
57622.0,3.0,5.0,76.0,289840.0,86300.0,65060.0,5080.0,16160.0,917.1281,228410.0,39.0086,42.774143,0.05133867,0.43153998,50826.21,130241.195,1.0,1.0,0.0
57633.0,1.0,5.0,76.0,110300.0,28180.0,21970.0,1300.0,4910.0,749.2189,110300.0,49.11021,47.386017,0.14070717,0.12633263,41428.832,114981.9,1.0,1.0,0.0
57633.0,2.0,5.0,76.0,123180.0,32410.0,25630.0,1640.0,5140.0,836.707,110300.0,42.769382,37.098053,0.18509498,0.3272059,41428.832,114981.9,1.0,1.0,0.0
57633.0,3.0,5.0,76.0,131400.0,39120.0,29360.0,2180.0,7580.0,892.54175,110300.0,40.245506,43.538185,0.111719936,0.5612443,41428.832,114981.9,1.0,1.0,0.0
57639.0,1.0,5.0,76.0,238540.0,41790.0,23380.0,1460.0,16950.0,830.1953,238540.0,47.82568,47.030483,0.34711158,0.26167756,77105.15,136660.23,1.0,1.0,0.0
57639.0,2.0,5.0,76.0,292980.0,57760.0,30970.0,2810.0,23980.0,1019.6638,238540.0,41.111523,35.605614,0.33053452,0.3793982,77105.15,136660.23,1.0,1.0,0.0
57639.0,3.0,5.0,76.0,314040.0,97700.0,40580.0,21220.0,35900.0,1092.9594,238540.0,39.04322,42.672188,0.20825373,0.7744966,77105.15,136660.23,1.0,1.0,0.0
57655.0,1.0,5.0,76.0,429850.0,98870.0,57770.0,7910.0,33190.0,1116.2036,429850.0,47.3989,46.044346,0.31811097,0.26145586,66253.51,117110.89,1.0,1.0,0.0
57655.0,2.0,5.0,76.0,478270.0,100430.0,55230.0,8650.0,36550.0,1241.9371,429850.0,41.506252,35.976624,0.33468542,0.39553413,66253.51,117110.89,1.0,1.0,0.0
57655.0,3.0,5.0,76.0,588780.0,174840.0,68360.0,31880.0,74600.0,1528.9016,429850.0,39.142136,42.40415,0.2388668,0.7374589,66253.51,117110.89,1.0,1.0,0.0
57672.0,1.0,5.0,76.0,282000.0,74040.0,57100.0,6480.0,10460.0,859.99207,282000.0,50.45716,46.59017,0.035425533,0.071670905,46552.707,100968.18,1.0,1.0,0.0
57672.0,2.0,5.0,76.0,326500.0,77920.0,60090.0,4800.0,13030.0,995.7,282000.0,45.554993,39.916794,0.12735069,0.27459708,46552.707,100968.18,1.0,1.0,0.0
57672.0,3.0,5.0,76.0,380020.0,112340.0,75660.0,13300.0,23380.0,1158.9155,282000.0,42.026295,44.394993,0.10173149,0.5513137,46552.707,100968.18,1.0,1.0,0.0
57683.0,1.0,5.0,76.0,212880.0,50530.0,38110.0,3630.0,8790.0,569.9751,212880.0,50.050755,44.271576,0.046223223,0.16873108,61578.797,90139.055,1.0,1.0,0.0
57683.0,2.0,5.0,76.0,252600.0,58470.0,43090.0,3290.0,12090.0,676.32336,212880.0,46.93338,41.57642,0.11207443,0.32377297,61578.797,90139.055,1.0,1.0,0.0
57683.0,3.0,5.0,76.0,280340.0,76300.0,52700.0,8100.0,15500.0,750.59576,212880.0,42.5631,44.06743,0.09424271,0.5794598,61578.797,90139.055,1.0,1.0,0.0
57704.0,1.0,5.0,77.0,105450.0,27130.0,25020.0,210.0,1900.0,481.6388,105450.0,95.45316,100.29034,0.08392603,0.021769995,245528.9,362836.7,1.0,1.0,0.0
57704.0,2.0,5.0,77.0,114450.0,28920.0,26190.0,20.0,2710.0,522.746,105450.0,62.93537,66.64587,0.08221931,0.11600307,245528.9,362836.7,1.0,1.0,0.0
57704.0,3.0,5.0,77.0,135000.0,39300.0,25780.0,860.0,12660.0,616.6073,105450.0,59.613373,70.86511,0.08222222,0.38514358,245528.9,362836.7,1.0,1.0,0.0
57725.0,1.0,5.0,77.0,168750.0,45980.0,41900.0,320.0,3760.0,390.27264,168750.0,95.39382,94.72333,0.034607407,0.015990524,236316.06,354299.88,1.0,1.0,0.0
57725.0,2.0,5.0,77.0,200710.0,49930.0,41740.0,290.0,7900.0,464.1874,168750.0,70.495094,72.15925,0.034776542,0.07326335,236316.06,354299.88,1.0,1.0,0.0
57725.0,3.0,5.0,77.0,231020.0,69520.0,50280.0,2600.0,16640.0,534.28613,168750.0,65.6424,76.17976,0.07375985,0.22986458,236316.06,354299.88,1.0,1.0,0.0
57734.0,1.0,5.0,77.0,159720.0,40800.0,37040.0,200.0,3560.0,529.69855,159720.0,95.38855,94.29302,0.058602553,0.015442799,218810.42,336883.25,1.0,1.0,0.0
57734.0,2.0,5.0,77.0,186210.0,45350.0,39100.0,230.0,6020.0,617.5505,159720.0,71.16707,72.70914,0.06320821,0.062912226,218810.42,336883.25,1.0,1.0,0.0
57734.0,3.0,5.0,77.0,226860.0,64480.0,48460.0,2800.0,13220.0,752.363,159720.0,66.178314,76.688385,0.066913515,0.22510493,218810.42,336883.25,1.0,1.0,0.0
57773.0,1.0,5.0,77.0,192340.0,42040.0,34600.0,650.0,6790.0,809.8867,192340.0,95.38855,94.29302,0.15841739,0.05598507,249379.1,367544.56,1.0,1.0,0.0
57773.0,2.0,5.0,77.0,227740.0,48810.0,38270.0,800.0,9740.0,958.9456,192340.0,71.16707,72.70914,0.171687,0.13047086,249379.1,367544.56,1.0,1.0,0.0
57773.0,3.0,5.0,77.0,270300.0,77720.0,42120.0,6700.0,28900.0,1138.1532,192340.0,66.178314,76.688385,0.16581576,0.3097139,249379.1,367544.56,1.0,1.0,0.0
57790.0,1.0,5.0,77.0,87560.0,21370.0,18820.0,100.0,2450.0,445.07703,87560.0,97.92765,103.91868,0.041000456,0.023072252,269474.78,387406.8,1.0,1.0,0.0
57790.0,2.0,5.0,77.0,105640.0,21300.0,18210.0,140.0,2950.0,536.9796,87560.0,69.29625,74.38551,0.049034458,0.04738489,269474.78,387406.8,1.0,1.0,0.0
57790.0,3.0,5.0,77.0,126180.0,37540.0,21680.0,8580.0,7280.0,641.38666,87560.0,64.787544,76.85336,0.044698052,0.23567335,269474.78,387406.8,1.0,1.0,0.0
58110.0,1.0,5.0,81.0,151500.0,37560.0,29240.0,700.0,7620.0,773.5117,151500.0,44.215607,46.756927,0.031815182,0.020926243,98338.07,167792.58,1.0,1.0,0.0
58110.0,2.0,5.0,81.0,172060.0,42030.0,33050.0,580.0,8400.0,878.4846,151500.0,34.021282,30.864664,0.13082646,0.25026095,98338.07,167792.58,1.0,1.0,0.0
58110.0,3.0,5.0,81.0,182060.0,52080.0,36800.0,2740.0,12540.0,929.5415,151500.0,34.132202,39.168667,0.23937164,0.5205479,98338.07,167792.58,1.0,1.0,0.0
58112.0,1.0,5.0,81.0,283320.0,74290.0,66430.0,620.0,7240.0,778.8866,283320.0,46.596615,47.553524,0.030742623,0.02295478,99974.695,194824.5,1.0,1.0,0.0
58112.0,2.0,5.0,81.0,318530.0,84340.0,72560.0,630.0,11150.0,875.68384,283320.0,35.307957,32.587776,0.10843562,0.1608,99974.695,194824.5,1.0,1.0,0.0
58112.0,3.0,5.0,81.0,355960.0,105620.0,86160.0,4960.0,14500.0,978.58417,283320.0,35.3821,41.29214,0.111248456,0.41016373,99974.695,194824.5,1.0,1.0,0.0
58122.0,1.0,5.0,81.0,293450.0,41080.0,4000.0,1930.0,35150.0,18409.662,293450.0,22.107803,23.378464,1.0,0.6475608,117324.72,195992.05,1.0,1.0,0.0
58122.0,2.0,5.0,81.0,393470.0,56480.0,13850.0,3140.0,39490.0,24684.441,293450.0,17.010641,15.432332,1.0,0.6616567,117324.72,195992.05,1.0,1.0,0.0
58122.0,3.0,5.0,81.0,442460.0,134260.0,8800.0,16240.0,109220.0,27757.842,293450.0,17.066101,19.584333,1.0,0.8877113,117324.72,195992.05,1.0,1.0,0.0
58125.0,1.0,5.0,81.0,164110.0,37890.0,27190.0,900.0,9800.0,974.8723,164110.0,44.215607,46.756927,0.08701481,0.16067521,101926.195,178165.78,1.0,1.0,0.0
58125.0,2.0,5.0,81.0,186340.0,43300.0,29330.0,610.0,13360.0,1106.9265,164110.0,34.021282,30.864664,0.18874101,0.35939324,101926.195,178165.78,1.0,1.0,0.0
58125.0,3.0,5.0,81.0,204880.0,62100.0,36700.0,3480.0,21920.0,1217.0608,164110.0,34.132202,39.168667,0.18283874,0.5986547,101926.195,178165.78,1.0,1.0,0.0
58131.0,1.0,5.0,81.0,137070.0,36690.0,33700.0,230.0,2760.0,699.47943,137070.0,44.55575,46.806763,0.03348654,0.015810277,102973.34,189847.58,1.0,1.0,0.0
58131.0,2.0,5.0,81.0,167090.0,44800.0,39700.0,220.0,4880.0,852.674,137070.0,34.205093,31.103266,0.040337544,0.2864715,102973.34,189847.58,1.0,1.0,0.0
58131.0,3.0,5.0,81.0,185980.0,56780.0,47740.0,1160.0,7880.0,949.0712,137070.0,34.310757,39.44861,0.14840305,0.67408323,102973.34,189847.58,1.0,1.0,0.0
58134.0,1.0,5.0,81.0,216030.0,49820.0,39630.0,540.0,9650.0,483.92734,216030.0,44.678574,47.95715,0.04869694,0.058199752,137422.05,219527.12,1.0,1.0,0.0
58134.0,2.0,5.0,81.0,277640.0,58700.0,48010.0,410.0,10280.0,621.93945,216030.0,30.888046,30.617496,0.13560726,0.22467738,137422.05,219527.12,1.0,1.0,0.0
58134.0,3.0,5.0,81.0,326660.0,89000.0,66340.0,4960.0,17700.0,731.74884,216030.0,32.00996,38.28555,0.17926897,0.45789474,137422.05,219527.12,1.0,1.0,0.0
58153.0,1.0,5.0,81.0,124220.0,31720.0,27260.0,550.0,3910.0,764.9486,124220.0,46.596615,47.553524,0.072613105,0.012419872,115961.51,205203.62,1.0,1.0,0.0
58153.0,2.0,5.0,81.0,153230.0,38000.0,31540.0,490.0,5970.0,943.5926,124220.0,35.307957,32.587776,0.077922076,0.21070234,115961.51,205203.62,1.0,1.0,0.0
58153.0,3.0,5.0,81.0,170580.0,50100.0,41360.0,1360.0,7380.0,1050.4342,124220.0,35.3821,41.29214,0.17493258,0.7318182,115961.51,205203.62,1.0,1.0,0.0
58172.0,1.0,5.0,81.0,213870.0,49920.0,38330.0,890.0,10700.0,709.07104,213870.0,44.215607,46.756927,1.0,0.091557965,118886.56,198853.77,1.0,1.0,0.0
58172.0,2.0,5.0,81.0,260530.0,61400.0,43200.0,1290.0,16910.0,863.769,213870.0,34.021282,30.864664,1.0,0.3164813,118886.56,198853.77,1.0,1.0,0.0
58172.0,3.0,5.0,81.0,314340.0,96580.0,60860.0,9380.0,26340.0,1042.1722,213870.0,34.132202,39.168667,0.27123496,0.67493474,118886.56,198853.77,1.0,1.0,0.0
58182.0,1.0,5.0,81.0,159010.0,40450.0,33010.0,670.0,6770.0,810.7791,159010.0,44.215607,46.756927,0.05188353,0.07513705,95846.96,180626.86,1.0,1.0,0.0
58182.0,2.0,5.0,81.0,189890.0,48350.0,37990.0,600.0,9760.0,968.23376,159010.0,34.021282,30.864664,0.0702512,0.29377204,95846.96,180626.86,1.0,1.0,0.0
58182.0,3.0,5.0,81.0,204660.0,62700.0,45540.0,2020.0,15140.0,1043.5448,159010.0,34.132202,39.168667,0.12645362,0.584813,95846.96,180626.86,1.0,1.0,0.0
58194.0,1.0,5.0,81.0,138330.0,36580.0,32630.0,550.0,3400.0,463.2464,138330.0,46.19819,47.632153,0.06650763,0.009018759,128152.16,218458.55,1.0,1.0,0.0
58194.0,2.0,5.0,81.0,172700.0,39680.0,34410.0,350.0,4920.0,578.3464,138330.0,33.700924,31.895512,0.18239722,0.23504487,128152.16,218458.55,1.0,1.0,0.0
58194.0,3.0,5.0,81.0,191840.0,58840.0,51120.0,1740.0,5980.0,642.44336,138330.0,34.204506,40.36056,0.27606338,0.6035428,128152.16,218458.55,1.0,1.0,0.0
58503.0,1.0,5.0,85.0,211530.0,57230.0,49340.0,600.0,7290.0,697.0376,211530.0,69.18086,61.94523,0.10967711,0.10729614,158015.44,276272.94,1.0,1.0,0.0
58503.0,2.0,5.0,85.0,261300.0,66820.0,53620.0,1000.0,12200.0,861.04065,211530.0,59.300243,58.030994,0.12736319,0.12774587,158015.44,276272.94,1.0,1.0,0.0
58503.0,3.0,5.0,85.0,285780.0,85780.0,67920.0,4400.0,13460.0,941.7076,211530.0,55.968132,62.19647,0.08789978,0.2861906,158015.44,276272.94,1.0,1.0,0.0
58527.0,1.0,5.0,85.0,191300.0,51220.0,45430.0,1090.0,4700.0,976.0204,191300.0,69.727036,62.169857,0.06539467,0.10406634,171816.48,290000.2,1.0,1.0,0.0
58527.0,2.0,5.0,85.0,261840.0,66960.0,58530.0,300.0,8130.0,1335.9183,191300.0,60.996693,59.748127,0.056981362,0.1315401,171816.48,290000.2,1.0,1.0,0.0
58527.0,3.0,5.0,85.0,296920.0,82540.0,59280.0,4080.0,19180.0,1514.898,191300.0,57.401825,63.499092,0.042368315,0.31872618,171816.48,290000.2,1.0,1.0,0.0
58542.0,1.0,5.0,85.0,185230.0,49210.0,27130.0,14280.0,7800.0,1224.2565,185230.0,69.727036,62.169857,0.37380555,0.15333334,156408.97,273865.2,1.0,1.0,0.0
58542.0,2.0,5.0,85.0,214120.0,42770.0,29320.0,3160.0,10290.0,1415.2015,185230.0,60.996693,59.748127,0.38707268,0.23587833,156408.97,273865.2,1.0,1.0,0.0
58542.0,3.0,5.0,85.0,224660.0,65120.0,38500.0,9840.0,16780.0,1484.8645,185230.0,57.401825,63.499092,0.27098727,0.49484536,156408.97,273865.2,1.0,1.0,0.0
58549.0,1.0,5.0,85.0,493660.0,98860.0,56820.0,3260.0,38780.0,1514.6198,493660.0,69.727036,62.169857,0.42324677,0.32073703,159684.95,277977.88,1.0,1.0,0.0
58549.0,2.0,5.0,85.0,595400.0,116100.0,61600.0,5240.0,49260.0,1826.7727,493660.0,60.996693,59.748127,0.4404434,0.42155436,159684.95,277977.88,1.0,1.0,0.0
58549.0,3.0,5.0,85.0,706600.0,219040.0,69560.0,24400.0,125080.0,2167.9502,493660.0,57.401825,63.499092,0.40987828,0.64533174,159684.95,277977.88,1.0,1.0,0.0
58558.0,1.0,5.0,85.0,409530.0,104100.0,90510.0,910.0,12680.0,800.3166,409530.0,68.25859,60.953594,0.022611286,0.05135331,139892.56,258240.58,1.0,1.0,0.0
58558.0,2.0,5.0,85.0,450440.0,108630.0,88670.0,1050.0,18910.0,880.2642,409530.0,59.687496,58.20512,0.02544179,0.12180548,139892.56,258240.58,1.0,1.0,0.0
58558.0,3.0,5.0,85.0,511620.0,151700.0,112180.0,7000.0,32520.0,999.82416,409530.0,56.262375,62.28437,0.013564755,0.2516877,139892.56,258240.58,1.0,1.0,0.0
58573.0,1.0,5.0,85.0,255750.0,59790.0,51850.0,440.0,7500.0,936.33295,255750.0,69.727036,62.169857,0.078553274,0.023719165,144595.28,262078.55,1.0,1.0,0.0
58573.0,2.0,5.0,85.0,296110.0,68030.0,55360.0,520.0,12150.0,1084.0961,255750.0,60.996693,59.748127,0.080915876,0.1336195,144595.28,262078.55,1.0,1.0,0.0
58573.0,3.0,5.0,85.0,311840.0,88560.0,65840.0,5080.0,17640.0,1141.6855,255750.0,57.401825,63.499092,0.041752182,0.28993225,144595.28,262078.55,1.0,1.0,0.0
58576.0,1.0,5.0,85.0,302390.0,76140.0,66640.0,470.0,9030.0,709.2197,302390.0,55.042576,50.858925,0.020536393,0.06204147,124323.12,242712.4,1.0,1.0,0.0
58576.0,2.0,5.0,85.0,346000.0,88550.0,73830.0,980.0,13740.0,811.5018,302390.0,47.90476,44.545982,0.036040463,0.13348083,124323.12,242712.4,1.0,1.0,0.0
58576.0,3.0,5.0,85.0,381120.0,110100.0,83520.0,4000.0,22580.0,893.8715,302390.0,46.0073,51.526325,0.039305206,0.30395436,124323.12,242712.4,1.0,1.0,0.0
58592.0,1.0,5.0,85.0,104840.0,28400.0,25300.0,110.0,2990.0,772.7005,104840.0,68.90778,61.861748,0.10558947,0.07937999,170305.53,288647.06,1.0,1.0,0.0
58592.0,2.0,5.0,85.0,120940.0,31660.0,28250.0,220.0,3190.0,891.36206,104840.0,58.452023,57.17836,0.112204395,0.11373708,170305.53,288647.06,1.0,1.0,0.0
58592.0,3.0,5.0,85.0,139360.0,41860.0,33340.0,1620.0,6900.0,1027.1227,104840.0,55.25128,61.54943,0.057548795,0.3007034,170305.53,288647.06,1.0,1.0,0.0
58811.0,1.0,5.0,88.0,246100.0,54680.0,19110.0,22730.0,12840.0,1652.5652,246100.0,52.515694,47.56472,0.04546932,0.11282051,13403.387,111693.42,1.0,1.0,0.0
58811.0,2.0,5.0,88.0,303360.0,53690.0,22160.0,14900.0,16630.0,2037.0669,246100.0,48.157433,42.711624,0.06421413,0.32393888,13403.387,111693.42,1.0,1.0,0.0
58811.0,3.0,5.0,88.0,354380.0,106480.0,24780.0,58960.0,22740.0,2379.667,246100.0,43.956226,45.92741,0.2203849,0.5679077,13403.387,111693.42,1.0,1.0,0.0
58827.0,1.0,5.0,88.0,107190.0,22640.0,17210.0,1460.0,3970.0,487.62622,107190.0,52.515694,47.56472,0.16736636,0.04208417,28949.914,93581.414,1.0,1.0,0.0
58827.0,2.0,5.0,88.0,153940.0,32590.0,25570.0,1310.0,5710.0,700.30023,107190.0,48.157433,42.711624,0.13531245,0.08986784,28949.914,93581.414,1.0,1.0,0.0
58827.0,3.0,5.0,88.0,161380.0,44060.0,28220.0,7920.0,7920.0,734.1461,107190.0,43.956226,45.92741,0.13582848,0.20481928,28949.914,93581.414,1.0,1.0,0.0
58844.0,1.0,5.0,88.0,105280.0,24710.0,16130.0,3840.0,4740.0,1094.5005,105280.0,52.515694,47.56472,0.07285334,0.01710731,13144.57,122506.54,1.0,1.0,0.0
58844.0,2.0,5.0,88.0,128260.0,27830.0,17060.0,4070.0,6700.0,1333.4026,105280.0,48.157433,42.711624,0.06673943,0.1769468,13144.57,122506.54,1.0,1.0,0.0
58844.0,3.0,5.0,88.0,139120.0,36900.0,16640.0,9240.0,11020.0,1446.3042,105280.0,43.956226,45.92741,0.06958022,0.5694618,13144.57,122506.54,1.0,1.0,0.0
58850.0,1.0,5.0,88.0,235570.0,58060.0,49230.0,610.0,8220.0,651.1596,235570.0,55.196808,51.46398,0.086046614,0.015364639,31833.48,149966.97,1.0,1.0,0.0
58850.0,2.0,5.0,88.0,265770.0,66430.0,53910.0,1140.0,11380.0,734.63806,235570.0,49.513065,43.86219,0.10603153,0.10425917,31833.48,149966.97,1.0,1.0,0.0
58850.0,3.0,5.0,88.0,273160.0,78420.0,52440.0,11660.0,14320.0,755.06537,235570.0,46.27639,49.57259,0.05981842,0.282721,31833.48,149966.97,1.0,1.0,0.0
58861.0,1.0,5.0,88.0,224200.0,58980.0,47770.0,1960.0,9250.0,877.3921,224200.0,51.79184,49.004074,0.023416592,0.07798712,28315.334,140070.17,1.0,1.0,0.0
58861.0,2.0,5.0,88.0,267940.0,68040.0,53210.0,3300.0,11530.0,1048.5657,224200.0,45.61957,40.023468,0.02567739,0.17536108,28315.334,140070.17,1.0,1.0,0.0
58861.0,3.0,5.0,88.0,324640.0,93360.0,62980.0,11620.0,18760.0,1270.4575,224200.0,42.791122,46.135414,0.057294235,0.37319285,28315.334,140070.17,1.0,1.0,0.0
58867.0,1.0,5.0,88.0,420120.0,95220.0,56820.0,16750.0,21650.0,1302.4957,420120.0,52.515694,47.56472,0.15171856,0.13270143,29375.152,103192.92,1.0,1.0,0.0
58867.0,2.0,5.0,88.0,473510.0,100990.0,62560.0,14040.0,24390.0,1468.0205,420120.0,48.157433,42.711624,0.12141243,0.30867428,29375.152,103192.92,1.0,1.0,0.0
58867.0,3.0,5.0,88.0,568700.0,164220.0,80640.0,47620.0,35960.0,1763.1376,420120.0,43.956226,45.92741,0.12794092,0.5408642,29375.152,103192.92,1.0,1.0,0.0
58878.0,1.0,5.0,88.0,390600.0,85480.0,47930.0,9950.0,27600.0,1244.3849,390600.0,53.97812,49.563473,0.27258065,0.17381084,14746.269,132806.52,1.0,1.0,0.0
58878.0,2.0,5.0,88.0,485020.0,98320.0,54270.0,10280.0,33770.0,1545.1909,390600.0,48.89687,43.230717,0.28009155,0.29806066,14746.269,132806.52,1.0,1.0,0.0
58878.0,3.0,5.0,88.0,558540.0,157780.0,51340.0,38360.0,68080.0,1779.4131,390600.0,45.221767,47.863472,0.30572563,0.6723476,14746.269,132806.52,1.0,1.0,0.0
58889.0,1.0,5.0,88.0,135060.0,37660.0,35300.0,180.0,2180.0,454.02896,135060.0,48.2653,47.685596,0.038353324,0.015495087,42460.867,144964.3,1.0,1.0,0.0
58889.0,2.0,5.0,88.0,166140.0,44380.0,41150.0,150.0,3080.0,558.5101,135060.0,41.07118,35.686592,0.037077162,0.20471625,42460.867,144964.3,1.0,1.0,0.0
58889.0,3.0,5.0,88.0,196440.0,57200.0,47260.0,2180.0,7760.0,660.36914,135060.0,39.19467,43.130627,0.040419467,0.40727124,42460.867,144964.3,1.0,1.0,0.0
58894.0,1.0,5.0,88.0,398680.0,99670.0,76170.0,6650.0,16850.0,959.8883,398680.0,50.812954,47.442844,0.03943012,0.054712117,26590.863,124753.16,1.0,1.0,0.0
58894.0,2.0,5.0,88.0,450430.0,104200.0,76560.0,7380.0,20260.0,1084.485,398680.0,45.46341,39.77911,0.08232134,0.2651198,26590.863,124753.16,1.0,1.0,0.0
58894.0,3.0,5.0,88.0,539260.0,152200.0,92460.0,24300.0,35440.0,1298.358,398680.0,42.100864,44.715393,0.08682268,0.44543105,26590.863,124753.16,1.0,1.0,0.0
59408.0,1.0,5.0,94.0,146990.0,38690.0,36030.0,210.0,2450.0,526.92145,146990.0,95.462395,101.26795,0.08279475,0.020709021,242489.22,358234.12,1.0,1.0,0.0
59408.0,2.0,5.0,94.0,168350.0,41950.0,36740.0,370.0,4840.0,603.4916,146990.0,61.759415,65.91083,0.08601128,0.10484964,242489.22,358234.12,1.0,1.0,0.0
59408.0,3.0,5.0,94.0,195980.0,56460.0,47240.0,1660.0,7560.0,702.538,146990.0,58.675526,70.11195,0.08092663,0.24165203,242489.22,358234.12,1.0,1.0,0.0
59451.0,1.0,5.0,94.0,101620.0,24810.0,22790.0,400.0,1620.0,522.8173,101620.0,64.54768,66.21869,0.046939578,0.016853932,231047.6,344230.16,1.0,1.0,0.0
59451.0,2.0,5.0,94.0,128150.0,28630.0,26220.0,80.0,2330.0,659.3096,101620.0,42.737885,43.898727,0.0467421,0.08078101,231047.6,344230.16,1.0,1.0,0.0
59451.0,3.0,5.0,94.0,145860.0,39220.0,34020.0,660.0,4540.0,750.42444,101620.0,42.074657,50.86999,0.047305636,0.22944786,231047.6,344230.16,1.0,1.0,0.0
59482.0,1.0,5.0,94.0,180710.0,51050.0,45130.0,540.0,5380.0,483.44037,180710.0,64.54768,66.21869,0.117259696,0.0364395,213186.84,328142.12,1.0,1.0,0.0
59482.0,2.0,5.0,94.0,216100.0,57440.0,48760.0,350.0,8330.0,578.11664,180710.0,42.737885,43.898727,0.12582138,0.095596135,213186.84,328142.12,1.0,1.0,0.0
59482.0,3.0,5.0,94.0,244320.0,73720.0,51480.0,2120.0,20120.0,653.6116,180710.0,42.074657,50.86999,0.11190242,0.26174957,213186.84,328142.12,1.0,1.0,0.0
59486.0,1.0,5.0,94.0,156030.0,41370.0,37100.0,380.0,3890.0,499.4878,156030.0,70.73063,73.12036,0.084470935,0.058842976,229290.61,343781.8,1.0,1.0,0.0
59486.0,2.0,5.0,94.0,196830.0,49460.0,43100.0,280.0,6080.0,630.09796,156030.0,46.54219,48.27729,0.09475182,0.107845515,229290.61,343781.8,1.0,1.0,0.0
59486.0,3.0,5.0,94.0,221940.0,63680.0,47900.0,2420.0,13360.0,710.48083,156030.0,45.394833,54.63491,0.08344597,0.28084606,229290.61,343781.8,1.0,1.0,0.0
59494.0,1.0,5.0,94.0,421180.0,100220.0,81710.0,1390.0,17120.0,646.15,421180.0,90.568504,92.960495,0.10434969,0.15739268,227798.92,344634.53,1.0,1.0,0.0
59494.0,2.0,5.0,94.0,503980.0,118910.0,93280.0,860.0,24770.0,773.17706,421180.0,62.049625,64.55287,0.101293705,0.2530898,227798.92,344634.53,1.0,1.0,0.0
59494.0,3.0,5.0,94.0,582020.0,168500.0,99620.0,7700.0,61180.0,892.9015,421180.0,58.689278,69.16213,0.15810454,0.47502625,227798.92,344634.53,1.0,1.0,0.0
