method,estimate,ci_low,ci_high,bias
Naive (DiM),5.111211073370335,4.926475521659504,5.295946625081165,-0.5168231241056302
DoubleML (IRM),5.520249031295549,5.360725316987926,5.679772745603172,-0.10778516618041589
CausalForestDML (mean of IATEs),5.456338684898612,5.415605322785081,5.497072047012144,-0.17169551257735272
Truth,5.628034197475965,5.628034197475965,5.628034197475965,0.0
