method,estimate,std_error,ci_low,ci_high,true_ate,bias
Naive (difference-in-means),5.111211073370335,0.09425283250552585,4.926475521659504,5.295946625081165,5.628034197475965,-0.5168231241056302
