parameter,true_value
ATE,5.628034197475965
GATE(dutch_prof=0),7.633705659035924
GATE(dutch_prof=1),6.123124009763796
GATE(dutch_prof=2),4.612330286963576
GATE(dutch_prof=3),3.130030755005266
