"country","year","quarter","quarter_label","date_dec","t","unit_id","log_rgdp","cons_share","inv_share","exp_share","imp_share","labprod_growth","emp_pop","is_treated_unit","treated"
"Australia",1995,1,"1995Q1",1995,1,1,-0.01485944535,0.5486163539,0.198126727,0.1467348539,0.115126985,-0.78972729,0.6145277486,0,0
"Australia",1995,2,"1995Q2",1995.25,2,1,-0.01058485028,0.5531919694,0.1964974576,0.1449857234,0.1135106058,-0.9360185675,0.6212004251,0,0
"Australia",1995,3,"1995Q3",1995.5,3,1,0.01203703345,0.5422988635,0.1911055558,0.1489345,0.11130507,1.844881792,0.6220371184,0,0
"Australia",1995,4,"1995Q4",1995.75,4,1,0.01308289095,0.5477636652,0.1936801186,0.1489964591,0.1131953461,-0.4362896279,0.6236500639,0,0
"Australia",1996,1,"1996Q1",1996,5,1,0.02923604812,0.5437223646,0.1947094292,0.1546877304,0.1148134462,1.448343204,0.62287122,0,0
"Australia",1996,2,"1996Q2",1996.25,6,1,0.03562452515,0.5437419961,0.197802547,0.1573319488,0.1175587028,0.5074493758,0.621877368,0,0
"Australia",1996,3,"1996Q3",1996.5,7,1,0.04304285068,0.5410265142,0.2004112263,0.1544638887,0.117030129,0.452182774,0.6218736933,0,0
"Australia",1996,4,"1996Q4",1996.75,8,1,0.05043537565,0.541260072,0.2049323784,0.1586054984,0.1212605173,0.8459761884,0.6194151724,0,0
"Australia",1997,1,"1997Q1",1997,9,1,0.05472830643,0.5442210534,0.211311029,0.1634461329,0.1223151525,-0.06733628124,0.6208127623,0,0
"Australia",1997,2,"1997Q2",1997.25,10,1,0.08289082045,0.5375408807,0.2125782783,0.1773580757,0.1250154572,2.880492907,0.6187379999,0,0
"Australia",1997,3,"1997Q3",1997.5,11,1,0.0842196667,0.5444207601,0.2175454083,0.1691647828,0.12709605,-0.003482850104,0.6179130186,0,0
"Australia",1997,4,"1997Q4",1997.75,12,1,0.09887324335,0.5438036166,0.2178670207,0.1634799949,0.1250169793,0.671648731,0.6211633904,0,0
"Australia",1998,1,"1998Q1",1998,13,1,0.1083498363,0.540392819,0.2151480055,0.1595316915,0.1296315461,0.4911896351,0.6224015105,0,0
"Australia",1998,2,"1998Q2",1998.25,14,1,0.1185942498,0.5436046329,0.2155380657,0.1629978065,0.12877395,0.5193651427,0.6239494246,0,0
"Australia",1998,3,"1998Q3",1998.5,15,1,0.1373630554,0.5444181663,0.2152278527,0.1594081815,0.1265505215,1.463262616,0.6249334844,0,0
"Australia",1998,4,"1998Q4",1998.75,16,1,0.1514047176,0.5422704886,0.2135558161,0.1603153279,0.1252160025,1.020185487,0.6257377098,0,0
"Australia",1999,1,"1999Q1",1999,17,1,0.1570236667,0.5492443923,0.2158394907,0.1568636319,0.1287445215,0.1322046609,0.6266699614,0,0
"Australia",1999,2,"1999Q2",1999.25,18,1,0.1599187648,0.5513641096,0.2163392104,0.1581589491,0.1309487483,-0.07257217038,0.6271843654,0,0
"Australia",1999,3,"1999Q3",1999.5,19,1,0.1712048186,0.5513938816,0.2166432515,0.1626549841,0.1359470685,0.6352100979,0.6285289005,0,0
"Australia",1999,4,"1999Q4",1999.75,20,1,0.1888374927,0.5491232959,0.2165908622,0.1676115988,0.135356365,0.8212086961,0.632713612,0,0
"Australia",2000,1,"2000Q1",2000,21,1,0.1945991781,0.5474017992,0.2168917281,0.1694148997,0.139652439,0.2526599732,0.6329209204,0,0
"Australia",2000,2,"2000Q2",2000.25,22,1,0.205226464,0.5459667744,0.215362331,0.171277913,0.1391727889,-0.02579794246,0.637995794,0,0
"Australia",2000,3,"2000Q3",2000.5,23,1,0.207608127,0.549965774,0.2139341387,0.1802725322,0.1388789796,-0.8531986826,0.6431350031,0,0
"Australia",2000,4,"2000Q4",2000.75,24,1,0.2039793321,0.5554163898,0.2108881376,0.1757651016,0.1352081054,0.1283622508,0.6381414035,0,0
"Australia",2001,1,"2001Q1",2001,25,1,0.2138112065,0.5549504439,0.2037427088,0.1780542445,0.1309607516,0.8004013905,0.637111326,0,0
"Australia",2001,2,"2001Q2",2001.25,26,1,0.2218864578,0.5542402159,0.2003949071,0.178914341,0.1283281155,0.1665303578,0.6390117368,0,0
"Australia",2001,3,"2001Q3",2001.5,27,1,0.2334972981,0.5497693509,0.1993381875,0.1745434933,0.1271356965,0.9933421843,0.6378993056,0,0
"Australia",2001,4,"2001Q4",2001.75,28,1,0.245157411,0.5478070673,0.2030578207,0.1677835168,0.1275092797,0.8849192592,0.6375184519,0,0
"Australia",2002,1,"2002Q1",2002,29,1,0.2521846539,0.5507541557,0.212597384,0.1711290328,0.1326652539,-0.05156690396,0.6403502259,0,0
"Australia",2002,2,"2002Q2",2002.25,30,1,0.2694396242,0.5497665476,0.2195448422,0.169711645,0.1348091994,1.517483732,0.6396966995,0,0
"Australia",2002,3,"2002Q3",2002.5,31,1,0.2732902004,0.5548469249,0.2273598309,0.1682950238,0.1361395141,-0.3061317209,0.6421451752,0,0
"Australia",2002,4,"2002Q4",2002.75,32,1,0.2804659987,0.5529089054,0.230353859,0.1683720214,0.1447907469,-0.1342634744,0.6456455873,0,0
"Australia",2003,1,"2003Q1",2003,33,1,0.2813179545,0.5551954322,0.2335435502,0.1682118874,0.1453162374,-0.9788310432,0.6504757138,0,0
"Australia",2003,2,"2003Q2",2003.25,34,1,0.2846897531,0.5571006553,0.2357525904,0.1601591147,0.1461417227,0.5283567671,0.6471740622,0,0
"Australia",2003,3,"2003Q3",2003.5,35,1,0.2999880283,0.5557416321,0.2360373893,0.1595653078,0.1484877011,1.314328138,0.6465195498,0,0
"Australia",2003,4,"2003Q4",2003.75,36,1,0.3170692971,0.5583123479,0.2375371516,0.1617642964,0.1526423237,1.081737759,0.6485314382,0,0
"Australia",2004,1,"2004Q1",2004,37,1,0.3250357869,0.564475686,0.2396734115,0.1614584648,0.1603614982,0.4717867154,0.6486656704,0,0
"Australia",2004,2,"2004Q2",2004.25,38,1,0.3321830561,0.5636790157,0.2398463417,0.1645332134,0.1636098731,0.2138272281,0.6499490619,0,0
"Australia",2004,3,"2004Q3",2004.5,39,1,0.3389973061,0.5667103335,0.2433308045,0.1614477821,0.1647530174,0.3197929708,0.6503346262,0,0
"Australia",2004,4,"2004Q4",2004.75,40,1,0.3462734663,0.5697342032,0.2483518171,0.161510066,0.1693640112,-0.4487240643,0.6560495238,0,0
"Australia",2005,1,"2005Q1",2005,41,1,0.3539117806,0.5637463454,0.2504177517,0.1641714596,0.172110892,-0.3290485835,0.6609808219,0,0
"Australia",2005,2,"2005Q2",2005.25,42,1,0.3588589172,0.571209908,0.2575824667,0.1633238662,0.1756599115,-0.3642382489,0.6644010016,0,0
"Australia",2005,3,"2005Q3",2005.5,43,1,0.3692487065,0.567946271,0.2577173967,0.1603506196,0.1723022489,0.3874393863,0.6664629409,0,0
"Australia",2005,4,"2005Q4",2005.75,44,1,0.3783258079,0.5647519535,0.2560737056,0.163265441,0.1768622769,0.6462441889,0.6659363426,0,0
"Australia",2006,1,"2006Q1",2006,45,1,0.3809667149,0.5702335832,0.2569772957,0.1624758284,0.1797004675,-0.1644209483,0.6661432267,0,0
"Australia",2006,2,"2006Q2",2006.25,46,1,0.3829901331,0.5781797795,0.2596666351,0.1647510387,0.1864859293,-0.5814722199,0.668732466,0,0
"Australia",2006,3,"2006Q3",2006.5,47,1,0.3970598051,0.5765711064,0.2584896808,0.164212404,0.1813259592,0.2878836861,0.673596832,0,0
"Australia",2006,4,"2006Q4",2006.75,48,1,0.4091177314,0.5775132695,0.2591550037,0.1640959994,0.18964625,0.7221177014,0.6742094656,0,0
"Australia",2007,1,"2007Q1",2007,49,1,0.4240798386,0.5805363071,0.2615220174,0.1628026388,0.1949592015,0.8652615719,0.6749954729,0,0
"Australia",2007,2,"2007Q2",2007.25,50,1,0.4303741377,0.581943846,0.2641529697,0.1627519502,0.198137464,-0.3003320802,0.6778225871,0,0
"Australia",2007,3,"2007Q3",2007.5,51,1,0.4412845013,0.5853869915,0.2694109125,0.1626682268,0.2007847242,0.2930818549,0.679782686,0,0
"Australia",2007,4,"2007Q4",2007.75,52,1,0.4461201366,0.5896323138,0.276333786,0.1618832864,0.2065066003,-0.2013540196,0.6809958279,0,0
"Australia",2008,1,"2008Q1",2008,53,1,0.4571117718,0.5859911692,0.2808478014,0.1645848421,0.213093825,0.2339856735,0.6831489744,0,0
"Australia",2008,2,"2008Q2",2008.25,54,1,0.4585411877,0.5832165513,0.2823325562,0.1669602621,0.2232434102,-0.4726918842,0.6836214397,0,0
"Australia",2008,3,"2008Q3",2008.5,55,1,0.4658601423,0.5776223297,0.2794201023,0.1654573465,0.2205162759,0.1299607515,0.6840208434,0,0
"Australia",2008,4,"2008Q4",2008.75,56,1,0.460520274,0.5803594988,0.2775683075,0.1645505256,0.2046479719,-0.6753427537,0.6812954511,0,0
"Australia",2009,1,"2009Q1",2009,57,1,0.4713583908,0.5766233639,0.2699245284,0.1678390759,0.1875854192,1.052323526,0.6777355278,0,0
"Australia",2009,2,"2009Q2",2009.25,58,1,0.4774096696,0.5819780523,0.2688139892,0.1631817751,0.186829316,0.7267175309,0.6731836032,0,0
"Australia",2009,3,"2009Q3",2009.5,59,1,0.4801470847,0.5829123228,0.2669946775,0.1655091008,0.1944404103,0.164819534,0.6702257056,0,0
"Australia",2009,4,"2009Q4",2009.75,60,1,0.4872860656,0.5855785963,0.2680170947,0.1675866481,0.208613764,0.1681076236,0.6702224317,0,0
"Australia",2010,1,"2010Q1",2010,61,1,0.492716694,0.5848757006,0.2689284885,0.1716502728,0.2153502593,-0.1027647691,0.6717148678,0,0
"Australia",2010,2,"2010Q2",2010.25,62,1,0.499466024,0.5889209955,0.2723899169,0.1725208294,0.221140869,0.3154419173,0.6712977196,0,0
"Australia",2010,3,"2010Q3",2010.5,63,1,0.5057722576,0.5907466694,0.2746177475,0.1683193342,0.2167615252,-0.1946511494,0.6740249019,0,0
"Australia",2010,4,"2010Q4",2010.75,64,1,0.5156270458,0.5916540141,0.2764506704,0.1699037154,0.2238721173,0.1016795828,0.6771712396,0,0
"Australia",2011,1,"2011Q1",2011,65,1,0.5126215335,0.597960046,0.2805506899,0.1616262421,0.2277973437,-0.5932454923,0.6769148883,0,0
"Australia",2011,2,"2011Q2",2011.25,66,1,0.5229808615,0.5968902452,0.2830509949,0.1638753703,0.2333966935,0.9700600426,0.6751329188,0,0
"Australia",2011,3,"2011Q3",2011.5,67,1,0.5360696641,0.5927879562,0.2857809805,0.1670186283,0.2421811031,0.9507639313,0.6753336638,0,0
"Australia",2011,4,"2011Q4",2011.75,68,1,0.5470954538,0.5881285734,0.2899073437,0.1693531402,0.2413689691,0.855707563,0.6747906415,0,0
"Australia",2012,1,"2012Q1",2012,69,1,0.5573109711,0.5896167835,0.2995036865,0.1639824187,0.2425200763,0.7473111167,0.6736843535,0,0
"Australia",2012,2,"2012Q2",2012.25,70,1,0.5674074636,0.5859030615,0.3026902827,0.1693191675,0.2398848962,0.485937166,0.6742727667,0,0
"Australia",2012,3,"2012Q3",2012.5,71,1,0.5712688301,0.5851011991,0.3038277853,0.1704183475,0.2395338745,0.1404496045,0.6730007767,0,0
"Australia",2012,4,"2012Q4",2012.75,72,1,0.5771281649,0.5826129505,0.3005444999,0.1709836101,0.2391988586,0.2885023415,0.6720914916,0,0
"Australia",2013,1,"2013Q1",2013,73,1,0.5807690515,0.584125744,0.2961076723,0.1702069894,0.2292060444,0.08331606725,0.6710511795,0,0
"Australia",2013,2,"2013Q2",2013.25,74,1,0.5860547328,0.5827977346,0.2906920809,0.1768312711,0.2360829336,0.2329124174,0.6701248686,0,0
"Australia",2013,3,"2013Q3",2013.5,75,1,0.5932729296,0.5843817892,0.2876133064,0.1749505874,0.2295523424,0.6605248285,0.6676458393,0,0
"Australia",2013,4,"2013Q4",2013.75,76,1,0.6009186632,0.5834403108,0.2836886333,0.1760908054,0.2263395489,0.8936853763,0.6639229772,0,0
"Australia",2014,1,"2014Q1",2014,77,1,0.6075835599,0.5830046128,0.2805618681,0.1800987416,0.2192320357,0.3504134643,0.6635947161,0,0
"Australia",2014,2,"2014Q2",2014.25,78,1,0.6132963438,0.5824925449,0.2770687407,0.1798298513,0.2241620175,0.2269897569,0.6634625997,0,0
"Australia",2014,3,"2014Q3",2014.5,79,1,0.6180412416,0.5844615755,0.2746008889,0.1825466834,0.2233812424,0.1295649772,0.6633434962,0,0
"Australia",2014,4,"2014Q4",2014.75,80,1,0.622546271,0.584796168,0.2709598605,0.1851748138,0.2188841679,0.3497544016,0.6616156337,0,0
"Australia",2015,1,"2015Q1",2015,81,1,0.6323372429,0.5815781706,0.2654023975,0.1900566575,0.2212854091,0.1050482914,0.6652026805,0,0
"Australia",2015,2,"2015Q2",2015.25,82,1,0.6341705725,0.5840710253,0.2624619434,0.183303284,0.221760496,-0.1824960338,0.6654261458,0,0
"Australia",2015,3,"2015Q3",2015.5,83,1,0.6445431883,0.5832637641,0.2580699035,0.1904076175,0.2179118432,0.636915904,0.6658868121,0,0
"Australia",2015,4,"2015Q4",2015.75,84,1,0.6496868964,0.5835729308,0.2539877052,0.1907985208,0.2174781499,-0.6235275898,0.6712879691,0,0
"Australia",2016,1,"2016Q1",2016,85,1,0.6589752714,0.583792862,0.2499615285,0.1935564738,0.2104738121,0.6471951933,0.6708795864,0,0
"Australia",2016,2,"2016Q2",2016.25,86,1,0.6655119345,0.5832143225,0.2469236725,0.1943924099,0.2140815655,0.5078769332,0.669569043,0,0
"Australia",2016,3,"2016Q3",2016.5,87,1,0.6643379358,0.586996396,0.2471566818,0.196549523,0.2159947896,-0.2471084846,0.6681613647,0,0
"Australia",2016,4,"2016Q4",2016.75,88,1,0.6735366839,0.5864090973,0.2470719596,0.2013048705,0.2196185495,0.5671370723,0.6682530733,0,0
"Australia",2017,1,"2017Q1",2017,89,1,0.6774322835,0.5865044125,0.2485352478,0.1975211233,0.2252299521,-0.1211909464,0.6693083337,0,0
"Australia",2017,2,"2017Q2",2017.25,90,1,0.6843808365,0.5875458298,0.2502711846,0.2006587921,0.2241878827,-0.3314857289,0.6738388885,0,0
"Australia",2017,3,"2017Q3",2017.5,91,1,0.6913156875,0.5870108024,0.2509169962,0.2013715428,0.2276665134,-0.154381561,0.6771987682,0,0
"Australia",2017,4,"2017Q4",2017.75,92,1,0.6979058449,0.5896322331,0.2527749683,0.1972089383,0.2299300016,-0.1358091051,0.6802228338,0,0
"Australia",2018,1,"2018Q1",2018,93,1,0.7093112722,0.5861391583,0.2512774893,0.2008109625,0.2312322737,0.5272416123,0.6826741594,0,0
"Australia",2018,2,"2018Q2",2018.25,94,1,0.7179080658,0.5849332748,0.2507605278,0.2013448856,0.2302673113,0.4195230208,0.6839534576,0,0
"Australia",2018,3,"2018Q3",2018.5,95,1,0.7188879579,0.584360384,0.2519093896,0.2029580151,0.2332623696,-0.4585858697,0.6860377379,0,0
"Australia",2018,4,"2018Q4",2018.75,96,1,0.7254484567,0.5828613934,0.2520107542,0.2036471761,0.2349813799,0.2568477527,0.6870506559,0,0
"Australia",2019,1,"2019Q1",2019,97,1,0.7335404468,0.5819219818,0.2526619597,0.2040259738,0.2370500744,0.2109918411,0.6894649777,0,0
"Australia",2019,2,"2019Q2",2019.25,98,1,0.7425698684,0.5804397068,0.2535941965,0.2044161418,0.2386779923,0.3047349872,0.6918920086,0,0
"Australia",2019,3,"2019Q3",2019.5,99,1,0.7510148487,0.5790118958,0.254512316,0.2047240915,0.240457582,0.2462908642,0.6943318022,0,0
"Australia",2019,4,"2019Q4",2019.75,100,1,0.7599764575,0.5772892759,0.2556060307,0.2049266068,0.2418870069,0.2979537151,0.6967844122,0,0
"Australia",2020,1,"2020Q1",2020,101,1,0.7647046956,0.5762898561,0.2553972915,0.2057955917,0.2433942132,-0.02593034738,0.6985545032,0,0
"Australia",2020,2,"2020Q2",2020.25,102,1,0.7697825512,0.5750910695,0.2551005923,0.2065960193,0.2444619587,0.1085834319,0.6996364367,0,0
"Australia",2020,3,"2020Q3",2020.5,103,1,0.7749796798,0.5738263304,0.2547749163,0.2073748243,0.245383507,0.120510734,0.7007242225,0,0
"Australia",2020,4,"2020Q4",2020.75,104,1,0.7801786376,0.5725633254,0.2544502541,0.2081561845,0.2463080787,0.1206936593,0.7018178624,0,0
"Austria",1995,1,"1995Q1",1995,1,2,-0.01048675716,0.5608871146,0.2557139501,0.3063256503,0.3435049249,-0.9347861782,0.6183747154,0,0
"Austria",1995,2,"1995Q2",1995.25,2,2,-0.003587360932,0.5587205705,0.2543994914,0.3095346339,0.3442064286,0.978596257,0.6164189892,0,0
"Austria",1995,3,"1995Q3",1995.5,3,2,0.003543338786,0.5579429427,0.2544123921,0.3121368086,0.3443624128,0.7234848154,0.6161815886,0,0
"Austria",1995,4,"1995Q4",1995.75,4,2,0.01040891186,0.5584941927,0.2556196761,0.3139310442,0.3448562312,1.108314994,0.6134158891,0,0
"Austria",1996,1,"1996Q1",1996,5,2,0.01346576389,0.565338243,0.2541073999,0.3182368694,0.3491686129,1.153675703,0.6082445645,0,0
"Austria",1996,2,"1996Q2",1996.25,6,2,0.02284387244,0.5615764746,0.2578925754,0.3133674359,0.3462095526,0.6240223335,0.6101645815,0,0
"Austria",1996,3,"1996Q3",1996.5,7,2,0.02690096244,0.5609044839,0.2649312164,0.3148342954,0.3488490331,0.962741407,0.606783587,0,0
"Austria",1996,4,"1996Q4",1996.75,8,2,0.03150146209,0.5588160119,0.2628494656,0.322721456,0.3563436531,0.3263369261,0.6076038611,0,0
"Austria",1997,1,"1997Q1",1997,9,2,0.03251918185,0.5561453643,0.259348169,0.3303122287,0.3580810276,0.1306126724,0.607407304,0,0
"Austria",1997,2,"1997Q2",1997.25,10,2,0.03600691827,0.55419934,0.257393499,0.3423908738,0.3684885504,0.005555011839,0.6094742037,0,0
"Austria",1997,3,"1997Q3",1997.5,11,2,0.05106149231,0.5493264012,0.2547967828,0.3527053104,0.3717946986,1.649087117,0.6085780612,0,0
"Austria",1997,4,"1997Q4",1997.75,12,2,0.06296077931,0.5479813048,0.2547144888,0.3526632393,0.3708301039,0.8935347307,0.6103630789,0,0
"Austria",1998,1,"1998Q1",1998,13,2,0.07207647892,0.5466029964,0.2562528308,0.3576692414,0.3750382701,1.024423185,0.6095710575,0,0
"Austria",1998,2,"1998Q2",1998.25,14,2,0.08081740391,0.5464412035,0.2531064325,0.3593313478,0.3726330256,0.9522222746,0.6089915075,0,0
"Austria",1998,3,"1998Q3",1998.5,15,2,0.08384327013,0.5502335535,0.2546397028,0.3609266836,0.3756762643,0.3060893182,0.608866736,0,0
"Austria",1998,4,"1998Q4",1998.75,16,2,0.08679906265,0.5479834986,0.2592863209,0.3598569768,0.3776518323,-0.1162990882,0.6112758655,0,0
"Austria",1999,1,"1999Q1",1999,17,2,0.09716348639,0.543297951,0.2496572836,0.3593467463,0.3752507994,0.9563077074,0.6115400513,0,0
"Austria",1999,2,"1999Q2",1999.25,18,2,0.1074041893,0.5442843483,0.2499900274,0.3648293206,0.3755516413,1.565165789,0.6080155022,0,0
"Austria",1999,3,"1999Q3",1999.5,19,2,0.121078997,0.5429915843,0.2526841858,0.3725272485,0.3802589362,1.107960631,0.6093705872,0,0
"Austria",1999,4,"1999Q4",1999.75,20,2,0.1301295622,0.5395075615,0.2496846048,0.3797759355,0.3812604087,0.9470693379,0.6088900004,0,0
"Austria",2000,1,"2000Q1",2000,21,2,0.140052413,0.5408103075,0.2522940371,0.3925282044,0.3911738664,0.4642118631,0.6117167115,0,0
"Austria",2000,2,"2000Q2",2000.25,22,2,0.1456546042,0.5443406491,0.2593689681,0.4024475763,0.3995792712,0.6801485157,0.610587335,0,0
"Austria",2000,3,"2000Q3",2000.5,23,2,0.1535673531,0.5398608381,0.2548475557,0.4090014241,0.4046829743,0.742991765,0.6104863511,0,0
"Austria",2000,4,"2000Q4",2000.75,24,2,0.1646634951,0.5392296447,0.2562555593,0.4208245525,0.4104773795,0.5854930118,0.6132970087,0,0
"Austria",2001,1,"2001Q1",2001,25,2,0.1635997997,0.5446426334,0.2567997209,0.421364415,0.4213602094,-0.06662752673,0.6124277362,0,0
"Austria",2001,2,"2001Q2",2001.25,26,2,0.1607673734,0.5396873888,0.2502700259,0.4196767719,0.4160296807,-0.656557873,0.6140916511,0,0
"Austria",2001,3,"2001Q3",2001.5,27,2,0.1609717852,0.5385814384,0.2480115569,0.4269293683,0.4153537722,0.4013847173,0.6111337689,0,0
"Austria",2001,4,"2001Q4",2001.75,28,2,0.1651131457,0.5415271302,0.2445837354,0.4255871408,0.4175713311,-0.3124726681,0.6149642358,0,0
"Austria",2002,1,"2002Q1",2002,29,2,0.1736705823,0.5353164826,0.2455598176,0.4350690941,0.4117808626,2.44236638,0.6044057229,0,0
"Austria",2002,2,"2002Q2",2002.25,30,2,0.1764498482,0.5360741447,0.2419067164,0.4378784682,0.4175894137,-0.09702758708,0.6057971294,0,0
"Austria",2002,3,"2002Q3",2002.5,31,2,0.1790141255,0.5341614633,0.2360149946,0.4316177664,0.4118311368,0.1250973223,0.6057155478,0,0
"Austria",2002,4,"2002Q4",2002.75,32,2,0.1807226218,0.5395448361,0.2331344947,0.4300221052,0.4078593722,-0.4445209896,0.6085738697,0,0
"Austria",2003,1,"2003Q1",2003,33,2,0.1839186204,0.5395926164,0.249124167,0.4326794607,0.4190050118,-0.5919410119,0.6132909709,0,0
"Austria",2003,2,"2003Q2",2003.25,34,2,0.1862299997,0.5399122959,0.2437431914,0.4249565291,0.4143535062,-0.381811245,0.6162031533,0,0
"Austria",2003,3,"2003Q3",2003.5,35,2,0.1887248748,0.5421427543,0.2449780974,0.4342836154,0.4217523124,0.05254896551,0.6165600644,0,0
"Austria",2003,4,"2003Q4",2003.75,36,2,0.1922542525,0.5380953865,0.245298993,0.4391271583,0.4287164395,0.07637348698,0.6174097946,0,0
"Austria",2004,1,"2004Q1",2004,37,2,0.204344876,0.5388419736,0.2423562323,0.4463920062,0.4330950282,5.637259271,0.589512381,0,0
"Austria",2004,2,"2004Q2",2004.25,38,2,0.2105740818,0.5382549323,0.2404247622,0.4549471923,0.4381725452,-0.06384669705,0.5924176796,0,0
"Austria",2004,3,"2004Q3",2004.5,39,2,0.2160980338,0.5359452038,0.2415760404,0.4554574157,0.4456770819,0.1061126115,0.5939095789,0,0
"Austria",2004,4,"2004Q4",2004.75,40,2,0.2169883717,0.5395027802,0.2433125796,0.4645455413,0.4581315648,-0.3131027908,0.5951446989,0,0
"Austria",2005,1,"2005Q1",2005,41,2,0.2206889759,0.5393884168,0.2351568059,0.4634325751,0.4472686593,-0.09203296609,0.5966920005,0,0
"Austria",2005,2,"2005Q2",2005.25,42,2,0.2342816916,0.5370913773,0.2407091425,0.4736652637,0.4601258032,1.038947428,0.5973982441,0,0
"Austria",2005,3,"2005Q3",2005.5,43,2,0.240498953,0.5388317579,0.2356815672,0.4811569857,0.4609811001,-0.258335022,0.6014649776,0,0
"Austria",2005,4,"2005Q4",2005.75,44,2,0.2493071943,0.5366822987,0.2348731661,0.485779728,0.4614697579,0.5886268903,0.6020124154,0,0
"Austria",2006,1,"2006Q1",2006,45,2,0.2578388894,0.5323488507,0.2287595319,0.4915524668,0.4621855292,0.5148605586,0.6030359486,0,0
"Austria",2006,2,"2006Q2",2006.25,46,2,0.2651802706,0.5333314164,0.2304948863,0.4995770792,0.4673029087,0.0169782464,0.6063557713,0,0
"Austria",2006,3,"2006Q3",2006.5,47,2,0.2769579597,0.5308660566,0.2327500136,0.4985095013,0.4700460042,0.3245313553,0.6105258156,0,0
"Austria",2006,4,"2006Q4",2006.75,48,2,0.2885685686,0.5267813232,0.2319289806,0.5042199361,0.4714143931,1.036182115,0.6102651212,0,0
"Austria",2007,1,"2007Q1",2007,49,2,0.2982693113,0.5215179609,0.2370591858,0.5099116568,0.476779552,0.05385006839,0.615047488,0,0
"Austria",2007,2,"2007Q2",2007.25,50,2,0.3078985886,0.5185384822,0.2317635665,0.511690383,0.4663916911,0.6474551947,0.6161557637,0,0
"Austria",2007,3,"2007Q3",2007.5,51,2,0.3091843008,0.5155943175,0.2335678052,0.5182884043,0.4820299629,-1.130187938,0.6231173143,0,0
"Austria",2007,4,"2007Q4",2007.75,52,2,0.3172281656,0.5144713192,0.2314959907,0.5215297862,0.4770740464,0.6575638664,0.6231905182,0,0
"Austria",2008,1,"2008Q1",2008,53,2,0.3301242475,0.512124447,0.2354117758,0.5240234816,0.475414991,0.6442575762,0.6263645462,0,0
"Austria",2008,2,"2008Q2",2008.25,54,2,0.3286512492,0.5094764282,0.2369064233,0.5214512779,0.4835730775,-0.6456767886,0.6286313239,0,0
"Austria",2008,3,"2008Q3",2008.5,55,2,0.3195561481,0.5138348241,0.2318598724,0.5130673938,0.4687151321,-0.7122396121,0.6265338281,0,0
"Austria",2008,4,"2008Q4",2008.75,56,2,0.300764939,0.5249660345,0.2332488469,0.5010340047,0.4696302578,-2.057739111,0.6267961338,0,0
"Austria",2009,1,"2009Q1",2009,57,2,0.2832421246,0.5322555348,0.2278983699,0.4690254623,0.4357141265,-1.316644929,0.6233136599,0,0
"Austria",2009,2,"2009Q2",2009.25,58,2,0.2757303736,0.5468788403,0.2256589478,0.4605804419,0.4312466542,-0.6509270044,0.6219338487,0,0
"Austria",2009,3,"2009Q3",2009.5,59,2,0.2818344553,0.5419586605,0.2265485714,0.4568023982,0.4344170996,0.7074507531,0.6205778973,0,0
"Austria",2009,4,"2009Q4",2009.75,60,2,0.2899591791,0.5361956268,0.2223233505,0.4685732181,0.4384938741,0.4079735865,0.6223392858,0,0
"Austria",2010,1,"2010Q1",2010,61,2,0.2841327641,0.5413848329,0.2164824457,0.4940611147,0.4627014064,-0.7229093572,0.6224729815,0,0
"Austria",2010,2,"2010Q2",2010.25,62,2,0.2959291821,0.5325105796,0.2155834411,0.5115567102,0.4784383822,0.9381922096,0.6232378674,0,0
"Austria",2010,3,"2010Q3",2010.5,63,2,0.3087739214,0.533592372,0.214066125,0.5178596105,0.4838095304,0.8906872872,0.624955885,0,0
"Austria",2010,4,"2010Q4",2010.75,64,2,0.3162460836,0.5303046576,0.2164057379,0.5191308981,0.4832565326,0.2918473368,0.6270655598,0,0
"Austria",2011,1,"2011Q1",2011,65,2,0.3287959853,0.5217336582,0.2207658737,0.5228499835,0.490134726,1.296544884,0.6260034605,0,0
"Austria",2011,2,"2011Q2",2011.25,66,2,0.3328376777,0.5240927905,0.222665609,0.5247943964,0.4859318251,0.1959826608,0.6265068765,0,0
"Austria",2011,3,"2011Q3",2011.5,67,2,0.3296436411,0.528639245,0.2244653822,0.5266647914,0.49424205,-0.7934070712,0.6286806399,0,0
"Austria",2011,4,"2011Q4",2011.75,68,2,0.3333708383,0.5321084228,0.2249105025,0.5346531269,0.49267006,0.6301420986,0.6262655115,0,0
"Austria",2012,1,"2012Q1",2012,69,2,0.3414211424,0.531004268,0.2225000168,0.5290911116,0.4947360984,0.3500521573,0.6281161237,0,0
"Austria",2012,2,"2012Q2",2012.25,70,2,0.3370179266,0.5269776925,0.2238585349,0.5309200159,0.4940090623,-0.685495271,0.6286534847,0,0
"Austria",2012,3,"2012Q3",2012.5,71,2,0.3363257147,0.5266127261,0.2239947832,0.5358209101,0.4896233848,-0.003653657836,0.6272407796,0,0
"Austria",2012,4,"2012Q4",2012.75,72,2,0.3344225061,0.5235801781,0.2251873889,0.5326004923,0.4905096346,-0.5386485025,0.6284284967,0,0
"Austria",2013,1,"2013Q1",2013,73,2,0.3313572708,0.5271687531,0.2239941014,0.5312302965,0.4880911425,-0.1498968788,0.6262467941,0,0
"Austria",2013,2,"2013Q2",2013.25,74,2,0.3352238026,0.5279944724,0.2262970217,0.5384944975,0.4958010644,-0.126901521,0.6282714216,0,0
"Austria",2013,3,"2013Q3",2013.5,75,2,0.3399184137,0.5246289643,0.2303688138,0.5347879283,0.4991981963,0.3998481364,0.6275129,0,0
"Austria",2013,4,"2013Q4",2013.75,76,2,0.3416682976,0.5236279584,0.2296646875,0.5357318461,0.5017296714,0.4143653831,0.6248239333,0,0
"Austria",2014,1,"2014Q1",2014,77,2,0.342148548,0.52695912,0.2276959399,0.544873196,0.5064719522,0.003215960334,0.6237837245,0,0
"Austria",2014,2,"2014Q2",2014.25,78,2,0.3438179104,0.5220221622,0.2245905396,0.541950569,0.5085391407,-0.1349201251,0.6243508412,0,0
"Austria",2014,3,"2014Q3",2014.5,79,2,0.3453280974,0.5232939717,0.2243115081,0.549501981,0.5048840586,0.4134616223,0.6214047545,0,0
"Austria",2014,4,"2014Q4",2014.75,80,2,0.3478093112,0.5208484117,0.2236847559,0.5527325769,0.5073034442,-0.03186492512,0.6218392108,0,0
"Austria",2015,1,"2015Q1",2015,81,2,0.3469645706,0.5225180116,0.2272229434,0.5550546642,0.5147851167,-0.2368226749,0.6219426388,0,0
"Austria",2015,2,"2015Q2",2015.25,82,2,0.3535819058,0.5197253401,0.2261026448,0.5557203263,0.5079522199,0.5910129281,0.6215396704,0,0
"Austria",2015,3,"2015Q3",2015.5,83,2,0.3596263923,0.5166144159,0.228873776,0.5620014314,0.5221749779,-0.1924731471,0.6256652331,0,0
"Austria",2015,4,"2015Q4",2015.75,84,2,0.3626247198,0.5181761581,0.2279916892,0.5652515742,0.5284794723,-0.1100189767,0.627386202,0,0
"Austria",2016,1,"2016Q1",2016,85,2,0.3696008847,0.5148891931,0.2323470437,0.5642332358,0.5206871839,0.2181199093,0.6290233079,0,0
"Austria",2016,2,"2016Q2",2016.25,86,2,0.3713175002,0.517863391,0.233971881,0.5659061668,0.5294176341,-0.1347703119,0.6295771817,0,0
"Austria",2016,3,"2016Q3",2016.5,87,2,0.3758827993,0.5178118014,0.2314044368,0.565593841,0.5240255557,-0.02905400373,0.6312644535,0,0
"Austria",2016,4,"2016Q4",2016.75,88,2,0.3866080959,0.5157695318,0.2333284701,0.5614475427,0.5219581468,0.8915474739,0.6310341757,0,0
"Austria",2017,1,"2017Q1",2017,89,2,0.3929791248,0.5115243148,0.2353362492,0.5716393528,0.5341909403,0.642671407,0.6305699027,0,0
"Austria",2017,2,"2017Q2",2017.25,90,2,0.3980032311,0.5117149655,0.2363549889,0.5732474139,0.5367865911,0.05429139056,0.6329714722,0,0
"Austria",2017,3,"2017Q3",2017.5,91,2,0.4051384548,0.5125932303,0.2347025064,0.5755461572,0.5371597847,0.7233870714,0.6324791854,0,0
"Austria",2017,4,"2017Q4",2017.75,92,2,0.4145588887,0.5072666934,0.2352276692,0.5834922662,0.5369080894,0.2752619038,0.6362783932,0,0
"Austria",2018,1,"2018Q1",2018,93,2,0.4239644564,0.5069638999,0.2341574275,0.5791651157,0.5308448325,0.6523482768,0.6369491159,0,0
"Austria",2018,2,"2018Q2",2018.25,94,2,0.4267457264,0.5076687899,0.2385793343,0.5838543454,0.5382875531,0.05733435726,0.6371929597,0,0
"Austria",2018,3,"2018Q3",2018.5,95,2,0.430846423,0.5058992532,0.2380677407,0.5829733261,0.5329956433,0.1105187577,0.63794125,0,0
"Austria",2018,4,"2018Q4",2018.75,96,2,0.4329956859,0.5068323628,0.2381505116,0.5861217068,0.5369497971,-0.08462460534,0.6386925351,0,0
"Austria",2019,1,"2019Q1",2019,97,2,0.4389889177,0.5060710007,0.2376743989,0.5884456434,0.5369438047,0.2997722784,0.6395069872,0,0
"Austria",2019,2,"2019Q2",2019.25,98,2,0.4453117946,0.5053956772,0.2373572356,0.5894146057,0.5356937237,0.3327367947,0.6403243715,0,0
"Austria",2019,3,"2019Q3",2019.5,99,2,0.4510922381,0.5049951068,0.2371691092,0.5901194776,0.5347365333,0.2784934515,0.6411446901,0,0
"Austria",2019,4,"2019Q4",2019.75,100,2,0.4562532417,0.5046563191,0.2371279729,0.5917783683,0.5351757687,0.2165494595,0.641967945,0,0
"Austria",2020,1,"2020Q1",2020,101,2,0.4599509821,0.504493437,0.2375521445,0.5943109196,0.5374660858,0.07022314023,0.6427971303,0,0
"Austria",2020,2,"2020Q2",2020.25,102,2,0.4642527751,0.5038348555,0.2375968352,0.5967897666,0.5386375173,0.1804912798,0.6433084017,0,0
"Austria",2020,3,"2020Q3",2020.5,103,2,0.4692285178,0.5028381319,0.2374814298,0.5988752048,0.5386438726,0.2977740088,0.6435008331,0,0
"Austria",2020,4,"2020Q4",2020.75,104,2,0.4736608687,0.5021161518,0.2374950983,0.6006983537,0.5389430056,0.2434348197,0.6436951768,0,0
"Belgium",1995,1,"1995Q1",1995,1,3,-0.008301188135,0.552591432,0.2102420319,0.5157987328,0.5047073214,0.336367834,0.5113679371,0,0
"Belgium",1995,2,"1995Q2",1995.25,2,3,-0.003447608353,0.5545935743,0.2128486042,0.5017575534,0.4988168999,0.1899066909,0.5125050503,0,0
"Belgium",1995,3,"1995Q3",1995.5,3,3,0.003965384645,0.5549778025,0.2137746582,0.490544008,0.4936801662,0.7133276273,0.5122729083,0,0
"Belgium",1995,4,"1995Q4",1995.75,4,3,0.007705479797,0.5566932222,0.2130983458,0.4980184762,0.5040915423,0.2952223255,0.5123014087,0,0
"Belgium",1996,1,"1996Q1",1996,5,3,0.005498347021,0.5595363969,0.2101531788,0.5107089603,0.5154805476,-0.2511948872,0.5123980042,0,0
"Belgium",1996,2,"1996Q2",1996.25,6,3,0.01314155871,0.5589082006,0.209131511,0.5174881619,0.5181069737,0.7236934707,0.5125466257,0,0
"Belgium",1996,3,"1996Q3",1996.5,7,3,0.01818692393,0.5587054288,0.2107827391,0.519233858,0.5174403041,0.4690008209,0.5126691915,0,0
"Belgium",1996,4,"1996Q4",1996.75,8,3,0.02613257299,0.5548812875,0.2135629681,0.526584161,0.5227997026,0.7590418278,0.5127917287,0,0
"Belgium",1997,1,"1997Q1",1997,9,3,0.03525322628,0.5516329377,0.2158872602,0.5401721098,0.5341851101,0.6536345179,0.5140041247,0,0
"Belgium",1997,2,"1997Q2",1997.25,10,3,0.05003851207,0.5477894464,0.2177881499,0.5450149099,0.5417865941,1.281354674,0.5149039019,0,0
"Belgium",1997,3,"1997Q3",1997.5,11,3,0.05873904587,0.5463472315,0.2150532106,0.5494319058,0.543481055,0.6631863316,0.51585528,0,0
"Belgium",1997,4,"1997Q4",1997.75,12,3,0.06453170592,0.5450061337,0.2187436107,0.5534783275,0.5451339194,0.1266627685,0.5180799885,0,0
"Belgium",1998,1,"1998Q1",1998,13,3,0.0670076813,0.5478138942,0.2154748247,0.5571701721,0.5474697259,-0.1854823822,0.5202557503,0,0
"Belgium",1998,2,"1998Q2",1998.25,14,3,0.07037993659,0.5516229435,0.2153465032,0.5604903767,0.5560185479,-0.163604003,0.5227947312,0,0
"Belgium",1998,3,"1998Q3",1998.5,15,3,0.07356358221,0.5538839501,0.2188790112,0.5647240585,0.5648760226,-0.3430610246,0.5261904762,0,0
"Belgium",1998,4,"1998Q4",1998.75,16,3,0.07611837889,0.5533169968,0.2218320534,0.5553127526,0.5602768795,-0.1338751847,0.5281693374,0,0
"Belgium",1999,1,"1999Q1",1999,17,3,0.0864728318,0.5479422942,0.220209521,0.5496674667,0.546729673,0.8978091686,0.5288644111,0,0
"Belgium",1999,2,"1999Q2",1999.25,18,3,0.0998961855,0.5433744897,0.2205789844,0.5600384838,0.5496404475,1.182816347,0.5296762974,0,0
"Belgium",1999,3,"1999Q3",1999.5,19,3,0.1142487996,0.5395707946,0.2184327315,0.5736275761,0.5577603502,1.007047633,0.531916746,0,0
"Belgium",1999,4,"1999Q4",1999.75,20,3,0.1260459219,0.53583831,0.2142488074,0.5846360894,0.5675370399,0.6706937294,0.5345984797,0,0
"Belgium",2000,1,"2000Q1",2000,21,3,0.1333252118,0.536675852,0.2187906333,0.605077002,0.5922771356,0.1634963386,0.5375551334,0,0
"Belgium",2000,2,"2000Q2",2000.25,22,3,0.1399358628,0.5366830598,0.2192925283,0.6131302957,0.6042069088,0.1670822416,0.5401474814,0,0
"Belgium",2000,3,"2000Q3",2000.5,23,3,0.1439333136,0.5390625922,0.2209317423,0.620398239,0.6182028493,-0.2185023241,0.5434272078,0,0
"Belgium",2000,4,"2000Q4",2000.75,24,3,0.1528520296,0.5391427435,0.2203972766,0.6214290728,0.6182237196,0.4580314433,0.5457195826,0,0
"Belgium",2001,1,"2001Q1",2001,25,3,0.1520913463,0.5405013054,0.2244049779,0.6213165997,0.6130629734,-0.4914548155,0.5477912635,0,0
"Belgium",2001,2,"2001Q2",2001.25,26,3,0.1515526668,0.540007731,0.2219606189,0.6103594898,0.5987279053,-0.2266347506,0.5485384042,0,0
"Belgium",2001,3,"2001Q3",2001.5,27,3,0.149547636,0.5384741784,0.2248474178,0.6090492958,0.5909859155,-0.4248905411,0.5495702555,0,0
"Belgium",2001,4,"2001Q4",2001.75,28,3,0.1490428137,0.5365149078,0.2154021396,0.6084878519,0.5868572167,0.04157381896,0.5488645239,0,0
"Belgium",2002,1,"2002Q1",2002,29,3,0.1581373987,0.5338104381,0.2134054809,0.6198987607,0.5883400244,1.074900142,0.5475195587,0,0
"Belgium",2002,2,"2002Q2",2002.25,30,3,0.1669308794,0.5310402104,0.2084919372,0.624460747,0.5904445521,0.8320510925,0.5473414067,0,0
"Belgium",2002,3,"2002Q3",2002.5,31,3,0.1722343448,0.5306408123,0.2042338363,0.6258849177,0.5934943491,0.7717953522,0.5455860278,0,0
"Belgium",2002,4,"2002Q4",2002.75,32,3,0.1754075505,0.5307667673,0.2074983988,0.6239591911,0.5971040351,0.3102108079,0.5451900584,0,0
"Belgium",2003,1,"2003Q1",2003,33,3,0.1712930494,0.5315310142,0.2073432637,0.6223398757,0.5966373043,-0.03631314799,0.5426469489,0,0
"Belgium",2003,2,"2003Q2",2003.25,34,3,0.1723376038,0.5300468083,0.2075971731,0.6261300537,0.5931118352,-0.2872690072,0.5442740275,0,0
"Belgium",2003,3,"2003Q3",2003.5,35,3,0.1762421367,0.5292269013,0.2066739043,0.6285012285,0.5934975144,0.1963474231,0.5448287025,0,0
"Belgium",2003,4,"2003Q4",2003.75,36,3,0.183733576,0.5299955764,0.2022390345,0.6366162676,0.6028719531,0.4775554413,0.5458071483,0,0
"Belgium",2004,1,"2004Q1",2004,37,3,0.1990306073,0.5247983736,0.2120931168,0.637240008,0.6022318536,1.364748805,0.5461417584,0,0
"Belgium",2004,2,"2004Q2",2004.25,38,3,0.2088347163,0.5203752046,0.216461661,0.6414096721,0.6071855228,0.7522801863,0.546822514,0,0
"Belgium",2004,3,"2004Q3",2004.5,39,3,0.2175791691,0.5162284261,0.2210794096,0.6448935284,0.6121077217,0.5156647485,0.5482204861,0,0
"Belgium",2004,4,"2004Q4",2004.75,40,3,0.220852387,0.5169896281,0.2158103544,0.6523492574,0.6242171874,-0.0698193254,0.5498334987,0,0
"Belgium",2005,1,"2005Q1",2005,41,3,0.2246267997,0.5154557234,0.2233376523,0.6567076424,0.628953758,-0.2153286949,0.5524373737,0,0
"Belgium",2005,2,"2005Q2",2005.25,42,3,0.2296553469,0.5142244274,0.2309709011,0.6623513098,0.6391242173,0.2829141381,0.5529888296,0,0
"Belgium",2005,3,"2005Q3",2005.5,43,3,0.2335586243,0.5158254826,0.2251071039,0.6648753062,0.6409833058,0.1616400455,0.5535900553,0,0
"Belgium",2005,4,"2005Q4",2005.75,44,3,0.2416088389,0.5154470326,0.219748223,0.6660529246,0.6406611287,0.6551568899,0.5537560723,0,0
"Belgium",2006,1,"2006Q1",2006,45,3,0.247702677,0.5135284667,0.2243820954,0.6758700671,0.6504835775,0.3792605886,0.5542894232,0,0
"Belgium",2006,2,"2006Q2",2006.25,46,3,0.2510167873,0.5124444586,0.2227383111,0.6810888769,0.6541850921,-0.1318288026,0.5561191768,0,0
"Belgium",2006,3,"2006Q3",2006.5,47,3,0.259454141,0.5086752613,0.2246419483,0.6822225494,0.6493406801,0.4509780325,0.5575628436,0,0
"Belgium",2006,4,"2006Q4",2006.75,48,3,0.2702476442,0.505596588,0.2225527931,0.6823780298,0.6479350879,0.7267286172,0.5587869353,0,0
"Belgium",2007,1,"2007Q1",2007,49,3,0.2828486617,0.5025218544,0.2269360754,0.6932171876,0.6580344944,0.9087190933,0.5598578631,0,0
"Belgium",2007,2,"2007Q2",2007.25,50,3,0.2868263998,0.5029211046,0.2293195003,0.6977500844,0.6637813725,-0.06732230098,0.5615704938,0,0
"Belgium",2007,3,"2007Q3",2007.5,51,3,0.294572293,0.5015381179,0.2319461506,0.6963562342,0.6663451679,0.2959528514,0.5633660737,0,0
"Belgium",2007,4,"2007Q4",2007.75,52,3,0.2996963548,0.5015504581,0.234619153,0.6937769563,0.6700908053,-0.02194196531,0.5654837814,0,0
"Belgium",2008,1,"2008Q1",2008,53,3,0.3052765466,0.5037315307,0.2349809657,0.7026929297,0.6797713872,0.06200516892,0.5672878825,0,0
"Belgium",2008,2,"2008Q2",2008.25,54,3,0.3069124608,0.5045326915,0.2348676294,0.7216004813,0.6979743281,-0.2040479113,0.568369418,0,0
"Belgium",2008,3,"2008Q3",2008.5,55,3,0.3019160444,0.5062838253,0.2310552997,0.7204378017,0.6990415529,-0.9297877806,0.569810859,0,0
"Belgium",2008,4,"2008Q4",2008.75,56,3,0.2808332576,0.5122024024,0.2321287042,0.6611839058,0.6523010097,-2.222672518,0.5694568245,0,0
"Belgium",2009,1,"2009Q1",2009,57,3,0.2691131197,0.5171472907,0.2276272899,0.6326012018,0.6233532248,-0.8240264757,0.5665003719,0,0
"Belgium",2009,2,"2009Q2",2009.25,58,3,0.2680815633,0.521371531,0.2255999666,0.6394987594,0.6277496299,0.1243506217,0.5642403364,0,0
"Belgium",2009,3,"2009Q3",2009.5,59,3,0.279195323,0.5220941502,0.2185599109,0.6594531621,0.6418747551,1.222002794,0.5626482175,0,0
"Belgium",2009,4,"2009Q4",2009.75,60,3,0.287593471,0.5229726414,0.2192777982,0.6686091686,0.6474870159,0.6849714906,0.5625536784,0,0
"Belgium",2010,1,"2010Q1",2010,61,3,0.2921225197,0.5248025566,0.2146840905,0.6734347012,0.6570184009,0.3314102492,0.5621485445,0,0
"Belgium",2010,2,"2010Q2",2010.25,62,3,0.3022586482,0.5209405886,0.2129421603,0.7013510382,0.6815740955,0.6830121747,0.562921676,0,0
"Belgium",2010,3,"2010Q3",2010.5,63,3,0.3068021458,0.518248102,0.2157678845,0.7087324113,0.6818441665,0.07002531867,0.5640008911,0,0
"Belgium",2010,4,"2010Q4",2010.75,64,3,0.311115409,0.5189434791,0.2165568205,0.7087876972,0.6901338127,0.1227415149,0.5646564407,0,0
"Belgium",2011,1,"2011Q1",2011,65,3,0.31746628,0.5139415349,0.217180337,0.7302585882,0.708220048,0.2055322329,0.5659518486,0,0
"Belgium",2011,2,"2011Q2",2011.25,66,3,0.3203892302,0.5123920335,0.2207315505,0.7358839651,0.7161160745,-0.04438735109,0.566725925,0,0
"Belgium",2011,3,"2011Q3",2011.5,67,3,0.3226128698,0.5127840629,0.2197970345,0.7430847598,0.7286619677,0.007913388009,0.5668100799,0,0
"Belgium",2011,4,"2011Q4",2011.75,68,3,0.3232247381,0.5139798737,0.2227012628,0.7184293607,0.7046862668,-0.08800722661,0.5665266852,0,0
"Belgium",2012,1,"2012Q1",2012,69,3,0.3249891633,0.5130344006,0.2204867095,0.7381104797,0.7196742138,0.07494487359,0.5663080693,0,0
"Belgium",2012,2,"2012Q2",2012.25,70,3,0.3231852741,0.5141284186,0.2214570425,0.7339772682,0.7143533683,-0.2666888175,0.5660046208,0,0
"Belgium",2012,3,"2012Q3",2012.5,71,3,0.3229977984,0.5155076626,0.220847272,0.7290920394,0.7089118486,0.0006634204164,0.5651047475,0,0
"Belgium",2012,4,"2012Q4",2012.75,72,3,0.321901843,0.5176041728,0.2172860727,0.7294864956,0.7107956454,-0.02543771095,0.5638422162,0,0
"Belgium",2013,1,"2013Q1",2013,73,3,0.3185274564,0.5195519651,0.2163949051,0.7298508202,0.7100758289,-0.1299786714,0.5620572358,0,0
"Belgium",2013,2,"2013Q2",2013.25,74,3,0.3240826967,0.5181917652,0.2165860006,0.7302532357,0.7086360366,0.7655831237,0.5602640167,0,0
"Belgium",2013,3,"2013Q3",2013.5,75,3,0.327919698,0.5178864263,0.2163162701,0.7407916573,0.7130807074,0.290526694,0.5601732422,0,0
"Belgium",2013,4,"2013Q4",2013.75,76,3,0.3305478977,0.5158709172,0.2159345772,0.7497478086,0.7258704275,0.1416078366,0.5602402139,0,0
"Belgium",2014,1,"2014Q1",2014,77,3,0.3329445142,0.5165021983,0.219062042,0.755359062,0.7322618466,0.1726252031,0.56007866,0,0
"Belgium",2014,2,"2014Q2",2014.25,78,3,0.334516312,0.5152422667,0.2222883398,0.7641033645,0.7427885788,-0.0242418387,0.5605584961,0,0
"Belgium",2014,3,"2014Q3",2014.5,79,3,0.3394887598,0.5140261303,0.2376773893,0.7719613286,0.767263303,0.3872563031,0.5606386327,0,0
"Belgium",2014,4,"2014Q4",2014.75,80,3,0.3439922031,0.5133011876,0.2249944437,0.7737686859,0.7550030439,0.1748264835,0.5616482174,0,0
"Belgium",2015,1,"2015Q1",2015,81,3,0.3483503907,0.5099818163,0.2457210479,0.7752335504,0.7726262519,0.3069306217,0.5618249787,0,0
"Belgium",2015,2,"2015Q2",2015.25,82,3,0.3541446721,0.5107085123,0.2184842601,0.7773260764,0.7492323733,0.300739086,0.5628448439,0,0
"Belgium",2015,3,"2015Q3",2015.5,83,3,0.3559986482,0.5109273705,0.2239323257,0.7725636595,0.7487707305,-0.1095941637,0.5639590272,0,0
"Belgium",2015,4,"2015Q4",2015.75,84,3,0.3605045549,0.5111301207,0.224940595,0.7945062256,0.7756106834,0.1841370116,0.5649147109,0,0
"Belgium",2016,1,"2016Q1",2016,85,3,0.3623847367,0.5127504554,0.2285689891,0.7894372344,0.7700838646,-0.06074081814,0.5655044367,0,0
"Belgium",2016,2,"2016Q2",2016.25,86,3,0.3697196404,0.5108585098,0.228735026,0.8290985459,0.810592933,0.3477577493,0.5668718907,0,0
"Belgium",2016,3,"2016Q3",2016.5,87,3,0.3715919918,0.5117640976,0.2464585507,0.835086433,0.8333944333,-0.2496818145,0.5685347576,0,0
"Belgium",2016,4,"2016Q4",2016.75,88,3,0.374417396,0.5124386037,0.2299595066,0.8548423381,0.8412039294,-0.03707631055,0.5695352252,0,0
"Belgium",2017,1,"2017Q1",2017,89,3,0.3809387724,0.509945801,0.2330930696,0.8548732562,0.8367696634,0.2875102392,0.5707977914,0,0
"Belgium",2017,2,"2017Q2",2017.25,90,3,0.3848238606,0.5108998145,0.2344805195,0.8496753247,0.8307328386,0.02103789924,0.5720805947,0,0
"Belgium",2017,3,"2017Q3",2017.5,91,3,0.3863533027,0.5092391053,0.2336683184,0.8458389293,0.8265734266,-0.01780379565,0.5722406151,0,0
"Belgium",2017,4,"2017Q4",2017.75,92,3,0.3931655948,0.5059565973,0.2331582385,0.8644655621,0.8441809334,0.3675637453,0.5732204926,0,0
"Belgium",2018,1,"2018Q1",2018,93,3,0.3959307809,0.5071190048,0.2339730652,0.8631793329,0.8406572236,-0.05683918227,0.5741982896,0,0
"Belgium",2018,2,"2018Q2",2018.25,94,3,0.3992096826,0.5070682687,0.2333808818,0.8685192297,0.8417274739,0.02448749232,0.575007009,0,0
"Belgium",2018,3,"2018Q3",2018.5,95,3,0.4032799066,0.5067669073,0.2352471335,0.8725890788,0.8468533702,0.07424704871,0.5759875465,0,0
"Belgium",2018,4,"2018Q4",2018.75,96,3,0.4068738037,0.5069566968,0.2365470938,0.8747572515,0.8501564871,0.0760019709,0.5766863932,0,0
"Belgium",2019,1,"2019Q1",2019,97,3,0.4102832518,0.5073648756,0.2368225022,0.8793947874,0.8551172342,0.1070424312,0.5772502079,0,0
"Belgium",2019,2,"2019Q2",2019.25,98,3,0.4137681074,0.5077350945,0.2372307988,0.8838194443,0.8598347774,0.1145831947,0.577815644,0,0
"Belgium",2019,3,"2019Q3",2019.5,99,3,0.4171461443,0.5082347949,0.2375516634,0.8881465116,0.8645246931,0.1286807777,0.5782393998,0,0
"Belgium",2019,4,"2019Q4",2019.75,100,3,0.4205815539,0.5088057525,0.2379269915,0.8922276238,0.869085418,0.1344180496,0.5786645322,0,0
"Belgium",2020,1,"2020Q1",2020,101,3,0.4239674486,0.5092774781,0.2386030538,0.8961547747,0.8736079639,0.1741315888,0.5788541869,0,0
"Belgium",2020,2,"2020Q2",2020.25,102,3,0.4273427568,0.5096548006,0.2393313736,0.8998905266,0.8779511269,0.1979213586,0.5789010409,0,0
"Belgium",2020,3,"2020Q3",2020.5,103,3,0.4306726226,0.5100555803,0.2400739701,0.9036390702,0.8823559773,0.2182502747,0.5788049138,0,0
"Belgium",2020,4,"2020Q4",2020.75,104,3,0.4336992069,0.5106115106,0.2409012638,0.9074140838,0.8870519134,0.1879221221,0.5787097998,0,0
"Canada",1995,1,"1995Q1",1995,1,4,-0.001922258301,0.5124322428,0.174700989,0.3091321789,0.2371814552,0.5446191062,0.6113126551,0,0
"Canada",1995,2,"1995Q2",1995.25,2,4,-0.00158211707,0.5162018346,0.174224997,0.3023129357,0.2390436007,0.0576217741,0.6094738596,0,0
"Canada",1995,3,"1995Q3",1995.5,3,4,-0.0002760915758,0.5211494721,0.1735797269,0.3021466322,0.2375286024,-0.1119890588,0.6092649682,0,0
"Canada",1995,4,"1995Q4",1995.75,4,4,0.003770215391,0.519238868,0.1737102501,0.3123267981,0.2391334839,0.1313859728,0.6092475292,0,0
"Canada",1996,1,"1996Q1",1996,5,4,0.004391555416,0.5259728241,0.1774245119,0.3122967874,0.2441254424,-0.2679153554,0.6096886023,0,0
"Canada",1996,2,"1996Q2",1996.25,6,4,0.01132831816,0.5233665299,0.1762516979,0.3221347488,0.2421439925,0.4660463995,0.6095094593,0,0
"Canada",1996,3,"1996Q3",1996.5,7,4,0.02006338263,0.521006468,0.1818600792,0.3262128304,0.2491310191,0.7026893134,0.6089883025,0,0
"Canada",1996,4,"1996Q4",1996.75,8,4,0.02798488143,0.5264188975,0.1890258306,0.3149389578,0.252524186,0.7708182397,0.6075626826,0,0
"Canada",1997,1,"1997Q1",1997,9,4,0.04109307908,0.5284924078,0.1900269708,0.3282688677,0.2644025526,0.5109518583,0.6107586503,0,0
"Canada",1997,2,"1997Q2",1997.25,10,4,0.05229095988,0.5271284837,0.1929944065,0.3287432811,0.2673242598,0.4953241151,0.6129000732,0,0
"Canada",1997,3,"1997Q3",1997.5,11,4,0.0641677356,0.5277259409,0.1964840183,0.3342288262,0.2751608176,0.0984780788,0.6179186497,0,0
"Canada",1997,4,"1997Q4",1997.75,12,4,0.07370643093,0.5262917227,0.1965044039,0.3370283245,0.2766345378,0.4203020815,0.6195310796,0,0
"Canada",1998,1,"1998Q1",1998,13,4,0.08763107833,0.5193400013,0.1933866992,0.3431823623,0.2763623305,1.005411786,0.620339488,0,0
"Canada",1998,2,"1998Q2",1998.25,14,4,0.08806595842,0.5254836421,0.1937323474,0.3468670163,0.2777833015,-0.5490680885,0.6224308337,0,0
"Canada",1998,3,"1998Q3",1998.5,15,4,0.09729946553,0.5236269411,0.1923307795,0.3506300295,0.2687817091,0.1414562141,0.6257169138,0,0
"Canada",1998,4,"1998Q4",1998.75,16,4,0.1107179553,0.5181318628,0.1918850527,0.3595877039,0.2760774048,0.7477236586,0.6278444275,0,0
"Canada",1999,1,"1999Q1",1999,17,4,0.1286803129,0.5163804073,0.1905589469,0.3661306569,0.2764014126,1.194174281,0.6299863471,0,0
"Canada",1999,2,"1999Q2",1999.25,18,4,0.1370434047,0.5172271013,0.1937995691,0.3636294344,0.2791277034,0.3075254084,0.6316768372,0,0
"Canada",1999,3,"1999Q3",1999.5,19,4,0.1525006228,0.5155824867,0.1923651819,0.370562025,0.2816674304,0.816548535,0.6346466524,0,0
"Canada",1999,4,"1999Q4",1999.75,20,4,0.1666147092,0.5132217815,0.194303194,0.3754319303,0.2917776677,0.6804157741,0.6376463359,0,0
"Canada",2000,1,"2000Q1",2000,21,4,0.1824486867,0.510533135,0.192969812,0.3822233433,0.2934796026,0.7920396695,0.6408369554,0,0
"Canada",2000,2,"2000Q2",2000.25,22,4,0.1942907844,0.5088904418,0.1919998363,0.3833980655,0.2916340228,0.768242868,0.6416358532,0,0
"Canada",2000,3,"2000Q3",2000.5,23,4,0.2043416506,0.5102959865,0.1923645856,0.382459325,0.2915132058,0.7182065506,0.6416124135,0,0
"Canada",2000,4,"2000Q4",2000.75,24,4,0.2061200897,0.5105807167,0.1928861261,0.3822567227,0.2883452901,-0.482683045,0.6439961563,0,0
"Canada",2001,1,"2001Q1",2001,25,4,0.2113106273,0.5120676787,0.1971160257,0.3731832697,0.2790846309,0.4287898233,0.6424372815,0,0
"Canada",2001,2,"2001Q2",2001.25,26,4,0.2138883979,0.5116647645,0.1992119877,0.3671130039,0.2765577101,-0.0194481799,0.6420885828,0,0
"Canada",2001,3,"2001Q3",2001.5,27,4,0.2131310071,0.5134035158,0.2018144113,0.3597482041,0.2705645554,-0.2466095143,0.6410649371,0,0
"Canada",2001,4,"2001Q4",2001.75,28,4,0.2192428635,0.516608171,0.1951662203,0.358788126,0.2623238916,0.4659746783,0.6398856759,0,0
"Canada",2002,1,"2002Q1",2002,29,4,0.2340308769,0.5167745096,0.1927913942,0.3596606139,0.2599688488,0.9365732408,0.6412722544,0,0
"Canada",2002,2,"2002Q2",2002.25,30,4,0.2397148185,0.5203430811,0.1942799054,0.3567612341,0.2708830661,-0.5500131304,0.6463822471,0,0
"Canada",2002,3,"2002Q3",2002.5,31,4,0.2484139138,0.5168833914,0.1956182825,0.3618566779,0.2735181934,-0.1880571746,0.6511461307,0,0
"Canada",2002,4,"2002Q4",2002.75,32,4,0.2539376844,0.5192921537,0.1950660818,0.3547046038,0.2713883426,0.06344086506,0.6522300067,0,0
"Canada",2003,1,"2003Q1",2003,33,4,0.2594318204,0.5188263021,0.1957443848,0.347029354,0.272332822,-0.1858490925,0.6552092507,0,0
"Canada",2003,2,"2003Q2",2003.25,34,4,0.2579470106,0.5238669749,0.1979875482,0.3406401368,0.2732280492,-0.293861534,0.654336014,0,0
"Canada",2003,3,"2003Q3",2003.5,35,4,0.2617094495,0.5264950199,0.2034437208,0.3434477581,0.2724746697,-0.009910905053,0.6550442849,0,0
"Canada",2003,4,"2003Q4",2003.75,36,4,0.2685430323,0.5235318384,0.2066525691,0.3519759751,0.2834256989,-0.01859394265,0.6578325168,0,0
"Canada",2004,1,"2004Q1",2004,37,4,0.2757270231,0.5263540467,0.2099708404,0.349049257,0.2838504653,0.3715786556,0.6581654926,0,0
"Canada",2004,2,"2004Q2",2004.25,38,4,0.2874821437,0.5224738347,0.2107930876,0.361354451,0.2882298329,0.6690499802,0.6595564847,0,0
"Canada",2004,3,"2004Q3",2004.5,39,4,0.2993005788,0.521227276,0.211345987,0.3558871923,0.2928806872,0.9530868472,0.6591232001,0,0
"Canada",2004,4,"2004Q4",2004.75,40,4,0.3064540022,0.5218390132,0.2134278663,0.349772292,0.2940176856,0.3357956433,0.659689892,0,0
"Canada",2005,1,"2005Q1",2005,41,4,0.3098584029,0.5274747338,0.2184777862,0.3520287387,0.3029354966,0.1390460604,0.6589870078,0,0
"Canada",2005,2,"2005Q2",2005.25,42,4,0.3169523795,0.5283226487,0.222160487,0.3480691459,0.2985789868,0.4171830587,0.6588892335,0,0
"Canada",2005,3,"2005Q3",2005.5,43,4,0.3291839579,0.5254805082,0.2253945323,0.3489402779,0.2999729872,0.7740515718,0.6598320757,0,0
"Canada",2005,4,"2005Q4",2005.75,44,4,0.3390392597,0.5253116756,0.2279397255,0.3535334398,0.3038499235,0.5540424814,0.6606660299,0,0
"Canada",2006,1,"2006Q1",2006,45,4,0.3470224921,0.5283870539,0.2302903067,0.345931694,0.3041979577,0.5730272113,0.6601327152,0,0
"Canada",2006,2,"2006Q2",2006.25,46,4,0.3475049519,0.5327930681,0.2322223616,0.3445888802,0.3121990635,-0.7399770752,0.6633295615,0,0
"Canada",2006,3,"2006Q3",2006.5,47,4,0.3502800978,0.5368790916,0.2315314813,0.3434115693,0.3107316359,0.01939333547,0.6630240412,0,0
"Canada",2006,4,"2006Q4",2006.75,48,4,0.3540452086,0.5402244665,0.2319388123,0.3446539272,0.3097201852,-0.1137261548,0.6642648521,0,0
"Canada",2007,1,"2007Q1",2007,49,4,0.3604903524,0.5410001698,0.2337770922,0.345940046,0.3143460498,-0.1765866808,0.6677568292,0,0
"Canada",2007,2,"2007Q2",2007.25,50,4,0.3700954614,0.5437872906,0.2332564332,0.3479856623,0.316375908,0.609210549,0.6681268093,0,0
"Canada",2007,3,"2007Q3",2007.5,51,4,0.3742420001,0.5464810663,0.2332532494,0.3404995418,0.3226262146,-0.2339385796,0.670493194,0,0
"Canada",2007,4,"2007Q4",2007.75,52,4,0.375641646,0.5556797702,0.235714227,0.3318019417,0.3280970231,-0.4542219762,0.6725078163,0,0
"Canada",2008,1,"2008Q1",2008,53,4,0.3762343079,0.5600909321,0.2409663211,0.3269444194,0.3289138994,-0.2874698194,0.6726696738,0,0
"Canada",2008,2,"2008Q2",2008.25,54,4,0.3796979477,0.5592540091,0.2386387957,0.3285943051,0.3302170645,0.1958896292,0.671519324,0,0
"Canada",2008,3,"2008Q3",2008.5,55,4,0.3880050116,0.5550925648,0.2346257953,0.3233283642,0.3184466735,0.7051248685,0.6702109987,0,0
"Canada",2008,4,"2008Q4",2008.75,56,4,0.3763719978,0.5549947991,0.2275794078,0.3120854983,0.3021630351,-1.072020643,0.6674630299,0,0
"Canada",2009,1,"2009Q1",2009,57,4,0.3532582892,0.5659495848,0.2094410609,0.2918073241,0.2794811786,-0.9672282687,0.6563632863,0,0
"Canada",2009,2,"2009Q2",2009.25,58,4,0.3421628283,0.5765104863,0.2107687793,0.2831157152,0.2782873578,-0.5526490838,0.6505566262,0,0
"Canada",2009,3,"2009Q3",2009.5,59,4,0.3466777353,0.5793131715,0.2163975041,0.2893827205,0.2944235422,0.4492936759,0.6484235894,0,0
"Canada",2009,4,"2009Q4",2009.75,60,4,0.3584213886,0.5761267924,0.2239488223,0.292990391,0.3021499375,0.7102783587,0.6492967083,0,0
"Canada",2010,1,"2010Q1",2010,61,4,0.3702645002,0.5757221007,0.229117209,0.2934177016,0.3120434431,0.726919518,0.6502031089,0,0
"Canada",2010,2,"2010Q2",2010.25,62,4,0.3753932301,0.5776268403,0.2328009114,0.3014145659,0.3191636512,-0.2207984929,0.652918727,0,0
"Canada",2010,3,"2010Q3",2010.5,63,4,0.3825089583,0.5781822696,0.2337752742,0.2992635853,0.3227105988,0.4719958157,0.6524206984,0,0
"Canada",2010,4,"2010Q4",2010.75,64,4,0.3937503687,0.5771835601,0.2352349339,0.3031790031,0.320211106,0.8358799884,0.6522469974,0,0
"Canada",2011,1,"2011Q1",2011,65,4,0.4011167205,0.5741958033,0.2359883823,0.3013032286,0.3251392752,0.2022382821,0.6540887279,0,0
"Canada",2011,2,"2011Q2",2011.25,66,4,0.4030144336,0.5758115492,0.2375758627,0.2962218865,0.3275453546,-0.1294626484,0.6545300058,0,0
"Canada",2011,3,"2011Q3",2011.5,67,4,0.4167979753,0.5704095776,0.2352601871,0.3085149615,0.3255180755,0.9950696835,0.6553953733,0,0
"Canada",2011,4,"2011Q4",2011.75,68,4,0.4246683093,0.5693920925,0.2357032602,0.3099195114,0.326084641,0.7758392919,0.653828649,0,0
"Canada",2012,1,"2012Q1",2012,69,4,0.4249872041,0.572338253,0.24222517,0.30922933,0.3321409772,-0.1036912067,0.652649703,0,0
"Canada",2012,2,"2012Q2",2012.25,70,4,0.4282827055,0.571358631,0.2439094296,0.3079864871,0.3306158866,-0.5257767462,0.656185283,0,0
"Canada",2012,3,"2012Q3",2012.5,71,4,0.430252891,0.5736863513,0.243035587,0.30506376,0.3336826187,0.03415315213,0.6551938349,0,0
"Canada",2012,4,"2012Q4",2012.75,72,4,0.4314717542,0.5761248237,0.244506951,0.3046132586,0.3315380298,-0.4087804049,0.6566209425,0,0
"Canada",2013,1,"2013Q1",2013,73,4,0.4417240339,0.5739734132,0.2429299951,0.3066289616,0.3323981991,0.6991704755,0.6567287997,0,0
"Canada",2013,2,"2013Q2",2013.25,74,4,0.4481859452,0.57523506,0.2413058965,0.3098400722,0.3304770324,0.3698474172,0.6565164923,0,0
"Canada",2013,3,"2013Q3",2013.5,75,4,0.4563464459,0.5745174929,0.2398047351,0.3062654792,0.328195764,0.5854359559,0.656010428,0,0
"Canada",2013,4,"2013Q4",2013.75,76,4,0.4663752331,0.5722639475,0.2383861204,0.3066131177,0.3262985889,0.8520616103,0.6549880728,0,0
"Canada",2014,1,"2014Q1",2014,77,4,0.4676189067,0.5733467001,0.2386599733,0.3040702112,0.3228958892,0.02069506381,0.6538271179,0,0
"Canada",2014,2,"2014Q2",2014.25,78,4,0.4795350455,0.5720073417,0.2379737115,0.3201385859,0.328676587,1.164211269,0.6521757604,0,0
"Canada",2014,3,"2014Q3",2014.5,79,4,0.4867917016,0.5719665587,0.2394998165,0.3216073013,0.3280527261,0.4767586663,0.6519762276,0,0
"Canada",2014,4,"2014Q4",2014.75,80,4,0.491323809,0.5733480909,0.2416579076,0.3199520566,0.3299860437,0.154889974,0.6521039835,0,0
"Canada",2015,1,"2015Q1",2015,81,4,0.4893198466,0.5754487346,0.2315498275,0.3188191844,0.3301323907,-0.3717707727,0.6519143157,0,0
"Canada",2015,2,"2015Q2",2015.25,82,4,0.4878718592,0.5789580723,0.2264564086,0.3249276047,0.3298656266,-0.3646005283,0.6520430068,0,0
"Canada",2015,3,"2015Q3",2015.5,83,4,0.4935108437,0.5798049829,0.2212693073,0.3281270363,0.3233645217,0.2585422377,0.6527325314,0,0
"Canada",2015,4,"2015Q4",2015.75,84,4,0.4945495412,0.5828096714,0.220312884,0.3250871772,0.3228520507,0.03809434958,0.6518617767,0,0
"Canada",2016,1,"2016Q1",2016,85,4,0.5006939185,0.5814577367,0.2171194963,0.3297445322,0.321022206,0.5601824419,0.6505104566,0,0
"Canada",2016,2,"2016Q2",2016.25,86,4,0.498069709,0.5858268756,0.2167757283,0.3186923121,0.3210196803,-0.4734217286,0.6501847114,0,0
"Canada",2016,3,"2016Q3",2016.5,87,4,0.508527693,0.584062961,0.215595716,0.3220732162,0.32127746,0.7869557732,0.6501745289,0,0
"Canada",2016,4,"2016Q4",2016.75,88,4,0.5140627187,0.5856923829,0.2113794606,0.3211743224,0.312016404,-0.02302038731,0.6522374865,0,0
"Canada",2017,1,"2017Q1",2017,89,4,0.5238876335,0.585310429,0.2134800172,0.320049459,0.3199061392,0.4704935211,0.6539813513,0,0
"Canada",2017,2,"2017Q2",2017.25,90,4,0.5350315007,0.5847788961,0.2126495658,0.3214309388,0.3195253772,0.6969748852,0.6551138646,0,0
"Canada",2017,3,"2017Q3",2017.5,91,4,0.5391241673,0.5868306184,0.2144028304,0.3119124789,0.3192561738,-0.07940517276,0.656720061,0,0
"Canada",2017,4,"2017Q4",2017.75,92,4,0.5433610295,0.5873498644,0.2183800054,0.3136052742,0.3238669219,-0.2210132871,0.659362084,0,0
"Canada",2018,1,"2018Q1",2018,93,4,0.546904448,0.58688486,0.2189687419,0.3143625678,0.3260912863,0.3365774584,0.6584751212,0,0
"Canada",2018,2,"2018Q2",2018.25,94,4,0.5539987858,0.5866611533,0.2179067479,0.3213039876,0.3288887784,0.5418143905,0.6585770474,0,0
"Canada",2018,3,"2018Q3",2018.5,95,4,0.5589963258,0.5866336494,0.2179137809,0.3188194324,0.3265927726,0.1805314518,0.6596798496,0,0
"Canada",2018,4,"2018Q4",2018.75,96,4,0.5653228935,0.5875425197,0.2179734533,0.3188482451,0.3269401688,0.3344425001,0.6606472158,0,0
"Canada",2019,1,"2019Q1",2019,97,4,0.5706781386,0.5878797992,0.2182734746,0.3201161728,0.3283193021,0.28676624,0.6613179926,0,0
"Canada",2019,2,"2019Q2",2019.25,98,4,0.5756049815,0.5878937992,0.2186416148,0.3215268559,0.3296866825,0.2686907482,0.6618269642,0,0
"Canada",2019,3,"2019Q3",2019.5,99,4,0.5803765385,0.5878549298,0.2190182002,0.3228382108,0.3309514064,0.30276536,0.6620092986,0,0
"Canada",2019,4,"2019Q4",2019.75,100,4,0.58520516,0.5877825205,0.219277649,0.3241364168,0.332041424,0.3084718083,0.6621931091,0,0
"Canada",2020,1,"2020Q1",2020,101,4,0.5898039728,0.5875565419,0.2195891471,0.3252787319,0.3328885614,0.3103294853,0.6622114296,0,0
"Canada",2020,2,"2020Q2",2020.25,102,4,0.5944064895,0.5873284748,0.2199015573,0.3264238637,0.333736624,0.310699875,0.6622311753,0,0
"Canada",2020,3,"2020Q3",2020.5,103,4,0.599001703,0.5871047838,0.2201275186,0.3275754192,0.3345079711,0.3099695664,0.6622523422,0,0
"Canada",2020,4,"2020Q4",2020.75,104,4,0.6035828743,0.5868894193,0.2203411386,0.3287356533,0.3352858092,0.3085653369,0.6622749263,0,0
"Finland",1995,1,"1995Q1",1995,1,5,-0.01946718652,0.524442241,0.2085605685,0.2684514956,0.2485870104,-0.8664155127,0.535680875,0,0
"Finland",1995,2,"1995Q2",1995.25,2,5,0.003567402131,0.5235788114,0.2023901809,0.2722222222,0.2491925065,1.564815844,0.5390068358,0,0
"Finland",1995,3,"1995Q3",1995.5,3,5,0.006695579214,0.5244872332,0.2002769102,0.2532440352,0.2489937856,-0.06361408186,0.5403933084,0,0
"Finland",1995,4,"1995Q4",1995.75,4,5,0.008946963158,0.5244642915,0.2058020368,0.261894818,0.2575577473,0.04091719783,0.5407437542,0,0
"Finland",1996,1,"1996Q1",1996,5,5,0.02143016461,0.5271908116,0.2122596611,0.2573767371,0.2610571737,0.9915677518,0.5418007483,0,0
"Finland",1996,2,"1996Q2",1996.25,6,5,0.028480574,0.5233294477,0.214706531,0.2750070886,0.2556630226,0.3771943136,0.5432460929,0,0
"Finland",1996,3,"1996Q3",1996.5,7,5,0.03679473863,0.5256201962,0.2201149784,0.2656689371,0.2539836281,0.5111589709,0.5446541625,0,0
"Finland",1996,4,"1996Q4",1996.75,8,5,0.05665495151,0.5228497917,0.2197990689,0.2787000735,0.2681940701,1.204656862,0.5485898503,0,0
"Finland",1997,1,"1997Q1",1997,9,5,0.07134075339,0.5136277203,0.2207298301,0.2724336724,0.2595454408,-0.08738999192,0.5567918916,0,0
"Finland",1997,2,"1997Q2",1997.25,10,5,0.08670608751,0.5164368089,0.2277077636,0.2927416478,0.2771965284,0.5014632743,0.5621808144,0,0
"Finland",1997,3,"1997Q3",1997.5,11,5,0.1040030197,0.5072302883,0.2249423038,0.3001080892,0.2765329672,1.617892326,0.5624056245,0,0
"Finland",1997,4,"1997Q4",1997.75,12,5,0.1235014388,0.5059733563,0.2311703194,0.2901303538,0.2803323306,0.8457898705,0.5682413143,0,0
"Finland",1998,1,"1998Q1",1998,13,5,0.1228709579,0.5128285985,0.2357308718,0.3121864519,0.2887653011,-0.3484455723,0.5693357108,0,0
"Finland",1998,2,"1998Q2",1998.25,14,5,0.1433293445,0.508060892,0.2326985732,0.2980844849,0.2805302775,1.483322862,0.5720156737,0,0
"Finland",1998,3,"1998Q3",1998.5,15,5,0.1610348346,0.5035320088,0.2410320088,0.2944260486,0.2829746137,1.091447831,0.5753791643,0,0
"Finland",1998,4,"1998Q4",1998.75,16,5,0.1698534519,0.5058942589,0.2402013074,0.2895435026,0.2737616586,0.1191948537,0.5792467801,0,0
"Finland",1999,1,"1999Q1",1999,17,5,0.1820865192,0.5032557888,0.2416849045,0.2986409446,0.2747831726,-0.2369585921,0.5872641634,0,0
"Finland",1999,2,"1999Q2",1999.25,18,5,0.1901595427,0.5019699284,0.2373026721,0.3093457693,0.2724397631,0.1489810525,0.5906373282,0,0
"Finland",1999,3,"1999Q3",1999.5,19,5,0.1931301202,0.5071081182,0.2358505692,0.3278018278,0.2869167869,-0.175961766,0.5929305732,0,0
"Finland",1999,4,"1999Q4",1999.75,20,5,0.2061390381,0.4974941971,0.2358092425,0.3361732433,0.2896708166,1.072956538,0.5937761202,0,0
"Finland",2000,1,"2000Q1",2000,21,5,0.2390888111,0.4898677964,0.2338063396,0.3362513399,0.2887550406,3.433810325,0.5925298533,0,0
"Finland",2000,2,"2000Q2",2000.25,22,5,0.2369938204,0.4882097187,0.2403324808,0.3439386189,0.3071611253,-1.162424304,0.597777289,0,0
"Finland",2000,3,"2000Q3",2000.5,23,5,0.2521217804,0.4814338976,0.2400241838,0.3591293833,0.3065548166,0.5375796215,0.6032059481,0,0
"Finland",2000,4,"2000Q4",2000.75,24,5,0.2625219643,0.4804667049,0.2415796166,0.3588541797,0.3193886964,0.8542850681,0.6038976759,0,0
"Finland",2001,1,"2001Q1",2001,25,5,0.2704681709,0.479854567,0.2434765403,0.346417353,0.3109247854,0.6955304916,0.6041503636,0,0
"Finland",2001,2,"2001Q2",2001.25,26,5,0.2704434371,0.4866435815,0.2380410586,0.3387336137,0.3014098442,-0.3123276386,0.6056785636,0,0
"Finland",2001,3,"2001Q3",2001.5,27,5,0.2775416085,0.4861486321,0.2348838352,0.3375656958,0.2962817427,0.7851787059,0.6048762553,0,0
"Finland",2001,4,"2001Q4",2001.75,28,5,0.2744177206,0.4926215171,0.2317755167,0.3586509325,0.2993274371,-1.13177599,0.6095044153,0,0
"Finland",2002,1,"2002Q1",2002,29,5,0.2792592739,0.4880356968,0.2261694616,0.3396587232,0.3077620869,0.8892493507,0.6067076766,0,0
"Finland",2002,2,"2002Q2",2002.25,30,5,0.2916612115,0.4889217134,0.2283700995,0.3524711238,0.3111121873,1.349232513,0.6057145503,0,0
"Finland",2002,3,"2002Q3",2002.5,31,5,0.2893581523,0.4936896267,0.2272462502,0.3529683025,0.3143294015,-0.2688091269,0.60561611,0,0
"Finland",2002,4,"2002Q4",2002.75,32,5,0.2991638099,0.4928138819,0.2231542011,0.3630551817,0.3057344741,0.8803431141,0.6058917047,0,0
"Finland",2003,1,"2003Q1",2003,33,5,0.290061754,0.5020494288,0.2290024496,0.3380223618,0.3239310228,-0.9413059582,0.6057610101,0,0
"Finland",2003,2,"2003Q2",2003.25,34,5,0.3074451334,0.5006673976,0.2250798494,0.345020737,0.3115793488,2.009405488,0.6038032526,0,0
"Finland",2003,3,"2003Q3",2003.5,35,5,0.3190333527,0.5022736376,0.2293428834,0.3390900737,0.3132436444,1.35604411,0.6022965931,0,0
"Finland",2003,4,"2003Q4",2003.75,36,5,0.3216687103,0.5018446716,0.2286217836,0.3419574668,0.3160145694,0.6752625537,0.59950651,0,0
"Finland",2004,1,"2004Q1",2004,37,5,0.331327006,0.5062139266,0.2300549246,0.3591975424,0.3230310929,1.006964358,0.5988264001,0,0
"Finland",2004,2,"2004Q2",2004.25,38,5,0.3415842186,0.5013015134,0.2307940384,0.3421713391,0.3270829974,0.9883131281,0.5986173618,0,0
"Finland",2004,3,"2004Q3",2004.5,39,5,0.3503453407,0.4977507821,0.2285525084,0.356289818,0.3334322837,-0.03896503812,0.603683873,0,0
"Finland",2004,4,"2004Q4",2004.75,40,5,0.3689190645,0.4957860761,0.2291433182,0.3682700498,0.331958578,1.779497572,0.6037180247,0,0
"Finland",2005,1,"2005Q1",2005,41,5,0.3715157709,0.4981891348,0.2263581489,0.3649228706,0.3433936955,-0.1996868888,0.6060760937,0,0
"Finland",2005,2,"2005Q2",2005.25,42,5,0.369389658,0.5028340988,0.2311862888,0.3534894141,0.3524588328,-0.4648092235,0.6071845224,0,0
"Finland",2005,3,"2005Q3",2005.5,43,5,0.3786221397,0.5033852028,0.231081711,0.3773668672,0.3635818775,0.7613381881,0.6077463021,0,0
"Finland",2005,4,"2005Q4",2005.75,44,5,0.3826761544,0.5051512204,0.2340378493,0.387336399,0.3636805801,-0.6178855479,0.61357136,0,0
"Finland",2006,1,"2006Q1",2006,45,5,0.4051706269,0.4997946434,0.2281619507,0.3861351895,0.3589416571,1.837761599,0.6155178967,0,0
"Finland",2006,2,"2006Q2",2006.25,46,5,0.410173117,0.5045060547,0.2220764416,0.3987912159,0.3596670467,0.6466822539,0.6140345405,0,0
"Finland",2006,3,"2006Q3",2006.5,47,5,0.4177583259,0.5033620082,0.2257775311,0.4062373258,0.3714218627,-0.1002270284,0.6187436502,0,0
"Finland",2006,4,"2006Q4",2006.75,48,5,0.4279945689,0.5022713347,0.2224006423,0.378922014,0.3691182996,0.5343197801,0.6211902432,0,0
"Finland",2007,1,"2007Q1",2007,49,5,0.4453793901,0.5013393135,0.2320853838,0.393945057,0.3730766835,1.512599201,0.6219243481,0,0
"Finland",2007,2,"2007Q2",2007.25,50,5,0.4617728622,0.4931263405,0.2383821877,0.4062506383,0.3679910122,0.7632204277,0.6267220438,0,0
"Finland",2007,3,"2007Q3",2007.5,51,5,0.4688360016,0.4961664841,0.2335605046,0.4213622165,0.3749949292,0.2842062583,0.6286965893,0,0
"Finland",2007,4,"2007Q4",2007.75,52,5,0.4870258126,0.4874021551,0.2352062461,0.4060389985,0.3739120043,1.454399535,0.6303153842,0,0
"Finland",2008,1,"2008Q1",2008,53,5,0.483034349,0.5062691223,0.2377467155,0.4258403823,0.3945047693,-1.119698888,0.6339945288,0,0
"Finland",2008,2,"2008Q2",2008.25,54,5,0.4756884586,0.5003122419,0.2344835922,0.4567393888,0.4150802764,-1.137936692,0.6356767719,0,0
"Finland",2008,3,"2008Q3",2008.5,55,5,0.4757287471,0.4964647584,0.2361863707,0.4324879641,0.4079729267,0.5006920035,0.6316540825,0,0
"Finland",2008,4,"2008Q4",2008.75,56,5,0.4575560378,0.502164147,0.2265482369,0.407208353,0.3787359741,-2.163458366,0.6329706228,0,0
"Finland",2009,1,"2009Q1",2009,57,5,0.3871760958,0.5319350295,0.2336033102,0.3653710714,0.3671317898,-5.708385705,0.6237398152,0,0
"Finland",2009,2,"2009Q2",2009.25,58,5,0.3815479979,0.5314623404,0.2255372834,0.3526482371,0.3566986122,1.08684251,0.612680829,0,0
"Finland",2009,3,"2009Q3",2009.5,59,5,0.3899453892,0.5285983934,0.213818533,0.3569421887,0.3603880427,1.741205418,0.6063386983,0,0
"Finland",2009,4,"2009Q4",2009.75,60,5,0.3882539547,0.5348136748,0.2185995383,0.4255908541,0.3629548203,0.02102297627,0.6043468428,0,0
"Finland",2010,1,"2010Q1",2010,61,5,0.3922034936,0.5374575714,0.2164458557,0.3469615679,0.3542538049,0.1186669268,0.605282267,0,0
"Finland",2010,2,"2010Q2",2010.25,62,5,0.420359163,0.5260490962,0.2174200004,0.393365837,0.3677957802,2.518978371,0.6063431198,0,0
"Finland",2010,3,"2010Q3",2010.5,63,5,0.4160705618,0.5341900445,0.2216045159,0.3878934314,0.3916353062,-0.6217772385,0.6067773459,0,0
"Finland",2010,4,"2010Q4",2010.75,64,5,0.4357608217,0.5308189023,0.2195689547,0.4173130949,0.3821963185,1.935168952,0.6062477104,0,0
"Finland",2011,1,"2011Q1",2011,65,5,0.4417389754,0.5273216072,0.2194273091,0.3896298766,0.3831693898,0.2246584771,0.6078840558,0,0
"Finland",2011,2,"2011Q2",2011.25,66,5,0.4393185761,0.539274672,0.2207737946,0.3731511657,0.3859781065,-0.8600597862,0.6110198025,0,0
"Finland",2011,3,"2011Q3",2011.5,67,5,0.4423848155,0.5354576695,0.2234718317,0.3860043736,0.3808184942,0.3846024395,0.6099125937,0,0
"Finland",2011,4,"2011Q4",2011.75,68,5,0.4429677966,0.5337510147,0.2244447682,0.3894636055,0.3970401515,-0.2739325449,0.6113105569,0,0
"Finland",2012,1,"2012Q1",2012,69,5,0.4426763485,0.5501676071,0.2220949843,0.3926377813,0.4092735639,-0.1845939883,0.6116499818,0,0
"Finland",2012,2,"2012Q2",2012.25,70,5,0.4264721445,0.5345663076,0.2216602831,0.3949467804,0.400787185,-1.481191682,0.6101894605,0,0
"Finland",2012,3,"2012Q3",2012.5,71,5,0.4228258324,0.5411489859,0.2211532335,0.3952001699,0.388828714,-0.5775972643,0.6108807386,0,0
"Finland",2012,4,"2012Q4",2012.75,72,5,0.4167972905,0.5480321354,0.2185163027,0.3971625144,0.3958805179,-0.04835577651,0.606897764,0,0
"Finland",2013,1,"2013Q1",2013,73,5,0.4159208756,0.5464382712,0.215051004,0.4116250722,0.4113470627,0.4267110549,0.6032844035,0,0
"Finland",2013,2,"2013Q2",2013.25,74,5,0.4200184548,0.5445445445,0.2130428301,0.3965667795,0.3952889059,0.2385984898,0.6038180571,0,0
"Finland",2013,3,"2013Q3",2013.5,75,5,0.4232929633,0.5431676821,0.2081007069,0.4046956928,0.4093871399,1.005368106,0.5992429025,0,0
"Finland",2013,4,"2013Q4",2013.75,76,5,0.4192514365,0.5465183196,0.2100731078,0.3969136987,0.3985548948,-0.3473637829,0.5984081835,0,0
"Finland",2014,1,"2014Q1",2014,77,5,0.4126864638,0.5523921905,0.207637846,0.3855181292,0.3925552457,-0.5706257091,0.5975612167,0,0
"Finland",2014,2,"2014Q2",2014.25,78,5,0.4118279104,0.5537255744,0.2081382865,0.3969508267,0.4088468971,-0.3711237287,0.5989343989,0,0
"Finland",2014,3,"2014Q3",2014.5,79,5,0.4145941046,0.5527741493,0.2090622926,0.4009079424,0.4062185486,0.5804161375,0.5967850958,0,0
"Finland",2014,4,"2014Q4",2014.75,80,5,0.4140371924,0.5523321835,0.2048293446,0.3924753069,0.3962033724,0.001427194375,0.5961123577,0,0
"Finland",2015,1,"2015Q1",2015,81,5,0.405710893,0.5638421985,0.2085943914,0.3972043382,0.4222443071,-0.6861413179,0.5950396941,0,0
"Finland",2015,2,"2015Q2",2015.25,82,5,0.416369867,0.5599589586,0.2071095721,0.4005814202,0.399106494,1.519616512,0.5921469743,0,0
"Finland",2015,3,"2015Q3",2015.5,83,5,0.4153005083,0.5625053497,0.2081657109,0.3907814774,0.4102756141,-0.4791262896,0.5941553606,0,0
"Finland",2015,4,"2015Q4",2015.75,84,5,0.4211040579,0.5601438175,0.210492724,0.3997744873,0.4217513403,0.6040610803,0.593815073,0,0
"Finland",2016,1,"2016Q1",2016,85,5,0.4297467146,0.5627056441,0.216126719,0.3988230828,0.4181852696,0.6123839681,0.5949257564,0,0
"Finland",2016,2,"2016Q2",2016.25,86,5,0.4331367268,0.5602127257,0.221301999,0.4090975974,0.4298446598,0.2723212832,0.5949359162,0,0
"Finland",2016,3,"2016Q3",2016.5,87,5,0.4441743203,0.557202553,0.2204735868,0.4014261658,0.4229018108,0.9355295759,0.595550801,0,0
"Finland",2016,4,"2016Q4",2016.75,88,5,0.4492548418,0.5549786952,0.2255822612,0.4018326232,0.4321970794,0.388086328,0.5958789085,0,0
"Finland",2017,1,"2017Q1",2017,89,5,0.4594619519,0.5504483846,0.2242332419,0.4213177184,0.4206215962,0.9386790761,0.596549704,0,0
"Finland",2017,2,"2017Q2",2017.25,90,5,0.465178353,0.549733317,0.2217132853,0.4173282847,0.4322096006,0.2211688337,0.5988266408,0,0
"Finland",2017,3,"2017Q3",2017.5,91,5,0.4672526628,0.5512148545,0.2249918739,0.4209328783,0.4305216967,0.2508020996,0.5987495449,0,0
"Finland",2017,4,"2017Q4",2017.75,92,5,0.4748420256,0.5513215992,0.2233311155,0.4249480836,0.4315409585,-1.232815396,0.6109810576,0,0
"Finland",2018,1,"2018Q1",2018,93,5,0.4863683176,0.5454219317,0.2228046399,0.4152349823,0.4233866146,0.9018773348,0.6119359022,0,0
"Finland",2018,2,"2018Q2",2018.25,94,5,0.4897507996,0.5472151597,0.2262831718,0.4220959797,0.4279755284,-0.5770436464,0.6169792677,0,0
"Finland",2018,3,"2018Q3",2018.5,95,5,0.4981045082,0.5464615647,0.2251875339,0.4269562918,0.4275631553,0.705455281,0.6171983397,0,0
"Finland",2018,4,"2018Q4",2018.75,96,5,0.5033781739,0.5468488185,0.2245846689,0.4279234152,0.4267424908,0.3974510037,0.6174180394,0,0
"Finland",2019,1,"2019Q1",2019,97,5,0.5070171153,0.5470289779,0.2243656025,0.429635684,0.4276687107,0.2339785621,0.6179522863,0,0
"Finland",2019,2,"2019Q2",2019.25,98,5,0.5106468979,0.5470795096,0.2241534983,0.4313587548,0.4286008663,0.2330626831,0.6184871119,0,0
"Finland",2019,3,"2019Q3",2019.5,99,5,0.5142661725,0.5470009829,0.2239486034,0.433093287,0.4295395673,0.2320118944,0.6190225171,0,0
"Finland",2019,4,"2019Q4",2019.75,100,5,0.517955007,0.5467495416,0.2238129574,0.434804548,0.430450381,0.2389678714,0.6195585023,0,0
"Finland",2020,1,"2020Q1",2020,101,5,0.5218000282,0.5464128668,0.2238677072,0.4369826011,0.4319788971,0.254586545,0.6201317205,0,0
"Finland",2020,2,"2020Q2",2020.25,102,5,0.5259846474,0.5458909843,0.2241801065,0.4390224482,0.4333656457,0.2885463479,0.6207055561,0,0
"Finland",2020,3,"2020Q3",2020.5,103,5,0.5301787918,0.5453644056,0.2244927745,0.4410676161,0.434752705,0.2894988681,0.6212800097,0,0
"Finland",2020,4,"2020Q4",2020.75,104,5,0.5343827618,0.5448329814,0.2248056384,0.4431179574,0.4361399184,0.2904814255,0.6218550819,0,0
"France",1995,1,"1995Q1",1995,1,6,-0.004365517684,0.5315472585,0.2107485126,0.1884972237,0.1790002188,0.1975032938,0.5294050067,0,0
"France",1995,2,"1995Q2",1995.25,2,6,0.0004679849912,0.5386177729,0.2088028972,0.1920404184,0.1820751133,0.06213074255,0.5308064533,0,0
"France",1995,3,"1995Q3",1995.5,3,6,0.001695483643,0.5323671131,0.208668159,0.1896346322,0.183010206,-0.3446529733,0.5324587674,0,0
"France",1995,4,"1995Q4",1995.75,4,6,0.002188589651,0.5330122614,0.2087827076,0.191432183,0.1829933005,-0.1683552375,0.5327853078,0,0
"France",1996,1,"1996Q1",1996,5,6,0.0088607572,0.538174476,0.2088508732,0.1934841461,0.1833610415,0.649823938,0.532511193,0,0
"France",1996,2,"1996Q2",1996.25,6,6,0.01128124296,0.5355857131,0.2078674627,0.1925879904,0.1828150405,0.2681389353,0.532006088,0,0
"France",1996,3,"1996Q3",1996.5,7,6,0.01728329162,0.5392762335,0.2074976467,0.194745073,0.1822390342,0.504573475,0.5321490607,0,0
"France",1996,4,"1996Q4",1996.75,8,6,0.01831123663,0.5322268079,0.2068789663,0.2012567821,0.1848380139,0.185379862,0.5313445339,0,0
"France",1997,1,"1997Q1",1997,9,6,0.02203335148,0.5296521743,0.2040904337,0.2071835391,0.1866545388,0.7119626613,0.529153321,0,0
"France",1997,2,"1997Q2",1997.25,10,6,0.03356574253,0.5259629849,0.2048250922,0.2141768629,0.1899852508,1.288589617,0.5280496635,0,0
"France",1997,3,"1997Q3",1997.5,11,6,0.04078436889,0.5261374555,0.2043150943,0.2193327901,0.1966067889,0.6476154778,0.5280542222,0,0
"France",1997,4,"1997Q4",1997.75,12,6,0.05146379547,0.5257515119,0.2053141899,0.2235271184,0.2004914218,0.810688161,0.5290263367,0,0
"France",1998,1,"1998Q1",1998,13,6,0.06028337587,0.5261372582,0.2069034613,0.2259583502,0.206657761,0.451775092,0.5308641578,0,0
"France",1998,2,"1998Q2",1998.25,14,6,0.06888396021,0.5286840369,0.2093436858,0.2268802429,0.2086720226,0.5094618452,0.5322849387,0,0
"France",1998,3,"1998Q3",1998.5,15,6,0.07640941818,0.530299865,0.2115603544,0.2286743736,0.2101097353,0.4505480694,0.5334505784,0,0
"France",1998,4,"1998Q4",1998.75,16,6,0.08377381929,0.5304212278,0.2129416041,0.2262275907,0.2107653306,0.5814814022,0.5338336199,0,0
"France",1999,1,"1999Q1",1999,17,6,0.08960986029,0.5277609188,0.2164188785,0.2246841454,0.2106623796,0.506214699,0.533740487,0,0
"France",1999,2,"1999Q2",1999.25,18,6,0.09789629561,0.5284461884,0.2185293077,0.227369635,0.2136358833,0.5668239516,0.5346329658,0,0
"France",1999,3,"1999Q3",1999.5,19,6,0.1094040391,0.5318702932,0.2201691512,0.2337207823,0.2168306398,0.5524564015,0.5373324935,0,0
"France",1999,4,"1999Q4",1999.75,20,6,0.1219186324,0.5307506151,0.2214479401,0.2357999466,0.2218583819,0.5043318565,0.5408503737,0,0
"France",2000,1,"2000Q1",2000,21,6,0.1323959833,0.5292582293,0.2231815286,0.2414655637,0.2297134436,0.2557852051,0.5444038257,0,0
"France",2000,2,"2000Q2",2000.25,22,6,0.1415074623,0.5293051612,0.2239372219,0.2486204614,0.2372806429,0.1962170831,0.5475597648,0,0
"France",2000,3,"2000Q3",2000.5,23,6,0.1481843247,0.5281903842,0.2266940775,0.2536293468,0.2445890236,0.09028624771,0.5499781199,0,0
"France",2000,4,"2000Q4",2000.75,24,6,0.1565884394,0.5254966529,0.2263935527,0.2592148877,0.2501570658,0.3446041449,0.5519576463,0,0
"France",2001,1,"2001Q1",2001,25,6,0.1616493779,0.527372546,0.226313339,0.2596177888,0.2455079624,0.1358449573,0.5532372059,0,0
"France",2001,2,"2001Q2",2001.25,26,6,0.1635315024,0.5299673412,0.225661889,0.2532626515,0.2433187179,0.02819600092,0.5533562389,0,0
"France",2001,3,"2001Q3",2001.5,27,6,0.1667813375,0.531985615,0.226209955,0.2533373077,0.2393232959,0.1079348708,0.5537921075,0,0
"France",2001,4,"2001Q4",2001.75,28,6,0.1667706151,0.5330785694,0.2248356258,0.2484849265,0.2368468457,-0.282940922,0.5545887464,0,0
"France",2002,1,"2002Q1",2002,29,6,0.1698752834,0.5340534971,0.2220991782,0.2516824724,0.2417629403,-0.0275433092,0.5556191042,0,0
"France",2002,2,"2002Q2",2002.25,30,6,0.1750184809,0.5342148472,0.2198176853,0.2563976043,0.2423815763,0.2463536913,0.5562629014,0,0
"France",2002,3,"2002Q3",2002.5,31,6,0.1784856309,0.5357740102,0.2209601767,0.2575491353,0.2439313366,0.160374508,0.5564543376,0,0
"France",2002,4,"2002Q4",2002.75,32,6,0.1787759604,0.5385658529,0.221917338,0.2567052163,0.2442207371,-0.04783255041,0.5560380667,0,0
"France",2003,1,"2003Q1",2003,33,6,0.1804696346,0.5386317388,0.2222948476,0.250608149,0.2433928579,0.03196589415,0.5559366808,0,0
"France",2003,2,"2003Q2",2003.25,34,6,0.1783266556,0.5393717646,0.2229201202,0.2493629885,0.2425583062,0.07689376746,0.5534594776,0,0
"France",2003,3,"2003Q3",2003.5,35,6,0.1846681418,0.5406616323,0.224744331,0.2504555173,0.2418591425,0.6179490424,0.5526909561,0,0
"France",2003,4,"2003Q4",2003.75,36,6,0.1925843179,0.5367391977,0.2239502788,0.2543823719,0.2453292317,0.836172763,0.5515896096,0,0
"France",2004,1,"2004Q1",2004,37,6,0.2015118062,0.535137811,0.224391517,0.2536542122,0.2451330678,0.7591428671,0.5513747062,0,0
"France",2004,2,"2004Q2",2004.25,38,6,0.2078257301,0.534583221,0.2244364082,0.2560774055,0.2492297116,0.3526099677,0.5519622631,0,0
"France",2004,3,"2004Q3",2004.5,39,6,0.211763572,0.5328799813,0.224423606,0.2564015302,0.2520081021,0.1439452471,0.5523921785,0,0
"France",2004,4,"2004Q4",2004.75,40,6,0.2185449074,0.5362955693,0.2253402105,0.2608467235,0.2561307125,0.5333516928,0.5522435851,0,0
"France",2005,1,"2005Q1",2005,41,6,0.2211905972,0.5378985122,0.2261664439,0.257880884,0.2573284809,0.0197216858,0.5526912106,0,0
"France",2005,2,"2005Q2",2005.25,42,6,0.2231160607,0.5387428219,0.2274908127,0.2591726243,0.2588564143,-0.1636178647,0.553756763,0,0
"France",2005,3,"2005Q3",2005.5,43,6,0.2280174465,0.5387914081,0.2283209653,0.2648623244,0.2625608401,0.6940774687,0.5517269413,0,0
"France",2005,4,"2005Q4",2005.75,44,6,0.2350824546,0.5386875553,0.227889249,0.269200572,0.2704022977,0.7345249106,0.5506738886,0,0
"France",2006,1,"2006Q1",2006,45,6,0.2434315432,0.5384791089,0.2274225969,0.2734076446,0.2701959211,0.7348588305,0.5504431136,0,0
"France",2006,2,"2006Q2",2006.25,46,6,0.2530776406,0.5368113969,0.2299054978,0.2741075012,0.2706177658,0.7328784436,0.5509385481,0,0
"France",2006,3,"2006Q3",2006.5,47,6,0.2533274383,0.536457053,0.2309336742,0.2697615419,0.2686484095,-0.6035778197,0.5536281238,0,0
"France",2006,4,"2006Q4",2006.75,48,6,0.2607378404,0.5365744148,0.2332618198,0.2721680719,0.2742061114,0.3176042162,0.5551919556,0,0
"France",2007,1,"2007Q1",2007,49,6,0.2686323061,0.5359033307,0.2353379803,0.2710311688,0.2748815166,0.5921922856,0.5557070221,0,0
"France",2007,2,"2007Q2",2007.25,50,6,0.2764207374,0.5366308321,0.2363448729,0.2748417424,0.279828732,0.2403515619,0.5581244564,0,0
"France",2007,3,"2007Q3",2007.5,51,6,0.2795100082,0.5392383383,0.2385298603,0.2743924868,0.2821708011,-0.2227811084,0.5605149944,0,0
"France",2007,4,"2007Q4",2007.75,52,6,0.2821006981,0.5397444766,0.239068788,0.2736729866,0.2820006191,-0.3744964376,0.5634900465,0,0
"France",2008,1,"2008Q1",2008,53,6,0.2864594657,0.535439228,0.2410350758,0.2798703967,0.2839666365,-0.02028608355,0.5655449467,0,0
"France",2008,2,"2008Q2",2008.25,54,6,0.2818637204,0.5378635841,0.2398976288,0.2756931463,0.2830709068,-0.4325720036,0.5648719526,0,0
"France",2008,3,"2008Q3",2008.5,55,6,0.2784519044,0.5393872792,0.2386404609,0.2736281482,0.2830621466,-0.2832944776,0.564026013,0,0
"France",2008,4,"2008Q4",2008.75,56,6,0.2645003455,0.5456467284,0.2349296366,0.2637809517,0.2782075817,-1.576423652,0.564530305,0,0
"France",2009,1,"2009Q1",2009,57,6,0.2479301368,0.5542197739,0.2291641126,0.2504083142,0.2653706069,-1.061850032,0.5607838897,0,0
"France",2009,2,"2009Q2",2009.25,58,6,0.2464737778,0.5583027394,0.2237357476,0.2496901002,0.2596979814,0.1727244299,0.5586067591,0,0
"France",2009,3,"2009Q3",2009.5,59,6,0.2481337788,0.5577483834,0.2208717759,0.2515968456,0.2591150184,0.5751420578,0.5559334435,0,0
"France",2009,4,"2009Q4",2009.75,60,6,0.2549073882,0.5586152188,0.2203193142,0.2520504478,0.2696105671,0.8102045865,0.5548039951,0,0
"France",2010,1,"2010Q1",2010,61,6,0.2591201565,0.5585369621,0.221477468,0.2596157042,0.2697187684,-0.1440378343,0.5575760511,0,0
"France",2010,2,"2010Q2",2010.25,62,6,0.2643875399,0.5570692237,0.2234532122,0.2666154475,0.2798591796,0.5228506967,0.5572249982,0,0
"France",2010,3,"2010Q3",2010.5,63,6,0.2705227664,0.556437925,0.2245125596,0.2690926243,0.2863362034,0.5163805616,0.5573939676,0,0
"France",2010,4,"2010Q4",2010.75,64,6,0.2772659583,0.5565655518,0.2246089625,0.272616428,0.2864088296,0.724821292,0.5567406346,0,0
"France",2011,1,"2011Q1",2011,65,6,0.28796137,0.5541875477,0.2223695559,0.2749936359,0.2944714415,1.042344556,0.5564441623,0,0
"France",2011,2,"2011Q2",2011.25,66,6,0.2883678269,0.5472685565,0.2230520615,0.2777246073,0.2917388266,-0.07194725226,0.5566233407,0,0
"France",2011,3,"2011Q3",2011.5,67,6,0.2903369925,0.5469689906,0.2226890756,0.2789180625,0.2914302392,0.2900878817,0.5556584127,0,0
"France",2011,4,"2011Q4",2011.75,68,6,0.2928506695,0.5438717215,0.2253456692,0.2824486648,0.2880330602,0.1465560608,0.5557948057,0,0
"France",2012,1,"2012Q1",2012,69,6,0.2936934559,0.5446715273,0.2239337388,0.2836254769,0.290091043,0.02609738282,0.5556260718,0,0
"France",2012,2,"2012Q2",2012.25,70,6,0.2929678707,0.5438703604,0.2233156156,0.2865249246,0.2918402528,-0.1307059471,0.5554576362,0,0
"France",2012,3,"2012Q3",2012.5,71,6,0.2943033715,0.54270467,0.2234215459,0.2869768926,0.2921265595,0.1257996448,0.5550099071,0,0
"France",2012,4,"2012Q4",2012.75,72,6,0.2938200015,0.5440341311,0.2226796881,0.2860126878,0.2912743845,-0.1645215145,0.5551646332,0,0
"France",2013,1,"2013Q1",2013,73,6,0.2935366683,0.5450044112,0.220842299,0.2859482711,0.2917423116,0.4644409811,0.5518497412,0,0
"France",2013,2,"2013Q2",2013.25,74,6,0.300348381,0.5430927564,0.2200711129,0.2910996238,0.2958767626,0.4985228241,0.5522728672,0,0
"France",2013,3,"2013Q3",2013.5,75,6,0.3001419633,0.5429477615,0.2203098462,0.2902420028,0.2984338785,-0.210707964,0.5527379371,0,0
"France",2013,4,"2013Q4",2013.75,76,6,0.3043669023,0.544478519,0.2202593529,0.2929652533,0.301130067,0.4961501618,0.5517470171,0,0
"France",2014,1,"2014Q1",2014,77,6,0.3051701662,0.5411843572,0.2191395083,0.2952602184,0.3038684969,-0.0408407248,0.5517934424,0,0
"France",2014,2,"2014Q2",2014.25,78,6,0.3077381459,0.5430427559,0.2186929604,0.2945830571,0.3063522987,0.2528467506,0.5511941064,0,0
"France",2014,3,"2014Q3",2014.5,79,6,0.3119756923,0.5434857601,0.2180204307,0.2960581467,0.3090369222,0.707352929,0.5490151568,0,0
"France",2014,4,"2014Q4",2014.75,80,6,0.3130841529,0.5445157896,0.2172157114,0.3015028178,0.3138632717,-0.1960035004,0.5500839008,0,0
"France",2015,1,"2015Q1",2015,81,6,0.3174651711,0.5441699437,0.21782107,0.3045322748,0.3188454983,0.6594594463,0.5485001687,0,0
"France",2015,2,"2015Q2",2015.25,82,6,0.3172272039,0.5457421863,0.21625122,0.30817653,0.3189730401,-0.2171317245,0.5491939927,0,0
"France",2015,3,"2015Q3",2015.5,83,6,0.3207815878,0.5456718086,0.217940021,0.30714744,0.3233362196,0.1509801799,0.5499501091,0,0
"France",2015,4,"2015Q4",2015.75,84,6,0.3233941876,0.545280355,0.2199952327,0.3076845502,0.329265833,0.006625261129,0.5509839078,0,0
"France",2016,1,"2016Q1",2016,85,6,0.3302265639,0.5475971511,0.2209211482,0.3068606258,0.3275738046,0.6090188522,0.5506138213,0,0
"France",2016,2,"2016Q2",2016.25,86,6,0.3277906113,0.5511196952,0.2212646249,0.3062964714,0.3243017764,-0.4429360756,0.5509339908,0,0
"France",2016,3,"2016Q3",2016.5,87,6,0.3295106159,0.5497188032,0.2215367961,0.3083724846,0.331626349,0.1653522955,0.5501942383,0,0
"France",2016,4,"2016Q4",2016.75,88,6,0.3355137808,0.550326975,0.2222524138,0.3107512273,0.3317772585,0.4579115526,0.5502030011,0,0
"France",2017,1,"2017Q1",2017,89,6,0.3439199202,0.5458298155,0.2255025238,0.3084445562,0.3353913309,0.7308971691,0.5501085399,0,0
"France",2017,2,"2017Q2",2017.25,90,6,0.3502712967,0.5441286456,0.2259097489,0.3149577768,0.3321487156,-0.3584562069,0.5548979839,0,0
"France",2017,3,"2017Q3",2017.5,91,6,0.3562419736,0.5434853582,0.22736838,0.3161489162,0.3364135758,0.9227201619,0.552394301,0,0
"France",2017,4,"2017Q4",2017.75,92,6,0.3632420013,0.5407901669,0.2280552761,0.3211077066,0.3350359703,-0.310673563,0.5573006233,0,0
"France",2018,1,"2018Q1",2018,93,6,0.365014719,0.5411954453,0.2279081466,0.3193095515,0.3329950506,0.3480300607,0.5556945338,0,0
"France",2018,2,"2018Q2",2018.25,94,6,0.3666982655,0.5396125833,0.2294597518,0.3189761131,0.3346279999,0.03624275799,0.5557745703,0,0
"France",2018,3,"2018Q3",2018.5,95,6,0.3707985996,0.5400205646,0.2304601158,0.3199844017,0.3341575502,0.2604816202,0.5559523368,0,0
"France",2018,4,"2018Q4",2018.75,96,6,0.3752945289,0.5396706411,0.2304412858,0.322841507,0.3360977853,0.2503886834,0.5564071292,0,0
"France",2019,1,"2019Q1",2019,97,6,0.3794422795,0.5397741954,0.2307104847,0.3238898414,0.3370253623,0.2403847196,0.556817892,0,0
"France",2019,2,"2019Q2",2019.25,98,6,0.3835186053,0.5398486643,0.2310804737,0.3257506837,0.338798592,0.2477604436,0.5571486276,0,0
"France",2019,3,"2019Q3",2019.5,99,6,0.3873670982,0.5399399346,0.2314524739,0.3276259497,0.340606562,0.2362042412,0.5574175367,0,0
"France",2019,4,"2019Q4",2019.75,100,6,0.3911291778,0.5399183771,0.2319867021,0.3293976806,0.3422799964,0.2387920397,0.5576245172,0,0
"France",2020,1,"2020Q1",2020,101,6,0.3947123205,0.5399136169,0.2325112198,0.3310624883,0.3438539369,0.2221415236,0.5578289738,0,0
"France",2020,2,"2020Q2",2020.25,102,6,0.3981580625,0.5399697373,0.2329645114,0.3325149119,0.3452285118,0.2296227088,0.5579156482,0,0
"France",2020,3,"2020Q3",2020.5,103,6,0.40168815,0.539967007,0.2335876744,0.3337320448,0.3464164041,0.2393015589,0.5579959439,0,0
"France",2020,4,"2020Q4",2020.75,104,6,0.4051514653,0.5399470807,0.2342482646,0.3348102031,0.3474932378,0.2538526914,0.5579583431,0,0
"Germany",1995,1,"1995Q1",1995,1,7,-0.008180560299,0.5942981632,0.2136653063,0.2004734676,0.1996877468,-0.3945524974,0.5610870635,0,0
"Germany",1995,2,"1995Q2",1995.25,2,7,0.0006311329045,0.5966304526,0.2155284516,0.2006953243,0.2037249267,0.9742531957,0.5600695674,0,0
"Germany",1995,3,"1995Q3",1995.5,3,7,0.003990464198,0.5944289827,0.2125475528,0.201641536,0.2049952336,0.4850477889,0.5587411985,0,0
"Germany",1995,4,"1995Q4",1995.75,4,7,0.0035112501,0.5941082455,0.2111352725,0.2048779814,0.2063809946,0.1014159336,0.5574151735,0,0
"Germany",1996,1,"1996Q1",1996,5,7,-0.006726719481,0.6021740136,0.20180206,0.209798012,0.2096272064,-0.9022959384,0.5564782349,0,0
"Germany",1996,2,"1996Q2",1996.25,6,7,0.00769660748,0.5965611191,0.2148916583,0.2075504378,0.2079075083,1.62954608,0.5551780518,0,0
"Germany",1996,3,"1996Q3",1996.5,7,7,0.01388268479,0.5946767046,0.213312685,0.2116321165,0.2087784597,0.8812966891,0.5534631402,0,0
"Germany",1996,4,"1996Q4",1996.75,8,7,0.01932326592,0.5925089318,0.2126600181,0.2201047371,0.2149440893,0.8168582447,0.5516978601,0,0
"Germany",1997,1,"1997Q1",1997,9,7,0.01328952978,0.597890414,0.2073679518,0.2253205968,0.2227632923,-0.3581598724,0.5503438068,0,0
"Germany",1997,2,"1997Q2",1997.25,10,7,0.02719500955,0.5927166325,0.2088951596,0.2288352098,0.2216375593,1.485021296,0.5498212553,0,0
"Germany",1997,3,"1997Q3",1997.5,11,7,0.03116604958,0.5853363796,0.2083166657,0.2401918932,0.2280168503,0.3120740005,0.5502860958,0,0
"Germany",1997,4,"1997Q4",1997.75,12,7,0.03813552836,0.586917008,0.2086465476,0.242044783,0.2289205866,0.5648225291,0.5510107686,0,0
"Germany",1998,1,"1998Q1",1998,13,7,0.04609083636,0.5846326021,0.2124609514,0.245354191,0.2362865174,0.6353272125,0.5519722461,0,0
"Germany",1998,2,"1998Q2",1998.25,14,7,0.04310060986,0.5836065599,0.2103882246,0.2500318913,0.2422870903,-0.5341509027,0.5533498526,0,0
"Germany",1998,3,"1998Q3",1998.5,15,7,0.0456313831,0.5870904156,0.2125372148,0.2469239977,0.2434630539,-0.07517619504,0.5552477436,0,0
"Germany",1998,4,"1998Q4",1998.75,16,7,0.04528665457,0.5930268348,0.2113810177,0.2433670301,0.2425669789,-0.370984668,0.5571981683,0,0
"Germany",1999,1,"1999Q1",1999,17,7,0.05329951796,0.5943816987,0.2157711324,0.2427734575,0.2511184415,0.4380052348,0.5591395065,0,0
"Germany",1999,2,"1999Q2",1999.25,18,7,0.05557716386,0.5923910217,0.2171373218,0.2547656866,0.2576280242,-0.01369169375,0.5604044942,0,0
"Germany",1999,3,"1999Q3",1999.5,19,7,0.06576285626,0.5874613628,0.2190742496,0.2580356022,0.2615672277,0.9443921395,0.5607335816,0,0
"Germany",1999,4,"1999Q4",1999.75,20,7,0.07829518992,0.5876254568,0.2155459365,0.2603646373,0.2582286074,1.216165438,0.5608547086,0,0
"Germany",2000,1,"2000Q1",2000,21,7,0.0874822599,0.5847370968,0.2175532351,0.2704263446,0.2653272805,0.8816528063,0.5609159018,0,0
"Germany",2000,2,"2000Q2",2000.25,22,7,0.09778597925,0.585223587,0.215067838,0.2773758844,0.2706079385,0.9470501694,0.5612367506,0,0
"Germany",2000,3,"2000Q3",2000.5,23,7,0.09636730711,0.5866656325,0.2173050138,0.282661089,0.2797336868,-0.3267785096,0.5621285952,0,0
"Germany",2000,4,"2000Q4",2000.75,24,7,0.09713145758,0.5830368711,0.2155690095,0.2972435727,0.2938328527,-0.1358111,0.5631757049,0,0
"Germany",2001,1,"2001Q1",2001,25,7,0.1132599665,0.5833843535,0.2127876583,0.2921932688,0.2789767578,1.437872722,0.5641162303,0,0
"Germany",2001,2,"2001Q2",2001.25,26,7,0.1143331583,0.5838412008,0.2087246054,0.2929674413,0.2788754165,0.07052064903,0.5642780737,0,0
"Germany",2001,3,"2001Q3",2001.5,27,7,0.1113253142,0.5864439465,0.2059239917,0.2934413128,0.2736957479,-0.1166562089,0.5631943449,0,0
"Germany",2001,4,"2001Q4",2001.75,28,7,0.1125080464,0.5825586754,0.2035081058,0.2963181846,0.2706249801,0.3119734192,0.5620588984,0,0
"Germany",2002,1,"2002Q1",2002,29,7,0.1094946993,0.5799052349,0.2002354375,0.2967696158,0.2624164223,-0.116508855,0.5609371675,0,0
"Germany",2002,2,"2002Q2",2002.25,30,7,0.1119706142,0.577567752,0.1954363348,0.3048920173,0.2681017461,0.5440252442,0.5591932357,0,0
"Germany",2002,3,"2002Q3",2002.5,31,7,0.1165831191,0.578088946,0.1938301256,0.3086441816,0.2685338446,0.7957921941,0.5572423439,0,0
"Germany",2002,4,"2002Q4",2002.75,32,7,0.1144404142,0.5829970708,0.1931617502,0.3143361748,0.2751092098,0.05603773133,0.5556550728,0,0
"Germany",2003,1,"2003Q1",2003,33,7,0.1023556749,0.5867376742,0.1956414961,0.3094668276,0.2854738372,-0.9374330527,0.5541663892,0,0
"Germany",2003,2,"2003Q2",2003.25,34,7,0.1025727595,0.5867331494,0.1948620316,0.308161228,0.2827583414,0.3591982293,0.5523145654,0,0
"Germany",2003,3,"2003Q3",2003.5,35,7,0.1074447445,0.5837593104,0.1940606542,0.3159266728,0.2837049083,0.6375603316,0.5514999757,0,0
"Germany",2003,4,"2003Q4",2003.75,36,7,0.1111101216,0.5813832879,0.1929952942,0.3223650879,0.291637593,0.3007265865,0.551878311,0,0
"Germany",2004,1,"2004Q1",2004,37,7,0.1108948826,0.5845404649,0.1928699688,0.3360994619,0.2965262508,0.3928673588,0.549694621,0,0
"Germany",2004,2,"2004Q2",2004.25,38,7,0.1144404142,0.5810881837,0.1902901056,0.3493196905,0.3016374197,0.2413669481,0.5504158121,0,0
"Germany",2004,3,"2004Q3",2004.5,39,7,0.1125080464,0.5814291207,0.1916811016,0.3440926841,0.3084717267,-0.5414232653,0.552434666,0,0
"Germany",2004,4,"2004Q4",2004.75,40,7,0.113474697,0.5846588571,0.1900778335,0.346436583,0.309207279,-0.09104029468,0.5535718511,0,0
"Germany",2005,1,"2005Q1",2005,41,7,0.1116480163,0.5862547303,0.1884294327,0.3551354137,0.3045235066,-0.3700217633,0.5546357094,0,0
"Germany",2005,2,"2005Q2",2005.25,42,7,0.1180802854,0.5824362409,0.1904188255,0.3584565841,0.3167842936,0.7649668773,0.553986627,0,0
"Germany",2005,3,"2005Q3",2005.5,43,7,0.1261688778,0.5788140104,0.1915635686,0.3700357686,0.3219694429,0.630981556,0.5549986907,0,0
"Germany",2005,4,"2005Q4",2005.75,44,7,0.1300831912,0.5770847996,0.1953299999,0.3753705569,0.3342478486,-0.2426034199,0.5585546889,0,0
"Germany",2006,1,"2006Q1",2006,45,7,0.1393318121,0.57595022,0.1924694406,0.3838278693,0.3396225687,0.1379302813,0.5652106185,0,0
"Germany",2006,2,"2006Q2",2006.25,46,7,0.1553138874,0.5688967585,0.2006231521,0.3891391293,0.3395787237,1.129003858,0.5701405651,0,0
"Germany",2006,3,"2006Q3",2006.5,47,7,0.1652509666,0.563557637,0.2000459875,0.3967478131,0.3424146668,0.6272393425,0.5745321668,0,0
"Germany",2006,4,"2006Q4",2006.75,48,7,0.178315105,0.565493357,0.2036688941,0.4141701687,0.3497133665,0.8775223681,0.5793284563,0,0
"Germany",2007,1,"2007Q1",2007,49,7,0.1823315779,0.5514716964,0.2023460137,0.4120035113,0.3521180154,-0.2880106143,0.583539118,0,0
"Germany",2007,2,"2007Q2",2007.25,50,7,0.1896203127,0.5522064769,0.1995423804,0.4191833645,0.3510353554,-0.05480841429,0.588333368,0,0
"Germany",2007,3,"2007Q3",2007.5,51,7,0.1980407894,0.5487369988,0.1989428566,0.4240038838,0.3551104601,0.4033523088,0.5911242568,0,0
"Germany",2007,4,"2007Q4",2007.75,52,7,0.2009958743,0.5477247472,0.2034978703,0.4256196203,0.3550828008,0.1615978323,0.5921210085,0,0
"Germany",2008,1,"2008Q1",2008,53,7,0.2096140845,0.5430926552,0.2028703778,0.4275928471,0.356453359,0.710272075,0.5933398591,0,0
"Germany",2008,2,"2008Q2",2008.25,54,7,0.2066843949,0.5444677379,0.1995111574,0.4274008741,0.353440126,-0.6131399908,0.5955648002,0,0
"Germany",2008,3,"2008Q3",2008.5,55,7,0.2032555402,0.5472172588,0.2007502453,0.4252614543,0.3608723924,-1.024273885,0.5999615156,0,0
"Germany",2008,4,"2008Q4",2008.75,56,7,0.1837335409,0.5575566139,0.2018484273,0.4082752569,0.3562698205,-1.987470194,0.6004983762,0,0
"Germany",2009,1,"2009Q1",2009,57,7,0.1377613778,0.587869291,0.1925623828,0.3779787468,0.3507738418,-3.960440477,0.5971710993,0,0
"Germany",2009,2,"2009Q2",2009.25,58,7,0.138494554,0.5880845002,0.1922995068,0.375002219,0.3327873607,0.5268331422,0.5949519622,0,0
"Germany",2009,3,"2009Q3",2009.5,59,7,0.144652916,0.5777061656,0.1921514129,0.3860661712,0.3433151277,0.6514931732,0.5952234657,0,0
"Germany",2009,4,"2009Q4",2009.75,60,7,0.1536652523,0.5737957457,0.1898055136,0.394061284,0.3385913561,0.3588413382,0.5989477124,0,0
"Germany",2010,1,"2010Q1",2010,61,7,0.1607556586,0.5696559631,0.1886089412,0.4022660438,0.3577324511,0.3461280847,0.6018281093,0,0
"Germany",2010,2,"2010Q2",2010.25,62,7,0.181128329,0.5615418951,0.1959195544,0.4224284495,0.3751639128,2.037267035,0.602532546,0,0
"Germany",2010,3,"2010Q3",2010.5,63,7,0.1893218201,0.5575737503,0.1970300554,0.4260876967,0.3719560005,0.8900579674,0.6028122414,0,0
"Germany",2010,4,"2010Q4",2010.75,64,7,0.1975474251,0.5563802496,0.1933242412,0.4327730083,0.3742845448,0.3638441066,0.6062942879,0,0
"Germany",2011,1,"2011Q1",2011,65,7,0.2148659931,0.5498593974,0.1995638688,0.434737502,0.3770863192,0.5767862024,0.6144737241,0,0
"Germany",2011,2,"2011Q2",2011.25,66,7,0.216804166,0.5453754159,0.2005133492,0.4403590522,0.3855393215,-0.5688835808,0.620326887,0,0
"Germany",2011,3,"2011Q3",2011.5,67,7,0.2217295707,0.548852572,0.2013444231,0.4429168054,0.3841812666,0.04457280283,0.624270079,0,0
"Germany",2011,4,"2011Q4",2011.75,68,7,0.2218259052,0.5494478744,0.2007261394,0.4428338151,0.3816814985,-0.2993266337,0.6273678112,0,0
"Germany",2012,1,"2012Q1",2012,69,7,0.2245195095,0.5509458308,0.200461742,0.4491822957,0.3805922253,0.3036422289,0.6272276941,0,0
"Germany",2012,2,"2012Q2",2012.25,70,7,0.2257676495,0.5516569572,0.1986630901,0.4526757447,0.3811841068,-0.08070071988,0.6285931559,0,0
"Germany",2012,3,"2012Q3",2012.5,71,7,0.2286420406,0.551306213,0.1989858463,0.4566719758,0.3812603644,-0.1223275481,0.6312496231,0,0
"Germany",2012,4,"2012Q4",2012.75,72,7,0.2238467883,0.5549265112,0.1979987498,0.4511911621,0.3805994351,-0.6242492163,0.6322393988,0,0
"Germany",2013,1,"2013Q1",2013,73,7,0.2210549694,0.5553434993,0.1917232942,0.4552729494,0.3869500217,-0.4152016339,0.6330426663,0,0
"Germany",2013,2,"2013Q2",2013.25,74,7,0.2302672023,0.5537312308,0.195980755,0.4539222675,0.3887464044,0.5142706288,0.6355665881,0,0
"Germany",2013,3,"2013Q3",2013.5,75,7,0.2358870676,0.5535571323,0.1957306956,0.4577608349,0.3931136863,0.3591295536,0.6367995702,0,0
"Germany",2013,4,"2013Q4",2013.75,76,7,0.2396792602,0.5497645241,0.1987059152,0.4657430749,0.3925030483,0.2695099823,0.6374409114,0,0
"Germany",2014,1,"2014Q1",2014,77,7,0.2495658809,0.5457476075,0.2010610089,0.461675367,0.3905416753,0.8959250583,0.637927785,0,0
"Germany",2014,2,"2014Q2",2014.25,78,7,0.2490035566,0.5468423476,0.1987701056,0.4648259516,0.3954850414,-0.4934651106,0.6406181524,0,0
"Germany",2014,3,"2014Q3",2014.5,79,7,0.2524661964,0.548775933,0.1971560378,0.4727324329,0.3964731183,-0.02221479457,0.6428777278,0,0
"Germany",2014,4,"2014Q4",2014.75,80,7,0.2620427653,0.5467089534,0.1981189443,0.4772979593,0.4005116077,0.8908063855,0.6432022816,0,0
"Germany",2015,1,"2015Q1",2015,81,7,0.2606538119,0.5473395395,0.1973139832,0.4817195346,0.4098747014,-0.2223956804,0.643243076,0,0
"Germany",2015,2,"2015Q2",2015.25,82,7,0.2665666155,0.5461264547,0.1962578573,0.4874027654,0.407595445,0.566243851,0.642908277,0,0
"Germany",2015,3,"2015Q3",2015.5,83,7,0.2696017984,0.5481262992,0.1971267605,0.4868568246,0.4111228447,0.02852956771,0.6441821708,0,0
"Germany",2015,4,"2015Q4",2015.75,84,7,0.2750968209,0.5483992391,0.2009643162,0.4809093944,0.4124580791,-0.2544472102,0.6488822421,0,0
"Germany",2016,1,"2016Q1",2016,85,7,0.2841886191,0.5466323763,0.2021567239,0.4814891054,0.4172172177,-0.2317198169,0.655668613,0,0
"Germany",2016,2,"2016Q2",2016.25,86,7,0.2886136049,0.5445723202,0.199075063,0.4853787049,0.4134053484,-0.02973809255,0.6581113356,0,0
"Germany",2016,3,"2016Q3",2016.5,87,7,0.2903241612,0.5454071721,0.2000638891,0.4827626506,0.4152648835,-0.00748685706,0.6586266322,0,0
"Germany",2016,4,"2016Q4",2016.75,88,7,0.2941846499,0.5468718649,0.1997806559,0.4869221087,0.4245884213,0.04607768308,0.6602078995,0,0
"Germany",2017,1,"2017Q1",2017,89,7,0.3052344861,0.5446379561,0.2015423003,0.4927210904,0.4242904681,1.072665609,0.6604645036,0,0
"Germany",2017,2,"2017Q2",2017.25,90,7,0.3107139519,0.5458117402,0.2030960137,0.4953537314,0.4293850021,0.1850868468,0.6629087829,0,0
"Germany",2017,3,"2017Q3",2017.5,91,7,0.3165141263,0.5430477242,0.2027229816,0.4982274675,0.4301160562,-0.005835521038,0.666847479,0,0
"Germany",2017,4,"2017Q4",2017.75,92,7,0.3218451418,0.5412847436,0.2023059415,0.5038270366,0.4334169799,0.477103785,0.6672646602,0,0
"Germany",2018,1,"2018Q1",2018,93,7,0.3254992263,0.5421338703,0.2044372429,0.5006685434,0.4309353807,0.4774353437,0.6659539052,0,0
"Germany",2018,2,"2018Q2",2018.25,94,7,0.3300049093,0.5413439781,0.2044751991,0.5018155644,0.4363338539,0.6268645273,0.664219174,0,0
"Germany",2018,3,"2018Q3",2018.5,95,7,0.3281444388,0.5420266588,0.2059589757,0.5024986714,0.4409932841,-0.1298875566,0.663285806,0,0
"Germany",2018,4,"2018Q4",2018.75,96,7,0.3331000319,0.5422597149,0.2062836208,0.503514755,0.442795844,0.2765216704,0.6641795119,0,0
"Germany",2019,1,"2019Q1",2019,97,7,0.3383668803,0.5423240436,0.2065984233,0.5052774447,0.4453150043,0.3175619336,0.6653301151,0,0
"Germany",2019,2,"2019Q2",2019.25,98,7,0.343320927,0.5425041022,0.2069271936,0.507204935,0.4482101636,0.3061230327,0.6663505726,0,0
"Germany",2019,3,"2019Q3",2019.5,99,7,0.3475769315,0.5428470892,0.2073094777,0.509394293,0.4514607633,0.2437633495,0.6673230008,0,0
"Germany",2019,4,"2019Q4",2019.75,100,7,0.3512563139,0.5431250015,0.2077273956,0.5117866776,0.4548885414,0.1935478979,0.6682471701,0,0
"Germany",2020,1,"2020Q1",2020,101,7,0.3545569784,0.543446491,0.2081624798,0.5142574554,0.4583295477,0.1656085592,0.6692114407,0,0
"Germany",2020,2,"2020Q2",2020.25,102,7,0.3574124071,0.54395614,0.2086379987,0.5165857787,0.4619128298,0.1409617591,0.6700439339,0,0
"Germany",2020,3,"2020Q3",2020.5,103,7,0.3601660175,0.5444674604,0.2091122654,0.5185138336,0.4650648208,0.1432109276,0.6707940985,0,0
"Germany",2020,4,"2020Q4",2020.75,104,7,0.3628484237,0.5449637667,0.2095789726,0.5202275817,0.4679933707,0.1485276961,0.6714616145,0,0
"Hungary",1995,1,"1995Q1",1995,1,8,0.00176746187,0.5358551097,0.1875734658,0.2107982168,0.2328257426,1.243726743,0.4526777366,0,0
"Hungary",1995,2,"1995Q2",1995.25,2,8,0.0005558319505,0.533909445,0.190217744,0.2376332764,0.2529917489,0.09428274638,0.4514452158,0,0
"Hungary",1995,3,"1995Q3",1995.5,3,8,0.0006645662141,0.5267746735,0.1860324365,0.2704836992,0.2591987608,0.006765456975,0.4512057503,0,0
"Hungary",1995,4,"1995Q4",1995.75,4,8,-0.002994276668,0.52753114,0.1886623509,0.2978731956,0.2798125663,-0.1431844339,0.4499448907,0,0
"Hungary",1996,1,"1996Q1",1996,5,8,-0.0009575361245,0.5183038867,0.1892055733,0.2622715981,0.2554656787,0.7121529738,0.4476521314,0,0
"Hungary",1996,2,"1996Q2",1996.25,6,8,-0.004267725586,0.5179007692,0.1931974938,0.2756828486,0.2656094952,-0.3717751299,0.4478239195,0,0
"Hungary",1996,3,"1996Q3",1996.5,7,8,-0.003824647151,0.5218951919,0.1983510441,0.2844190594,0.2830030499,0.04264911856,0.447820653,0,0
"Hungary",1996,4,"1996Q4",1996.75,8,8,0.007530366347,0.5145962692,0.2066464022,0.2880867782,0.2936702514,0.4607970714,0.4508415674,0,0
"Hungary",1997,1,"1997Q1",1997,9,8,0.01789656835,0.5166288716,0.2050855552,0.301092648,0.307917432,1.496887637,0.4488056493,0,0
"Hungary",1997,2,"1997Q2",1997.25,10,8,0.02807479471,0.5115643662,0.2036804554,0.3229029268,0.3207565781,1.225087687,0.44791072,0,0
"Hungary",1997,3,"1997Q3",1997.5,11,8,0.03770680099,0.5082363986,0.2089376794,0.3406629075,0.337303041,0.6093702856,0.4495328228,0,0
"Hungary",1997,4,"1997Q4",1997.75,12,8,0.04767089566,0.5096111483,0.2103687332,0.3531119499,0.3505567633,0.1366812737,0.4534489985,0,0
"Hungary",1998,1,"1998Q1",1998,13,8,0.05857242071,0.5111678514,0.2173017862,0.3604636867,0.3698086987,0.7088262612,0.4553075231,0,0
"Hungary",1998,2,"1998Q2",1998.25,14,8,0.07262020477,0.5110064043,0.2206837475,0.3640599285,0.3840430133,1.205443383,0.4563424408,0,0
"Hungary",1998,3,"1998Q3",1998.5,15,8,0.08096713929,0.5140575719,0.2281916256,0.3672140848,0.3987023816,0.08278823365,0.4599140857,0,0
"Hungary",1998,4,"1998Q4",1998.75,16,8,0.08310377367,0.5216821832,0.2243428315,0.3705760304,0.3973342171,-0.7436280874,0.4644666924,0,0
"Hungary",1999,1,"1999Q1",1999,17,8,0.08514804802,0.5306083377,0.2310213866,0.3778780548,0.4022696962,-1.263106545,0.4715384767,0,0
"Hungary",1999,2,"1999Q2",1999.25,18,8,0.09490225563,0.5348382502,0.2349991535,0.38394454,0.4201893105,0.5323911448,0.4738385747,0,0
"Hungary",1999,3,"1999Q3",1999.5,19,8,0.1122063186,0.5330249363,0.2342767734,0.3995049416,0.4334122915,1.615767845,0.4745889128,0,0
"Hungary",1999,4,"1999Q4",1999.75,20,8,0.12345023,0.532053926,0.2327980962,0.4240362639,0.4472575675,0.8207618881,0.4762397288,0,0
"Hungary",2000,1,"2000Q1",2000,21,8,0.1311148892,0.5293566757,0.2339469235,0.4461160297,0.4702751702,0.7900514752,0.4761763895,0,0
"Hungary",2000,2,"2000Q2",2000.25,22,8,0.1416709364,0.5260422112,0.2355785305,0.4616879865,0.4750163159,0.8503273461,0.4772039579,0,0
"Hungary",2000,3,"2000Q3",2000.5,23,8,0.1492626057,0.5264902268,0.2341985955,0.4792656878,0.5139549637,0.1684382344,0.4800806643,0,0
"Hungary",2000,4,"2000Q4",2000.75,24,8,0.1650061636,0.5234297688,0.2365136422,0.5108163529,0.5495145973,0.9151757495,0.4833054332,0,0
"Hungary",2001,1,"2001Q1",2001,25,8,0.1727831865,0.5235170024,0.2310730875,0.5017992508,0.5233744705,0.1707828308,0.4863933542,0,0
"Hungary",2001,2,"2001Q2",2001.25,26,8,0.1814034524,0.5283158404,0.2319789442,0.4979520854,0.51558412,1.348680715,0.4841771576,0,0
"Hungary",2001,3,"2001Q3",2001.5,27,8,0.1897562261,0.5302027586,0.2320984774,0.4964932129,0.4956475898,0.6458911054,0.4852404602,0,0
"Hungary",2001,4,"2001Q4",2001.75,28,8,0.1975611803,0.5349215799,0.2337476193,0.4922712182,0.5121923297,1.418190763,0.4823005804,0,0
"Hungary",2002,1,"2002Q1",2002,29,8,0.2186626707,0.5342551741,0.2411192931,0.5067923396,0.534346274,1.652575836,0.4848067029,0,0
"Hungary",2002,2,"2002Q2",2002.25,30,8,0.2235483016,0.5416111391,0.2386654322,0.5139363604,0.5287006907,0.3598921921,0.4857258338,0,0
"Hungary",2002,3,"2002Q3",2002.5,31,8,0.2331784333,0.5504315803,0.2386950712,0.5022400555,0.5206690921,1.060187567,0.485549058,0,0
"Hungary",2002,4,"2002Q4",2002.75,32,8,0.2430204737,0.5582711179,0.2395918362,0.488615642,0.5440995941,0.7778636939,0.486847941,0,0
"Hungary",2003,1,"2003Q1",2003,33,8,0.249194085,0.5687852688,0.2270496517,0.4961934822,0.5404703821,0.2858616031,0.4888054671,0,0
"Hungary",2003,2,"2003Q2",2003.25,34,8,0.2608142057,0.5707601676,0.2330773063,0.4974304165,0.5495067361,0.1881125551,0.493933965,0,0
"Hungary",2003,3,"2003Q3",2003.5,35,8,0.2717018759,0.5721751372,0.23318542,0.5215921911,0.5726374508,0.9362109854,0.4950338424,0,0
"Hungary",2003,4,"2003Q4",2003.75,36,8,0.2834119909,0.5721364277,0.2415931396,0.5439211022,0.5824254081,1.045190104,0.4960037889,0,0
"Hungary",2004,1,"2004Q1",2004,37,8,0.2977144059,0.5440749362,0.2429334443,0.5606140182,0.5880292584,1.843347806,0.4941853117,0,0
"Hungary",2004,2,"2004Q2",2004.25,38,8,0.3086234927,0.5639630152,0.2388885402,0.5787142184,0.6477200019,1.709009978,0.4913652974,0,0
"Hungary",2004,3,"2004Q3",2004.5,39,8,0.3204252475,0.5614422438,0.2411626502,0.5806815623,0.6414448137,1.426831963,0.4903795888,0,0
"Hungary",2004,4,"2004Q4",2004.75,40,8,0.3254062746,0.5559710439,0.2375178109,0.5977262499,0.6358772394,0.2965230673,0.4915945336,0,0
"Hungary",2005,1,"2005Q1",2005,41,8,0.3381892809,0.5508153734,0.2340039876,0.5971889849,0.6198631927,1.134218781,0.4923301029,0,0
"Hungary",2005,2,"2005Q2",2005.25,42,8,0.3539886172,0.5488926674,0.2404647497,0.6264467132,0.6506792596,1.788505605,0.4913310179,0,0
"Hungary",2005,3,"2005Q3",2005.5,43,8,0.3618967653,0.5466657224,0.2405599032,0.6336647984,0.6633627888,0.4286925896,0.4931402693,0,0
"Hungary",2005,4,"2005Q4",2005.75,44,8,0.3736558657,0.5462124342,0.2368823278,0.6460776362,0.6598684694,1.256209344,0.4927712287,0,0
"Hungary",2006,1,"2006Q1",2006,45,8,0.3816658509,0.5420822736,0.2386005514,0.6874702293,0.7049364121,0.2163218704,0.4956113053,0,0
"Hungary",2006,2,"2006Q2",2006.25,46,8,0.3945719817,0.5357894575,0.2293687109,0.7021559173,0.698329006,1.04136456,0.4967985556,0,0
"Hungary",2006,3,"2006Q3",2006.5,47,8,0.4007177538,0.5343706489,0.2293093525,0.7207959397,0.7215782414,1.098259612,0.4943520852,0,0
"Hungary",2006,4,"2006Q4",2006.75,48,8,0.4092343792,0.5297651623,0.2243651192,0.7656750083,0.7550189723,0.5393600158,0.4958488829,0,0
"Hungary",2007,1,"2007Q1",2007,49,8,0.3988680795,0.5385746268,0.240519348,0.8035999059,0.7917340499,-1.016925089,0.4956543861,0,0
"Hungary",2007,2,"2007Q2",2007.25,50,8,0.3974205413,0.539378831,0.2387443948,0.8198319135,0.8014833225,0.2204802021,0.4937509801,0,0
"Hungary",2007,3,"2007Q3",2007.5,51,8,0.4028535926,0.5383432146,0.2365689664,0.8427967023,0.8269580825,1.050266159,0.4911583048,0,0
"Hungary",2007,4,"2007Q4",2007.75,52,8,0.4058679993,0.5399816896,0.2401289465,0.8589764759,0.845434014,1.080884581,0.4872497794,0,0
"Hungary",2008,1,"2008Q1",2008,53,8,0.4131255171,0.5351125148,0.240408633,0.9200668661,0.8913897035,0.9065328651,0.4863729392,0,0
"Hungary",2008,2,"2008Q2",2008.25,54,8,0.4180050612,0.5296297187,0.2369884935,0.8924792315,0.8814328711,0.9009605368,0.4843715378,0,0
"Hungary",2008,3,"2008Q3",2008.5,55,8,0.4164898354,0.5236048036,0.2380630677,0.8699954883,0.8522172208,-0.6215343408,0.4866567209,0,0
"Hungary",2008,4,"2008Q4",2008.75,56,8,0.382565991,0.5281419371,0.2441811303,0.8489700878,0.814142501,-2.593775382,0.4827889097,0,0
"Hungary",2009,1,"2009Q1",2009,57,8,0.3411761308,0.5386892613,0.2405313821,0.8064785071,0.7539545881,-2.855949615,0.4766726087,0,0
"Hungary",2009,2,"2009Q2",2009.25,58,8,0.3394870681,0.5326073136,0.2395462335,0.8146715392,0.7489215902,0.2956988155,0.4745014159,0,0
"Hungary",2009,3,"2009Q3",2009.5,59,8,0.3389935255,0.5224561286,0.2314563244,0.8485268852,0.7979893475,1.147096653,0.4688959328,0,0
"Hungary",2009,4,"2009Q4",2009.75,60,8,0.3394467917,0.5210670456,0.2305823774,0.8800196798,0.8394612755,-0.2451899484,0.4702981162,0,0
"Hungary",2010,1,"2010Q1",2010,61,8,0.3375919607,0.519061236,0.2173785591,0.8901619561,0.8206139904,-0.1648384474,0.4703354048,0,0
"Hungary",2010,2,"2010Q2",2010.25,62,8,0.3440215891,0.509836714,0.2147994793,0.9209132653,0.8442736632,0.6999780147,0.4702016889,0,0
"Hungary",2010,3,"2010Q3",2010.5,63,8,0.3500456373,0.5092417704,0.2110712526,0.9343882285,0.8791325798,0.2800896769,0.4718545462,0,0
"Hungary",2010,4,"2010Q4",2010.75,64,8,0.3510559161,0.50799058,0.2046588255,0.9602869557,0.8940835519,0.1996634919,0.4715241842,0,0
"Hungary",2011,1,"2011Q1",2011,65,8,0.3585368578,0.5063908042,0.2113336014,0.9806802457,0.8985315973,0.6459963517,0.4721373937,0,0
"Hungary",2011,2,"2011Q2",2011.25,66,8,0.3587831354,0.5106530282,0.2053204288,0.961928403,0.8750031224,-0.4461347116,0.4744975214,0,0
"Hungary",2011,3,"2011Q3",2011.5,67,8,0.3616643254,0.5098856743,0.203118166,0.9670015298,0.8816725608,0.1055329436,0.4754972368,0,0
"Hungary",2011,4,"2011Q4",2011.75,68,8,0.3699361199,0.4999133678,0.2030405878,0.9744388662,0.8771417374,0.4631083568,0.4773646553,0,0
"Hungary",2012,1,"2012Q1",2012,69,8,0.347752113,0.5068245227,0.2066630269,0.978727909,0.8862588504,-2.605954472,0.4810870555,0,0
"Hungary",2012,2,"2012Q2",2012.25,70,8,0.3450200081,0.5036150382,0.2009862102,0.9751539988,0.8576851039,-0.9868922141,0.4864296543,0,0
"Hungary",2012,3,"2012Q3",2012.5,71,8,0.3488035397,0.4988955355,0.2013439307,0.9661830761,0.8578628839,-0.4306146897,0.4923079999,0,0
"Hungary",2012,4,"2012Q4",2012.75,72,8,0.3465240199,0.5019659409,0.2016888225,0.9528107826,0.8596595812,-0.1746810761,0.4939873143,0,0
"Hungary",2013,1,"2013Q1",2013,73,8,0.3530855324,0.4989715221,0.2037922106,0.9670181516,0.8677800538,1.164280477,0.4917895402,0,0
"Hungary",2013,2,"2013Q2",2013.25,74,8,0.3617607698,0.4950561382,0.2139759565,0.9820811062,0.8877397172,-0.6878505071,0.4998096406,0,0
"Hungary",2013,3,"2013Q3",2013.5,75,8,0.3741885974,0.4911457154,0.2220259488,0.9968522596,0.8788950322,0.8253541368,0.502213177,0,0
"Hungary",2013,4,"2013Q4",2013.75,76,8,0.3851725322,0.4879333338,0.2311869692,1.00194507,0.9054736832,-0.1245975138,0.5087099825,0,0
"Hungary",2014,1,"2014Q1",2014,77,8,0.3938382597,0.4872004829,0.2370634262,1.028133194,0.9271889607,-2.559835624,0.5275776205,0,0
"Hungary",2014,2,"2014Q2",2014.25,78,8,0.406221671,0.4866022162,0.2347503719,1.025513418,0.9504082133,1.596233035,0.5268287674,0,0
"Hungary",2014,3,"2014Q3",2014.5,79,8,0.4147389883,0.4857254088,0.2369514974,1.040899103,0.9454840556,-0.09685211499,0.5330016802,0,0
"Hungary",2014,4,"2014Q4",2014.75,80,8,0.4208296964,0.4878153959,0.2312949431,1.042366855,0.9500293287,0.2743812043,0.5359491697,0,0
"Hungary",2015,1,"2015Q1",2015,81,8,0.4357071633,0.4855922308,0.2240718061,1.057046111,0.9337332183,0.6243060985,0.541209468,0,0
"Hungary",2015,2,"2015Q2",2015.25,82,8,0.4376224597,0.4890427329,0.240944449,1.057844488,0.9622973873,-0.6672625909,0.546496694,0,0
"Hungary",2015,3,"2015Q3",2015.5,83,8,0.4447776499,0.4903323216,0.235497507,1.074075465,0.9728777664,-0.05912467447,0.5513721158,0,0
"Hungary",2015,4,"2015Q4",2015.75,84,8,0.4543633133,0.4909709296,0.2502182057,1.096876885,0.9882818594,0.5791674546,0.5540973754,0,0
"Hungary",2016,1,"2016Q1",2016,85,8,0.4501767339,0.4977392648,0.1996696812,1.085133959,0.9692075988,-1.74904577,0.5621681552,0,0
"Hungary",2016,2,"2016Q2",2016.25,86,8,0.4628632317,0.4958881847,0.1975269401,1.116343332,0.9892359393,0.4418164916,0.5674924142,0,0
"Hungary",2016,3,"2016Q3",2016.5,87,8,0.4689951934,0.497493347,0.2100131886,1.108558162,0.9826798497,0.1586433915,0.5707391575,0,0
"Hungary",2016,4,"2016Q4",2016.75,88,8,0.4765953621,0.4989712637,0.2140472183,1.097455952,0.9796912374,-0.1410710285,0.5765741147,0,0
"Hungary",2017,1,"2017Q1",2017,89,8,0.4904511904,0.4975241935,0.2239626446,1.121702924,1.027093168,1.222937197,0.5782058932,0,0
"Hungary",2017,2,"2017Q2",2017.25,90,8,0.5016145707,0.4988740515,0.2323224241,1.102061324,1.006099611,0.8670064236,0.5803459859,0,0
"Hungary",2017,3,"2017Q3",2017.5,91,8,0.5122633576,0.5004303227,0.2368958236,1.095527531,1.014187581,0.9511134339,0.5817057091,0,0
"Hungary",2017,4,"2017Q4",2017.75,92,8,0.5252335209,0.5015533172,0.2368585254,1.103519232,1.000793158,0.978147711,0.5842665846,0,0
"Hungary",2018,1,"2018Q1",2018,93,8,0.5374292458,0.5019464858,0.2481756465,1.114760501,1.033108707,0.4427957267,0.5894060434,0,0
"Hungary",2018,2,"2018Q2",2018.25,94,8,0.5476253844,0.5033658732,0.2539586063,1.141737899,1.047698201,0.986537754,0.5901857179,0,0
"Hungary",2018,3,"2018Q3",2018.5,95,8,0.5595476872,0.5043415221,0.2595721327,1.154886253,1.067638089,0.8940160029,0.5925359629,0,0
"Hungary",2018,4,"2018Q4",2018.75,96,8,0.5666994092,0.5068927693,0.2664677593,1.166216557,1.08927321,0.3922665692,0.5950430594,0,0
"Hungary",2019,1,"2019Q1",2019,97,8,0.5764983056,0.5075041082,0.2683706436,1.173583004,1.097692106,0.656984005,0.5975167939,0,0
"Hungary",2019,2,"2019Q2",2019.25,98,8,0.586161755,0.5081850118,0.2701973207,1.181017491,1.106196945,0.6434393115,0.6000013202,0,0
"Hungary",2019,3,"2019Q3",2019.5,99,8,0.5958073235,0.5086932187,0.2718500536,1.188464576,1.114267291,0.6416512182,0.6024966883,0,0
"Hungary",2019,4,"2019Q4",2019.75,100,8,0.6048782276,0.5090668762,0.2736701192,1.195859379,1.122463991,0.6830968784,0.6044048231,0,0
"Hungary",2020,1,"2020Q1",2020,101,8,0.6124681884,0.51019582,0.27427703,1.203663948,1.130935755,0.55979184,0.6062585196,0,0
"Hungary",2020,2,"2020Q2",2020.25,102,8,0.620700253,0.5109990476,0.2745105165,1.210684558,1.137585929,0.773256391,0.6072116332,0,0
"Hungary",2020,3,"2020Q3",2020.5,103,8,0.6270669221,0.512512924,0.2751243725,1.217764526,1.146140738,0.5867168426,0.6081669441,0,0
"Hungary",2020,4,"2020Q4",2020.75,104,8,0.6334015726,0.5140494439,0.2757484302,1.224925117,1.154796854,0.6084775437,0.6089724254,0,0
"Iceland",1995,1,"1995Q1",1995,1,9,-0.006359072853,0.5370226081,0.1480429205,0.296732876,0.2635306304,-1.77884152,0.7476276692,0,0
"Iceland",1995,2,"1995Q2",1995.25,2,9,-0.004971882993,0.5398006478,0.1518617012,0.2944384649,0.269469861,-0.6602475804,0.7523396406,0,0
"Iceland",1995,3,"1995Q3",1995.5,3,9,0.0006640299185,0.5420714081,0.1608073273,0.2939301648,0.2791297571,-0.02298094099,0.7554772154,0,0
"Iceland",1995,4,"1995Q4",1995.75,4,9,0.01057804464,0.5436850056,0.1718859757,0.2959550184,0.2900108111,0.7151465528,0.7562795626,0,0
"Iceland",1996,1,"1996Q1",1996,5,9,0.02657138038,0.5442286281,0.185622802,0.3022622466,0.3024126241,1.805677087,0.7535321575,0,0
"Iceland",1996,2,"1996Q2",1996.25,6,9,0.04042366279,0.5449052349,0.1903599053,0.3076984106,0.3073233451,1.667157235,0.7502293161,0,0
"Iceland",1996,3,"1996Q3",1996.5,7,9,0.05371797945,0.5455767042,0.1904810115,0.3127123656,0.3082396353,1.698750563,0.7462903306,0,0
"Iceland",1996,4,"1996Q4",1996.75,8,9,0.06582159182,0.5465954837,0.1885151919,0.3158565962,0.3073022181,1.494473163,0.7430066794,0,0
"Iceland",1997,1,"1997Q1",1997,9,9,0.09333546084,0.5299122282,0.1879832014,0.3155057916,0.2854952669,3.000779582,0.7392969552,0,0
"Iceland",1997,2,"1997Q2",1997.25,10,9,0.08158670973,0.5561632403,0.1964776984,0.3075704848,0.3160147207,-1.439001782,0.7393975986,0,0
"Iceland",1997,3,"1997Q3",1997.5,11,9,0.09217786198,0.559896047,0.1981829789,0.3077838234,0.3216329483,0.4642410077,0.741952822,0,0
"Iceland",1997,4,"1997Q4",1997.75,12,9,0.1114849883,0.5640100249,0.2035121937,0.316195224,0.338017647,1.051576255,0.7466409171,0,0
"Iceland",1998,1,"1998Q1",1998,13,9,0.09251407447,0.5910296501,0.252284042,0.2871439149,0.3919867073,-3.190193192,0.7536686313,0,0
"Iceland",1998,2,"1998Q2",1998.25,14,9,0.166732391,0.5632774384,0.2335512421,0.3035558683,0.3481334284,6.24709311,0.759872173,0,0
"Iceland",1998,3,"1998Q3",1998.5,15,9,0.182520356,0.5751356576,0.2314733279,0.3069035723,0.3592607667,0.4076927755,0.7661085505,0,0
"Iceland",1998,4,"1998Q4",1998.75,16,9,0.2076191301,0.5737303962,0.2422293176,0.283266104,0.3402183421,1.432678361,0.7716807571,0,0
"Iceland",1999,1,"1999Q1",1999,17,9,0.2139116469,0.5816750497,0.2147451083,0.2921709128,0.3308559747,-0.3498083169,0.7762436485,0,0
"Iceland",1999,2,"1999Q2",1999.25,18,9,0.1719521914,0.6068287311,0.225499424,0.3001073227,0.3864638872,-4.926259339,0.7789054113,0,0
"Iceland",1999,3,"1999Q3",1999.5,19,9,0.1946489761,0.6013263436,0.225697558,0.2885340898,0.3641089203,1.705808288,0.7802882006,0,0
"Iceland",1999,4,"1999Q4",1999.75,20,9,0.2301050041,0.5846157005,0.2248348553,0.2900229186,0.347027919,3.084118732,0.7808851492,0,0
"Iceland",2000,1,"2000Q1",2000,21,9,0.2383328548,0.584934813,0.2380658251,0.2820743277,0.3499941721,0.4917426387,0.7802095262,0,0
"Iceland",2000,2,"2000Q2",2000.25,22,9,0.2271845295,0.6039371196,0.2453544433,0.2896395694,0.3895824348,-1.613887452,0.7808588646,0,0
"Iceland",2000,3,"2000Q3",2000.5,23,9,0.2690957833,0.5807562353,0.2309904565,0.3003159888,0.3617501023,3.620502793,0.7820817205,0,0
"Iceland",2000,4,"2000Q4",2000.75,24,9,0.2673160759,0.5845859064,0.2362782473,0.2867122069,0.3656554047,-0.767084829,0.7834647319,0,0
"Iceland",2001,1,"2001Q1",2001,25,9,0.2675030064,0.5761229843,0.2362888638,0.3117127336,0.3755307899,-0.6921272841,0.7857781392,0,0
"Iceland",2001,2,"2001Q2",2001.25,26,9,0.2846420994,0.5547647906,0.2178061368,0.2813729311,0.3034530942,1.429479999,0.7847586735,0,0
"Iceland",2001,3,"2001Q3",2001.5,27,9,0.2741615237,0.5546161194,0.2188855742,0.2977658577,0.3247445198,-1.042210619,0.7814821718,0,0
"Iceland",2001,4,"2001Q4",2001.75,28,9,0.3281464813,0.519309812,0.2055177079,0.2995647667,0.2699958737,5.686009816,0.7760435996,0,0
"Iceland",2002,1,"2002Q1",2002,29,9,0.2699279823,0.5479815796,0.1893528853,0.3165139654,0.3201389882,-5.052628461,0.7682266204,0,0
"Iceland",2002,2,"2002Q2",2002.25,30,9,0.2937928974,0.541695434,0.1889382956,0.3094790298,0.3061118147,2.866708831,0.7626939014,0,0
"Iceland",2002,3,"2002Q3",2002.5,31,9,0.2986011394,0.5461424286,0.1944972613,0.301415892,0.3084714599,0.813528939,0.7583232713,0,0
"Iceland",2002,4,"2002Q4",2002.75,32,9,0.3197826706,0.5381577948,0.1917422405,0.2954793337,0.2934095722,2.217713197,0.7557420116,0,0
"Iceland",2003,1,"2003Q1",2003,33,9,0.3363750663,0.5421165831,0.1926308855,0.3118053801,0.3042763216,2.485723329,0.7483568433,0,0
"Iceland",2003,2,"2003Q2",2003.25,34,9,0.2941377193,0.5700038425,0.2061998275,0.2950768278,0.3371600312,-5.476821906,0.7566175565,0,0
"Iceland",2003,3,"2003Q3",2003.5,35,9,0.3130797906,0.5702197858,0.2090170841,0.3044390177,0.3534347442,-0.3156312925,0.7723252929,0,0
"Iceland",2003,4,"2003Q4",2003.75,36,9,0.3283336736,0.5708516145,0.2093839256,0.2949449337,0.3291953126,4.465734807,0.7487867911,0,0
"Iceland",2004,1,"2004Q1",2004,37,9,0.3904443566,0.5471548669,0.2234060081,0.3084203422,0.3327039564,6.435873144,0.7448067168,0,0
"Iceland",2004,2,"2004Q2",2004.25,38,9,0.3649944927,0.5648991596,0.2437490737,0.2922134519,0.3555863465,-2.585832695,0.7428255171,0,0
"Iceland",2004,3,"2004Q3",2004.5,39,9,0.3916614952,0.5637885816,0.2386493479,0.3103798986,0.3507612819,2.383040145,0.7426576455,0,0
"Iceland",2004,4,"2004Q4",2004.75,40,9,0.4335374605,0.5583120666,0.2512382275,0.2968288241,0.3539934166,2.718449363,0.7513513391,0,0
"Iceland",2005,1,"2005Q1",2005,41,9,0.4072441699,0.5844513623,0.2696699618,0.313039262,0.4044625858,-3.451569555,0.7550753351,0,0
"Iceland",2005,2,"2005Q2",2005.25,42,9,0.4591299277,0.5828204285,0.2701757533,0.3224266584,0.4112200331,4.22112359,0.7599286214,0,0
"Iceland",2005,3,"2005Q3",2005.5,43,9,0.4760647984,0.584663181,0.3154538198,0.291754443,0.4325689581,1.401991922,0.7596688124,0,0
"Iceland",2005,4,"2005Q4",2005.75,44,9,0.4831733018,0.5893103613,0.3287390462,0.2898748478,0.4380270994,-0.4482066671,0.7660341969,0,0
"Iceland",2006,1,"2006Q1",2006,45,9,0.4900021247,0.5968644949,0.3469698223,0.2875034641,0.4636543293,-1.635619583,0.7779643085,0,0
"Iceland",2006,2,"2006Q2",2006.25,46,9,0.5101744353,0.5761150571,0.3283404114,0.2843180266,0.4296586852,0.9764473415,0.7800957071,0,0
"Iceland",2006,3,"2006Q3",2006.5,47,9,0.5081717935,0.5691432611,0.3299495853,0.2665828537,0.4101897076,-0.9843852321,0.7802733938,0,0
"Iceland",2006,4,"2006Q4",2006.75,48,9,0.5233584219,0.5683464374,0.3884627268,0.2631419553,0.4577175266,0.8353296621,0.7797097703,0,0
"Iceland",2007,1,"2007Q1",2007,49,9,0.5682871172,0.5532224162,0.2738489933,0.3153901922,0.3825379831,1.290486072,0.7997580043,0,0
"Iceland",2007,2,"2007Q2",2007.25,50,9,0.5888244467,0.566366874,0.2992320095,0.2980466406,0.4015913466,2.284251108,0.7926734524,0,0
"Iceland",2007,3,"2007Q3",2007.5,51,9,0.5900510469,0.5777367189,0.3115387552,0.2772800798,0.389449075,-0.285834392,0.7907222871,0,0
"Iceland",2007,4,"2007Q4",2007.75,52,9,0.6414527788,0.5549215098,0.2527818137,0.3492615713,0.3996727718,4.975371576,0.7868896087,0,0
"Iceland",2008,1,"2008Q1",2008,53,9,0.6343263473,0.5618052782,0.2544441715,0.2934680169,0.3576872309,-1.261398655,0.7854646753,0,0
"Iceland",2008,2,"2008Q2",2008.25,54,9,0.6213171065,0.5299455941,0.2224157745,0.3434774996,0.3334044026,-1.900347653,0.7844811836,0,0
"Iceland",2008,3,"2008Q3",2008.5,55,9,0.5952274713,0.5201124663,0.234725582,0.3078676905,0.3233747668,-2.909022088,0.7811976422,0,0
"Iceland",2008,4,"2008Q4",2008.75,56,9,0.6177127362,0.4479792869,0.198807741,0.3135832704,0.2145954423,4.288245431,0.7599764138,0,0
"Iceland",2009,1,"2009Q1",2009,57,9,0.5389276554,0.4891154201,0.109166838,0.3806632341,0.2598262049,-4.047120149,0.7308875536,0,0
"Iceland",2009,2,"2009Q2",2009.25,58,9,0.5587148731,0.4783587988,0.1244548465,0.3443842811,0.2342527928,4.485514336,0.7122851406,0,0
"Iceland",2009,3,"2009Q3",2009.5,59,9,0.5540907749,0.4823905096,0.1279793182,0.3774711971,0.2652485076,-1.385095929,0.7183754132,0,0
"Iceland",2009,4,"2009Q4",2009.75,60,9,0.5363509524,0.4828733663,0.1473617473,0.3589514258,0.2649644906,-2.038560033,0.7197656687,0,0
"Iceland",2010,1,"2010Q1",2010,61,9,0.5023933893,0.5050802451,0.1152573738,0.3724660418,0.2755663509,-3.710142641,0.7220868517,0,0
"Iceland",2010,2,"2010Q2",2010.25,62,9,0.5101010607,0.4907137603,0.1195478885,0.3807501745,0.2646159843,1.431223925,0.7173879192,0,0
"Iceland",2010,3,"2010Q3",2010.5,63,9,0.5036585558,0.5027847311,0.1198483357,0.3838402186,0.2809286791,-0.02805662588,0.7130351091,0,0
"Iceland",2010,4,"2010Q4",2010.75,64,9,0.5319793427,0.4956449486,0.1295721472,0.3908445819,0.2858608086,2.367864487,0.7164071729,0,0
"Iceland",2011,1,"2011Q1",2011,65,9,0.511212836,0.5037302209,0.1194293626,0.383781444,0.2844890237,-1.834960315,0.7140829406,0,0
"Iceland",2011,2,"2011Q2",2011.25,66,9,0.5176853363,0.5082076777,0.1226541956,0.3740618847,0.2777094921,-0.105904432,0.718883056,0,0
"Iceland",2011,3,"2011Q3",2011.5,67,9,0.5452968071,0.4963480639,0.1257695201,0.3978712651,0.287452149,2.695681492,0.7187560983,0,0
"Iceland",2011,4,"2011Q4",2011.75,68,9,0.5482512842,0.4984478611,0.1614324932,0.3947999751,0.3100514394,1.09827777,0.7124168409,0,0
"Iceland",2012,1,"2012Q1",2012,69,9,0.5478395072,0.4989840565,0.148437654,0.3925035064,0.3033012691,-0.5136106295,0.7146341544,0,0
"Iceland",2012,2,"2012Q2",2012.25,70,9,0.5228811977,0.5167769516,0.1453501029,0.3972630005,0.3120584692,-3.869536666,0.7233503088,0,0
"Iceland",2012,3,"2012Q3",2012.5,71,9,0.5505465391,0.500642282,0.1263045582,0.4051966508,0.2965523078,3.303021129,0.7183214614,0,0
"Iceland",2012,4,"2012Q4",2012.75,72,9,0.5529480306,0.5029462622,0.1304418553,0.3913472934,0.286637253,-0.3242918284,0.7212260566,0,0
"Iceland",2013,1,"2013Q1",2013,73,9,0.5755791567,0.4910996556,0.1271103431,0.3993984787,0.279031917,1.033825115,0.7281267,0,0
"Iceland",2013,2,"2013Q2",2013.25,74,9,0.5622834611,0.4956054725,0.1446330681,0.3924096229,0.2947269393,-1.930805405,0.730496661,0,0
"Iceland",2013,3,"2013Q3",2013.5,75,9,0.5924532182,0.4874372653,0.1319235147,0.4165997176,0.2893530418,0.9173580031,0.743943938,0,0
"Iceland",2013,4,"2013Q4",2013.75,76,9,0.6056753966,0.481699875,0.1363592341,0.416487868,0.2890636988,0.6109160774,0.7471986722,0,0
"Iceland",2014,1,"2014Q1",2014,77,9,0.5861012672,0.496241425,0.1504505494,0.4137415834,0.3071748183,-0.3909711897,0.7333525258,0,0
"Iceland",2014,2,"2014Q2",2014.25,78,9,0.5801840935,0.5048200434,0.1394958809,0.4058804817,0.3095354996,-1.184057997,0.7354767823,0,0
"Iceland",2014,3,"2014Q3",2014.5,79,9,0.6298006275,0.4844606485,0.1693651095,0.420376409,0.3178512196,3.078516674,0.7471967539,0,0
"Iceland",2014,4,"2014Q4",2014.75,80,9,0.6218690364,0.4920585512,0.1528128599,0.4026626361,0.3043348928,-0.8331829389,0.7452472837,0,0
"Iceland",2015,1,"2015Q1",2015,81,9,0.6205538567,0.4976271745,0.1723399557,0.4234972423,0.3384702929,-1.700878055,0.7550171109,0,0
"Iceland",2015,2,"2015Q2",2015.25,82,9,0.6519364216,0.4874577139,0.1636432732,0.4393221863,0.331737713,2.28823187,0.75943785,0,0
"Iceland",2015,3,"2015Q3",2015.5,83,9,0.6557028824,0.4943278638,0.1734441376,0.4236780177,0.32641143,0.9312296536,0.7532352162,0,0
"Iceland",2015,4,"2015Q4",2015.75,84,9,0.6649795438,0.4990741462,0.1925529164,0.4292410315,0.3527900021,-0.1198314499,0.7591538488,0,0
"Iceland",2016,1,"2016Q1",2016,85,9,0.6665289755,0.5084168018,0.2006290191,0.4355290356,0.3743256602,-1.041550064,0.7654563379,0,0
"Iceland",2016,2,"2016Q2",2016.25,86,9,0.7046793151,0.4955685051,0.2011592363,0.4445248332,0.3675594817,2.463215682,0.7730214255,0,0
"Iceland",2016,3,"2016Q3",2016.5,87,9,0.7411557258,0.4847498861,0.1919952391,0.4537021234,0.3525237752,2.605484197,0.7782581333,0,0
"Iceland",2016,4,"2016Q4",2016.75,88,9,0.7624563994,0.4876787441,0.2027562431,0.4389875926,0.3464762778,1.268545951,0.7821267564,0,0
"Iceland",2017,1,"2017Q1",2017,89,9,0.7454447138,0.5054187613,0.1977998901,0.4335443275,0.3590836527,-2.087148306,0.780515375,0,0
"Iceland",2017,2,"2017Q2",2017.25,90,9,0.7371090463,0.5234104195,0.2147829428,0.4661381805,0.414397501,-0.3999193764,0.7725762056,0,0
"Iceland",2017,3,"2017Q3",2017.5,91,9,0.7753971878,0.5072329572,0.2177221354,0.4337128397,0.3843855233,4.528076359,0.7627155634,0,0
"Iceland",2017,4,"2017Q4",2017.75,92,9,0.7753955972,0.5138856136,0.2079649807,0.4648575677,0.398713617,-2.122014741,0.7745521047,0,0
"Iceland",2018,1,"2018Q1",2018,93,9,0.7858098034,0.514469983,0.2047936784,0.4495784878,0.3813909597,0.5882336757,0.7765992231,0,0
"Iceland",2018,2,"2018Q2",2018.25,94,9,0.803874529,0.5135958182,0.2162951381,0.4396447971,0.3871025848,2.376545506,0.7707275019,0,0
"Iceland",2018,3,"2018Q3",2018.5,95,9,0.7960918364,0.5233022656,0.2166391005,0.4430797667,0.4018308503,-2.82255321,0.7851638844,0,0
"Iceland",2018,4,"2018Q4",2018.75,96,9,0.7963990995,0.5278497723,0.2173605751,0.4451583638,0.4097415495,-0.2688245908,0.7860388921,0,0
"Iceland",2019,1,"2019Q1",2019,97,9,0.8058730239,0.5270555581,0.218109961,0.4453704907,0.4094516975,0.6977044235,0.7864977819,0,0
"Iceland",2019,2,"2019Q2",2019.25,98,9,0.8180618916,0.5248357037,0.2175210396,0.4443746275,0.4049629888,1.019086506,0.7865673161,0,0
"Iceland",2019,3,"2019Q3",2019.5,99,9,0.8301802999,0.522662024,0.2169590906,0.4434122325,0.400622709,1.012040566,0.7866397195,0,0
"Iceland",2019,4,"2019Q4",2019.75,100,9,0.8398779287,0.5212412646,0.2169319923,0.4435242978,0.3990148195,0.7699626119,0.786714982,0,0
"Iceland",2020,1,"2020Q1",2020,101,9,0.8445454292,0.5219269239,0.2178861064,0.4436662665,0.4013506968,0.3168624402,0.7864106515,0,0
"Iceland",2020,2,"2020Q2",2020.25,102,9,0.8479690341,0.5227438232,0.2191234656,0.4443606753,0.4049016412,0.1924728706,0.7861092291,0,0
"Iceland",2020,3,"2020Q3",2020.5,103,9,0.8503485045,0.5241089557,0.2205425724,0.4444128507,0.4087406659,0.08805943281,0.7858107009,0,0
"Iceland",2020,4,"2020Q4",2020.75,104,9,0.8534364745,0.5251054843,0.2218211304,0.4441502404,0.4116595216,0.1589093871,0.7855150534,0,0
"Ireland",1995,1,"1995Q1",1995,1,10,-0.03025117529,0.4916688798,0.1931170781,0.5542642789,0.4808251138,1.11957274,0.5218197424,0,0
"Ireland",1995,2,"1995Q2",1995.25,2,10,-0.01526758134,0.4889974947,0.1855627115,0.5677397001,0.4935243628,0.4124221262,0.525786488,0,0
"Ireland",1995,3,"1995Q3",1995.5,3,10,0.01474094437,0.4877445815,0.2053902048,0.5726044143,0.5081680477,1.877657344,0.5299865162,0,0
"Ireland",1995,4,"1995Q4",1995.75,4,10,0.02965557675,0.4861130057,0.2000494793,0.5820829623,0.5105271036,0.481430617,0.5336216059,0,0
"Ireland",1996,1,"1996Q1",1996,5,10,0.05289380409,0.4776869635,0.2058903209,0.573357083,0.5014363163,1.712416611,0.5347832597,0,0
"Ireland",1996,2,"1996Q2",1996.25,6,10,0.07400208864,0.4794872863,0.2119532166,0.5837151626,0.5089320677,1.23947856,0.5373507234,0,0
"Ireland",1996,3,"1996Q3",1996.5,7,10,0.07517910298,0.48728227,0.2097904274,0.6065715277,0.536483222,-0.7145823296,0.5397279028,0,0
"Ireland",1996,4,"1996Q4",1996.75,8,10,0.09258210115,0.4888888103,0.208743398,0.6136402404,0.5420527712,0.7171808583,0.5431593998,0,0
"Ireland",1997,1,"1997Q1",1997,9,10,0.1280344814,0.4717027158,0.2156807956,0.6255008727,0.5459133071,2.345322639,0.5471095957,0,0
"Ireland",1997,2,"1997Q2",1997.25,10,10,0.1702615027,0.4650437134,0.2214388145,0.622715955,0.5372230829,3.438335963,0.548815566,0,0
"Ireland",1997,3,"1997Q3",1997.5,11,10,0.1912374279,0.4606418049,0.202598344,0.6362879381,0.5548633948,1.855143055,0.5475637228,0,0
"Ireland",1997,4,"1997Q4",1997.75,12,10,0.2157376711,0.4696397998,0.2388193013,0.6369685829,0.5605817485,-5.512095232,0.5901719945,0,0
"Ireland",1998,1,"1998Q1",1998,13,10,0.227768597,0.4662027553,0.227943684,0.6940505505,0.6330083593,0.8641797425,0.5889730292,0,0
"Ireland",1998,2,"1998Q2",1998.25,14,10,0.2514767886,0.4629330382,0.2274427479,0.7049723954,0.6337465139,1.563978911,0.5905505839,0,0
"Ireland",1998,3,"1998Q3",1998.5,15,10,0.2904268861,0.4545733465,0.2183919445,0.7097088689,0.6348926855,2.493836999,0.5956793129,0,0
"Ireland",1998,4,"1998Q4",1998.75,16,10,0.2684044827,0.4683320722,0.2438196071,0.74071645,0.6860091599,-3.479381066,0.6001249739,0,0
"Ireland",1999,1,"1999Q1",1999,17,10,0.3213761365,0.4625596534,0.2297367759,0.7127439117,0.619720919,2.850895164,0.6121640486,0,0
"Ireland",1999,2,"1999Q2",1999.25,18,10,0.3330990729,0.4577054533,0.2378331377,0.7469749053,0.6697755754,-0.2601390838,0.6181587908,0,0
"Ireland",1999,3,"1999Q3",1999.5,19,10,0.3793765166,0.4630824571,0.2478260547,0.7498116938,0.6648686943,3.227227184,0.6240260747,0,0
"Ireland",1999,4,"1999Q4",1999.75,20,10,0.4029719364,0.4501210035,0.2312763453,0.7730616318,0.680577763,1.232278441,0.628243034,0,0
"Ireland",2000,1,"2000Q1",2000,21,10,0.4121619275,0.4655685245,0.2362303846,0.7780891776,0.6842851646,-0.02413284367,0.6310505785,0,0
"Ireland",2000,2,"2000Q2",2000.25,22,10,0.4396086936,0.4671320654,0.2310503259,0.8212205027,0.737300692,1.657369051,0.6348008329,0,0
"Ireland",2000,3,"2000Q3",2000.5,23,10,0.4684923268,0.4557962947,0.2283071426,0.8313487178,0.7289135432,1.958491028,0.6375843574,0,0
"Ireland",2000,4,"2000Q4",2000.75,24,10,0.4796532057,0.4558950394,0.2220505765,0.8688394852,0.7772423772,0.4062109606,0.6389882426,0,0
"Ireland",2001,1,"2001Q1",2001,25,10,0.4877844193,0.4590417055,0.2304743188,0.922502234,0.8254285271,0.5072511998,0.6375878134,0,0
"Ireland",2001,2,"2001Q2",2001.25,26,10,0.5006615402,0.4584577434,0.2327935879,0.8764446673,0.7604474474,0.4031908653,0.6399000111,0,0
"Ireland",2001,3,"2001Q3",2001.5,27,10,0.5030296742,0.4569214054,0.2233972525,0.8876480937,0.7768736819,-0.6072122158,0.6419780125,0,0
"Ireland",2001,4,"2001Q4",2001.75,28,10,0.5180058883,0.4626940453,0.2244516547,0.8906876748,0.7837400132,1.023932016,0.6416992247,0,0
"Ireland",2002,1,"2002Q1",2002,29,10,0.5420435371,0.4514920144,0.2243276213,0.9539098312,0.8206309865,2.24094259,0.6391275333,0,0
"Ireland",2002,2,"2002Q2",2002.25,30,10,0.5487440852,0.4516141672,0.225541282,0.9070786795,0.8120837398,0.4966694196,0.6366535587,0,0
"Ireland",2002,3,"2002Q3",2002.5,31,10,0.5712039934,0.4488584192,0.2311926431,0.8884906746,0.7737545371,2.013476585,0.6345841358,0,0
"Ireland",2002,4,"2002Q4",2002.75,32,10,0.5785720211,0.4461343753,0.2272618996,0.8484145214,0.7232532605,0.3809688888,0.6333215599,0,0
"Ireland",2003,1,"2003Q1",2003,33,10,0.563532572,0.4591817187,0.2271126056,0.8423502815,0.7217806409,-2.238552362,0.6346906149,0,0
"Ireland",2003,2,"2003Q2",2003.25,34,10,0.5716354621,0.4537743482,0.2230839251,0.8460978919,0.7289982632,0.3306206566,0.6344601023,0,0
"Ireland",2003,3,"2003Q3",2003.5,35,10,0.5863843873,0.4505309238,0.2374827326,0.8633713994,0.7540053609,1.31551301,0.6322183023,0,0
"Ireland",2003,4,"2003Q4",2003.75,36,10,0.635355463,0.4339470268,0.2634025262,0.8760954352,0.7565642063,3.688809,0.6366439193,0,0
"Ireland",2004,1,"2004Q1",2004,37,10,0.6339547441,0.4369924887,0.2341631991,0.8566385516,0.6975271963,-0.6527325707,0.6366333218,0,0
"Ireland",2004,2,"2004Q2",2004.25,38,10,0.6511813692,0.434354413,0.2480683,0.8608263829,0.7080344661,0.8757502197,0.6387710172,0,0
"Ireland",2004,3,"2004Q3",2004.5,39,10,0.6546152648,0.4374158101,0.2446121563,0.8597828088,0.7203922189,-0.9213437653,0.6436161401,0,0
"Ireland",2004,4,"2004Q4",2004.75,40,10,0.6753590555,0.4312891926,0.2493684189,0.8500809064,0.704862437,0.9264007998,0.6477580039,0,0
"Ireland",2005,1,"2005Q1",2005,41,10,0.6863306694,0.4337085991,0.2511340205,0.8428527691,0.7187952781,-0.0427811512,0.6512075142,0,0
"Ireland",2005,2,"2005Q2",2005.25,42,10,0.7076335534,0.4404431902,0.2724072866,0.8624139697,0.7379910724,1.032822394,0.65442148,0,0
"Ireland",2005,3,"2005Q3",2005.5,43,10,0.7082874919,0.4511008113,0.2872229619,0.8525473145,0.7950187338,-1.112938722,0.6582073009,0,0
"Ireland",2005,4,"2005Q4",2005.75,44,10,0.7336867725,0.4432557798,0.2836853183,0.8638450509,0.7676878138,1.259600192,0.6627144249,0,0
"Ireland",2006,1,"2006Q1",2006,45,10,0.7442790203,0.4430332509,0.2800973842,0.8612250836,0.7795238287,0.06667270663,0.665008733,0,0
"Ireland",2006,2,"2006Q2",2006.25,46,10,0.7484103318,0.4527694545,0.2736232742,0.8546395756,0.7964012475,-0.5413147127,0.667084486,0,0
"Ireland",2006,3,"2006Q3",2006.5,47,10,0.7693463325,0.4464032269,0.2761843248,0.8779294278,0.7725820268,1.115413191,0.6693530835,0,0
"Ireland",2006,4,"2006Q4",2006.75,48,10,0.7712582414,0.4539096015,0.2855501498,0.8631195467,0.7947699389,-1.461125554,0.6761997518,0,0
"Ireland",2007,1,"2007Q1",2007,49,10,0.8180293568,0.4462499697,0.2706652706,0.8771739959,0.781388408,3.405539733,0.6799068104,0,0
"Ireland",2007,2,"2007Q2",2007.25,50,10,0.8076696782,0.4539500365,0.2705035803,0.8919106963,0.8164646745,-1.796634396,0.6801858553,0,0
"Ireland",2007,3,"2007Q3",2007.5,51,10,0.7849182386,0.4672496576,0.2703225021,0.9069045999,0.855537075,-2.90912464,0.6796384519,0,0
"Ireland",2007,4,"2007Q4",2007.75,52,10,0.8275429168,0.4520277414,0.2388497027,0.9015326248,0.8128356033,3.984963399,0.6767092989,0,0
"Ireland",2008,1,"2008Q1",2008,53,10,0.791654549,0.4682254015,0.2756566991,0.8735045094,0.8268765097,-3.43227573,0.6723705422,0,0
"Ireland",2008,2,"2008Q2",2008.25,54,10,0.7727543219,0.4721528673,0.233732248,0.8936088705,0.8212593044,-1.310857504,0.6652579925,0,0
"Ireland",2008,3,"2008Q3",2008.5,55,10,0.7657813562,0.4740533346,0.2377519615,0.8982137473,0.8152061583,0.6490214441,0.6532056894,0,0
"Ireland",2008,4,"2008Q4",2008.75,56,10,0.7271832699,0.4887702926,0.216417291,0.9345688245,0.8571564299,-1.975611465,0.6379459389,0,0
"Ireland",2009,1,"2009Q1",2009,57,10,0.7194995527,0.4798578783,0.2226322335,0.9997771242,0.8791112498,3.105160012,0.6126173393,0,0
"Ireland",2009,2,"2009Q2",2009.25,58,10,0.7214082454,0.4732424389,0.2128717801,0.9765500772,0.8501445421,2.177996782,0.5994992057,0,0
"Ireland",2009,3,"2009Q3",2009.5,59,10,0.7073406348,0.4768303822,0.2069806875,0.9843804724,0.8333042366,0.3994828518,0.5877259572,0,0
"Ireland",2009,4,"2009Q4",2009.75,60,10,0.702626037,0.4765110098,0.2070963316,1.004482584,0.8736825589,0.5023363505,0.5810021868,0,0
"Ireland",2010,1,"2010Q1",2010,61,10,0.7225561736,0.4733370554,0.1752210118,1.003610102,0.8097457612,3.068594309,0.5744375373,0,0
"Ireland",2010,2,"2010Q2",2010.25,62,10,0.7314454557,0.4716542899,0.18958659,1.033733972,0.8414844256,1.71748453,0.5693519722,0,0
"Ireland",2010,3,"2010Q3",2010.5,63,10,0.7385643807,0.468357108,0.1629537239,1.051601635,0.855481287,1.620352564,0.5638609121,0,0
"Ireland",2010,4,"2010Q4",2010.75,64,10,0.7328193352,0.4662079933,0.1799888819,1.032302778,0.881376157,0.4634038011,0.5577006139,0,0
"Ireland",2011,1,"2011Q1",2011,65,10,0.7638979804,0.4546319401,0.1628597506,1.045053333,0.8403905162,3.202756193,0.557390725,0,0
"Ireland",2011,2,"2011Q2",2011.25,66,10,0.768070582,0.4485019843,0.1916950945,1.027434421,0.8429346008,0.3487182596,0.5579922964,0,0
"Ireland",2011,3,"2011Q3",2011.5,67,10,0.7693459257,0.4385032579,0.1610262471,1.017434864,0.8384829577,1.389882735,0.5512095746,0,0
"Ireland",2011,4,"2011Q4",2011.75,68,10,0.7685879235,0.442720042,0.1755223022,1.013704135,0.8350882653,-0.7354823483,0.5550762453,0,0
"Ireland",2012,1,"2012Q1",2012,69,10,0.7677180617,0.4338184522,0.1899488508,1.000415873,0.8291986421,0.2582721683,0.5533126104,0,0
"Ireland",2012,2,"2012Q2",2012.25,70,10,0.77406128,0.4360850434,0.2404744644,1.004374531,0.8293469655,0.7887455736,0.5526081816,0,0
"Ireland",2012,3,"2012Q3",2012.5,71,10,0.7656086541,0.4442358545,0.189535615,1.01276941,0.8335589408,-0.8026209382,0.5525219654,0,0
"Ireland",2012,4,"2012Q4",2012.75,72,10,0.7702167246,0.4417851453,0.1758783615,1.039422142,0.8270784044,-0.2457594965,0.5565902407,0,0
"Ireland",2013,1,"2013Q1",2013,73,10,0.7540191097,0.442305714,0.1887139896,1.017488496,0.8399943272,-2.662479873,0.5623835863,0,0
"Ireland",2013,2,"2013Q2",2013.25,74,10,0.7809915127,0.4336611546,0.1758977865,1.046848641,0.8246075681,1.763848047,0.5676163434,0,0
"Ireland",2013,3,"2013Q3",2013.5,75,10,0.8025929095,0.4267917346,0.1950378139,1.022752104,0.8204312127,0.9734577095,0.5743507226,0,0
"Ireland",2013,4,"2013Q4",2013.75,76,10,0.792517779,0.4322696521,0.1919664491,1.031938949,0.8230896605,-1.758647105,0.5786392561,0,0
"Ireland",2014,1,"2014Q1",2014,77,10,0.8327283155,0.4162386569,0.2022955852,1.048648008,0.8453584691,3.792238049,0.5795571463,0,0
"Ireland",2014,2,"2014Q2",2014.25,78,10,0.8712017221,0.4039302885,0.1894430247,1.081231438,0.8417846097,3.710302187,0.5799442788,0,0
"Ireland",2014,3,"2014Q3",2014.5,79,10,0.8778640802,0.4042972455,0.2163607293,1.11054399,0.8953021158,-0.5737619326,0.5867682107,0,0
"Ireland",2014,4,"2014Q4",2014.75,80,10,0.8837872065,0.4059127709,0.2084226111,1.095986229,0.8998787882,-0.4839309396,0.5927013608,0,0
"Ireland",2015,1,"2015Q1",2015,81,10,1.087936256,0.3342300626,0.197867063,1.173202839,0.8390566243,19.64475901,0.5964767633,0,0
"Ireland",2015,2,"2015Q2",2015.25,82,10,1.079832263,0.3393314042,0.2202656027,1.184097551,0.8739816801,-1.667344624,0.6007985723,0,0
"Ireland",2015,3,"2015Q3",2015.5,83,10,1.09411343,0.3383485545,0.2349433882,1.227412654,0.9381921443,0.646160819,0.6046991671,0,0
"Ireland",2015,4,"2015Q4",2015.75,84,10,1.097271404,0.3386527749,0.3243468716,1.249071245,1.057812105,-0.2101513838,0.6070700566,0,0
"Ireland",2016,1,"2016Q1",2016,85,10,1.116066487,0.3413329011,0.2976853278,1.22537358,1.038361818,0.8167888947,0.6120345576,0,0
"Ireland",2016,2,"2016Q2",2016.25,86,10,1.122099807,0.3382669126,0.3657604268,1.211610545,1.052866823,-0.6882294441,0.6184571224,0,0
"Ireland",2016,3,"2016Q3",2016.5,87,10,1.107048964,0.3435299608,0.3713355022,1.235551467,1.08124875,-2.380250758,0.622354054,0,0
"Ireland",2016,4,"2016Q4",2016.75,88,10,1.202672857,0.3149874361,0.3878284055,1.146222513,1.022203562,9.134620886,0.6234836496,0,0
"Ireland",2017,1,"2017Q1",2017,89,10,1.153224876,0.3324866528,0.2239844596,1.217905707,0.9185955741,-5.9603633,0.6282138667,0,0
"Ireland",2017,2,"2017Q2",2017.25,90,10,1.188515985,0.3181338302,0.3118345762,1.188773699,0.9476600845,3.322646245,0.6278834152,0,0
"Ireland",2017,3,"2017Q3",2017.5,91,10,1.229523984,0.3129448206,0.1843643351,1.188042063,0.828590556,3.452069987,0.6303389534,0,0
"Ireland",2017,4,"2017Q4",2017.75,92,10,1.254863692,0.3073226036,0.2077957187,1.238801593,0.8557542392,1.38846213,0.6359597878,0,0
"Ireland",2018,1,"2018Q1",2018,93,10,1.250617189,0.3087081443,0.2022705816,1.175335337,0.8285246345,-1.231721026,0.6394412446,0,0
"Ireland",2018,2,"2018Q2",2018.25,94,10,1.275776014,0.3055859576,0.1944347482,1.214312072,0.8101893056,1.750720216,0.6426767411,0,0
"Ireland",2018,3,"2018Q3",2018.5,95,10,1.260680097,0.3120954576,0.201142637,1.206035952,0.837729122,-2.058084744,0.6445349556,0,0
"Ireland",2018,4,"2018Q4",2018.75,96,10,1.271968781,0.3104436746,0.2026635801,1.21042432,0.8410742096,0.5803753648,0.6464028936,0,0
"Ireland",2019,1,"2019Q1",2019,97,10,1.286311347,0.3078590316,0.2035733846,1.214068418,0.8418652396,0.9355024321,0.6480318619,0,0
"Ireland",2019,2,"2019Q2",2019.25,98,10,1.300437343,0.3053316783,0.2045315639,1.217747829,0.8428395274,0.9138454603,0.6496688911,0,0
"Ireland",2019,3,"2019Q3",2019.5,99,10,1.310855609,0.3039197341,0.2059539669,1.221998642,0.8463655146,0.5430725002,0.6513140022,0,0
"Ireland",2019,4,"2019Q4",2019.75,100,10,1.320285455,0.3028134785,0.2068772748,1.226266429,0.8498244695,0.4442303571,0.6529672161,0,0
"Ireland",2020,1,"2020Q1",2020,101,10,1.328465899,0.3019983395,0.2076541318,1.23017508,0.8530156954,0.3690539661,0.6543630565,0,0
"Ireland",2020,2,"2020Q2",2020.25,102,10,1.335386886,0.3015349727,0.2084491191,1.2345182,0.8571285303,0.243108085,0.6557655077,0,0
"Ireland",2020,3,"2020Q3",2020.5,103,10,1.341758183,0.3012078965,0.2091965022,1.23833116,0.8608830665,0.1881391698,0.6571745821,0,0
"Ireland",2020,4,"2020Q4",2020.75,104,10,1.34812556,0.3008823546,0.209947388,1.242160765,0.8646574383,0.1877471782,0.6585902927,0,0
"Italy",1995,1,"1995Q1",1995,1,11,-0.003467683393,0.5815404223,0.1823187103,0.213677352,0.1841323662,1.356728771,0.4644910362,0,0
"Italy",1995,2,"1995Q2",1995.25,2,11,-0.0003343259256,0.5818971222,0.1851219295,0.2212540198,0.1896743631,0.421318161,0.4637228555,0,0
"Italy",1995,3,"1995Q3",1995.5,3,11,-0.002410781041,0.588259639,0.1901464774,0.2147154313,0.188307968,-0.2548123994,0.4636749292,0,0
"Italy",1995,4,"1995Q4",1995.75,4,11,0.006184660906,0.5830499818,0.1963960342,0.2099380365,0.1887643024,0.5522320074,0.4648348354,0,0
"Italy",1996,1,"1996Q1",1996,5,11,0.01346807967,0.5825380211,0.1887284461,0.2139180451,0.1858558474,0.7807241228,0.4647859365,0,0
"Italy",1996,2,"1996Q2",1996.25,6,11,0.008243924647,0.5831339965,0.1905162866,0.2144743548,0.1794975532,-0.5547449197,0.4651309776,0,0
"Italy",1996,3,"1996Q3",1996.5,7,11,0.01049884549,0.582432498,0.1896924793,0.2132377737,0.1815586809,-0.06415032846,0.4666756299,0,0
"Italy",1996,4,"1996Q4",1996.75,8,11,0.009899058718,0.5869671194,0.1866073076,0.2161526513,0.1871708107,0.07207897515,0.4662551443,0,0
"Italy",1997,1,"1997Q1",1997,9,11,0.01258785774,0.5873673386,0.1876643625,0.2176674648,0.1909269254,0.4294875921,0.465723857,0,0
"Italy",1997,2,"1997Q2",1997.25,10,11,0.02608399843,0.5931812098,0.1871128259,0.2215059461,0.1976709527,1.041079025,0.4673808239,0,0
"Italy",1997,3,"1997Q3",1997.5,11,11,0.03209536372,0.5950765071,0.1876033718,0.2238835164,0.2016140603,0.4574464218,0.4682712299,0,0
"Italy",1997,4,"1997Q4",1997.75,12,11,0.04839862196,0.5897664132,0.192368803,0.2225204871,0.2024820701,1.881564238,0.4673142281,0,0
"Italy",1998,1,"1998Q1",1998,13,11,0.04187967728,0.5969737505,0.1907677086,0.2290317077,0.2126644025,-1.123494764,0.4697728409,0,0
"Italy",1998,2,"1998Q2",1998.25,14,11,0.04573687849,0.5993888426,0.1915057138,0.2270093449,0.2105694718,0.07105990445,0.4715039626,0,0
"Italy",1998,3,"1998Q3",1998.5,15,11,0.04707012224,0.6033488874,0.1929596504,0.2211377504,0.2099786661,-0.08522667516,0.4727869873,0,0
"Italy",1998,4,"1998Q4",1998.75,16,11,0.04241389181,0.6090482687,0.1962946219,0.2169534554,0.2157226736,-0.8986640092,0.4750915689,0,0
"Italy",1999,1,"1999Q1",1999,17,11,0.04830685316,0.6064476477,0.1960816704,0.2143056306,0.2163246368,0.5972960306,0.4753303344,0,0
"Italy",1999,2,"1999Q2",1999.25,18,11,0.052576238,0.6104615223,0.197048683,0.213809491,0.2135380327,0.04105891738,0.4774462453,0,0
"Italy",1999,3,"1999Q3",1999.5,19,11,0.0608896032,0.6113136857,0.198511663,0.2175992562,0.2179425669,0.445729738,0.4795704299,0,0
"Italy",1999,4,"1999Q4",1999.75,20,11,0.0749615544,0.605365333,0.1990995227,0.2236083694,0.2226632651,1.268293449,0.4805173048,0,0
"Italy",2000,1,"2000Q1",2000,21,11,0.08652115937,0.5990399337,0.2031826067,0.2312810575,0.2243010006,0.8655592199,0.4821748033,0,0
"Italy",2000,2,"2000Q2",2000.25,22,11,0.09362375944,0.6000706815,0.2037324473,0.2309698456,0.230495712,0.09567279344,0.4854092407,0,0
"Italy",2000,3,"2000Q3",2000.5,23,11,0.09900734768,0.5994215223,0.2055563723,0.2403227631,0.2390252551,-0.1067526589,0.4888147014,0,0
"Italy",2000,4,"2000Q4",2000.75,24,11,0.1143020865,0.594851347,0.2014218429,0.2408147486,0.237562223,0.9784779124,0.4917811372,0,0
"Italy",2001,1,"2001Q1",2001,25,11,0.1179499679,0.5936762888,0.2037120818,0.2390139182,0.2309154852,-0.0539881568,0.4941013276,0,0
"Italy",2001,2,"2001Q2",2001.25,26,11,0.1152221844,0.5929637687,0.2068106927,0.2423722913,0.2357252871,-0.502472095,0.4954948178,0,0
"Italy",2001,3,"2001Q3",2001.5,27,11,0.1109740362,0.5923750967,0.2065857568,0.2359527745,0.2355511916,-0.9278770568,0.4982525775,0,0
"Italy",2001,4,"2001Q4",2001.75,28,11,0.1114665131,0.5925157374,0.2069642357,0.2334325985,0.2305060849,-0.0725505042,0.4991192271,0,0
"Italy",2002,1,"2002Q1",2002,29,11,0.1106461752,0.5944178917,0.2129751784,0.2321248419,0.2332189055,-0.5361605224,0.5014668681,0,0
"Italy",2002,2,"2002Q2",2002.25,30,11,0.1155518296,0.5892970302,0.2093027892,0.2301230363,0.231578687,0.543921559,0.5012752113,0,0
"Italy",2002,3,"2002Q3",2002.5,31,11,0.1176986777,0.5906406565,0.2147685536,0.2298307355,0.2325315632,-0.2111444921,0.5034905212,0,0
"Italy",2002,4,"2002Q4",2002.75,32,11,0.121572048,0.5923368259,0.2196551991,0.2329601326,0.2412322246,0.5031257533,0.50298399,0,0
"Italy",2003,1,"2003Q1",2003,33,11,0.1185789237,0.5931475189,0.2136292798,0.2292329957,0.2412966455,0.006599912398,0.5011672027,0,0
"Italy",2003,2,"2003Q2",2003.25,34,11,0.1154218523,0.5960829122,0.213535475,0.2226238739,0.2371572857,-0.6876082435,0.5027533407,0,0
"Italy",2003,3,"2003Q3",2003.5,35,11,0.1165683503,0.5975418245,0.2129512048,0.2270903026,0.2336126463,0.2830757047,0.5016268947,0,0
"Italy",2003,4,"2003Q4",2003.75,36,11,0.1245417342,0.5933433243,0.2130227758,0.2296692171,0.2363946225,0.2767250516,0.5039637005,0,0
"Italy",2004,1,"2004Q1",2004,37,11,0.1291520864,0.5932448339,0.2148245297,0.2313296727,0.2411625026,0.7088833086,0.5019188692,0,0
"Italy",2004,2,"2004Q2",2004.25,38,11,0.1323986949,0.5918437842,0.2143051409,0.2373278145,0.2425310374,-0.1966062317,0.5037430956,0,0
"Italy",2004,3,"2004Q3",2004.5,39,11,0.1333523792,0.5920888128,0.2127152669,0.2394741246,0.2443818324,-0.09567062861,0.5039084226,0,0
"Italy",2004,4,"2004Q4",2004.75,40,11,0.1349862852,0.5945987019,0.2141824852,0.2368625118,0.2469497563,0.13406799,0.5032605503,0,0
"Italy",2005,1,"2005Q1",2005,41,11,0.1324912508,0.5940407669,0.2156790399,0.2392757351,0.2486596762,-0.08508243255,0.5020007664,0,0
"Italy",2005,2,"2005Q2",2005.25,42,11,0.1421578332,0.593366967,0.2153477354,0.2425731017,0.249719487,0.9766142531,0.5015185807,0,0
"Italy",2005,3,"2005Q3",2005.5,43,11,0.1488068025,0.5940067526,0.2160949518,0.2440457984,0.248255025,0.7191992098,0.5008150875,0,0
"Italy",2005,4,"2005Q4",2005.75,44,11,0.1516133242,0.5933609868,0.2163055412,0.2482401369,0.2529585028,-0.2149138353,0.5028704884,0,0
"Italy",2006,1,"2006Q1",2006,45,11,0.155176112,0.5932690899,0.2181217333,0.2551059367,0.2616488125,-0.4304980025,0.5067612756,0,0
"Italy",2006,2,"2006Q2",2006.25,46,11,0.1610501793,0.5895590484,0.2171046603,0.2579911935,0.2621959807,0.121183344,0.5090477914,0,0
"Italy",2006,3,"2006Q3",2006.5,47,11,0.1645934996,0.5904473215,0.2168701912,0.2565524334,0.2641090334,0.5471155845,0.5079859198,0,0
"Italy",2006,4,"2006Q4",2006.75,48,11,0.1775283263,0.585750408,0.2218796254,0.2663616266,0.2711068257,1.181055853,0.5084758313,0,0
"Italy",2007,1,"2007Q1",2007,49,11,0.1791362022,0.5872206476,0.2207452049,0.2663604432,0.2728379321,0.2541101676,0.5076153703,0,0
"Italy",2007,2,"2007Q2",2007.25,50,11,0.178132531,0.5899682533,0.2179446272,0.2687412822,0.2724410367,-0.6277162222,0.5099117345,0,0
"Italy",2007,3,"2007Q3",2007.5,51,11,0.1777662102,0.5888884172,0.2182877095,0.2732100768,0.2757475201,-0.567080315,0.5122346573,0,0
"Italy",2007,4,"2007Q4",2007.75,52,11,0.1762865217,0.5895412254,0.2171553372,0.2705476264,0.274048071,-0.3135193594,0.5126942315,0,0
"Italy",2008,1,"2008Q1",2008,53,11,0.1873256627,0.5820326602,0.2166917566,0.2723545908,0.2713852077,0.8746900985,0.5130817277,0,0
"Italy",2008,2,"2008Q2",2008.25,54,11,0.1774407954,0.5847192402,0.2164707099,0.2682580428,0.2703954078,-1.320315237,0.5139978419,0,0
"Italy",2008,3,"2008Q3",2008.5,55,11,0.1633598174,0.5888223082,0.213386939,0.2628298756,0.2640255848,-1.238269036,0.5123401531,0,0
"Italy",2008,4,"2008Q4",2008.75,56,11,0.1404206586,0.5997606755,0.2087290176,0.2502774928,0.2574143945,-1.809392554,0.5090844228,0,0
"Italy",2009,1,"2009Q1",2009,57,11,0.1125102286,0.6105795408,0.206851869,0.2278304651,0.2465518529,-2.096345066,0.5051220601,0,0
"Italy",2009,2,"2009Q2",2009.25,58,11,0.1045341023,0.6150256017,0.204667892,0.2246848807,0.2399078761,-0.5198648889,0.503284993,0,0
"Italy",2009,3,"2009Q3",2009.5,59,11,0.1102190086,0.6135863931,0.1995585848,0.2296165792,0.2443820923,1.179774182,0.499785237,0,0
"Italy",2009,4,"2009Q4",2009.75,60,11,0.1141466749,0.6151359958,0.2043035943,0.2338239921,0.2513446679,0.6922741087,0.4978599801,0,0
"Italy",2010,1,"2010Q1",2010,61,11,0.1183466663,0.6125311715,0.1999409097,0.2411224239,0.2619152658,0.4889641663,0.4973069208,0,0
"Italy",2010,2,"2010Q2",2010.25,62,11,0.1238231658,0.6097539671,0.2000918556,0.2493597637,0.2673494519,0.7033683741,0.4963237996,0,0
"Italy",2010,3,"2010Q3",2010.5,63,11,0.1290898451,0.6111762037,0.198311066,0.2547077081,0.2714805286,0.6605405888,0.4954509332,0,0
"Italy",2010,4,"2010Q4",2010.75,64,11,0.1354900873,0.6103079766,0.1989836447,0.2581083431,0.2822501223,0.3297785311,0.4967810937,0,0
"Italy",2011,1,"2011Q1",2011,65,11,0.1385786114,0.6073198347,0.1963662245,0.2610077807,0.2773326665,0.01492389104,0.4980490489,0,0
"Italy",2011,2,"2011Q2",2011.25,66,11,0.1392186368,0.6072319451,0.1941034957,0.2632349342,0.273517414,0.07461947098,0.4978019724,0,0
"Italy",2011,3,"2011Q3",2011.5,67,11,0.1333560979,0.6076349825,0.193177429,0.2652683536,0.2714939497,-0.3944734359,0.4966545217,0,0
"Italy",2011,4,"2011Q4",2011.75,68,11,0.1243041033,0.6030549953,0.194696099,0.2673910183,0.2652791044,-0.9254545442,0.4965615627,0,0
"Italy",2012,1,"2012Q1",2012,69,11,0.1154884836,0.5996015383,0.1837900702,0.2713797102,0.2602122841,-0.8118520261,0.4958547534,0,0
"Italy",2012,2,"2012Q2",2012.25,70,11,0.1062784021,0.6011309981,0.1825695068,0.2762939474,0.2578551792,-1.017117943,0.4959709482,0,0
"Italy",2012,3,"2012Q3",2012.5,71,11,0.1017632849,0.5988280619,0.1810677834,0.282571867,0.2575520818,-0.3204710957,0.4949618462,0,0
"Italy",2012,4,"2012Q4",2012.75,72,11,0.0961712368,0.5981893937,0.1786486477,0.279955939,0.2523676595,-0.170625179,0.4926845675,0,0
"Italy",2013,1,"2013Q1",2013,73,11,0.08585714898,0.5977516499,0.1748312906,0.2842744441,0.2547409967,-0.2618563285,0.4885592557,0,0
"Italy",2013,2,"2013Q2",2013.25,74,11,0.08594501597,0.5946678513,0.1741470777,0.2827906268,0.252735715,0.5710147906,0.4854741952,0,0
"Italy",2013,3,"2013Q3",2013.5,75,11,0.08930183024,0.5933322918,0.1723621292,0.2870525026,0.2567407814,0.485813127,0.4844009517,0,0
"Italy",2013,4,"2013Q4",2013.75,76,11,0.08810105582,0.5949592692,0.1687063819,0.2861645131,0.2578222373,-0.2452960578,0.4846630111,0,0
"Italy",2014,1,"2014Q1",2014,77,11,0.08846543273,0.5938204636,0.1696699165,0.288088731,0.2581730021,-0.04818920955,0.4848810092,0,0
"Italy",2014,2,"2014Q2",2014.25,78,11,0.08770333148,0.5953358131,0.1680204439,0.2896966574,0.2627124538,-0.4469881467,0.4864892863,0,0
"Italy",2014,3,"2014Q3",2014.5,79,11,0.09013675219,0.5952315929,0.1670601812,0.2915607379,0.2644689392,0.009688696402,0.4874341236,0,0
"Italy",2014,4,"2014Q4",2014.75,80,11,0.0901880057,0.597801229,0.1690450188,0.2958116342,0.2656279727,-0.08800612474,0.4876950726,0,0
"Italy",2015,1,"2015Q1",2015,81,11,0.09242145153,0.5982785655,0.1694385709,0.3007084143,0.2752497684,0.3128073653,0.4876533065,0,0
"Italy",2015,2,"2015Q2",2015.25,82,11,0.09649436011,0.600970911,0.1697929027,0.3032876344,0.278435595,-0.03212962018,0.4901975926,0,0
"Italy",2015,3,"2015Q3",2015.5,83,11,0.09880488822,0.6037623804,0.1707989002,0.2979737633,0.2765037024,-0.3643857589,0.4935248643,0,0
"Italy",2015,4,"2015Q4",2015.75,84,11,0.1017637966,0.6044267109,0.1708461812,0.3021575757,0.2814034183,0.2462725876,0.4941703898,0,0
"Italy",2016,1,"2016Q1",2016,85,11,0.1040231365,0.6039280901,0.1719831844,0.3005691245,0.2804750184,-0.0009412150959,0.4956831639,0,0
"Italy",2016,2,"2016Q2",2016.25,86,11,0.1048581062,0.6047320884,0.171642977,0.3054532756,0.2849757202,-0.5778473537,0.4993657616,0,0
"Italy",2016,3,"2016Q3",2016.5,87,11,0.1072478974,0.6051666263,0.1746915366,0.3067787764,0.286706868,0.1617642509,0.5001459822,0,0
"Italy",2016,4,"2016Q4",2016.75,88,11,0.1120570135,0.6040512426,0.1784486656,0.3105444498,0.2905782081,0.1825787214,0.5020366009,0,0
"Italy",2017,1,"2017Q1",2017,89,11,0.1171913726,0.6053122821,0.1742352149,0.3169112754,0.2935552134,0.1441493909,0.504114692,0,0
"Italy",2017,2,"2017Q2",2017.25,90,11,0.1209098307,0.6034411565,0.1759320364,0.3156389025,0.2961445884,0.2665890981,0.5048667222,0,0
"Italy",2017,3,"2017Q3",2017.5,91,11,0.1245502378,0.6029626047,0.1803268684,0.3197824279,0.2995213473,-0.05298488945,0.5071987969,0,0
"Italy",2017,4,"2017Q4",2017.75,92,11,0.1279341913,0.6011081147,0.1824563126,0.324011138,0.300162593,0.187184155,0.5081891051,0,0
"Italy",2018,1,"2018Q1",2018,93,11,0.1306892136,0.6023890068,0.1798931475,0.3158516175,0.2940431184,0.1840458709,0.5086787238,0,0
"Italy",2018,2,"2018Q2",2018.25,94,11,0.1323872799,0.6018332587,0.1847378655,0.3148343178,0.2988075729,-0.7041007335,0.5131684391,0,0
"Italy",2018,3,"2018Q3",2018.5,95,11,0.1325943127,0.6021594471,0.1859001702,0.3172576308,0.3013261163,0.06071128889,0.5129880177,0,0
"Italy",2018,4,"2018Q4",2018.75,96,11,0.1345564385,0.6015791726,0.1869119005,0.3183630526,0.3025976842,0.04632496281,0.5137823854,0,0
"Italy",2019,1,"2019Q1",2019,97,11,0.1374861094,0.6013132803,0.1877473949,0.3199412555,0.3043184951,0.1682785493,0.5144230742,0,0
"Italy",2019,2,"2019Q2",2019.25,98,11,0.1404184871,0.6010458786,0.1885861134,0.3215264116,0.3060482634,0.1685492389,0.515064562,0,0
"Italy",2019,3,"2019Q3",2019.5,99,11,0.1434112223,0.6007423355,0.1894171457,0.3229432647,0.3075460231,0.199472985,0.5155785166,0,0
"Italy",2019,4,"2019Q4",2019.75,100,11,0.1459576812,0.6002603999,0.1903367639,0.3245111507,0.3091890656,0.1548453555,0.516092984,0,0
"Italy",2020,1,"2020Q1",2020,101,11,0.1484564655,0.5996584808,0.1912699653,0.3261021953,0.3107049875,0.1749907086,0.5164202155,0,0
"Italy",2020,2,"2020Q2",2020.25,102,11,0.1504149636,0.599231908,0.1923116174,0.3274795039,0.3123970801,0.1209620855,0.5167476612,0,0
"Italy",2020,3,"2020Q3",2020.5,103,11,0.152100484,0.5989691215,0.1931765806,0.3289524141,0.3141841413,0.09366431944,0.5170753215,0,0
"Italy",2020,4,"2020Q4",2020.75,104,11,0.1537866196,0.598706082,0.1940453149,0.3304317458,0.315981231,0.09372582838,0.5174031963,0,0
"Japan",1995,1,"1995Q1",1995,1,12,-0.01537626287,0.5741652173,0.2956066207,0.08207553231,0.1094937846,0.8821857343,0.6611107569,0,0
"Japan",1995,2,"1995Q2",1995.25,2,12,-0.003075887658,0.5741488026,0.2999928654,0.08233379273,0.1112524624,1.291995392,0.6598654346,0,0
"Japan",1995,3,"1995Q3",1995.5,3,12,0.007962130437,0.5707014512,0.3048283734,0.08216525722,0.1161108785,0.887117001,0.6604612776,0,0
"Japan",1995,4,"1995Q4",1995.75,4,12,0.010282851,0.5734156387,0.3081153411,0.0817762583,0.1213148908,0.5210895983,0.657724163,0,0
"Japan",1996,1,"1996Q1",1996,5,12,0.0195016098,0.5685003673,0.3107923969,0.08231810619,0.1218323123,0.8908697306,0.6573352278,0,0
"Japan",1996,2,"1996Q2",1996.25,6,12,0.03064061236,0.5678155641,0.3137229932,0.08137785687,0.1240786809,0.7425744035,0.6591865849,0,0
"Japan",1996,3,"1996Q3",1996.5,7,12,0.03025979653,0.5673444791,0.3143472034,0.08372076293,0.1238852691,-0.6129728074,0.6623907189,0,0
"Japan",1996,4,"1996Q4",1996.75,8,12,0.04159272336,0.5662157549,0.3096815183,0.08632972609,0.1237715077,1.24083334,0.6610840884,0,0
"Japan",1997,1,"1997Q1",1997,9,12,0.0449692799,0.5737126098,0.3066971673,0.08871377785,0.1247106855,-0.3516677112,0.6651147935,0,0
"Japan",1997,2,"1997Q2",1997.25,10,12,0.0375049501,0.5630536432,0.3038154888,0.09316484723,0.1232329707,-1.010687631,0.6663321203,0,0
"Japan",1997,3,"1997Q3",1997.5,11,12,0.04084293018,0.5630663197,0.3012381596,0.0914324434,0.1223644149,0.4556749267,0.6649794576,0,0
"Japan",1997,4,"1997Q4",1997.75,12,12,0.04159744345,0.5613754625,0.2988252225,0.09344076042,0.1197209176,0.2432749993,0.6633251331,0,0
"Japan",1998,1,"1998Q1",1998,13,12,0.0297883673,0.5667393786,0.2951478728,0.09210953257,0.1202547578,-1.1605462,0.6626807038,0,0
"Japan",1998,2,"1998Q2",1998.25,14,12,0.02615904301,0.5686345981,0.2930522704,0.09066566163,0.1153281255,-0.0008256964064,0.6597786711,0,0
"Japan",1998,3,"1998Q3",1998.5,15,12,0.02763177017,0.5715519098,0.2938052498,0.09069458573,0.1153048083,0.4748062733,0.657116881,0,0
"Japan",1998,4,"1998Q4",1998.75,16,12,0.03592873351,0.5667184052,0.293590952,0.08838407569,0.111513136,1.153163359,0.6544928291,0,0
"Japan",1999,1,"1999Q1",1999,17,12,0.02163763405,0.5762924463,0.2934580119,0.08989862492,0.1165534252,-1.151017275,0.6523830682,0,0
"Japan",1999,2,"1999Q2",1999.25,18,12,0.02617665327,0.5758757493,0.2944120845,0.09035287687,0.1183003628,0.5364484881,0.6515530802,0,0
"Japan",1999,3,"1999Q3",1999.5,19,12,0.03080789814,0.5765975872,0.2897637431,0.09366130727,0.1208648303,0.3702643895,0.6518666939,0,0
"Japan",1999,4,"1999Q4",1999.75,20,12,0.03079372011,0.5770386885,0.2895516568,0.09587171627,0.1244996779,0.05016049366,0.6512392698,0,0
"Japan",2000,1,"2000Q1",2000,21,12,0.05030524071,0.5716809749,0.28552917,0.09885807931,0.1218359983,2.41137471,0.6480370759,0,0
"Japan",2000,2,"2000Q2",2000.25,22,12,0.05254985499,0.5682192895,0.2827910793,0.1017380305,0.1263421395,0.09497134183,0.6486646978,0,0
"Japan",2000,3,"2000Q3",2000.5,23,12,0.05345316488,0.5687359223,0.2859407976,0.1032607545,0.1294182958,0.04892954942,0.6487212953,0,0
"Japan",2000,4,"2000Q4",2000.75,24,12,0.0627593503,0.5701729682,0.2870931048,0.101790304,0.1329056033,0.5020870245,0.6512944495,0,0
"Japan",2001,1,"2001Q1",2001,25,12,0.06858138152,0.5692420114,0.2891157568,0.09751971724,0.1322957715,0.7781703851,0.6499493472,0,0
"Japan",2001,2,"2001Q2",2001.25,26,12,0.06376937282,0.5773922195,0.2786941883,0.09433162582,0.1298498605,0.1401764405,0.6458536517,0,0
"Japan",2001,3,"2001Q3",2001.5,27,12,0.05270346746,0.5824000868,0.278630577,0.09324089768,0.1275031076,-0.6588829846,0.6428993256,0,0
"Japan",2001,4,"2001Q4",2001.75,28,12,0.05016307722,0.5838045724,0.270741549,0.09176364882,0.1239999892,-0.201849679,0.6424946856,0,0
"Japan",2002,1,"2002Q1",2002,29,12,0.05153213968,0.5850147332,0.2696065052,0.09577834356,0.124998128,0.4925179577,0.6402078283,0,0
"Japan",2002,2,"2002Q2",2002.25,30,12,0.0593468568,0.5855487729,0.2634191835,0.1019814341,0.1277086861,1.485959143,0.6357074086,0,0
"Japan",2002,3,"2002Q3",2002.5,31,12,0.06329461889,0.5848159569,0.2640447408,0.1022941736,0.1310807735,0.3103969197,0.6362379499,0,0
"Japan",2002,4,"2002Q4",2002.75,32,12,0.06581835232,0.5818913962,0.2619849958,0.1055754864,0.1328065263,0.305102055,0.635896471,0,0
"Japan",2003,1,"2003Q1",2003,33,12,0.0645222095,0.5834506407,0.2598253279,0.1070929327,0.1341414262,0.01817419616,0.6350347948,0,0
"Japan",2003,2,"2003Q2",2003.25,34,12,0.07234717154,0.5789292963,0.2609156195,0.1065201827,0.1286003357,0.6083398935,0.6362192769,0,0
"Japan",2003,3,"2003Q3",2003.5,35,12,0.07633053629,0.5767568517,0.2563023504,0.1098780095,0.1310893691,0.4616309555,0.6358942478,0,0
"Japan",2003,4,"2003Q4",2003.75,36,12,0.08738082926,0.5781595362,0.2579908857,0.114040735,0.1323439453,1.120859178,0.6358711363,0,0
"Japan",2004,1,"2004Q1",2004,37,12,0.09522936381,0.5739728576,0.2529343437,0.1186725026,0.1351837253,0.6319361326,0.6371578564,0,0
"Japan",2004,2,"2004Q2",2004.25,38,12,0.0949626637,0.5744781142,0.2532864843,0.1225418738,0.1374453448,-0.1004085588,0.6379420204,0,0
"Japan",2004,3,"2004Q3",2004.5,39,12,0.1002039582,0.5750306991,0.2523779704,0.1230423676,0.1397810602,0.4767547926,0.6385589334,0,0
"Japan",2004,4,"2004Q4",2004.75,40,12,0.0975412752,0.5734859189,0.2551935001,0.1250336742,0.144195575,-0.129346901,0.6379997059,0,0
"Japan",2005,1,"2005Q1",2005,41,12,0.1023032252,0.5725912082,0.2573403663,0.1232213899,0.1428745522,0.2761422888,0.6397722171,0,0
"Japan",2005,2,"2005Q2",2005.25,42,12,0.1101012607,0.5718486453,0.2566877951,0.1275723777,0.1442089131,0.5119392119,0.6419852302,0,0
"Japan",2005,3,"2005Q3",2005.5,43,12,0.119608268,0.5718655936,0.2589055513,0.1303129088,0.1469943627,0.6364820881,0.6445049716,0,0
"Japan",2005,4,"2005Q4",2005.75,44,12,0.1217721854,0.5710232208,0.2551236073,0.1345724321,0.1467849468,0.4781719995,0.6433187902,0,0
"Japan",2006,1,"2006Q1",2006,45,12,0.1226516814,0.5720680866,0.2551066332,0.1374480521,0.1492705333,-0.1790592797,0.6454679248,0,0
"Japan",2006,2,"2006Q2",2006.25,46,12,0.1262528446,0.5707202801,0.2550781174,0.1393684182,0.150667158,0.3967224138,0.6456612226,0,0
"Japan",2006,3,"2006Q3",2006.5,47,12,0.1246509223,0.56780532,0.2530615934,0.1421683683,0.1507444624,-0.5360736439,0.6485244372,0,0
"Japan",2006,4,"2006Q4",2006.75,48,12,0.1366925328,0.5680458101,0.2542680082,0.1420269989,0.1490698456,0.959553985,0.650546077,0,0
"Japan",2007,1,"2007Q1",2007,49,12,0.1440451561,0.5649014668,0.2519866071,0.1444448241,0.1493370322,0.8288709501,0.6503727232,0,0
"Japan",2007,2,"2007Q2",2007.25,50,12,0.1452995859,0.5677933167,0.2480983815,0.147747587,0.1512590077,-0.3986753872,0.6542285974,0,0
"Japan",2007,3,"2007Q3",2007.5,51,12,0.1408951458,0.5655906857,0.2430366577,0.1520464357,0.1505306638,-0.2280141986,0.6532781553,0,0
"Japan",2007,4,"2007Q4",2007.75,52,12,0.145685998,0.5642267371,0.2387096188,0.1555313514,0.1517434115,0.2873604139,0.6549711416,0,0
"Japan",2008,1,"2008Q1",2008,53,12,0.1487563364,0.5651194719,0.2393478251,0.1587186434,0.1535738789,0.6908517326,0.6530433015,0,0
"Japan",2008,2,"2008Q2",2008.25,54,12,0.1437925444,0.5610231256,0.2378239731,0.1564023157,0.1497127703,-0.6832854371,0.6548483854,0,0
"Japan",2008,3,"2008Q3",2008.5,55,12,0.131098468,0.5661438981,0.2392854128,0.1585474695,0.1520765732,-0.8535850125,0.6527130114,0,0
"Japan",2008,4,"2008Q4",2008.75,56,12,0.1078032408,0.5722282588,0.2386102081,0.1417838603,0.1585861601,-2.319104965,0.653227976,0,0
"Japan",2009,1,"2009Q1",2009,57,12,0.05786301568,0.5977165862,0.2395269651,0.1112397964,0.1399143251,-4.471746296,0.6504942881,0,0
"Japan",2009,2,"2009Q2",2009.25,58,12,0.07879924549,0.5918544887,0.2302058258,0.118865084,0.1307750729,2.98780104,0.6453681227,0,0
"Japan",2009,3,"2009Q3",2009.5,59,12,0.07922881413,0.5956992211,0.2232799054,0.130370219,0.1377600085,0.2015863391,0.6450099897,0,0
"Japan",2009,4,"2009Q4",2009.75,60,12,0.09299990071,0.5918941037,0.2187709241,0.1376392097,0.1389572388,1.557193452,0.6445144443,0,0
"Japan",2010,1,"2010Q1",2010,61,12,0.1018938913,0.5878435392,0.2185340458,0.1445148509,0.1414480011,0.6669884622,0.6465656254,0,0
"Japan",2010,2,"2010Q2",2010.25,62,12,0.1142957292,0.5853224125,0.2153561644,0.1495769819,0.1466207086,1.526231239,0.6453343143,0,0
"Japan",2010,3,"2010Q3",2010.5,63,12,0.1323788135,0.5830643739,0.2131348826,0.1508946987,0.1468463024,1.416524785,0.6484867159,0,0
"Japan",2010,4,"2010Q4",2010.75,64,12,0.1246262768,0.5800678752,0.2138753107,0.1526174967,0.1490316192,-0.6430659452,0.6482495554,0,0
"Japan",2011,1,"2011Q1",2011,65,12,0.1094710435,0.577146073,0.2187186541,0.1534143069,0.1533355269,-1.705818344,0.6503816919,0,0
"Japan",2011,2,"2011Q2",2011.25,66,12,0.1042179616,0.5866933854,0.2185765617,0.1427847437,0.1532093251,-0.09133026674,0.6484612565,0,0
"Japan",2011,3,"2011Q3",2011.5,67,12,0.1283176672,0.5811744592,0.2170815481,0.1522385448,0.1544484372,2.431188461,0.6492219351,0,0
"Japan",2011,4,"2011Q4",2011.75,68,12,0.126609853,0.584845666,0.2216828725,0.1484281894,0.1576133457,-0.3245093483,0.6511228703,0,0
"Japan",2012,1,"2012Q1",2012,69,12,0.1384559915,0.5803421958,0.2215415078,0.1508258554,0.1582429163,1.439188371,0.6503868817,0,0
"Japan",2012,2,"2012Q2",2012.25,70,12,0.1318226173,0.585925421,0.2246558198,0.1504818062,0.1628483285,-0.6049060339,0.6509285275,0,0
"Japan",2012,3,"2012Q3",2012.5,71,12,0.1279928273,0.5874713728,0.2239216408,0.1456678535,0.1628336719,-0.5210345584,0.6527532496,0,0
"Japan",2012,4,"2012Q4",2012.75,72,12,0.1298950304,0.5884177898,0.2236504027,0.1406104902,0.1586174591,0.1530840421,0.6539241376,0,0
"Japan",2013,1,"2013Q1",2013,73,12,0.1414883569,0.5887372962,0.222642164,0.1428620544,0.1573456205,0.8521615574,0.6567641405,0,0
"Japan",2013,2,"2013Q2",2013.25,74,12,0.1500247314,0.5892208151,0.2274140421,0.1467748954,0.1614694739,0.6265146833,0.6590897278,0,0
"Japan",2013,3,"2013Q3",2013.5,75,12,0.15793075,0.5865929683,0.2324020314,0.1455824218,0.1633127937,0.6851388649,0.6606204088,0,0
"Japan",2013,4,"2013Q4",2013.75,76,12,0.1578828473,0.5860459719,0.2368427149,0.1452474663,0.1683198157,-0.5356858892,0.664978733,0,0
"Japan",2014,1,"2014Q1",2014,77,12,0.1675052431,0.5917549275,0.2387287008,0.1520401882,0.1766376332,1.061896034,0.6649932532,0,0
"Japan",2014,2,"2014Q2",2014.25,78,12,0.1495100295,0.5750959402,0.2343851441,0.1569832678,0.1731053412,-2.113888173,0.6677674613,0,0
"Japan",2014,3,"2014Q3",2014.5,79,12,0.1495551354,0.5778339691,0.2350926494,0.1595735684,0.1756988969,-0.0530162782,0.6688338999,0,0
"Japan",2014,4,"2014Q4",2014.75,80,12,0.1557010707,0.5768509737,0.2357294797,0.163529098,0.1762312125,0.489195115,0.6703575677,0,0
"Japan",2015,1,"2015Q1",2015,81,12,0.1695590519,0.5724151009,0.2375500075,0.1626973609,0.1752210146,1.213631647,0.672368186,0,0
"Japan",2015,2,"2015Q2",2015.25,82,12,0.169096015,0.5721030933,0.23558834,0.1572799741,0.1713689806,-0.02545080886,0.6730854894,0,0
"Japan",2015,3,"2015Q3",2015.5,83,12,0.1703121036,0.5737609815,0.2367291153,0.1614161813,0.175780132,-0.024270083,0.6749290384,0,0
"Japan",2015,4,"2015Q4",2015.75,84,12,0.1671991959,0.5716836633,0.2373852128,0.1605562033,0.1751581799,-0.498537266,0.6770587655,0,0
"Japan",2016,1,"2016Q1",2016,85,12,0.1746892463,0.5692805152,0.2357782641,0.1598336129,0.1712713434,0.3031081015,0.680956119,0,0
"Japan",2016,2,"2016Q2",2016.25,86,12,0.1772414878,0.566715873,0.237359285,0.1584016448,0.1691515208,0.136308854,0.6826412669,0,0
"Japan",2016,3,"2016Q3",2016.5,87,12,0.1801016508,0.5675746789,0.2372078258,0.1622692433,0.1690979546,-0.1316500196,0.6863792169,0,0
"Japan",2016,4,"2016Q4",2016.75,88,12,0.1824018509,0.566104435,0.2382280052,0.1661913162,0.1701864298,0.09118466621,0.688217134,0,0
"Japan",2017,1,"2017Q1",2017,89,12,0.1880323908,0.5657517389,0.2379858709,0.1680712239,0.1715337393,0.3628537165,0.6905926404,0,0
"Japan",2017,2,"2017Q2",2017.25,90,12,0.1928089153,0.5674654155,0.2401497643,0.1668624987,0.1735946933,0.1091016685,0.694145407,0,0
"Japan",2017,3,"2017Q3",2017.5,91,12,0.1998575914,0.5600360264,0.2390581487,0.1701959473,0.1706991819,0.3478518736,0.6976374341,0,0
"Japan",2017,4,"2017Q4",2017.75,92,12,0.2018531242,0.5603922805,0.238235382,0.1734747345,0.175580711,0.1486549289,0.6990054449,0,0
"Japan",2018,1,"2018Q1",2018,93,12,0.1991149213,0.5606719044,0.2391756144,0.1747748714,0.1763255653,-1.703606942,0.7102387031,0,0
"Japan",2018,2,"2018Q2",2018.25,94,12,0.2065946883,0.5601344282,0.2415719825,0.174070686,0.1768094299,0.4324479274,0.7136579809,0,0
"Japan",2018,3,"2018Q3",2018.5,95,12,0.2036418464,0.5611508547,0.2411523042,0.1713961197,0.1747917396,-0.1201133583,0.7135855029,0,0
"Japan",2018,4,"2018Q4",2018.75,96,12,0.2077042356,0.5610152222,0.2418803434,0.1717582785,0.1751610734,0.4813516453,0.7142292653,0,0
"Japan",2019,1,"2019Q1",2019,97,12,0.2101931971,0.5608477364,0.2422241071,0.172392236,0.1756981447,0.06457729561,0.7168858458,0,0
"Japan",2019,2,"2019Q2",2019.25,98,12,0.2132059946,0.5604699792,0.2427603878,0.1731484338,0.1762542916,0.1666429402,0.7191974259,0,0
"Japan",2019,3,"2019Q3",2019.5,99,12,0.2177112733,0.5632043411,0.2412381115,0.1737748932,0.1773185454,0.4005778017,0.7209082232,0,0
"Japan",2019,4,"2019Q4",2019.75,100,12,0.2140693758,0.5576894826,0.2430650324,0.175915365,0.1770689185,-0.3641897444,0.7222647772,0,0
"Japan",2020,1,"2020Q1",2020,101,12,0.2165560984,0.5574136729,0.2429216995,0.1770368781,0.1776795125,0.2586742572,0.7237437237,0,0
"Japan",2020,2,"2020Q2",2020.25,102,12,0.2190776726,0.5568281899,0.2428600556,0.1783739047,0.1785032353,0.2621594181,0.7252290442,0,0
"Japan",2020,3,"2020Q3",2020.5,103,12,0.2220344003,0.555946041,0.2425249452,0.180072713,0.1792527575,0.3056747734,0.7267207801,0,0
"Japan",2020,4,"2020Q4",2020.75,104,12,0.2246987475,0.5552276037,0.2421878976,0.1814067651,0.1798389354,0.2764367162,0.728218973,0,0
"Korea",1995,1,"1995Q1",1995,1,13,-0.02875203353,0.6018521187,0.4338788242,0.1918633596,0.3133548543,0.8393679024,0.6061062077,0,0
"Korea",1995,2,"1995Q2",1995.25,2,13,-0.008580533788,0.603158411,0.4303343044,0.199943249,0.3251453121,1.839351135,0.6048131401,0,0
"Korea",1995,3,"1995Q3",1995.5,3,13,0.009435140122,0.6033994977,0.4367562653,0.2016470376,0.333057587,1.020061496,0.6071866251,0,0
"Korea",1995,4,"1995Q4",1995.75,4,13,0.02703782302,0.6054570663,0.4292116538,0.2029471603,0.3280088021,1.109666337,0.6087812121,0,0
"Korea",1996,1,"1996Q1",1996,5,13,0.047499058,0.6049709505,0.4353505729,0.2094545053,0.3377761403,1.899451531,0.6079452994,0,0
"Korea",1996,2,"1996Q2",1996.25,6,13,0.06557769493,0.6047116455,0.4251812722,0.1984605279,0.3418980107,1.259626251,0.6095582875,0,0
"Korea",1996,3,"1996Q3",1996.5,7,13,0.08228358144,0.5965838711,0.4425086863,0.202233023,0.3494834537,0.8311658584,0.612962707,0,0
"Korea",1996,4,"1996Q4",1996.75,8,13,0.0967604655,0.6078219289,0.4371257347,0.2141606634,0.3601359893,0.6348314831,0.6162273168,0,0
"Korea",1997,1,"1997Q1",1997,9,13,0.1026785851,0.600826423,0.4194228939,0.2142800935,0.3441947344,-0.08318655746,0.618086962,0,0
"Korea",1997,2,"1997Q2",1997.25,10,13,0.1366026906,0.5911307266,0.4134198966,0.2305132721,0.3391335827,3.38604486,0.6158294093,0,0
"Korea",1997,3,"1997Q3",1997.5,11,13,0.1443826962,0.592129308,0.4076117587,0.2366915151,0.3431841859,0.7951264511,0.61344445,0,0
"Korea",1997,4,"1997Q4",1997.75,12,13,0.1387396871,0.5895120296,0.3905358948,0.2427701982,0.3186060363,-0.1676131934,0.6087620832,0,0
"Korea",1998,1,"1998Q1",1998,13,13,0.06592873263,0.5477086148,0.3604840252,0.2803446835,0.2528767824,-3.503439607,0.5840554818,0,0
"Korea",1998,2,"1998Q2",1998.25,14,13,0.05942679878,0.5525684924,0.3398210641,0.2819856763,0.2702397468,1.373258769,0.5702756192,0,0
"Korea",1998,3,"1998Q3",1998.5,15,13,0.07448586487,0.5559627531,0.3337707277,0.2749446266,0.2681503416,3.099919907,0.5592246068,0,0
"Korea",1998,4,"1998Q4",1998.75,16,13,0.09761350164,0.5557120681,0.3298710715,0.2806117766,0.2896020727,2.108468109,0.5583459809,0,0
"Korea",1999,1,"1999Q1",1999,17,13,0.1275914425,0.5566192228,0.3326242426,0.2770518484,0.2930386041,2.164736737,0.5611143485,0,0
"Korea",1999,2,"1999Q2",1999.25,18,13,0.171773883,0.5492448587,0.3330276139,0.2823582385,0.29837983,2.944165756,0.5675292263,0,0
"Korea",1999,3,"1999Q3",1999.5,19,13,0.1974655735,0.5559682252,0.333128711,0.2825147132,0.3039441616,0.8300224586,0.5755475251,0,0
"Korea",1999,4,"1999Q4",1999.75,20,13,0.2269377129,0.5581158467,0.3338458425,0.2929413239,0.3170431182,0.9313996758,0.5853027904,0,0
"Korea",2000,1,"2000Q1",2000,21,13,0.2437953791,0.5598981675,0.350188866,0.2959975779,0.3452388969,1.572659757,0.5841053198,0,0
"Korea",2000,2,"2000Q2",2000.25,22,13,0.2582962306,0.5601060888,0.3529074869,0.3047093496,0.3380103188,0.8310650329,0.5858726942,0,0
"Korea",2000,3,"2000Q3",2000.5,23,13,0.2865983307,0.5479035506,0.3438193237,0.313264562,0.3427082328,1.669842846,0.5908411584,0,0
"Korea",2000,4,"2000Q4",2000.75,24,13,0.2790941559,0.5550552893,0.3345582394,0.3072549682,0.3312297113,-1.06492686,0.5908388322,0,0
"Korea",2001,1,"2001Q1",2001,25,13,0.2885533721,0.552080407,0.3365934811,0.3014557149,0.3233546357,1.820212813,0.5838241504,0,0
"Korea",2001,2,"2001Q2",2001.25,26,13,0.3039411381,0.5633472591,0.3325109375,0.2861998596,0.3038327592,-0.398803339,0.5933505054,0,0
"Korea",2001,3,"2001Q3",2001.5,27,13,0.3190554569,0.5629907891,0.3387685802,0.2820667385,0.3122711733,0.8571699815,0.5953489665,0,0
"Korea",2001,4,"2001Q4",2001.75,28,13,0.333283617,0.5684403285,0.333712649,0.2729777496,0.3117787776,0.7056791455,0.597735889,0,0
"Korea",2002,1,"2002Q1",2002,29,13,0.3561249569,0.5751318874,0.3359193688,0.2868426473,0.3152324222,1.409515591,0.6016575754,0,0
"Korea",2002,2,"2002Q2",2002.25,30,13,0.3759979293,0.5747742685,0.3327056275,0.296757271,0.3292955638,1.48115141,0.6033805413,0,0
"Korea",2002,3,"2002Q3",2002.5,31,13,0.3951895966,0.5668881395,0.3299413607,0.3076791825,0.3443186602,1.539138334,0.6043486986,0,0
"Korea",2002,4,"2002Q4",2002.75,32,13,0.4041645939,0.5611194789,0.3367758684,0.30959957,0.3494110074,0.728546579,0.6040449888,0,0
"Korea",2003,1,"2003Q1",2003,33,13,0.3972936456,0.5603708097,0.3424809378,0.3136477376,0.3562551792,-0.182676931,0.5999390654,0,0
"Korea",2003,2,"2003Q2",2003.25,34,13,0.397480154,0.5571010922,0.3407976766,0.3180962524,0.3444830116,0.4895972802,0.5960624059,0,0
"Korea",2003,3,"2003Q3",2003.5,35,13,0.4135355082,0.549367485,0.3358407478,0.3348625321,0.359157135,1.193411187,0.5974654705,0,0
"Korea",2003,4,"2003Q4",2003.75,36,13,0.4389125062,0.5349027316,0.3404370049,0.361589616,0.3785367375,1.87853299,0.6003550129,0,0
"Korea",2004,1,"2004Q1",2004,37,13,0.451617003,0.5269389308,0.3349496408,0.3782252709,0.3795875235,-0.3231959889,0.6090171022,0,0
"Korea",2004,2,"2004Q2",2004.25,38,13,0.4584659424,0.5252666874,0.3368176674,0.384472895,0.3816482705,1.132033733,0.6053254628,0,0
"Korea",2004,3,"2004Q3",2004.5,39,13,0.4615798867,0.5244202831,0.3319324326,0.3816098483,0.3758858932,0.2534771896,0.6047041567,0,0
"Korea",2004,4,"2004Q4",2004.75,40,13,0.4674163558,0.5269629594,0.3293562368,0.3843797624,0.4037262795,-0.1353814378,0.6080919478,0,0
"Korea",2005,1,"2005Q1",2005,41,13,0.475278802,0.52688812,0.3289786092,0.3852763523,0.3891994821,0.7707407912,0.6073070055,0,0
"Korea",2005,2,"2005Q2",2005.25,42,13,0.4936024994,0.5294087022,0.3306843277,0.3919591918,0.4014859764,1.795228829,0.6066555923,0,0
"Korea",2005,3,"2005Q3",2005.5,43,13,0.5069300505,0.5284101539,0.3245619416,0.4014395429,0.4040024874,1.342404569,0.6057226545,0,0
"Korea",2005,4,"2005Q4",2005.75,44,13,0.5167952429,0.5288705775,0.3241884498,0.4068063505,0.4035662616,0.3948028369,0.608440381,0,0
"Korea",2006,1,"2006Q1",2006,45,13,0.5347677722,0.5244981465,0.319201121,0.4121097348,0.4203354415,1.144737192,0.6110018315,0,0
"Korea",2006,2,"2006Q2",2006.25,46,13,0.5402924653,0.5264993978,0.3179779414,0.4256412006,0.4220551198,0.2852477556,0.6112178425,0,0
"Korea",2006,3,"2006Q3",2006.5,47,13,0.5565908916,0.5229835871,0.3224604451,0.4338072255,0.4440103169,1.413761634,0.6111245972,0,0
"Korea",2006,4,"2006Q4",2006.75,48,13,0.5630381984,0.5277705284,0.3282754471,0.4184532742,0.4210786339,0.09927269586,0.6130505543,0,0
"Korea",2007,1,"2007Q1",2007,49,13,0.5795182984,0.5258503307,0.3244835549,0.4388521708,0.4435439332,0.988162576,0.6156654596,0,0
"Korea",2007,2,"2007Q2",2007.25,50,13,0.5955410452,0.5242606677,0.3199430597,0.4493618255,0.4606951429,1.408510804,0.6154198368,0,0
"Korea",2007,3,"2007Q3",2007.5,51,13,0.606528863,0.5238303629,0.3123527672,0.4545072483,0.4462767899,0.9304300196,0.6150213533,0,0
"Korea",2007,4,"2007Q4",2007.75,52,13,0.6255803581,0.5206704995,0.3254980141,0.46215059,0.456961131,1.423326975,0.6165561576,0,0
"Korea",2008,1,"2008Q1",2008,53,13,0.6302661279,0.5227174215,0.3123534039,0.471081696,0.4653749319,0.06363563894,0.6171669968,0,0
"Korea",2008,2,"2008Q2",2008.25,54,13,0.6352261708,0.5172772065,0.3092267065,0.4696202613,0.4634638854,0.4308218638,0.61568879,0,0
"Korea",2008,3,"2008Q3",2008.5,55,13,0.6437231056,0.5118255517,0.3073309292,0.475641868,0.4731982807,0.9091269299,0.6134548808,0,0
"Korea",2008,4,"2008Q4",2008.75,56,13,0.6098016644,0.5129940524,0.3074624914,0.4709741267,0.41091957,-3.341934587,0.6112910931,0,0
"Korea",2009,1,"2009Q1",2009,57,13,0.6107597177,0.5096027278,0.3041266416,0.4644516778,0.3842013831,0.5974592253,0.6067513671,0,0
"Korea",2009,2,"2009Q2",2009.25,58,13,0.625232654,0.5189584501,0.3077873384,0.4581418811,0.4122730589,1.493267203,0.6049995171,0,0
"Korea",2009,3,"2009Q3",2009.5,59,13,0.6532595743,0.5096160024,0.3063703946,0.467678057,0.4372469233,2.385474615,0.6060569936,0,0
"Korea",2009,4,"2009Q4",2009.75,60,13,0.657521938,0.5154666238,0.3128843076,0.4773495757,0.4441648564,0.36711666,0.6049496882,0,0
"Korea",2010,1,"2010Q1",2010,61,13,0.6793727277,0.5079308537,0.3117944002,0.4631470771,0.446326743,2.061616102,0.6043020105,0,0
"Korea",2010,2,"2010Q2",2010.25,62,13,0.6965927887,0.5013504359,0.3045667441,0.5021334857,0.4581621766,0.5038613801,0.6103026669,0,0
"Korea",2010,3,"2010Q3",2010.5,63,13,0.706437744,0.5019472397,0.3008792335,0.4977314916,0.4666130277,0.7817773743,0.6101390872,0,0
"Korea",2010,4,"2010Q4",2010.75,64,13,0.7165290713,0.5017252973,0.3029721002,0.5128278866,0.4776581844,0.7792375812,0.6101445539,0,0
"Korea",2011,1,"2011Q1",2011,65,13,0.7262037258,0.502356198,0.293862616,0.540166518,0.5026665603,0.4863304859,0.6114763193,0,0
"Korea",2011,2,"2011Q2",2011.25,66,13,0.7324334015,0.5024575344,0.3012245905,0.5470545235,0.5301000914,-0.5041055596,0.6167864419,0,0
"Korea",2011,3,"2011Q3",2011.5,67,13,0.7396405933,0.4974742933,0.2964181384,0.5557250364,0.5044502137,0.7795016159,0.6148127591,0,0
"Korea",2011,4,"2011Q4",2011.75,68,13,0.745545201,0.4954630372,0.2949527157,0.5520356989,0.5024676512,-0.05479313664,0.6171794871,0,0
"Korea",2012,1,"2012Q1",2012,69,13,0.7509655982,0.4979164933,0.3019139786,0.5507951808,0.5163633294,0.1538120914,0.6183122038,0,0
"Korea",2012,2,"2012Q2",2012.25,70,13,0.7567847954,0.4948715506,0.2862910174,0.5594666902,0.5119899733,-0.2317779512,0.622090781,0,0
"Korea",2012,3,"2012Q3",2012.5,71,13,0.7600681647,0.4995966885,0.2858311759,0.5728487722,0.5125842117,0.293682135,0.6210380132,0,0
"Korea",2012,4,"2012Q4",2012.75,72,13,0.7667065258,0.4980613903,0.2803770953,0.5717782312,0.5009918502,0.7316907923,0.6193543802,0,0
"Korea",2013,1,"2013Q1",2013,73,13,0.7726194141,0.4945836714,0.2866242225,0.5710695096,0.5039090332,0.6371734929,0.6179618024,0,0
"Korea",2013,2,"2013Q2",2013.25,74,13,0.7833478735,0.4914264096,0.2906986009,0.5747830067,0.5053396285,-0.0008400808976,0.6235161043,0,0
"Korea",2013,3,"2013Q3",2013.5,75,13,0.7915956869,0.4929910801,0.2904416006,0.5699836414,0.5007913948,0.2942656387,0.6257143966,0,0
"Korea",2013,4,"2013Q4",2013.75,76,13,0.8010107584,0.4918697921,0.2909706737,0.569172551,0.5081930633,0.255496191,0.6288995871,0,0
"Korea",2014,1,"2014Q1",2014,77,13,0.8110219203,0.4892030715,0.291594714,0.5693813076,0.4977315999,0.1347512366,0.6330853619,0,0
"Korea",2014,2,"2014Q2",2014.25,78,13,0.8170470482,0.4837803612,0.2917524678,0.5693304647,0.4987628898,0.4724219416,0.632626562,0,0
"Korea",2014,3,"2014Q3",2014.5,79,13,0.8236722707,0.4839871766,0.289962791,0.5596784978,0.4929629156,0.06963691463,0.6351031152,0,0
"Korea",2014,4,"2014Q4",2014.75,80,13,0.8284372913,0.4835124849,0.2858071301,0.5576995618,0.4922545859,0.3390167879,0.6346949716,0,0
"Korea",2015,1,"2015Q1",2015,81,13,0.836689919,0.4837592323,0.2947965803,0.5523371829,0.4894037599,0.4222342052,0.6362847999,0,0
"Korea",2015,2,"2015Q2",2015.25,82,13,0.8403806871,0.4804696534,0.2964180493,0.5477418543,0.4898438242,0.4780195127,0.6346226814,0,0
"Korea",2015,3,"2015Q3",2015.5,83,13,0.8527611502,0.480401357,0.2977942184,0.5420981309,0.4882174284,0.7655866123,0.6366571774,0,0
"Korea",2015,4,"2015Q4",2015.75,84,13,0.8603341491,0.4847166745,0.2955540029,0.5497298745,0.5006204875,0.3897772711,0.6380297954,0,0
"Korea",2016,1,"2016Q1",2016,85,13,0.8666284891,0.4807286541,0.2964056395,0.5451118485,0.4907758358,0.6014332818,0.6374818942,0,0
"Korea",2016,2,"2016Q2",2016.25,86,13,0.8746808711,0.4806479208,0.301993294,0.5452236826,0.4982396343,0.8239889422,0.6366375821,0,0
"Korea",2016,3,"2016Q3",2016.5,87,13,0.8786719058,0.4813048708,0.305948318,0.5504891944,0.5082072566,-0.1795331232,0.639604738,0,0
"Korea",2016,4,"2016Q4",2016.75,88,13,0.8857584938,0.4791335272,0.3111481049,0.5431916091,0.5052227868,0.3478879554,0.6411880999,0,0
"Korea",2017,1,"2017Q1",2017,89,13,0.8954693001,0.4770110535,0.3191653797,0.549497287,0.5250623436,0.5580906013,0.6433398535,0,0
"Korea",2017,2,"2017Q2",2017.25,90,13,0.9017730429,0.4787558125,0.3228335331,0.531512446,0.5167235705,0.5706401857,0.6432229787,0,0
"Korea",2017,3,"2017Q3",2017.5,91,13,0.9156275074,0.475873971,0.3212929718,0.553367647,0.5259132178,1.186631658,0.6440015745,0,0
"Korea",2017,4,"2017Q4",2017.75,92,13,0.9134992157,0.4816787317,0.3181468408,0.5251094384,0.5120036336,-0.509379844,0.645411994,0,0
"Korea",2018,1,"2018Q1",2018,93,13,0.9234687224,0.4802272869,0.3212440263,0.5426030154,0.5318038815,0.8611697809,0.6459604197,0,0
"Korea",2018,2,"2018Q2",2018.25,94,13,0.9293999489,0.4788945701,0.3101393309,0.5416118034,0.5129947995,0.835993572,0.6440660876,0,0
"Korea",2018,3,"2018Q3",2018.5,95,13,0.9351086319,0.4790397964,0.2943943641,0.559538996,0.5094005182,0.683803923,0.643012434,0,0
"Korea",2018,4,"2018Q4",2018.75,96,13,0.9432906118,0.4784278845,0.295745274,0.5590958603,0.5107179456,0.7482958082,0.6431354901,0,0
"Korea",2019,1,"2019Q1",2019,97,13,0.9500156197,0.4785599686,0.2955330247,0.5594676108,0.5134471523,0.5552760518,0.6436667672,0,0
"Korea",2019,2,"2019Q2",2019.25,98,13,0.9567190733,0.4787024071,0.2953290266,0.5598516755,0.5162758393,0.5556090471,0.6441825303,0,0
"Korea",2019,3,"2019Q3",2019.5,99,13,0.9634639771,0.4788250402,0.295114666,0.5602127825,0.5190985929,0.559754071,0.644698784,0,0
"Korea",2019,4,"2019Q4",2019.75,100,13,0.9704255344,0.4788439502,0.294838302,0.5604526852,0.5215874893,0.5814194267,0.6452155288,0,0
"Korea",2020,1,"2020Q1",2020,101,13,0.9775626637,0.4787787934,0.2940778081,0.5615443054,0.52260341,0.5840497619,0.6459097059,0,0
"Korea",2020,2,"2020Q2",2020.25,102,13,0.9847056116,0.4787108601,0.2933186995,0.5626347781,0.5236182627,0.5846316211,0.6466046615,0,0
"Korea",2020,3,"2020Q3",2020.5,103,13,0.9918492868,0.4786425883,0.2925624632,0.5637269585,0.5246347046,0.5896789824,0.6472681966,0,0
"Korea",2020,4,"2020Q4",2020.75,104,13,0.9992078441,0.4785877724,0.2917465997,0.564699902,0.5254134352,0.6111671958,0.6479324443,0,0
"Luxembourg",1995,1,"1995Q1",1995,1,14,-0.01617152222,0.3918672838,0.1699321657,1.124199556,0.8782287985,-0.05289208289,0.5397187567,0,0
"Luxembourg",1995,2,"1995Q2",1995.25,2,14,-0.01795499774,0.3904463532,0.163941614,1.111124428,0.8542024177,-0.786122386,0.5413292732,0,0
"Luxembourg",1995,3,"1995Q3",1995.5,3,14,-0.01560960985,0.3973944804,0.1770650246,1.11301233,0.8573849676,-1.26868116,0.5478334411,0,0
"Luxembourg",1995,4,"1995Q4",1995.75,4,14,0.04814676074,0.3754253011,0.2025496338,1.070482548,0.8418264126,5.898060598,0.5487637087,0,0
"Luxembourg",1996,1,"1996Q1",1996,5,14,0.004892378024,0.3958608151,0.1590305959,1.113639101,0.8937192625,-4.4161232,0.5479915358,0,0
"Luxembourg",1996,2,"1996Q2",1996.25,6,14,0.01654692667,0.3912100692,0.2237278338,1.103089078,0.932527655,1.128678859,0.5469284526,0,0
"Luxembourg",1996,3,"1996Q3",1996.5,7,14,0.008577957599,0.3900596528,0.1583027139,1.139842555,0.8554871852,-0.1223065137,0.5420009777,0,0
"Luxembourg",1996,4,"1996Q4",1996.75,8,14,0.02499480879,0.3865690671,0.1347007758,1.156902143,0.8545691888,2.131681018,0.5381131525,0,0
"Luxembourg",1997,1,"1997Q1",1997,9,14,0.04165499558,0.3836366076,0.1545933165,1.161959472,0.8955888376,1.579122552,0.5371238859,0,0
"Luxembourg",1997,2,"1997Q2",1997.25,10,14,0.06282794488,0.3843299973,0.154410704,1.188403107,0.9076053527,0.3901399894,0.5450069705,0,0
"Luxembourg",1997,3,"1997Q3",1997.5,11,14,0.08587776896,0.3777815715,0.1696899036,1.201691719,0.9314396378,1.123667389,0.5499994517,0,0
"Luxembourg",1997,4,"1997Q4",1997.75,12,14,0.0864820216,0.3725112319,0.2002353313,1.20176737,0.9898818653,-0.7443884896,0.552955875,0,0
"Luxembourg",1998,1,"1998Q1",1998,13,14,0.1003922859,0.3703419643,0.1698901287,1.263122191,0.9813046624,2.51327396,0.5452870198,0,0
"Luxembourg",1998,2,"1998Q2",1998.25,14,14,0.1249186726,0.360361255,0.1645998073,1.262444038,0.9611179907,0.9045481823,0.5522811661,0,0
"Luxembourg",1998,3,"1998Q3",1998.5,15,14,0.1401412045,0.3625542257,0.2145808286,1.246552203,1.045361248,0.9496745974,0.5539390148,0,0
"Luxembourg",1998,4,"1998Q4",1998.75,16,14,0.1456007645,0.3708293134,0.1625256126,1.266374331,1.016166036,-0.1158731073,0.5561020674,0,0
"Luxembourg",1999,1,"1999Q1",1999,17,14,0.1701527982,0.3619352978,0.2089485119,1.257680628,1.02002003,3.111401503,0.550690562,0,0
"Luxembourg",1999,2,"1999Q2",1999.25,18,14,0.1977541863,0.360588629,0.1987695639,1.270744457,1.048242229,1.483515821,0.5559802599,0,0
"Luxembourg",1999,3,"1999Q3",1999.5,19,14,0.2304451312,0.3616519185,0.1748428018,1.311303458,1.028008742,2.418533773,0.5589400083,0,0
"Luxembourg",1999,4,"1999Q4",1999.75,20,14,0.2367489487,0.346940208,0.1930065297,1.326124696,1.069917737,-0.2298495715,0.561975579,0,0
"Luxembourg",2000,1,"2000Q1",2000,21,14,0.2866331474,0.3471243799,0.1688010872,1.321850022,1.061174068,5.2028668,0.5591404109,0,0
"Luxembourg",2000,2,"2000Q2",2000.25,22,14,0.2761703658,0.3453360143,0.1661482699,1.390787265,1.07855095,-2.037890504,0.5630744784,0,0
"Luxembourg",2000,3,"2000Q3",2000.5,23,14,0.2910598718,0.3413911446,0.1774873122,1.407341629,1.103370853,0.9000106238,0.5647622702,0,0
"Luxembourg",2000,4,"2000Q4",2000.75,24,14,0.2982337022,0.3446573111,0.1724726944,1.431942395,1.13563967,-0.1594645143,0.5680930903,0,0
"Luxembourg",2001,1,"2001Q1",2001,25,14,0.3164919067,0.3407154642,0.1722752551,1.427313396,1.09932044,0.9633367765,0.5717485556,0,0
"Luxembourg",2001,2,"2001Q2",2001.25,26,14,0.2940316126,0.3547031191,0.1853968522,1.458485101,1.180797143,-2.81507715,0.5737443043,0,0
"Luxembourg",2001,3,"2001Q3",2001.5,27,14,0.3093567184,0.3515192433,0.195001287,1.448537073,1.165583703,1.043033829,0.5752918674,0,0
"Luxembourg",2001,4,"2001Q4",2001.75,28,14,0.3317782046,0.3489091612,0.1567890499,1.416887314,1.109768186,1.865508063,0.5761958688,0,0
"Luxembourg",2002,1,"2002Q1",2002,29,14,0.343027998,0.3526907797,0.1823412492,1.44475692,1.117584836,0.4680966418,0.5787150057,0,0
"Luxembourg",2002,2,"2002Q2",2002.25,30,14,0.3632408107,0.3486092703,0.1577285594,1.40861547,1.077180521,1.969579961,0.5777409976,0,0
"Luxembourg",2002,3,"2002Q3",2002.5,31,14,0.3493433061,0.3511300011,0.1731759972,1.424013337,1.123081563,-1.532948287,0.5772993852,0,0
"Luxembourg",2002,4,"2002Q4",2002.75,32,14,0.3468402283,0.3515137655,0.1800306447,1.409847534,1.114966047,-0.5424059447,0.5777204754,0,0
"Luxembourg",2003,1,"2003Q1",2003,33,14,0.3374111884,0.3590386142,0.1750018465,1.419521873,1.141431708,-1.40316254,0.578778406,0,0
"Luxembourg",2003,2,"2003Q2",2003.25,34,14,0.3632299597,0.3520358257,0.1808074917,1.413644889,1.130682904,2.389858325,0.578289436,0,0
"Luxembourg",2003,3,"2003Q3",2003.5,35,14,0.3685809635,0.3561863821,0.1713200955,1.429069128,1.145364468,0.2748384809,0.5781997323,0,0
"Luxembourg",2003,4,"2003Q4",2003.75,36,14,0.3983286424,0.3456067888,0.160631195,1.478678498,1.143643349,2.906560927,0.5770051953,0,0
"Luxembourg",2004,1,"2004Q1",2004,37,14,0.3907117338,0.3468326801,0.1901731468,1.509581183,1.20608775,-0.8895549577,0.5758594317,0,0
"Luxembourg",2004,2,"2004Q2",2004.25,38,14,0.3938979949,0.3441057128,0.1916308514,1.511527971,1.240195948,-0.1136331804,0.5764741465,0,0
"Luxembourg",2004,3,"2004Q3",2004.5,39,14,0.4069880388,0.3430575384,0.1642773054,1.507142002,1.225273039,1.044348337,0.5761291937,0,0
"Luxembourg",2004,4,"2004Q4",2004.75,40,14,0.4197962686,0.341063521,0.1568323063,1.516469242,1.239838548,1.168367291,0.5749148025,0,0
"Luxembourg",2005,1,"2005Q1",2005,41,14,0.4160685165,0.3346222274,0.1688597993,1.516358693,1.212845125,-0.1725663421,0.5715376705,0,0
"Luxembourg",2005,2,"2005Q2",2005.25,42,14,0.4278294557,0.3314492142,0.1581841748,1.558761798,1.246551734,0.7695305189,0.5716470318,0,0
"Luxembourg",2005,3,"2005Q3",2005.5,43,14,0.4463713176,0.3308630724,0.1657312627,1.556110481,1.252544541,1.461421966,0.5716860697,0,0
"Luxembourg",2005,4,"2005Q4",2005.75,44,14,0.4467709839,0.3345216679,0.180593249,1.6014266,1.319252207,-0.3534926617,0.5717375672,0,0
"Luxembourg",2006,1,"2006Q1",2006,45,14,0.4735801565,0.3292676475,0.1647571796,1.650694291,1.333410892,1.96904098,0.5733249479,0,0
"Luxembourg",2006,2,"2006Q2",2006.25,46,14,0.4725748817,0.3297286209,0.1679773009,1.696656737,1.348157658,-0.6031347773,0.5737256619,0,0
"Luxembourg",2006,3,"2006Q3",2006.5,47,14,0.4833764054,0.3230405941,0.1575717783,1.714750699,1.344547488,0.8140395745,0.5727811619,0,0
"Luxembourg",2006,4,"2006Q4",2006.75,48,14,0.5091479353,0.3193268853,0.1708454832,1.680078461,1.354301865,2.199298505,0.5724881384,0,0
"Luxembourg",2007,1,"2007Q1",2007,49,14,0.5459375975,0.3100259751,0.175956959,1.620413411,1.291773273,2.997303978,0.5737168215,0,0
"Luxembourg",2007,2,"2007Q2",2007.25,50,14,0.56925566,0.3051257544,0.1817958464,1.657078402,1.308935805,1.690419091,0.5747291175,0,0
"Luxembourg",2007,3,"2007Q3",2007.5,51,14,0.5719079206,0.3047689767,0.175669619,1.723502749,1.356203216,-0.5243789176,0.5766096016,0,0
"Luxembourg",2007,4,"2007Q4",2007.75,52,14,0.5720682006,0.3087968671,0.1533135481,1.744754283,1.344938385,-0.7474059375,0.5783571979,0,0
"Luxembourg",2008,1,"2008Q1",2008,53,14,0.5704485631,0.3047882504,0.1827171078,1.796377736,1.443072909,-1.050893681,0.5806026561,0,0
"Luxembourg",2008,2,"2008Q2",2008.25,54,14,0.5613387942,0.315678473,0.181834572,1.826753589,1.491421086,-1.417085969,0.5806443268,0,0
"Luxembourg",2008,3,"2008Q3",2008.5,55,14,0.5528179804,0.3165762146,0.2103142265,1.83465798,1.542702809,-1.628632341,0.5822729667,0,0
"Luxembourg",2008,4,"2008Q4",2008.75,56,14,0.521559476,0.3250587911,0.2043078376,1.704320959,1.395227329,-3.511353178,0.5816415433,0,0
"Luxembourg",2009,1,"2009Q1",2009,57,14,0.5058420264,0.3330828498,0.1862950186,1.673696827,1.283080027,-1.583902749,0.5787258841,0,0
"Luxembourg",2009,2,"2009Q2",2009.25,58,14,0.4899699301,0.3384666646,0.1752686228,1.640248292,1.308116179,-1.592659863,0.5758013937,0,0
"Luxembourg",2009,3,"2009Q3",2009.5,59,14,0.5066494992,0.3354908434,0.1722882994,1.65348393,1.340810157,1.346318568,0.5747209566,0,0
"Luxembourg",2009,4,"2009Q4",2009.75,60,14,0.5251543118,0.3279428984,0.1788283605,1.672935996,1.362753508,1.370747007,0.5745650064,0,0
"Luxembourg",2010,1,"2010Q1",2010,61,14,0.5390433243,0.3242640026,0.1766959083,1.697596319,1.386572048,1.096947465,0.5732474428,0,0
"Luxembourg",2010,2,"2010Q2",2010.25,62,14,0.5584540161,0.320656414,0.1880486011,1.758157369,1.455654074,1.456929616,0.5730486369,0,0
"Luxembourg",2010,3,"2010Q3",2010.5,63,14,0.5564395376,0.3233400027,0.1715296766,1.761756674,1.402933966,-0.8064374312,0.5735579668,0,0
"Luxembourg",2010,4,"2010Q4",2010.75,64,14,0.5636192673,0.3199239505,0.168120882,1.763901747,1.421999486,0.3473825074,0.5727388954,0,0
"Luxembourg",2011,1,"2011Q1",2011,65,14,0.5825684005,0.3143669307,0.1816249619,1.753807494,1.42888376,1.078270702,0.5736432076,0,0
"Luxembourg",2011,2,"2011Q2",2011.25,66,14,0.573661286,0.3196227037,0.1879681488,1.756543423,1.443289551,-1.811425341,0.5751720045,0,0
"Luxembourg",2011,3,"2011Q3",2011.5,67,14,0.5807045993,0.3190989617,0.1966832359,1.791416483,1.464862058,0.08299931137,0.5750053834,0,0
"Luxembourg",2011,4,"2011Q4",2011.75,68,14,0.5812550302,0.3218189274,0.212318561,1.782561397,1.484830185,-0.5177370096,0.5745839245,0,0
"Luxembourg",2012,1,"2012Q1",2012,69,14,0.5656926123,0.3299802668,0.2080163616,1.818070933,1.532839807,-2.179202336,0.5743230406,0,0
"Luxembourg",2012,2,"2012Q2",2012.25,70,14,0.5785723615,0.326367345,0.2088878857,1.819925993,1.531788956,0.7319590382,0.5737035579,0,0
"Luxembourg",2012,3,"2012Q3",2012.5,71,14,0.5747591785,0.3305023998,0.2118511425,1.843379286,1.539987904,-0.8906651292,0.5728424371,0,0
"Luxembourg",2012,4,"2012Q4",2012.75,72,14,0.5846050892,0.3299383451,0.2036788122,1.823736375,1.517329407,0.4616564072,0.5720850573,0,0
"Luxembourg",2013,1,"2013Q1",2013,73,14,0.5902701296,0.3282650387,0.199028955,1.83049228,1.540946059,0.2451206773,0.5696485073,0,0
"Luxembourg",2013,2,"2013Q2",2013.25,74,14,0.6178573763,0.3209395307,0.2117706964,1.836737996,1.545479101,2.186723115,0.5686772775,0,0
"Luxembourg",2013,3,"2013Q3",2013.5,75,14,0.6300176791,0.3192259607,0.21445218,1.820317169,1.5358239,0.5988203506,0.5679955074,0,0
"Luxembourg",2013,4,"2013Q4",2013.75,76,14,0.6092037763,0.3274539128,0.1891364199,1.928220323,1.581410245,-2.550422399,0.5665051019,0,0
"Luxembourg",2014,1,"2014Q1",2014,77,14,0.6427531751,0.3289136394,0.2312587918,1.982972119,1.729037352,2.628597484,0.5666660209,0,0
"Luxembourg",2014,2,"2014Q2",2014.25,78,14,0.6298216339,0.3269627654,0.1992844159,2.072976947,1.752610644,-1.858886727,0.5659447135,0,0
"Luxembourg",2014,3,"2014Q3",2014.5,79,14,0.6591592759,0.3201018829,0.2046527616,2.109095299,1.803753534,2.454567378,0.5647623578,0,0
"Luxembourg",2014,4,"2014Q4",2014.75,80,14,0.6838977939,0.3170119633,0.2177327059,2.106437864,1.813024952,1.989847987,0.5636360865,0,0
"Luxembourg",2015,1,"2015Q1",2015,81,14,0.6955124138,0.3175495848,0.2022708984,2.117382245,1.813436516,0.5691992203,0.5636346674,0,0
"Luxembourg",2015,2,"2015Q2",2015.25,82,14,0.6882873712,0.3221894803,0.1821483602,2.088682503,1.771792578,-1.213304891,0.5630813154,0,0
"Luxembourg",2015,3,"2015Q3",2015.5,83,14,0.6833496872,0.3254975981,0.1863567622,2.091053546,1.788541684,-0.9799622027,0.5625219948,0,0
"Luxembourg",2015,4,"2015Q4",2015.75,84,14,0.7033897128,0.3189447324,0.171493384,2.084688322,1.758702317,1.441813804,0.5624096281,0,0
"Luxembourg",2016,1,"2016Q1",2016,85,14,0.6956536269,0.3214635356,0.1908763916,2.134862236,1.839486609,-1.262878672,0.5616559969,0,0
"Luxembourg",2016,2,"2016Q2",2016.25,86,14,0.7246393109,0.3159747737,0.1952588068,2.13190318,1.82765934,2.346027486,0.5612800506,0,0
"Luxembourg",2016,3,"2016Q3",2016.5,87,14,0.7265743515,0.3130335572,0.1989733636,2.118460232,1.796010908,-0.5237755962,0.5618505739,0,0
"Luxembourg",2016,4,"2016Q4",2016.75,88,14,0.7185151045,0.3251365284,0.2118664838,2.113020305,1.813014237,-1.591094684,0.5628248406,0,0
"Luxembourg",2017,1,"2017Q1",2017,89,14,0.7235859231,0.3201488738,0.2159824279,2.031585995,1.741389563,-0.1817119663,0.5637147916,0,0
"Luxembourg",2017,2,"2017Q2",2017.25,90,14,0.7252446705,0.3234989018,0.2211637301,2.044543385,1.751488659,-0.4815133002,0.5643882358,0,0
"Luxembourg",2017,3,"2017Q3",2017.5,91,14,0.7320128033,0.3256025994,0.1870507322,2.056874496,1.747887248,0.1608430651,0.5643360291,0,0
"Luxembourg",2017,4,"2017Q4",2017.75,92,14,0.7462173016,0.324193005,0.1931128089,2.07330293,1.765854195,0.5111461984,0.5665232609,0,0
"Luxembourg",2018,1,"2018Q1",2018,93,14,0.7555289164,0.3251413446,0.1857928086,2.071513214,1.77188712,0.1892443586,0.5676171474,0,0
"Luxembourg",2018,2,"2018Q2",2018.25,94,14,0.7557276994,0.3254191189,0.1837273707,2.11960932,1.801534752,-0.6633417741,0.568396465,0,0
"Luxembourg",2018,3,"2018Q3",2018.5,95,14,0.7630757807,0.3261333942,0.185688169,2.122265317,1.806747662,0.3741912383,0.5673604515,0,0
"Luxembourg",2018,4,"2018Q4",2018.75,96,14,0.7705855612,0.3266074905,0.1872497862,2.124067702,1.81046416,0.1229542525,0.5678594045,0,0
"Luxembourg",2019,1,"2019Q1",2019,97,14,0.7782793594,0.326956398,0.1882783613,2.130600898,1.818203251,0.1413560229,0.5684086808,0,0
"Luxembourg",2019,2,"2019Q2",2019.25,98,14,0.7858644859,0.327341249,0.1892208006,2.13738645,1.826173866,0.1304888527,0.5689744669,0,0
"Luxembourg",2019,3,"2019Q3",2019.5,99,14,0.7937500053,0.3277580291,0.1900158587,2.143806214,1.833628531,0.1605281418,0.5695566428,0,0
"Luxembourg",2019,4,"2019Q4",2019.75,100,14,0.8016083319,0.3282818218,0.1907057076,2.150422785,1.841288984,0.1677467589,0.5700984334,0,0
"Luxembourg",2020,1,"2020Q1",2020,101,14,0.8095721863,0.3289020262,0.1913550118,2.156970809,1.848880779,0.1782995329,0.5707047562,0,0
"Luxembourg",2020,2,"2020Q2",2020.25,102,14,0.8175067881,0.329533042,0.1919892043,2.163602061,1.856558184,0.1753742647,0.571326612,0,0
"Luxembourg",2020,3,"2020Q3",2020.5,103,14,0.825432978,0.3301680457,0.1926271191,2.170271956,1.864283152,0.1745330863,0.5719638993,0,0
"Luxembourg",2020,4,"2020Q4",2020.75,104,14,0.8333506904,0.3308070775,0.1932687918,2.176980868,1.872056132,0.17368533,0.5726165192,0,0
"Netherlands",1995,1,"1995Q1",1995,1,15,-0.01158507607,0.4943891429,0.1919222542,0.4630434685,0.4032757508,0.1166361039,0.5751120858,0,0
"Netherlands",1995,2,"1995Q2",1995.25,2,15,-0.003770190445,0.4946664153,0.1942284971,0.4846544389,0.4155238981,0.2827859219,0.5774062596,0,0
"Netherlands",1995,3,"1995Q3",1995.5,3,15,0.004056066295,0.49660746,0.1865115072,0.4672777826,0.4039471966,0.3056844525,0.5795840316,0,0
"Netherlands",1995,4,"1995Q4",1995.75,4,15,0.01115457221,0.4933077162,0.1935210618,0.4752445082,0.4143556776,0.1989683694,0.5819680965,0,0
"Netherlands",1996,1,"1996Q1",1996,5,15,0.0153447536,0.5016122143,0.189353523,0.4798117269,0.4127436119,0.2363307906,0.5826052414,0,0
"Netherlands",1996,2,"1996Q2",1996.25,6,15,0.02634755905,0.4986912079,0.1999387021,0.471678733,0.4108364673,0.3768224951,0.5864059496,0,0
"Netherlands",1996,3,"1996Q3",1996.5,7,15,0.04021690489,0.497165218,0.2035487877,0.4771256781,0.4165577413,0.5919933416,0.5906538356,0,0
"Netherlands",1996,4,"1996Q4",1996.75,8,15,0.0472666976,0.5008760971,0.2118127099,0.4814802797,0.4284764022,-0.09242653627,0.594947474,0,0
"Netherlands",1997,1,"1997Q1",1997,9,15,0.05807011225,0.5006780994,0.2059576449,0.4967058012,0.4360540233,0.1238058899,0.60007884,0,0
"Netherlands",1997,2,"1997Q2",1997.25,10,15,0.0685516103,0.4990152947,0.2079316424,0.5016120579,0.4454203262,0.4248500272,0.6032414717,0,0
"Netherlands",1997,3,"1997Q3",1997.5,11,15,0.08294023431,0.4967945456,0.2042097518,0.5079490572,0.4475268295,0.8823750105,0.6060163199,0,0
"Netherlands",1997,4,"1997Q4",1997.75,12,15,0.09564190428,0.4972330427,0.2031858653,0.5093520064,0.4515937056,0.7194658164,0.6087692853,0,0
"Netherlands",1998,1,"1998Q1",1998,13,15,0.1090768786,0.4965455183,0.2105251117,0.5043085699,0.4570439398,0.9523031914,0.6104837995,0,0
"Netherlands",1998,2,"1998Q2",1998.25,14,15,0.1161816908,0.5021996078,0.2057182231,0.512618404,0.4568748154,0.01310323173,0.6140812231,0,0
"Netherlands",1998,3,"1998Q3",1998.5,15,15,0.1247464724,0.5061596787,0.2113284036,0.5145077137,0.4622724372,0.1136319492,0.6179815111,0,0
"Netherlands",1998,4,"1998Q4",1998.75,16,15,0.1338487219,0.5079636669,0.2091011211,0.5199035879,0.4636260164,0.1871860681,0.6217841482,0,0
"Netherlands",1999,1,"1999Q1",1999,17,15,0.1503313143,0.5081261845,0.2172446344,0.5230760225,0.4686038769,0.6564947724,0.6272962175,0,0
"Netherlands",1999,2,"1999Q2",1999.25,18,15,0.1613998865,0.5103417331,0.2157217502,0.5316258739,0.4768197542,0.5941873788,0.6298331677,0,0
"Netherlands",1999,3,"1999Q3",1999.5,19,15,0.1751565271,0.5086585958,0.219619964,0.5294163835,0.4828112954,0.9504061468,0.6318285943,0,0
"Netherlands",1999,4,"1999Q4",1999.75,20,15,0.1891700325,0.5046913824,0.2223989751,0.5412792376,0.491409104,1.007330263,0.6336331312,0,0
"Netherlands",2000,1,"2000Q1",2000,21,15,0.1954220483,0.5087646894,0.2143116956,0.5555330162,0.4981323447,0.2551144602,0.6351284405,0,0
"Netherlands",2000,2,"2000Q2",2000.25,22,15,0.2064411369,0.5047667146,0.216799037,0.5653365065,0.5099831193,0.6231511007,0.6373206307,0,0
"Netherlands",2000,3,"2000Q3",2000.5,23,15,0.2145853236,0.5047760866,0.2139082936,0.5763213153,0.5124411567,0.3097035073,0.6396875623,0,0
"Netherlands",2000,4,"2000Q4",2000.75,24,15,0.2273495394,0.5015853873,0.2153958726,0.5989308798,0.5320126289,0.7972492975,0.6419004552,0,0
"Netherlands",2001,1,"2001Q1",2001,25,15,0.2286630573,0.5017727617,0.2126096135,0.5768783155,0.5229376421,-0.6659533443,0.6460304663,0,0
"Netherlands",2001,2,"2001Q2",2001.25,26,15,0.2336912629,0.5027097626,0.213610077,0.5689828124,0.5137709796,0.2158328368,0.6468790552,0,0
"Netherlands",2001,3,"2001Q3",2001.5,27,15,0.235346046,0.5038478858,0.2113615131,0.5692182575,0.5154217888,-0.01195407216,0.6470210923,0,0
"Netherlands",2001,4,"2001Q4",2001.75,28,15,0.2385402294,0.5058857422,0.2144259308,0.5617014719,0.502803851,0.2361025312,0.6465559199,0,0
"Netherlands",2002,1,"2002Q1",2002,29,15,0.2324584871,0.5086414926,0.2102740742,0.56731197,0.5115601871,-1.097714586,0.6487665129,0,0
"Netherlands",2002,2,"2002Q2",2002.25,30,15,0.2360045066,0.5074522605,0.2058892673,0.5696428691,0.5123890893,0.4171977148,0.6474016673,0,0
"Netherlands",2002,3,"2002Q3",2002.5,31,15,0.2375414661,0.5078398498,0.2036952585,0.5737844544,0.5162899873,0.2836292091,0.6456062246,0,0
"Netherlands",2002,4,"2002Q4",2002.75,32,15,0.2389555285,0.5095934262,0.1960541384,0.5752037557,0.5148371629,0.3423240148,0.6433603168,0,0
"Netherlands",2003,1,"2003Q1",2003,33,15,0.2391631134,0.5078807113,0.1982430768,0.5819339547,0.5235550913,0.1221603721,0.6419769894,0,0
"Netherlands",2003,2,"2003Q2",2003.25,34,15,0.2356618924,0.5085936975,0.199469193,0.5782772291,0.5228381375,-0.01946634074,0.6391305533,0,0
"Netherlands",2003,3,"2003Q3",2003.5,35,15,0.2366289715,0.5063635265,0.1998603783,0.5799736867,0.5208492757,0.1754596648,0.6379024393,0,0
"Netherlands",2003,4,"2003Q4",2003.75,36,15,0.241911222,0.5046506814,0.2026802348,0.587815415,0.5290959716,0.7294865191,0.6358979915,0,0
"Netherlands",2004,1,"2004Q1",2004,37,15,0.2510306546,0.5057332848,0.1993912727,0.589883217,0.5243656334,0.9723026413,0.6350611024,0,0
"Netherlands",2004,2,"2004Q2",2004.25,38,15,0.2556384101,0.5011163581,0.1961958204,0.6129695126,0.5427015207,0.4976326444,0.6343747123,0,0
"Netherlands",2004,3,"2004Q3",2004.5,39,15,0.2572507246,0.500046029,0.1938676206,0.6232919949,0.5507765752,0.05008158454,0.6346279847,0,0
"Netherlands",2004,4,"2004Q4",2004.75,40,15,0.2595823327,0.4990782836,0.1957384556,0.6361352201,0.5619058865,0.1601146629,0.6346398127,0,0
"Netherlands",2005,1,"2005Q1",2005,41,15,0.2625562639,0.498479269,0.19795012,0.6335071,0.5591646118,0.1901296083,0.6349214048,0,0
"Netherlands",2005,2,"2005Q2",2005.25,42,15,0.2698292602,0.4966331825,0.1993597527,0.6354421667,0.5610604988,0.3082916095,0.6371866744,0,0
"Netherlands",2005,3,"2005Q3",2005.5,43,15,0.2830336462,0.4948862544,0.2008651073,0.6407689843,0.5666004486,1.066198327,0.6384075218,0,0
"Netherlands",2005,4,"2005Q4",2005.75,44,15,0.2892685742,0.4932431572,0.19595481,0.643619528,0.5666577509,0.2597937869,0.640331476,0,0
"Netherlands",2006,1,"2006Q1",2006,45,15,0.2956040977,0.481888827,0.1984255556,0.6586467878,0.5836708348,0.3385654224,0.6418690217,0,0
"Netherlands",2006,2,"2006Q2",2006.25,46,15,0.310297173,0.4793250313,0.2034135056,0.6618297238,0.5865006267,1.215587509,0.643144994,0,0
"Netherlands",2006,3,"2006Q3",2006.5,47,15,0.3162595451,0.4773806424,0.2072996863,0.6631643545,0.5848241405,-0.05624423434,0.6469985421,0,0
"Netherlands",2006,4,"2006Q4",2006.75,48,15,0.3244209407,0.4733282507,0.212605445,0.6666953592,0.5948513317,-0.02258126291,0.6520886928,0,0
"Netherlands",2007,1,"2007Q1",2007,49,15,0.3358893208,0.471267931,0.2142778993,0.6683989788,0.5923352784,0.3135442369,0.6570237062,0,0
"Netherlands",2007,2,"2007Q2",2007.25,50,15,0.3409639504,0.470442739,0.2111673531,0.6708334089,0.5955175771,-0.2715890683,0.661637503,0,0
"Netherlands",2007,3,"2007Q3",2007.5,51,15,0.352077782,0.4687599055,0.2129063126,0.6745850902,0.601279866,0.4455737197,0.6655300273,0,0
"Netherlands",2007,4,"2007Q4",2007.75,52,15,0.3655862028,0.4664530709,0.2697325332,0.676603001,0.6519745809,0.9752866124,0.6675055958,0,0
"Netherlands",2008,1,"2008Q1",2008,53,15,0.3688555945,0.4621134597,0.2114165402,0.6741122364,0.5910759025,-0.5006036466,0.672278545,0,0
"Netherlands",2008,2,"2008Q2",2008.25,54,15,0.3738245853,0.4628191549,0.2155359578,0.6760318584,0.5972635928,-0.08413170473,0.6754194737,0,0
"Netherlands",2008,3,"2008Q3",2008.5,55,15,0.3724952923,0.4630245995,0.2166488919,0.6732159809,0.6000503944,-0.4414034015,0.6767289862,0,0
"Netherlands",2008,4,"2008Q4",2008.75,56,15,0.3657219036,0.4655874267,0.2208292528,0.6522459912,0.585727602,-0.9286224154,0.6776542647,0,0
"Netherlands",2009,1,"2009Q1",2009,57,15,0.3293459562,0.4751693209,0.2081531016,0.6215470458,0.5598573238,-4.065387673,0.6795041362,0,0
"Netherlands",2009,2,"2009Q2",2009.25,58,15,0.3292725352,0.4728607703,0.2041729128,0.6270811026,0.5597944137,0.5929804824,0.6743914083,0,0
"Netherlands",2009,3,"2009Q3",2009.5,59,15,0.3332966118,0.471424915,0.2037307885,0.6390666325,0.5710751155,0.9542029983,0.6696436348,0,0
"Netherlands",2009,4,"2009Q4",2009.75,60,15,0.33929344,0.46858209,0.2040392292,0.6503292323,0.5818295261,1.231635196,0.6643980995,0,0
"Netherlands",2010,1,"2010Q1",2010,61,15,0.3374077395,0.4686532743,0.1890878194,0.665685501,0.5914851004,0.05691627843,0.6617928953,0,0
"Netherlands",2010,2,"2010Q2",2010.25,62,15,0.3417437766,0.466988144,0.1924150683,0.6809095633,0.6105833726,0.2807390035,0.6618305011,0,0
"Netherlands",2010,3,"2010Q3",2010.5,63,15,0.3461453248,0.4660742648,0.1893800837,0.6942893584,0.6121312028,0.3808402158,0.6612506506,0,0
"Netherlands",2010,4,"2010Q4",2010.75,64,15,0.3575649278,0.4638394052,0.1831851301,0.704136803,0.6157501859,1.123597353,0.6604022321,0,0
"Netherlands",2011,1,"2011Q1",2011,65,15,0.363294209,0.4598056668,0.1980826892,0.7068501576,0.6218012786,0.7304468877,0.6585268091,0,0
"Netherlands",2011,2,"2011Q2",2011.25,66,15,0.362371203,0.4601296357,0.1934590227,0.707153639,0.6136561399,0.02308136391,0.6569345204,0,0
"Netherlands",2011,3,"2011Q3",2011.5,67,15,0.3622764876,0.4584682599,0.1923821477,0.7149225368,0.6241512204,-0.1751437041,0.6571916035,0,0
"Netherlands",2011,4,"2011Q4",2011.75,68,15,0.3561721368,0.4597804528,0.1929883079,0.714761363,0.6254772442,-1.008519328,0.6589796087,0,0
"Netherlands",2012,1,"2012Q1",2012,69,15,0.3543120593,0.4620686363,0.1875354311,0.7261888423,0.6317139976,-0.3819698269,0.6596515701,0,0
"Netherlands",2012,2,"2012Q2",2012.25,70,15,0.3547475799,0.458873142,0.187143607,0.7390368144,0.6411793477,-0.05157667459,0.6596593082,0,0
"Netherlands",2012,3,"2012Q3",2012.5,71,15,0.3502999399,0.4589234788,0.1833644882,0.7424089918,0.6425575766,-0.5224425965,0.6595525253,0,0
"Netherlands",2012,4,"2012Q4",2012.75,72,15,0.3432714393,0.4559880294,0.1773149349,0.7591514369,0.6501245935,-0.4971380833,0.6575801769,0,0
"Netherlands",2013,1,"2013Q1",2013,73,15,0.3464761648,0.4551244655,0.1718098766,0.7573720011,0.6441532197,0.5654828943,0.6553931594,0,0
"Netherlands",2013,2,"2013Q2",2013.25,74,15,0.3448027963,0.4556577687,0.1776098992,0.7589476665,0.6552264252,0.1105992304,0.6529988823,0,0
"Netherlands",2013,3,"2013Q3",2013.5,75,15,0.3508629659,0.454994551,0.1828421217,0.7623681154,0.6571538065,0.9682256047,0.6500657979,0,0
"Netherlands",2013,4,"2013Q4",2013.75,76,15,0.3571306328,0.4540975412,0.1928510223,0.7677683098,0.6718575203,0.7845582653,0.6484706193,0,0
"Netherlands",2014,1,"2014Q1",2014,77,15,0.3559934334,0.4514806894,0.1759253192,0.775349843,0.663936233,0.4521060734,0.6440545593,0,0
"Netherlands",2014,2,"2014Q2",2014.25,78,15,0.3619508347,0.4504453288,0.1731807845,0.7782594277,0.663226028,0.5526385059,0.643576462,0,0
"Netherlands",2014,3,"2014Q3",2014.5,79,15,0.3645412799,0.449144133,0.1733647565,0.7910243234,0.6733529433,-0.0378948221,0.6447341073,0,0
"Netherlands",2014,4,"2014Q4",2014.75,80,15,0.3735729165,0.4500813636,0.1769454103,0.7946592678,0.6754937426,0.43592793,0.646995594,0,0
"Netherlands",2015,1,"2015Q1",2015,81,15,0.379124157,0.4504479332,0.1386060807,0.8435930124,0.6862837551,0.262808361,0.6481447142,0,0
"Netherlands",2015,2,"2015Q2",2015.25,82,15,0.3822103909,0.4517119313,0.3607822656,0.8137708914,0.8764972145,0.1133907766,0.6486666797,0,0
"Netherlands",2015,3,"2015Q3",2015.5,83,15,0.3859290947,0.4494166349,0.190151594,0.8206195581,0.7151628681,0.3643103231,0.6479727103,0,0
"Netherlands",2015,4,"2015Q4",2015.75,84,15,0.3865070893,0.4502606002,0.1958199951,0.828113624,0.728120558,0.003819172675,0.6475808714,0,0
"Netherlands",2016,1,"2016Q1",2016,85,15,0.3960075288,0.446724361,0.1979921472,0.824599059,0.7199594766,0.5855269152,0.6488307624,0,0
"Netherlands",2016,2,"2016Q2",2016.25,86,15,0.3979116868,0.4459545151,0.203396802,0.8218935486,0.7247996252,-0.4357512542,0.6517881537,0,0
"Netherlands",2016,3,"2016Q3",2016.5,87,15,0.4084813482,0.4446743204,0.201823557,0.8190461655,0.7184113687,0.5681603853,0.6538621744,0,0
"Netherlands",2016,4,"2016Q4",2016.75,88,15,0.4160217961,0.4464279703,0.2000044882,0.8211684975,0.7187987388,0.2052410098,0.6563383838,0,0
"Netherlands",2017,1,"2017Q1",2017,89,15,0.4213206147,0.4415239435,0.2046341096,0.836706791,0.7289124017,-0.02144483542,0.658770781,0,0
"Netherlands",2017,2,"2017Q2",2017.25,90,15,0.4299222447,0.4421077675,0.2064335154,0.8396102711,0.7343657499,0.4682206807,0.6601613319,0,0
"Netherlands",2017,3,"2017Q3",2017.5,91,15,0.437566914,0.4423592199,0.2095723886,0.8458886058,0.7402321444,0.1946008175,0.6627350983,0,0
"Netherlands",2017,4,"2017Q4",2017.75,92,15,0.4463081377,0.439162453,0.2077919957,0.8476380717,0.7395755659,0.3372208387,0.6651017847,0,0
"Netherlands",2018,1,"2018Q1",2018,93,15,0.4515413358,0.4431239205,0.2114396478,0.8381783628,0.738200562,-0.06752892612,0.667986746,0,0
"Netherlands",2018,2,"2018Q2",2018.25,94,15,0.458689869,0.4410373301,0.2114226733,0.8424114055,0.7347109926,0.164079488,0.6706170907,0,0
"Netherlands",2018,3,"2018Q3",2018.5,95,15,0.460634047,0.4418547253,0.2099121141,0.8452875339,0.7376782667,-0.383906674,0.6734449791,0,0
"Netherlands",2018,4,"2018Q4",2018.75,96,15,0.4696709138,0.4400691295,0.2104270392,0.8433427676,0.7358377523,0.4049325304,0.6757485586,0,0
"Netherlands",2019,1,"2019Q1",2019,97,15,0.4756451361,0.439416412,0.2110871109,0.845445186,0.7380378926,0.1982200967,0.677543074,0,0
"Netherlands",2019,2,"2019Q2",2019.25,98,15,0.4816549432,0.4387490494,0.2116571494,0.8475226862,0.7398514624,0.3027664441,0.6786578649,0,0
"Netherlands",2019,3,"2019Q3",2019.5,99,15,0.4873615904,0.4381719045,0.2122720504,0.8498628967,0.7418943672,0.2848052794,0.6796917257,0,0
"Netherlands",2019,4,"2019Q4",2019.75,100,15,0.4927384751,0.4376526806,0.2127617063,0.8520679894,0.7438193199,0.2518290277,0.6807283754,0,0
"Netherlands",2020,1,"2020Q1",2020,101,15,0.4978940296,0.4371437534,0.2132133232,0.854044059,0.7455443451,0.2420569463,0.6818758632,0,0
"Netherlands",2020,2,"2020Q2",2020.25,102,15,0.5025059925,0.4366552676,0.2136953516,0.8560651085,0.7474941643,0.1876977906,0.6830260386,0,0
"Netherlands",2020,3,"2020Q3",2020.5,103,15,0.5075224348,0.4359909426,0.2140291534,0.8568921493,0.7478444383,0.2405127901,0.6840942995,0,0
"Netherlands",2020,4,"2020Q4",2020.75,104,15,0.5123604271,0.4354053195,0.2143392216,0.857873063,0.7483284038,0.2226677822,0.6851649837,0,0
"New Zealand",1995,1,"1995Q1",1995,1,16,-0.0190417811,0.5606584485,0.189996651,0.2671009218,0.2283290995,0.2225930233,0.6304235603,0,0
"New Zealand",1995,2,"1995Q2",1995.25,2,16,0.003475538857,0.5486838867,0.1961821102,0.2641149506,0.2205681199,1.293640835,0.6340135018,0,0
"New Zealand",1995,3,"1995Q3",1995.5,3,16,0.002699568082,0.5567244585,0.1954110093,0.2647897489,0.2257851823,-1.085610356,0.6379519592,0,0
"New Zealand",1995,4,"1995Q4",1995.75,4,16,0.01259715257,0.5560679524,0.2002680772,0.2646439662,0.2267856764,0.1671921182,0.6407352188,0,0
"New Zealand",1996,1,"1996Q1",1996,5,16,0.02049307028,0.5650829713,0.2026521968,0.2640532968,0.2317481044,0.03179158436,0.6434990355,0,0
"New Zealand",1996,2,"1996Q2",1996.25,6,16,0.03355809009,0.5646248437,0.2030150058,0.267849476,0.2334851731,0.2666312589,0.6481072216,0,0
"New Zealand",1996,3,"1996Q3",1996.5,7,16,0.04332870391,0.5655306647,0.1997427933,0.2646561263,0.23788053,0.1756833099,0.6512004167,0,0
"New Zealand",1996,4,"1996Q4",1996.75,8,16,0.04933321937,0.5636908115,0.1985021396,0.2704625051,0.2289482979,1.172208392,0.6453920464,0,0
"New Zealand",1997,1,"1997Q1",1997,9,16,0.04385870878,0.5694811112,0.2034946632,0.2630491674,0.2299524902,-0.6047740752,0.6440980749,0,0
"New Zealand",1997,2,"1997Q2",1997.25,10,16,0.06697362778,0.5645465722,0.2270339021,0.2674077303,0.2507082538,1.79705807,0.6457560506,0,0
"New Zealand",1997,3,"1997Q3",1997.5,11,16,0.08397038419,0.5530965741,0.2018619404,0.2648944687,0.2204252216,1.813765785,0.6433661262,0,0
"New Zealand",1997,4,"1997Q4",1997.75,12,16,0.06894449381,0.5655786804,0.1922026896,0.2714485001,0.2323300197,-1.38836858,0.6409884242,0,0
"New Zealand",1998,1,"1998Q1",1998,13,16,0.06821602448,0.5756816318,0.1944525795,0.2662736751,0.2317457538,0.2132762951,0.6380229901,0,0
"New Zealand",1998,2,"1998Q2",1998.25,14,16,0.06274627901,0.5783102394,0.197917974,0.2619370689,0.232225377,-0.1450216656,0.634338097,0,0
"New Zealand",1998,3,"1998Q3",1998.5,15,16,0.07176115263,0.5767829089,0.1823968794,0.2768436288,0.2297011699,0.9590413197,0.6328522519,0,0
"New Zealand",1998,4,"1998Q4",1998.75,16,16,0.09245872265,0.5745664973,0.1875522957,0.2748842185,0.2312925794,2.242617892,0.6306442647,0,0
"New Zealand",1999,1,"1999Q1",1999,17,16,0.101817146,0.5707389801,0.1894613525,0.2803998681,0.2385454129,-0.09686907631,0.636293641,0,0
"New Zealand",1999,2,"1999Q2",1999.25,18,16,0.1080923598,0.5742926124,0.19167143,0.270169331,0.2433149704,0.2856406969,0.6375750838,0,0
"New Zealand",1999,3,"1999Q3",1999.5,19,16,0.1230240688,0.569645833,0.1970656003,0.2822274207,0.2460161224,1.039140608,0.6395772514,0,0
"New Zealand",1999,4,"1999Q4",1999.75,20,16,0.136698804,0.5632088229,0.2194859154,0.28719261,0.2665595161,0.2413354998,0.6459136504,0,0
"New Zealand",2000,1,"2000Q1",2000,21,16,0.1624013967,0.5457698797,0.2097634412,0.2872805481,0.2332777747,2.682304099,0.6441399622,0,0
"New Zealand",2000,2,"2000Q2",2000.25,22,16,0.1512412953,0.5603483406,0.1952354114,0.2905706388,0.2388060644,-1.116010141,0.6430929961,0,0
"New Zealand",2000,3,"2000Q3",2000.5,23,16,0.1544571861,0.5610341637,0.202879631,0.2857235908,0.2389991563,-0.9040530026,0.6499670777,0,0
"New Zealand",2000,4,"2000Q4",2000.75,24,16,0.1618861224,0.5528942368,0.1959853985,0.2954350107,0.2363639077,-0.1391407613,0.6546630253,0,0
"New Zealand",2001,1,"2001Q1",2001,25,16,0.1533955362,0.5582544571,0.1814705708,0.2985200633,0.2419229429,-0.9587678934,0.6535851554,0,0
"New Zealand",2001,2,"2001Q2",2001.25,26,16,0.1845539755,0.5499485912,0.1974016627,0.2917596355,0.2314609116,2.188142866,0.6578733634,0,0
"New Zealand",2001,3,"2001Q3",2001.5,27,16,0.1821755222,0.5581812849,0.1959257183,0.29642497,0.2375197205,-0.454882851,0.6575053614,0,0
"New Zealand",2001,4,"2001Q4",2001.75,28,16,0.1965288264,0.5539020022,0.206839782,0.284741155,0.2374056106,0.1964241832,0.6638920094,0,0
"New Zealand",2002,1,"2002Q1",2002,29,16,0.2084786526,0.544848448,0.2106289464,0.2917176843,0.2548309004,-0.1344706139,0.6694498048,0,0
"New Zealand",2002,2,"2002Q2",2002.25,30,16,0.21713058,0.5545814207,0.2013487481,0.3010611072,0.2382110579,0.2332791006,0.6703781387,0,0
"New Zealand",2002,3,"2002Q3",2002.5,31,16,0.2333464757,0.551016071,0.2096256482,0.2985252954,0.2472618999,1.726631599,0.6663948434,0,0
"New Zealand",2002,4,"2002Q4",2002.75,32,16,0.2558712534,0.5471451334,0.2115108686,0.2999985153,0.2504793237,1.467338948,0.668374441,0,0
"New Zealand",2003,1,"2003Q1",2003,33,16,0.2620897456,0.5536583165,0.209410486,0.2925163443,0.2450759517,0.2056155311,0.6676382999,0,0
"New Zealand",2003,2,"2003Q2",2003.25,34,16,0.2632490747,0.5585956418,0.2210579829,0.2889874756,0.2560624942,-0.7113727342,0.6696685243,0,0
"New Zealand",2003,3,"2003Q3",2003.5,35,16,0.2776764963,0.5580434074,0.2223563019,0.29294488,0.2591841022,-0.03952367323,0.6761372063,0,0
"New Zealand",2003,4,"2003Q4",2003.75,36,16,0.2925637833,0.561763624,0.227857474,0.2918631641,0.2678569868,1.387308812,0.6733247372,0,0
"New Zealand",2004,1,"2004Q1",2004,37,16,0.3137289923,0.5605873825,0.2393355697,0.2965548996,0.2808067275,1.208341096,0.6766590787,0,0
"New Zealand",2004,2,"2004Q2",2004.25,38,16,0.316041779,0.5584126224,0.241202716,0.3036134526,0.2850408268,-0.5192877712,0.6789505896,0,0
"New Zealand",2004,3,"2004Q3",2004.5,39,16,0.3183199572,0.573067973,0.2424051308,0.2831081572,0.2875603581,-0.9614925342,0.684256964,0,0
"New Zealand",2004,4,"2004Q4",2004.75,40,16,0.3201780795,0.5762502873,0.2360376538,0.2920949906,0.2969634558,-1.475193222,0.692876971,0,0
"New Zealand",2005,1,"2005Q1",2005,41,16,0.3219355062,0.5769499154,0.2330925012,0.2916759992,0.2965959427,0.2726888677,0.689665538,0,0
"New Zealand",2005,2,"2005Q2",2005.25,42,16,0.3465053227,0.5762480573,0.2445984008,0.2835703892,0.2994207217,2.021461972,0.6901432445,0,0
"New Zealand",2005,3,"2005Q3",2005.5,43,16,0.3493332039,0.5752317569,0.246479433,0.2820816968,0.3028125395,-1.012504643,0.6965939679,0,0
"New Zealand",2005,4,"2005Q4",2005.75,44,16,0.3512356786,0.5813345347,0.2456218601,0.2825534821,0.2926854088,0.1425943819,0.6943964796,0,0
"New Zealand",2006,1,"2006Q1",2006,45,16,0.3607121321,0.5800532408,0.2377683579,0.2792848206,0.2878391176,-0.04785943418,0.6989231148,0,0
"New Zealand",2006,2,"2006Q2",2006.25,46,16,0.3583491949,0.5815116667,0.2267895174,0.2835733383,0.2824572545,-1.175267749,0.703090064,0,0
"New Zealand",2006,3,"2006Q3",2006.5,47,16,0.375265926,0.5767125669,0.2346509639,0.2856034121,0.2803299351,2.019312061,0.6983880909,0,0
"New Zealand",2006,4,"2006Q4",2006.75,48,16,0.383371534,0.5821227503,0.2333788863,0.280083314,0.2810443767,0.8105608046,0.6960023569,0,0
"New Zealand",2007,1,"2007Q1",2007,49,16,0.3920044826,0.5838267577,0.2385525737,0.2875496237,0.291246045,-0.3482763478,0.7025128576,0,0
"New Zealand",2007,2,"2007Q2",2007.25,50,16,0.4053807711,0.5808560254,0.2367597505,0.2798705977,0.2947993418,0.8294272491,0.7041197991,0,0
"New Zealand",2007,3,"2007Q3",2007.5,51,16,0.4157078369,0.5785133715,0.2431075306,0.2810773261,0.2968952577,1.217208476,0.7008641584,0,0
"New Zealand",2007,4,"2007Q4",2007.75,52,16,0.4194677903,0.5784347298,0.2478988416,0.2905345332,0.307057977,-0.2682774858,0.7034347817,0,0
"New Zealand",2008,1,"2008Q1",2008,53,16,0.4154567928,0.5888357169,0.2420569569,0.2884707808,0.3148723716,-0.4928008043,0.7021905877,0,0
"New Zealand",2008,2,"2008Q2",2008.25,54,16,0.4005258392,0.5879948743,0.2476164217,0.2869148176,0.330398054,-1.447255348,0.6999902064,0,0
"New Zealand",2008,3,"2008Q3",2008.5,55,16,0.4002957456,0.5885821035,0.2309198384,0.2778459236,0.3061622103,-0.06884937146,0.6984417573,0,0
"New Zealand",2008,4,"2008Q4",2008.75,56,16,0.3995072389,0.5893379102,0.2206269788,0.27778841,0.2825634642,-0.672866585,0.7007324365,0,0
"New Zealand",2009,1,"2009Q1",2009,57,16,0.3927909131,0.5799213416,0.2122562349,0.2846972041,0.2657132688,1.121106766,0.6860099865,0,0
"New Zealand",2009,2,"2009Q2",2009.25,58,16,0.4048008486,0.5845219904,0.2089581246,0.2879420299,0.2581018893,1.154622117,0.6840699986,0,0
"New Zealand",2009,3,"2009Q3",2009.5,59,16,0.4106459552,0.5846746948,0.2010917866,0.2900682136,0.2584103742,1.516049767,0.6755046452,0,0
"New Zealand",2009,4,"2009Q4",2009.75,60,16,0.4211583153,0.5840454754,0.1971223492,0.2862759424,0.2699052659,0.9576906345,0.6739267451,0,0
"New Zealand",2010,1,"2010Q1",2010,61,16,0.431834824,0.5835864446,0.1971152069,0.2847234754,0.2720837448,0.74092946,0.6740286388,0,0
"New Zealand",2010,2,"2010Q2",2010.25,62,16,0.4378241254,0.583349548,0.1982145366,0.28959979,0.275476738,0.3662095351,0.6735036767,0,0
"New Zealand",2010,3,"2010Q3",2010.5,63,16,0.4245408021,0.5920318628,0.2016940211,0.2941934845,0.2855827649,-2.161670487,0.6770398299,0,0
"New Zealand",2010,4,"2010Q4",2010.75,64,16,0.4135157124,0.5990335749,0.2122878927,0.2956349965,0.3116723739,-0.7329935447,0.6724634614,0,0
"New Zealand",2011,1,"2011Q1",2011,65,16,0.4307388227,0.5939884464,0.2145516155,0.2907308767,0.2960813261,0.8010700626,0.6776564107,0,0
"New Zealand",2011,2,"2011Q2",2011.25,66,16,0.4401588082,0.5937597007,0.2080446765,0.2940438193,0.3025674734,0.5758654153,0.6791107567,0,0
"New Zealand",2011,3,"2011Q3",2011.5,67,16,0.4520860375,0.5952590886,0.208732586,0.2905313082,0.303026347,1.055767884,0.6790118579,0,0
"New Zealand",2011,4,"2011Q4",2011.75,68,16,0.4599962549,0.59363619,0.2137971523,0.2963332345,0.2989018834,0.7910217391,0.6779853585,0,0
"New Zealand",2012,1,"2012Q1",2012,69,16,0.4610294417,0.5986654874,0.2221941392,0.2835609533,0.3075015787,0.01211940048,0.67755609,0,0
"New Zealand",2012,2,"2012Q2",2012.25,70,16,0.4676798442,0.5945722734,0.2197928369,0.2886818834,0.2965330193,0.528397089,0.6774364913,0,0
"New Zealand",2012,3,"2012Q3",2012.5,71,16,0.4725931974,0.5914208531,0.2143228909,0.2984757227,0.2997012677,0.9018262043,0.673622803,0,0
"New Zealand",2012,4,"2012Q4",2012.75,72,16,0.482958267,0.5931849081,0.2176645478,0.2917983289,0.2984889528,0.7170907702,0.6747392106,0,0
"New Zealand",2013,1,"2013Q1",2013,73,16,0.4890277858,0.5962309462,0.2219509805,0.2914161835,0.3031592451,0.4703709278,0.6738411878,0,0
"New Zealand",2013,2,"2013Q2",2013.25,74,16,0.4870299636,0.6051511706,0.2300697183,0.2862659607,0.3085045646,-0.698989058,0.6753939623,0,0
"New Zealand",2013,3,"2013Q3",2013.5,75,16,0.4952247957,0.6022794644,0.2349418025,0.2837393344,0.3205492796,-0.6633568111,0.683646814,0,0
"New Zealand",2013,4,"2013Q4",2013.75,76,16,0.5005771728,0.6050597619,0.2358161095,0.2878681114,0.3190735663,-0.2201535749,0.686989759,0,0
"New Zealand",2014,1,"2014Q1",2014,77,16,0.5116237349,0.6034030381,0.2392906933,0.2913057225,0.3223077051,0.1793356628,0.6902791186,0,0
"New Zealand",2014,2,"2014Q2",2014.25,78,16,0.5174984581,0.6027862191,0.243621166,0.2826728507,0.3271106424,0.1935125161,0.6899223317,0,0
"New Zealand",2014,3,"2014Q3",2014.5,79,16,0.529201356,0.603428635,0.2490586917,0.2805462817,0.3272387149,0.1704988031,0.6937697316,0,0
"New Zealand",2014,4,"2014Q4",2014.75,80,16,0.5417386093,0.5977542915,0.2465056445,0.2959186652,0.3302632333,0.04992747684,0.6990769709,0,0
"New Zealand",2015,1,"2015Q1",2015,81,16,0.5493163292,0.600093401,0.2424616484,0.2999719549,0.3311964699,0.1612640427,0.6996705836,0,0
"New Zealand",2015,2,"2015Q2",2015.25,82,16,0.5592851988,0.5998904583,0.2440212562,0.2932207746,0.3319756988,0.8695254454,0.6970052799,0,0
"New Zealand",2015,3,"2015Q3",2015.5,83,16,0.5736202173,0.5968087369,0.2494703216,0.2962109647,0.3206440526,1.943924061,0.6899535558,0,0
"New Zealand",2015,4,"2015Q4",2015.75,84,16,0.5837972401,0.5995835159,0.2428384171,0.2955013643,0.317965899,-0.1692552775,0.6946824962,0,0
"New Zealand",2016,1,"2016Q1",2016,85,16,0.596523489,0.5954749612,0.2473621189,0.2922031104,0.3163244573,0.09959091497,0.699167283,0,0
"New Zealand",2016,2,"2016Q2",2016.25,86,16,0.6050520742,0.6013543364,0.2507428022,0.2948471488,0.3216595581,-1.696621673,0.7134536797,0,0
"New Zealand",2016,3,"2016Q3",2016.5,87,16,0.6104743051,0.6065001707,0.2520183992,0.2916560088,0.3261494209,-0.427481478,0.7166408739,0,0
"New Zealand",2016,4,"2016Q4",2016.75,88,16,0.6160879056,0.6081113487,0.2499463233,0.2828731296,0.3278445545,-0.3990314833,0.7197949286,0,0
"New Zealand",2017,1,"2017Q1",2017,89,16,0.6201755597,0.6121099556,0.2503126534,0.2840134962,0.3317300954,-0.7001568435,0.7245431693,0,0
"New Zealand",2017,2,"2017Q2",2017.25,90,16,0.6299473716,0.6121790759,0.2493170246,0.2895925732,0.3315305093,0.9378033563,0.7215785065,0,0
"New Zealand",2017,3,"2017Q3",2017.5,91,16,0.641047626,0.6108880426,0.2509909816,0.2889451692,0.3352753743,-0.8393540316,0.7324983888,0,0
"New Zealand",2017,4,"2017Q4",2017.75,92,16,0.643821029,0.6151298649,0.2562564678,0.2882131896,0.3467883074,-0.2233347253,0.7329034556,0,0
"New Zealand",2018,1,"2018Q1",2018,93,16,0.6479019649,0.6128373971,0.2561130253,0.2870067217,0.3492729732,-0.1665105556,0.7343176493,0,0
"New Zealand",2018,2,"2018Q2",2018.25,94,16,0.6598518694,0.6117179825,0.2528928131,0.2903958877,0.3502205631,0.62366914,0.7357211047,0,0
"New Zealand",2018,3,"2018Q3",2018.5,95,16,0.6678322886,0.6123928121,0.253568145,0.2933436733,0.3522019608,-0.3349007074,0.7412894382,0,0
"New Zealand",2018,4,"2018Q4",2018.75,96,16,0.6749301807,0.6130912662,0.2528548826,0.2939265653,0.3521336049,0.4401530557,0.7404902265,0,0
"New Zealand",2019,1,"2019Q1",2019,97,16,0.6813619231,0.6130074821,0.2530046187,0.2942082696,0.3522998686,0.3635655094,0.7401003657,0,0
"New Zealand",2019,2,"2019Q2",2019.25,98,16,0.687470642,0.6128974037,0.2531406356,0.2946568618,0.352580084,0.3312631574,0.7397188499,0,0
"New Zealand",2019,3,"2019Q3",2019.5,99,16,0.6937948491,0.6125056819,0.253788146,0.2951641005,0.3530415938,0.3029640203,0.7397142533,0,0
"New Zealand",2019,4,"2019Q4",2019.75,100,16,0.7002395865,0.6121152079,0.2545767684,0.2956365772,0.3535467794,0.3240361477,0.7396509767,0,0
"New Zealand",2020,1,"2020Q1",2020,101,16,0.7067503837,0.6117592652,0.2553425928,0.2960902499,0.3540293001,0.3415592236,0.7397900723,0,0
"New Zealand",2020,2,"2020Q2",2020.25,102,16,0.713352777,0.6114221434,0.2561062961,0.2965174576,0.3544800088,0.3954141086,0.7396047874,0,0
"New Zealand",2020,3,"2020Q3",2020.5,103,16,0.7199901115,0.6111383985,0.2568949618,0.2969349063,0.355004837,0.415442288,0.7393034971,0,0
"New Zealand",2020,4,"2020Q4",2020.75,104,16,0.7266691307,0.6109038003,0.2577143448,0.2973405479,0.3556016308,0.4360199608,0.73888723,0,0
"Norway",1995,1,"1995Q1",1995,1,17,-0.02106329371,0.3560075086,0.1815257218,0.3872517332,0.2210927084,-1.285365701,0.644180923,0,0
"Norway",1995,2,"1995Q2",1995.25,2,17,-0.01258516103,0.3601766375,0.1804652802,0.3811958024,0.2235027392,0.7625150162,0.6442644871,0,0
"Norway",1995,3,"1995Q3",1995.5,3,17,0.01044059343,0.3540534636,0.1816054774,0.3882437782,0.215315624,1.182959979,0.6510475911,0,0
"Norway",1995,4,"1995Q4",1995.75,4,17,0.02259678307,0.3508783303,0.1929492365,0.3913609437,0.2099789465,0.542722181,0.6549700355,0,0
"Norway",1996,1,"1996Q1",1996,5,17,0.0375265711,0.3583094797,0.2018009241,0.3990347348,0.2179621747,1.12307847,0.6572101398,0,0
"Norway",1996,2,"1996Q2",1996.25,6,17,0.03628139841,0.3611042329,0.1999438738,0.407509626,0.2199837292,-0.9253355444,0.6623058132,0,0
"Norway",1996,3,"1996Q3",1996.5,7,17,0.06894686695,0.3560510973,0.1829879845,0.4063122801,0.2231725478,2.836488778,0.6649710259,0,0
"Norway",1996,4,"1996Q4",1996.75,8,17,0.05311731342,0.3630465852,0.1829131388,0.4089722555,0.2393683175,-2.443428665,0.6705268656,0,0
"Norway",1997,1,"1997Q1",1997,9,17,0.07964361052,0.3517200665,0.1967401527,0.4193603111,0.2369081553,1.92923991,0.6750233388,0,0
"Norway",1997,2,"1997Q2",1997.25,10,17,0.103441518,0.3500725845,0.2156534036,0.4133151143,0.2402410073,1.511157982,0.6805378865,0,0
"Norway",1997,3,"1997Q3",1997.5,11,17,0.1024451202,0.3538504238,0.2106924941,0.4194107018,0.2425090459,-0.6678685483,0.6840397201,0,0
"Norway",1997,4,"1997Q4",1997.75,12,17,0.1163371715,0.3532182636,0.2128384475,0.4081406379,0.2422796917,0.703600771,0.6883672819,0,0
"Norway",1998,1,"1998Q1",1998,13,17,0.1257475707,0.3489414388,0.2132212398,0.4263208454,0.254879504,0.1295437416,0.6933705975,0,0
"Norway",1998,2,"1998Q2",1998.25,14,17,0.1368843957,0.3531291998,0.2188728308,0.408950025,0.2491973285,0.589402116,0.6964077425,0,0
"Norway",1998,3,"1998Q3",1998.5,15,17,0.1189757402,0.3562050504,0.2339397682,0.3958710703,0.2547735557,-1.948860213,0.6969013915,0,0
"Norway",1998,4,"1998Q4",1998.75,16,17,0.1241470498,0.3534342277,0.2493377445,0.3971881394,0.2608066291,0.1692821188,0.6987212124,0,0
"Norway",1999,1,"1999Q1",1999,17,17,0.1314804322,0.3632885843,0.200287453,0.4000935327,0.2443546531,0.8245532251,0.6972441636,0,0
"Norway",1999,2,"1999Q2",1999.25,18,17,0.132061821,0.3580604371,0.2137988235,0.4125304375,0.2469292583,0.07905149582,0.6962605602,0,0
"Norway",1999,3,"1999Q3",1999.5,19,17,0.1523039369,0.3575648343,0.213820768,0.4127644507,0.2479039853,2.003547177,0.6955684852,0,0
"Norway",1999,4,"1999Q4",1999.75,20,17,0.1692331127,0.3566992637,0.2245590871,0.4160711085,0.244723643,1.357410496,0.6970693199,0,0
"Norway",2000,1,"2000Q1",2000,21,17,0.183743953,0.3563953165,0.2041346599,0.4052107823,0.2465963268,1.709150046,0.6944731983,0,0
"Norway",2000,2,"2000Q2",2000.25,22,17,0.1693500463,0.3675955358,0.2039757934,0.4069156305,0.2463919669,-2.085187138,0.6981697212,0,0
"Norway",2000,3,"2000Q3",2000.5,23,17,0.1790292805,0.3639015791,0.19381574,0.4127075075,0.2398073152,1.005695925,0.6971053264,0,0
"Norway",2000,4,"2000Q4",2000.75,24,17,0.1795930905,0.3612605097,0.1973329176,0.4163918061,0.2397748302,0.1345957303,0.6957620321,0,0
"Norway",2001,1,"2001Q1",2001,25,17,0.1913692891,0.3608769062,0.2004545702,0.4195270964,0.2442796672,1.052843827,0.6958811221,0,0
"Norway",2001,2,"2001Q2",2001.25,26,17,0.1898196963,0.3641631214,0.1960896748,0.4060588767,0.2452015382,-0.3519999461,0.6965041828,0,0
"Norway",2001,3,"2001Q3",2001.5,27,17,0.2021315034,0.3610425812,0.1972866118,0.4261137056,0.2399407068,1.191627388,0.6960315815,0,0
"Norway",2001,4,"2001Q4",2001.75,28,17,0.2108605891,0.3626645323,0.1844549658,0.4256227053,0.2399064368,0.5587922316,0.6974724777,0,0
"Norway",2002,1,"2002Q1",2002,29,17,0.2022680115,0.3680457026,0.192399818,0.4132233796,0.2423594786,-1.073601178,0.6980305802,0,0
"Norway",2002,2,"2002Q2",2002.25,30,17,0.2226612161,0.3594441695,0.1845661389,0.4081806596,0.242781608,1.81427679,0.6986651435,0,0
"Norway",2002,3,"2002Q3",2002.5,31,17,0.2077258687,0.3716647134,0.1952760226,0.4154556086,0.2398245001,-1.266004986,0.696143839,0,0
"Norway",2002,4,"2002Q4",2002.75,32,17,0.2186371134,0.3739116148,0.1922123274,0.4124638208,0.2400411638,1.58622465,0.6917794013,0,0
"Norway",2003,1,"2003Q1",2003,33,17,0.2186396,0.3718049787,0.1971507968,0.4046522921,0.240166299,0.0471911402,0.6902023484,0,0
"Norway",2003,2,"2003Q2",2003.25,34,17,0.213735276,0.3758361372,0.1915151321,0.4204924227,0.2417192269,-0.0840665466,0.6861604912,0,0
"Norway",2003,3,"2003Q3",2003.5,35,17,0.2275629014,0.3764441929,0.1934092011,0.3970664741,0.2425507352,1.428782836,0.6846070447,0,0
"Norway",2003,4,"2003Q4",2003.75,36,17,0.2280404001,0.3820158387,0.1781091847,0.4103002856,0.2435333813,-0.01263506435,0.6837865375,0,0
"Norway",2004,1,"2004Q1",2004,37,17,0.2626155304,0.3764332922,0.1877854823,0.4021965377,0.2440632815,3.354858626,0.6831732971,0,0
"Norway",2004,2,"2004Q2",2004.25,38,17,0.2647911566,0.3808616141,0.1915896085,0.4000391186,0.2499363425,-0.1166653001,0.6841455948,0,0
"Norway",2004,3,"2004Q3",2004.5,39,17,0.253226376,0.386402706,0.2058102551,0.3994535385,0.2615407268,-1.334417237,0.6840518655,0,0
"Norway",2004,4,"2004Q4",2004.75,40,17,0.2626856689,0.3840734454,0.2188776509,0.3846916435,0.2595261069,0.8289561012,0.6835437998,0,0
"Norway",2005,1,"2005Q1",2005,41,17,0.278563399,0.385716039,0.2093133638,0.3846559252,0.2570751059,1.511809369,0.682496515,0,0
"Norway",2005,2,"2005Q2",2005.25,42,17,0.2834299737,0.3885996651,0.2181903808,0.3875321459,0.2623269927,0.4926610979,0.6808960688,0,0
"Norway",2005,3,"2005Q3",2005.5,43,17,0.2914066357,0.3926035441,0.2162715865,0.3920401067,0.272787158,0.2780836075,0.6828826442,0,0
"Norway",2005,4,"2005Q4",2005.75,44,17,0.2935206102,0.3872427927,0.2332593662,0.3885077544,0.2749459664,-0.260408149,0.6845514393,0,0
"Norway",2006,1,"2006Q1",2006,45,17,0.2998730077,0.3937883704,0.2256583341,0.3860911351,0.2751197991,-0.5627609566,0.690856205,0,0
"Norway",2006,2,"2006Q2",2006.25,46,17,0.3011014443,0.401233264,0.2403320053,0.3828254272,0.2829550985,-0.5315448503,0.6934446219,0,0
"Norway",2006,3,"2006Q3",2006.5,47,17,0.3112192436,0.4015743792,0.2369484543,0.3714640707,0.2837257511,-0.0153465408,0.6986474719,0,0
"Norway",2006,4,"2006Q4",2006.75,48,17,0.3291976441,0.3965570684,0.232125342,0.3642591011,0.2948432099,0.9297779149,0.7027760916,0,0
"Norway",2007,1,"2007Q1",2007,49,17,0.329918638,0.4044726464,0.2429978619,0.3711044748,0.3024050155,-0.4902756303,0.7043302242,0,0
"Norway",2007,2,"2007Q2",2007.25,50,17,0.3302472895,0.4087368926,0.2538155895,0.3690499368,0.3053108845,-0.8890909695,0.7084388343,0,0
"Norway",2007,3,"2007Q3",2007.5,51,17,0.3435812055,0.4086743712,0.258779691,0.3710788265,0.2983247898,0.419614749,0.7125213547,0,0
"Norway",2007,4,"2007Q4",2007.75,52,17,0.3553525461,0.4071832294,0.2630571868,0.369292732,0.3085253622,-0.2201434152,0.7201089447,0,0
"Norway",2008,1,"2008Q1",2008,53,17,0.3446121177,0.4165921556,0.2565148637,0.3800871403,0.3141143468,-1.900468649,0.7230941485,0,0
"Norway",2008,2,"2008Q2",2008.25,54,17,0.3455709319,0.4165024996,0.2526156521,0.3758958657,0.3107077814,-0.6861622731,0.7257818568,0,0
"Norway",2008,3,"2008Q3",2008.5,55,17,0.3432997488,0.4099705507,0.2604958594,0.359652954,0.3145322501,-0.5265345282,0.7249843817,0,0
"Norway",2008,4,"2008Q4",2008.75,56,17,0.3450220486,0.4053928684,0.2555695468,0.359732166,0.3081553468,0.4796297912,0.7198186145,0,0
"Norway",2009,1,"2009Q1",2009,57,17,0.3346527301,0.4066421622,0.245030452,0.3657478881,0.2787276552,-0.6699960805,0.7142120922,0,0
"Norway",2009,2,"2009Q2",2009.25,58,17,0.3245834708,0.41936519,0.2413676832,0.352460184,0.2825235005,-1.072549935,0.7117334154,0,0
"Norway",2009,3,"2009Q3",2009.5,59,17,0.3249062804,0.4244373914,0.2346865143,0.3613245191,0.28704315,0.8490127108,0.7030446022,0,0
"Norway",2009,4,"2009Q4",2009.75,60,17,0.3261112623,0.4269648397,0.2505347413,0.3596292002,0.2898419101,-0.05179454528,0.7013761691,0,0
"Norway",2010,1,"2010Q1",2010,61,17,0.3471074446,0.4244336027,0.2194098604,0.3683260117,0.2910020969,2.166203058,0.6981767184,0,0
"Norway",2010,2,"2010Q2",2010.25,62,17,0.3375056663,0.4277685764,0.2258016682,0.3590113161,0.3107343108,-1.353713963,0.6982076463,0,0
"Norway",2010,3,"2010Q3",2010.5,63,17,0.3129079904,0.4427423963,0.2272309869,0.3553221745,0.3177975924,-2.379337152,0.6949474695,0,0
"Norway",2010,4,"2010Q4",2010.75,64,17,0.3400071705,0.4338193617,0.2305385578,0.3544543633,0.3062900732,2.195600871,0.6958390707,0,0
"Norway",2011,1,"2011Q1",2011,65,17,0.339352999,0.4358467603,0.2432422681,0.3528766076,0.3280121533,-0.2056362199,0.6938951454,0,0
"Norway",2011,2,"2011Q2",2011.25,66,17,0.3347470795,0.4407888826,0.2363627159,0.3512108522,0.3055068698,-0.6749712733,0.6924821604,0,0
"Norway",2011,3,"2011Q3",2011.5,67,17,0.3506324306,0.4354933863,0.2390621503,0.3600408115,0.3066566492,0.6579944079,0.696051132,0,0
"Norway",2011,4,"2011Q4",2011.75,68,17,0.3517111305,0.4398977137,0.242131293,0.3477069148,0.3212853872,-0.5624974199,0.6978326448,0,0
"Norway",2012,1,"2012Q1",2012,69,17,0.373791164,0.4352309201,0.2386289804,0.3543075827,0.3116838436,1.669578566,0.6985563825,0,0
"Norway",2012,2,"2012Q2",2012.25,70,17,0.3768277656,0.4381320549,0.2409104377,0.3558239497,0.3173305442,-0.1936202272,0.6990063704,0,0
"Norway",2012,3,"2012Q3",2012.5,71,17,0.3626534896,0.4472552305,0.2574517245,0.3450479758,0.3197965612,-1.432714014,0.6961064091,0,0
"Norway",2012,4,"2012Q4",2012.75,72,17,0.3706307378,0.444289654,0.269163441,0.3407962784,0.3165910445,0.755084601,0.6934209531,0,0
"Norway",2013,1,"2013Q1",2013,73,17,0.3723080275,0.4501914854,0.2535766024,0.3361397495,0.325291416,-0.002172465017,0.6919189221,0,0
"Norway",2013,2,"2013Q2",2013.25,74,17,0.3789686974,0.4486822781,0.2669566717,0.3426114385,0.3286186681,0.6145653718,0.6896134473,0,0
"Norway",2013,3,"2013Q3",2013.5,75,17,0.3881845039,0.447513425,0.2680395275,0.3437456694,0.3304581373,0.4702026624,0.6900797728,0,0
"Norway",2013,4,"2013Q4",2013.75,76,17,0.3859788403,0.4493845216,0.2698972649,0.3361639739,0.3298783871,-0.3145590429,0.6880930027,0,0
"Norway",2014,1,"2014Q1",2014,77,17,0.3904926929,0.4499499059,0.2628323355,0.3411428921,0.3215977152,0.3039381925,0.6867937514,0,0
"Norway",2014,2,"2014Q2",2014.25,78,17,0.3975572256,0.4507661009,0.2637883573,0.3378744156,0.3304869141,0.1819651083,0.6880941999,0,0
"Norway",2014,3,"2014Q3",2014.5,79,17,0.4016769443,0.449647949,0.2587162566,0.3416914832,0.3447538157,0.4218367631,0.6857308055,0,0
"Norway",2014,4,"2014Q4",2014.75,80,17,0.4138810668,0.4474480308,0.2502727998,0.3525919636,0.3231127185,0.7679876685,0.6865496575,0,0
"Norway",2015,1,"2015Q1",2015,81,17,0.4117157365,0.4525005298,0.2486547834,0.34953708,0.3321322758,-0.1376809617,0.6838303598,0,0
"Norway",2015,2,"2015Q2",2015.25,82,17,0.4175741836,0.4526501127,0.2470820232,0.3465360273,0.3298487859,0.2822266165,0.6837388017,0,0
"Norway",2015,3,"2015Q3",2015.5,83,17,0.4300057997,0.4492517986,0.2388772368,0.3585232966,0.3225053575,1.356962563,0.6808063496,0,0
"Norway",2015,4,"2015Q4",2015.75,84,17,0.4224027458,0.4547806672,0.2403064282,0.3558183799,0.3311745848,-0.7194969394,0.6783882144,0,0
"Norway",2016,1,"2016Q1",2016,85,17,0.4332109725,0.4514789697,0.2421631231,0.3585327562,0.3319756762,0.845649583,0.6782397627,0,0
"Norway",2016,2,"2016Q2",2016.25,86,17,0.4308910529,0.4513671186,0.2520360457,0.3443336248,0.3317053681,0.3929760357,0.6722882446,0,0
"Norway",2016,3,"2016Q3",2016.5,87,17,0.4230930506,0.456083287,0.2619942335,0.3495608422,0.3467052461,-1.202245215,0.6734098927,0,0
"Norway",2016,4,"2016Q4",2016.75,88,17,0.4417195444,0.4523297047,0.2572982907,0.3562738874,0.3328983191,2.159774918,0.6697014587,0,0
"Norway",2017,1,"2017Q1",2017,89,17,0.4443717645,0.453787973,0.2584290798,0.3495366588,0.334355381,0.1517015393,0.6689380623,0,0
"Norway",2017,2,"2017Q2",2017.25,90,17,0.4508846753,0.4519420678,0.2575941488,0.3496484491,0.3333092189,0.3880887604,0.6691798803,0,0
"Norway",2017,3,"2017Q3",2017.5,91,17,0.455282694,0.4535601722,0.2546597189,0.3434523724,0.3325256146,0.436785492,0.6676857428,0,0
"Norway",2017,4,"2017Q4",2017.75,92,17,0.4568601072,0.4557409621,0.2590053905,0.3357352981,0.3377437214,-0.1315162188,0.6681080185,0,0
"Norway",2018,1,"2018Q1",2018,93,17,0.4600960168,0.4545567843,0.24198079,0.3364234452,0.3283025138,-0.2105100473,0.6702669288,0,0
"Norway",2018,2,"2018Q2",2018.25,94,17,0.4645832297,0.4572404258,0.2571207715,0.3406843452,0.3381397781,-0.09328139937,0.6724889523,0,0
"Norway",2018,3,"2018Q3",2018.5,95,17,0.4703345215,0.4538645778,0.2568978581,0.3418183482,0.3344450121,0.1782954427,0.6737425654,0,0
"Norway",2018,4,"2018Q4",2018.75,96,17,0.4746791149,0.456897234,0.2544913866,0.3418158072,0.3350571242,0.1115537128,0.6745026714,0,0
"Norway",2019,1,"2019Q1",2019,97,17,0.4798474626,0.4570215385,0.2546567158,0.3417414051,0.3349841933,0.2433362707,0.6750055842,0,0
"Norway",2019,2,"2019Q2",2019.25,98,17,0.4846933844,0.4572932962,0.2545530107,0.3417771993,0.3350192797,0.2358339024,0.6753444384,0,0
"Norway",2019,3,"2019Q3",2019.5,99,17,0.4885438073,0.4577967027,0.2547030322,0.342153441,0.3362071067,0.1610487632,0.6755188105,0,0
"Norway",2019,4,"2019Q4",2019.75,100,17,0.4922873883,0.4582372498,0.2548806266,0.3425666956,0.3374351956,0.150364561,0.6756958761,0,0
"Norway",2020,1,"2020Q1",2020,101,17,0.4991312006,0.4572584142,0.2549714265,0.3444056229,0.3380284363,0.4603876985,0.6760629733,0,0
"Norway",2020,2,"2020Q2",2020.25,102,17,0.5059943662,0.456272839,0.255059764,0.3462477206,0.3386161667,0.462323028,0.6764322141,0,0
"Norway",2020,3,"2020Q3",2020.5,103,17,0.5127726204,0.4552162984,0.2551722372,0.34812923,0.3392337225,0.4538318775,0.6768035953,0,0
"Norway",2020,4,"2020Q4",2020.75,104,17,0.5195704745,0.4541533029,0.2552821929,0.3500141031,0.3398457436,0.4557918791,0.6771771137,0,0
"Portugal",1995,1,"1995Q1",1995,1,18,-0.01342440352,0.6432619432,0.2130518773,0.2216417375,0.2750887074,2.229015025,0.6077211791,0,0
"Portugal",1995,2,"1995Q2",1995.25,2,18,-0.001005218251,0.6495811465,0.2212575022,0.2133588155,0.2770314741,1.294906357,0.606256307,0,0
"Portugal",1995,3,"1995Q3",1995.5,3,18,0.003506984297,0.6396658861,0.2137264777,0.2216734971,0.2694484417,0.8602803589,0.602647422,0,0
"Portugal",1995,4,"1995Q4",1995.75,4,18,0.01076808581,0.6375473336,0.2136518159,0.2304345283,0.2774476038,0.247950624,0.6044007775,0,0
"Portugal",1996,1,"1996Q1",1996,5,18,0.01673048452,0.6476971136,0.2058434137,0.2260837999,0.2751115955,0.05584768706,0.606686882,0,0
"Portugal",1996,2,"1996Q2",1996.25,6,18,0.02918733264,0.6413536862,0.2174625771,0.2276419081,0.2787223012,1.692931078,0.6029982971,0,0
"Portugal",1996,3,"1996Q3",1996.5,7,18,0.04369332013,0.6418286782,0.2241217514,0.2283161624,0.2828843193,1.049037639,0.6044425605,0,0
"Portugal",1996,4,"1996Q4",1996.75,8,18,0.04756726106,0.6397085089,0.227361412,0.2257979005,0.2875697372,0.4098113751,0.6033284645,0,0
"Portugal",1997,1,"1997Q1",1997,9,18,0.06248100489,0.6386134442,0.2316365653,0.2293688491,0.2874520098,0.9539237599,0.605563858,0,0
"Portugal",1997,2,"1997Q2",1997.25,10,18,0.07148497767,0.6326834115,0.2403722071,0.2340204634,0.2963968273,-0.1710360962,0.6110635162,0,0
"Portugal",1997,3,"1997Q3",1997.5,11,18,0.08493748624,0.6371036769,0.2418602343,0.2331827163,0.296957663,0.7648471593,0.6135945051,0,0
"Portugal",1997,4,"1997Q4",1997.75,12,18,0.09155889853,0.6353442028,0.2435258814,0.2366152312,0.3079292174,0.1107413335,0.6159590166,0,0
"Portugal",1998,1,"1998Q1",1998,13,18,0.1056766689,0.6334097215,0.253509167,0.240273634,0.3195678496,0.8234916275,0.61853319,0,0
"Portugal",1998,2,"1998Q2",1998.25,14,18,0.1202470364,0.6360284598,0.2533143643,0.2408041533,0.3254406899,0.1418480045,0.6256513307,0,0
"Portugal",1998,3,"1998Q3",1998.5,15,18,0.1321463196,0.6338850355,0.2501407285,0.2450763518,0.3207971584,1.701565086,0.6213970702,0,0
"Portugal",1998,4,"1998Q4",1998.75,16,18,0.1395417491,0.6403252436,0.2639778991,0.2358331439,0.335308657,0.01797354893,0.6248316773,0,0
"Portugal",1999,1,"1999Q1",1999,17,18,0.1526504578,0.6438660704,0.2584900475,0.2352595759,0.3326712811,0.9729399773,0.6259340587,0,0
"Portugal",1999,2,"1999Q2",1999.25,18,18,0.1578696745,0.6429488242,0.2582426595,0.2377997123,0.33704872,0.02016966236,0.6280680869,0,0
"Portugal",1999,3,"1999Q3",1999.5,19,18,0.166616463,0.6442663156,0.260347245,0.2417304209,0.3413444264,0.5129202349,0.6293293932,0,0
"Portugal",1999,4,"1999Q4",1999.75,20,18,0.1732587113,0.6460897657,0.2654465982,0.2445598631,0.3554515114,0.3687363358,0.6301771096,0,0
"Portugal",2000,1,"2000Q1",2000,21,18,0.1953060848,0.6481213086,0.2667735767,0.2488796741,0.3500887636,1.330058741,0.6345679859,0,0
"Portugal",2000,2,"2000Q2",2000.25,22,18,0.1894717485,0.6452345977,0.2587356003,0.2451847544,0.3448402347,-1.082942736,0.6365987205,0,0
"Portugal",2000,3,"2000Q3",2000.5,23,18,0.2033742598,0.6413394029,0.2611648971,0.2504381297,0.3418066735,0.5669021031,0.6407095366,0,0
"Portugal",2000,4,"2000Q4",2000.75,24,18,0.2109381154,0.6401644937,0.2588091823,0.2578296665,0.3529415673,0.2311220844,0.6429296367,0,0
"Portugal",2001,1,"2001Q1",2001,25,18,0.2085598384,0.6430588907,0.2491633049,0.2529274488,0.3399762365,-0.6996806642,0.644703264,0,0
"Portugal",2001,2,"2001Q2",2001.25,26,18,0.2170305003,0.6379791198,0.2621675697,0.2507831612,0.3485384345,0.7732835432,0.6439800744,0,0
"Portugal",2001,3,"2001Q3",2001.5,27,18,0.2183032725,0.6345234304,0.2629150951,0.248239082,0.3472859286,-0.1326484343,0.6444584163,0,0
"Portugal",2001,4,"2001Q4",2001.75,28,18,0.2321713985,0.634207743,0.2610207049,0.253558575,0.3423059371,0.8452502791,0.6467582786,0,0
"Portugal",2002,1,"2002Q1",2002,29,18,0.2347260408,0.6370444057,0.2584369643,0.252840673,0.3367416643,0.2771476036,0.6458990899,0,0
"Portugal",2002,2,"2002Q2",2002.25,30,18,0.2301855065,0.6398594944,0.252902746,0.257932338,0.3459883634,-0.5991733356,0.6461186888,0,0
"Portugal",2002,3,"2002Q3",2002.5,31,18,0.2240766578,0.6429169807,0.242568567,0.2576054595,0.3420504831,-0.5538372984,0.645033792,0,0
"Portugal",2002,4,"2002Q4",2002.75,32,18,0.2177731417,0.643674792,0.238657528,0.2602591737,0.3400641035,0.6050120308,0.6364082544,0,0
"Portugal",2003,1,"2003Q1",2003,33,18,0.2183905679,0.6420975496,0.2329653694,0.2657307455,0.334576339,-0.1370615092,0.6372546499,0,0
"Portugal",2003,2,"2003Q2",2003.25,34,18,0.2103560314,0.6453463903,0.2357766583,0.2662894248,0.33937797,-0.520068663,0.6350329939,0,0
"Portugal",2003,3,"2003Q3",2003.5,35,18,0.2178095546,0.6462300728,0.2321241148,0.269172138,0.345408895,0.7430714898,0.6346296904,0,0
"Portugal",2003,4,"2003Q4",2003.75,36,18,0.2227034811,0.6468389402,0.2279971251,0.2712647232,0.3522292821,0.6955073284,0.6329065934,0,0
"Portugal",2004,1,"2004Q1",2004,37,18,0.2317982735,0.6485798514,0.2302630241,0.2718458926,0.3529996138,1.053510595,0.6318044875,0,0
"Portugal",2004,2,"2004Q2",2004.25,38,18,0.2378530916,0.6475702861,0.2266116027,0.2786089447,0.3564033743,0.8688286727,0.6299522792,0,0
"Portugal",2004,3,"2004Q3",2004.5,39,18,0.236626069,0.649610248,0.226091875,0.2716481943,0.3605518309,0.09554618718,0.6283888878,0,0
"Portugal",2004,4,"2004Q4",2004.75,40,18,0.2348260019,0.6537176227,0.2306541874,0.2783069752,0.3798551935,-0.428041001,0.6297590558,0,0
"Portugal",2005,1,"2005Q1",2005,41,18,0.2423650242,0.6537779623,0.2279164507,0.2691581766,0.3610657199,1.125344899,0.6273499922,0,0
"Portugal",2005,2,"2005Q2",2005.25,42,18,0.2465459605,0.6572529181,0.2273862123,0.2725431864,0.3706557712,0.2893009278,0.6280842069,0,0
"Portugal",2005,3,"2005Q3",2005.5,43,18,0.2403297974,0.6524291291,0.2261914939,0.2758383395,0.3659121872,-0.4489736497,0.6269266599,0,0
"Portugal",2005,4,"2005Q4",2005.75,44,18,0.2424172241,0.6571316566,0.2260056092,0.2798282858,0.3722773913,-0.005117074274,0.628194556,0,0
"Portugal",2006,1,"2006Q1",2006,45,18,0.2504041744,0.6569864606,0.2258039276,0.29309453,0.3863036994,0.4645151049,0.6302384674,0,0
"Portugal",2006,2,"2006Q2",2006.25,46,18,0.2596520176,0.6515549814,0.2269313146,0.3021677978,0.3862138913,0.4894435528,0.632928987,0,0
"Portugal",2006,3,"2006Q3",2006.5,47,18,0.2579387419,0.6558974096,0.2167466822,0.3066869024,0.389763912,-0.2176694581,0.6331632036,0,0
"Portugal",2006,4,"2006Q4",2006.75,48,18,0.2652616024,0.6549740668,0.2166411554,0.3121680469,0.3936246166,1.387876578,0.6289670575,0,0
"Portugal",2007,1,"2007Q1",2007,49,18,0.2763763741,0.6522704939,0.2233851099,0.3154889508,0.3939831047,0.8200289612,0.6307118599,0,0
"Portugal",2007,2,"2007Q2",2007.25,50,18,0.280284574,0.6555650137,0.2184417959,0.3189915057,0.4003069376,0.5115884382,0.6298597701,0,0
"Portugal",2007,3,"2007Q3",2007.5,51,18,0.2820253348,0.6545282174,0.2227189512,0.318099182,0.4027940046,-0.7244621525,0.6354531615,0,0
"Portugal",2007,4,"2007Q4",2007.75,52,18,0.2930086324,0.657795367,0.2267428719,0.3187705658,0.4034441607,1.203873456,0.6346913155,0,0
"Portugal",2008,1,"2008Q1",2008,53,18,0.2932966034,0.6596415369,0.2270611058,0.327165392,0.4156383978,-0.3788094073,0.6372392806,0,0
"Portugal",2008,2,"2008Q2",2008.25,54,18,0.2881637057,0.6603366269,0.2278854533,0.3219628085,0.4171123581,-0.631473036,0.6379484322,0,0
"Portugal",2008,3,"2008Q3",2008.5,55,18,0.2858419446,0.6625827034,0.2188116353,0.316672388,0.4099134414,0.3262659221,0.6343516386,0,0
"Portugal",2008,4,"2008Q4",2008.75,56,18,0.2723119141,0.6684957419,0.2189913239,0.2986173483,0.3939098487,-1.014341023,0.6321629691,0,0
"Portugal",2009,1,"2009Q1",2009,57,18,0.2490406613,0.6700570594,0.2128900316,0.2802124393,0.3714635521,-1.305150718,0.6257892563,0,0
"Portugal",2009,2,"2009Q2",2009.25,58,18,0.2503820921,0.66453464,0.2127871915,0.2894336176,0.36913911,1.317008458,0.6184839254,0,0
"Portugal",2009,3,"2009Q3",2009.5,59,18,0.2596946667,0.6620859306,0.2172574039,0.2978999464,0.3836976307,2.1212459,0.6112203408,0,0
"Portugal",2009,4,"2009Q4",2009.75,60,18,0.2596327605,0.6718063511,0.2076550931,0.3028122942,0.3952977951,-0.2859181609,0.6129853277,0,0
"Portugal",2010,1,"2010Q1",2010,61,18,0.2691182929,0.6724783987,0.2081858286,0.3027943528,0.395304775,0.4260829949,0.6162929981,0,0
"Portugal",2010,2,"2010Q2",2010.25,62,18,0.2746933187,0.6706232858,0.211406638,0.3113773244,0.4073342831,1.860468554,0.6084104008,0,0
"Portugal",2010,3,"2010Q3",2010.5,63,18,0.2765016385,0.6645520326,0.198075285,0.3188095587,0.3913774418,0.7538284526,0.6050290866,0,0
"Portugal",2010,4,"2010Q4",2010.75,64,18,0.2737077361,0.6739125071,0.2092410469,0.3250355008,0.4143049256,-0.2797093757,0.6051259348,0,0
"Portugal",2011,1,"2011Q1",2011,65,18,0.2661649599,0.6636539529,0.1939279597,0.3274274128,0.3924786774,0.4209815739,0.5985228186,0,0
"Portugal",2011,2,"2011Q2",2011.25,66,18,0.2615991378,0.6577717343,0.1873680876,0.3401038613,0.3898724913,0.1265840297,0.5955076574,0,0
"Portugal",2011,3,"2011Q3",2011.5,67,18,0.2541200217,0.6561493517,0.1815325356,0.34583525,0.3844267787,0.3920139127,0.5892183703,0,0
"Portugal",2011,4,"2011Q4",2011.75,68,18,0.2381763718,0.6553033237,0.1737074335,0.3587459957,0.3758548383,0.3978061244,0.5780484181,0,0
"Portugal",2012,1,"2012Q1",2012,69,18,0.2338297915,0.6477917671,0.1719017197,0.3638302318,0.3809303142,-0.2269622379,0.5776711853,0,0
"Portugal",2012,2,"2012Q2",2012.25,70,18,0.2200265697,0.6464097539,0.1575796932,0.3678850811,0.367531759,-0.4762399734,0.5732891303,0,0
"Portugal",2012,3,"2012Q3",2012.5,71,18,0.2090209107,0.6475050304,0.1562335835,0.370969896,0.3759680068,0.03043164823,0.5676519234,0,0
"Portugal",2012,4,"2012Q4",2012.75,72,18,0.1924849095,0.6511533776,0.1540697381,0.3754720905,0.3816402743,0.3544194924,0.5571633599,0,0
"Portugal",2013,1,"2013Q1",2013,73,18,0.1955214324,0.6466276303,0.1525182294,0.3883583591,0.381906073,1.246320231,0.5528388601,0,0
"Portugal",2013,2,"2013Q2",2013.25,74,18,0.2025714301,0.6460319726,0.1523674761,0.4022310649,0.4000520758,0.6126449369,0.554256489,0,0
"Portugal",2013,3,"2013Q3",2013.5,75,18,0.2013654129,0.6490653023,0.1541837613,0.4032887533,0.4086451448,-0.7440858499,0.5586384724,0,0
"Portugal",2013,4,"2013Q4",2013.75,76,18,0.2108387991,0.6492691289,0.1556453362,0.4052160835,0.4035173706,-0.0528635964,0.5651817536,0,0
"Portugal",2014,1,"2014Q1",2014,77,18,0.2058927805,0.654849898,0.1513672599,0.4005269827,0.4178026642,-0.4995078372,0.5660680634,0,0
"Portugal",2014,2,"2014Q2",2014.25,78,18,0.2099965758,0.6540287707,0.1551558463,0.4119234128,0.4171256967,0.07153054245,0.5688535496,0,0
"Portugal",2014,3,"2014Q3",2014.5,79,18,0.2117868492,0.6601971558,0.1576158765,0.4140805623,0.4323386299,-0.5623815561,0.573959954,0,0
"Portugal",2014,4,"2014Q4",2014.75,80,18,0.2182101035,0.6580180841,0.1592733799,0.4271100964,0.4357221635,1.207365548,0.5715969254,0,0
"Portugal",2015,1,"2015Q1",2015,81,18,0.2249869052,0.6573267679,0.1632379815,0.423797703,0.4442241769,0.07541265126,0.5757084472,0,0
"Portugal",2015,2,"2015Q2",2015.25,82,18,0.2289469592,0.6619775297,0.163598516,0.4357197701,0.4635681053,-0.2829036388,0.5802948804,0,0
"Portugal",2015,3,"2015Q3",2015.5,83,18,0.2303677328,0.6610462188,0.1605948605,0.4293009755,0.4533367124,0.6444404316,0.5780497898,0,0
"Portugal",2015,4,"2015Q4",2015.75,84,18,0.2338306728,0.6588383638,0.1606336242,0.4350315981,0.4533328661,-0.4296739375,0.5832222037,0,0
"Portugal",2016,1,"2016Q1",2016,85,18,0.2379861395,0.6659574332,0.1597691902,0.4326918304,0.459177058,0.6021040332,0.582380596,0,0
"Portugal",2016,2,"2016Q2",2016.25,86,18,0.2419062151,0.663785593,0.1605219794,0.4381712546,0.4646562994,0.0005321143956,0.584911534,0,0
"Portugal",2016,3,"2016Q3",2016.5,87,18,0.2533137605,0.6595289055,0.1623951743,0.4420559509,0.4634950736,0.2181685184,0.5905819036,0,0
"Portugal",2016,4,"2016Q4",2016.75,88,18,0.2610756315,0.6625319657,0.1678623352,0.4518359364,0.4758430927,0.1184541846,0.5947301014,0,0
"Portugal",2017,1,"2017Q1",2017,89,18,0.2684498006,0.6619811902,0.1707760307,0.4604512003,0.4849027685,-0.3972286196,0.6018011973,0,0
"Portugal",2017,2,"2017Q2",2017.25,90,18,0.2722642424,0.6567065773,0.1733940347,0.4600582858,0.4852738916,-0.3078007016,0.6062502371,0,0
"Portugal",2017,3,"2017Q3",2017.5,91,18,0.2779724098,0.6605223227,0.1732179992,0.4580933337,0.4913777669,0.04633740296,0.6097268571,0,0
"Portugal",2017,4,"2017Q4",2017.75,92,18,0.2859440578,0.6603543585,0.1736994433,0.4723569443,0.4974666646,-0.2723810726,0.6165751539,0,0
"Portugal",2018,1,"2018Q1",2018,93,18,0.2899776069,0.6619659518,0.1743312569,0.4728630787,0.5010120683,-0.4277147538,0.6219644889,0,0
"Portugal",2018,2,"2018Q2",2018.25,94,18,0.2959532339,0.658933561,0.1755800538,0.4806400922,0.5080484829,0.6440897899,0.6219190662,0,0
"Portugal",2018,3,"2018Q3",2018.5,95,18,0.2993360816,0.6596437016,0.1778055557,0.4810398777,0.5120577314,0.04007050427,0.6240212981,0,0
"Portugal",2018,4,"2018Q4",2018.75,96,18,0.3046137285,0.659104553,0.179634058,0.4832227386,0.5152447145,0.2295504126,0.6261307325,0,0
"Portugal",2019,1,"2019Q1",2019,97,18,0.3099024459,0.6585585544,0.1813940132,0.4859925079,0.5181980295,0.2306574644,0.6283989864,0,0
"Portugal",2019,2,"2019Q2",2019.25,98,18,0.315191865,0.6580933287,0.1830415875,0.4887778101,0.5211679068,0.2307276441,0.6306757111,0,0
"Portugal",2019,3,"2019Q3",2019.5,99,18,0.3204534778,0.657808084,0.1844908522,0.4915927445,0.5241693799,0.2279470117,0.6329609393,0,0
"Portugal",2019,4,"2019Q4",2019.75,100,18,0.3254980167,0.6576657095,0.1859036671,0.4942944409,0.5272268846,0.2309553821,0.6350977154,0,0
"Portugal",2020,1,"2020Q1",2020,101,18,0.3302321161,0.6577275188,0.1872517285,0.4968074133,0.530466876,0.1999114384,0.6373169795,0,0
"Portugal",2020,2,"2020Q2",2020.25,102,18,0.3348724239,0.6580122896,0.1885372837,0.4991397372,0.5337768398,0.2152725095,0.6393861565,0,0
"Portugal",2020,3,"2020Q3",2020.5,103,18,0.339364866,0.6583945305,0.1897690028,0.5014363255,0.5371868824,0.200485944,0.6414624163,0,0
"Portugal",2020,4,"2020Q4",2020.75,104,18,0.3435982353,0.6589476867,0.1910125363,0.5036308799,0.5407587879,0.1869579618,0.6434661233,0,0
"Slovak Republic",1995,1,"1995Q1",1995,1,19,-0.02058916828,0.56200198,0.2411188829,0.4666146975,0.4760523309,1.069099558,0.5415958679,0,0
"Slovak Republic",1995,2,"1995Q2",1995.25,2,19,-0.00473392175,0.5651056833,0.2426927123,0.4320789655,0.4535702818,0.6476582631,0.545268937,0,0
"Slovak Republic",1995,3,"1995Q3",1995.5,3,19,0.003117410391,0.5728803303,0.2593961994,0.4330939624,0.4736795006,0.05454955202,0.5478339311,0,0
"Slovak Republic",1995,4,"1995Q4",1995.75,4,19,0.02174105948,0.5746081624,0.2561975701,0.4217332655,0.4823330112,0.9784829587,0.5512591623,0,0
"Slovak Republic",1996,1,"1996Q1",1996,5,19,0.03837739509,0.5780966051,0.2825887348,0.3981823181,0.5335652791,0.2529540948,0.5577945933,0,0
"Slovak Republic",1996,2,"1996Q2",1996.25,6,19,0.05188162396,0.5816072075,0.2822869248,0.409293114,0.4986358182,0.6496549586,0.5604179117,0,0
"Slovak Republic",1996,3,"1996Q3",1996.5,7,19,0.07516450538,0.5817467532,0.3072714359,0.4155359905,0.5139271574,1.545273843,0.5635198641,0,0
"Slovak Republic",1996,4,"1996Q4",1996.75,8,19,0.09517383545,0.5820264877,0.319906453,0.3958585975,0.5305581585,2.058762385,0.5618974053,0,0
"Slovak Republic",1997,1,"1997Q1",1997,9,19,0.1063377176,0.5867312656,0.3271757024,0.4239395832,0.5577798518,1.865329308,0.5566639213,0,0
"Slovak Republic",1997,2,"1997Q2",1997.25,10,19,0.1207680897,0.5891954808,0.3240644604,0.4337061316,0.5655700508,1.842838023,0.5534099107,0,0
"Slovak Republic",1997,3,"1997Q3",1997.5,11,19,0.1369937386,0.5855688277,0.3139190904,0.4094203458,0.532307048,2.186696611,0.5492734629,0,0
"Slovak Republic",1997,4,"1997Q4",1997.75,12,19,0.1327861285,0.5995932135,0.3121805588,0.4119968631,0.5017100011,-0.2234004668,0.547173015,0,0
"Slovak Republic",1998,1,"1998Q1",1998,13,19,0.1487367872,0.6018194656,0.3253418442,0.3823617879,0.4984494308,1.24320132,0.5481226628,0,0
"Slovak Republic",1998,2,"1998Q2",1998.25,14,19,0.1491046662,0.6098088988,0.3407117539,0.3834712386,0.524128842,-0.2188335183,0.5485475109,0,0
"Slovak Republic",1998,3,"1998Q3",1998.5,15,19,0.1417450481,0.6226819558,0.3315552886,0.4078267716,0.5365918098,-0.2030389978,0.5446625441,0,0
"Slovak Republic",1998,4,"1998Q4",1998.75,16,19,0.2132168954,0.5798941942,0.3292787946,0.3979599697,0.4929119232,7.463778248,0.5419779886,0,0
"Slovak Republic",1999,1,"1999Q1",1999,17,19,0.179826535,0.6029225721,0.3009993028,0.3984751417,0.4573521558,-2.263366488,0.5352681753,0,0
"Slovak Republic",1999,2,"1999Q2",1999.25,18,19,0.1619094412,0.6190000321,0.2958015581,0.427100238,0.5226719734,-0.4234836381,0.52709864,0,0
"Slovak Republic",1999,3,"1999Q3",1999.5,19,19,0.1545537073,0.5931452391,0.2607020327,0.4400983297,0.4878989014,-0.01968928306,0.5224523682,0,0
"Slovak Republic",1999,4,"1999Q4",1999.75,20,19,0.1497436566,0.6018571892,0.2685254108,0.4697633044,0.514366462,0.2200737366,0.5179252124,0,0
"Slovak Republic",2000,1,"2000Q1",2000,21,19,0.1611371238,0.6004219333,0.2459425692,0.4448900105,0.4770043178,1.174088567,0.5170928533,0,0
"Slovak Republic",2000,2,"2000Q2",2000.25,22,19,0.171227474,0.607744002,0.2394106682,0.4579795805,0.4825525544,1.645585965,0.5131650662,0,0
"Slovak Republic",2000,3,"2000Q3",2000.5,23,19,0.1777318747,0.6089360033,0.2662831949,0.454158986,0.5166455056,0.2592929912,0.5145286431,0,0
"Slovak Republic",2000,4,"2000Q4",2000.75,24,19,0.1841704171,0.6160059637,0.2628396792,0.4844642283,0.6093374504,0.1993937882,0.5161717737,0,0
"Slovak Republic",2001,1,"2001Q1",2001,25,19,0.1906793302,0.6223550864,0.2771402234,0.519589749,0.6235252928,0.3648721027,0.5169761407,0,0
"Slovak Republic",2001,2,"2001Q2",2001.25,26,19,0.2015858779,0.6133424752,0.290163856,0.488628721,0.5971933146,0.611025034,0.518786092,0,0
"Slovak Republic",2001,3,"2001Q3",2001.5,27,19,0.2057780582,0.6215523204,0.2746968697,0.4902066362,0.6009430647,0.3434208939,0.5185051343,0,0
"Slovak Republic",2001,4,"2001Q4",2001.75,28,19,0.2265360544,0.6164914785,0.2674489238,0.4747394212,0.5818453902,2.123175917,0.5175872801,0,0
"Slovak Republic",2002,1,"2002Q1",2002,29,19,0.2300111678,0.6203471732,0.2701576905,0.4765648991,0.5812991245,0.5445388496,0.515939879,0,0
"Slovak Republic",2002,2,"2002Q2",2002.25,30,19,0.2401722885,0.6300362008,0.2685475024,0.4998137326,0.6069693129,1.089139407,0.5149366094,0,0
"Slovak Republic",2002,3,"2002Q3",2002.5,31,19,0.2622187523,0.6247344507,0.2632413236,0.5264148113,0.624876027,1.917928297,0.515788241,0,0
"Slovak Republic",2002,4,"2002Q4",2002.75,32,19,0.268953842,0.6273203071,0.2594626795,0.5159825469,0.6171512135,0.1136662524,0.5180550479,0,0
"Slovak Republic",2003,1,"2003Q1",2003,33,19,0.2865527534,0.6175680645,0.2493840093,0.5424227234,0.6033101861,1.212645377,0.5202096516,0,0
"Slovak Republic",2003,2,"2003Q2",2003.25,34,19,0.3006457046,0.6110609972,0.2478113614,0.5564243236,0.6161362279,0.2352355722,0.5256587247,0,0
"Slovak Republic",2003,3,"2003Q3",2003.5,35,19,0.3045125908,0.6098943424,0.2410602227,0.58526207,0.6461557467,0.51894164,0.5242722384,0,0
"Slovak Republic",2003,4,"2003Q4",2003.75,36,19,0.3209269224,0.6052503757,0.2362816973,0.5836169034,0.6242093354,2.260946955,0.5203486749,0,0
"Slovak Republic",2004,1,"2004Q1",2004,37,19,0.3334515122,0.6085593424,0.2362301178,0.637567098,0.6802684239,1.764432106,0.5169927994,0,0
"Slovak Republic",2004,2,"2004Q2",2004.25,38,19,0.3408828544,0.6108791155,0.2346223049,0.6799168444,0.7420416926,0.336609761,0.5183991863,0,0
"Slovak Republic",2004,3,"2004Q3",2004.5,39,19,0.3636672227,0.6080861411,0.2498568106,0.6344769698,0.7246012178,0.9195420419,0.5247845111,0,0
"Slovak Republic",2004,4,"2004Q4",2004.75,40,19,0.3792812894,0.6101128192,0.2480694199,0.6528890711,0.7289356723,1.44060738,0.524712623,0,0
"Slovak Republic",2005,1,"2005Q1",2005,41,19,0.3921338968,0.6075530764,0.2558839626,0.649347111,0.7225578185,0.9872356407,0.5256780088,0,0
"Slovak Republic",2005,2,"2005Q2",2005.25,42,19,0.4129983669,0.6053526776,0.2689161183,0.6772220287,0.7670233941,1.796813404,0.5266016654,0,0
"Slovak Republic",2005,3,"2005Q3",2005.5,43,19,0.4295018454,0.6041794959,0.2665924169,0.7006259379,0.7720488442,0.7341769214,0.5308431637,0,0
"Slovak Republic",2005,4,"2005Q4",2005.75,44,19,0.4438847838,0.6000988066,0.2660966923,0.7248297024,0.8426683532,0.4660910394,0.5354194407,0,0
"Slovak Republic",2006,1,"2006Q1",2006,45,19,0.4672825216,0.5976423951,0.2687837837,0.7381931501,0.833101837,0.9660979633,0.5422276908,0,0
"Slovak Republic",2006,2,"2006Q2",2006.25,46,19,0.4899442511,0.5903156044,0.2637398467,0.7590054341,0.8360536197,1.144827598,0.5477393196,0,0
"Slovak Republic",2006,3,"2006Q3",2006.5,47,19,0.5088139178,0.5883694488,0.2648216288,0.8153248597,0.8890452964,1.55269026,0.5489698222,0,0
"Slovak Republic",2006,4,"2006Q4",2006.75,48,19,0.5365111468,0.5860770215,0.266543393,0.8061889416,0.8652019085,2.233185832,0.5513177245,0,0
"Slovak Republic",2007,1,"2007Q1",2007,49,19,0.5574127636,0.5830694846,0.2624407289,0.8237066447,0.8705267555,1.048793808,0.5564850552,0,0
"Slovak Republic",2007,2,"2007Q2",2007.25,50,19,0.5822105319,0.5812906838,0.2630607782,0.7987302771,0.8453668332,2.498401588,0.5557789282,0,0
"Slovak Republic",2007,3,"2007Q3",2007.5,51,19,0.6058230199,0.5774358669,0.2672731954,0.8062355614,0.8341897502,1.977573843,0.5573119084,0,0
"Slovak Republic",2007,4,"2007Q4",2007.75,52,19,0.6653799685,0.5520565087,0.2531442777,0.8009793539,0.8348157378,4.635801555,0.5641063934,0,0
"Slovak Republic",2008,1,"2008Q1",2008,53,19,0.6401198659,0.5763897369,0.2515908231,0.8356453566,0.8845967342,-3.711561636,0.5702508926,0,0
"Slovak Republic",2008,2,"2008Q2",2008.25,54,19,0.6519687504,0.5748781132,0.2638517351,0.8063248106,0.8622184821,1.256666479,0.5692602596,0,0
"Slovak Republic",2008,3,"2008Q3",2008.5,55,19,0.6651687144,0.5741625864,0.24884344,0.7844036071,0.8126154826,-0.577234003,0.5795721476,0,0
"Slovak Republic",2008,4,"2008Q4",2008.75,56,19,0.6755207745,0.5753460684,0.2413417816,0.7246195264,0.760121809,1.299559781,0.5774534188,0,0
"Slovak Republic",2009,1,"2009Q1",2009,57,19,0.5799396513,0.6148237408,0.2467919635,0.6588677508,0.7258786038,-7.979753083,0.5678353197,0,0
"Slovak Republic",2009,2,"2009Q2",2009.25,58,19,0.5945484448,0.6106597353,0.2008456037,0.6778504364,0.6830531006,2.770332815,0.5598815237,0,0
"Slovak Republic",2009,3,"2009Q3",2009.5,59,19,0.6092479129,0.6035912207,0.2129847256,0.7013768048,0.7110069451,2.802147594,0.5519141428,0,0
"Slovak Republic",2009,4,"2009Q4",2009.75,60,19,0.6258141888,0.5918921966,0.2046553092,0.731361457,0.7287842506,3.036599243,0.5438008563,0,0
"Slovak Republic",2010,1,"2010Q1",2010,61,19,0.6383175166,0.5860475052,0.238516859,0.7274521337,0.743219312,1.761553332,0.5408216877,0,0
"Slovak Republic",2010,2,"2010Q2",2010.25,62,19,0.6476114573,0.5814366353,0.2116188338,0.746851069,0.7491455161,0.6512159062,0.5421215724,0,0
"Slovak Republic",2010,3,"2010Q3",2010.5,63,19,0.6572046431,0.5757218784,0.2116143679,0.7678150212,0.8058811049,0.6854592596,0.5434011911,0,0
"Slovak Republic",2010,4,"2010Q4",2010.75,64,19,0.6635636325,0.5711407399,0.2210347615,0.8101642261,0.8121248997,0.06893988156,0.5462827183,0,0
"Slovak Republic",2011,1,"2011Q1",2011,65,19,0.6690935106,0.565999315,0.246895625,0.8350442867,0.8392884782,1.283627026,0.5420921024,0,0
"Slovak Republic",2011,2,"2011Q2",2011.25,66,19,0.6766740161,0.5606531203,0.2380306581,0.8206816122,0.8465655871,0.6889745251,0.5422529025,0,0
"Slovak Republic",2011,3,"2011Q3",2011.5,67,19,0.6821104177,0.5576225438,0.2403241755,0.8246213696,0.8236465088,0.6130579871,0.5416631447,0,0
"Slovak Republic",2011,4,"2011Q4",2011.75,68,19,0.6900887816,0.5536958262,0.2417492868,0.8458076673,0.8088814724,0.8426358238,0.5412073324,0,0
"Slovak Republic",2012,1,"2012Q1",2012,69,19,0.692617419,0.5526482762,0.2164282592,0.8585453021,0.8111405809,-0.7510294566,0.5465099014,0,0
"Slovak Republic",2012,2,"2012Q2",2012.25,70,19,0.6952565764,0.5485459068,0.220764315,0.8972605464,0.8376095479,0.4684491552,0.5452357246,0,0
"Slovak Republic",2012,3,"2012Q3",2012.5,71,19,0.6976202867,0.546688314,0.217074707,0.9163411748,0.8623143852,0.3226030903,0.544608462,0,0
"Slovak Republic",2012,4,"2012Q4",2012.75,72,19,0.6983227744,0.5446282958,0.2113845066,0.9042505613,0.8355921531,0.7469241923,0.5407795247,0,0
"Slovak Republic",2013,1,"2013Q1",2013,73,19,0.7025386466,0.5387429029,0.2092330181,0.9070041138,0.8338208937,-0.51967738,0.5457049764,0,0
"Slovak Republic",2013,2,"2013Q2",2013.25,74,19,0.7074075214,0.5377585131,0.2095056823,0.9451854186,0.8656793437,0.9511305209,0.5429897088,0,0
"Slovak Republic",2013,3,"2013Q3",2013.5,75,19,0.7131974054,0.534657573,0.2099811496,0.9440004586,0.8781608789,0.611283845,0.5426268247,0,0
"Slovak Republic",2013,4,"2013Q4",2013.75,76,19,0.7197861559,0.5320991427,0.2167400689,0.9622588488,0.9042731677,0.5105022348,0.5432448328,0,0
"Slovak Republic",2014,1,"2014Q1",2014,77,19,0.7269266975,0.5321318657,0.2094909958,0.981241205,0.9174644658,0.2706219093,0.5456046895,0,0
"Slovak Republic",2014,2,"2014Q2",2014.25,78,19,0.7337410685,0.5296028231,0.2106935095,0.9491094843,0.8897370007,0.1296487124,0.5485688889,0,0
"Slovak Republic",2014,3,"2014Q3",2014.5,79,19,0.7413039493,0.5270237321,0.2119579771,0.9406283409,0.8753948517,-0.01652531971,0.5527696079,0,0
"Slovak Republic",2014,4,"2014Q4",2014.75,80,19,0.7494277488,0.5256796351,0.2154504198,0.9301439095,0.8691557656,-0.04240013978,0.5574592435,0,0
"Slovak Republic",2015,1,"2015Q1",2015,81,19,0.7603042465,0.5229700838,0.2295843648,0.9927190743,0.9326575023,0.6821692923,0.5597932862,0,0
"Slovak Republic",2015,2,"2015Q2",2015.25,82,19,0.7702004882,0.5209675459,0.242253089,0.9655148052,0.9215954677,0.3941546117,0.5632061243,0,0
"Slovak Republic",2015,3,"2015Q3",2015.5,83,19,0.7814091758,0.5197161731,0.2519879849,0.9662762164,0.9277023327,0.4997442669,0.5667851674,0,0
"Slovak Republic",2015,4,"2015Q4",2015.75,84,19,0.7904809022,0.5177371636,0.2536095982,0.9694647021,0.9239197034,0.02748022002,0.5718637093,0,0
"Slovak Republic",2016,1,"2016Q1",2016,85,19,0.7974687251,0.5170734655,0.2243569395,0.9737342213,0.9087664864,-0.05169402839,0.5761475217,0,0
"Slovak Republic",2016,2,"2016Q2",2016.25,86,19,0.8045134576,0.5173818388,0.2257669958,1.020580005,0.9515984615,-0.06688745073,0.5805846637,0,0
"Slovak Republic",2016,3,"2016Q3",2016.5,87,19,0.8113444509,0.5166312921,0.208416844,0.9952132082,0.9159308571,0.2988536496,0.5827955176,0,0
"Slovak Republic",2016,4,"2016Q4",2016.75,88,19,0.8200130846,0.5172811359,0.2099713163,1.013512749,0.9436331455,0.3409244732,0.5858443052,0,0
"Slovak Republic",2017,1,"2017Q1",2017,89,19,0.8282369141,0.517919027,0.215363922,1.021371231,0.9479528276,0.4816146307,0.5879710389,0,0
"Slovak Republic",2017,2,"2017Q2",2017.25,90,19,0.8371115345,0.5188700021,0.2079764823,0.9850252465,0.9136550263,0.6774935754,0.589334168,0,0
"Slovak Republic",2017,3,"2017Q3",2017.5,91,19,0.8461215265,0.5182339886,0.2225499358,0.9975858897,0.9365057035,0.4291257399,0.5922495866,0,0
"Slovak Republic",2017,4,"2017Q4",2017.75,92,19,0.8555475633,0.5169565855,0.2204513831,1.03229583,0.9394706485,0.8474361633,0.5929415969,0,0
"Slovak Republic",2018,1,"2018Q1",2018,93,19,0.8652055592,0.515429548,0.2334222843,1.007330312,0.9419867321,0.5881033606,0.5953021304,0,0
"Slovak Republic",2018,2,"2018Q2",2018.25,94,19,0.8757433174,0.5124680339,0.24084914,1.023226225,0.9473472877,0.8297497263,0.5967543462,0,0
"Slovak Republic",2018,3,"2018Q3",2018.5,95,19,0.8871001226,0.5119807106,0.2338479888,1.032658974,0.954668301,0.9364762773,0.5980616593,0,0
"Slovak Republic",2018,4,"2018Q4",2018.75,96,19,0.8978174198,0.5115139362,0.2345282461,1.040653068,0.9612757131,0.8725254791,0.5993718594,0,0
"Slovak Republic",2019,1,"2019Q1",2019,97,19,0.908405187,0.5112611606,0.2347100873,1.049939279,0.9688876926,0.8595724787,0.6006661668,0,0
"Slovak Republic",2019,2,"2019Q2",2019.25,98,19,0.9190095005,0.5110000546,0.2348881829,1.060025003,0.9772459408,0.8612271174,0.6019632857,0,0
"Slovak Republic",2019,3,"2019Q3",2019.5,99,19,0.9292759727,0.5109116599,0.2351458423,1.070717342,0.9865111952,0.8274429791,0.603263222,0,0
"Slovak Republic",2019,4,"2019Q4",2019.75,100,19,0.9391077692,0.5110453713,0.2355061309,1.079485097,0.9943579467,0.7839754025,0.6045659821,0,0
"Slovak Republic",2020,1,"2020Q1",2020,101,19,0.9480202952,0.5116246736,0.2356597667,1.085862502,1.000468034,0.7168622596,0.6057277344,0,0
"Slovak Republic",2020,2,"2020Q2",2020.25,102,19,0.9559692216,0.5126984307,0.2359840265,1.090745275,1.006040818,0.6205022947,0.606891738,0,0
"Slovak Republic",2020,3,"2020Q3",2020.5,103,19,0.9632237441,0.5141313321,0.2363018356,1.096150196,1.012587071,0.575900461,0.6079069832,0,0
"Slovak Republic",2020,4,"2020Q4",2020.75,104,19,0.9703408523,0.5156143213,0.2365954069,1.101733284,1.019315979,0.5621590286,0.6089239456,0,0
"Spain",1995,1,"1995Q1",1995,1,20,-0.009290685001,0.588242314,0.2206057851,0.1897198386,0.1818662272,0.01125747208,0.4128313815,0,0
"Spain",1995,2,"1995Q2",1995.25,2,20,-0.00243804598,0.5939948075,0.2205892313,0.1892200023,0.1829495428,0.04494159312,0.414421496,0,0
"Spain",1995,3,"1995Q3",1995.5,3,20,0.002308544464,0.5934457907,0.2200165147,0.1856052308,0.1797576718,0.1140525301,0.4148584034,0,0
"Spain",1995,4,"1995Q4",1995.75,4,20,0.009327884787,0.594287053,0.2182990568,0.1916419842,0.1860863357,0.2365092821,0.4157340067,0,0
"Spain",1996,1,"1996Q1",1996,5,20,0.01576084897,0.5870567631,0.2218761431,0.1977232672,0.186184422,0.08544717156,0.4171894493,0,0
"Spain",1996,2,"1996Q2",1996.25,6,20,0.02210313135,0.5947891311,0.2200273155,0.1986375302,0.1907623002,-0.2021019937,0.4198192917,0,0
"Spain",1996,3,"1996Q3",1996.5,7,20,0.03179813759,0.5915484508,0.218591663,0.2046948203,0.1921123964,-0.273231963,0.4241879463,0,0
"Spain",1996,4,"1996Q4",1996.75,8,20,0.0357933965,0.5915854089,0.2172583317,0.2084906429,0.1951761415,-0.5838905397,0.4274939036,0,0
"Spain",1997,1,"1997Q1",1997,9,20,0.04711510786,0.5893404805,0.2216391576,0.2084476934,0.1952078891,0.32705539,0.4301166952,0,0
"Spain",1997,2,"1997Q2",1997.25,10,20,0.05620989523,0.5842071087,0.223118766,0.2227408693,0.2068319477,0.2041635333,0.4323255164,0,0
"Spain",1997,3,"1997Q3",1997.5,11,20,0.06627183404,0.5810350824,0.222065317,0.2336206806,0.2117956392,0.1710888334,0.4351116621,0,0
"Spain",1997,4,"1997Q4",1997.75,12,20,0.08061141615,0.5914669936,0.2243991627,0.2296504833,0.2180310924,0.2391205152,0.4394955554,0,0
"Spain",1998,1,"1998Q1",1998,13,20,0.0904988491,0.5841870847,0.2312637577,0.2313769055,0.2192340925,-0.06713500489,0.4433919609,0,0
"Spain",1998,2,"1998Q2",1998.25,14,20,0.09803074139,0.588634345,0.2320194379,0.2336528743,0.225536737,-0.1189489186,0.4465030908,0,0
"Spain",1998,3,"1998Q3",1998.5,15,20,0.1099498699,0.5848831051,0.2391263776,0.2321757333,0.2288668634,-0.08230779608,0.4514489454,0,0
"Spain",1998,4,"1998Q4",1998.75,16,20,0.1204017291,0.5914304825,0.243608302,0.2296718546,0.2365452385,0.000696595021,0.4554035353,0,0
"Spain",1999,1,"1999Q1",1999,17,20,0.1284703985,0.587776848,0.2446214863,0.2370259605,0.2422299355,-0.9730883735,0.4629079366,0,0
"Spain",1999,2,"1999Q2",1999.25,18,20,0.143435036,0.5888364243,0.2495536716,0.2366955114,0.2448562481,-0.09272071337,0.4696402032,0,0
"Spain",1999,3,"1999Q3",1999.5,19,20,0.1553102377,0.5910438408,0.2494565086,0.2398881685,0.2496252199,0.04995750399,0.4743243878,0,0
"Spain",1999,4,"1999Q4",1999.75,20,20,0.167007959,0.5905162557,0.2523583108,0.2442971757,0.2554122041,-0.08658413542,0.479625726,0,0
"Spain",2000,1,"2000Q1",2000,21,20,0.1828281495,0.5901577074,0.2533494652,0.2481159991,0.2581983934,0.1329663824,0.4859566046,0,0
"Spain",2000,2,"2000Q2",2000.25,22,20,0.1950258384,0.5858982674,0.2531455573,0.2502594274,0.2566339294,-0.3242741481,0.4928399092,0,0
"Spain",2000,3,"2000Q3",2000.5,23,20,0.2058216112,0.5866876257,0.2546527775,0.250936055,0.2600697516,-0.1395053105,0.4982000696,0,0
"Spain",2000,4,"2000Q4",2000.75,24,20,0.2167967586,0.579341012,0.2551096727,0.2558802598,0.2571086664,-0.03008992088,0.5031589863,0,0
"Spain",2001,1,"2001Q1",2001,25,20,0.2267286437,0.5816850902,0.2552005493,0.2592577632,0.261605023,0.02835406541,0.5073008389,0,0
"Spain",2001,2,"2001Q2",2001.25,26,20,0.234645591,0.5847344423,0.2568125957,0.25056549,0.2585714031,0.08492312459,0.5101596276,0,0
"Spain",2001,3,"2001Q3",2001.5,27,20,0.2445481316,0.5869481834,0.2567377512,0.2476115317,0.2564864495,-0.04497930833,0.5147234973,0,0
"Spain",2001,4,"2001Q4",2001.75,28,20,0.2516124735,0.5823217045,0.2561431004,0.2449360189,0.2505789596,-0.08891758446,0.5180849973,0,0
"Spain",2002,1,"2002Q1",2002,29,20,0.2572874364,0.5857300187,0.2584023645,0.2432974792,0.2528000627,0.1927551552,0.5179883911,0,0
"Spain",2002,2,"2002Q2",2002.25,30,20,0.2647769387,0.5837056175,0.2600603144,0.2481616217,0.2578611733,-0.194364981,0.5208528172,0,0
"Spain",2002,3,"2002Q3",2002.5,31,20,0.2708074368,0.5850747679,0.26132684,0.2446898056,0.2571010161,-0.1458536138,0.5227238683,0,0
"Spain",2002,4,"2002Q4",2002.75,32,20,0.2782905129,0.5839183642,0.262396474,0.2512201464,0.2661219166,-0.07851661016,0.5250185414,0,0
"Spain",2003,1,"2003Q1",2003,33,20,0.2881098787,0.5769126871,0.267826843,0.2480816147,0.2608117577,-0.1223911805,0.528532195,0,0
"Spain",2003,2,"2003Q2",2003.25,34,20,0.2948783005,0.5790707132,0.2693615398,0.2489906803,0.2644983587,-0.4924848201,0.5324254548,0,0
"Spain",2003,3,"2003Q3",2003.5,35,20,0.3017178123,0.5810820939,0.2710522809,0.2448077147,0.2652770607,-0.4177098637,0.5359947086,0,0
"Spain",2003,4,"2003Q4",2003.75,36,20,0.3119334382,0.5830317768,0.2721633763,0.2477929357,0.2706301776,0.07694885708,0.5387512282,0,0
"Spain",2004,1,"2004Q1",2004,37,20,0.317990153,0.583017894,0.2725559598,0.2511101825,0.2772097139,-0.05328354591,0.5403977707,0,0
"Spain",2004,2,"2004Q2",2004.25,38,20,0.3257191949,0.5854356539,0.2742623924,0.2509044789,0.2831649038,0.1099468898,0.5420778015,0,0
"Spain",2004,3,"2004Q3",2004.5,39,20,0.3357420504,0.5846399652,0.2761755663,0.248498849,0.2825101821,-0.3034768712,0.5472764287,0,0
"Spain",2004,4,"2004Q4",2004.75,40,20,0.3418767067,0.5864922702,0.2779584408,0.2495870083,0.2894102118,-0.9121272679,0.5537476763,0,0
"Spain",2005,1,"2005Q1",2005,41,20,0.3519416822,0.586055739,0.2811067025,0.2434800858,0.2852012006,-0.7971141111,0.5614455866,0,0
"Spain",2005,2,"2005Q2",2005.25,42,20,0.3620827739,0.5874492372,0.2857338853,0.2499882403,0.2986499835,-0.5035072894,0.5676349217,0,0
"Spain",2005,3,"2005Q3",2005.5,43,20,0.371520358,0.5856084993,0.2869912669,0.2448714115,0.2925790305,-0.2080206574,0.5718069143,0,0
"Spain",2005,4,"2005Q4",2005.75,44,20,0.3819232161,0.586765045,0.2870148336,0.2429444316,0.2920144493,0.1495461349,0.5745179866,0,0
"Spain",2006,1,"2006Q1",2006,45,20,0.3926942975,0.5855085577,0.2904865457,0.2466715836,0.3003824542,0.2092902934,0.5777521915,0,0
"Spain",2006,2,"2006Q2",2006.25,46,20,0.4030835003,0.5851383637,0.294196437,0.2480162537,0.3034144139,0.1704988235,0.58101355,0,0
"Spain",2006,3,"2006Q3",2006.5,47,20,0.4129077256,0.5827040077,0.294449888,0.2432258233,0.2984624212,0.2739548921,0.5833648947,0,0
"Spain",2006,4,"2006Q4",2006.75,48,20,0.4223596164,0.584083142,0.2965588763,0.2504705526,0.3108858199,-0.04872640183,0.5874055182,0,0
"Spain",2007,1,"2007Q1",2007,49,20,0.4325380081,0.581697293,0.2953567384,0.2581923794,0.3159244511,0.06790733396,0.5906348468,0,0
"Spain",2007,2,"2007Q2",2007.25,50,20,0.4406154789,0.5822576554,0.2982061968,0.2570574379,0.3176662439,-0.008059324281,0.593095447,0,0
"Spain",2007,3,"2007Q3",2007.5,51,20,0.4486929332,0.5800465872,0.2944879003,0.2590190806,0.3172422966,0.4108401643,0.5930861371,0,0
"Spain",2007,4,"2007Q4",2007.75,52,20,0.4572618064,0.5820223678,0.2945734224,0.2568803416,0.3184666158,0.5005684342,0.5928455437,0,0
"Spain",2008,1,"2008Q1",2008,53,20,0.4618133785,0.5809828923,0.2894678956,0.255756363,0.3127949138,0.2289414751,0.5922615721,0,0
"Spain",2008,2,"2008Q2",2008.25,54,20,0.4623702336,0.572280591,0.2875196352,0.2583265666,0.3075005585,0.6476786919,0.5868629334,0,0
"Spain",2008,3,"2008Q3",2008.5,55,20,0.4547853122,0.564986709,0.2780826616,0.2590679129,0.2940390442,0.2903533096,0.578868953,0,0
"Spain",2008,4,"2008Q4",2008.75,56,20,0.4446623617,0.5669021074,0.2682941794,0.2377422231,0.2699616341,0.8756673155,0.566218563,0,0
"Spain",2009,1,"2009Q1",2009,57,20,0.428540697,0.5718425165,0.254227217,0.2252767406,0.2371789699,1.461837462,0.5483598107,0,0
"Spain",2009,2,"2009Q2",2009.25,58,20,0.4188103406,0.5676412418,0.2397573315,0.2305424485,0.2445462559,0.5259874812,0.5394956283,0,0
"Spain",2009,3,"2009Q3",2009.5,59,20,0.4156943568,0.5718276997,0.2384621672,0.2389785925,0.2610028311,0.6488812543,0.5336418081,0,0
"Spain",2009,4,"2009Q4",2009.75,60,20,0.4150662756,0.5729825383,0.2360431096,0.2383071427,0.2611184844,0.4175035648,0.5303930758,0,0
"Spain",2010,1,"2010Q1",2010,61,20,0.4180804393,0.5728258976,0.2339798592,0.2452696617,0.2633459476,0.6119044932,0.5285170204,0,0
"Spain",2010,2,"2010Q2",2010.25,62,20,0.4198986451,0.5747561896,0.2325337043,0.2515686739,0.269863703,0.5967729047,0.5260978309,0,0
"Spain",2010,3,"2010Q3",2010.5,63,20,0.4203831888,0.5710867789,0.2287231485,0.2571230997,0.266885583,0.3458789275,0.5243056581,0,0
"Spain",2010,4,"2010Q4",2010.75,64,20,0.420368397,0.5710360589,0.2261527481,0.2667896856,0.2728654421,0.1189178208,0.5234455138,0,0
"Spain",2011,1,"2011Q1",2011,65,20,0.4167563656,0.5660322739,0.2214634581,0.2763505589,0.2755006606,-0.04549374902,0.5218447375,0,0
"Spain",2011,2,"2011Q2",2011.25,66,20,0.4119535022,0.5660052284,0.2179688461,0.2732581772,0.2685183459,-0.4486805494,0.5217290085,0,0
"Spain",2011,3,"2011Q3",2011.5,67,20,0.4078803747,0.5656006261,0.2149043484,0.27750381,0.2682887558,0.9377087575,0.514807153,0,0
"Spain",2011,4,"2011Q4",2011.75,68,20,0.4019315305,0.5606846493,0.2116928269,0.2803611585,0.2626799107,0.5328752495,0.5090819756,0,0
"Spain",2012,1,"2012Q1",2012,69,20,0.3932149992,0.563123397,0.2080212786,0.2820024698,0.2613090149,0.2172881274,0.5038563004,0,0
"Spain",2012,2,"2012Q2",2012.25,70,20,0.3836548648,0.5638640278,0.2050055434,0.2823559199,0.2576696295,0.2911751185,0.4978958987,0,0
"Spain",2012,3,"2012Q3",2012.5,71,20,0.3762388098,0.5621751145,0.2014956811,0.2919476705,0.2607857157,0.3160103597,0.4929397608,0,0
"Spain",2012,4,"2012Q4",2012.75,72,20,0.3664205307,0.5553807905,0.2007790272,0.2969084799,0.2573365546,0.2167645603,0.4873455892,0,0
"Spain",2013,1,"2013Q1",2013,73,20,0.3629839467,0.5523149707,0.2004362845,0.3009266149,0.2570906015,0.2976337092,0.4849354493,0,0
"Spain",2013,2,"2013Q2",2013.25,74,20,0.3621454905,0.5517552249,0.1984603565,0.308399053,0.2621705524,0.5076661771,0.4827785208,0,0
"Spain",2013,3,"2013Q3",2013.5,75,20,0.3614632365,0.5533084919,0.2013179055,0.3064090998,0.264145911,-0.02551090147,0.483277156,0,0
"Spain",2013,4,"2013Q4",2013.75,76,20,0.3643107181,0.5551457503,0.2007611166,0.3075012614,0.2663516859,0.2281547789,0.4842580057,0,0
"Spain",2014,1,"2014Q1",2014,77,20,0.3682571286,0.5531423362,0.2070100667,0.3101274699,0.2730084772,0.228953538,0.4856472327,0,0
"Spain",2014,2,"2014Q2",2014.25,78,20,0.3721142941,0.5551265135,0.2075442409,0.3123525303,0.2757528718,-0.5057401835,0.4905888095,0,0
"Spain",2014,3,"2014Q3",2014.5,79,20,0.3788942695,0.5541469281,0.2064270929,0.3178161606,0.278264523,0.1812279342,0.4936292525,0,0
"Spain",2014,4,"2014Q4",2014.75,80,20,0.3863672503,0.5534224249,0.2061450996,0.3179520926,0.2766595633,-0.1766424184,0.498815518,0,0
"Spain",2015,1,"2015Q1",2015,81,20,0.3980215162,0.5516689797,0.210449889,0.3154365969,0.2791641299,0.5476397592,0.5022737553,0,0
"Spain",2015,2,"2015Q2",2015.25,82,20,0.4072923255,0.5504597124,0.2134609188,0.3146575948,0.2795853222,0.0452512362,0.5070934166,0,0
"Spain",2015,3,"2015Q3",2015.5,83,20,0.4169567582,0.5519632799,0.2135006568,0.3172750818,0.2834158324,0.3410622712,0.5106483684,0,0
"Spain",2015,4,"2015Q4",2015.75,84,20,0.4264294462,0.5489684375,0.2137923937,0.3172647512,0.2806078004,0.1139548225,0.515298881,0,0
"Spain",2016,1,"2016Q1",2016,85,20,0.4331515633,0.5495512928,0.212126412,0.3187098847,0.2790308801,-0.2011651074,0.5197160429,0,0
"Spain",2016,2,"2016Q2",2016.25,86,20,0.4399194585,0.5490647597,0.2126212114,0.3228918109,0.2814533033,0.5825999179,0.5201026862,0,0
"Spain",2016,3,"2016Q3",2016.5,87,20,0.4475167777,0.5494437866,0.2114402525,0.3208546719,0.2776676108,-0.01842264229,0.5240618065,0,0
"Spain",2016,4,"2016Q4",2016.75,88,20,0.4531511817,0.548121003,0.2126106266,0.3270646421,0.2818728058,0.01383137002,0.5268456261,0,0
"Spain",2017,1,"2017Q1",2017,89,20,0.4612633127,0.5464897926,0.2160152215,0.3287990714,0.2862087204,-0.002318991244,0.5309416182,0,0
"Spain",2017,2,"2017Q2",2017.25,90,20,0.4699649206,0.5462840774,0.2137953119,0.3301169375,0.285073319,0.2383952966,0.5340978423,0,0
"Spain",2017,3,"2017Q3",2017.5,91,20,0.4763386476,0.5476526823,0.2173288203,0.328421671,0.2885980433,-0.1200938663,0.5379486932,0,0
"Spain",2017,4,"2017Q4",2017.75,92,20,0.4835784667,0.5459689513,0.2169969174,0.3305098867,0.288126944,0.2881710666,0.5400873726,0,0
"Spain",2018,1,"2018Q1",2018,93,20,0.4891208719,0.5478811731,0.2182659279,0.330633663,0.2913296394,0.02614511555,0.5429138475,0,0
"Spain",2018,2,"2018Q2",2018.25,94,20,0.4947357214,0.5453456278,0.2245825552,0.3295719818,0.2925443535,-0.4816560489,0.5485732553,0,0
"Spain",2018,3,"2018Q3",2018.5,95,20,0.5007219699,0.545370165,0.2255148527,0.3218174683,0.2872459861,0.120427694,0.5511690519,0,0
"Spain",2018,4,"2018Q4",2018.75,96,20,0.5079901608,0.5446692048,0.2254488818,0.3235154843,0.2870365305,0.2678738602,0.5536705311,0,0
"Spain",2019,1,"2019Q1",2019,97,20,0.5130565043,0.5444095188,0.2258797358,0.3254212751,0.2887274282,0.0606363998,0.5560615624,0,0
"Spain",2019,2,"2019Q2",2019.25,98,20,0.5179040663,0.5439981311,0.2264733251,0.3272803772,0.2904918341,0.03875824399,0.5584629322,0,0
"Spain",2019,3,"2019Q3",2019.5,99,20,0.5227530006,0.5435321717,0.2271808516,0.3291170787,0.2922666212,0.03590289622,0.5608914699,0,0
"Spain",2019,4,"2019Q4",2019.75,100,20,0.5275771977,0.5429335053,0.2280318785,0.3309722749,0.2940595256,0.03342918965,0.5633305812,0,0
"Spain",2020,1,"2020Q1",2020,101,20,0.5323718932,0.5423357804,0.2292105635,0.3326830536,0.2957550959,0.0404347191,0.5656439362,0,0
"Spain",2020,2,"2020Q2",2020.25,102,20,0.5371282051,0.5415975792,0.2304041847,0.3340844065,0.2970008981,0.03659635985,0.5679668397,0,0
"Spain",2020,3,"2020Q3",2020.5,103,20,0.5419444214,0.5407740843,0.2317047966,0.3354715655,0.2982340819,0.04258679459,0.5702993312,0,0
"Spain",2020,4,"2020Q4",2020.75,104,20,0.5467128978,0.5399237992,0.2330238746,0.3368805664,0.2994866831,0.03781281301,0.5726414504,0,0
"Sweden",1995,1,"1995Q1",1995,1,21,-0.009111230758,0.4485649883,0.1941317934,0.2875089523,0.2616614021,0.9595031228,0.631315388,0,0
"Sweden",1995,2,"1995Q2",1995.25,2,21,-0.003822444931,0.4497309344,0.1941336509,0.2919121352,0.2639317167,-0.3216543444,0.6363088458,0,0
"Sweden",1995,3,"1995Q3",1995.5,3,21,-0.0002368406809,0.4471932176,0.2023142897,0.2828257468,0.2678514586,0.4391758792,0.6353979228,0,0
"Sweden",1995,4,"1995Q4",1995.75,4,21,0.01303646541,0.4421019101,0.2038938899,0.2848966506,0.2639760621,1.889093337,0.6314430608,0,0
"Sweden",1996,1,"1996Q1",1996,5,21,0.01673121587,0.4434644239,0.2019679752,0.2849332499,0.2617815509,0.003582441369,0.6339719266,0,0
"Sweden",1996,2,"1996Q2",1996.25,6,21,0.009179980789,0.4471722247,0.2047335368,0.2989009265,0.2673484555,-0.01126245848,0.6294863393,0,0
"Sweden",1996,3,"1996Q3",1996.5,7,21,0.01393564928,0.4523867759,0.2103616041,0.2900789453,0.2700420511,0.6979506279,0.6283004767,0,0
"Sweden",1996,4,"1996Q4",1996.75,8,21,0.02136637124,0.4492892243,0.2072379197,0.3023970399,0.277971803,0.9230856044,0.6273826879,0,0
"Sweden",1997,1,"1997Q1",1997,9,21,0.02724731296,0.450179051,0.2029055254,0.3137586454,0.2853794674,1.221464841,0.623582027,0,0
"Sweden",1997,2,"1997Q2",1997.25,10,21,0.04003391226,0.4516467521,0.2058669851,0.3288666808,0.2948550479,1.486260719,0.6224489979,0,0
"Sweden",1997,3,"1997Q3",1997.5,11,21,0.04995803509,0.4450974428,0.2002140445,0.3262060967,0.2965340709,0.5018643418,0.6256709701,0,0
"Sweden",1997,4,"1997Q4",1997.75,12,21,0.06666551684,0.4411625755,0.2030565549,0.3340657436,0.3011240541,1.513264543,0.6268184725,0,0
"Sweden",1998,1,"1998Q1",1998,13,21,0.06921730782,0.4433689218,0.2069752981,0.3355732956,0.3146649676,-0.2243940654,0.6298051009,0,0
"Sweden",1998,2,"1998Q2",1998.25,14,21,0.08527261769,0.4416621049,0.2091103785,0.3358632318,0.3140051284,1.29665504,0.6317267001,0,0
"Sweden",1998,3,"1998Q3",1998.5,15,21,0.0905216647,0.4432763447,0.2115285669,0.3409465293,0.3140726527,-0.3067242949,0.6369752829,0,0
"Sweden",1998,4,"1998Q4",1998.75,16,21,0.1015251723,0.4441677263,0.2123643069,0.3486297727,0.3146690316,0.3145912621,0.6419729365,0,0
"Sweden",1999,1,"1999Q1",1999,17,21,0.1162257331,0.4394524054,0.2148452308,0.3398616914,0.3116652501,0.8279252059,0.6460084845,0,0
"Sweden",1999,2,"1999Q2",1999.25,18,21,0.1193957625,0.4400690017,0.2126404167,0.3487053557,0.3132670542,-0.3520919125,0.6502447244,0,0
"Sweden",1999,3,"1999Q3",1999.5,19,21,0.1293161083,0.4416432652,0.2196092178,0.3540763263,0.3189760313,1.222939839,0.6486446081,0,0
"Sweden",1999,4,"1999Q4",1999.75,20,21,0.1474427304,0.446416876,0.2117513885,0.3520220825,0.3192296386,1.419591401,0.6510984948,0,0
"Sweden",2000,1,"2000Q1",2000,21,21,0.1546789131,0.446915211,0.2128370638,0.3585090411,0.3291043162,0.1281947522,0.6545885086,0,0
"Sweden",2000,2,"2000Q2",2000.25,22,21,0.1761975095,0.4447669502,0.2186109089,0.3683873611,0.3359569465,0.9333648536,0.6622106899,0,0
"Sweden",2000,3,"2000Q3",2000.5,23,21,0.1848550538,0.4427672987,0.2193456565,0.3776310103,0.3459831297,0.8133685208,0.6621552267,0,0
"Sweden",2000,4,"2000Q4",2000.75,24,21,0.1876553876,0.4407712066,0.2214878223,0.3837072209,0.3377422095,-0.9300811145,0.6698098769,0,0
"Sweden",2001,1,"2001Q1",2001,25,21,0.1851952824,0.4422156781,0.2180891347,0.3728134102,0.3411849858,-0.77635221,0.6726699878,0,0
"Sweden",2001,2,"2001Q2",2001.25,26,21,0.1895348234,0.4419918391,0.2193327161,0.3662879598,0.3268531647,0.3026685949,0.6728526203,0,0
"Sweden",2001,3,"2001Q3",2001.5,27,21,0.1956349882,0.4395434011,0.2193072877,0.3674684955,0.3190331859,0.4819681289,0.6730142446,0,0
"Sweden",2001,4,"2001Q4",2001.75,28,21,0.201643212,0.4351750534,0.2244613085,0.3704624613,0.3184068605,0.5158030134,0.6728870367,0,0
"Sweden",2002,1,"2002Q1",2002,29,21,0.2012877663,0.4424875847,0.2048903848,0.3732476528,0.3231038,-0.3130772302,0.6738202824,0,0
"Sweden",2002,2,"2002Q2",2002.25,30,21,0.2150284544,0.439691759,0.2149276393,0.3710171473,0.3156699242,1.601083663,0.671360232,0,0
"Sweden",2002,3,"2002Q3",2002.5,31,21,0.2168968802,0.4402084621,0.2116506419,0.3585146893,0.3094325144,0.2274078968,0.6701587927,0,0
"Sweden",2002,4,"2002Q4",2002.75,32,21,0.2213108705,0.4447215902,0.2121829721,0.36286792,0.3141168722,0.2578383614,0.6704617822,0,0
"Sweden",2003,1,"2003Q1",2003,33,21,0.2331717565,0.4396022076,0.2137187243,0.3684620336,0.3203757349,1.269413973,0.6688325672,0,0
"Sweden",2003,2,"2003Q2",2003.25,34,21,0.2289418409,0.4424341382,0.2103144753,0.3729603314,0.3195305509,-0.4168731975,0.667724347,0,0
"Sweden",2003,3,"2003Q3",2003.5,35,21,0.2424251488,0.4419371102,0.2094709938,0.3726082165,0.3172829808,1.676209983,0.6644781868,0,0
"Sweden",2003,4,"2003Q4",2003.75,36,21,0.2484648853,0.4411860336,0.2111464222,0.3783672285,0.3232620935,0.8044476335,0.6620924898,0,0
"Sweden",2004,1,"2004Q1",2004,37,21,0.2638616536,0.4397596514,0.2081372411,0.3853495693,0.3172580706,1.595050799,0.6605729705,0,0
"Sweden",2004,2,"2004Q2",2004.25,38,21,0.2709936003,0.4348056944,0.2117159922,0.401768155,0.3279940021,0.7616720549,0.6591043935,0,0
"Sweden",2004,3,"2004Q3",2004.5,39,21,0.2795967237,0.4358064257,0.2152874819,0.3946890099,0.3280209123,0.7064969204,0.6589727782,0,0
"Sweden",2004,4,"2004Q4",2004.75,40,21,0.2878240006,0.4346915636,0.2190381543,0.3970000022,0.3319537407,0.9919376656,0.6567183783,0,0
"Sweden",2005,1,"2005Q1",2005,41,21,0.2888766275,0.4367547349,0.2160376239,0.3980753777,0.3312396332,-0.07470551194,0.65666441,0,0
"Sweden",2005,2,"2005Q2",2005.25,42,21,0.2996070764,0.4348935294,0.2185086473,0.4061285797,0.337628846,1.036936456,0.6556688446,0,0
"Sweden",2005,3,"2005Q3",2005.5,43,21,0.3089881137,0.4365051419,0.222384204,0.4158255862,0.339686823,0.8390645543,0.6550892168,0,0
"Sweden",2005,4,"2005Q4",2005.75,44,21,0.3156582635,0.4359274991,0.2166943075,0.4170711084,0.3493352046,-0.01971581706,0.6583702372,0,0
"Sweden",2006,1,"2006Q1",2006,45,21,0.3350201051,0.428286529,0.2213627056,0.4241130401,0.3438570091,1.746597651,0.6579430307,0,0
"Sweden",2006,2,"2006Q2",2006.25,46,21,0.3464035721,0.4287474376,0.2297797925,0.4186299372,0.3484171263,0.6284783001,0.6596296439,0,0
"Sweden",2006,3,"2006Q3",2006.5,47,21,0.359495085,0.4240012265,0.2287289683,0.4227465998,0.3507708706,0.2117775617,0.6652215857,0,0
"Sweden",2006,4,"2006Q4",2006.75,48,21,0.3652655387,0.4270230195,0.2323299461,0.4368571132,0.3629852758,0.06709350258,0.6669359658,0,0
"Sweden",2007,1,"2007Q1",2007,49,21,0.3738628597,0.426509185,0.2379886649,0.4257350726,0.3592981381,0.1310638437,0.6698843353,0,0
"Sweden",2007,2,"2007Q2",2007.25,50,21,0.3810302917,0.4265180806,0.239084681,0.429259669,0.3604198734,0.2881136834,0.670835498,0,0
"Sweden",2007,3,"2007Q3",2007.5,51,21,0.3887049764,0.4305368733,0.2366217213,0.4297650496,0.3724799245,0.0274224791,0.6738888555,0,0
"Sweden",2007,4,"2007Q4",2007.75,52,21,0.4015236713,0.4297941319,0.2405368352,0.4371460657,0.3732546407,1.016234072,0.6737576575,0,0
"Sweden",2008,1,"2008Q1",2008,53,21,0.3880889483,0.4311143408,0.2447540399,0.4519370323,0.3885679421,-1.797212062,0.674859842,0,0
"Sweden",2008,2,"2008Q2",2008.25,54,21,0.3901796723,0.4302098957,0.2391069747,0.4421565464,0.3858782336,-0.07419646613,0.6748181596,0,0
"Sweden",2008,3,"2008Q3",2008.5,55,21,0.3879419777,0.4281559706,0.2365205333,0.4391704569,0.3811046721,0.04281429555,0.6710819914,0,0
"Sweden",2008,4,"2008Q4",2008.75,56,21,0.3498234031,0.4398918728,0.2438980984,0.4284546904,0.3718079404,-3.493635745,0.6670275232,0,0
"Sweden",2009,1,"2009Q1",2009,57,21,0.3243409276,0.4527728957,0.2237004566,0.4012286533,0.3507689615,-1.668247129,0.6592921724,0,0
"Sweden",2009,2,"2009Q2",2009.25,58,21,0.3248085577,0.4585277738,0.2202120147,0.3899792909,0.3307477526,0.8353757578,0.65224766,0,0
"Sweden",2009,3,"2009Q3",2009.5,59,21,0.3255673163,0.4596483846,0.2177523156,0.3989383567,0.3487573703,0.9155175885,0.6449544698,0,0
"Sweden",2009,4,"2009Q4",2009.75,60,21,0.3312177357,0.4581989171,0.2194424091,0.4010226184,0.3547269281,0.1844721156,0.6455775342,0,0
"Sweden",2010,1,"2010Q1",2010,61,21,0.3546274455,0.4576150577,0.2118372031,0.4056435005,0.3575631815,2.33130803,0.6439377079,0,0
"Sweden",2010,2,"2010Q2",2010.25,62,21,0.3762471185,0.4481436318,0.2167009043,0.4169503276,0.366049296,1.58832646,0.6459392125,0,0
"Sweden",2010,3,"2010Q3",2010.5,63,21,0.3889996846,0.4480149621,0.2257617995,0.4226818947,0.3770848037,0.7813374305,0.6474350666,0,0
"Sweden",2010,4,"2010Q4",2010.75,64,21,0.4072014708,0.4426396262,0.2253886088,0.4311362301,0.3707963484,1.197055135,0.6497778471,0,0
"Sweden",2011,1,"2011Q1",2011,65,21,0.4062046562,0.4442684938,0.2215783601,0.4309729959,0.3853484768,-1.100249719,0.6550282009,0,0
"Sweden",2011,2,"2011Q2",2011.25,66,21,0.4091544141,0.4471845417,0.2324483536,0.4307098859,0.3860503796,-0.07839206406,0.6561949143,0,0
"Sweden",2011,3,"2011Q3",2011.5,67,21,0.418840705,0.4410831891,0.2283629016,0.4398477803,0.3829069355,0.8404027074,0.6557567074,0,0
"Sweden",2011,4,"2011Q4",2011.75,68,21,0.4019565737,0.4480569588,0.2246257154,0.4321699809,0.3843401217,-1.939347074,0.6561259032,0,0
"Sweden",2012,1,"2012Q1",2012,69,21,0.4060961603,0.4484706229,0.2333932582,0.4426473633,0.3908452387,0.4520255779,0.6548298319,0,0
"Sweden",2012,2,"2012Q2",2012.25,70,21,0.4124694481,0.4466264101,0.22640218,0.4459330475,0.3881109578,0.2930992972,0.6560412181,0,0
"Sweden",2012,3,"2012Q3",2012.5,71,21,0.4116719115,0.4487784211,0.2206672085,0.4376520106,0.3899579196,-0.08333315367,0.6550213777,0,0
"Sweden",2012,4,"2012Q4",2012.75,72,21,0.4068663257,0.4525933839,0.2279537999,0.4339315234,0.3849513511,-0.7215216926,0.655559121,0,0
"Sweden",2013,1,"2013Q1",2013,73,21,0.418641172,0.4492241028,0.2219991861,0.4283703309,0.3773270525,0.9050457091,0.6562804578,0,0
"Sweden",2013,2,"2013Q2",2013.25,74,21,0.4150249946,0.4525809933,0.2246641187,0.4361396288,0.3870661265,-0.6794745083,0.6573027846,0,0
"Sweden",2013,3,"2013Q3",2013.5,75,21,0.421969047,0.4537698461,0.2289771864,0.4339856858,0.3844111437,0.4051602708,0.6581401006,0,0
"Sweden",2013,4,"2013Q4",2013.75,76,21,0.4298426193,0.4522242409,0.2271775086,0.4268298966,0.3839324684,0.2782526415,0.6604306337,0,0
"Sweden",2014,1,"2014Q1",2014,77,21,0.4369609627,0.4492665638,0.2305850309,0.4412990478,0.3914651543,0.771014269,0.6588734294,0,0
"Sweden",2014,2,"2014Q2",2014.25,78,21,0.4444228084,0.4523079163,0.229547192,0.4431350722,0.3991341602,0.158757717,0.6615860091,0,0
"Sweden",2014,3,"2014Q3",2014.5,79,21,0.448760787,0.4495249814,0.2316173525,0.4437217421,0.3959413571,-0.4888317811,0.666542352,0,0
"Sweden",2014,4,"2014Q4",2014.75,80,21,0.4619971654,0.4473614603,0.2361389713,0.4430860292,0.4018444033,1.450056602,0.6645299735,0,0
"Sweden",2015,1,"2015Q1",2015,81,21,0.4725098037,0.4466959023,0.235351759,0.4428694382,0.3984105457,0.7382875534,0.6654049282,0,0
"Sweden",2015,2,"2015Q2",2015.25,82,21,0.481312426,0.4457873375,0.2372353352,0.4441567842,0.3931535231,0.7646188564,0.6649697238,0,0
"Sweden",2015,3,"2015Q3",2015.5,83,21,0.4960372684,0.4430333335,0.2339541857,0.4505228662,0.4010102499,0.7388143416,0.668656711,0,0
"Sweden",2015,4,"2015Q4",2015.75,84,21,0.5071000617,0.4426221543,0.2398437591,0.4509785749,0.4057304512,0.6826021769,0.670285274,0,0
"Sweden",2016,1,"2016Q1",2016,85,21,0.5079607975,0.4467310607,0.238035346,0.4464379791,0.4052510163,-0.0738805188,0.6695062153,0,0
"Sweden",2016,2,"2016Q2",2016.25,86,21,0.5104749003,0.4451304705,0.2406713908,0.4415963154,0.4032003788,-0.3940036207,0.6719874747,0,0
"Sweden",2016,3,"2016Q3",2016.5,87,21,0.5153646494,0.446143261,0.2402711443,0.4495432739,0.4052922405,0.7158925942,0.6686248946,0,0
"Sweden",2016,4,"2016Q4",2016.75,88,21,0.5204854458,0.4456286174,0.2408098109,0.4529931983,0.4081034362,-0.4376683941,0.6731585557,0,0
"Sweden",2017,1,"2017Q1",2017,89,21,0.5245196047,0.4475218633,0.2459611456,0.448066567,0.41171732,-0.4505934952,0.6770904337,0,0
"Sweden",2017,2,"2017Q2",2017.25,90,21,0.5359118141,0.4446835984,0.2479308859,0.4543081374,0.4152898071,0.7625073679,0.677807409,0,0
"Sweden",2017,3,"2017Q3",2017.5,91,21,0.5401124581,0.4448915347,0.2546545459,0.4520590043,0.4185478409,-0.06390870201,0.6792582875,0,0
"Sweden",2017,4,"2017Q4",2017.75,92,21,0.5469716704,0.4451843731,0.2498158344,0.4592164058,0.4200064328,0.3177086931,0.6799296799,0,0
"Sweden",2018,1,"2018Q1",2018,93,21,0.5524496148,0.4449253217,0.2545632936,0.4567842528,0.4213966383,-0.05677487934,0.682967427,0,0
"Sweden",2018,2,"2018Q2",2018.25,94,21,0.5600693536,0.4453199137,0.2513346805,0.4551422749,0.4215030346,0.480346279,0.6838086001,0,0
"Sweden",2018,3,"2018Q3",2018.5,95,21,0.563586582,0.4455313986,0.2504573811,0.4576261458,0.4217032088,0.1120103762,0.6843656144,0,0
"Sweden",2018,4,"2018Q4",2018.75,96,21,0.5692185725,0.4472869842,0.2490629502,0.4583755822,0.4220846224,0.3909559306,0.6844628374,0,0
"Sweden",2019,1,"2019Q1",2019,97,21,0.5736234412,0.4482315387,0.2481366128,0.4608022466,0.4240115492,0.2682437538,0.6847050302,0,0
"Sweden",2019,2,"2019Q2",2019.25,98,21,0.5780531081,0.4491669492,0.2472864524,0.4630630696,0.4258339377,0.2830945579,0.6848638603,0,0
"Sweden",2019,3,"2019Q3",2019.5,99,21,0.582557115,0.4500708522,0.2466554257,0.465132202,0.4276323674,0.2905285473,0.6850240052,0,0
"Sweden",2019,4,"2019Q4",2019.75,100,21,0.5871040995,0.4509571928,0.2461037034,0.4670213821,0.4294107172,0.294826317,0.6851854624,0,0
"Sweden",2020,1,"2020Q1",2020,101,21,0.5917070991,0.4517098795,0.2459118804,0.4685858708,0.4310774281,0.310412346,0.6853905637,0,0
"Sweden",2020,2,"2020Q2",2020.25,102,21,0.5968182622,0.4522339553,0.246156357,0.4698598332,0.432530756,0.361228704,0.6855967119,0,0
"Sweden",2020,3,"2020Q3",2020.5,103,21,0.6019423236,0.4527527995,0.2464213244,0.4711197667,0.433983386,0.362518521,0.6858039054,0,0
"Sweden",2020,4,"2020Q4",2020.75,104,21,0.6070563727,0.4532767771,0.2467129001,0.4723534641,0.4354452542,0.3615172988,0.6860121427,0,0
"Switzerland",1995,1,"1995Q1",1995,1,22,-0.005743460001,0.57506071,0.2359105666,0.4349634987,0.3959259076,-0.7216049393,0.7023809471,0,0
"Switzerland",1995,2,"1995Q2",1995.25,2,22,-0.003124420456,0.5747220206,0.2328808688,0.4323385704,0.4100981016,0.3477012193,0.7007861739,0,0
"Switzerland",1995,3,"1995Q3",1995.5,3,22,0.003877974863,0.5727241391,0.2280153348,0.4291052922,0.3884676511,1.22480817,0.6961352667,0,0
"Switzerland",1995,4,"1995Q4",1995.75,4,22,0.004948773061,0.5717524632,0.2292506118,0.4338315932,0.391669061,-0.1485335032,0.6969327936,0,0
"Switzerland",1996,1,"1996Q1",1996,5,22,0.007477014353,0.5750531256,0.2293664548,0.4436204294,0.4074566586,0.2569021872,0.6965305204,0,0
"Switzerland",1996,2,"1996Q2",1996.25,6,22,0.004779245201,0.5766325141,0.2291797187,0.4312447447,0.4082656505,-1.306226881,0.7034099097,0,0
"Switzerland",1996,3,"1996Q3",1996.5,7,22,0.001848669057,0.5786154131,0.228344894,0.442431222,0.4054856623,1.154873729,0.6929268783,0,0
"Switzerland",1996,4,"1996Q4",1996.75,8,22,0.007164632288,0.5780765288,0.2256945311,0.4549478787,0.4186840082,0.28381303,0.6942739221,0,0
"Switzerland",1997,1,"1997Q1",1997,9,22,0.01475521786,0.5753130458,0.2258192965,0.4837151746,0.4324667964,2.342350293,0.6832163767,0,0
"Switzerland",1997,2,"1997Q2",1997.25,10,22,0.02183549376,0.5745184823,0.2307375219,0.4913377877,0.4514691468,-1.440260662,0.6978976729,0,0
"Switzerland",1997,3,"1997Q3",1997.5,11,22,0.03363781805,0.5708085215,0.2302369151,0.4957100453,0.4387146167,1.460162831,0.6957923257,0,0
"Switzerland",1997,4,"1997Q4",1997.75,12,22,0.04277699171,0.5710047757,0.2313851117,0.5169584488,0.4479887282,0.6742863179,0.6973069063,0,0
"Switzerland",1998,1,"1998Q1",1998,13,22,0.04974696998,0.5676012356,0.2356971849,0.4964578621,0.4598508739,-0.1122858051,0.7025754187,0,0
"Switzerland",1998,2,"1998Q2",1998.25,14,22,0.06149494619,0.5654259118,0.2364045622,0.5040093769,0.4482898366,-0.195075878,0.7118634334,0,0
"Switzerland",1998,3,"1998Q3",1998.5,15,22,0.06048866152,0.5679020696,0.2398926899,0.4888812722,0.4293246285,-0.4981842047,0.7142953704,0,0
"Switzerland",1998,4,"1998Q4",1998.75,16,22,0.05709736052,0.5735313,0.2414693885,0.4911505204,0.4630855855,-0.5052734228,0.7150791463,0,0
"Switzerland",1999,1,"1999Q1",1999,17,22,0.0577281269,0.5750188949,0.2407826803,0.4895631655,0.4443246424,-0.6415832254,0.7192894048,0,0
"Switzerland",1999,2,"1999Q2",1999.25,18,22,0.06679226724,0.5723382094,0.2391686534,0.5011271375,0.4543146119,1.074158085,0.7172408411,0,0
"Switzerland",1999,3,"1999Q3",1999.5,19,22,0.07299962222,0.5727489313,0.2411998398,0.5117298158,0.4561880939,0.2554349191,0.7190216066,0,0
"Switzerland",1999,4,"1999Q4",1999.75,20,22,0.09635937022,0.5633984842,0.2393609388,0.5063740497,0.4748921382,2.107754317,0.7198203775,0,0
"Switzerland",2000,1,"2000Q1",2000,21,22,0.1040858012,0.5600918295,0.2396692379,0.5231837714,0.4765358489,0.07360164115,0.723774657,0,0
"Switzerland",2000,2,"2000Q2",2000.25,22,22,0.1082480966,0.5606527813,0.2397919784,0.5513055344,0.4604332072,0.9788241812,0.7186284107,0,0
"Switzerland",2000,3,"2000Q3",2000.5,23,22,0.1159856731,0.559453767,0.2397828598,0.5435517758,0.473332194,0.2156776839,0.7215615951,0,0
"Switzerland",2000,4,"2000Q4",2000.75,24,22,0.125759122,0.5540638596,0.2442526403,0.5541492949,0.4906181034,0.05239957243,0.7271712474,0,0
"Switzerland",2001,1,"2001Q1",2001,25,22,0.1261398909,0.5586302159,0.2408958471,0.5531377478,0.497308442,-1.45705898,0.7368242732,0,0
"Switzerland",2001,2,"2001Q2",2001.25,26,22,0.1285743386,0.5617313187,0.2364681542,0.5318290694,0.4906639356,1.740012322,0.7246022802,0,0
"Switzerland",2001,3,"2001Q3",2001.5,27,22,0.1254963904,0.5649127729,0.2321246139,0.5220796503,0.4556198884,-2.207895602,0.7372051417,0,0
"Switzerland",2001,4,"2001Q4",2001.75,28,22,0.1250234429,0.5665658017,0.2284614364,0.5378934903,0.4499283959,0.2741542308,0.7335509541,0,0
"Switzerland",2002,1,"2002Q1",2002,29,22,0.1277104654,0.5649510004,0.2352005328,0.5137880234,0.4666853889,2.174924838,0.7179645055,0,0
"Switzerland",2002,2,"2002Q2",2002.25,30,22,0.1285679457,0.5639241373,0.236902387,0.5273396441,0.470434901,-1.087936203,0.7246929791,0,0
"Switzerland",2002,3,"2002Q3",2002.5,31,22,0.1301538534,0.5633231381,0.2328185557,0.5299677991,0.4585066303,0.03971735394,0.7238134722,0,0
"Switzerland",2002,4,"2002Q4",2002.75,32,22,0.1262976542,0.5651061595,0.2308291724,0.5247989223,0.4533175453,-1.044103858,0.7268507977,0,0
"Switzerland",2003,1,"2003Q1",2003,33,22,0.1193585042,0.5692289674,0.2316164198,0.5118714495,0.4684031466,-0.2406652676,0.7218577182,0,0
"Switzerland",2003,2,"2003Q2",2003.25,34,22,0.1214707335,0.5690492057,0.2290471183,0.5174075888,0.4532463478,0.785285469,0.7160373368,0,0
"Switzerland",2003,3,"2003Q3",2003.5,35,22,0.1311909527,0.5658795546,0.2314832948,0.5186223712,0.4652180803,0.02375828392,0.7211631292,0,0
"Switzerland",2003,4,"2003Q4",2003.75,36,22,0.1433431419,0.5613007879,0.2320410221,0.5242605963,0.4669542028,2.062598526,0.7134037253,0,0
"Switzerland",2004,1,"2004Q1",2004,37,22,0.1500371346,0.5614213247,0.2316848541,0.542890993,0.4594980603,0.7521812347,0.7111755893,0,0
"Switzerland",2004,2,"2004Q2",2004.25,38,22,0.1540900388,0.5610870998,0.2352018364,0.5583041657,0.4611175985,0.2351293313,0.7107536853,0,0
"Switzerland",2004,3,"2004Q3",2004.5,39,22,0.1566914254,0.560868704,0.2392107119,0.5485535186,0.4736290893,1.017750658,0.7037759377,0,0
"Switzerland",2004,4,"2004Q4",2004.75,40,22,0.158164919,0.5610038471,0.2390659045,0.5536691036,0.4773183873,-0.08975019158,0.7038367791,0,0
"Switzerland",2005,1,"2005Q1",2005,41,22,0.170182256,0.5573106642,0.2345848429,0.5713214891,0.4934068714,1.452422039,0.7005179521,0,0
"Switzerland",2005,2,"2005Q2",2005.25,42,22,0.18148449,0.553409613,0.2368008627,0.5768174888,0.5097275938,-0.03846650572,0.7071849308,0,0
"Switzerland",2005,3,"2005Q3",2005.5,43,22,0.191372546,0.5514793767,0.2379039349,0.5630351119,0.4926087126,2.020836996,0.6983791106,0,0
"Switzerland",2005,4,"2005Q4",2005.75,44,22,0.2002990028,0.5484662184,0.2383231606,0.5706341336,0.4971945106,0.3992196518,0.7002878265,0,0
"Switzerland",2006,1,"2006Q1",2006,45,22,0.2113848175,0.5433121699,0.2376185755,0.5712299377,0.4890757235,-0.5459185792,0.7104810478,0,0
"Switzerland",2006,2,"2006Q2",2006.25,46,22,0.2199000264,0.5407919007,0.2390141286,0.5717388947,0.4930019111,0.08235889497,0.7144722155,0,0
"Switzerland",2006,3,"2006Q3",2006.5,47,22,0.2281207875,0.5387039505,0.2377401652,0.584417038,0.482994948,0.2725369642,0.7169127008,0,0
"Switzerland",2006,4,"2006Q4",2006.75,48,22,0.2437252302,0.5320992629,0.2390724499,0.6071980786,0.5123596477,1.433206603,0.7163331621,0,0
"Switzerland",2007,1,"2007Q1",2007,49,22,0.2522861794,0.5320012016,0.2409155086,0.6093630339,0.4916623915,-0.08954626492,0.7211270238,0,0
"Switzerland",2007,2,"2007Q2",2007.25,50,22,0.2631829968,0.5294869158,0.2408955143,0.631432774,0.5021328552,1.35633788,0.7172109425,0,0
"Switzerland",2007,3,"2007Q3",2007.5,51,22,0.2712541565,0.5283777752,0.2393563732,0.6533780729,0.5134602851,0.07257733313,0.7204992296,0,0
"Switzerland",2007,4,"2007Q4",2007.75,52,22,0.2775416132,0.5284141533,0.2390961539,0.6010022123,0.5028567458,-0.1567086834,0.7241767616,0,0
"Switzerland",2008,1,"2008Q1",2008,53,22,0.286422663,0.5233019199,0.236368245,0.6310975541,0.5281301221,0.9460067873,0.721064285,0,0
"Switzerland",2008,2,"2008Q2",2008.25,54,22,0.2928232342,0.5227957817,0.2389961249,0.644042982,0.4972815627,-0.1101941553,0.7238009753,0,0
"Switzerland",2008,3,"2008Q3",2008.5,55,22,0.2939744844,0.5239437063,0.2360465933,0.6668437554,0.5139921106,-0.00813207511,0.7220168138,0,0
"Switzerland",2008,4,"2008Q4",2008.75,56,22,0.2746489542,0.5343443151,0.2375255109,0.5932887537,0.5259131653,-2.534847149,0.7237054039,0,0
"Switzerland",2009,1,"2009Q1",2009,57,22,0.2589612797,0.5452900283,0.223708202,0.5593457532,0.549503175,-2.324364178,0.7265495754,0,0
"Switzerland",2009,2,"2009Q2",2009.25,58,22,0.2588523237,0.5464633598,0.2228084612,0.5821233164,0.4836229858,0.9595543433,0.7169325179,0,0
"Switzerland",2009,3,"2009Q3",2009.5,59,22,0.2687504948,0.5438213703,0.2255291847,0.5871068309,0.4958602708,-0.2553284044,0.7233012005,0,0
"Switzerland",2009,4,"2009Q4",2009.75,60,22,0.271234444,0.5451161831,0.2269606423,0.6061245884,0.503363126,1.107062227,0.7145440073,0,0
"Switzerland",2010,1,"2010Q1",2010,61,22,0.2814266318,0.542941713,0.2264813193,0.6475253127,0.5149474903,2.754745845,0.7000575114,0,0
"Switzerland",2010,2,"2010Q2",2010.25,62,22,0.2911920437,0.5378332461,0.2273402349,0.627919607,0.5397626424,0.1793848915,0.7034641913,0,0
"Switzerland",2010,3,"2010Q3",2010.5,63,22,0.2956073953,0.5396579746,0.2287981661,0.6231403349,0.535799141,0.2571369856,0.7025759878,0,0
"Switzerland",2010,4,"2010Q4",2010.75,64,22,0.3025897988,0.5364783607,0.231979794,0.6569074934,0.5403684909,0.2564322905,0.7035042209,0,0
"Switzerland",2011,1,"2011Q1",2011,65,22,0.307380574,0.5322587204,0.233152659,0.6971019894,0.5710012846,-0.4378856873,0.7079242515,0,0
"Switzerland",2011,2,"2011Q2",2011.25,66,22,0.3122459983,0.5315258099,0.2311429517,0.6589105622,0.5453026101,-0.04856294307,0.7096629687,0,0
"Switzerland",2011,3,"2011Q3",2011.5,67,22,0.3090370935,0.5344362664,0.2339784195,0.6361028895,0.5774986696,-0.2272759265,0.7069531563,0,0
"Switzerland",2011,4,"2011Q4",2011.75,68,22,0.3151232599,0.5359889615,0.2384410267,0.6473523312,0.5931951636,-0.2943755398,0.7113133439,0,0
"Switzerland",2012,1,"2012Q1",2012,69,22,0.3160268191,0.5410825003,0.2420700973,0.6473377993,0.553963002,0.06409642462,0.7094542395,0,0
"Switzerland",2012,2,"2012Q2",2012.25,70,22,0.3185034079,0.5399491841,0.2396129812,0.6497692976,0.5377339969,-0.009156855527,0.7092391566,0,0
"Switzerland",2012,3,"2012Q3",2012.5,71,22,0.3236476739,0.5391343317,0.2376134682,0.6797496529,0.5757137682,-0.2245283908,0.7124567338,0,0
"Switzerland",2012,4,"2012Q4",2012.75,72,22,0.3256610678,0.5418536599,0.2393695373,0.665542626,0.539353472,0.7240549532,0.7067217722,0,0
"Switzerland",2013,1,"2013Q1",2013,73,22,0.3297857623,0.5449357438,0.2375086011,0.6901397321,0.5903122454,-0.03947070626,0.7078079699,0,0
"Switzerland",2013,2,"2013Q2",2013.25,74,22,0.3376187742,0.5439924829,0.2375609318,0.8484323598,0.6726651455,0.6024579858,0.7069829196,0,0
"Switzerland",2013,3,"2013Q3",2013.5,75,22,0.3445849176,0.5435104251,0.2350882256,0.7437434861,0.6180962972,0.2883856777,0.7077726049,0,0
"Switzerland",2013,4,"2013Q4",2013.75,76,22,0.3463239389,0.5455450542,0.2367766848,0.7062165579,0.579148765,-0.300685505,0.7090397424,0,0
"Switzerland",2014,1,"2014Q1",2014,77,22,0.353691941,0.5409160193,0.2394318403,0.7212967454,0.5883017121,0.8696347204,0.7060033668,0,0
"Switzerland",2014,2,"2014Q2",2014.25,78,22,0.3596829142,0.539228027,0.2368555475,0.6563919014,0.5220476688,-0.4585324248,0.7114049594,0,0
"Switzerland",2014,3,"2014Q3",2014.5,79,22,0.3674845192,0.5371774281,0.2357801811,0.6549289289,0.5401654827,0.4773138029,0.7114637931,0,0
"Switzerland",2014,4,"2014Q4",2014.75,80,22,0.3755922929,0.5352419798,0.2389310071,0.7047672375,0.5644264203,-0.3615306132,0.7177422278,0,0
"Switzerland",2015,1,"2015Q1",2015,81,22,0.3724098524,0.5392370595,0.2378265808,0.6872483088,0.581768295,-0.5904162755,0.7178542374,0,0
"Switzerland",2015,2,"2015Q2",2015.25,82,22,0.3726849405,0.5421810251,0.2415849466,0.6663331752,0.5456211863,0.2485080564,0.7144388674,0,0
"Switzerland",2015,3,"2015Q3",2015.5,83,22,0.3789791591,0.5412961746,0.2412841491,0.7003280016,0.5652932775,0.5386008671,0.7132650323,0,0
"Switzerland",2015,4,"2015Q4",2015.75,84,22,0.3827622572,0.5398045548,0.2400764195,0.7163755522,0.5892230866,0.02831687552,0.713945705,0,0
"Switzerland",2016,1,"2016Q1",2016,85,22,0.3884932155,0.5393770185,0.2434884925,0.6880319117,0.5958420637,-0.3632802378,0.7191332643,0,0
"Switzerland",2016,2,"2016Q2",2016.25,86,22,0.3915952173,0.5396296324,0.2455201504,0.7311314096,0.5821481157,0.3245623043,0.7175076276,0,0
"Switzerland",2016,3,"2016Q3",2016.5,87,22,0.3955730086,0.5388334586,0.2439589578,0.7150287036,0.5782395832,-0.08547016269,0.7194600976,0,0
"Switzerland",2016,4,"2016Q4",2016.75,88,22,0.3941888567,0.5435598531,0.2448012399,0.775396793,0.6230809944,-0.2935924258,0.7190581981,0,0
"Switzerland",2017,1,"2017Q1",2017,89,22,0.3980787862,0.5416648514,0.2489328858,0.6983737847,0.5903364946,0.4947084854,0.7170994591,0,0
"Switzerland",2017,2,"2017Q2",2017.25,90,22,0.4053645623,0.5384208231,0.2477929505,0.7212985097,0.5786834615,0.1805419387,0.719838653,0,0
"Switzerland",2017,3,"2017Q3",2017.5,91,22,0.4121687432,0.5370534879,0.2484267675,0.7110591259,0.5908253882,0.4993250879,0.7199436834,0,0
"Switzerland",2017,4,"2017Q4",2017.75,92,22,0.4201905798,0.5335092128,0.2486446902,0.7272686883,0.5646780374,0.9923666179,0.7173823034,0,0
"Switzerland",2018,1,"2018Q1",2018,93,22,0.4299968895,0.5304004592,0.249254309,0.7064456423,0.5574107991,0.1816062553,0.7221928247,0,0
"Switzerland",2018,2,"2018Q2",2018.25,94,22,0.437174051,0.5281790817,0.2477556416,0.7051926457,0.5515709096,0.6327760425,0.7218636781,0,0
"Switzerland",2018,3,"2018Q3",2018.5,95,22,0.4403617828,0.5280973512,0.2487935466,0.7029482598,0.5652365435,-0.117795385,0.7240775007,0,0
"Switzerland",2018,4,"2018Q4",2018.75,96,22,0.4434790977,0.5282040918,0.2498503762,0.7023317778,0.5659959763,-0.05344683158,0.7257810235,0,0
"Switzerland",2019,1,"2019Q1",2019,97,22,0.4470750914,0.5282454683,0.2508851453,0.7032838456,0.5679265089,0.02471262271,0.7273884326,0,0
"Switzerland",2019,2,"2019Q2",2019.25,98,22,0.4511567845,0.5281664152,0.2517906152,0.705614166,0.5707739882,0.1829059471,0.7282016254,0,0
"Switzerland",2019,3,"2019Q3",2019.5,99,22,0.455209826,0.5281946921,0.2525883713,0.7079724922,0.5736521801,0.1476574084,0.7292527843,0,0
"Switzerland",2019,4,"2019Q4",2019.75,100,22,0.4592221535,0.5283002071,0.2532332191,0.7101951396,0.5764293101,0.1938262181,0.7299395834,0,0
"Switzerland",2020,1,"2020Q1",2020,101,22,0.4632911035,0.5284030102,0.2537761201,0.7123225679,0.5790472728,0.01679599189,0.7320465476,0,0
"Switzerland",2020,2,"2020Q2",2020.25,102,22,0.4673060052,0.5285412999,0.254259223,0.7144071982,0.5817085649,0.05457407527,0.7338433912,0,0
"Switzerland",2020,3,"2020Q3",2020.5,103,22,0.4712037473,0.5287341915,0.2547541924,0.7165967359,0.5844505583,0.03021187048,0.7357384437,0,0
"Switzerland",2020,4,"2020Q4",2020.75,104,22,0.4752688778,0.5288535144,0.2551608155,0.7187452952,0.5869653287,0.161351381,0.7367957698,0,0
"United Kingdom",1995,1,"1995Q1",1995,1,23,-0.008314198964,0.6226761158,0.1763143069,0.2083173286,0.1793488003,0.04818553977,0.6024394544,1,0
"United Kingdom",1995,2,"1995Q2",1995.25,2,23,-0.004713228212,0.623990942,0.1759739742,0.2049787105,0.1851595516,-0.02870590289,0.6045200191,1,0
"United Kingdom",1995,3,"1995Q3",1995.5,3,23,0.005062299923,0.6210002685,0.1755570646,0.2099300412,0.1874074191,0.6598585399,0.6061766892,1,0
"United Kingdom",1995,4,"1995Q4",1995.75,4,23,0.007875640537,0.6258192733,0.1759772225,0.212159102,0.1884241922,-0.2202682559,0.6089569086,1,0
"United Kingdom",1996,1,"1996Q1",1996,5,23,0.01685235305,0.6288291663,0.1790398602,0.2151762025,0.1946249649,0.9438677417,0.6085416507,1,0
"United Kingdom",1996,2,"1996Q2",1996.25,6,23,0.02003111415,0.6298298018,0.184458135,0.217853698,0.1962755531,0.1678154795,0.6093213693,1,0
"United Kingdom",1996,3,"1996Q3",1996.5,7,23,0.02683760579,0.6312035478,0.1816647867,0.2192159711,0.1987916622,0.4770808892,0.6104286552,1,0
"United Kingdom",1996,4,"1996Q4",1996.75,8,23,0.03631401738,0.6332339454,0.1733789253,0.2226126992,0.201116737,0.4271654338,0.6134790664,1,0
"United Kingdom",1997,1,"1997Q1",1997,9,23,0.0554071479,0.6310671156,0.1613632746,0.2239648249,0.1990461403,1.213214842,0.6175018987,1,0
"United Kingdom",1997,2,"1997Q2",1997.25,10,23,0.06420713412,0.6328437122,0.1697379624,0.2300465011,0.2067632016,0.3771144921,0.6203514576,1,0
"United Kingdom",1997,3,"1997Q3",1997.5,11,23,0.06910127272,0.6390296071,0.1718154725,0.2303305545,0.2101530422,0.270900417,0.6214445573,1,0
"United Kingdom",1997,4,"1997Q4",1997.75,12,23,0.0794195298,0.6315462315,0.1749923033,0.2380613098,0.2126079371,0.7912602641,0.622676993,1,0
"United Kingdom",1998,1,"1998Q1",1998,13,23,0.08698783295,0.6359771393,0.1744818796,0.2331381713,0.2139731002,0.6030216451,0.623224144,1,0
"United Kingdom",1998,2,"1998Q2",1998.25,14,23,0.09601444087,0.6363961449,0.1767811929,0.2317468465,0.2194069708,0.7640606304,0.623677188,1,0
"United Kingdom",1998,3,"1998Q3",1998.5,15,23,0.1034414728,0.641562687,0.1757593453,0.2283775158,0.2189084206,0.294506431,0.6260661145,1,0
"United Kingdom",1998,4,"1998Q4",1998.75,16,23,0.1131240264,0.6338356778,0.1805633515,0.2247339445,0.2188260108,0.5183484873,0.6284752117,1,0
"United Kingdom",1999,1,"1999Q1",1999,17,23,0.118758083,0.6417901612,0.1780294808,0.2245312751,0.2209934628,0.263355428,0.6296902518,1,0
"United Kingdom",1999,2,"1999Q2",1999.25,18,23,0.1193780651,0.6521147513,0.1768936694,0.2277756023,0.2250288061,-0.155991574,0.6303908473,1,0
"United Kingdom",1999,3,"1999Q3",1999.5,19,23,0.1370678065,0.6463600281,0.1787214844,0.2298073037,0.2275127735,1.316043135,0.6325773819,1,0
"United Kingdom",1999,4,"1999Q4",1999.75,20,23,0.1507219692,0.6451328424,0.172289706,0.2336039054,0.2317991815,0.9840443365,0.6343181475,1,0
"United Kingdom",2000,1,"2000Q1",2000,21,23,0.1591258941,0.6515871039,0.1767176027,0.233836557,0.2319332236,0.6940973836,0.634460224,1,0
"United Kingdom",2000,2,"2000Q2",2000.25,22,23,0.1652206924,0.6490890988,0.1850784425,0.2391297328,0.238236323,0.2228297096,0.6361304408,1,0
"United Kingdom",2000,3,"2000Q3",2000.5,23,23,0.1680234669,0.6534899759,0.1697450443,0.2396680021,0.241771836,-0.03595420662,0.6373570547,1,0
"United Kingdom",2000,4,"2000Q4",2000.75,24,23,0.1696858306,0.6593297667,0.1742692346,0.2481481382,0.2493536902,0.1880133709,0.6364321725,1,0
"United Kingdom",2001,1,"2001Q1",2001,25,23,0.1828042196,0.6545893464,0.1702687982,0.2491948747,0.2499219994,1.043586727,0.6373396173,1,0
"United Kingdom",2001,2,"2001Q2",2001.25,26,23,0.1906422328,0.6544108002,0.1745719847,0.2408244967,0.2482094979,0.4801683388,0.638475222,1,0
"United Kingdom",2001,3,"2001Q3",2001.5,27,23,0.1980652017,0.6601148904,0.1707498086,0.2305673172,0.2419860527,0.7134274839,0.6378588443,1,0
"United Kingdom",2001,4,"2001Q4",2001.75,28,23,0.2025108256,0.6649875949,0.1626530543,0.2321396628,0.2395878972,0.1275478197,0.6390828993,1,0
"United Kingdom",2002,1,"2002Q1",2002,29,23,0.207249031,0.6654487939,0.1631794737,0.2370362343,0.2481828667,0.495403274,0.6379188556,1,0
"United Kingdom",2002,2,"2002Q2",2002.25,30,23,0.2138224693,0.6686404335,0.1704488653,0.2412635184,0.2574535332,0.1692754004,0.6400121057,1,0
"United Kingdom",2002,3,"2002Q3",2002.5,31,23,0.2213736645,0.6682634822,0.1701995044,0.2405043325,0.2541989549,0.747959784,0.6390333071,1,0
"United Kingdom",2002,4,"2002Q4",2002.75,32,23,0.2303014699,0.6664187252,0.1774487581,0.2315966505,0.2499703731,0.2682803334,0.6420088121,1,0
"United Kingdom",2003,1,"2003Q1",2003,33,23,0.2368533496,0.6664153344,0.1740104107,0.2436135729,0.2535182337,0.6943276135,0.6405841457,1,0
"United Kingdom",2003,2,"2003Q2",2003.25,34,23,0.2462751156,0.6710597169,0.1663213271,0.2359219326,0.251041602,0.4912215552,0.6423049789,1,0
"United Kingdom",2003,3,"2003Q3",2003.5,35,23,0.256449369,0.6700589036,0.1655588471,0.2327354546,0.249593472,0.9111967954,0.6418162516,1,0
"United Kingdom",2003,4,"2003Q4",2003.75,36,23,0.2644958857,0.6654881273,0.1633353233,0.2353683646,0.2534680003,0.6349203757,0.6417374163,1,0
"United Kingdom",2004,1,"2004Q1",2004,37,23,0.2699537408,0.6702460492,0.1679086664,0.2390213285,0.254557836,-0.0003462588971,0.6439363346,1,0
"United Kingdom",2004,2,"2004Q2",2004.25,38,23,0.2737778372,0.6728589983,0.1679389313,0.2424714284,0.2607756227,0.3437650158,0.6428746741,1,0
"United Kingdom",2004,3,"2004Q3",2004.5,39,23,0.2754253536,0.6754172642,0.1671081332,0.2427881081,0.265636712,-0.003704919556,0.642651117,1,0
"United Kingdom",2004,4,"2004Q4",2004.75,40,23,0.2779432401,0.6771086017,0.165699806,0.2514478869,0.2700173819,-0.2902560057,0.6448348176,1,0
"United Kingdom",2005,1,"2005Q1",2005,41,23,0.2873780737,0.6796167604,0.1673088922,0.2470194859,0.266810195,0.5397377288,0.645755371,1,0
"United Kingdom",2005,2,"2005Q2",2005.25,42,23,0.2984079151,0.6775652395,0.175114415,0.2547138035,0.2735101319,1.057838197,0.64436679,1,0
"United Kingdom",2005,3,"2005Q3",2005.5,43,23,0.3100394249,0.6709381213,0.1716435632,0.2554491314,0.2740583631,0.7266354831,0.6455069243,1,0
"United Kingdom",2005,4,"2005Q4",2005.75,44,23,0.3249102146,0.665918115,0.1674125422,0.2635329955,0.2775413863,1.653145982,0.6427685231,1,0
"United Kingdom",2006,1,"2006Q1",2006,45,23,0.3275698058,0.6643026762,0.1676381905,0.2916035634,0.3049318942,-0.314072882,0.6452466015,1,0
"United Kingdom",2006,2,"2006Q2",2006.25,46,23,0.3297955786,0.6672837421,0.1680438633,0.2981821004,0.3120925476,0.02310684187,0.6452763456,1,0
"United Kingdom",2006,3,"2006Q3",2006.5,47,23,0.3304367967,0.6709689782,0.1733197375,0.2627010578,0.2772823808,-0.2000791446,0.6457263832,1,0
"United Kingdom",2006,4,"2006Q4",2006.75,48,23,0.3339573016,0.6666515122,0.174824682,0.2636986691,0.2751849789,0.2458806503,0.6451588165,1,0
"United Kingdom",2007,1,"2007Q1",2007,49,23,0.3438577791,0.6673494008,0.1746464037,0.2659849828,0.2800838187,1.058531522,0.6433218605,1,0
"United Kingdom",2007,2,"2007Q2",2007.25,50,23,0.3510478436,0.666892366,0.1787091786,0.2668011924,0.2757710649,0.2815185696,0.644747138,1,0
"United Kingdom",2007,3,"2007Q3",2007.5,51,23,0.3594814918,0.6700532698,0.1719744376,0.2683142472,0.2808140256,0.509702054,0.6455080391,1,0
"United Kingdom",2007,4,"2007Q4",2007.75,52,23,0.3677676952,0.6642053608,0.1795456693,0.2760662179,0.2769606389,0.2997696891,0.6475355172,1,0
"United Kingdom",2008,1,"2008Q1",2008,53,23,0.3713214761,0.6620330528,0.1689342031,0.2684167537,0.2758095138,-0.00911775289,0.6485162964,1,0
"United Kingdom",2008,2,"2008Q2",2008.25,54,23,0.3638924297,0.6631751025,0.1731765806,0.2705020925,0.2770322293,-0.8708378667,0.6479668438,1,0
"United Kingdom",2008,3,"2008Q3",2008.5,55,23,0.3472865722,0.6665971316,0.1647466006,0.2751795576,0.2742150384,-1.181680245,0.6435038759,1,0
"United Kingdom",2008,4,"2008Q4",2008.75,56,23,0.3253321894,0.6707777602,0.163499084,0.2715706303,0.2695689657,-2.019489126,0.6410135728,1,0
"United Kingdom",2009,1,"2009Q1",2009,57,23,0.3085669246,0.6773618164,0.1573914747,0.2621745639,0.2599128906,-1.126384164,0.6363237807,1,0
"United Kingdom",2009,2,"2009Q2",2009.25,58,23,0.306669517,0.6706753287,0.1489629105,0.2562366699,0.2584839502,0.7648796011,0.6291206308,1,0
"United Kingdom",2009,3,"2009Q3",2009.5,59,23,0.3080911605,0.6739727817,0.1503422117,0.2587815677,0.2621080428,0.2040668245,0.6275786924,1,0
"United Kingdom",2009,4,"2009Q4",2009.75,60,23,0.3115469559,0.6764737334,0.1477964321,0.2621615841,0.266892316,0.23212093,0.6271414354,1,0
"United Kingdom",2010,1,"2010Q1",2010,61,23,0.3160467037,0.667276085,0.1525759883,0.2640324365,0.2698435106,0.7562642749,0.6238957288,1,0
"United Kingdom",2010,2,"2010Q2",2010.25,62,23,0.3245982057,0.672759438,0.1523231081,0.270124846,0.2784677973,0.2400808222,0.6264146392,1,0
"United Kingdom",2010,3,"2010Q3",2010.5,63,23,0.3303637961,0.6689214007,0.1561926098,0.2672350269,0.2805216078,-0.0824050472,0.629222679,1,0
"United Kingdom",2010,4,"2010Q4",2010.75,64,23,0.3316655991,0.6632369426,0.1578348993,0.2782154802,0.2846131763,0.337984969,0.6265914284,1,0
"United Kingdom",2011,1,"2011Q1",2011,65,23,0.3391335208,0.6554529871,0.1544353434,0.2839271096,0.2772558899,0.3485954344,0.6280666001,1,0
"United Kingdom",2011,2,"2011Q2",2011.25,66,23,0.3406091456,0.6523255,0.1530627683,0.2809297032,0.2721028066,0.127184812,0.6271728551,1,0
"United Kingdom",2011,3,"2011Q3",2011.5,67,23,0.3432971798,0.6516395935,0.1566087068,0.2802363735,0.2751107438,0.8477846745,0.6225395879,1,0
"United Kingdom",2011,4,"2011Q4",2011.75,68,23,0.3449555531,0.6524349116,0.160366923,0.285568146,0.2791267593,-0.04911745804,0.6228677715,1,0
"United Kingdom",2012,1,"2012Q1",2012,69,23,0.3514120248,0.6529137003,0.1601881781,0.2905680861,0.2792693578,0.2374833331,0.6245198931,1,0
"United Kingdom",2012,2,"2012Q2",2012.25,70,23,0.350873526,0.6543516159,0.1547315721,0.2784117831,0.2835210764,-0.7405565649,0.627924285,1,0
"United Kingdom",2012,3,"2012Q3",2012.5,71,23,0.3627114545,0.651963123,0.1525616899,0.2816069867,0.2792325974,0.8606799191,0.6290571497,1,0
"United Kingdom",2012,4,"2012Q4",2012.75,72,23,0.3604205838,0.6548840854,0.1612376913,0.2793749114,0.2779780037,-0.7218392604,0.6312633052,1,0
"United Kingdom",2013,1,"2013Q1",2013,73,23,0.3668662753,0.655841085,0.152793572,0.2858613431,0.275259385,0.8588023404,0.6290106853,1,0
"United Kingdom",2013,2,"2013Q2",2013.25,74,23,0.3723348393,0.6499061528,0.1576129995,0.2865861929,0.2832195062,0.2189982206,0.6301742658,1,0
"United Kingdom",2013,3,"2013Q3",2013.5,75,23,0.3812596004,0.6519868871,0.163165837,0.2781511803,0.283118398,0.3362437284,0.632784757,1,0
"United Kingdom",2013,4,"2013Q4",2013.75,76,23,0.3859275431,0.6513049708,0.1632411272,0.2735561588,0.2904040295,-0.1391979473,0.635723613,1,0
"United Kingdom",2014,1,"2014Q1",2014,77,23,0.3942744639,0.648384432,0.1656722295,0.277304576,0.2831770341,0.02254826489,0.6398332118,1,0
"United Kingdom",2014,2,"2014Q2",2014.25,78,23,0.4025629021,0.6456516433,0.1647971474,0.2810879647,0.2814381679,0.2671730167,0.642360231,1,0
"United Kingdom",2014,3,"2014Q3",2014.5,79,23,0.4095467674,0.6474475031,0.1664660865,0.2749290241,0.2829023494,0.2986524876,0.6438555533,1,0
"United Kingdom",2014,4,"2014Q4",2014.75,80,23,0.4161807438,0.6443662783,0.1663117783,0.2833746846,0.2938140553,0.3072603759,0.645074865,1,0
"United Kingdom",2015,1,"2015Q1",2015,81,23,0.4206075588,0.6451867076,0.1684433457,0.2854331776,0.2988093402,-0.2722283164,0.6486777053,1,0
"United Kingdom",2015,2,"2015Q2",2015.25,82,23,0.4262820818,0.6468876434,0.1694717119,0.2861581382,0.2909792233,0.7151675544,0.6466995696,1,0
"United Kingdom",2015,3,"2015Q3",2015.5,83,23,0.4306005279,0.6517442916,0.1651360432,0.2822070696,0.2905632419,-0.2279700879,0.6499565257,1,0
"United Kingdom",2015,4,"2015Q4",2015.75,84,23,0.4380046565,0.6473175418,0.1668063087,0.2857526226,0.2962001668,0.09126655877,0.653161816,1,0
"United Kingdom",2016,1,"2016Q1",2016,85,23,0.4412422456,0.6520390578,0.1662426287,0.2822990346,0.2939869644,0.2033037014,0.6529301361,1,0
"United Kingdom",2016,2,"2016Q2",2016.25,86,23,0.4428051317,0.6563010956,0.1685925847,0.2845126014,0.2954116395,-0.3776694715,0.6554046444,1,0
"United Kingdom",2016,3,"2016Q3",2016.5,87,23,0.4475116544,0.6607354469,0.1702643583,0.2741550599,0.3030826921,0.3321001232,0.6552939225,1,1
"United Kingdom",2016,4,"2016Q4",2016.75,88,23,0.4548988339,0.6560819385,0.1680323081,0.2901424054,0.301343485,0.5909307969,0.6552453092,1,1
"United Kingdom",2017,1,"2017Q1",2017,89,23,0.4592701949,0.6569383028,0.1688916965,0.2878500737,0.3009315244,0.05766471122,0.6571498994,1,1
"United Kingdom",2017,2,"2017Q2",2017.25,90,23,0.4618678669,0.6569182025,0.1715198963,0.2902996748,0.3022630625,-0.1338603029,0.6591538538,1,1
"United Kingdom",2017,3,"2017Q3",2017.5,91,23,0.4653681405,0.6565363418,0.1712434846,0.2974895106,0.304525658,0.3936873152,0.6582795672,1,1
"United Kingdom",2017,4,"2017Q4",2017.75,92,23,0.4690289984,0.6562304507,0.1717298698,0.2994270508,0.3030673141,0.091967927,0.6594993775,1,1
"United Kingdom",2018,1,"2018Q1",2018,93,23,0.4699540274,0.6586554392,0.1698905359,0.2969021887,0.3019676548,-0.5184369558,0.6628387177,1,1
"United Kingdom",2018,2,"2018Q2",2018.25,94,23,0.4739737074,0.6581335926,0.1684165595,0.2891107462,0.3002938555,0.2721981724,0.6629978779,1,1
"United Kingdom",2018,3,"2018Q3",2018.5,95,23,0.4800595204,0.6573617222,0.1687932118,0.2952388435,0.2984895506,0.5086312583,0.6629600945,1,1
"United Kingdom",2018,4,"2018Q4",2018.75,96,23,0.4832936034,0.6572049114,0.1677986842,0.2929540274,0.2964793683,0.2234582753,0.6629230525,1,1
"United Kingdom",2019,1,"2019Q1",2019,97,23,0.4862702197,0.6572173279,0.1678095276,0.2920833123,0.2957459743,0.2077020975,0.6628329332,1,1
"United Kingdom",2019,2,"2019Q2",2019.25,98,23,0.4893053526,0.6565360613,0.167778648,0.2923629371,0.2954394062,0.2135537671,0.6627435361,1,1
"United Kingdom",2019,3,"2019Q3",2019.5,99,23,0.492463697,0.6557746969,0.1676998272,0.2927524955,0.2950967943,0.2358664301,0.6625886536,1,1
"United Kingdom",2019,4,"2019Q4",2019.75,100,23,0.4952525615,0.6549293005,0.1676431072,0.2932509032,0.2948635057,0.1989184321,0.662434514,1,1
"United Kingdom",2020,1,"2020Q1",2020,101,23,0.4981459996,0.6539512939,0.1671866395,0.2937194425,0.2944525869,0.2093757907,0.6622786142,1,1
"United Kingdom",2020,2,"2020Q2",2020.25,102,23,0.5008904334,0.6529416192,0.166733837,0.2942325691,0.2940860575,0.1944753622,0.6621234596,1,1
"United Kingdom",2020,3,"2020Q3",2020.5,103,23,0.5034903803,0.6518974568,0.166288561,0.2947891823,0.2937624262,0.1800266773,0.6619690485,1,1
"United Kingdom",2020,4,"2020Q4",2020.75,104,23,0.5059634387,0.6508074981,0.1658659575,0.2953843269,0.2934763874,0.1673378145,0.6618153786,1,1
"United States",1995,1,"1995Q1",1995,1,24,-0.008187128504,0.6470741046,0.1882196788,0.08960469454,0.1045182292,0.03402968409,0.6527916043,0,0
"United States",1995,2,"1995Q2",1995.25,2,24,-0.005208161264,0.6508051933,0.1874787681,0.09059120008,0.1051970194,0.473730577,0.6497756697,0,0
"United States",1995,3,"1995Q3",1995.5,3,24,0.00326263537,0.6511637065,0.1870573407,0.09371442824,0.1046680469,0.6031865509,0.6494994009,0,0
"United States",1995,4,"1995Q4",1995.75,4,24,0.010029896,0.6512836627,0.1890327039,0.09441108983,0.1052908327,0.4467352223,0.6491383092,0,0
"United States",1996,1,"1996Q1",1996,5,24,0.01749145738,0.6524042198,0.1921064638,0.09483701822,0.1079053635,0.4904035629,0.6491295246,0,0
"United States",1996,2,"1996Q2",1996.25,6,24,0.03403237329,0.6486049417,0.1952753537,0.09479709723,0.1085104619,1.067961616,0.6512731289,0,0
"United States",1996,3,"1996Q3",1996.5,7,24,0.04296229635,0.6467306048,0.1973084489,0.09471364091,0.1110326813,0.1526816252,0.6544363353,0,0
"United States",1996,4,"1996Q4",1996.75,8,24,0.0532925747,0.6451824596,0.1983149155,0.09958389095,0.1120590464,0.5452959406,0.6559602863,0,0
"United States",1997,1,"1997Q1",1997,9,24,0.05972746993,0.6478012886,0.2005144231,0.1008249571,0.1160960521,0.1321803342,0.6573916384,0,0
"United States",1997,2,"1997Q2",1997.25,10,24,0.07621088349,0.6400795249,0.2009977587,0.1031414635,0.1180310172,0.9936576059,0.6597770409,0,0
"United States",1997,3,"1997Q3",1997.5,11,24,0.08864177909,0.642942668,0.2047780537,0.1042267509,0.1208680265,0.7720588252,0.6609617556,0,0
"United States",1997,4,"1997Q4",1997.75,12,24,0.09719327572,0.6450871089,0.2037509085,0.1031953431,0.1224242328,0.4302499371,0.6618488247,0,0
"United States",1998,1,"1998Q1",1998,13,24,0.1071384572,0.6451640847,0.2066261283,0.1026524773,0.125757681,0.7812141272,0.6612346615,0,0
"United States",1998,2,"1998Q2",1998.25,14,24,0.1163539353,0.6505026113,0.2115258872,0.1005881579,0.1274599666,0.5574831711,0.6616239577,0,0
"United States",1998,3,"1998Q3",1998.5,15,24,0.1288018121,0.6508332138,0.2130868551,0.09888191932,0.127584043,1.009652502,0.6611666428,0,0
"United States",1998,4,"1998Q4",1998.75,16,24,0.1448314505,0.649736795,0.2144449114,0.1009103117,0.1296230162,1.05318012,0.6627979492,0,0
"United States",1999,1,"1999Q1",1999,17,24,0.1542516595,0.6498899929,0.2154383538,0.09983614835,0.1317296947,0.4521435693,0.6639824695,0,0
"United States",1999,2,"1999Q2",1999.25,18,24,0.1619138164,0.6543325247,0.2192495496,0.1000157296,0.1344153237,0.5623267091,0.6632759269,0,0
"United States",1999,3,"1999Q3",1999.5,19,24,0.1749254452,0.6531636023,0.2202766777,0.1015980007,0.1375715554,1.034281479,0.6629940026,0,0
"United States",1999,4,"1999Q4",1999.75,20,24,0.1917784819,0.6516583495,0.2186654563,0.1023655585,0.138535439,1.159377706,0.6644374843,0,0
"United States",2000,1,"2000Q1",2000,21,24,0.1953895557,0.6592844311,0.2230621039,0.1034652182,0.1434430767,-1.369746005,0.6739751886,0,0
"United States",2000,2,"2000Q2",2000.25,22,24,0.2135355632,0.6536821124,0.2230906339,0.1044920226,0.1452366801,1.575292149,0.6735347999,0,0
"United States",2000,3,"2000Q3",2000.5,23,24,0.214870225,0.6592205787,0.2224354686,0.1069007595,0.1501042728,0.3171612287,0.6702597,0,0
"United States",2000,4,"2000Q4",2000.75,24,24,0.2210798015,0.6607745587,0.2212917491,0.1053386651,0.1491458923,0.1494870226,0.6713910061,0,0
"United States",2001,1,"2001Q1",2001,25,24,0.2182239509,0.6653169665,0.2214011426,0.1040764776,0.1471815493,-0.5640641979,0.6713005452,0,0
"United States",2001,2,"2001Q2",2001.25,26,24,0.2240524898,0.6630142563,0.2181323356,0.1000616241,0.1418517496,1.045958632,0.6662565839,0,0
"United States",2001,3,"2001Q3",2001.5,27,24,0.2198934721,0.6680592149,0.2149939724,0.09558238171,0.1396008421,-0.1466124934,0.6625389682,0,0
"United States",2001,4,"2001Q4",2001.75,28,24,0.2226134833,0.6762070134,0.2111386624,0.09230570101,0.1372690577,0.6337349469,0.6582388437,0,0
"United States",2002,1,"2002Q1",2002,29,24,0.2313206082,0.6723964063,0.2065084412,0.09351502672,0.1400846995,0.959085345,0.6558499079,0,0
"United States",2002,2,"2002Q2",2002.25,30,24,0.2373596617,0.6717796327,0.2053024777,0.09554944921,0.1439295981,0.4169702008,0.6552761249,0,0
"United States",2002,3,"2002Q3",2002.5,31,24,0.241795522,0.6736519794,0.204792972,0.09562151834,0.1450971748,0.1165570663,0.6556256101,0,0
"United States",2002,4,"2002Q4",2002.75,32,24,0.2433425511,0.6764760936,0.2043687927,0.09391334131,0.1472649375,0.2680657134,0.6530976517,0,0
"United States",2003,1,"2003Q1",2003,33,24,0.2488748869,0.6759080237,0.2047301748,0.09348975701,0.1457088261,-0.02515419547,0.6550947065,0,0
"United States",2003,2,"2003Q2",2003.25,34,24,0.2574406936,0.6776689714,0.2069420137,0.09255477731,0.1465079955,0.7029395376,0.6543176517,0,0
"United States",2003,3,"2003Q3",2003.5,35,24,0.2742802041,0.6761271107,0.2096458846,0.09354066296,0.1464439263,1.765104256,0.6520136625,0,0
"United States",2003,4,"2003Q4",2003.75,36,24,0.2856964604,0.6729846536,0.2104915683,0.09645696608,0.1492215449,0.6130130419,0.6536964549,0,0
"United States",2004,1,"2004Q1",2004,37,24,0.2910197397,0.6753679573,0.2088624778,0.09855780269,0.1531853232,0.3762371052,0.6528372648,0,0
"United States",2004,2,"2004Q2",2004.25,38,24,0.2986116121,0.6744302654,0.2121484435,0.09931872819,0.1582150362,0.4614123898,0.6529089945,0,0
"United States",2004,3,"2004Q3",2004.5,39,24,0.3080204899,0.6755027175,0.213728477,0.09913630046,0.1588142095,0.4835783079,0.6540286576,0,0
"United States",2004,4,"2004Q4",2004.75,40,24,0.317987396,0.6760780174,0.2146975785,0.1003388393,0.1606800085,0.6456724868,0.6544595796,0,0
"United States",2005,1,"2005Q1",2005,41,24,0.3289962113,0.6725775579,0.2154735147,0.1015625116,0.1604482709,0.8165837938,0.6542493754,0,0
"United States",2005,2,"2005Q2",2005.25,42,24,0.3336012052,0.677083127,0.2176635075,0.1028988162,0.1618386982,-0.3181194755,0.657286857,0,0
"United States",2005,3,"2005Q3",2005.5,43,24,0.3424750544,0.6776155763,0.2188566779,0.1022348704,0.1614636175,0.3508795035,0.6587481397,0,0
"United States",2005,4,"2005Q4",2005.75,44,24,0.3487698318,0.6753631228,0.2183910541,0.104528647,0.1655770709,0.4099751694,0.6581295785,0,0
"United States",2006,1,"2006Q1",2006,45,24,0.3619849969,0.6739290285,0.2197901543,0.10707665,0.1668768364,0.7274440427,0.6603918232,0,0
"United States",2006,2,"2006Q2",2006.25,46,24,0.3643192677,0.6757639254,0.2186329149,0.1089151885,0.1683024668,-0.1966930711,0.6615804399,0,0
"United States",2006,3,"2006Q3",2006.5,47,24,0.3658644013,0.6788169252,0.2166620298,0.1087827853,0.1696232924,-0.1778790037,0.6621279384,0,0
"United States",2006,4,"2006Q4",2006.75,48,24,0.3743469747,0.6795969419,0.2138446915,0.1123820982,0.168407267,0.1185249862,0.6653183413,0,0
"United States",2007,1,"2007Q1",2007,49,24,0.3766991372,0.6817941891,0.2133845614,0.1136845486,0.1700231868,-0.127434574,0.6658597783,0,0
"United States",2007,2,"2007Q2",2007.25,50,24,0.3824115145,0.6791670691,0.2137177406,0.1147741782,0.1701156167,0.7659962065,0.6627026339,0,0
"United States",2007,3,"2007Q3",2007.5,51,24,0.3878295238,0.6793043325,0.2116741851,0.1175821668,0.169883418,0.4780574024,0.6612728304,0,0
"United States",2007,4,"2007Q4",2007.75,52,24,0.3938895439,0.6771232296,0.209214624,0.1203778056,0.1673256897,0.3817378146,0.6609113088,0,0
"United States",2008,1,"2008Q1",2008,53,24,0.3881259679,0.679227162,0.2076579329,0.1221020506,0.1688180297,-0.5321377487,0.6586856023,0,0
"United States",2008,2,"2008Q2",2008.25,54,24,0.3932765518,0.676833452,0.2059675319,0.1253571223,0.1664380229,0.7074370202,0.6555011124,0,0
"United States",2008,3,"2008Q3",2008.5,55,24,0.3878482895,0.6754218668,0.2031366886,0.125177698,0.1651866799,-0.0927277123,0.6506585347,0,0
"United States",2008,4,"2008Q4",2008.75,56,24,0.3659726403,0.6839351209,0.1964727098,0.1208503221,0.1626320204,-1.371969246,0.6435009194,0,0
"United States",2009,1,"2009Q1",2009,57,24,0.3546821919,0.6901385199,0.1861154109,0.1123473701,0.1482251843,0.6852607954,0.6301633168,0,0
"United States",2009,2,"2009Q2",2009.25,58,24,0.3532412568,0.6883344433,0.1818782027,0.1128500592,0.1422697472,0.7042553399,0.6230968569,0,0
"United States",2009,3,"2009Q3",2009.5,59,24,0.356875755,0.6905687467,0.1818858135,0.1165279565,0.1476659568,1.007456985,0.6173746988,0,0
"United States",2009,4,"2009Q4",2009.75,60,24,0.3677997117,0.6820529722,0.1802159773,0.1220669393,0.153148028,1.838095538,0.6110880756,0,0
"United States",2010,1,"2010Q1",2010,61,24,0.3716401253,0.6827981183,0.1788662384,0.1234248526,0.1562460165,0.2237282055,0.6104635007,0,0
"United States",2010,2,"2010Q2",2010.25,62,24,0.380818161,0.6819411906,0.1829128581,0.1251901602,0.1619933231,0.4597063547,0.6116624818,0,0
"United States",2010,3,"2010Q3",2010.5,63,24,0.3881632326,0.6816848198,0.1822619969,0.1277159402,0.1667040902,0.654573394,0.610554744,0,0
"United States",2010,4,"2010Q4",2010.75,64,24,0.3931697046,0.6827664934,0.1836123963,0.1307645252,0.1672148248,0.6320691542,0.6081664057,0,0
"United States",2011,1,"2011Q1",2011,65,24,0.3907623968,0.6873232407,0.1829778535,0.1321928034,0.1687060079,-0.4367231671,0.6079421021,0,0
"United States",2011,2,"2011Q2",2011.25,66,24,0.3978866919,0.6839550294,0.1844862742,0.1333815605,0.1685016634,0.6381055621,0.6069822142,0,0
"United States",2011,3,"2011Q3",2011.5,67,24,0.3976088667,0.6868239711,0.1901906363,0.1348328456,0.1704700803,-0.2794996386,0.6071031105,0,0
"United States",2011,4,"2011Q4",2011.75,68,24,0.4091350344,0.6801937153,0.1916528051,0.1346627463,0.1708392727,0.5712038925,0.6092325926,0,0
"United States",2012,1,"2012Q1",2012,69,24,0.4169344672,0.6803285153,0.194052259,0.1344461406,0.1704336139,-0.01810336329,0.6126718136,0,0
"United States",2012,2,"2012Q2",2012.25,70,24,0.4212272551,0.6784194046,0.196139012,0.1353298425,0.1705392872,0.1903042475,0.6126988262,0,0
"United States",2012,3,"2012Q3",2012.5,71,24,0.4225758275,0.6786106268,0.1954880154,0.1358515652,0.1712205176,-0.1299759696,0.6128876674,0,0
"United States",2012,4,"2012Q4",2012.75,72,24,0.4237139121,0.6808767805,0.1975583926,0.1355242501,0.1693786949,-0.4614384573,0.6149859574,0,0
"United States",2013,1,"2013Q1",2013,73,24,0.432531672,0.6783989759,0.1977193504,0.1358665624,0.1683825955,0.9106110565,0.613409598,0,0
"United States",2013,2,"2013Q2",2013.25,74,24,0.4337648761,0.6780505365,0.1986049047,0.1373303835,0.1706044804,-0.2355946941,0.6142174653,0,0
"United States",2013,3,"2013Q3",2013.5,75,24,0.4415685001,0.6755162586,0.199969997,0.1371169364,0.1704997403,0.4352010247,0.6149449833,0,0
"United States",2013,4,"2013Q4",2013.75,76,24,0.4495192979,0.6759412659,0.2002064494,0.1400147711,0.1700752338,0.8445137217,0.6132518786,0,0
"United States",2014,1,"2014Q1",2014,77,24,0.4469984875,0.6802712551,0.2012545531,0.1396329833,0.1726269088,-0.9800267023,0.6163168198,0,0
"United States",2014,2,"2014Q2",2014.25,78,24,0.4594592611,0.6790628416,0.2036399522,0.1406816033,0.1747402617,0.8303867524,0.6174692391,0,0
"United States",2014,3,"2014Q3",2014.5,79,24,0.4714758778,0.6783207891,0.2046968187,0.1394844252,0.1729138785,0.7679025915,0.6187388331,0,0
"United States",2014,4,"2014Q4",2014.75,80,24,0.4761832858,0.6829011663,0.2058497909,0.1404424287,0.1766623651,-0.1468964123,0.621155383,0,0
"United States",2015,1,"2015Q1",2015,81,24,0.4843767777,0.6831955316,0.2037876656,0.1377990308,0.1780423401,0.370762702,0.6226153995,0,0
"United States",2015,2,"2015Q2",2015.25,82,24,0.4925891021,0.6833084546,0.2047538117,0.1379551646,0.1780029222,0.4369478573,0.6236805274,0,0
"United States",2015,3,"2015Q3",2015.5,83,24,0.494987381,0.686512296,0.2057305313,0.1364199215,0.179370521,0.08818289841,0.623298588,0,0
"United States",2015,4,"2015Q4",2015.75,84,24,0.4959859761,0.6897052484,0.204257908,0.1355204232,0.1790195188,-0.3688507005,0.6248978962,0,0
"United States",2016,1,"2016Q1",2016,85,24,0.4998253045,0.6911783085,0.2051580363,0.134169196,0.1785605329,-0.4888830587,0.6291224644,0,0
"United States",2016,2,"2016Q2",2016.25,86,24,0.5054653578,0.6930973303,0.2046075111,0.1345373178,0.1778987936,0.4801201205,0.6284008422,0,0
"United States",2016,3,"2016Q3",2016.5,87,24,0.510233039,0.6943303681,0.204757068,0.1359017954,0.1791765323,0.0812495531,0.629641639,0,0
"United States",2016,4,"2016Q4",2016.75,88,24,0.5145992368,0.6957153223,0.2046945081,0.1340628204,0.18110799,0.1486742214,0.6302090611,0,0
"United States",2017,1,"2017Q1",2017,89,24,0.5190224796,0.69571914,0.2079359132,0.1351003131,0.1824336228,0.1462462765,0.6309198442,0,0
"United States",2017,2,"2017Q2",2017.25,90,24,0.5263919347,0.6955129577,0.2083678658,0.1353141819,0.1822194869,0.3766217017,0.632039477,0,0
"United States",2017,3,"2017Q3",2017.5,91,24,0.5333524803,0.6944989259,0.2076914965,0.1355372926,0.1822186749,0.2609071356,0.6336371466,0,0
"United States",2017,4,"2017Q4",2017.75,92,24,0.539015785,0.6972419739,0.2096899004,0.1369571523,0.1863018594,0.4627652625,0.6331381133,0,0
"United States",2018,1,"2018Q1",2018,93,24,0.5444993144,0.6943279137,0.2120453419,0.1374028642,0.1866477792,-0.1075909287,0.6362385755,0,0
"United States",2018,2,"2018Q2",2018.25,94,24,0.5546859237,0.6937292643,0.2130873676,0.1390613635,0.1844905048,0.7162077819,0.6370999359,0,0
"United States",2018,3,"2018Q3",2018.5,95,24,0.563287794,0.6945633765,0.2118270431,0.1366365,0.1869279683,0.5950053411,0.6377265078,0,0
"United States",2018,4,"2018Q4",2018.75,96,24,0.5693873296,0.695037669,0.2128927213,0.1363120486,0.1878919667,0.3117392814,0.6385663709,0,0
"United States",2019,1,"2019Q1",2019,97,24,0.5758677243,0.6948241573,0.2138635994,0.1362701743,0.1891938119,0.3498252052,0.6394329525,0,0
"United States",2019,2,"2019Q2",2019.25,98,24,0.5819020321,0.6944115996,0.2149756491,0.136421867,0.1905896778,0.3052165038,0.6403024002,0,0
"United States",2019,3,"2019Q3",2019.5,99,24,0.5878420369,0.6938948928,0.2160216442,0.1366197806,0.1918773004,0.2957862121,0.6411747171,0,0
"United States",2019,4,"2019Q4",2019.75,100,24,0.5934723041,0.6934234748,0.2170753393,0.1368271349,0.1931875276,0.388636371,0.6412553867,0,0
"United States",2020,1,"2020Q1",2020,101,24,0.5986487323,0.6932669374,0.2179501474,0.1370636894,0.1944559834,0.3680910264,0.6411888413,0,0
"United States",2020,2,"2020Q2",2020.25,102,24,0.6035481703,0.6932174674,0.2187285169,0.137338689,0.195646726,0.3652552641,0.6409645557,0,0
"United States",2020,3,"2020Q3",2020.5,103,24,0.6083083264,0.6932645534,0.2194434796,0.1376166703,0.1968250633,0.376215085,0.6405825314,0,0
"United States",2020,4,"2020Q4",2020.75,104,24,0.6128616542,0.6933700145,0.2201268534,0.1379069556,0.1980040128,0.3555322456,0.6402023593,0,0
